<?xml version="1.0" encoding="UTF-8"?>
<gpx version="1.1" creator="CellGPX" xmlns="http://www.topografix.com/GPX/1/1">
  <trk><name>CellGPX</name><trkseg>
    <trkpt lat="46.0288943" lon="10.8416812">
      <ele>630.8774870259041</ele>
      <time>2026-04-02T09:42:12.554+02:00</time>
      <extensions>
        <activity type="UNKNOWN" conf="40" state="unknown" tsMs="1775115730946"/>
        <radio op="vodafone IT" rat="LTE" q="7.00" rsrp="-111" sinr="0" rsrq="-9"/>
        <radio op="I TIM" rat="LTE" q="20.40" rsrp="-108" sinr="7" rsrq="-7"/>
      </extensions>
    </trkpt>
    <trkpt lat="46.0295274" lon="10.8425004">
      <ele>633.5871468563513</ele>
      <time>2026-04-02T09:42:43.852+02:00</time>
      <extensions>
        <activity type="ON_FOOT" conf="92" state="moving" tsMs="1775115757398"/>
        <radio op="vodafone IT" rat="LTE" q="16.00" rsrp="-109" sinr="5" rsrq="-11"/>
        <radio op="I TIM" rat="LTE" q="62.40" rsrp="-99" sinr="19" rsrq="-8"/>
      </extensions>
    </trkpt>
    <trkpt lat="46.0291999" lon="10.8421612">
      <ele>631.7665858315598</ele>
      <time>2026-04-02T09:43:15.141+02:00</time>
      <extensions>
        <activity type="ON_FOOT" conf="92" state="moving" tsMs="1775115788762"/>
        <radio op="vodafone IT" rat="LTE" q="25.20" rsrp="-104" sinr="7" rsrq="-10"/>
        <radio op="I TIM" rat="LTE" q="18.40" rsrp="-102" sinr="3" rsrq="-9"/>
      </extensions>
    </trkpt>
    <trkpt lat="46.0294534" lon="10.8425427">
      <ele>634.0</ele>
      <time>2026-04-02T09:43:52.002+02:00</time>
      <extensions>
        <activity type="UNKNOWN" conf="40" state="unknown" tsMs="1775115825325"/>
        <radio op="vodafone IT" rat="LTE" q="13.50" rsrp="-110" sinr="4" rsrq="-8"/>
        <radio op="I TIM" rat="LTE" q="15.40" rsrp="-111" sinr="6" rsrq="-11"/>
      </extensions>
    </trkpt>
    <trkpt lat="46.0295396" lon="10.8425894">
      <ele>634.7999877929688</ele>
      <time>2026-04-02T09:44:29.419+02:00</time>
      <extensions>
        <activity type="UNKNOWN" conf="40" state="unknown" tsMs="1775115864396"/>
        <radio op="vodafone IT" rat="LTE" q="10.80" rsrp="-113" sinr="4" rsrq="-11"/>
        <radio op="I TIM" rat="LTE" q="9.00" rsrp="-107" sinr="0" rsrq="-11"/>
      </extensions>
    </trkpt>
    <trkpt lat="46.0292989" lon="10.841939">
      <ele>634.7999877929688</ele>
      <time>2026-04-02T09:44:39.895+02:00</time>
      <extensions>
        <activity type="UNKNOWN" conf="40" state="unknown" tsMs="1775115874620"/>
        <radio op="vodafone IT" rat="LTE" q="7.20" rsrp="-116" sinr="3" rsrq="-12"/>
        <radio op="I TIM" rat="LTE" q="32.00" rsrp="-105" sinr="11" rsrq="-8"/>
      </extensions>
    </trkpt>
    <trkpt lat="46.0293081" lon="10.8419317">
      <ele>634.7999877929688</ele>
      <time>2026-04-02T09:44:49.895+02:00</time>
      <extensions>
        <activity type="UNKNOWN" conf="40" state="unknown" tsMs="1775115885429"/>
        <radio op="vodafone IT" rat="LTE" q="10.80" rsrp="-116" sinr="7" rsrq="-10"/>
        <radio op="I TIM" rat="LTE" q="38.00" rsrp="-105" sinr="14" rsrq="-10"/>
      </extensions>
    </trkpt>
    <trkpt lat="46.0291231" lon="10.8416309">
      <ele>634.7999877929688</ele>
      <time>2026-04-02T09:44:59.895+02:00</time>
      <extensions>
        <activity type="UNKNOWN" conf="40" state="unknown" tsMs="1775115896252"/>
        <radio op="vodafone IT" rat="LTE" q="2.50" rsrp="-120" sinr="0" rsrq="-15"/>
        <radio op="I TIM" rat="LTE" q="7.70" rsrp="-118" sinr="6" rsrq="-12"/>
      </extensions>
    </trkpt>
    <trkpt lat="46.0285767" lon="10.8412207">
      <ele>634.7999877929688</ele>
      <time>2026-04-02T09:45:09.895+02:00</time>
      <extensions>
        <activity type="UNKNOWN" conf="40" state="unknown" tsMs="1775115907056"/>
        <radio op="vodafone IT" rat="LTE" q="5.40" rsrp="-116" sinr="1" rsrq="-11"/>
        <radio op="I TIM" rat="LTE" q="2.80" rsrp="-121" sinr="2" rsrq="-12"/>
      </extensions>
    </trkpt>
    <trkpt lat="46.0280063" lon="10.8409764">
      <ele>634.7999877929688</ele>
      <time>2026-04-02T09:45:19.895+02:00</time>
      <extensions>
        <activity type="IN_VEHICLE" conf="88" state="moving" tsMs="1775115917892"/>
        <radio op="vodafone IT" rat="LTE" q="18.00" rsrp="-110" sinr="7" rsrq="-11"/>
        <radio op="I TIM" rat="LTE" q="29.90" rsrp="-102" sinr="8" rsrq="-10"/>
      </extensions>
    </trkpt>
    <trkpt lat="46.02714" lon="10.840632">
      <ele>634.7999877929688</ele>
      <time>2026-04-02T09:45:29.895+02:00</time>
      <extensions>
        <activity type="IN_VEHICLE" conf="91" state="moving" tsMs="1775115928701"/>
        <radio op="vodafone IT" rat="LTE" q="52.00" rsrp="-99" sinr="15" rsrq="-9"/>
        <radio op="I TIM" rat="LTE" q="37.50" rsrp="-100" sinr="10" rsrq="-8"/>
      </extensions>
    </trkpt>
    <trkpt lat="46.0259807" lon="10.8401096">
      <ele>634.7999877929688</ele>
      <time>2026-04-02T09:45:40.895+02:00</time>
      <extensions>
        <activity type="IN_VEHICLE" conf="95" state="moving" tsMs="1775115939550"/>
        <radio op="vodafone IT" rat="LTE" q="20.80" rsrp="-109" sinr="8" rsrq="-10"/>
        <radio op="I TIM" rat="LTE" q="40.50" rsrp="-98" sinr="10" rsrq="-8"/>
      </extensions>
    </trkpt>
    <trkpt lat="46.0249985" lon="10.8395337">
      <ele>634.7999877929688</ele>
      <time>2026-04-02T09:45:50.895+02:00</time>
      <extensions>
        <activity type="IN_VEHICLE" conf="94" state="moving" tsMs="1775115944969"/>
        <radio op="vodafone IT" rat="LTE" q="4.80" rsrp="-117" sinr="1" rsrq="-13"/>
        <radio op="I TIM" rat="LTE" q="32.00" rsrp="-105" sinr="11" rsrq="-8"/>
      </extensions>
    </trkpt>
    <trkpt lat="46.0245201" lon="10.8387822">
      <ele>634.7999877929688</ele>
      <time>2026-04-02T09:46:00.895+02:00</time>
      <extensions>
        <activity type="IN_VEHICLE" conf="96" state="moving" tsMs="1775115955767"/>
        <radio op="vodafone IT" rat="LTE" q="65.00" rsrp="-99" sinr="21" rsrq="-10"/>
        <radio op="I TIM" rat="LTE" q="28.80" rsrp="-101" sinr="7" rsrq="-8"/>
      </extensions>
    </trkpt>
    <trkpt lat="46.0250417" lon="10.8380975">
      <ele>669.0</ele>
      <time>2026-04-02T09:46:10.895+02:00</time>
      <extensions>
        <activity type="IN_VEHICLE" conf="96" state="moving" tsMs="1775115966553"/>
        <radio op="vodafone IT" rat="LTE" q="18.20" rsrp="-112" sinr="9" rsrq="-10"/>
        <radio op="I TIM" rat="LTE" q="17.60" rsrp="-109" sinr="6" rsrq="-12"/>
      </extensions>
    </trkpt>
    <trkpt lat="46.0253455" lon="10.8384169">
      <ele>672.0</ele>
      <time>2026-04-02T09:46:20.895+02:00</time>
      <extensions>
        <activity type="IN_VEHICLE" conf="95" state="moving" tsMs="1775115977266"/>
        <radio op="vodafone IT" rat="LTE" q="37.50" rsrp="-110" sinr="21" rsrq="-9"/>
        <radio op="I TIM" rat="LTE" rsrp="-113" rsrq="-15"/>
      </extensions>
    </trkpt>
    <trkpt lat="46.025414" lon="10.8384805">
      <ele>676.0</ele>
      <time>2026-04-02T09:46:28.895+02:00</time>
      <extensions>
        <activity type="IN_VEHICLE" conf="82" state="moving" tsMs="1775115988038"/>
        <radio op="vodafone IT" rat="LTE" q="14.40" rsrp="-107" sinr="3" rsrq="-12"/>
        <radio op="I TIM" rat="LTE" q="3.50" rsrp="-118" sinr="0" rsrq="-10"/>
      </extensions>
    </trkpt>
    <trkpt lat="46.0254673" lon="10.8384408">
      <ele>692.6627612577435</ele>
      <time>2026-04-02T09:47:17.895+02:00</time>
      <extensions>
        <activity type="STILL" conf="50" state="still" tsMs="1775116033897"/>
        <radio op="vodafone IT" rat="LTE" q="11.90" rsrp="-108" sinr="2" rsrq="-13"/>
        <radio op="I TIM" rat="LTE" q="6.00" rsrp="-113" sinr="0" rsrq="-12"/>
      </extensions>
    </trkpt>
    <trkpt lat="46.0248235" lon="10.8383438">
      <ele>685.9401209140882</ele>
      <time>2026-04-02T09:48:02.718+02:00</time>
      <extensions>
        <activity type="UNKNOWN" conf="40" state="unknown" tsMs="1775116076269"/>
        <radio op="vodafone IT" rat="LTE" q="12.00" rsrp="-115" sinr="7" rsrq="-11"/>
        <radio op="I TIM" rat="LTE" q="13.00" rsrp="-112" sinr="5" rsrq="-10"/>
      </extensions>
    </trkpt>
    <trkpt lat="46.0289202" lon="10.8416048">
      <ele>635.7999877929688</ele>
      <time>2026-04-02T09:48:56.241+02:00</time>
      <extensions>
        <activity type="IN_VEHICLE" conf="96" state="moving" tsMs="1775116131268"/>
        <radio op="vodafone IT" rat="LTE" q="4.50" rsrp="-120" sinr="4" rsrq="-11"/>
        <radio op="I TIM" rat="LTE" rsrp="-115" rsrq="-10"/>
      </extensions>
    </trkpt>
    <trkpt lat="46.0316475" lon="10.8543052">
      <ele>561.4996772650402</ele>
      <time>2026-04-02T09:50:27.897+02:00</time>
      <extensions>
        <activity type="IN_VEHICLE" conf="95" state="moving" tsMs="1775116216939"/>
        <radio op="vodafone IT" rat="LTE" q="45.00" rsrp="-100" sinr="13" rsrq="-10"/>
        <radio op="I TIM" rat="LTE" q="20.30" rsrp="-96" sinr="2" rsrq="-7"/>
      </extensions>
    </trkpt>
    <trkpt lat="46.0338927" lon="10.866454">
      <ele>525.2999877929688</ele>
      <time>2026-04-02T09:51:38.897+02:00</time>
      <extensions>
        <activity type="IN_VEHICLE" conf="95" state="moving" tsMs="1775116291772"/>
        <radio op="vodafone IT" rat="LTE" q="40.30" rsrp="-94" sinr="8" rsrq="-9"/>
        <radio op="I TIM" rat="LTE" q="67.50" rsrp="-98" sinr="22" rsrq="-12"/>
      </extensions>
    </trkpt>
    <trkpt lat="46.0349691" lon="10.8679566">
      <ele>486.25961100320416</ele>
      <time>2026-04-02T09:52:25.14+02:00</time>
      <extensions>
        <activity type="UNKNOWN" conf="40" state="unknown" tsMs="1775116343909"/>
        <radio op="vodafone IT" rat="LTE" q="45.00" rsrp="-100" sinr="13" rsrq="-8"/>
        <radio op="I TIM" rat="LTE" q="37.40" rsrp="-103" sinr="12" rsrq="-10"/>
      </extensions>
    </trkpt>
    <trkpt lat="46.0321381" lon="10.8688472">
      <ele>452.29484764927594</ele>
      <time>2026-04-02T09:53:01.896+02:00</time>
      <extensions>
        <activity type="IN_VEHICLE" conf="91" state="moving" tsMs="1775116375906"/>
        <radio op="vodafone IT" rat="LTE" q="42.00" rsrp="-104" sinr="15" rsrq="-9"/>
        <radio op="I TIM" rat="LTE" q="18.20" rsrp="-111" sinr="8" rsrq="-8"/>
      </extensions>
    </trkpt>
    <trkpt lat="46.034015" lon="10.8701136">
      <ele>443.02139605947815</ele>
      <time>2026-04-02T09:53:40.873+02:00</time>
      <extensions>
        <activity type="UNKNOWN" conf="40" state="unknown" tsMs="1775116413801"/>
        <radio op="vodafone IT" rat="LTE" q="71.30" rsrp="-94" sinr="18" rsrq="-8"/>
        <radio op="I TIM" rat="LTE" q="3.60" rsrp="-119" sinr="1" rsrq="-10"/>
      </extensions>
    </trkpt>
    <trkpt lat="46.0348318" lon="10.8715989">
      <ele>445.9869245061285</ele>
      <time>2026-04-02T09:54:38.331+02:00</time>
      <extensions>
        <activity type="UNKNOWN" conf="40" state="unknown" tsMs="1775116476606"/>
        <radio op="vodafone IT" rat="LTE" q="92.00" rsrp="-82" sinr="18" rsrq="-6"/>
        <radio op="I TIM" rat="LTE" q="43.20" rsrp="-101" sinr="13" rsrq="-8"/>
      </extensions>
    </trkpt>
    <trkpt lat="46.0348724" lon="10.8713251">
      <ele>443.7545882998314</ele>
      <time>2026-04-02T09:55:22.938+02:00</time>
      <extensions>
        <activity type="ON_FOOT" conf="91" state="moving" tsMs="1775116520933"/>
        <radio op="vodafone IT" rat="LTE" q="73.50" rsrp="-90" sinr="16" rsrq="-7"/>
        <radio op="I TIM" rat="LTE" q="36.80" rsrp="-102" sinr="11" rsrq="-8"/>
      </extensions>
    </trkpt>
    <trkpt lat="46.0351576" lon="10.8723099">
      <ele>445.6595662264124</ele>
      <time>2026-04-02T09:56:17.563+02:00</time>
      <extensions>
        <activity type="ON_FOOT" conf="86" state="moving" tsMs="1775116573952"/>
        <radio op="vodafone IT" rat="LTE" q="60.90" rsrp="-96" sinr="16" rsrq="-10"/>
        <radio op="I TIM" rat="LTE" q="20.40" rsrp="-108" sinr="7" rsrq="-9"/>
      </extensions>
    </trkpt>
    <trkpt lat="46.0351242" lon="10.8722318">
      <ele>452.1000061035156</ele>
      <time>2026-04-02T09:56:37.897+02:00</time>
      <extensions>
        <activity type="ON_FOOT" conf="96" state="moving" tsMs="1775116597367"/>
        <radio op="vodafone IT" rat="LTE" q="52.70" rsrp="-94" sinr="12" rsrq="-7"/>
        <radio op="I TIM" rat="LTE" rsrp="-110" rsrq="-9"/>
      </extensions>
    </trkpt>
    <trkpt lat="46.0351331" lon="10.8722448">
      <ele>452.0</ele>
      <time>2026-04-02T09:56:38.896+02:00</time>
      <extensions>
        <activity type="ON_FOOT" conf="96" state="moving" tsMs="1775116602710"/>
        <radio op="vodafone IT" rat="LTE" q="46.50" rsrp="-94" sinr="10" rsrq="-8"/>
        <radio op="I TIM" rat="LTE" q="22.80" rsrp="-106" sinr="7" rsrq="-8"/>
      </extensions>
    </trkpt>
    <trkpt lat="46.0355078" lon="10.8727795">
      <ele>452.0</ele>
      <time>2026-04-02T09:57:19.156+02:00</time>
      <extensions>
        <activity type="ON_FOOT" conf="88" state="moving" tsMs="1775116635097"/>
        <radio op="vodafone IT" rat="LTE" q="60.00" rsrp="-95" sinr="15" rsrq="-11"/>
        <radio op="I TIM" rat="LTE" q="52.90" rsrp="-102" sinr="18" rsrq="-7"/>
      </extensions>
    </trkpt>
    <trkpt lat="46.0355794" lon="10.8729031">
      <ele>452.20001220703125</ele>
      <time>2026-04-02T09:57:50.508+02:00</time>
      <extensions>
        <activity type="UNKNOWN" conf="40" state="unknown" tsMs="1775116669184"/>
        <radio op="vodafone IT" rat="LTE" q="43.70" rsrp="-102" sinr="14" rsrq="-11"/>
        <radio op="I TIM" rat="LTE" q="0.00" rsrp="-126" sinr="0" rsrq="-14"/>
      </extensions>
    </trkpt>
    <trkpt lat="46.0355971" lon="10.872854">
      <ele>452.20001220703125</ele>
      <time>2026-04-02T09:58:21.727+02:00</time>
      <extensions>
        <activity type="UNKNOWN" conf="40" state="unknown" tsMs="1775116700663"/>
        <radio op="vodafone IT" rat="LTE" q="18.00" rsrp="-110" sinr="7" rsrq="-11"/>
        <radio op="I TIM" rat="LTE" rsrp="-127" rsrq="-16"/>
      </extensions>
    </trkpt>
    <trkpt lat="46.0355807" lon="10.872888">
      <ele>452.20001220703125</ele>
      <time>2026-04-02T09:58:57.096+02:00</time>
      <extensions>
        <activity type="UNKNOWN" conf="40" state="unknown" tsMs="1775116731945"/>
        <radio op="vodafone IT" rat="LTE" q="22.80" rsrp="-106" sinr="7" rsrq="-8"/>
        <radio op="I TIM" rat="LTE" rsrp="-130" rsrq="-18"/>
      </extensions>
    </trkpt>
    <trkpt lat="46.0355839" lon="10.8728803">
      <ele>452.20001220703125</ele>
      <time>2026-04-02T09:59:43.226+02:00</time>
      <extensions>
        <activity type="UNKNOWN" conf="40" state="unknown" tsMs="1775116781935"/>
        <radio op="vodafone IT" rat="LTE" q="32.30" rsrp="-106" sinr="12" rsrq="-8"/>
        <radio op="I TIM" rat="LTE" rsrp="-124" rsrq="-14"/>
      </extensions>
    </trkpt>
    <trkpt lat="46.0355807" lon="10.8728698">
      <ele>452.20001220703125</ele>
      <time>2026-04-02T10:00:31.821+02:00</time>
      <extensions>
        <activity type="STILL" conf="99" state="still" tsMs="1775116830638"/>
        <radio op="vodafone IT" rat="LTE" q="25.50" rsrp="-108" sinr="10" rsrq="-7"/>
        <radio op="I TIM" rat="LTE" rsrp="-126" rsrq="-14"/>
      </extensions>
    </trkpt>
    <trkpt lat="46.0357281" lon="10.8737757">
      <ele>454.70097091393893</ele>
      <time>2026-04-02T10:13:50.939+02:00</time>
      <extensions>
        <activity type="ON_FOOT" conf="96" state="moving" tsMs="1775117629967"/>
        <radio op="vodafone IT" rat="LTE" q="92.50" rsrp="-88" sinr="23" rsrq="-11"/>
        <radio op="I TIM" rat="LTE" q="11.20" rsrp="-111" sinr="3" rsrq="-9"/>
      </extensions>
    </trkpt>
    <trkpt lat="46.0360158" lon="10.8743409">
      <ele>454.7686424917987</ele>
      <time>2026-04-02T10:14:28.695+02:00</time>
      <extensions>
        <activity type="ON_FOOT" conf="95" state="moving" tsMs="1775117666559"/>
        <radio op="vodafone IT" rat="LTE" q="75.60" rsrp="-89" sinr="16" rsrq="-10"/>
        <radio op="I TIM" rat="LTE" q="16.90" rsrp="-112" sinr="8" rsrq="-8"/>
      </extensions>
    </trkpt>
    <trkpt lat="46.0359881" lon="10.8741945">
      <ele>454.7686424917987</ele>
      <time>2026-04-02T10:14:36.903+02:00</time>
      <extensions>
        <activity type="ON_FOOT" conf="95" state="moving" tsMs="1775117666559"/>
        <radio op="vodafone IT" rat="LTE" q="82.80" rsrp="-89" sinr="18" rsrq="-7"/>
        <radio op="I TIM" rat="LTE" q="20.80" rsrp="-109" sinr="8" rsrq="-7"/>
      </extensions>
    </trkpt>
    <trkpt lat="46.0359898" lon="10.8741989">
      <ele>452.20001220703125</ele>
      <time>2026-04-02T10:15:27.666+02:00</time>
      <extensions>
        <activity type="ON_FOOT" conf="92" state="moving" tsMs="1775117721113"/>
        <radio op="vodafone IT" rat="LTE" q="65.10" rsrp="-94" sinr="16" rsrq="-11"/>
        <radio op="I TIM" rat="LTE" q="20.40" rsrp="-113" sinr="12" rsrq="-9"/>
      </extensions>
    </trkpt>
    <trkpt lat="46.0372567" lon="10.8752751">
      <ele>452.20001220703125</ele>
      <time>2026-04-02T10:16:30.917+02:00</time>
      <extensions>
        <activity type="ON_FOOT" conf="96" state="moving" tsMs="1775117784945"/>
        <radio op="vodafone IT" rat="LTE" q="24.30" rsrp="-98" sinr="4" rsrq="-10"/>
        <radio op="I TIM" rat="LTE" q="24.00" rsrp="-105" sinr="7" rsrq="-7"/>
      </extensions>
    </trkpt>
    <trkpt lat="46.0375872" lon="10.8762301">
      <ele>448.6000061035156</ele>
      <time>2026-04-02T10:17:10.194+02:00</time>
      <extensions>
        <activity type="ON_FOOT" conf="96" state="moving" tsMs="1775117828968"/>
        <radio op="vodafone IT" rat="LTE" q="58.00" rsrp="-96" sinr="15" rsrq="-8"/>
        <radio op="I TIM" rat="LTE" q="25.20" rsrp="-107" sinr="9" rsrq="-7"/>
      </extensions>
    </trkpt>
    <trkpt lat="46.037772" lon="10.8763557">
      <ele>451.45349074805847</ele>
      <time>2026-04-02T10:17:41.941+02:00</time>
      <extensions>
        <activity type="ON_FOOT" conf="89" state="moving" tsMs="1775117860384"/>
        <radio op="vodafone IT" rat="LTE" q="52.80" rsrp="-101" sinr="17" rsrq="-8"/>
        <radio op="I TIM" rat="LTE" q="9.10" rsrp="-112" sinr="2" rsrq="-8"/>
      </extensions>
    </trkpt>
    <trkpt lat="46.0383926" lon="10.8763181">
      <ele>449.26715589960617</ele>
      <time>2026-04-02T10:18:21.064+02:00</time>
      <extensions>
        <activity type="ON_FOOT" conf="96" state="moving" tsMs="1775117898332"/>
        <radio op="vodafone IT" rat="LTE" q="24.70" rsrp="-106" sinr="8" rsrq="-10"/>
        <radio op="I TIM" rat="LTE" q="15.00" rsrp="-110" sinr="5" rsrq="-11"/>
      </extensions>
    </trkpt>
    <trkpt lat="46.0389116" lon="10.8760183">
      <ele>448.05154983023283</ele>
      <time>2026-04-02T10:18:57.611+02:00</time>
      <extensions>
        <activity type="ON_FOOT" conf="86" state="moving" tsMs="1775117934690"/>
        <radio op="vodafone IT" rat="LTE" q="52.20" rsrp="-96" sinr="13" rsrq="-8"/>
        <radio op="I TIM" rat="LTE" q="21.60" rsrp="-107" sinr="7" rsrq="-11"/>
      </extensions>
    </trkpt>
    <trkpt lat="46.03894" lon="10.8772517">
      <ele>447.6567183328205</ele>
      <time>2026-04-02T10:19:35.905+02:00</time>
      <extensions>
        <activity type="ON_FOOT" conf="95" state="moving" tsMs="1775117967800"/>
        <radio op="vodafone IT" rat="LTE" q="11.20" rsrp="-109" sinr="2" rsrq="-11"/>
        <radio op="I TIM" rat="LTE" q="19.50" rsrp="-112" sinr="10" rsrq="-10"/>
      </extensions>
    </trkpt>
    <trkpt lat="46.0389351" lon="10.8772494">
      <ele>447.71435501880205</ele>
      <time>2026-04-02T10:20:09.574+02:00</time>
      <extensions>
        <activity type="ON_FOOT" conf="96" state="moving" tsMs="1775118007348"/>
        <radio op="vodafone IT" rat="LTE" rsrp="-103" rsrq="-16"/>
        <radio op="I TIM" rat="LTE" rsrp="-111" rsrq="-10"/>
      </extensions>
    </trkpt>
    <trkpt lat="46.0396359" lon="10.8779223">
      <ele>445.8000183105469</ele>
      <time>2026-04-02T10:21:16.905+02:00</time>
      <extensions>
        <activity type="ON_FOOT" conf="90" state="moving" tsMs="1775118068116"/>
        <radio op="vodafone IT" rat="LTE" q="28.60" rsrp="-103" sinr="8" rsrq="-9"/>
        <radio op="I TIM" rat="LTE" q="37.80" rsrp="-104" sinr="13" rsrq="-11"/>
      </extensions>
    </trkpt>
    <trkpt lat="46.0393152" lon="10.8779153">
      <ele>447.0</ele>
      <time>2026-04-02T10:21:52.506+02:00</time>
      <extensions>
        <activity type="ON_FOOT" conf="96" state="moving" tsMs="1775118106488"/>
        <radio op="vodafone IT" rat="LTE" rsrp="-108" rsrq="-11"/>
        <radio op="I TIM" rat="LTE" q="9.50" rsrp="-106" sinr="0" rsrq="-8"/>
      </extensions>
    </trkpt>
    <trkpt lat="46.0404188" lon="10.8765648">
      <ele>441.49893268729267</ele>
      <time>2026-04-02T10:22:23.939+02:00</time>
      <extensions>
        <activity type="ON_FOOT" conf="86" state="moving" tsMs="1775118137956"/>
        <radio op="vodafone IT" rat="LTE" q="11.20" rsrp="-109" sinr="2" rsrq="-14"/>
        <radio op="I TIM" rat="LTE" q="6.30" rsrp="-118" sinr="4" rsrq="-13"/>
      </extensions>
    </trkpt>
    <trkpt lat="46.0404473" lon="10.8766846">
      <ele>441.7736422358955</ele>
      <time>2026-04-02T10:23:05.337+02:00</time>
      <extensions>
        <activity type="ON_FOOT" conf="96" state="moving" tsMs="1775118182965"/>
        <radio op="vodafone IT" rat="LTE" q="12.80" rsrp="-109" sinr="3" rsrq="-13"/>
        <radio op="I TIM" rat="LTE" q="19.50" rsrp="-110" sinr="8" rsrq="-10"/>
      </extensions>
    </trkpt>
    <trkpt lat="46.0419958" lon="10.8819464">
      <ele>443.8000183105469</ele>
      <time>2026-04-02T10:24:08.457+02:00</time>
      <extensions>
        <activity type="ON_FOOT" conf="96" state="moving" tsMs="1775118246955"/>
        <radio op="vodafone IT" rat="LTE" q="11.90" rsrp="-108" sinr="2" rsrq="-15"/>
        <radio op="I TIM" rat="LTE" q="8.80" rsrp="-117" sinr="6" rsrq="-12"/>
      </extensions>
    </trkpt>
    <trkpt lat="46.0419281" lon="10.8818726">
      <ele>440.5</ele>
      <time>2026-04-02T10:24:46.155+02:00</time>
      <extensions>
        <activity type="ON_FOOT" conf="97" state="moving" tsMs="1775118280966"/>
        <radio op="vodafone IT" rat="LTE" q="18.00" rsrp="-105" sinr="4" rsrq="-10"/>
        <radio op="I TIM" rat="LTE" rsrp="-111" rsrq="-12"/>
      </extensions>
    </trkpt>
    <trkpt lat="46.0421289" lon="10.8820224">
      <ele>439.9000244140625</ele>
      <time>2026-04-02T10:25:16.209+02:00</time>
      <extensions>
        <activity type="ON_FOOT" conf="93" state="moving" tsMs="1775118318751"/>
        <radio op="vodafone IT" rat="LTE" q="35.00" rsrp="-100" sinr="9" rsrq="-10"/>
        <radio op="I TIM" rat="LTE" q="15.30" rsrp="-108" sinr="4" rsrq="-12"/>
      </extensions>
    </trkpt>
    <trkpt lat="46.041983" lon="10.8819383">
      <ele>440.6000061035156</ele>
      <time>2026-04-02T10:26:16.618+02:00</time>
      <extensions>
        <activity type="ON_FOOT" conf="95" state="moving" tsMs="1775118368363"/>
        <radio op="vodafone IT" rat="LTE" q="29.00" rsrp="-96" sinr="5" rsrq="-12"/>
        <radio op="I TIM" rat="LTE" q="23.10" rsrp="-104" sinr="6" rsrq="-11"/>
      </extensions>
    </trkpt>
    <trkpt lat="46.0419629" lon="10.8820103">
      <ele>440.6000061035156</ele>
      <time>2026-04-02T10:26:59.959+02:00</time>
      <extensions>
        <activity type="ON_FOOT" conf="96" state="moving" tsMs="1775118418972"/>
        <radio op="vodafone IT" rat="LTE" rsrp="-100" rsrq="-13"/>
        <radio op="I TIM" rat="LTE" q="12.80" rsrp="-109" sinr="3" rsrq="-9"/>
      </extensions>
    </trkpt>
    <trkpt lat="46.0414016" lon="10.8820981">
      <ele>440.9000244140625</ele>
      <time>2026-04-02T10:28:17.834+02:00</time>
      <extensions>
        <activity type="ON_FOOT" conf="81" state="moving" tsMs="1775118482292"/>
        <radio op="vodafone IT" rat="LTE" q="11.00" rsrp="-103" sinr="0" rsrq="-14"/>
        <radio op="I TIM" rat="LTE" rsrp="-122" rsrq="-17"/>
      </extensions>
    </trkpt>
    <trkpt lat="46.0416863" lon="10.8821886">
      <ele>441.70001220703125</ele>
      <time>2026-04-02T10:29:08.898+02:00</time>
      <extensions>
        <activity type="ON_FOOT" conf="91" state="moving" tsMs="1775118546361"/>
        <radio op="vodafone IT" rat="LTE" q="5.50" rsrp="-114" sinr="0" rsrq="-14"/>
        <radio op="I TIM" rat="LTE" q="4.90" rsrp="-118" sinr="2" rsrq="-14"/>
      </extensions>
    </trkpt>
    <trkpt lat="46.0419672" lon="10.8821191">
      <ele>440.9000244140625</ele>
      <time>2026-04-02T10:29:39.237+02:00</time>
      <extensions>
        <activity type="UNKNOWN" conf="40" state="unknown" tsMs="1775118573974"/>
        <radio op="vodafone IT" rat="LTE" q="6.50" rsrp="-112" sinr="0" rsrq="-12"/>
        <radio op="I TIM" rat="LTE" q="6.00" rsrp="-115" sinr="1" rsrq="-11"/>
      </extensions>
    </trkpt>
    <trkpt lat="46.0419723" lon="10.8818809">
      <ele>440.5</ele>
      <time>2026-04-02T10:30:10.537+02:00</time>
      <extensions>
        <activity type="UNKNOWN" conf="40" state="unknown" tsMs="1775118607006"/>
        <radio op="vodafone IT" rat="LTE" q="12.60" rsrp="-107" sinr="2" rsrq="-12"/>
        <radio op="I TIM" rat="LTE" rsrp="-109" rsrq="-10"/>
      </extensions>
    </trkpt>
    <trkpt lat="46.0419762" lon="10.8818837">
      <ele>440.8000183105469</ele>
      <time>2026-04-02T10:30:41.814+02:00</time>
      <extensions>
        <activity type="UNKNOWN" conf="40" state="unknown" tsMs="1775118640738"/>
        <radio op="vodafone IT" rat="LTE" rsrp="-107" rsrq="-14"/>
        <radio op="I TIM" rat="LTE" q="15.60" rsrp="-113" sinr="8" rsrq="-13"/>
      </extensions>
    </trkpt>
    <trkpt lat="46.0421364" lon="10.8820523">
      <ele>438.26445736186037</ele>
      <time>2026-04-02T10:31:25.344+02:00</time>
      <extensions>
        <activity type="ON_FOOT" conf="91" state="moving" tsMs="1775118683971"/>
        <radio op="vodafone IT" rat="LTE" q="6.50" rsrp="-112" sinr="0" rsrq="-13"/>
        <radio op="I TIM" rat="LTE" q="7.70" rsrp="-114" sinr="2" rsrq="-10"/>
      </extensions>
    </trkpt>
    <trkpt lat="46.0421784" lon="10.8820339">
      <ele>440.0</ele>
      <time>2026-04-02T10:31:58.072+02:00</time>
      <extensions>
        <activity type="UNKNOWN" conf="40" state="unknown" tsMs="1775118715965"/>
        <radio op="vodafone IT" rat="LTE" rsrp="-125" rsrq="-14"/>
        <radio op="I TIM" rat="LTE" q="5.00" rsrp="-115" sinr="0" rsrq="-11"/>
      </extensions>
    </trkpt>
    <trkpt lat="46.0422291" lon="10.8821545">
      <ele>439.9000244140625</ele>
      <time>2026-04-02T10:32:36.259+02:00</time>
      <extensions>
        <activity type="UNKNOWN" conf="40" state="unknown" tsMs="1775118754320"/>
        <radio op="vodafone IT" rat="LTE" q="8.00" rsrp="-115" sinr="3" rsrq="-12"/>
        <radio op="I TIM" rat="LTE" rsrp="-118" rsrq="-13"/>
      </extensions>
    </trkpt>
    <trkpt lat="46.0421965" lon="10.88239">
      <ele>440.70001220703125</ele>
      <time>2026-04-02T10:33:25.106+02:00</time>
      <extensions>
        <activity type="STILL" conf="41" state="still" tsMs="1775118803966"/>
        <radio op="vodafone IT" rat="LTE" q="8.10" rsrp="-116" sinr="4" rsrq="-13"/>
        <radio op="I TIM" rat="LTE" q="4.00" rsrp="-120" sinr="3" rsrq="-13"/>
      </extensions>
    </trkpt>
    <trkpt lat="46.0421781" lon="10.8821228">
      <ele>440.5</ele>
      <time>2026-04-02T10:34:25.311+02:00</time>
      <extensions>
        <activity type="ON_FOOT" conf="82" state="moving" tsMs="1775118862958"/>
        <radio op="vodafone IT" rat="LTE" q="9.00" rsrp="-115" sinr="4" rsrq="-14"/>
        <radio op="I TIM" rat="LTE" rsrp="-133" rsrq="-20"/>
      </extensions>
    </trkpt>
    <trkpt lat="46.0422135" lon="10.8820286">
      <ele>440.0</ele>
      <time>2026-04-02T10:34:58.929+02:00</time>
      <extensions>
        <activity type="STILL" conf="99" state="still" tsMs="1775118896403"/>
        <radio op="vodafone IT" rat="LTE" q="9.80" rsrp="-111" sinr="2" rsrq="-14"/>
        <radio op="I TIM" rat="LTE" q="4.50" rsrp="-116" sinr="0" rsrq="-11"/>
      </extensions>
    </trkpt>
    <trkpt lat="46.0422195" lon="10.8819988">
      <ele>439.9000244140625</ele>
      <time>2026-04-02T10:35:39.457+02:00</time>
      <extensions>
        <activity type="UNKNOWN" conf="40" state="unknown" tsMs="1775118938093"/>
        <radio op="vodafone IT" rat="LTE" q="11.00" rsrp="-114" sinr="5" rsrq="-13"/>
        <radio op="I TIM" rat="LTE" q="3.50" rsrp="-118" sinr="0" rsrq="-14"/>
      </extensions>
    </trkpt>
    <trkpt lat="46.0422861" lon="10.8826201">
      <ele>440.70001220703125</ele>
      <time>2026-04-02T10:36:21.951+02:00</time>
      <extensions>
        <activity type="UNKNOWN" conf="40" state="unknown" tsMs="1775118975342"/>
        <radio op="vodafone IT" rat="LTE" q="18.00" rsrp="-113" sinr="10" rsrq="-12"/>
        <radio op="I TIM" rat="LTE" q="6.60" rsrp="-114" sinr="1" rsrq="-10"/>
      </extensions>
    </trkpt>
    <trkpt lat="46.042271" lon="10.8825792">
      <ele>440.70001220703125</ele>
      <time>2026-04-02T10:38:03.798+02:00</time>
      <extensions>
        <activity type="STILL" conf="45" state="still" tsMs="1775119082567"/>
        <radio op="vodafone IT" rat="LTE" q="5.40" rsrp="-116" sinr="1" rsrq="-13"/>
        <radio op="I TIM" rat="LTE" q="7.20" rsrp="-117" sinr="4" rsrq="-13"/>
      </extensions>
    </trkpt>
    <trkpt lat="46.042282" lon="10.8825601">
      <ele>440.8000183105469</ele>
      <time>2026-04-02T10:39:16.937+02:00</time>
      <extensions>
        <activity type="UNKNOWN" conf="40" state="unknown" tsMs="1775119155776"/>
        <radio op="vodafone IT" rat="LTE" q="7.20" rsrp="-113" sinr="1" rsrq="-10"/>
        <radio op="I TIM" rat="LTE" q="11.00" rsrp="-115" sinr="6" rsrq="-11"/>
      </extensions>
    </trkpt>
    <trkpt lat="46.0422091" lon="10.8820757">
      <ele>440.8000183105469</ele>
      <time>2026-04-02T10:39:58.875+02:00</time>
      <extensions>
        <activity type="UNKNOWN" conf="40" state="unknown" tsMs="1775119209971"/>
        <radio op="vodafone IT" rat="LTE" q="5.60" rsrp="-117" sinr="2" rsrq="-11"/>
        <radio op="I TIM" rat="LTE" q="9.10" rsrp="-118" sinr="8" rsrq="-11"/>
      </extensions>
    </trkpt>
    <trkpt lat="46.0421484" lon="10.8821747">
      <ele>440.5</ele>
      <time>2026-04-02T10:40:35.357+02:00</time>
      <extensions>
        <activity type="STILL" conf="94" state="still" tsMs="1775119234025"/>
        <radio op="vodafone IT" rat="LTE" q="5.50" rsrp="-114" sinr="0" rsrq="-13"/>
        <radio op="I TIM" rat="LTE" q="13.00" rsrp="-112" sinr="5" rsrq="-10"/>
      </extensions>
    </trkpt>
    <trkpt lat="46.042191" lon="10.8820197">
      <ele>440.5</ele>
      <time>2026-04-02T10:41:20.825+02:00</time>
      <extensions>
        <activity type="UNKNOWN" conf="40" state="unknown" tsMs="1775119273381"/>
        <radio op="vodafone IT" rat="LTE" q="18.00" rsrp="-107" sinr="5" rsrq="-13"/>
        <radio op="I TIM" rat="LTE" q="12.60" rsrp="-111" sinr="4" rsrq="-11"/>
      </extensions>
    </trkpt>
    <trkpt lat="46.0422116" lon="10.8823652">
      <ele>440.70001220703125</ele>
      <time>2026-04-02T10:41:51.98+02:00</time>
      <extensions>
        <activity type="UNKNOWN" conf="40" state="unknown" tsMs="1775119307388"/>
        <radio op="vodafone IT" rat="LTE" q="20.00" rsrp="-105" sinr="5" rsrq="-14"/>
        <radio op="I TIM" rat="LTE" q="20.40" rsrp="-108" sinr="7" rsrq="-10"/>
      </extensions>
    </trkpt>
    <trkpt lat="46.0421146" lon="10.8822891">
      <ele>440.70001220703125</ele>
      <time>2026-04-02T10:42:36.641+02:00</time>
      <extensions>
        <activity type="UNKNOWN" conf="40" state="unknown" tsMs="1775119355135"/>
        <radio op="vodafone IT" rat="LTE" q="41.60" rsrp="-99" sinr="11" rsrq="-12"/>
        <radio op="I TIM" rat="LTE" q="7.50" rsrp="-110" sinr="0" rsrq="-13"/>
      </extensions>
    </trkpt>
    <trkpt lat="46.0422947" lon="10.8826063">
      <ele>440.6000061035156</ele>
      <time>2026-04-02T10:43:07.91+02:00</time>
      <extensions>
        <activity type="UNKNOWN" conf="40" state="unknown" tsMs="1775119386778"/>
        <radio op="vodafone IT" rat="LTE" q="28.80" rsrp="-93" sinr="4" rsrq="-12"/>
        <radio op="I TIM" rat="LTE" rsrp="-112" rsrq="-11"/>
      </extensions>
    </trkpt>
    <trkpt lat="46.0419773" lon="10.8818903">
      <ele>440.6000061035156</ele>
      <time>2026-04-02T10:43:39.249+02:00</time>
      <extensions>
        <activity type="STILL" conf="36" state="still" tsMs="1775119415043"/>
        <radio op="vodafone IT" rat="LTE" q="17.60" rsrp="-103" sinr="3" rsrq="-14"/>
        <radio op="I TIM" rat="LTE" q="6.00" rsrp="-115" sinr="1" rsrq="-13"/>
      </extensions>
    </trkpt>
    <trkpt lat="46.041927" lon="10.8820057">
      <ele>440.6000061035156</ele>
      <time>2026-04-02T10:44:10.519+02:00</time>
      <extensions>
        <activity type="STILL" conf="99" state="still" tsMs="1775119446123"/>
        <radio op="vodafone IT" rat="LTE" q="7.20" rsrp="-113" sinr="1" rsrq="-13"/>
        <radio op="I TIM" rat="LTE" q="5.50" rsrp="-114" sinr="0" rsrq="-14"/>
      </extensions>
    </trkpt>
    <trkpt lat="46.0419768" lon="10.8818493">
      <ele>440.5</ele>
      <time>2026-04-02T10:44:41.876+02:00</time>
      <extensions>
        <activity type="STILL" conf="67" state="still" tsMs="1775119477269"/>
        <radio op="vodafone IT" rat="LTE" q="6.00" rsrp="-113" sinr="0" rsrq="-12"/>
        <radio op="I TIM" rat="LTE" q="9.60" rsrp="-113" sinr="3" rsrq="-13"/>
      </extensions>
    </trkpt>
    <trkpt lat="46.0419421" lon="10.8818489">
      <ele>440.5</ele>
      <time>2026-04-02T10:45:13.18+02:00</time>
      <extensions>
        <activity type="STILL" conf="62" state="still" tsMs="1775119508664"/>
        <radio op="vodafone IT" rat="LTE" rsrp="-112" rsrq="-12"/>
        <radio op="I TIM" rat="LTE" q="7.70" rsrp="-114" sinr="2" rsrq="-11"/>
      </extensions>
    </trkpt>
    <trkpt lat="46.0419578" lon="10.8818567">
      <ele>440.5</ele>
      <time>2026-04-02T10:45:44.534+02:00</time>
      <extensions>
        <activity type="STILL" conf="97" state="still" tsMs="1775119539961"/>
        <radio op="vodafone IT" rat="LTE" rsrp="-111" rsrq="-13"/>
        <radio op="I TIM" rat="LTE" q="14.30" rsrp="-112" sinr="6" rsrq="-12"/>
      </extensions>
    </trkpt>
    <trkpt lat="46.0419455" lon="10.8818468">
      <ele>440.5</ele>
      <time>2026-04-02T10:46:15.926+02:00</time>
      <extensions>
        <activity type="STILL" conf="91" state="still" tsMs="1775119571277"/>
        <radio op="vodafone IT" rat="LTE" rsrp="-112" rsrq="-12"/>
        <radio op="I TIM" rat="LTE" rsrp="-113" rsrq="-12"/>
      </extensions>
    </trkpt>
    <trkpt lat="46.0419715" lon="10.8818783">
      <ele>440.5</ele>
      <time>2026-04-02T10:46:47.254+02:00</time>
      <extensions>
        <activity type="STILL" conf="99" state="still" tsMs="1775119602674"/>
        <radio op="vodafone IT" rat="LTE" q="8.40" rsrp="-111" sinr="1" rsrq="-11"/>
        <radio op="I TIM" rat="LTE" rsrp="-111" rsrq="-11"/>
      </extensions>
    </trkpt>
    <trkpt lat="46.0420821" lon="10.8820743">
      <ele>440.6000061035156</ele>
      <time>2026-04-02T10:47:18.569+02:00</time>
      <extensions>
        <activity type="STILL" conf="99" state="still" tsMs="1775119633993"/>
        <radio op="vodafone IT" rat="LTE" q="6.50" rsrp="-112" sinr="0" rsrq="-11"/>
        <radio op="I TIM" rat="LTE" q="6.50" rsrp="-112" sinr="0" rsrq="-12"/>
      </extensions>
    </trkpt>
    <trkpt lat="46.0419546" lon="10.8818365">
      <ele>440.5</ele>
      <time>2026-04-02T10:47:52.409+02:00</time>
      <extensions>
        <activity type="STILL" conf="96" state="still" tsMs="1775119670662"/>
        <radio op="vodafone IT" rat="LTE" rsrp="-112" rsrq="-10"/>
        <radio op="I TIM" rat="LTE" q="8.40" rsrp="-113" sinr="2" rsrq="-11"/>
      </extensions>
    </trkpt>
    <trkpt lat="46.041963" lon="10.8821758">
      <ele>440.8000183105469</ele>
      <time>2026-04-02T10:48:27.576+02:00</time>
      <extensions>
        <activity type="STILL" conf="48" state="still" tsMs="1775119704992"/>
        <radio op="vodafone IT" rat="LTE" q="7.00" rsrp="-111" sinr="0" rsrq="-11"/>
        <radio op="I TIM" rat="LTE" rsrp="-113" rsrq="-13"/>
      </extensions>
    </trkpt>
    <trkpt lat="46.0419528" lon="10.8818555">
      <ele>440.5</ele>
      <time>2026-04-02T10:49:03.037+02:00</time>
      <extensions>
        <activity type="STILL" conf="96" state="still" tsMs="1775119740377"/>
        <radio op="vodafone IT" rat="LTE" q="13.00" rsrp="-112" sinr="5" rsrq="-10"/>
        <radio op="I TIM" rat="LTE" rsrp="-113" rsrq="-12"/>
      </extensions>
    </trkpt>
    <trkpt lat="46.0419425" lon="10.8818876">
      <ele>440.5</ele>
      <time>2026-04-02T10:50:02.424+02:00</time>
      <extensions>
        <activity type="STILL" conf="60" state="still" tsMs="1775119774346"/>
        <radio op="vodafone IT" rat="LTE" q="8.40" rsrp="-111" sinr="1" rsrq="-10"/>
        <radio op="I TIM" rat="LTE" q="13.50" rsrp="-110" sinr="4" rsrq="-12"/>
      </extensions>
    </trkpt>
    <trkpt lat="46.0419523" lon="10.8818774">
      <ele>440.5</ele>
      <time>2026-04-02T10:51:09.842+02:00</time>
      <extensions>
        <activity type="IN_VEHICLE" conf="88" state="moving" tsMs="1775119865014"/>
        <radio op="vodafone IT" rat="LTE" q="14.40" rsrp="-113" sinr="7" rsrq="-10"/>
        <radio op="I TIM" rat="LTE" q="8.00" rsrp="-109" sinr="0" rsrq="-11"/>
      </extensions>
    </trkpt>
    <trkpt lat="46.041945" lon="10.8818555">
      <ele>440.5</ele>
      <time>2026-04-02T10:52:07.997+02:00</time>
      <extensions>
        <activity type="STILL" conf="60" state="still" tsMs="1775119924285"/>
        <radio op="vodafone IT" rat="LTE" q="28.50" rsrp="-110" sinr="14" rsrq="-10"/>
        <radio op="I TIM" rat="LTE" q="9.00" rsrp="-110" sinr="1" rsrq="-10"/>
      </extensions>
    </trkpt>
    <trkpt lat="46.0420473" lon="10.8819358">
      <ele>440.5</ele>
      <time>2026-04-02T10:52:52.101+02:00</time>
      <extensions>
        <activity type="ON_FOOT" conf="96" state="moving" tsMs="1775119983000"/>
        <radio op="vodafone IT" rat="LTE" q="42.00" rsrp="-104" sinr="15" rsrq="-6"/>
        <radio op="I TIM" rat="LTE" q="23.10" rsrp="-104" sinr="6" rsrq="-11"/>
      </extensions>
    </trkpt>
    <trkpt lat="46.0417414" lon="10.8819789">
      <ele>442.4415824375955</ele>
      <time>2026-04-02T10:53:59.25+02:00</time>
      <extensions>
        <activity type="ON_FOOT" conf="97" state="moving" tsMs="1775120037375"/>
        <radio op="vodafone IT" rat="LTE" q="57.50" rsrp="-102" sinr="25" rsrq="-10"/>
        <radio op="I TIM" rat="LTE" q="50.00" rsrp="-100" sinr="15" rsrq="-13"/>
      </extensions>
    </trkpt>
    <trkpt lat="46.0418033" lon="10.8820264">
      <ele>443.35546212464595</ele>
      <time>2026-04-02T10:54:56.922+02:00</time>
      <extensions>
        <activity type="UNKNOWN" conf="40" state="unknown" tsMs="1775120095026"/>
        <radio op="vodafone IT" rat="LTE" q="46.00" rsrp="-105" sinr="18" rsrq="-8"/>
        <radio op="I TIM" rat="LTE" q="10.50" rsrp="-104" sinr="0" rsrq="-12"/>
      </extensions>
    </trkpt>
    <trkpt lat="46.0416682" lon="10.8819099">
      <ele>443.32056278751344</ele>
      <time>2026-04-02T10:56:00.955+02:00</time>
      <extensions>
        <activity type="STILL" conf="34" state="still" tsMs="1775120155899"/>
        <radio op="vodafone IT" rat="LTE" q="62.50" rsrp="-100" sinr="22" rsrq="-8"/>
        <radio op="I TIM" rat="LTE" q="10.50" rsrp="-104" sinr="0" rsrq="-9"/>
      </extensions>
    </trkpt>
    <trkpt lat="46.0419361" lon="10.8814227">
      <ele>443.3881803818312</ele>
      <time>2026-04-02T10:56:32.982+02:00</time>
      <extensions>
        <activity type="ON_FOOT" conf="94" state="moving" tsMs="1775120189005"/>
        <radio op="vodafone IT" rat="LTE" q="57.50" rsrp="-102" sinr="20" rsrq="-8"/>
        <radio op="I TIM" rat="LTE" q="9.00" rsrp="-107" sinr="0" rsrq="-15"/>
      </extensions>
    </trkpt>
    <trkpt lat="46.0419647" lon="10.8796009">
      <ele>443.4645234660045</ele>
      <time>2026-04-02T10:57:08.215+02:00</time>
      <extensions>
        <activity type="ON_FOOT" conf="97" state="moving" tsMs="1775120227807"/>
        <radio op="vodafone IT" rat="LTE" q="57.60" rsrp="-101" sinr="19" rsrq="-9"/>
        <radio op="I TIM" rat="LTE" q="39.60" rsrp="-103" sinr="13" rsrq="-8"/>
      </extensions>
    </trkpt>
    <trkpt lat="46.0419651" lon="10.8796003">
      <ele>443.33955260280106</ele>
      <time>2026-04-02T10:57:45.631+02:00</time>
      <extensions>
        <activity type="ON_FOOT" conf="95" state="moving" tsMs="1775120260954"/>
        <radio op="vodafone IT" rat="LTE" q="55.00" rsrp="-103" sinr="21" rsrq="-9"/>
        <radio op="I TIM" rat="LTE" q="16.10" rsrp="-102" sinr="2" rsrq="-10"/>
      </extensions>
    </trkpt>
    <trkpt lat="46.0416353" lon="10.8788701">
      <ele>443.8000183105469</ele>
      <time>2026-04-02T10:58:20.917+02:00</time>
      <extensions>
        <activity type="ON_FOOT" conf="96" state="moving" tsMs="1775120292358"/>
        <radio op="vodafone IT" rat="LTE" q="55.00" rsrp="-103" sinr="21" rsrq="-6"/>
        <radio op="I TIM" rat="LTE" q="48.00" rsrp="-101" sinr="15" rsrq="-7"/>
      </extensions>
    </trkpt>
    <trkpt lat="46.0416336" lon="10.8788663">
      <ele>443.8000183105469</ele>
      <time>2026-04-02T10:59:12.356+02:00</time>
      <extensions>
        <activity type="ON_FOOT" conf="97" state="moving" tsMs="1775120346990"/>
        <radio op="vodafone IT" rat="LTE" q="57.60" rsrp="-101" sinr="19" rsrq="-11"/>
        <radio op="I TIM" rat="LTE" q="20.00" rsrp="-105" sinr="5" rsrq="-9"/>
      </extensions>
    </trkpt>
    <trkpt lat="46.0408243" lon="10.8778027">
      <ele>444.3000183105469</ele>
      <time>2026-04-02T11:00:35.17+02:00</time>
      <extensions>
        <activity type="ON_FOOT" conf="96" state="moving" tsMs="1775120433270"/>
        <radio op="vodafone IT" rat="LTE" q="21.60" rsrp="-101" sinr="4" rsrq="-9"/>
        <radio op="I TIM" rat="LTE" rsrp="-105" rsrq="-11"/>
      </extensions>
    </trkpt>
    <trkpt lat="46.0404625" lon="10.8766882">
      <ele>443.8000183105469</ele>
      <time>2026-04-02T11:01:15.812+02:00</time>
      <extensions>
        <activity type="ON_FOOT" conf="97" state="moving" tsMs="1775120465335"/>
        <radio op="vodafone IT" rat="LTE" q="23.40" rsrp="-99" sinr="4" rsrq="-11"/>
        <radio op="I TIM" rat="LTE" q="7.00" rsrp="-111" sinr="0" rsrq="-16"/>
      </extensions>
    </trkpt>
    <trkpt lat="46.0404709" lon="10.8766308">
      <ele>444.3000183105469</ele>
      <time>2026-04-02T11:01:56.228+02:00</time>
      <extensions>
        <activity type="ON_FOOT" conf="94" state="moving" tsMs="1775120515009"/>
        <radio op="vodafone IT" rat="LTE" q="39.00" rsrp="-95" sinr="8" rsrq="-10"/>
        <radio op="I TIM" rat="LTE" q="16.00" rsrp="-105" sinr="3" rsrq="-12"/>
      </extensions>
    </trkpt>
    <trkpt lat="46.0404686" lon="10.8766611">
      <ele>445.54892371175333</ele>
      <time>2026-04-02T11:02:36.278+02:00</time>
      <extensions>
        <activity type="STILL" conf="30" state="still" tsMs="1775120550397"/>
        <radio op="vodafone IT" rat="LTE" q="25.00" rsrp="-100" sinr="5" rsrq="-12"/>
        <radio op="I TIM" rat="LTE" q="15.00" rsrp="-110" sinr="5" rsrq="-12"/>
      </extensions>
    </trkpt>
    <trkpt lat="46.0404534" lon="10.876597">
      <ele>445.88275117767796</ele>
      <time>2026-04-02T11:03:26.633+02:00</time>
      <extensions>
        <activity type="ON_FOOT" conf="97" state="moving" tsMs="1775120605006"/>
        <radio op="vodafone IT" rat="LTE" q="12.00" rsrp="-101" sinr="0" rsrq="-10"/>
        <radio op="I TIM" rat="LTE" q="7.50" rsrp="-110" sinr="0" rsrq="-13"/>
      </extensions>
    </trkpt>
    <trkpt lat="46.040427" lon="10.876641">
      <ele>445.7758377029552</ele>
      <time>2026-04-02T11:03:58.013+02:00</time>
      <extensions>
        <activity type="ON_FOOT" conf="98" state="moving" tsMs="1775120609113"/>
        <radio op="vodafone IT" rat="LTE" rsrp="-98" rsrq="-13"/>
        <radio op="I TIM" rat="LTE" q="22.10" rsrp="-108" sinr="8" rsrq="-13"/>
      </extensions>
    </trkpt>
    <trkpt lat="46.040254" lon="10.8762508">
      <ele>445.8892969437982</ele>
      <time>2026-04-02T11:05:10.981+02:00</time>
      <extensions>
        <activity type="ON_FOOT" conf="97" state="moving" tsMs="1775120708657"/>
        <radio op="vodafone IT" rat="LTE" q="21.60" rsrp="-101" sinr="4" rsrq="-12"/>
        <radio op="I TIM" rat="LTE" rsrp="-105" rsrq="-16"/>
      </extensions>
    </trkpt>
    <trkpt lat="46.0381835" lon="10.8749189">
      <ele>447.57285916403083</ele>
      <time>2026-04-02T11:07:40.921+02:00</time>
      <extensions>
        <activity type="ON_FOOT" conf="97" state="moving" tsMs="1775120860659"/>
        <radio op="vodafone IT" rat="LTE" q="43.20" rsrp="-89" sinr="7" rsrq="-8"/>
        <radio op="I TIM" rat="LTE" q="11.70" rsrp="-112" sinr="4" rsrq="-12"/>
      </extensions>
    </trkpt>
    <trkpt lat="46.0379331" lon="10.8735858">
      <ele>447.97250255874684</ele>
      <time>2026-04-02T11:08:57.703+02:00</time>
      <extensions>
        <activity type="ON_FOOT" conf="97" state="moving" tsMs="1775120935017"/>
        <radio op="vodafone IT" rat="LTE" rsrp="-97" rsrq="-15"/>
        <radio op="I TIM" rat="LTE" q="22.00" rsrp="-103" sinr="5" rsrq="-11"/>
      </extensions>
    </trkpt>
    <trkpt lat="46.0374841" lon="10.8733272">
      <ele>448.97824751006607</ele>
      <time>2026-04-02T11:10:06.92+02:00</time>
      <extensions>
        <activity type="ON_FOOT" conf="96" state="moving" tsMs="1775121004926"/>
        <radio op="vodafone IT" rat="LTE" q="33.80" rsrp="-99" sinr="8" rsrq="-12"/>
        <radio op="I TIM" rat="LTE" q="36.40" rsrp="-97" sinr="8" rsrq="-9"/>
      </extensions>
    </trkpt>
    <trkpt lat="46.0372393" lon="10.8733854">
      <ele>449.0614672522085</ele>
      <time>2026-04-02T11:10:59.369+02:00</time>
      <extensions>
        <activity type="UNKNOWN" conf="40" state="unknown" tsMs="1775121055021"/>
        <radio op="vodafone IT" rat="LTE" q="29.70" rsrp="-98" sinr="6" rsrq="-11"/>
        <radio op="I TIM" rat="LTE" rsrp="-94" rsrq="-9"/>
      </extensions>
    </trkpt>
    <trkpt lat="46.0372183" lon="10.8748221">
      <ele>448.37965747875415</ele>
      <time>2026-04-02T11:11:30.776+02:00</time>
      <extensions>
        <activity type="ON_FOOT" conf="97" state="moving" tsMs="1775121086285"/>
        <radio op="vodafone IT" rat="LTE" q="20.00" rsrp="-100" sinr="3" rsrq="-11"/>
        <radio op="I TIM" rat="LTE" q="48.00" rsrp="-93" sinr="10" rsrq="-7"/>
      </extensions>
    </trkpt>
    <trkpt lat="46.0370936" lon="10.8748204">
      <ele>448.00419203781763</ele>
      <time>2026-04-02T11:12:02.084+02:00</time>
      <extensions>
        <activity type="ON_FOOT" conf="97" state="moving" tsMs="1775121117478"/>
        <radio op="vodafone IT" rat="LTE" q="47.50" rsrp="-100" sinr="14" rsrq="-10"/>
        <radio op="I TIM" rat="LTE" q="46.50" rsrp="-94" sinr="10" rsrq="-6"/>
      </extensions>
    </trkpt>
    <trkpt lat="46.0371792" lon="10.8748212">
      <ele>447.8557567336359</ele>
      <time>2026-04-02T11:12:32.745+02:00</time>
      <extensions>
        <activity type="ON_FOOT" conf="97" state="moving" tsMs="1775121151283"/>
        <radio op="vodafone IT" rat="LTE" q="68.20" rsrp="-94" sinr="17" rsrq="-6"/>
        <radio op="I TIM" rat="LTE" q="27.00" rsrp="-95" sinr="4" rsrq="-7"/>
      </extensions>
    </trkpt>
    <trkpt lat="46.0370136" lon="10.8733628">
      <ele>448.5621013852196</ele>
      <time>2026-04-02T11:13:19.086+02:00</time>
      <extensions>
        <activity type="ON_FOOT" conf="97" state="moving" tsMs="1775121196369"/>
        <radio op="vodafone IT" rat="LTE" q="46.50" rsrp="-94" sinr="10" rsrq="-8"/>
        <radio op="I TIM" rat="LTE" q="32.20" rsrp="-102" sinr="9" rsrq="-10"/>
      </extensions>
    </trkpt>
    <trkpt lat="46.0372742" lon="10.8733968">
      <ele>449.45492275672905</ele>
      <time>2026-04-02T11:13:51.053+02:00</time>
      <extensions>
        <activity type="ON_FOOT" conf="96" state="moving" tsMs="1775121226068"/>
        <radio op="vodafone IT" rat="LTE" q="40.30" rsrp="-94" sinr="8" rsrq="-9"/>
        <radio op="I TIM" rat="LTE" q="25.00" rsrp="-100" sinr="5" rsrq="-7"/>
      </extensions>
    </trkpt>
    <trkpt lat="46.0365231" lon="10.873296">
      <ele>447.70001220703125</ele>
      <time>2026-04-02T11:14:44.218+02:00</time>
      <extensions>
        <activity type="ON_FOOT" conf="96" state="moving" tsMs="1775121278028"/>
        <radio op="vodafone IT" rat="LTE" q="21.60" rsrp="-89" sinr="1" rsrq="-11"/>
        <radio op="I TIM" rat="LTE" q="43.50" rsrp="-96" sinr="10" rsrq="-10"/>
      </extensions>
    </trkpt>
    <trkpt lat="46.0363353" lon="10.8725738">
      <ele>449.5</ele>
      <time>2026-04-02T11:15:28.725+02:00</time>
      <extensions>
        <activity type="ON_FOOT" conf="97" state="moving" tsMs="1775121324029"/>
        <radio op="vodafone IT" rat="LTE" q="96.00" rsrp="-82" sinr="19" rsrq="-8"/>
        <radio op="I TIM" rat="LTE" q="30.80" rsrp="-103" sinr="9" rsrq="-9"/>
      </extensions>
    </trkpt>
    <trkpt lat="46.0358809" lon="10.8724991">
      <ele>449.70001220703125</ele>
      <time>2026-04-02T11:16:13.789+02:00</time>
      <extensions>
        <activity type="ON_FOOT" conf="96" state="moving" tsMs="1775121372501"/>
        <radio op="vodafone IT" rat="LTE" q="43.20" rsrp="-89" sinr="7" rsrq="-11"/>
        <radio op="I TIM" rat="LTE" q="64.40" rsrp="-97" sinr="18" rsrq="-6"/>
      </extensions>
    </trkpt>
    <trkpt lat="46.0353505" lon="10.8718329">
      <ele>452.6000061035156</ele>
      <time>2026-04-02T11:16:57.011+02:00</time>
      <extensions>
        <activity type="ON_FOOT" conf="97" state="moving" tsMs="1775121413024"/>
        <radio op="vodafone IT" rat="LTE" q="68.40" rsrp="-89" sinr="14" rsrq="-8"/>
        <radio op="I TIM" rat="LTE" q="15.00" rsrp="-100" sinr="1" rsrq="-12"/>
      </extensions>
    </trkpt>
    <trkpt lat="46.0356383" lon="10.8716437">
      <ele>452.6000061035156</ele>
      <time>2026-04-02T11:17:02.924+02:00</time>
      <extensions>
        <activity type="ON_FOOT" conf="97" state="moving" tsMs="1775121413024"/>
        <radio op="vodafone IT" rat="LTE" q="62.90" rsrp="-88" sinr="12" rsrq="-10"/>
        <radio op="I TIM" rat="LTE" q="39.20" rsrp="-97" sinr="9" rsrq="-8"/>
      </extensions>
    </trkpt>
    <trkpt lat="46.0355366" lon="10.8715333">
      <ele>452.6000061035156</ele>
      <time>2026-04-02T11:17:16.924+02:00</time>
      <extensions>
        <activity type="ON_FOOT" conf="98" state="moving" tsMs="1775121436850"/>
        <radio op="vodafone IT" rat="LTE" q="79.80" rsrp="-87" sinr="16" rsrq="-8"/>
        <radio op="I TIM" rat="LTE" q="24.80" rsrp="-94" sinr="3" rsrq="-9"/>
      </extensions>
    </trkpt>
    <trkpt lat="46.0355359" lon="10.8715331">
      <ele>450.3000183105469</ele>
      <time>2026-04-02T11:17:17.733+02:00</time>
      <extensions>
        <activity type="ON_FOOT" conf="96" state="moving" tsMs="1775121442216"/>
        <radio op="vodafone IT" rat="LTE" q="16.20" rsrp="-107" sinr="4" rsrq="-13"/>
        <radio op="I TIM" rat="LTE" q="32.30" rsrp="-108" sinr="14" rsrq="-9"/>
      </extensions>
    </trkpt>
    <trkpt lat="46.0355369" lon="10.8715365">
      <ele>452.8000183105469</ele>
      <time>2026-04-02T11:18:02.476+02:00</time>
      <extensions>
        <activity type="ON_FOOT" conf="96" state="moving" tsMs="1775121481392"/>
        <radio op="vodafone IT" rat="LTE" q="31.00" rsrp="-94" sinr="5" rsrq="-11"/>
        <radio op="I TIM" rat="LTE" q="32.50" rsrp="-100" sinr="8" rsrq="-12"/>
      </extensions>
    </trkpt>
    <trkpt lat="46.0346727" lon="10.8712378">
      <ele>456.5873964984673</ele>
      <time>2026-04-02T11:18:47.734+02:00</time>
      <extensions>
        <activity type="ON_FOOT" conf="97" state="moving" tsMs="1775121523035"/>
        <radio op="vodafone IT" rat="LTE" q="52.00" rsrp="-82" sinr="8" rsrq="-8"/>
        <radio op="I TIM" rat="LTE" q="13.50" rsrp="-110" sinr="4" rsrq="-13"/>
      </extensions>
    </trkpt>
    <trkpt lat="46.0347702" lon="10.871478">
      <ele>456.42569559154526</ele>
      <time>2026-04-02T11:19:29.672+02:00</time>
      <extensions>
        <activity type="ON_FOOT" conf="97" state="moving" tsMs="1775121566036"/>
        <radio op="vodafone IT" rat="LTE" q="92.00" rsrp="-79" sinr="18" rsrq="-6"/>
        <radio op="I TIM" rat="LTE" rsrp="-108" rsrq="-10"/>
      </extensions>
    </trkpt>
    <trkpt lat="46.0343446" lon="10.8713469">
      <ele>455.58543321107163</ele>
      <time>2026-04-02T11:19:59.923+02:00</time>
      <extensions>
        <activity type="STILL" conf="98" state="still" tsMs="1775121591935"/>
        <radio op="vodafone IT" rat="LTE" q="97.50" rsrp="-86" sinr="20" rsrq="-6"/>
        <radio op="I TIM" rat="LTE" q="13.30" rsrp="-106" sinr="2" rsrq="-9"/>
      </extensions>
    </trkpt>
    <trkpt lat="46.0343446" lon="10.8713469">
      <ele>452.70001220703125</ele>
      <time>2026-04-02T11:20:09.924+02:00</time>
      <extensions>
        <activity type="IN_VEHICLE" conf="91" state="moving" tsMs="1775121607026"/>
        <radio op="vodafone IT" rat="LTE" q="100.00" rsrp="-75" sinr="23" rsrq="-5"/>
        <radio op="I TIM" rat="LTE" q="16.80" rsrp="-104" sinr="3" rsrq="-9"/>
      </extensions>
    </trkpt>
    <trkpt lat="46.0343446" lon="10.8713469">
      <ele>452.70001220703125</ele>
      <time>2026-04-02T11:20:19.924+02:00</time>
      <extensions>
        <activity type="IN_VEHICLE" conf="97" state="moving" tsMs="1775121617758"/>
        <radio op="vodafone IT" rat="LTE" q="88.00" rsrp="-78" sinr="17" rsrq="-10"/>
        <radio op="I TIM" rat="LTE" q="16.00" rsrp="-105" sinr="3" rsrq="-10"/>
      </extensions>
    </trkpt>
    <trkpt lat="46.0343446" lon="10.8713469">
      <ele>452.70001220703125</ele>
      <time>2026-04-02T11:20:29.924+02:00</time>
      <extensions>
        <activity type="IN_VEHICLE" conf="97" state="moving" tsMs="1775121628418"/>
        <radio op="vodafone IT" rat="LTE" q="100.00" rsrp="-76" sinr="20" rsrq="-6"/>
        <radio op="I TIM" rat="LTE" q="14.00" rsrp="-105" sinr="2" rsrq="-11"/>
      </extensions>
    </trkpt>
    <trkpt lat="46.0343446" lon="10.8713469">
      <ele>452.70001220703125</ele>
      <time>2026-04-02T11:20:40.926+02:00</time>
      <extensions>
        <activity type="IN_VEHICLE" conf="97" state="moving" tsMs="1775121639077"/>
        <radio op="vodafone IT" rat="LTE" q="100.00" rsrp="-77" sinr="22" rsrq="-7"/>
        <radio op="I TIM" rat="LTE" q="12.00" rsrp="-105" sinr="1" rsrq="-11"/>
      </extensions>
    </trkpt>
    <trkpt lat="46.0343511" lon="10.8713879">
      <ele>452.70001220703125</ele>
      <time>2026-04-02T11:20:50.926+02:00</time>
      <extensions>
        <activity type="IN_VEHICLE" conf="97" state="moving" tsMs="1775121649729"/>
        <radio op="vodafone IT" rat="LTE" q="96.00" rsrp="-80" sinr="19" rsrq="-7"/>
        <radio op="I TIM" rat="LTE" q="29.00" rsrp="-96" sinr="5" rsrq="-11"/>
      </extensions>
    </trkpt>
    <trkpt lat="46.034159" lon="10.8714604">
      <ele>452.70001220703125</ele>
      <time>2026-04-02T11:21:00.926+02:00</time>
      <extensions>
        <activity type="IN_VEHICLE" conf="96" state="moving" tsMs="1775121660405"/>
        <radio op="vodafone IT" rat="LTE" q="88.00" rsrp="-78" sinr="17" rsrq="-9"/>
        <radio op="I TIM" rat="LTE" q="10.00" rsrp="-105" sinr="0" rsrq="-11"/>
      </extensions>
    </trkpt>
    <trkpt lat="46.0337352" lon="10.8715094">
      <ele>452.70001220703125</ele>
      <time>2026-04-02T11:21:10.926+02:00</time>
      <extensions>
        <activity type="IN_VEHICLE" conf="97" state="moving" tsMs="1775121665751"/>
        <radio op="vodafone IT" rat="LTE" q="88.00" rsrp="-84" sinr="17" rsrq="-9"/>
        <radio op="I TIM" rat="LTE" q="26.40" rsrp="-101" sinr="6" rsrq="-13"/>
      </extensions>
    </trkpt>
    <trkpt lat="46.03391" lon="10.8716256">
      <ele>452.70001220703125</ele>
      <time>2026-04-02T11:21:20.926+02:00</time>
      <extensions>
        <activity type="IN_VEHICLE" conf="97" state="moving" tsMs="1775121676380"/>
        <radio op="vodafone IT" rat="LTE" q="72.00" rsrp="-78" sinr="13" rsrq="-5"/>
        <radio op="I TIM" rat="LTE" rsrp="-115" rsrq="-15"/>
      </extensions>
    </trkpt>
    <trkpt lat="46.0343704" lon="10.8716061">
      <ele>453.0</ele>
      <time>2026-04-02T11:21:30.926+02:00</time>
      <extensions>
        <activity type="IN_VEHICLE" conf="97" state="moving" tsMs="1775121687016"/>
        <radio op="vodafone IT" rat="LTE" q="68.00" rsrp="-81" sinr="12" rsrq="-8"/>
        <radio op="I TIM" rat="LTE" q="24.00" rsrp="-110" sinr="11" rsrq="-9"/>
      </extensions>
    </trkpt>
    <trkpt lat="46.0345807" lon="10.8716245">
      <ele>453.0</ele>
      <time>2026-04-02T11:21:40.926+02:00</time>
      <extensions>
        <activity type="IN_VEHICLE" conf="97" state="moving" tsMs="1775121697722"/>
        <radio op="vodafone IT" rat="LTE" q="76.00" rsrp="-78" sinr="14" rsrq="-6"/>
        <radio op="I TIM" rat="LTE" q="35.10" rsrp="-98" sinr="8" rsrq="-10"/>
      </extensions>
    </trkpt>
    <trkpt lat="46.0348093" lon="10.8714892">
      <ele>452.0</ele>
      <time>2026-04-02T11:21:50.926+02:00</time>
      <extensions>
        <activity type="IN_VEHICLE" conf="97" state="moving" tsMs="1775121708390"/>
        <radio op="vodafone IT" rat="LTE" q="22.80" rsrp="-87" sinr="1" rsrq="-10"/>
        <radio op="I TIM" rat="LTE" rsrp="-95" rsrq="-12"/>
      </extensions>
    </trkpt>
    <trkpt lat="46.0351096" lon="10.872207">
      <ele>458.0</ele>
      <time>2026-04-02T11:22:00.926+02:00</time>
      <extensions>
        <activity type="IN_VEHICLE" conf="97" state="moving" tsMs="1775121719063"/>
        <radio op="vodafone IT" rat="LTE" q="84.00" rsrp="-85" sinr="16" rsrq="-6"/>
        <radio op="I TIM" rat="LTE" q="30.80" rsrp="-97" sinr="6" rsrq="-7"/>
      </extensions>
    </trkpt>
    <trkpt lat="46.0355065" lon="10.8732001">
      <ele>457.0</ele>
      <time>2026-04-02T11:22:10.926+02:00</time>
      <extensions>
        <activity type="IN_VEHICLE" conf="97" state="moving" tsMs="1775121729693"/>
        <radio op="vodafone IT" rat="LTE" q="100.00" rsrp="-84" sinr="20" rsrq="-6"/>
        <radio op="I TIM" rat="LTE" q="21.70" rsrp="-94" sinr="2" rsrq="-7"/>
      </extensions>
    </trkpt>
    <trkpt lat="46.0359783" lon="10.8743292">
      <ele>456.0</ele>
      <time>2026-04-02T11:22:21.926+02:00</time>
      <extensions>
        <activity type="IN_VEHICLE" conf="97" state="moving" tsMs="1775121740365"/>
        <radio op="vodafone IT" rat="LTE" q="52.00" rsrp="-77" sinr="8" rsrq="-9"/>
        <radio op="I TIM" rat="LTE" q="30.80" rsrp="-103" sinr="9" rsrq="-9"/>
      </extensions>
    </trkpt>
    <trkpt lat="46.0366274" lon="10.8753829">
      <ele>455.0</ele>
      <time>2026-04-02T11:22:31.926+02:00</time>
      <extensions>
        <activity type="IN_VEHICLE" conf="97" state="moving" tsMs="1775121750988"/>
        <radio op="vodafone IT" rat="LTE" q="44.40" rsrp="-88" sinr="7" rsrq="-9"/>
        <radio op="I TIM" rat="LTE" q="37.40" rsrp="-103" sinr="12" rsrq="-11"/>
      </extensions>
    </trkpt>
    <trkpt lat="46.0375707" lon="10.8760877">
      <ele>455.0</ele>
      <time>2026-04-02T11:22:41.926+02:00</time>
      <extensions>
        <activity type="IN_VEHICLE" conf="97" state="moving" tsMs="1775121756305"/>
        <radio op="vodafone IT" rat="LTE" q="42.90" rsrp="-92" sinr="8" rsrq="-10"/>
        <radio op="I TIM" rat="LTE" q="30.00" rsrp="-100" sinr="7" rsrq="-10"/>
      </extensions>
    </trkpt>
    <trkpt lat="46.0385173" lon="10.8768923">
      <ele>454.0</ele>
      <time>2026-04-02T11:22:51.926+02:00</time>
      <extensions>
        <activity type="IN_VEHICLE" conf="94" state="moving" tsMs="1775121766930"/>
        <radio op="vodafone IT" rat="LTE" q="15.60" rsrp="-99" sinr="1" rsrq="-11"/>
        <radio op="I TIM" rat="LTE" q="20.70" rsrp="-102" sinr="4" rsrq="-10"/>
      </extensions>
    </trkpt>
    <trkpt lat="46.0394451" lon="10.8779421">
      <ele>451.0</ele>
      <time>2026-04-02T11:23:01.926+02:00</time>
      <extensions>
        <activity type="IN_VEHICLE" conf="97" state="moving" tsMs="1775121777578"/>
        <radio op="vodafone IT" rat="LTE" rsrp="-108" rsrq="-15"/>
        <radio op="I TIM" rat="LTE" q="12.00" rsrp="-105" sinr="1" rsrq="-12"/>
      </extensions>
    </trkpt>
    <trkpt lat="46.0404487" lon="10.8789937">
      <ele>449.0</ele>
      <time>2026-04-02T11:23:11.926+02:00</time>
      <extensions>
        <activity type="IN_VEHICLE" conf="97" state="moving" tsMs="1775121788219"/>
        <radio op="vodafone IT" rat="LTE" rsrp="-106" rsrq="-14"/>
        <radio op="I TIM" rat="LTE" rsrp="-103" rsrq="-13"/>
      </extensions>
    </trkpt>
    <trkpt lat="46.0409123" lon="10.8805991">
      <ele>444.0</ele>
      <time>2026-04-02T11:23:21.925+02:00</time>
      <extensions>
        <activity type="IN_VEHICLE" conf="97" state="moving" tsMs="1775121798865"/>
        <radio op="vodafone IT" rat="LTE" q="20.40" rsrp="-108" sinr="7" rsrq="-13"/>
        <radio op="I TIM" rat="LTE" rsrp="-102" rsrq="-10"/>
      </extensions>
    </trkpt>
    <trkpt lat="46.0411554" lon="10.8824377">
      <ele>442.0</ele>
      <time>2026-04-02T11:23:31.926+02:00</time>
      <extensions>
        <activity type="IN_VEHICLE" conf="97" state="moving" tsMs="1775121809548"/>
        <radio op="vodafone IT" rat="LTE" q="9.60" rsrp="-113" sinr="3" rsrq="-15"/>
        <radio op="I TIM" rat="LTE" q="26.10" rsrp="-96" sinr="4" rsrq="-7"/>
      </extensions>
    </trkpt>
    <trkpt lat="46.0415023" lon="10.8842997">
      <ele>445.0</ele>
      <time>2026-04-02T11:23:41.926+02:00</time>
      <extensions>
        <activity type="IN_VEHICLE" conf="97" state="moving" tsMs="1775121820208"/>
        <radio op="vodafone IT" rat="LTE" q="4.50" rsrp="-116" sinr="0" rsrq="-16"/>
        <radio op="I TIM" rat="LTE" rsrp="-103" rsrq="-8"/>
      </extensions>
    </trkpt>
    <trkpt lat="46.0420329" lon="10.8862968">
      <ele>451.0</ele>
      <time>2026-04-02T11:23:52.926+02:00</time>
      <extensions>
        <activity type="IN_VEHICLE" conf="97" state="moving" tsMs="1775121830863"/>
        <radio op="vodafone IT" rat="LTE" q="5.00" rsrp="-115" sinr="0" rsrq="-11"/>
        <radio op="I TIM" rat="LTE" rsrp="-109" rsrq="-10"/>
      </extensions>
    </trkpt>
    <trkpt lat="46.042812" lon="10.8874779">
      <ele>460.0</ele>
      <time>2026-04-02T11:24:02.926+02:00</time>
      <extensions>
        <activity type="IN_VEHICLE" conf="97" state="moving" tsMs="1775121841534"/>
        <radio op="vodafone IT" rat="LTE" rsrp="-113" rsrq="-13"/>
        <radio op="I TIM" rat="LTE" q="19.80" rsrp="-107" sinr="6" rsrq="-7"/>
      </extensions>
    </trkpt>
    <trkpt lat="46.0437288" lon="10.8882316">
      <ele>469.0</ele>
      <time>2026-04-02T11:24:12.926+02:00</time>
      <extensions>
        <activity type="IN_VEHICLE" conf="97" state="moving" tsMs="1775121852159"/>
        <radio op="vodafone IT" rat="LTE" q="11.00" rsrp="-114" sinr="5" rsrq="-10"/>
        <radio op="I TIM" rat="LTE" q="15.60" rsrp="-113" sinr="8" rsrq="-10"/>
      </extensions>
    </trkpt>
    <trkpt lat="46.0439623" lon="10.889663">
      <ele>473.0</ele>
      <time>2026-04-02T11:24:22.926+02:00</time>
      <extensions>
        <activity type="IN_VEHICLE" conf="97" state="moving" tsMs="1775121857498"/>
        <radio op="vodafone IT" rat="LTE" q="28.60" rsrp="-103" sinr="8" rsrq="-12"/>
        <radio op="I TIM" rat="LTE" rsrp="-102" rsrq="-7"/>
      </extensions>
    </trkpt>
    <trkpt lat="46.0441288" lon="10.8913407">
      <ele>479.0</ele>
      <time>2026-04-02T11:24:32.926+02:00</time>
      <extensions>
        <activity type="IN_VEHICLE" conf="96" state="moving" tsMs="1775121868144"/>
        <radio op="vodafone IT" rat="LTE" q="14.70" rsrp="-104" sinr="2" rsrq="-13"/>
        <radio op="I TIM" rat="LTE" q="22.40" rsrp="-111" sinr="11" rsrq="-8"/>
      </extensions>
    </trkpt>
    <trkpt lat="46.0448774" lon="10.891643">
      <ele>484.0</ele>
      <time>2026-04-02T11:24:42.926+02:00</time>
      <extensions>
        <activity type="IN_VEHICLE" conf="97" state="moving" tsMs="1775121878793"/>
        <radio op="vodafone IT" rat="LTE" q="31.90" rsrp="-96" sinr="6" rsrq="-12"/>
        <radio op="I TIM" rat="LTE" q="13.50" rsrp="-110" sinr="4" rsrq="-11"/>
      </extensions>
    </trkpt>
    <trkpt lat="46.045604" lon="10.8922485">
      <ele>490.0</ele>
      <time>2026-04-02T11:24:52.926+02:00</time>
      <extensions>
        <activity type="IN_VEHICLE" conf="97" state="moving" tsMs="1775121889420"/>
        <radio op="vodafone IT" rat="LTE" q="52.70" rsrp="-94" sinr="12" rsrq="-10"/>
        <radio op="I TIM" rat="LTE" q="27.00" rsrp="-95" sinr="4" rsrq="-7"/>
      </extensions>
    </trkpt>
    <trkpt lat="46.0456859" lon="10.8935873">
      <ele>494.0</ele>
      <time>2026-04-02T11:25:02.926+02:00</time>
      <extensions>
        <activity type="IN_VEHICLE" conf="97" state="moving" tsMs="1775121900019"/>
        <radio op="vodafone IT" rat="LTE" q="39.00" rsrp="-99" sinr="10" rsrq="-13"/>
        <radio op="I TIM" rat="LTE" q="26.00" rsrp="-99" sinr="5" rsrq="-6"/>
      </extensions>
    </trkpt>
    <trkpt lat="46.0451266" lon="10.8946237">
      <ele>498.0</ele>
      <time>2026-04-02T11:25:12.925+02:00</time>
      <extensions>
        <activity type="IN_VEHICLE" conf="97" state="moving" tsMs="1775121910676"/>
        <radio op="vodafone IT" rat="LTE" q="18.00" rsrp="-105" sinr="4" rsrq="-14"/>
        <radio op="I TIM" rat="LTE" rsrp="-108" rsrq="-10"/>
      </extensions>
    </trkpt>
    <trkpt lat="46.0455785" lon="10.896239">
      <ele>502.0</ele>
      <time>2026-04-02T11:25:23.926+02:00</time>
      <extensions>
        <activity type="IN_VEHICLE" conf="97" state="moving" tsMs="1775121921325"/>
        <radio op="vodafone IT" rat="LTE" q="36.30" rsrp="-92" sinr="6" rsrq="-9"/>
        <radio op="I TIM" rat="LTE" q="15.40" rsrp="-103" sinr="2" rsrq="-8"/>
      </extensions>
    </trkpt>
    <trkpt lat="46.0465493" lon="10.8976923">
      <ele>504.0</ele>
      <time>2026-04-02T11:25:33.926+02:00</time>
      <extensions>
        <activity type="IN_VEHICLE" conf="98" state="moving" tsMs="1775121931876"/>
        <radio op="vodafone IT" rat="LTE" q="20.30" rsrp="-96" sinr="2" rsrq="-9"/>
        <radio op="I TIM" rat="LTE" q="12.60" rsrp="-104" sinr="1" rsrq="-10"/>
      </extensions>
    </trkpt>
    <trkpt lat="46.0476204" lon="10.8991355">
      <ele>503.0</ele>
      <time>2026-04-02T11:25:43.926+02:00</time>
      <extensions>
        <activity type="IN_VEHICLE" conf="97" state="moving" tsMs="1775121942567"/>
        <radio op="vodafone IT" rat="LTE" q="37.40" rsrp="-91" sinr="6" rsrq="-8"/>
        <radio op="I TIM" rat="LTE" q="15.40" rsrp="-103" sinr="2" rsrq="-8"/>
      </extensions>
    </trkpt>
    <trkpt lat="46.048965" lon="10.9002263">
      <ele>502.0</ele>
      <time>2026-04-02T11:25:53.926+02:00</time>
      <extensions>
        <activity type="IN_VEHICLE" conf="97" state="moving" tsMs="1775121953234"/>
        <radio op="vodafone IT" rat="LTE" q="52.20" rsrp="-96" sinr="13" rsrq="-8"/>
        <radio op="I TIM" rat="LTE" q="20.70" rsrp="-102" sinr="4" rsrq="-8"/>
      </extensions>
    </trkpt>
    <trkpt lat="46.0504137" lon="10.9014925">
      <ele>500.0</ele>
      <time>2026-04-02T11:26:03.926+02:00</time>
      <extensions>
        <activity type="IN_VEHICLE" conf="97" state="moving" tsMs="1775121958553"/>
        <radio op="vodafone IT" rat="LTE" q="29.00" rsrp="-96" sinr="5" rsrq="-12"/>
        <radio op="I TIM" rat="LTE" q="24.00" rsrp="-105" sinr="7" rsrq="-8"/>
      </extensions>
    </trkpt>
    <trkpt lat="46.0517915" lon="10.9023811">
      <ele>498.0</ele>
      <time>2026-04-02T11:26:13.926+02:00</time>
      <extensions>
        <activity type="IN_VEHICLE" conf="97" state="moving" tsMs="1775121969175"/>
        <radio op="vodafone IT" rat="LTE" rsrp="-99" rsrq="-12"/>
        <radio op="I TIM" rat="LTE" q="28.50" rsrp="-106" sinr="10" rsrq="-7"/>
      </extensions>
    </trkpt>
    <trkpt lat="46.05318" lon="10.903635">
      <ele>496.0</ele>
      <time>2026-04-02T11:26:23.926+02:00</time>
      <extensions>
        <activity type="IN_VEHICLE" conf="96" state="moving" tsMs="1775121979793"/>
        <radio op="vodafone IT" rat="LTE" q="13.80" rsrp="-102" sinr="1" rsrq="-11"/>
        <radio op="I TIM" rat="LTE" q="16.80" rsrp="-111" sinr="7" rsrq="-7"/>
      </extensions>
    </trkpt>
    <trkpt lat="46.054474" lon="10.9051344">
      <ele>498.0</ele>
      <time>2026-04-02T11:26:33.925+02:00</time>
      <extensions>
        <activity type="IN_VEHICLE" conf="97" state="moving" tsMs="1775121990468"/>
        <radio op="vodafone IT" rat="LTE" q="12.00" rsrp="-105" sinr="1" rsrq="-13"/>
        <radio op="I TIM" rat="LTE" q="13.20" rsrp="-114" sinr="7" rsrq="-8"/>
      </extensions>
    </trkpt>
    <trkpt lat="46.0557246" lon="10.906778">
      <ele>498.0</ele>
      <time>2026-04-02T11:26:43.925+02:00</time>
      <extensions>
        <activity type="IN_VEHICLE" conf="97" state="moving" tsMs="1775122001092"/>
        <radio op="vodafone IT" rat="LTE" q="16.80" rsrp="-104" sinr="3" rsrq="-10"/>
        <radio op="I TIM" rat="LTE" q="8.00" rsrp="-117" sinr="5" rsrq="-9"/>
      </extensions>
    </trkpt>
    <trkpt lat="46.0572232" lon="10.9084519">
      <ele>498.0</ele>
      <time>2026-04-02T11:26:54.925+02:00</time>
      <extensions>
        <activity type="IN_VEHICLE" conf="97" state="moving" tsMs="1775122011749"/>
        <radio op="vodafone IT" rat="LTE" rsrp="-98" rsrq="-13"/>
        <radio op="I TIM" rat="LTE" q="12.00" rsrp="-115" sinr="7" rsrq="-9"/>
      </extensions>
    </trkpt>
    <trkpt lat="46.0580438" lon="10.9102622">
      <ele>492.0</ele>
      <time>2026-04-02T11:27:04.925+02:00</time>
      <extensions>
        <activity type="IN_VEHICLE" conf="97" state="moving" tsMs="1775122022427"/>
        <radio op="vodafone IT" rat="LTE" q="24.00" rsrp="-79" sinr="1" rsrq="-11"/>
        <radio op="I TIM" rat="LTE" rsrp="-122" rsrq="-14"/>
      </extensions>
    </trkpt>
    <trkpt lat="46.0590923" lon="10.9127654">
      <ele>486.0</ele>
      <time>2026-04-02T11:27:14.925+02:00</time>
      <extensions>
        <activity type="IN_VEHICLE" conf="98" state="moving" tsMs="1775122033061"/>
        <radio op="vodafone IT" rat="LTE" q="32.00" rsrp="-93" sinr="5" rsrq="-11"/>
        <radio op="I TIM" rat="LTE" rsrp="-133" rsrq="-21"/>
      </extensions>
    </trkpt>
    <trkpt lat="46.0593334" lon="10.9133243">
      <ele>484.0</ele>
      <time>2026-04-02T11:27:21.61+02:00</time>
      <extensions>
        <activity type="IN_VEHICLE" conf="96" state="moving" tsMs="1775122038390"/>
        <radio op="vodafone IT" rat="LTE" q="44.00" rsrp="-72" sinr="6" rsrq="-10"/>
        <radio op="I TIM" rat="LTE" rsrp="-135" rsrq="-23"/>
      </extensions>
    </trkpt>
    <trkpt lat="46.0567701" lon="10.9263348">
      <ele>478.0</ele>
      <time>2026-04-02T11:28:26.658+02:00</time>
      <extensions>
        <activity type="IN_VEHICLE" conf="93" state="moving" tsMs="1775122104169"/>
        <radio op="vodafone IT" rat="LTE" q="44.00" rsrp="-75" sinr="6" rsrq="-7"/>
        <radio op="I TIM" rat="LTE" rsrq="-20"/>
      </extensions>
    </trkpt>
    <trkpt lat="46.0531048" lon="10.9308713">
      <ele>508.0</ele>
      <time>2026-04-02T11:28:51.925+02:00</time>
      <extensions>
        <activity type="IN_VEHICLE" conf="91" state="moving" tsMs="1775122109328"/>
        <radio op="vodafone IT" rat="LTE" q="36.00" rsrp="-72" sinr="4" rsrq="-11"/>
        <radio op="I TIM" rat="LTE" rsrq="-20"/>
      </extensions>
    </trkpt>
    <trkpt lat="46.0522019" lon="10.9334307">
      <ele>480.0</ele>
      <time>2026-04-02T11:29:05.925+02:00</time>
      <extensions>
        <activity type="IN_VEHICLE" conf="97" state="moving" tsMs="1775122143835"/>
        <radio op="vodafone IT" rat="LTE" q="32.00" rsrp="-93" sinr="5" rsrq="-16"/>
        <radio op="I TIM" rat="LTE" q="72.50" rsrp="-96" sinr="24" rsrq="-6"/>
      </extensions>
    </trkpt>
    <trkpt lat="46.0512654" lon="10.9355848">
      <ele>474.0</ele>
      <time>2026-04-02T11:29:15.925+02:00</time>
      <extensions>
        <activity type="IN_VEHICLE" conf="97" state="moving" tsMs="1775122154499"/>
        <radio op="vodafone IT" rat="LTE" q="38.50" rsrp="-90" sinr="6" rsrq="-11"/>
        <radio op="I TIM" rat="LTE" q="45.60" rsrp="-101" sinr="14" rsrq="-5"/>
      </extensions>
    </trkpt>
    <trkpt lat="46.0501846" lon="10.9375926">
      <ele>470.0</ele>
      <time>2026-04-02T11:29:25.925+02:00</time>
      <extensions>
        <activity type="IN_VEHICLE" conf="97" state="moving" tsMs="1775122165169"/>
        <radio op="vodafone IT" rat="LTE" rsrp="-107" rsrq="-15"/>
        <radio op="I TIM" rat="LTE" q="36.10" rsrp="-106" sinr="14" rsrq="-7"/>
      </extensions>
    </trkpt>
    <trkpt lat="46.0487183" lon="10.938836">
      <ele>466.0</ele>
      <time>2026-04-02T11:29:35.925+02:00</time>
      <extensions>
        <activity type="IN_VEHICLE" conf="95" state="moving" tsMs="1775122175774"/>
        <radio op="vodafone IT" rat="LTE" q="5.00" rsrp="-115" sinr="0" rsrq="-12"/>
        <radio op="I TIM" rat="LTE" rsrp="-114" rsrq="-13"/>
      </extensions>
    </trkpt>
    <trkpt lat="46.046792" lon="10.9398239">
      <ele>460.0</ele>
      <time>2026-04-02T11:29:46.925+02:00</time>
      <extensions>
        <activity type="IN_VEHICLE" conf="97" state="moving" tsMs="1775122181100"/>
        <radio op="vodafone IT" rat="LTE" q="8.00" rsrp="-109" sinr="0" rsrq="-12"/>
        <radio op="I TIM" rat="LTE" rsrp="-91" rsrq="-11"/>
      </extensions>
    </trkpt>
    <trkpt lat="46.047123" lon="10.9411128">
      <ele>408.0</ele>
      <time>2026-04-02T11:30:56.925+02:00</time>
      <extensions>
        <activity type="IN_VEHICLE" conf="97" state="moving" tsMs="1775122254800"/>
        <radio op="vodafone IT" rat="LTE" q="29.70" rsrp="-92" sinr="4" rsrq="-8"/>
        <radio op="I TIM" rat="LTE" q="13.30" rsrp="-106" sinr="2" rsrq="-8"/>
      </extensions>
    </trkpt>
    <trkpt lat="46.0460137" lon="10.9420528">
      <ele>403.0</ele>
      <time>2026-04-02T11:31:06.925+02:00</time>
      <extensions>
        <activity type="IN_VEHICLE" conf="96" state="moving" tsMs="1775122265487"/>
        <radio op="vodafone IT" rat="LTE" q="25.60" rsrp="-93" sinr="3" rsrq="-7"/>
        <radio op="I TIM" rat="LTE" q="25.20" rsrp="-104" sinr="7" rsrq="-8"/>
      </extensions>
    </trkpt>
    <trkpt lat="46.0449752" lon="10.9437914">
      <ele>392.0</ele>
      <time>2026-04-02T11:31:17.925+02:00</time>
      <extensions>
        <activity type="IN_VEHICLE" conf="97" state="moving" tsMs="1775122276141"/>
        <radio op="vodafone IT" rat="LTE" q="34.10" rsrp="-94" sinr="6" rsrq="-7"/>
        <radio op="I TIM" rat="LTE" q="27.60" rsrp="-102" sinr="7" rsrq="-7"/>
      </extensions>
    </trkpt>
    <trkpt lat="46.0444108" lon="10.9451064">
      <ele>384.0</ele>
      <time>2026-04-02T11:31:27.925+02:00</time>
      <extensions>
        <activity type="IN_VEHICLE" conf="97" state="moving" tsMs="1775122286772"/>
        <radio op="vodafone IT" rat="LTE" q="33.60" rsrp="-101" sinr="9" rsrq="-9"/>
        <radio op="I TIM" rat="LTE" q="17.00" rsrp="-108" sinr="5" rsrq="-8"/>
      </extensions>
    </trkpt>
    <trkpt lat="46.0449973" lon="10.9445512">
      <ele>378.0</ele>
      <time>2026-04-02T11:31:37.925+02:00</time>
      <extensions>
        <activity type="IN_VEHICLE" conf="97" state="moving" tsMs="1775122297439"/>
        <radio op="vodafone IT" rat="LTE" q="25.20" rsrp="-104" sinr="7" rsrq="-10"/>
        <radio op="I TIM" rat="LTE" rsrp="-118" rsrq="-12"/>
      </extensions>
    </trkpt>
    <trkpt lat="46.0458288" lon="10.943121">
      <ele>370.0</ele>
      <time>2026-04-02T11:31:47.925+02:00</time>
      <extensions>
        <activity type="IN_VEHICLE" conf="97" state="moving" tsMs="1775122302747"/>
        <radio op="vodafone IT" rat="LTE" q="37.20" rsrp="-94" sinr="7" rsrq="-10"/>
        <radio op="I TIM" rat="LTE" q="4.50" rsrp="-116" sinr="0" rsrq="-11"/>
      </extensions>
    </trkpt>
    <trkpt lat="46.046716" lon="10.9423458">
      <ele>362.0</ele>
      <time>2026-04-02T11:31:57.925+02:00</time>
      <extensions>
        <activity type="IN_VEHICLE" conf="97" state="moving" tsMs="1775122313399"/>
        <radio op="vodafone IT" rat="LTE" rsrp="-88" rsrq="-6"/>
        <radio op="I TIM" rat="LTE" q="15.60" rsrp="-112" sinr="7" rsrq="-9"/>
      </extensions>
    </trkpt>
    <trkpt lat="46.0461753" lon="10.9432043">
      <ele>355.0</ele>
      <time>2026-04-02T11:32:07.925+02:00</time>
      <extensions>
        <activity type="IN_VEHICLE" conf="97" state="moving" tsMs="1775122324069"/>
        <radio op="vodafone IT" rat="LTE" rsrp="-89" rsrq="-9"/>
        <radio op="I TIM" rat="LTE" rsrp="-110" rsrq="-9"/>
      </extensions>
    </trkpt>
    <trkpt lat="46.0453903" lon="10.94491">
      <ele>344.0</ele>
      <time>2026-04-02T11:32:17.925+02:00</time>
      <extensions>
        <activity type="IN_VEHICLE" conf="97" state="moving" tsMs="1775122334714"/>
        <radio op="vodafone IT" rat="LTE" rsrp="-102" rsrq="-10"/>
        <radio op="I TIM" rat="LTE" q="4.00" rsrp="-117" sinr="0" rsrq="-9"/>
      </extensions>
    </trkpt>
    <trkpt lat="46.045254" lon="10.9462118">
      <ele>336.0</ele>
      <time>2026-04-02T11:32:27.925+02:00</time>
      <extensions>
        <activity type="IN_VEHICLE" conf="97" state="moving" tsMs="1775122345407"/>
        <radio op="vodafone IT" rat="LTE" q="22.00" rsrp="-105" sinr="6" rsrq="-7"/>
        <radio op="I TIM" rat="LTE" q="52.00" rsrp="-84" sinr="8" rsrq="-11"/>
      </extensions>
    </trkpt>
    <trkpt lat="46.0458365" lon="10.9453855">
      <ele>329.0</ele>
      <time>2026-04-02T11:32:37.925+02:00</time>
      <extensions>
        <activity type="IN_VEHICLE" conf="96" state="moving" tsMs="1775122356026"/>
        <radio op="vodafone IT" rat="LTE" q="39.20" rsrp="-97" sinr="9" rsrq="-9"/>
        <radio op="I TIM" rat="LTE" q="60.00" rsrp="-84" sinr="10" rsrq="-11"/>
      </extensions>
    </trkpt>
    <trkpt lat="46.0466192" lon="10.9447308">
      <ele>321.0</ele>
      <time>2026-04-02T11:32:48.925+02:00</time>
      <extensions>
        <activity type="IN_VEHICLE" conf="97" state="moving" tsMs="1775122366666"/>
        <radio op="vodafone IT" rat="LTE" q="81.40" rsrp="-88" sinr="17" rsrq="-7"/>
        <radio op="I TIM" rat="LTE" q="64.00" rsrp="-79" sinr="11" rsrq="-9"/>
      </extensions>
    </trkpt>
    <trkpt lat="46.0462762" lon="10.9460289">
      <ele>315.0</ele>
      <time>2026-04-02T11:32:58.925+02:00</time>
      <extensions>
        <activity type="IN_VEHICLE" conf="97" state="moving" tsMs="1775122377301"/>
        <radio op="vodafone IT" rat="LTE" q="100.00" rsrp="-74" sinr="21" rsrq="-6"/>
        <radio op="I TIM" rat="LTE" q="52.00" rsrp="-65" sinr="8" rsrq="-11"/>
      </extensions>
    </trkpt>
    <trkpt lat="46.0461137" lon="10.9477749">
      <ele>310.0</ele>
      <time>2026-04-02T11:33:08.925+02:00</time>
      <extensions>
        <activity type="IN_VEHICLE" conf="98" state="moving" tsMs="1775122387973"/>
        <radio op="vodafone IT" rat="LTE" rsrp="-87" rsrq="-7"/>
        <radio op="I TIM" rat="LTE" q="52.00" rsrp="-66" sinr="8" rsrq="-9"/>
      </extensions>
    </trkpt>
    <trkpt lat="46.0466947" lon="10.9495629">
      <ele>307.0</ele>
      <time>2026-04-02T11:33:18.925+02:00</time>
      <extensions>
        <activity type="IN_VEHICLE" conf="97" state="moving" tsMs="1775122393286"/>
        <radio op="vodafone IT" rat="LTE" q="44.00" rsrp="-77" sinr="6" rsrq="-7"/>
        <radio op="I TIM" rat="LTE" q="24.00" rsrp="-69" sinr="1" rsrq="-11"/>
      </extensions>
    </trkpt>
    <trkpt lat="46.0469688" lon="10.9513516">
      <ele>303.0</ele>
      <time>2026-04-02T11:33:28.925+02:00</time>
      <extensions>
        <activity type="IN_VEHICLE" conf="97" state="moving" tsMs="1775122403942"/>
        <radio op="vodafone IT" rat="LTE" q="100.00" rsrp="-79" sinr="26" rsrq="-10"/>
        <radio op="I TIM" rat="LTE" q="64.00" rsrp="-73" sinr="11" rsrq="-12"/>
      </extensions>
    </trkpt>
    <trkpt lat="46.047041" lon="10.9517852">
      <ele>304.0</ele>
      <time>2026-04-02T11:33:38.925+02:00</time>
      <extensions>
        <activity type="IN_VEHICLE" conf="97" state="moving" tsMs="1775122414561"/>
        <radio op="vodafone IT" rat="LTE" q="24.00" rsrp="-85" sinr="1" rsrq="-10"/>
        <radio op="I TIM" rat="LTE" q="28.00" rsrp="-81" sinr="2" rsrq="-13"/>
      </extensions>
    </trkpt>
    <trkpt lat="46.0470631" lon="10.9519948">
      <ele>304.0</ele>
      <time>2026-04-02T11:33:48.925+02:00</time>
      <extensions>
        <activity type="IN_VEHICLE" conf="97" state="moving" tsMs="1775122425224"/>
        <radio op="vodafone IT" rat="LTE" q="70.20" rsrp="-86" sinr="13" rsrq="-10"/>
        <radio op="I TIM" rat="LTE" q="80.00" rsrp="-74" sinr="15" rsrq="-10"/>
      </extensions>
    </trkpt>
    <trkpt lat="46.0470667" lon="10.9520113">
      <ele>304.0</ele>
      <time>2026-04-02T11:33:58.925+02:00</time>
      <extensions>
        <activity type="IN_VEHICLE" conf="97" state="moving" tsMs="1775122435885"/>
        <radio op="vodafone IT" rat="LTE" q="100.00" rsrp="-85" sinr="20" rsrq="-7"/>
        <radio op="I TIM" rat="LTE" q="60.00" rsrp="-79" sinr="10" rsrq="-9"/>
      </extensions>
    </trkpt>
    <trkpt lat="46.0467145" lon="10.9522372">
      <ele>303.0</ele>
      <time>2026-04-02T11:34:08.925+02:00</time>
      <extensions>
        <activity type="IN_VEHICLE" conf="96" state="moving" tsMs="1775122446598"/>
        <radio op="vodafone IT" rat="LTE" q="100.00" rsrp="-81" sinr="24" rsrq="-7"/>
        <radio op="I TIM" rat="LTE" q="12.60" rsrp="-107" sinr="2" rsrq="-8"/>
      </extensions>
    </trkpt>
    <trkpt lat="46.0458446" lon="10.95201">
      <ele>302.0</ele>
      <time>2026-04-02T11:34:18.925+02:00</time>
      <extensions>
        <activity type="IN_VEHICLE" conf="97" state="moving" tsMs="1775122457236"/>
        <radio op="vodafone IT" rat="LTE" q="64.00" rsrp="-84" sinr="11" rsrq="-9"/>
        <radio op="I TIM" rat="LTE" q="10.80" rsrp="-107" sinr="1" rsrq="-9"/>
      </extensions>
    </trkpt>
    <trkpt lat="46.0450448" lon="10.9517808">
      <ele>302.0</ele>
      <time>2026-04-02T11:34:29.925+02:00</time>
      <extensions>
        <activity type="IN_VEHICLE" conf="97" state="moving" tsMs="1775122467918"/>
        <radio op="vodafone IT" rat="LTE" q="56.00" rsrp="-70" sinr="9" rsrq="-11"/>
        <radio op="I TIM" rat="LTE" q="12.60" rsrp="-107" sinr="2" rsrq="-10"/>
      </extensions>
    </trkpt>
    <trkpt lat="46.0444648" lon="10.9515727">
      <ele>302.0</ele>
      <time>2026-04-02T11:34:39.925+02:00</time>
      <extensions>
        <activity type="IN_VEHICLE" conf="97" state="moving" tsMs="1775122478576"/>
        <radio op="vodafone IT" rat="LTE" q="80.00" rsrp="-73" sinr="15" rsrq="-8"/>
        <radio op="I TIM" rat="LTE" q="14.00" rsrp="-105" sinr="2" rsrq="-13"/>
      </extensions>
    </trkpt>
    <trkpt lat="46.0433474" lon="10.9512937">
      <ele>302.0</ele>
      <time>2026-04-02T11:34:49.925+02:00</time>
      <extensions>
        <activity type="IN_VEHICLE" conf="97" state="moving" tsMs="1775122489278"/>
        <radio op="vodafone IT" rat="LTE" q="88.00" rsrp="-76" sinr="17" rsrq="-6"/>
        <radio op="I TIM" rat="LTE" q="20.00" rsrp="-100" sinr="3" rsrq="-10"/>
      </extensions>
    </trkpt>
    <trkpt lat="46.0418218" lon="10.9508769">
      <ele>302.0</ele>
      <time>2026-04-02T11:34:59.925+02:00</time>
      <extensions>
        <activity type="IN_VEHICLE" conf="97" state="moving" tsMs="1775122494613"/>
        <radio op="vodafone IT" rat="LTE" q="100.00" rsrp="-80" sinr="20" rsrq="-6"/>
        <radio op="I TIM" rat="LTE" q="33.00" rsrp="-92" sinr="5" rsrq="-8"/>
      </extensions>
    </trkpt>
    <trkpt lat="46.0401029" lon="10.9503812">
      <ele>301.0</ele>
      <time>2026-04-02T11:35:09.924+02:00</time>
      <extensions>
        <activity type="IN_VEHICLE" conf="96" state="moving" tsMs="1775122505284"/>
        <radio op="vodafone IT" rat="LTE" q="100.00" rsrp="-83" sinr="21" rsrq="-9"/>
        <radio op="I TIM" rat="LTE" q="19.60" rsrp="-97" sinr="2" rsrq="-11"/>
      </extensions>
    </trkpt>
    <trkpt lat="46.0383549" lon="10.9496752">
      <ele>303.0</ele>
      <time>2026-04-02T11:35:19.924+02:00</time>
      <extensions>
        <activity type="IN_VEHICLE" conf="98" state="moving" tsMs="1775122515999"/>
        <radio op="vodafone IT" rat="LTE" q="44.20" rsrp="-91" sinr="8" rsrq="-8"/>
        <radio op="I TIM" rat="LTE" q="24.00" rsrp="-95" sinr="3" rsrq="-11"/>
      </extensions>
    </trkpt>
    <trkpt lat="46.0366132" lon="10.9489458">
      <ele>304.0</ele>
      <time>2026-04-02T11:35:29.924+02:00</time>
      <extensions>
        <activity type="STILL" conf="97" state="still" tsMs="1775122526673"/>
        <radio op="vodafone IT" rat="LTE" q="42.90" rsrp="-92" sinr="8" rsrq="-12"/>
        <radio op="I TIM" rat="LTE" q="21.00" rsrp="-95" sinr="2" rsrq="-12"/>
      </extensions>
    </trkpt>
    <trkpt lat="46.0348622" lon="10.9482164">
      <ele>305.0</ele>
      <time>2026-04-02T11:35:39.924+02:00</time>
      <extensions>
        <activity type="STILL" conf="40" state="still" tsMs="1775122537357"/>
        <radio op="vodafone IT" rat="LTE" q="45.50" rsrp="-90" sinr="8" rsrq="-7"/>
        <radio op="I TIM" rat="LTE" rsrp="-111" rsrq="-13"/>
      </extensions>
    </trkpt>
    <trkpt lat="46.0333971" lon="10.9473586">
      <ele>308.0</ele>
      <time>2026-04-02T11:35:49.924+02:00</time>
      <extensions>
        <activity type="IN_VEHICLE" conf="97" state="moving" tsMs="1775122548043"/>
        <radio op="vodafone IT" rat="LTE" q="74.80" rsrp="-91" sinr="17" rsrq="-8"/>
        <radio op="I TIM" rat="LTE" rsrp="-119" rsrq="-13"/>
      </extensions>
    </trkpt>
    <trkpt lat="46.0329088" lon="10.9461681">
      <ele>310.0</ele>
      <time>2026-04-02T11:35:59.924+02:00</time>
      <extensions>
        <activity type="IN_VEHICLE" conf="97" state="moving" tsMs="1775122558690"/>
        <radio op="vodafone IT" rat="LTE" q="19.60" rsrp="-97" sinr="2" rsrq="-14"/>
        <radio op="I TIM" rat="LTE" rsrp="-110" rsrq="-12"/>
      </extensions>
    </trkpt>
    <trkpt lat="46.031895" lon="10.9462694">
      <ele>306.0</ele>
      <time>2026-04-02T11:36:10.924+02:00</time>
      <extensions>
        <activity type="IN_VEHICLE" conf="97" state="moving" tsMs="1775122569338"/>
        <radio op="vodafone IT" rat="LTE" q="24.80" rsrp="-94" sinr="3" rsrq="-10"/>
        <radio op="I TIM" rat="LTE" q="10.40" rsrp="-112" sinr="3" rsrq="-11"/>
      </extensions>
    </trkpt>
    <trkpt lat="46.0305649" lon="10.9461098">
      <ele>305.0</ele>
      <time>2026-04-02T11:36:20.924+02:00</time>
      <extensions>
        <activity type="IN_VEHICLE" conf="96" state="moving" tsMs="1775122580024"/>
        <radio op="vodafone IT" rat="LTE" q="77.00" rsrp="-90" sinr="17" rsrq="-6"/>
        <radio op="I TIM" rat="LTE" q="24.30" rsrp="-98" sinr="4" rsrq="-8"/>
      </extensions>
    </trkpt>
    <trkpt lat="46.0294832" lon="10.9457245">
      <ele>304.0</ele>
      <time>2026-04-02T11:36:30.924+02:00</time>
      <extensions>
        <activity type="IN_VEHICLE" conf="97" state="moving" tsMs="1775122585374"/>
        <radio op="vodafone IT" rat="LTE" q="39.00" rsrp="-99" sinr="10" rsrq="-9"/>
        <radio op="I TIM" rat="LTE" rsrp="-111" rsrq="-10"/>
      </extensions>
    </trkpt>
    <trkpt lat="46.0287579" lon="10.945636">
      <ele>303.0</ele>
      <time>2026-04-02T11:36:40.924+02:00</time>
      <extensions>
        <activity type="IN_VEHICLE" conf="97" state="moving" tsMs="1775122596064"/>
        <radio op="vodafone IT" rat="LTE" q="31.20" rsrp="-99" sinr="7" rsrq="-9"/>
        <radio op="I TIM" rat="LTE" rsrp="-118" rsrq="-14"/>
      </extensions>
    </trkpt>
    <trkpt lat="46.0276549" lon="10.9454356">
      <ele>303.0</ele>
      <time>2026-04-02T11:36:50.924+02:00</time>
      <extensions>
        <activity type="IN_VEHICLE" conf="97" state="moving" tsMs="1775122606799"/>
        <radio op="vodafone IT" rat="LTE" q="45.00" rsrp="-95" sinr="10" rsrq="-7"/>
        <radio op="I TIM" rat="LTE" q="4.50" rsrp="-116" sinr="0" rsrq="-11"/>
      </extensions>
    </trkpt>
    <trkpt lat="46.0265539" lon="10.9451585">
      <ele>304.0</ele>
      <time>2026-04-02T11:37:00.924+02:00</time>
      <extensions>
        <activity type="IN_VEHICLE" conf="96" state="moving" tsMs="1775122617494"/>
        <radio op="vodafone IT" rat="LTE" q="35.00" rsrp="-100" sinr="9" rsrq="-10"/>
        <radio op="I TIM" rat="LTE" q="4.20" rsrp="-118" sinr="1" rsrq="-10"/>
      </extensions>
    </trkpt>
    <trkpt lat="46.0254908" lon="10.944838">
      <ele>304.0</ele>
      <time>2026-04-02T11:37:10.924+02:00</time>
      <extensions>
        <activity type="IN_VEHICLE" conf="97" state="moving" tsMs="1775122628183"/>
        <radio op="vodafone IT" rat="LTE" q="35.20" rsrp="-103" sinr="11" rsrq="-11"/>
        <radio op="I TIM" rat="LTE" q="7.00" rsrp="-115" sinr="2" rsrq="-11"/>
      </extensions>
    </trkpt>
    <trkpt lat="46.0244511" lon="10.9444356">
      <ele>306.0</ele>
      <time>2026-04-02T11:37:20.924+02:00</time>
      <extensions>
        <activity type="IN_VEHICLE" conf="97" state="moving" tsMs="1775122638834"/>
        <radio op="vodafone IT" rat="LTE" q="18.40" rsrp="-102" sinr="3" rsrq="-10"/>
        <radio op="I TIM" rat="LTE" rsrp="-119" rsrq="-12"/>
      </extensions>
    </trkpt>
    <trkpt lat="46.0239128" lon="10.9441286">
      <ele>307.0</ele>
      <time>2026-04-02T11:37:30.924+02:00</time>
      <extensions>
        <activity type="IN_VEHICLE" conf="97" state="moving" tsMs="1775122649516"/>
        <radio op="vodafone IT" rat="LTE" q="24.70" rsrp="-106" sinr="8" rsrq="-9"/>
        <radio op="I TIM" rat="LTE" rsrp="-121" rsrq="-14"/>
      </extensions>
    </trkpt>
    <trkpt lat="46.0232501" lon="10.9436915">
      <ele>308.0</ele>
      <time>2026-04-02T11:37:41.924+02:00</time>
      <extensions>
        <activity type="IN_VEHICLE" conf="97" state="moving" tsMs="1775122660195"/>
        <radio op="vodafone IT" rat="LTE" q="17.10" rsrp="-106" sinr="4" rsrq="-11"/>
        <radio op="I TIM" rat="LTE" q="4.00" rsrp="-120" sinr="3" rsrq="-14"/>
      </extensions>
    </trkpt>
    <trkpt lat="46.0220949" lon="10.942882">
      <ele>309.0</ele>
      <time>2026-04-02T11:37:51.924+02:00</time>
      <extensions>
        <activity type="IN_VEHICLE" conf="96" state="moving" tsMs="1775122670892"/>
        <radio op="vodafone IT" rat="LTE" q="18.20" rsrp="-112" sinr="9" rsrq="-10"/>
        <radio op="I TIM" rat="LTE" q="14.00" rsrp="-105" sinr="2" rsrq="-16"/>
      </extensions>
    </trkpt>
    <trkpt lat="46.0207865" lon="10.9419525">
      <ele>311.0</ele>
      <time>2026-04-02T11:38:01.924+02:00</time>
      <extensions>
        <activity type="UNKNOWN" conf="40" state="unknown" tsMs="1775122681582"/>
        <radio op="vodafone IT" rat="LTE" q="36.00" rsrp="-105" sinr="13" rsrq="-12"/>
        <radio op="I TIM" rat="LTE" q="13.00" rsrp="-99" sinr="0" rsrq="-14"/>
      </extensions>
    </trkpt>
    <trkpt lat="46.0194428" lon="10.9411235">
      <ele>311.0</ele>
      <time>2026-04-02T11:38:11.924+02:00</time>
      <extensions>
        <activity type="IN_VEHICLE" conf="83" state="moving" tsMs="1775122686937"/>
        <radio op="vodafone IT" rat="LTE" q="14.00" rsrp="-111" sinr="5" rsrq="-11"/>
        <radio op="I TIM" rat="LTE" q="9.00" rsrp="-110" sinr="1" rsrq="-16"/>
      </extensions>
    </trkpt>
    <trkpt lat="46.0181357" lon="10.9418138">
      <ele>308.0</ele>
      <time>2026-04-02T11:38:21.924+02:00</time>
      <extensions>
        <activity type="IN_VEHICLE" conf="91" state="moving" tsMs="1775122697610"/>
        <radio op="vodafone IT" rat="LTE" q="16.80" rsrp="-97" sinr="1" rsrq="-11"/>
        <radio op="I TIM" rat="LTE" q="21.60" rsrp="-101" sinr="4" rsrq="-14"/>
      </extensions>
    </trkpt>
    <trkpt lat="46.0167947" lon="10.9418015">
      <ele>307.0</ele>
      <time>2026-04-02T11:38:31.924+02:00</time>
      <extensions>
        <activity type="IN_VEHICLE" conf="97" state="moving" tsMs="1775122708289"/>
        <radio op="vodafone IT" rat="LTE" q="27.00" rsrp="-98" sinr="5" rsrq="-10"/>
        <radio op="I TIM" rat="LTE" rsrp="-108" rsrq="-17"/>
      </extensions>
    </trkpt>
    <trkpt lat="46.0155117" lon="10.9407286">
      <ele>306.0</ele>
      <time>2026-04-02T11:38:41.924+02:00</time>
      <extensions>
        <activity type="IN_VEHICLE" conf="97" state="moving" tsMs="1775122718929"/>
        <radio op="vodafone IT" rat="LTE" q="26.10" rsrp="-96" sinr="4" rsrq="-10"/>
        <radio op="I TIM" rat="LTE" q="11.50" rsrp="-102" sinr="0" rsrq="-12"/>
      </extensions>
    </trkpt>
    <trkpt lat="46.0142517" lon="10.9399055">
      <ele>306.0</ele>
      <time>2026-04-02T11:38:51.924+02:00</time>
      <extensions>
        <activity type="IN_VEHICLE" conf="81" state="moving" tsMs="1775122729658"/>
        <radio op="vodafone IT" rat="LTE" q="36.00" rsrp="-101" sinr="10" rsrq="-9"/>
        <radio op="I TIM" rat="LTE" rsrp="-103" rsrq="-15"/>
      </extensions>
    </trkpt>
    <trkpt lat="46.0130878" lon="10.9386371">
      <ele>307.0</ele>
      <time>2026-04-02T11:39:02.924+02:00</time>
      <extensions>
        <activity type="IN_VEHICLE" conf="97" state="moving" tsMs="1775122740328"/>
        <radio op="vodafone IT" rat="LTE" q="38.40" rsrp="-101" sinr="11" rsrq="-10"/>
        <radio op="I TIM" rat="LTE" rsrp="-111" rsrq="-17"/>
      </extensions>
    </trkpt>
    <trkpt lat="46.0120584" lon="10.9374557">
      <ele>307.0</ele>
      <time>2026-04-02T11:39:12.924+02:00</time>
      <extensions>
        <activity type="IN_VEHICLE" conf="97" state="moving" tsMs="1775122750986"/>
        <radio op="vodafone IT" rat="LTE" q="58.80" rsrp="-97" sinr="16" rsrq="-10"/>
        <radio op="I TIM" rat="LTE" q="44.80" rsrp="-97" sinr="11" rsrq="-9"/>
      </extensions>
    </trkpt>
    <trkpt lat="46.0108574" lon="10.936841">
      <ele>306.0</ele>
      <time>2026-04-02T11:39:22.924+02:00</time>
      <extensions>
        <activity type="IN_VEHICLE" conf="96" state="moving" tsMs="1775122761641"/>
        <radio op="vodafone IT" rat="LTE" q="27.30" rsrp="-104" sinr="8" rsrq="-9"/>
        <radio op="I TIM" rat="LTE" q="14.70" rsrp="-104" sinr="2" rsrq="-11"/>
      </extensions>
    </trkpt>
    <trkpt lat="46.0094852" lon="10.9360339">
      <ele>305.0</ele>
      <time>2026-04-02T11:39:32.923+02:00</time>
      <extensions>
        <activity type="IN_VEHICLE" conf="97" state="moving" tsMs="1775122772326"/>
        <radio op="vodafone IT" rat="LTE" rsrp="-102" rsrq="-16"/>
        <radio op="I TIM" rat="LTE" rsrp="-112" rsrq="-17"/>
      </extensions>
    </trkpt>
    <trkpt lat="46.0081053" lon="10.9350857">
      <ele>302.0</ele>
      <time>2026-04-02T11:39:42.924+02:00</time>
      <extensions>
        <activity type="IN_VEHICLE" conf="97" state="moving" tsMs="1775122777679"/>
        <radio op="vodafone IT" rat="LTE" q="40.00" rsrp="-100" sinr="11" rsrq="-10"/>
        <radio op="I TIM" rat="LTE" rsrp="-105" rsrq="-15"/>
      </extensions>
    </trkpt>
    <trkpt lat="46.007467" lon="10.9334956">
      <ele>300.0</ele>
      <time>2026-04-02T11:39:52.924+02:00</time>
      <extensions>
        <activity type="IN_VEHICLE" conf="97" state="moving" tsMs="1775122788329"/>
        <radio op="vodafone IT" rat="LTE" q="28.50" rsrp="-106" sinr="10" rsrq="-9"/>
        <radio op="I TIM" rat="LTE" rsrp="-112" rsrq="-17"/>
      </extensions>
    </trkpt>
    <trkpt lat="46.0060908" lon="10.9337619">
      <ele>299.0</ele>
      <time>2026-04-02T11:40:02.923+02:00</time>
      <extensions>
        <activity type="IN_VEHICLE" conf="97" state="moving" tsMs="1775122798964"/>
        <radio op="vodafone IT" rat="LTE" q="26.00" rsrp="-105" sinr="8" rsrq="-10"/>
        <radio op="I TIM" rat="LTE" rsrp="-109" rsrq="-18"/>
      </extensions>
    </trkpt>
    <trkpt lat="46.0046514" lon="10.9330606">
      <ele>298.46390399295507</ele>
      <time>2026-04-02T11:40:12.924+02:00</time>
      <extensions>
        <activity type="IN_VEHICLE" conf="97" state="moving" tsMs="1775122808879"/>
        <radio op="vodafone IT" rat="LTE" q="18.00" rsrp="-110" sinr="7" rsrq="-8"/>
        <radio op="I TIM" rat="LTE" rsrp="-115" rsrq="-15"/>
      </extensions>
    </trkpt>
    <trkpt lat="46.0032857" lon="10.9314661">
      <ele>290.0</ele>
      <time>2026-04-02T11:40:23.924+02:00</time>
      <extensions>
        <activity type="IN_VEHICLE" conf="97" state="moving" tsMs="1775122819577"/>
        <radio op="vodafone IT" rat="LTE" q="5.60" rsrp="-117" sinr="2" rsrq="-11"/>
        <radio op="I TIM" rat="LTE" q="6.50" rsrp="-112" sinr="0" rsrq="-15"/>
      </extensions>
    </trkpt>
    <trkpt lat="46.0031809" lon="10.9291822">
      <ele>286.0</ele>
      <time>2026-04-02T11:40:33.924+02:00</time>
      <extensions>
        <activity type="IN_VEHICLE" conf="96" state="moving" tsMs="1775122830241"/>
        <radio op="vodafone IT" rat="LTE" q="12.00" rsrp="-105" sinr="1" rsrq="-16"/>
        <radio op="I TIM" rat="LTE" q="19.50" rsrp="-110" sinr="8" rsrq="-11"/>
      </extensions>
    </trkpt>
    <trkpt lat="46.0024856" lon="10.9272703">
      <ele>284.0</ele>
      <time>2026-04-02T11:40:43.924+02:00</time>
      <extensions>
        <activity type="IN_VEHICLE" conf="97" state="moving" tsMs="1775122840863"/>
        <radio op="vodafone IT" rat="LTE" q="41.60" rsrp="-99" sinr="11" rsrq="-14"/>
        <radio op="I TIM" rat="LTE" q="22.10" rsrp="-108" sinr="8" rsrq="-8"/>
      </extensions>
    </trkpt>
    <trkpt lat="46.0015281" lon="10.9256145">
      <ele>285.0</ele>
      <time>2026-04-02T11:40:53.924+02:00</time>
      <extensions>
        <activity type="IN_VEHICLE" conf="97" state="moving" tsMs="1775122851551"/>
        <radio op="vodafone IT" rat="LTE" q="34.80" rsrp="-96" sinr="7" rsrq="-10"/>
        <radio op="I TIM" rat="LTE" q="37.70" rsrp="-96" sinr="8" rsrq="-6"/>
      </extensions>
    </trkpt>
    <trkpt lat="46.0001014" lon="10.9252692">
      <ele>283.0</ele>
      <time>2026-04-02T11:41:03.923+02:00</time>
      <extensions>
        <activity type="IN_VEHICLE" conf="97" state="moving" tsMs="1775122862183"/>
        <radio op="vodafone IT" rat="LTE" q="29.70" rsrp="-98" sinr="6" rsrq="-13"/>
        <radio op="I TIM" rat="LTE" q="60.80" rsrp="-93" sinr="14" rsrq="-7"/>
      </extensions>
    </trkpt>
    <trkpt lat="45.9985009" lon="10.9253844">
      <ele>277.0</ele>
      <time>2026-04-02T11:41:13.924+02:00</time>
      <extensions>
        <activity type="IN_VEHICLE" conf="97" state="moving" tsMs="1775122872886"/>
        <radio op="vodafone IT" rat="LTE" q="24.30" rsrp="-98" sinr="4" rsrq="-13"/>
        <radio op="I TIM" rat="LTE" q="9.80" rsrp="-111" sinr="2" rsrq="-10"/>
      </extensions>
    </trkpt>
    <trkpt lat="45.9971712" lon="10.9261218">
      <ele>273.0</ele>
      <time>2026-04-02T11:41:23.924+02:00</time>
      <extensions>
        <activity type="IN_VEHICLE" conf="97" state="moving" tsMs="1775122883635"/>
        <radio op="vodafone IT" rat="LTE" q="17.60" rsrp="-103" sinr="3" rsrq="-12"/>
        <radio op="I TIM" rat="LTE" q="22.10" rsrp="-108" sinr="8" rsrq="-7"/>
      </extensions>
    </trkpt>
    <trkpt lat="45.9958525" lon="10.9265351">
      <ele>272.0</ele>
      <time>2026-04-02T11:41:33.923+02:00</time>
      <extensions>
        <activity type="IN_VEHICLE" conf="97" state="moving" tsMs="1775122888958"/>
        <radio op="vodafone IT" rat="LTE" q="39.60" rsrp="-92" sinr="7" rsrq="-10"/>
        <radio op="I TIM" rat="LTE" q="49.50" rsrp="-92" sinr="10" rsrq="-7"/>
      </extensions>
    </trkpt>
    <trkpt lat="45.9946507" lon="10.9265905">
      <ele>271.0</ele>
      <time>2026-04-02T11:41:43.923+02:00</time>
      <extensions>
        <activity type="IN_VEHICLE" conf="97" state="moving" tsMs="1775122899592"/>
        <radio op="vodafone IT" rat="LTE" q="40.80" rsrp="-91" sinr="7" rsrq="-12"/>
        <radio op="I TIM" rat="LTE" q="44.80" rsrp="-93" sinr="9" rsrq="-8"/>
      </extensions>
    </trkpt>
    <trkpt lat="45.9934147" lon="10.9265827">
      <ele>270.0</ele>
      <time>2026-04-02T11:41:54.923+02:00</time>
      <extensions>
        <activity type="IN_VEHICLE" conf="97" state="moving" tsMs="1775122910251"/>
        <radio op="vodafone IT" rat="LTE" q="40.80" rsrp="-91" sinr="7" rsrq="-11"/>
        <radio op="I TIM" rat="LTE" q="36.40" rsrp="-97" sinr="8" rsrq="-7"/>
      </extensions>
    </trkpt>
    <trkpt lat="45.9922954" lon="10.9265739">
      <ele>270.0</ele>
      <time>2026-04-02T11:42:04.923+02:00</time>
      <extensions>
        <activity type="IN_VEHICLE" conf="97" state="moving" tsMs="1775122920895"/>
        <radio op="vodafone IT" rat="LTE" q="20.80" rsrp="-99" sinr="3" rsrq="-9"/>
        <radio op="I TIM" rat="LTE" q="37.50" rsrp="-100" sinr="10" rsrq="-7"/>
      </extensions>
    </trkpt>
    <trkpt lat="45.9912802" lon="10.9264439">
      <ele>270.0</ele>
      <time>2026-04-02T11:42:14.923+02:00</time>
      <extensions>
        <activity type="IN_VEHICLE" conf="97" state="moving" tsMs="1775122931593"/>
        <radio op="vodafone IT" rat="LTE" q="58.00" rsrp="-96" sinr="15" rsrq="-6"/>
        <radio op="I TIM" rat="LTE" q="48.00" rsrp="-93" sinr="10" rsrq="-7"/>
      </extensions>
    </trkpt>
    <trkpt lat="45.990197" lon="10.9259353">
      <ele>266.0</ele>
      <time>2026-04-02T11:42:24.923+02:00</time>
      <extensions>
        <activity type="IN_VEHICLE" conf="97" state="moving" tsMs="1775122942304"/>
        <radio op="vodafone IT" rat="LTE" q="50.60" rsrp="-103" sinr="18" rsrq="-6"/>
        <radio op="I TIM" rat="LTE" q="49.50" rsrp="-92" sinr="10" rsrq="-6"/>
      </extensions>
    </trkpt>
    <trkpt lat="45.9891612" lon="10.9266998">
      <ele>260.0</ele>
      <time>2026-04-02T11:42:34.923+02:00</time>
      <extensions>
        <activity type="IN_VEHICLE" conf="97" state="moving" tsMs="1775122953001"/>
        <radio op="vodafone IT" rat="LTE" q="65.10" rsrp="-94" sinr="16" rsrq="-5"/>
        <radio op="I TIM" rat="LTE" q="62.40" rsrp="-86" sinr="11" rsrq="-7"/>
      </extensions>
    </trkpt>
    <trkpt lat="45.987739" lon="10.9268778">
      <ele>254.0</ele>
      <time>2026-04-02T11:42:44.923+02:00</time>
      <extensions>
        <activity type="IN_VEHICLE" conf="96" state="moving" tsMs="1775122963638"/>
        <radio op="vodafone IT" rat="LTE" q="41.60" rsrp="-99" sinr="11" rsrq="-6"/>
        <radio op="I TIM" rat="LTE" q="68.00" rsrp="-84" sinr="12" rsrq="-7"/>
      </extensions>
    </trkpt>
    <trkpt lat="45.9861958" lon="10.9269068">
      <ele>247.0</ele>
      <time>2026-04-02T11:42:54.922+02:00</time>
      <extensions>
        <activity type="IN_VEHICLE" conf="97" state="moving" tsMs="1775122974322"/>
        <radio op="vodafone IT" rat="LTE" q="43.40" rsrp="-94" sinr="9" rsrq="-5"/>
        <radio op="I TIM" rat="LTE" q="76.00" rsrp="-83" sinr="14" rsrq="-5"/>
      </extensions>
    </trkpt>
    <trkpt lat="45.9849305" lon="10.9265309">
      <ele>239.0</ele>
      <time>2026-04-02T11:43:04.923+02:00</time>
      <extensions>
        <activity type="IN_VEHICLE" conf="97" state="moving" tsMs="1775122984964"/>
        <radio op="vodafone IT" rat="LTE" q="66.00" rsrp="-92" sinr="15" rsrq="-7"/>
        <radio op="I TIM" rat="LTE" q="56.10" rsrp="-92" sinr="12" rsrq="-9"/>
      </extensions>
    </trkpt>
    <trkpt lat="45.9836626" lon="10.9257312">
      <ele>232.0</ele>
      <time>2026-04-02T11:43:14.923+02:00</time>
      <extensions>
        <activity type="UNKNOWN" conf="40" state="unknown" tsMs="1775122990318"/>
        <radio op="vodafone IT" rat="LTE" q="52.80" rsrp="-92" sinr="11" rsrq="-5"/>
        <radio op="I TIM" rat="LTE" q="64.60" rsrp="-91" sinr="14" rsrq="-5"/>
      </extensions>
    </trkpt>
    <trkpt lat="45.9821834" lon="10.9248062">
      <ele>227.0</ele>
      <time>2026-04-02T11:43:25.923+02:00</time>
      <extensions>
        <activity type="IN_VEHICLE" conf="97" state="moving" tsMs="1775123001015"/>
        <radio op="vodafone IT" rat="LTE" q="62.00" rsrp="-94" sinr="15" rsrq="-5"/>
        <radio op="I TIM" rat="LTE" q="33.80" rsrp="-99" sinr="8" rsrq="-8"/>
      </extensions>
    </trkpt>
    <trkpt lat="45.9809073" lon="10.9240104">
      <ele>224.0</ele>
      <time>2026-04-02T11:43:35.923+02:00</time>
      <extensions>
        <activity type="IN_VEHICLE" conf="97" state="moving" tsMs="1775123011660"/>
        <radio op="vodafone IT" rat="LTE" q="62.00" rsrp="-94" sinr="15" rsrq="-10"/>
        <radio op="I TIM" rat="LTE" q="51.00" rsrp="-95" sinr="12" rsrq="-6"/>
      </extensions>
    </trkpt>
    <trkpt lat="45.9796758" lon="10.9233815">
      <ele>222.0</ele>
      <time>2026-04-02T11:43:45.923+02:00</time>
      <extensions>
        <activity type="IN_VEHICLE" conf="97" state="moving" tsMs="1775123022367"/>
        <radio op="vodafone IT" rat="LTE" q="51.30" rsrp="-98" sinr="14" rsrq="-5"/>
        <radio op="I TIM" rat="LTE" q="48.10" rsrp="-88" sinr="8" rsrq="-9"/>
      </extensions>
    </trkpt>
    <trkpt lat="45.9783292" lon="10.9234579">
      <ele>221.0</ele>
      <time>2026-04-02T11:43:55.923+02:00</time>
      <extensions>
        <activity type="IN_VEHICLE" conf="97" state="moving" tsMs="1775123027685"/>
        <radio op="vodafone IT" rat="LTE" q="57.60" rsrp="-93" sinr="13" rsrq="-8"/>
        <radio op="I TIM" rat="LTE" q="48.00" rsrp="-80" sinr="7" rsrq="-7"/>
      </extensions>
    </trkpt>
    <trkpt lat="45.9773029" lon="10.9248416">
      <ele>216.0</ele>
      <time>2026-04-02T11:44:05.923+02:00</time>
      <extensions>
        <activity type="IN_VEHICLE" conf="97" state="moving" tsMs="1775123045462"/>
        <radio op="vodafone IT" rat="LTE" q="40.70" rsrp="-88" sinr="6" rsrq="-10"/>
        <radio op="I TIM" rat="LTE" q="48.00" rsrp="-82" sinr="7" rsrq="-9"/>
      </extensions>
    </trkpt>
    <trkpt lat="45.9759876" lon="10.9255131">
      <ele>212.0</ele>
      <time>2026-04-02T11:44:15.923+02:00</time>
      <extensions>
        <activity type="IN_VEHICLE" conf="97" state="moving" tsMs="1775123050831"/>
        <radio op="vodafone IT" rat="LTE" q="25.60" rsrp="-93" sinr="3" rsrq="-11"/>
        <radio op="I TIM" rat="LTE" q="32.00" rsrp="-85" sinr="3" rsrq="-7"/>
      </extensions>
    </trkpt>
    <trkpt lat="45.9745579" lon="10.9250138">
      <ele>207.0</ele>
      <time>2026-04-02T11:44:25.923+02:00</time>
      <extensions>
        <activity type="IN_VEHICLE" conf="97" state="moving" tsMs="1775123061491"/>
        <radio op="vodafone IT" rat="LTE" q="42.00" rsrp="-95" sinr="9" rsrq="-11"/>
        <radio op="I TIM" rat="LTE" q="26.60" rsrp="-87" sinr="2" rsrq="-12"/>
      </extensions>
    </trkpt>
    <trkpt lat="45.9731146" lon="10.9244999">
      <ele>203.0</ele>
      <time>2026-04-02T11:44:35.923+02:00</time>
      <extensions>
        <activity type="IN_VEHICLE" conf="97" state="moving" tsMs="1775123072143"/>
        <radio op="vodafone IT" rat="LTE" q="27.90" rsrp="-94" sinr="4" rsrq="-8"/>
        <radio op="I TIM" rat="LTE" q="22.40" rsrp="-93" sinr="2" rsrq="-10"/>
      </extensions>
    </trkpt>
    <trkpt lat="45.9717628" lon="10.9240021">
      <ele>198.0</ele>
      <time>2026-04-02T11:44:45.923+02:00</time>
      <extensions>
        <activity type="IN_VEHICLE" conf="97" state="moving" tsMs="1775123082831"/>
        <radio op="vodafone IT" rat="LTE" q="49.50" rsrp="-92" sinr="10" rsrq="-8"/>
        <radio op="I TIM" rat="LTE" q="34.80" rsrp="-96" sinr="7" rsrq="-11"/>
      </extensions>
    </trkpt>
    <trkpt lat="45.9701893" lon="10.9234309">
      <ele>193.0</ele>
      <time>2026-04-02T11:44:56.923+02:00</time>
      <extensions>
        <activity type="IN_VEHICLE" conf="97" state="moving" tsMs="1775123093535"/>
        <radio op="vodafone IT" rat="LTE" q="14.50" rsrp="-96" sinr="0" rsrq="-12"/>
        <radio op="I TIM" rat="LTE" q="34.80" rsrp="-96" sinr="7" rsrq="-12"/>
      </extensions>
    </trkpt>
    <trkpt lat="45.9687772" lon="10.9229191">
      <ele>190.0</ele>
      <time>2026-04-02T11:45:06.923+02:00</time>
      <extensions>
        <activity type="IN_VEHICLE" conf="97" state="moving" tsMs="1775123104170"/>
        <radio op="vodafone IT" rat="LTE" q="61.20" rsrp="-89" sinr="12" rsrq="-8"/>
        <radio op="I TIM" rat="LTE" q="57.60" rsrp="-93" sinr="13" rsrq="-11"/>
      </extensions>
    </trkpt>
    <trkpt lat="45.9675076" lon="10.9224612">
      <ele>187.0</ele>
      <time>2026-04-02T11:45:16.923+02:00</time>
      <extensions>
        <activity type="IN_VEHICLE" conf="97" state="moving" tsMs="1775123114836"/>
        <radio op="vodafone IT" rat="LTE" q="52.70" rsrp="-94" sinr="12" rsrq="-8"/>
        <radio op="I TIM" rat="LTE" q="59.40" rsrp="-92" sinr="13" rsrq="-8"/>
      </extensions>
    </trkpt>
    <trkpt lat="45.9661715" lon="10.9218865">
      <ele>185.0</ele>
      <time>2026-04-02T11:45:26.923+02:00</time>
      <extensions>
        <activity type="IN_VEHICLE" conf="91" state="moving" tsMs="1775123125531"/>
        <radio op="vodafone IT" rat="LTE" q="11.00" rsrp="-103" sinr="0" rsrq="-12"/>
        <radio op="I TIM" rat="LTE" q="74.00" rsrp="-88" sinr="15" rsrq="-10"/>
      </extensions>
    </trkpt>
    <trkpt lat="45.9650433" lon="10.9208875">
      <ele>181.0</ele>
      <time>2026-04-02T11:45:36.923+02:00</time>
      <extensions>
        <activity type="IN_VEHICLE" conf="97" state="moving" tsMs="1775123136239"/>
        <radio op="vodafone IT" rat="LTE" q="28.50" rsrp="-106" sinr="10" rsrq="-10"/>
        <radio op="I TIM" rat="LTE" q="47.60" rsrp="-91" sinr="9" rsrq="-8"/>
      </extensions>
    </trkpt>
    <trkpt lat="45.964308" lon="10.9198887">
      <ele>179.0</ele>
      <time>2026-04-02T11:45:46.923+02:00</time>
      <extensions>
        <activity type="IN_VEHICLE" conf="97" state="moving" tsMs="1775123146900"/>
        <radio op="vodafone IT" rat="LTE" rsrp="-106" rsrq="-9"/>
        <radio op="I TIM" rat="LTE" q="37.70" rsrp="-96" sinr="8" rsrq="-8"/>
      </extensions>
    </trkpt>
    <trkpt lat="45.9636392" lon="10.9189487">
      <ele>178.0</ele>
      <time>2026-04-02T11:45:56.923+02:00</time>
      <extensions>
        <activity type="IN_VEHICLE" conf="97" state="moving" tsMs="1775123152222"/>
        <radio op="vodafone IT" rat="LTE" q="18.70" rsrp="-108" sinr="6" rsrq="-10"/>
        <radio op="I TIM" rat="LTE" q="57.60" rsrp="-93" sinr="13" rsrq="-10"/>
      </extensions>
    </trkpt>
    <trkpt lat="45.9627261" lon="10.9176873">
      <ele>177.0</ele>
      <time>2026-04-02T11:46:06.923+02:00</time>
      <extensions>
        <activity type="IN_VEHICLE" conf="97" state="moving" tsMs="1775123162880"/>
        <radio op="vodafone IT" rat="LTE" q="12.60" rsrp="-111" sinr="4" rsrq="-10"/>
        <radio op="I TIM" rat="LTE" q="47.60" rsrp="-91" sinr="9" rsrq="-8"/>
      </extensions>
    </trkpt>
    <trkpt lat="45.9617791" lon="10.9163697">
      <ele>176.0</ele>
      <time>2026-04-02T11:46:16.923+02:00</time>
      <extensions>
        <activity type="IN_VEHICLE" conf="97" state="moving" tsMs="1775123173546"/>
        <radio op="vodafone IT" rat="LTE" q="16.80" rsrp="-101" sinr="2" rsrq="-10"/>
        <radio op="I TIM" rat="LTE" q="49.60" rsrp="-94" sinr="11" rsrq="-9"/>
      </extensions>
    </trkpt>
    <trkpt lat="45.9611028" lon="10.9154241">
      <ele>176.0</ele>
      <time>2026-04-02T11:46:27.923+02:00</time>
      <extensions>
        <activity type="IN_VEHICLE" conf="98" state="moving" tsMs="1775123184216"/>
        <radio op="vodafone IT" rat="LTE" q="12.00" rsrp="-113" sinr="5" rsrq="-12"/>
        <radio op="I TIM" rat="LTE" q="61.20" rsrp="-91" sinr="13" rsrq="-11"/>
      </extensions>
    </trkpt>
    <trkpt lat="45.9603797" lon="10.9144191">
      <ele>174.0</ele>
      <time>2026-04-02T11:46:37.923+02:00</time>
      <extensions>
        <activity type="IN_VEHICLE" conf="97" state="moving" tsMs="1775123194891"/>
        <radio op="vodafone IT" rat="LTE" q="6.60" rsrp="-114" sinr="1" rsrq="-13"/>
        <radio op="I TIM" rat="LTE" q="44.80" rsrp="-93" sinr="9" rsrq="-9"/>
      </extensions>
    </trkpt>
    <trkpt lat="45.9596007" lon="10.9133437">
      <ele>174.0</ele>
      <time>2026-04-02T11:46:47.923+02:00</time>
      <extensions>
        <activity type="IN_VEHICLE" conf="96" state="moving" tsMs="1775123205578"/>
        <radio op="vodafone IT" rat="LTE" q="16.50" rsrp="-110" sinr="6" rsrq="-12"/>
        <radio op="I TIM" rat="LTE" q="66.00" rsrp="-92" sinr="15" rsrq="-10"/>
      </extensions>
    </trkpt>
    <trkpt lat="45.9591675" lon="10.9127047">
      <ele>174.0</ele>
      <time>2026-04-02T11:46:57.923+02:00</time>
      <extensions>
        <activity type="IN_VEHICLE" conf="97" state="moving" tsMs="1775123216262"/>
        <radio op="vodafone IT" rat="LTE" q="52.20" rsrp="-96" sinr="13" rsrq="-5"/>
        <radio op="I TIM" rat="LTE" q="64.80" rsrp="-89" sinr="13" rsrq="-9"/>
      </extensions>
    </trkpt>
    <trkpt lat="45.9590914" lon="10.9125101">
      <ele>174.0</ele>
      <time>2026-04-02T11:47:07.923+02:00</time>
      <extensions>
        <activity type="IN_VEHICLE" conf="96" state="moving" tsMs="1775123226906"/>
        <radio op="vodafone IT" rat="LTE" q="15.00" rsrp="-110" sinr="5" rsrq="-12"/>
        <radio op="I TIM" rat="LTE" q="42.90" rsrp="-92" sinr="8" rsrq="-9"/>
      </extensions>
    </trkpt>
    <trkpt lat="45.9584583" lon="10.9117493">
      <ele>173.0</ele>
      <time>2026-04-02T11:47:17.922+02:00</time>
      <extensions>
        <activity type="IN_VEHICLE" conf="96" state="moving" tsMs="1775123237567"/>
        <radio op="vodafone IT" rat="LTE" q="19.80" rsrp="-107" sinr="6" rsrq="-13"/>
        <radio op="I TIM" rat="LTE" q="54.00" rsrp="-89" sinr="10" rsrq="-8"/>
      </extensions>
    </trkpt>
    <trkpt lat="45.9573156" lon="10.9106312">
      <ele>171.0</ele>
      <time>2026-04-02T11:47:27.922+02:00</time>
      <extensions>
        <activity type="IN_VEHICLE" conf="97" state="moving" tsMs="1775123242916"/>
        <radio op="vodafone IT" rat="LTE" rsrp="-112" rsrq="-13"/>
        <radio op="I TIM" rat="LTE" q="39.00" rsrp="-95" sinr="8" rsrq="-8"/>
      </extensions>
    </trkpt>
    <trkpt lat="45.9557328" lon="10.9094874">
      <ele>170.0</ele>
      <time>2026-04-02T11:47:37.923+02:00</time>
      <extensions>
        <activity type="IN_VEHICLE" conf="97" state="moving" tsMs="1775123253590"/>
        <radio op="vodafone IT" rat="LTE" q="19.00" rsrp="-106" sinr="5" rsrq="-9"/>
        <radio op="I TIM" rat="LTE" q="20.30" rsrp="-96" sinr="2" rsrq="-12"/>
      </extensions>
    </trkpt>
    <trkpt lat="45.9540862" lon="10.9083112">
      <ele>169.0</ele>
      <time>2026-04-02T11:47:47.923+02:00</time>
      <extensions>
        <activity type="IN_VEHICLE" conf="97" state="moving" tsMs="1775123264251"/>
        <radio op="vodafone IT" rat="LTE" rsrp="-111" rsrq="-13"/>
        <radio op="I TIM" rat="LTE" q="33.00" rsrp="-95" sinr="6" rsrq="-12"/>
      </extensions>
    </trkpt>
    <trkpt lat="45.9522673" lon="10.9070064">
      <ele>164.0</ele>
      <time>2026-04-02T11:47:58.922+02:00</time>
      <extensions>
        <activity type="IN_VEHICLE" conf="96" state="moving" tsMs="1775123274994"/>
        <radio op="vodafone IT" rat="LTE" q="13.30" rsrp="-106" sinr="2" rsrq="-11"/>
        <radio op="I TIM" rat="LTE" rsrp="-99" rsrq="-12"/>
      </extensions>
    </trkpt>
    <trkpt lat="45.950594" lon="10.9058204">
      <ele>161.0</ele>
      <time>2026-04-02T11:48:08.922+02:00</time>
      <extensions>
        <activity type="IN_VEHICLE" conf="96" state="moving" tsMs="1775123284379"/>
        <radio op="vodafone IT" rat="LTE" rsrp="-109" rsrq="-13"/>
        <radio op="I TIM" rat="LTE" q="33.60" rsrp="-97" sinr="7" rsrq="-12"/>
      </extensions>
    </trkpt>
    <trkpt lat="45.9489285" lon="10.9046289">
      <ele>159.0</ele>
      <time>2026-04-02T11:48:18.922+02:00</time>
      <extensions>
        <activity type="UNKNOWN" conf="40" state="unknown" tsMs="1775123295100"/>
        <radio op="vodafone IT" rat="LTE" rsrp="-108" rsrq="-13"/>
        <radio op="I TIM" rat="LTE" rsrp="-96" rsrq="-13"/>
      </extensions>
    </trkpt>
    <trkpt lat="45.9474281" lon="10.9037318">
      <ele>157.0</ele>
      <time>2026-04-02T11:48:28.922+02:00</time>
      <extensions>
        <activity type="IN_VEHICLE" conf="96" state="moving" tsMs="1775123305800"/>
        <radio op="vodafone IT" rat="LTE" q="13.30" rsrp="-106" sinr="2" rsrq="-11"/>
        <radio op="I TIM" rat="LTE" q="46.40" rsrp="-96" sinr="11" rsrq="-10"/>
      </extensions>
    </trkpt>
    <trkpt lat="45.9460566" lon="10.9031648">
      <ele>156.0</ele>
      <time>2026-04-02T11:48:38.921+02:00</time>
      <extensions>
        <activity type="IN_VEHICLE" conf="97" state="moving" tsMs="1775123316479"/>
        <radio op="vodafone IT" rat="LTE" q="17.60" rsrp="-109" sinr="6" rsrq="-11"/>
        <radio op="I TIM" rat="LTE" q="20.80" rsrp="-99" sinr="3" rsrq="-11"/>
      </extensions>
    </trkpt>
    <trkpt lat="45.9448125" lon="10.9026803">
      <ele>155.0</ele>
      <time>2026-04-02T11:48:48.922+02:00</time>
      <extensions>
        <activity type="IN_VEHICLE" conf="97" state="moving" tsMs="1775123327173"/>
        <radio op="vodafone IT" rat="LTE" rsrp="-114" rsrq="-15"/>
        <radio op="I TIM" rat="LTE" q="27.60" rsrp="-102" sinr="7" rsrq="-10"/>
      </extensions>
    </trkpt>
    <trkpt lat="45.9436091" lon="10.9022095">
      <ele>154.0</ele>
      <time>2026-04-02T11:48:58.922+02:00</time>
      <extensions>
        <activity type="IN_VEHICLE" conf="97" state="moving" tsMs="1775123337822"/>
        <radio op="vodafone IT" rat="LTE" rsrp="-110" rsrq="-12"/>
        <radio op="I TIM" rat="LTE" q="60.00" rsrp="-100" sinr="19" rsrq="-11"/>
      </extensions>
    </trkpt>
    <trkpt lat="45.9423535" lon="10.9017022">
      <ele>153.0</ele>
      <time>2026-04-02T11:49:08.922+02:00</time>
      <extensions>
        <activity type="IN_VEHICLE" conf="97" state="moving" tsMs="1775123348502"/>
        <radio op="vodafone IT" rat="LTE" rsrp="-113" rsrq="-14"/>
        <radio op="I TIM" rat="LTE" q="42.50" rsrp="-100" sinr="12" rsrq="-10"/>
      </extensions>
    </trkpt>
    <trkpt lat="45.9410441" lon="10.9012732">
      <ele>152.0</ele>
      <time>2026-04-02T11:49:19.922+02:00</time>
      <extensions>
        <activity type="IN_VEHICLE" conf="97" state="moving" tsMs="1775123359142"/>
        <radio op="vodafone IT" rat="LTE" rsrp="-105" rsrq="-14"/>
        <radio op="I TIM" rat="LTE" q="37.50" rsrp="-100" sinr="10" rsrq="-13"/>
      </extensions>
    </trkpt>
    <trkpt lat="45.9404783" lon="10.9012205">
      <ele>151.0</ele>
      <time>2026-04-02T11:49:29.922+02:00</time>
      <extensions>
        <activity type="IN_VEHICLE" conf="97" state="moving" tsMs="1775123364458"/>
        <radio op="vodafone IT" rat="LTE" q="9.00" rsrp="-107" sinr="0" rsrq="-10"/>
        <radio op="I TIM" rat="LTE" q="38.40" rsrp="-101" sinr="11" rsrq="-13"/>
      </extensions>
    </trkpt>
    <trkpt lat="45.9400485" lon="10.9011173">
      <ele>151.0</ele>
      <time>2026-04-02T11:49:39.922+02:00</time>
      <extensions>
        <activity type="IN_VEHICLE" conf="97" state="moving" tsMs="1775123375135"/>
        <radio op="vodafone IT" rat="LTE" rsrp="-103" rsrq="-9"/>
        <radio op="I TIM" rat="LTE" q="42.00" rsrp="-97" sinr="10" rsrq="-11"/>
      </extensions>
    </trkpt>
    <trkpt lat="45.9390974" lon="10.9008809">
      <ele>153.0</ele>
      <time>2026-04-02T11:49:49.922+02:00</time>
      <extensions>
        <activity type="IN_VEHICLE" conf="97" state="moving" tsMs="1775123385823"/>
        <radio op="vodafone IT" rat="LTE" rsrp="-106" rsrq="-12"/>
        <radio op="I TIM" rat="LTE" q="64.00" rsrp="-93" sinr="15" rsrq="-12"/>
      </extensions>
    </trkpt>
    <trkpt lat="45.9378397" lon="10.9001581">
      <ele>153.0</ele>
      <time>2026-04-02T11:49:59.922+02:00</time>
      <extensions>
        <activity type="IN_VEHICLE" conf="96" state="moving" tsMs="1775123396491"/>
        <radio op="vodafone IT" rat="LTE" q="8.00" rsrp="-109" sinr="0" rsrq="-14"/>
        <radio op="I TIM" rat="LTE" q="85.00" rsrp="-91" sinr="20" rsrq="-11"/>
      </extensions>
    </trkpt>
    <trkpt lat="45.9366546" lon="10.8989254">
      <ele>151.0</ele>
      <time>2026-04-02T11:50:09.922+02:00</time>
      <extensions>
        <activity type="IN_VEHICLE" conf="98" state="moving" tsMs="1775123407162"/>
        <radio op="vodafone IT" rat="LTE" rsrp="-112" rsrq="-17"/>
        <radio op="I TIM" rat="LTE" q="56.00" rsrp="-97" sinr="15" rsrq="-11"/>
      </extensions>
    </trkpt>
    <trkpt lat="45.935323" lon="10.8978246">
      <ele>150.0</ele>
      <time>2026-04-02T11:50:19.922+02:00</time>
      <extensions>
        <activity type="IN_VEHICLE" conf="96" state="moving" tsMs="1775123417857"/>
        <radio op="vodafone IT" rat="LTE" q="43.50" rsrp="-96" sinr="10" rsrq="-11"/>
        <radio op="I TIM" rat="LTE" q="47.60" rsrp="-97" sinr="12" rsrq="-11"/>
      </extensions>
    </trkpt>
    <trkpt lat="45.9340364" lon="10.8972386">
      <ele>149.0</ele>
      <time>2026-04-02T11:50:29.922+02:00</time>
      <extensions>
        <activity type="IN_VEHICLE" conf="97" state="moving" tsMs="1775123428517"/>
        <radio op="vodafone IT" rat="LTE" q="36.00" rsrp="-105" sinr="13" rsrq="-9"/>
        <radio op="I TIM" rat="LTE" q="62.10" rsrp="-98" sinr="18" rsrq="-11"/>
      </extensions>
    </trkpt>
    <trkpt lat="45.9329581" lon="10.8967505">
      <ele>149.0</ele>
      <time>2026-04-02T11:50:39.922+02:00</time>
      <extensions>
        <activity type="IN_VEHICLE" conf="97" state="moving" tsMs="1775123439221"/>
        <radio op="vodafone IT" rat="LTE" q="18.00" rsrp="-113" sinr="10" rsrq="-7"/>
        <radio op="I TIM" rat="LTE" q="49.30" rsrp="-96" sinr="12" rsrq="-11"/>
      </extensions>
    </trkpt>
    <trkpt lat="45.9325017" lon="10.8965695">
      <ele>149.0</ele>
      <time>2026-04-02T11:50:50.922+02:00</time>
      <extensions>
        <activity type="IN_VEHICLE" conf="96" state="moving" tsMs="1775123449897"/>
        <radio op="vodafone IT" rat="LTE" q="21.00" rsrp="-111" sinr="10" rsrq="-11"/>
        <radio op="I TIM" rat="LTE" q="41.80" rsrp="-106" sinr="17" rsrq="-12"/>
      </extensions>
    </trkpt>
    <trkpt lat="45.9321314" lon="10.8964805">
      <ele>147.0</ele>
      <time>2026-04-02T11:51:00.922+02:00</time>
      <extensions>
        <activity type="IN_VEHICLE" conf="97" state="moving" tsMs="1775123455221"/>
        <radio op="vodafone IT" rat="LTE" q="30.60" rsrp="-108" sinr="13" rsrq="-9"/>
        <radio op="I TIM" rat="LTE" q="54.00" rsrp="-98" sinr="15" rsrq="-12"/>
      </extensions>
    </trkpt>
    <trkpt lat="45.931484" lon="10.896375">
      <ele>146.0</ele>
      <time>2026-04-02T11:51:10.922+02:00</time>
      <extensions>
        <activity type="IN_VEHICLE" conf="98" state="moving" tsMs="1775123465889"/>
        <radio op="vodafone IT" rat="LTE" q="30.60" rsrp="-108" sinr="13" rsrq="-8"/>
        <radio op="I TIM" rat="LTE" q="44.10" rsrp="-104" sinr="16" rsrq="-12"/>
      </extensions>
    </trkpt>
    <trkpt lat="45.9307734" lon="10.8962586">
      <ele>146.0</ele>
      <time>2026-04-02T11:51:20.922+02:00</time>
      <extensions>
        <activity type="IN_VEHICLE" conf="97" state="moving" tsMs="1775123476578"/>
        <radio op="vodafone IT" rat="LTE" q="38.40" rsrp="-109" sinr="19" rsrq="-10"/>
        <radio op="I TIM" rat="LTE" q="50.40" rsrp="-104" sinr="19" rsrq="-12"/>
      </extensions>
    </trkpt>
    <trkpt lat="45.9297507" lon="10.8960962">
      <ele>145.0</ele>
      <time>2026-04-02T11:51:30.922+02:00</time>
      <extensions>
        <activity type="IN_VEHICLE" conf="97" state="moving" tsMs="1775123487249"/>
        <radio op="vodafone IT" rat="LTE" q="37.80" rsrp="-104" sinr="13" rsrq="-9"/>
        <radio op="I TIM" rat="LTE" q="45.60" rsrp="-101" sinr="14" rsrq="-12"/>
      </extensions>
    </trkpt>
    <trkpt lat="45.9286377" lon="10.8959252">
      <ele>145.0</ele>
      <time>2026-04-02T11:51:40.922+02:00</time>
      <extensions>
        <activity type="IN_VEHICLE" conf="92" state="moving" tsMs="1775123497954"/>
        <radio op="vodafone IT" rat="LTE" q="37.80" rsrp="-107" sinr="16" rsrq="-10"/>
        <radio op="I TIM" rat="LTE" q="44.20" rsrp="-99" sinr="12" rsrq="-12"/>
      </extensions>
    </trkpt>
    <trkpt lat="45.927789" lon="10.8957118">
      <ele>144.0</ele>
      <time>2026-04-02T11:51:50.921+02:00</time>
      <extensions>
        <activity type="IN_VEHICLE" conf="97" state="moving" tsMs="1775123508627"/>
        <radio op="vodafone IT" rat="LTE" q="38.40" rsrp="-101" sinr="11" rsrq="-13"/>
        <radio op="I TIM" rat="LTE" q="55.00" rsrp="-100" sinr="17" rsrq="-12"/>
      </extensions>
    </trkpt>
    <trkpt lat="45.9270742" lon="10.8953447">
      <ele>144.0</ele>
      <time>2026-04-02T11:52:00.922+02:00</time>
      <extensions>
        <activity type="IN_VEHICLE" conf="96" state="moving" tsMs="1775123519293"/>
        <radio op="vodafone IT" rat="LTE" q="44.00" rsrp="-103" sinr="15" rsrq="-11"/>
        <radio op="I TIM" rat="LTE" q="58.00" rsrp="-96" sinr="15" rsrq="-9"/>
      </extensions>
    </trkpt>
    <trkpt lat="45.9264664" lon="10.8950248">
      <ele>144.0</ele>
      <time>2026-04-02T11:52:10.922+02:00</time>
      <extensions>
        <activity type="IN_VEHICLE" conf="97" state="moving" tsMs="1775123529947"/>
        <radio op="vodafone IT" rat="LTE" q="42.00" rsrp="-104" sinr="15" rsrq="-6"/>
        <radio op="I TIM" rat="LTE" q="50.40" rsrp="-97" sinr="13" rsrq="-9"/>
      </extensions>
    </trkpt>
    <trkpt lat="45.9258876" lon="10.8947324">
      <ele>143.0</ele>
      <time>2026-04-02T11:52:20.922+02:00</time>
      <extensions>
        <activity type="IN_VEHICLE" conf="97" state="moving" tsMs="1775123540654"/>
        <radio op="vodafone IT" rat="LTE" q="34.20" rsrp="-107" sinr="14" rsrq="-10"/>
        <radio op="I TIM" rat="LTE" q="55.10" rsrp="-96" sinr="14" rsrq="-10"/>
      </extensions>
    </trkpt>
    <trkpt lat="45.9249694" lon="10.8942674">
      <ele>143.0</ele>
      <time>2026-04-02T11:52:31.922+02:00</time>
      <extensions>
        <activity type="IN_VEHICLE" conf="97" state="moving" tsMs="1775123551334"/>
        <radio op="vodafone IT" rat="LTE" q="62.40" rsrp="-99" sinr="19" rsrq="-9"/>
        <radio op="I TIM" rat="LTE" q="82.50" rsrp="-92" sinr="20" rsrq="-10"/>
      </extensions>
    </trkpt>
    <trkpt lat="45.9241114" lon="10.8937211">
      <ele>144.0</ele>
      <time>2026-04-02T11:52:41.921+02:00</time>
      <extensions>
        <activity type="IN_VEHICLE" conf="98" state="moving" tsMs="1775123556654"/>
        <radio op="vodafone IT" rat="LTE" q="60.90" rsrp="-96" sinr="16" rsrq="-5"/>
        <radio op="I TIM" rat="LTE" q="72.60" rsrp="-92" sinr="17" rsrq="-8"/>
      </extensions>
    </trkpt>
    <trkpt lat="45.9236136" lon="10.8930577">
      <ele>144.0</ele>
      <time>2026-04-02T11:52:51.922+02:00</time>
      <extensions>
        <activity type="IN_VEHICLE" conf="97" state="moving" tsMs="1775123567339"/>
        <radio op="vodafone IT" rat="LTE" q="34.20" rsrp="-106" sinr="13" rsrq="-8"/>
        <radio op="I TIM" rat="LTE" q="29.90" rsrp="-102" sinr="8" rsrq="-11"/>
      </extensions>
    </trkpt>
    <trkpt lat="45.9230052" lon="10.89346">
      <ele>143.0</ele>
      <time>2026-04-02T11:53:01.922+02:00</time>
      <extensions>
        <activity type="IN_VEHICLE" conf="97" state="moving" tsMs="1775123578003"/>
        <radio op="vodafone IT" rat="LTE" q="39.90" rsrp="-104" sinr="14" rsrq="-10"/>
        <radio op="I TIM" rat="LTE" q="52.50" rsrp="-100" sinr="16" rsrq="-8"/>
      </extensions>
    </trkpt>
    <trkpt lat="45.9220129" lon="10.8940941">
      <ele>143.0</ele>
      <time>2026-04-02T11:53:11.922+02:00</time>
      <extensions>
        <activity type="IN_VEHICLE" conf="96" state="moving" tsMs="1775123588684"/>
        <radio op="vodafone IT" rat="LTE" q="60.00" rsrp="-101" sinr="22" rsrq="-5"/>
        <radio op="I TIM" rat="LTE" q="39.20" rsrp="-97" sinr="9" rsrq="-12"/>
      </extensions>
    </trkpt>
    <trkpt lat="45.9211913" lon="10.8958382">
      <ele>145.0</ele>
      <time>2026-04-02T11:53:21.921+02:00</time>
      <extensions>
        <activity type="IN_VEHICLE" conf="97" state="moving" tsMs="1775123599354"/>
        <radio op="vodafone IT" rat="LTE" q="11.00" rsrp="-114" sinr="5" rsrq="-10"/>
        <radio op="I TIM" rat="LTE" q="4.80" rsrp="-117" sinr="1" rsrq="-14"/>
      </extensions>
    </trkpt>
    <trkpt lat="45.9199438" lon="10.8966154">
      <ele>149.0</ele>
      <time>2026-04-02T11:53:31.922+02:00</time>
      <extensions>
        <activity type="IN_VEHICLE" conf="97" state="moving" tsMs="1775123610010"/>
        <radio op="vodafone IT" rat="LTE" q="70.00" rsrp="-97" sinr="21" rsrq="-9"/>
        <radio op="I TIM" rat="LTE" q="27.50" rsrp="-100" sinr="6" rsrq="-13"/>
      </extensions>
    </trkpt>
    <trkpt lat="45.9184058" lon="10.8962854">
      <ele>150.0</ele>
      <time>2026-04-02T11:53:41.922+02:00</time>
      <extensions>
        <activity type="IN_VEHICLE" conf="97" state="moving" tsMs="1775123620736"/>
        <radio op="vodafone IT" rat="LTE" q="67.20" rsrp="-97" sinr="19" rsrq="-6"/>
        <radio op="I TIM" rat="LTE" q="39.00" rsrp="-99" sinr="10" rsrq="-12"/>
      </extensions>
    </trkpt>
    <trkpt lat="45.916765" lon="10.8958389">
      <ele>156.4320450613086</ele>
      <time>2026-04-02T11:53:51.922+02:00</time>
      <extensions>
        <activity type="IN_VEHICLE" conf="97" state="moving" tsMs="1775123626059"/>
        <radio op="vodafone IT" rat="LTE" q="72.50" rsrp="-96" sinr="23" rsrq="-8"/>
        <radio op="I TIM" rat="LTE" q="54.00" rsrp="-95" sinr="13" rsrq="-13"/>
      </extensions>
    </trkpt>
    <trkpt lat="45.9151383" lon="10.895296">
      <ele>155.0</ele>
      <time>2026-04-02T11:54:02.922+02:00</time>
      <extensions>
        <activity type="IN_VEHICLE" conf="96" state="moving" tsMs="1775123632416"/>
        <radio op="vodafone IT" rat="LTE" q="60.00" rsrp="-101" sinr="24" rsrq="-7"/>
        <radio op="I TIM" rat="LTE" rsrp="-98" rsrq="-12"/>
      </extensions>
    </trkpt>
    <trkpt lat="45.9144662" lon="10.894581">
      <ele>154.0</ele>
      <time>2026-04-02T11:54:12.922+02:00</time>
      <extensions>
        <activity type="IN_VEHICLE" conf="97" state="moving" tsMs="1775123651550"/>
        <radio op="vodafone IT" rat="LTE" q="72.50" rsrp="-96" sinr="20" rsrq="-9"/>
        <radio op="I TIM" rat="LTE" q="51.00" rsrp="-91" sinr="10" rsrq="-10"/>
      </extensions>
    </trkpt>
    <trkpt lat="45.9135984" lon="10.8944358">
      <ele>150.0</ele>
      <time>2026-04-02T11:54:22.92+02:00</time>
      <extensions>
        <activity type="IN_VEHICLE" conf="97" state="moving" tsMs="1775123662270"/>
        <radio op="vodafone IT" rat="LTE" q="18.00" rsrp="-110" sinr="7" rsrq="-12"/>
        <radio op="I TIM" rat="LTE" q="30.60" rsrp="-91" sinr="4" rsrq="-9"/>
      </extensions>
    </trkpt>
    <trkpt lat="45.9131047" lon="10.8928287">
      <ele>145.0</ele>
      <time>2026-04-02T11:54:32.921+02:00</time>
      <extensions>
        <activity type="IN_VEHICLE" conf="97" state="moving" tsMs="1775123667593"/>
        <radio op="vodafone IT" rat="LTE" q="55.10" rsrp="-96" sinr="14" rsrq="-9"/>
        <radio op="I TIM" rat="LTE" q="25.20" rsrp="-89" sinr="2" rsrq="-13"/>
      </extensions>
    </trkpt>
    <trkpt lat="45.9134465" lon="10.8907855">
      <ele>140.0</ele>
      <time>2026-04-02T11:54:42.921+02:00</time>
      <extensions>
        <activity type="IN_VEHICLE" conf="97" state="moving" tsMs="1775123678273"/>
        <radio op="vodafone IT" rat="LTE" q="75.60" rsrp="-89" sinr="16" rsrq="-6"/>
        <radio op="I TIM" rat="LTE" q="56.00" rsrp="-84" sinr="9" rsrq="-8"/>
      </extensions>
    </trkpt>
    <trkpt lat="45.9137137" lon="10.8885788">
      <ele>139.0</ele>
      <time>2026-04-02T11:54:52.92+02:00</time>
      <extensions>
        <activity type="IN_VEHICLE" conf="97" state="moving" tsMs="1775123688930"/>
        <radio op="vodafone IT" rat="LTE" q="46.00" rsrp="-102" sinr="15" rsrq="-11"/>
        <radio op="I TIM" rat="LTE" rsrp="-91" rsrq="-12"/>
      </extensions>
    </trkpt>
    <trkpt lat="45.9130074" lon="10.8866182">
      <ele>140.0</ele>
      <time>2026-04-02T11:55:02.921+02:00</time>
      <extensions>
        <activity type="IN_VEHICLE" conf="97" state="moving" tsMs="1775123699581"/>
        <radio op="vodafone IT" rat="LTE" q="21.60" rsrp="-107" sinr="7" rsrq="-7"/>
        <radio op="I TIM" rat="LTE" q="56.00" rsrp="-80" sinr="9" rsrq="-11"/>
      </extensions>
    </trkpt>
    <trkpt lat="45.9119138" lon="10.8849303">
      <ele>139.0</ele>
      <time>2026-04-02T11:55:12.921+02:00</time>
      <extensions>
        <activity type="IN_VEHICLE" conf="97" state="moving" tsMs="1775123710248"/>
        <radio op="vodafone IT" rat="LTE" q="18.20" rsrp="-111" sinr="8" rsrq="-10"/>
        <radio op="I TIM" rat="LTE" rsrp="-87" rsrq="-13"/>
      </extensions>
    </trkpt>
    <trkpt lat="45.9104556" lon="10.8839989">
      <ele>139.0</ele>
      <time>2026-04-02T11:55:22.921+02:00</time>
      <extensions>
        <activity type="IN_VEHICLE" conf="97" state="moving" tsMs="1775123720953"/>
        <radio op="vodafone IT" rat="LTE" q="39.60" rsrp="-89" sinr="6" rsrq="-10"/>
        <radio op="I TIM" rat="LTE" rsrp="-87" rsrq="-16"/>
      </extensions>
    </trkpt>
    <trkpt lat="45.9092666" lon="10.882424">
      <ele>140.0</ele>
      <time>2026-04-02T11:55:33.921+02:00</time>
      <extensions>
        <activity type="IN_VEHICLE" conf="97" state="moving" tsMs="1775123731612"/>
        <radio op="vodafone IT" rat="LTE" q="46.20" rsrp="-92" sinr="9" rsrq="-8"/>
        <radio op="I TIM" rat="LTE" q="80.00" rsrp="-77" sinr="15" rsrq="-10"/>
      </extensions>
    </trkpt>
    <trkpt lat="45.9088537" lon="10.8806704">
      <ele>138.0</ele>
      <time>2026-04-02T11:55:43.921+02:00</time>
      <extensions>
        <activity type="IN_VEHICLE" conf="97" state="moving" tsMs="1775123742252"/>
        <radio op="vodafone IT" rat="LTE" q="93.60" rsrp="-86" sinr="19" rsrq="-7"/>
        <radio op="I TIM" rat="LTE" q="68.00" rsrp="-76" sinr="12" rsrq="-9"/>
      </extensions>
    </trkpt>
    <trkpt lat="45.9091507" lon="10.8797755">
      <ele>137.0</ele>
      <time>2026-04-02T11:55:53.92+02:00</time>
      <extensions>
        <activity type="IN_VEHICLE" conf="96" state="moving" tsMs="1775123752923"/>
        <radio op="vodafone IT" rat="LTE" q="54.40" rsrp="-91" sinr="11" rsrq="-10"/>
        <radio op="I TIM" rat="LTE" rsrp="-89" rsrq="-15"/>
      </extensions>
    </trkpt>
    <trkpt lat="45.9087986" lon="10.8789541">
      <ele>136.0</ele>
      <time>2026-04-02T11:56:03.921+02:00</time>
      <extensions>
        <activity type="IN_VEHICLE" conf="97" state="moving" tsMs="1775123763574"/>
        <radio op="vodafone IT" rat="LTE" q="68.00" rsrp="-82" sinr="12" rsrq="-9"/>
        <radio op="I TIM" rat="LTE" rsrp="-86" rsrq="-13"/>
      </extensions>
    </trkpt>
    <trkpt lat="45.9081523" lon="10.8778789">
      <ele>136.0</ele>
      <time>2026-04-02T11:56:13.921+02:00</time>
      <extensions>
        <activity type="IN_VEHICLE" conf="97" state="moving" tsMs="1775123768896"/>
        <radio op="vodafone IT" rat="LTE" q="100.00" rsrp="-69" sinr="21" rsrq="-6"/>
        <radio op="I TIM" rat="LTE" q="76.00" rsrp="-78" sinr="14" rsrq="-8"/>
      </extensions>
    </trkpt>
    <trkpt lat="45.9071274" lon="10.8767653">
      <ele>135.0</ele>
      <time>2026-04-02T11:56:23.921+02:00</time>
      <extensions>
        <activity type="IN_VEHICLE" conf="97" state="moving" tsMs="1775123779553"/>
        <radio op="vodafone IT" rat="LTE" rsrp="-85" rsrq="-9"/>
        <radio op="I TIM" rat="LTE" rsrp="-82" rsrq="-10"/>
      </extensions>
    </trkpt>
    <trkpt lat="45.9059961" lon="10.875733">
      <ele>134.0</ele>
      <time>2026-04-02T11:56:33.921+02:00</time>
      <extensions>
        <activity type="IN_VEHICLE" conf="97" state="moving" tsMs="1775123790202"/>
        <radio op="vodafone IT" rat="LTE" q="100.00" rsrp="-72" sinr="26" rsrq="-8"/>
        <radio op="I TIM" rat="LTE" q="80.00" rsrp="-77" sinr="15" rsrq="-8"/>
      </extensions>
    </trkpt>
    <trkpt lat="45.9049055" lon="10.8747949">
      <ele>134.0</ele>
      <time>2026-04-02T11:56:43.921+02:00</time>
      <extensions>
        <activity type="IN_VEHICLE" conf="97" state="moving" tsMs="1775123800869"/>
        <radio op="vodafone IT" rat="LTE" q="72.20" rsrp="-87" sinr="14" rsrq="-10"/>
        <radio op="I TIM" rat="LTE" rsrp="-78" rsrq="-10"/>
      </extensions>
    </trkpt>
    <trkpt lat="45.9044221" lon="10.8738577">
      <ele>133.0</ele>
      <time>2026-04-02T11:56:54.921+02:00</time>
      <extensions>
        <activity type="IN_VEHICLE" conf="97" state="moving" tsMs="1775123811517"/>
        <radio op="vodafone IT" rat="LTE" q="44.40" rsrp="-88" sinr="7" rsrq="-10"/>
        <radio op="I TIM" rat="LTE" q="76.00" rsrp="-75" sinr="14" rsrq="-7"/>
      </extensions>
    </trkpt>
    <trkpt lat="45.9047539" lon="10.8724648">
      <ele>133.0</ele>
      <time>2026-04-02T11:57:04.921+02:00</time>
      <extensions>
        <activity type="IN_VEHICLE" conf="97" state="moving" tsMs="1775123822180"/>
        <radio op="vodafone IT" rat="LTE" q="84.00" rsrp="-77" sinr="16" rsrq="-6"/>
        <radio op="I TIM" rat="LTE" q="52.00" rsrp="-71" sinr="8" rsrq="-7"/>
      </extensions>
    </trkpt>
    <trkpt lat="45.9054166" lon="10.8707653">
      <ele>133.0</ele>
      <time>2026-04-02T11:57:14.921+02:00</time>
      <extensions>
        <activity type="IN_VEHICLE" conf="97" state="moving" tsMs="1775123832832"/>
        <radio op="vodafone IT" rat="LTE" q="27.20" rsrp="-91" sinr="3" rsrq="-9"/>
        <radio op="I TIM" rat="LTE" q="20.00" rsrp="-79" sinr="0" rsrq="-7"/>
      </extensions>
    </trkpt>
    <trkpt lat="45.9062793" lon="10.8690096">
      <ele>132.0</ele>
      <time>2026-04-02T11:57:24.921+02:00</time>
      <extensions>
        <activity type="IN_VEHICLE" conf="97" state="moving" tsMs="1775123843495"/>
        <radio op="vodafone IT" rat="LTE" q="92.00" rsrp="-79" sinr="18" rsrq="-10"/>
        <radio op="I TIM" rat="LTE" q="28.00" rsrp="-78" sinr="2" rsrq="-9"/>
      </extensions>
    </trkpt>
    <trkpt lat="45.9070116" lon="10.8678139">
      <ele>131.0</ele>
      <time>2026-04-02T11:57:34.921+02:00</time>
      <extensions>
        <activity type="IN_VEHICLE" conf="97" state="moving" tsMs="1775123854176"/>
        <radio op="vodafone IT" rat="LTE" q="92.00" rsrp="-74" sinr="18" rsrq="-9"/>
        <radio op="I TIM" rat="LTE" q="100.00" rsrp="-72" sinr="21" rsrq="-10"/>
      </extensions>
    </trkpt>
    <trkpt lat="45.9071604" lon="10.8676602">
      <ele>131.0</ele>
      <time>2026-04-02T11:57:44.921+02:00</time>
      <extensions>
        <activity type="IN_VEHICLE" conf="97" state="moving" tsMs="1775123864854"/>
        <radio op="vodafone IT" rat="LTE" q="88.00" rsrp="-82" sinr="17" rsrq="-11"/>
        <radio op="I TIM" rat="LTE" q="68.00" rsrp="-75" sinr="12" rsrq="-8"/>
      </extensions>
    </trkpt>
    <trkpt lat="45.9075477" lon="10.8672273">
      <ele>133.0</ele>
      <time>2026-04-02T11:57:54.921+02:00</time>
      <extensions>
        <activity type="IN_VEHICLE" conf="97" state="moving" tsMs="1775123870205"/>
        <radio op="vodafone IT" rat="LTE" q="40.70" rsrp="-88" sinr="6" rsrq="-12"/>
        <radio op="I TIM" rat="LTE" q="60.00" rsrp="-83" sinr="10" rsrq="-9"/>
      </extensions>
    </trkpt>
    <trkpt lat="45.9069102" lon="10.8667584">
      <ele>131.0</ele>
      <time>2026-04-02T11:58:04.921+02:00</time>
      <extensions>
        <activity type="IN_VEHICLE" conf="97" state="moving" tsMs="1775123880891"/>
        <radio op="vodafone IT" rat="LTE" q="38.00" rsrp="-87" sinr="5" rsrq="-9"/>
        <radio op="I TIM" rat="LTE" q="52.00" rsrp="-80" sinr="8" rsrq="-11"/>
      </extensions>
    </trkpt>
    <trkpt lat="45.9063317" lon="10.8660547">
      <ele>131.0</ele>
      <time>2026-04-02T11:58:14.921+02:00</time>
      <extensions>
        <activity type="IN_VEHICLE" conf="97" state="moving" tsMs="1775123891547"/>
        <radio op="vodafone IT" rat="LTE" q="76.00" rsrp="-79" sinr="14" rsrq="-11"/>
        <radio op="I TIM" rat="LTE" q="56.00" rsrp="-72" sinr="9" rsrq="-9"/>
      </extensions>
    </trkpt>
    <trkpt lat="45.9062028" lon="10.8658976">
      <ele>131.0</ele>
      <time>2026-04-02T11:58:24.921+02:00</time>
      <extensions>
        <activity type="IN_VEHICLE" conf="97" state="moving" tsMs="1775123902193"/>
        <radio op="vodafone IT" rat="LTE" q="56.00" rsrp="-79" sinr="9" rsrq="-9"/>
        <radio op="I TIM" rat="LTE" q="100.00" rsrp="-74" sinr="20" rsrq="-9"/>
      </extensions>
    </trkpt>
    <trkpt lat="45.9058066" lon="10.8654094">
      <ele>131.0</ele>
      <time>2026-04-02T11:58:35.92+02:00</time>
      <extensions>
        <activity type="IN_VEHICLE" conf="97" state="moving" tsMs="1775123912899"/>
        <radio op="vodafone IT" rat="LTE" q="28.00" rsrp="-85" sinr="2" rsrq="-10"/>
        <radio op="I TIM" rat="LTE" q="80.00" rsrp="-75" sinr="15" rsrq="-10"/>
      </extensions>
    </trkpt>
    <trkpt lat="45.9055884" lon="10.8655509">
      <ele>131.0</ele>
      <time>2026-04-02T11:58:45.92+02:00</time>
      <extensions>
        <activity type="IN_VEHICLE" conf="97" state="moving" tsMs="1775123923555"/>
        <radio op="vodafone IT" rat="LTE" rsrp="-88" rsrq="-11"/>
        <radio op="I TIM" rat="LTE" q="56.00" rsrp="-75" sinr="9" rsrq="-9"/>
      </extensions>
    </trkpt>
    <trkpt lat="45.9052901" lon="10.8652178">
      <ele>133.0</ele>
      <time>2026-04-02T11:58:55.921+02:00</time>
      <extensions>
        <activity type="IN_VEHICLE" conf="97" state="moving" tsMs="1775123934254"/>
        <radio op="vodafone IT" rat="LTE" q="56.00" rsrp="-77" sinr="9" rsrq="-8"/>
        <radio op="I TIM" rat="LTE" q="100.00" rsrp="-73" sinr="21" rsrq="-9"/>
      </extensions>
    </trkpt>
    <trkpt lat="45.9050436" lon="10.8656608">
      <ele>130.0</ele>
      <time>2026-04-02T11:59:05.921+02:00</time>
      <extensions>
        <activity type="IN_VEHICLE" conf="97" state="moving" tsMs="1775123944907"/>
        <radio op="vodafone IT" rat="LTE" q="24.30" rsrp="-98" sinr="4" rsrq="-11"/>
        <radio op="I TIM" rat="LTE" q="41.60" rsrp="-99" sinr="11" rsrq="-11"/>
      </extensions>
    </trkpt>
    <trkpt lat="45.9051885" lon="10.8657498">
      <ele>132.0</ele>
      <time>2026-04-02T11:59:15.921+02:00</time>
      <extensions>
        <activity type="IN_VEHICLE" conf="97" state="moving" tsMs="1775123955607"/>
        <radio op="vodafone IT" rat="LTE" rsrp="-127" rsrq="-15"/>
        <radio op="I TIM" rat="LTE" rsrp="-123" rsrq="-14"/>
      </extensions>
    </trkpt>
    <trkpt lat="45.9051564" lon="10.8659072">
      <ele>121.802847637583</ele>
      <time>2026-04-02T11:59:25.921+02:00</time>
      <extensions>
        <activity type="IN_VEHICLE" conf="97" state="moving" tsMs="1775123960944"/>
        <radio op="vodafone IT" rat="LTE" rsrp="-125" rsrq="-13"/>
        <radio op="I TIM" rat="LTE" rsrp="-129" rsrq="-16"/>
      </extensions>
    </trkpt>
    <trkpt lat="45.9051103" lon="10.8659784">
      <ele>136.0</ele>
      <time>2026-04-02T11:59:36.921+02:00</time>
      <extensions>
        <activity type="IN_VEHICLE" conf="97" state="moving" tsMs="1775123960944"/>
        <radio op="vodafone IT" rat="OTHER"/>
        <radio op="I TIM" rat="LTE" rsrp="-132" rsrq="-18"/>
      </extensions>
    </trkpt>
    <trkpt lat="45.9051103" lon="10.8659784">
      <ele>122.66100943935233</ele>
      <time>2026-04-02T11:59:43.832+02:00</time>
      <extensions>
        <activity type="IN_VEHICLE" conf="88" state="moving" tsMs="1775123967397"/>
        <radio op="vodafone IT" rat="LTE" rsrp="-127" rsrq="-12"/>
        <radio op="I TIM" rat="LTE" rsrp="-129" rsrq="-15"/>
      </extensions>
    </trkpt>
    <trkpt lat="45.9051103" lon="10.8659784">
      <ele>123.69559612748319</ele>
      <time>2026-04-02T12:00:26.084+02:00</time>
      <extensions>
        <activity type="ON_FOOT" conf="86" state="moving" tsMs="1775124024792"/>
        <radio op="vodafone IT" rat="LTE" rsrp="-128" rsrq="-14"/>
        <radio op="I TIM" rat="LTE" rsrq="-20"/>
      </extensions>
    </trkpt>
    <trkpt lat="45.9054444" lon="10.8655471">
      <ele>129.5</ele>
      <time>2026-04-02T12:00:45.837+02:00</time>
      <extensions>
        <activity type="UNKNOWN" conf="40" state="unknown" tsMs="1775124059649"/>
        <radio op="vodafone IT" rat="LTE" q="54.00" rsrp="-95" sinr="13" rsrq="-10"/>
        <radio op="I TIM" rat="LTE" q="54.00" rsrp="-98" sinr="15" rsrq="-9"/>
      </extensions>
    </trkpt>
    <trkpt lat="45.9053902" lon="10.865741">
      <ele>129.5</ele>
      <time>2026-04-02T12:01:43.45+02:00</time>
      <extensions>
        <activity type="UNKNOWN" conf="40" state="unknown" tsMs="1775124101054"/>
        <radio op="vodafone IT" rat="LTE" q="2.40" rsrp="-121" sinr="1" rsrq="-14"/>
        <radio op="I TIM" rat="LTE" rsrp="-124" rsrq="-16"/>
      </extensions>
    </trkpt>
    <trkpt lat="45.9054102" lon="10.8656886">
      <ele>129.5</ele>
      <time>2026-04-02T12:02:20.239+02:00</time>
      <extensions>
        <activity type="UNKNOWN" conf="40" state="unknown" tsMs="1775124136067"/>
        <radio op="vodafone IT" rat="LTE" q="6.30" rsrp="-118" sinr="4" rsrq="-14"/>
        <radio op="I TIM" rat="LTE" rsrp="-118" rsrq="-11"/>
      </extensions>
    </trkpt>
    <trkpt lat="45.9053944" lon="10.8656969">
      <ele>129.5</ele>
      <time>2026-04-02T12:02:53.772+02:00</time>
      <extensions>
        <activity type="UNKNOWN" conf="40" state="unknown" tsMs="1775124172605"/>
        <radio op="vodafone IT" rat="LTE" q="0.60" rsrp="-124" sinr="1" rsrq="-15"/>
        <radio op="I TIM" rat="LTE" rsrp="-120" rsrq="-11"/>
      </extensions>
    </trkpt>
    <trkpt lat="45.90543" lon="10.8656267">
      <ele>129.5</ele>
      <time>2026-04-02T12:03:59.873+02:00</time>
      <extensions>
        <activity type="STILL" conf="87" state="still" tsMs="1775124238079"/>
        <radio op="vodafone IT" rat="LTE" q="0.00" rsrp="-130" sinr="0" rsrq="-19"/>
        <radio op="I TIM" rat="LTE" q="1.40" rsrp="-123" sinr="2" rsrq="-16"/>
      </extensions>
    </trkpt>
    <trkpt lat="45.9054202" lon="10.8656848">
      <ele>129.5</ele>
      <time>2026-04-02T12:04:42.301+02:00</time>
      <extensions>
        <activity type="UNKNOWN" conf="40" state="unknown" tsMs="1775124277685"/>
        <radio op="vodafone IT" rat="LTE" rsrp="-131" rsrq="-16"/>
        <radio op="I TIM" rat="LTE" rsrp="-121" rsrq="-18"/>
      </extensions>
    </trkpt>
    <trkpt lat="45.9052514" lon="10.8658392">
      <ele>129.5</ele>
      <time>2026-04-02T12:06:15.971+02:00</time>
      <extensions>
        <activity type="UNKNOWN" conf="40" state="unknown" tsMs="1775124381185"/>
        <radio op="vodafone IT" rat="LTE" rsrp="-119" rsrq="-15"/>
        <radio op="I TIM" rat="LTE" q="3.60" rsrp="-119" sinr="1" rsrq="-11"/>
      </extensions>
    </trkpt>
    <trkpt lat="45.9053126" lon="10.8657624">
      <ele>129.5</ele>
      <time>2026-04-02T12:06:47.246+02:00</time>
      <extensions>
        <activity type="UNKNOWN" conf="40" state="unknown" tsMs="1775124402789"/>
        <radio op="vodafone IT" rat="LTE" rsrp="-122" rsrq="-14"/>
        <radio op="I TIM" rat="LTE" q="4.00" rsrp="-120" sinr="3" rsrq="-12"/>
      </extensions>
    </trkpt>
    <trkpt lat="45.9052379" lon="10.8658909">
      <ele>129.5</ele>
      <time>2026-04-02T12:07:18.439+02:00</time>
      <extensions>
        <activity type="UNKNOWN" conf="40" state="unknown" tsMs="1775124434039"/>
        <radio op="vodafone IT" rat="LTE" rsrp="-118" rsrq="-12"/>
        <radio op="I TIM" rat="LTE" rsrp="-120" rsrq="-11"/>
      </extensions>
    </trkpt>
    <trkpt lat="45.9052555" lon="10.8658814">
      <ele>129.5</ele>
      <time>2026-04-02T12:07:49.519+02:00</time>
      <extensions>
        <activity type="UNKNOWN" conf="40" state="unknown" tsMs="1775124465041"/>
        <radio op="vodafone IT" rat="LTE" q="11.00" rsrp="-114" sinr="5" rsrq="-11"/>
        <radio op="I TIM" rat="LTE" q="6.00" rsrp="-115" sinr="1" rsrq="-11"/>
      </extensions>
    </trkpt>
    <trkpt lat="45.9052265" lon="10.8658903">
      <ele>129.40000915527344</ele>
      <time>2026-04-02T12:08:24.962+02:00</time>
      <extensions>
        <activity type="UNKNOWN" conf="40" state="unknown" tsMs="1775124499088"/>
        <radio op="vodafone IT" rat="LTE" q="8.80" rsrp="-117" sinr="6" rsrq="-13"/>
        <radio op="I TIM" rat="LTE" q="9.60" rsrp="-113" sinr="3" rsrq="-10"/>
      </extensions>
    </trkpt>
    <trkpt lat="45.9052725" lon="10.865816">
      <ele>129.5</ele>
      <time>2026-04-02T12:09:06.185+02:00</time>
      <extensions>
        <activity type="UNKNOWN" conf="40" state="unknown" tsMs="1775124539831"/>
        <radio op="vodafone IT" rat="LTE" rsrp="-122" rsrq="-11"/>
        <radio op="I TIM" rat="LTE" q="0.50" rsrp="-124" sinr="0" rsrq="-11"/>
      </extensions>
    </trkpt>
    <trkpt lat="45.905289" lon="10.8656802">
      <ele>129.5</ele>
      <time>2026-04-02T12:09:54.129+02:00</time>
      <extensions>
        <activity type="UNKNOWN" conf="40" state="unknown" tsMs="1775124617095"/>
        <radio op="vodafone IT" rat="LTE" rsrp="-118" rsrq="-13"/>
        <radio op="I TIM" rat="LTE" q="7.00" rsrp="-115" sinr="2" rsrq="-9"/>
      </extensions>
    </trkpt>
    <trkpt lat="45.9052935" lon="10.8655529">
      <ele>129.5</ele>
      <time>2026-04-02T12:11:14.557+02:00</time>
      <extensions>
        <activity type="UNKNOWN" conf="40" state="unknown" tsMs="1775124649471"/>
        <radio op="vodafone IT" rat="LTE" q="6.00" rsrp="-115" sinr="1" rsrq="-12"/>
        <radio op="I TIM" rat="LTE" rsrp="-114" rsrq="-13"/>
      </extensions>
    </trkpt>
    <trkpt lat="45.9052318" lon="10.86563">
      <ele>131.30756975039745</ele>
      <time>2026-04-02T12:11:54.164+02:00</time>
      <extensions>
        <activity type="UNKNOWN" conf="40" state="unknown" tsMs="1775124713087"/>
        <radio op="vodafone IT" rat="LTE" rsrp="-121" rsrq="-13"/>
        <radio op="I TIM" rat="LTE" q="12.60" rsrp="-111" sinr="4" rsrq="-8"/>
      </extensions>
    </trkpt>
    <trkpt lat="45.9052588" lon="10.865587">
      <ele>129.5</ele>
      <time>2026-04-02T12:12:59.271+02:00</time>
      <extensions>
        <activity type="STILL" conf="65" state="still" tsMs="1775124775931"/>
        <radio op="vodafone IT" rat="LTE" q="10.00" rsrp="-115" sinr="5" rsrq="-11"/>
        <radio op="I TIM" rat="LTE" q="7.00" rsrp="-115" sinr="2" rsrq="-11"/>
      </extensions>
    </trkpt>
    <trkpt lat="45.9053264" lon="10.8655182">
      <ele>133.6371362157798</ele>
      <time>2026-04-02T12:14:03.766+02:00</time>
      <extensions>
        <activity type="UNKNOWN" conf="40" state="unknown" tsMs="1775124848895"/>
        <radio op="vodafone IT" rat="LTE" q="31.50" rsrp="-104" sinr="10" rsrq="-11"/>
        <radio op="I TIM" rat="LTE" q="28.50" rsrp="-106" sinr="10" rsrq="-10"/>
      </extensions>
    </trkpt>
    <trkpt lat="45.9052418" lon="10.8656145">
      <ele>129.5</ele>
      <time>2026-04-02T12:14:34.919+02:00</time>
      <extensions>
        <activity type="UNKNOWN" conf="40" state="unknown" tsMs="1775124870315"/>
        <radio op="vodafone IT" rat="LTE" q="18.20" rsrp="-111" sinr="8" rsrq="-9"/>
        <radio op="I TIM" rat="LTE" q="13.20" rsrp="-113" sinr="6" rsrq="-10"/>
      </extensions>
    </trkpt>
    <trkpt lat="45.9053359" lon="10.8655368">
      <ele>129.5</ele>
      <time>2026-04-02T12:15:06.078+02:00</time>
      <extensions>
        <activity type="UNKNOWN" conf="40" state="unknown" tsMs="1775124901478"/>
        <radio op="vodafone IT" rat="LTE" q="9.90" rsrp="-114" sinr="4" rsrq="-9"/>
        <radio op="I TIM" rat="LTE" q="11.00" rsrp="-114" sinr="5" rsrq="-10"/>
      </extensions>
    </trkpt>
    <trkpt lat="45.9053678" lon="10.8655261">
      <ele>131.27837156868995</ele>
      <time>2026-04-02T12:15:37.317+02:00</time>
      <extensions>
        <activity type="UNKNOWN" conf="40" state="unknown" tsMs="1775124932636"/>
        <radio op="vodafone IT" rat="LTE" q="19.60" rsrp="-111" sinr="9" rsrq="-11"/>
        <radio op="I TIM" rat="LTE" q="11.00" rsrp="-115" sinr="6" rsrq="-10"/>
      </extensions>
    </trkpt>
    <trkpt lat="45.9053637" lon="10.8655006">
      <ele>131.39098635786794</ele>
      <time>2026-04-02T12:16:08.513+02:00</time>
      <extensions>
        <activity type="STILL" conf="59" state="still" tsMs="1775124963933"/>
        <radio op="vodafone IT" rat="LTE" q="23.40" rsrp="-112" sinr="13" rsrq="-8"/>
        <radio op="I TIM" rat="LTE" q="9.00" rsrp="-116" sinr="5" rsrq="-11"/>
      </extensions>
    </trkpt>
    <trkpt lat="45.9053631" lon="10.86546">
      <ele>129.5</ele>
      <time>2026-04-02T12:16:39.662+02:00</time>
      <extensions>
        <activity type="STILL" conf="51" state="still" tsMs="1775124995014"/>
        <radio op="vodafone IT" rat="LTE" q="19.50" rsrp="-112" sinr="10" rsrq="-7"/>
        <radio op="I TIM" rat="LTE" q="13.00" rsrp="-115" sinr="8" rsrq="-10"/>
      </extensions>
    </trkpt>
    <trkpt lat="45.9053689" lon="10.8654514">
      <ele>131.23796687622104</ele>
      <time>2026-04-02T12:17:10.788+02:00</time>
      <extensions>
        <activity type="STILL" conf="42" state="still" tsMs="1775125026209"/>
        <radio op="vodafone IT" rat="LTE" q="10.80" rsrp="-116" sinr="7" rsrq="-10"/>
        <radio op="I TIM" rat="LTE" q="9.90" rsrp="-116" sinr="6" rsrq="-10"/>
      </extensions>
    </trkpt>
    <trkpt lat="45.905359" lon="10.8654447">
      <ele>131.5314820149026</ele>
      <time>2026-04-02T12:17:41.952+02:00</time>
      <extensions>
        <activity type="UNKNOWN" conf="40" state="unknown" tsMs="1775125057374"/>
        <radio op="vodafone IT" rat="LTE" q="27.20" rsrp="-108" sinr="11" rsrq="-8"/>
        <radio op="I TIM" rat="LTE" q="4.50" rsrp="-120" sinr="4" rsrq="-10"/>
      </extensions>
    </trkpt>
    <trkpt lat="45.9053421" lon="10.8654527">
      <ele>129.3000030517578</ele>
      <time>2026-04-02T12:18:13.105+02:00</time>
      <extensions>
        <activity type="UNKNOWN" conf="40" state="unknown" tsMs="1775125088539"/>
        <radio op="vodafone IT" rat="LTE" q="11.00" rsrp="-114" sinr="5" rsrq="-11"/>
        <radio op="I TIM" rat="LTE" q="3.00" rsrp="-119" sinr="0" rsrq="-12"/>
      </extensions>
    </trkpt>
    <trkpt lat="45.9053684" lon="10.8655717">
      <ele>127.64867572216497</ele>
      <time>2026-04-02T12:23:18.049+02:00</time>
      <extensions>
        <activity type="ON_FOOT" conf="87" state="moving" tsMs="1775125422192"/>
        <radio op="vodafone IT" rat="LTE" rsrq="-20"/>
        <radio op="I TIM" rat="LTE" rsrp="-133" rsrq="-20"/>
      </extensions>
    </trkpt>
    <trkpt lat="45.9054058" lon="10.8656701">
      <ele>129.5</ele>
      <time>2026-04-02T12:24:51.147+02:00</time>
      <extensions>
        <activity type="STILL" conf="48" state="still" tsMs="1775125489760"/>
        <radio op="vodafone IT" rat="LTE" rsrq="-20"/>
        <radio op="I TIM" rat="LTE" rsrp="-133" rsrq="-20"/>
      </extensions>
    </trkpt>
    <trkpt lat="45.9054058" lon="10.8656701">
      <ele>129.5</ele>
      <time>2026-04-02T12:24:58.482+02:00</time>
      <extensions>
        <activity type="STILL" conf="100" state="still" tsMs="1775125512451"/>
        <radio op="vodafone IT" rat="LTE" rsrq="-20"/>
        <radio op="I TIM" rat="LTE" rsrp="-133" rsrq="-20"/>
      </extensions>
    </trkpt>
    <trkpt lat="45.9056825" lon="10.8659508">
      <ele>129.5</ele>
      <time>2026-04-02T12:27:25.569+02:00</time>
      <extensions>
        <activity type="UNKNOWN" conf="40" state="unknown" tsMs="1775125637043"/>
        <radio op="vodafone IT" rat="LTE" rsrq="-20"/>
        <radio op="I TIM" rat="LTE" rsrq="-20"/>
      </extensions>
    </trkpt>
    <trkpt lat="45.9056825" lon="10.8659508">
      <ele>129.5</ele>
      <time>2026-04-02T12:27:32.837+02:00</time>
      <extensions>
        <activity type="UNKNOWN" conf="40" state="unknown" tsMs="1775125667136"/>
        <radio op="vodafone IT" rat="LTE" rsrq="-20"/>
        <radio op="I TIM" rat="LTE" rsrq="-20"/>
      </extensions>
    </trkpt>
    <trkpt lat="45.9056825" lon="10.8659508">
      <ele>129.5</ele>
      <time>2026-04-02T12:28:26.641+02:00</time>
      <extensions>
        <activity type="STILL" conf="96" state="still" tsMs="1775125703573"/>
        <radio op="vodafone IT" rat="LTE" rsrq="-20"/>
        <radio op="I TIM" rat="WCDMA"/>
      </extensions>
    </trkpt>
    <trkpt lat="45.9056825" lon="10.8659508">
      <ele>129.5</ele>
      <time>2026-04-02T12:28:41.184+02:00</time>
      <extensions>
        <activity type="UNKNOWN" conf="40" state="unknown" tsMs="1775125718525"/>
        <radio op="vodafone IT" rat="LTE" rsrq="-20"/>
        <radio op="I TIM" rat="WCDMA"/>
      </extensions>
    </trkpt>
    <trkpt lat="45.9056825" lon="10.8659508">
      <ele>129.5</ele>
      <time>2026-04-02T12:28:48.443+02:00</time>
      <extensions>
        <activity type="STILL" conf="100" state="still" tsMs="1775125723742"/>
        <radio op="vodafone IT" rat="LTE" rsrq="-20"/>
        <radio op="I TIM" rat="WCDMA"/>
      </extensions>
    </trkpt>
    <trkpt lat="45.9056825" lon="10.8659508">
      <ele>129.5</ele>
      <time>2026-04-02T12:28:55.719+02:00</time>
      <extensions>
        <activity type="STILL" conf="100" state="still" tsMs="1775125740206"/>
        <radio op="vodafone IT" rat="LTE" rsrq="-20"/>
        <radio op="I TIM" rat="WCDMA"/>
      </extensions>
    </trkpt>
    <trkpt lat="45.9056825" lon="10.8659508">
      <ele>129.5</ele>
      <time>2026-04-02T12:29:10.247+02:00</time>
      <extensions>
        <activity type="STILL" conf="100" state="still" tsMs="1775125740206"/>
        <radio op="vodafone IT" rat="LTE" rsrq="-20"/>
        <radio op="I TIM" rat="WCDMA"/>
      </extensions>
    </trkpt>
    <trkpt lat="45.9056825" lon="10.8659508">
      <ele>129.5</ele>
      <time>2026-04-02T12:29:17.502+02:00</time>
      <extensions>
        <activity type="UNKNOWN" conf="40" state="unknown" tsMs="1775125745517"/>
        <radio op="vodafone IT" rat="LTE" rsrq="-20"/>
        <radio op="I TIM" rat="WCDMA"/>
      </extensions>
    </trkpt>
    <trkpt lat="45.9056825" lon="10.8659508">
      <ele>129.5</ele>
      <time>2026-04-02T12:29:24.781+02:00</time>
      <extensions>
        <activity type="STILL" conf="42" state="still" tsMs="1775125769315"/>
        <radio op="vodafone IT" rat="LTE" rsrq="-20"/>
        <radio op="I TIM" rat="WCDMA"/>
      </extensions>
    </trkpt>
    <trkpt lat="45.9056825" lon="10.8659508">
      <ele>129.5</ele>
      <time>2026-04-02T12:29:39.362+02:00</time>
      <extensions>
        <activity type="STILL" conf="42" state="still" tsMs="1775125769315"/>
        <radio op="vodafone IT" rat="LTE" rsrq="-20"/>
        <radio op="I TIM" rat="WCDMA"/>
      </extensions>
    </trkpt>
    <trkpt lat="45.9056825" lon="10.8659508">
      <ele>129.5</ele>
      <time>2026-04-02T12:29:46.613+02:00</time>
      <extensions>
        <activity type="IN_VEHICLE" conf="96" state="moving" tsMs="1775125793127"/>
        <radio op="vodafone IT" rat="LTE" rsrq="-20"/>
        <radio op="I TIM" rat="WCDMA"/>
      </extensions>
    </trkpt>
    <trkpt lat="45.9056825" lon="10.8659508">
      <ele>129.5</ele>
      <time>2026-04-02T12:30:01.145+02:00</time>
      <extensions>
        <activity type="IN_VEHICLE" conf="96" state="moving" tsMs="1775125798460"/>
        <radio op="vodafone IT" rat="LTE" rsrq="-20"/>
        <radio op="I TIM" rat="LTE" rsrq="-20"/>
      </extensions>
    </trkpt>
    <trkpt lat="45.9056825" lon="10.8659508">
      <ele>129.5</ele>
      <time>2026-04-02T12:30:08.409+02:00</time>
      <extensions>
        <activity type="IN_VEHICLE" conf="96" state="moving" tsMs="1775125803692"/>
        <radio op="vodafone IT" rat="LTE" rsrp="-118" rsrq="-14"/>
        <radio op="" rat="LTE" q="4.80" rsrp="-122" sinr="11" rsrq="-11"/>
      </extensions>
    </trkpt>
    <trkpt lat="45.9051835" lon="10.8655423">
      <ele>129.5</ele>
      <time>2026-04-02T12:30:23.922+02:00</time>
      <extensions>
        <activity type="IN_VEHICLE" conf="97" state="moving" tsMs="1775125820261"/>
        <radio op="vodafone IT" rat="LTE" rsrp="-95" rsrq="-16"/>
        <radio op="" rat="LTE" q="51.00" rsrp="-95" sinr="12" rsrq="-10"/>
      </extensions>
    </trkpt>
    <trkpt lat="45.905311" lon="10.8652566">
      <ele>131.34722455890665</ele>
      <time>2026-04-02T12:30:33.923+02:00</time>
      <extensions>
        <activity type="IN_VEHICLE" conf="96" state="moving" tsMs="1775125825519"/>
        <radio op="vodafone IT" rat="LTE" q="68.00" rsrp="-68" sinr="12" rsrq="-8"/>
        <radio op="I TIM" rat="LTE" rsrp="-106" rsrq="-16"/>
      </extensions>
    </trkpt>
    <trkpt lat="45.905423" lon="10.8653582">
      <ele>132.55418698402477</ele>
      <time>2026-04-02T12:30:43.923+02:00</time>
      <extensions>
        <activity type="IN_VEHICLE" conf="96" state="moving" tsMs="1775125836103"/>
        <radio op="vodafone IT" rat="LTE" q="64.00" rsrp="-74" sinr="11" rsrq="-9"/>
        <radio op="I TIM" rat="LTE" q="100.00" rsrp="-74" sinr="24" rsrq="-9"/>
      </extensions>
    </trkpt>
    <trkpt lat="45.9056045" lon="10.8656153">
      <ele>132.55418698402477</ele>
      <time>2026-04-02T12:30:53.923+02:00</time>
      <extensions>
        <activity type="IN_VEHICLE" conf="96" state="moving" tsMs="1775125841555"/>
        <radio op="vodafone IT" rat="LTE" q="40.00" rsrp="-85" sinr="5" rsrq="-12"/>
        <radio op="I TIM" rat="LTE" q="68.00" rsrp="-84" sinr="12" rsrq="-8"/>
      </extensions>
    </trkpt>
    <trkpt lat="45.905764" lon="10.8654498">
      <ele>132.61735584006112</ele>
      <time>2026-04-02T12:31:04.923+02:00</time>
      <extensions>
        <activity type="IN_VEHICLE" conf="96" state="moving" tsMs="1775125853286"/>
        <radio op="vodafone IT" rat="LTE" q="100.00" rsrp="-77" sinr="23" rsrq="-7"/>
        <radio op="I TIM" rat="LTE" q="100.00" rsrp="-74" sinr="22" rsrq="-5"/>
      </extensions>
    </trkpt>
    <trkpt lat="45.9057644" lon="10.8654497">
      <ele>132.4273999058079</ele>
      <time>2026-04-02T12:31:14.923+02:00</time>
      <extensions>
        <activity type="IN_VEHICLE" conf="96" state="moving" tsMs="1775125864988"/>
        <radio op="vodafone IT" rat="LTE" q="100.00" rsrp="-75" sinr="23" rsrq="-8"/>
        <radio op="I TIM" rat="LTE" q="72.00" rsrp="-76" sinr="13" rsrq="-8"/>
      </extensions>
    </trkpt>
    <trkpt lat="45.9058395" lon="10.8654524">
      <ele>132.55163504633848</ele>
      <time>2026-04-02T12:31:24.923+02:00</time>
      <extensions>
        <activity type="IN_VEHICLE" conf="97" state="moving" tsMs="1775125880723"/>
        <radio op="vodafone IT" rat="LTE" q="36.00" rsrp="-79" sinr="4" rsrq="-8"/>
        <radio op="I TIM" rat="LTE" q="92.00" rsrp="-72" sinr="18" rsrq="-6"/>
      </extensions>
    </trkpt>
    <trkpt lat="45.9063061" lon="10.8660335">
      <ele>133.088604176829</ele>
      <time>2026-04-02T12:31:34.923+02:00</time>
      <extensions>
        <activity type="IN_VEHICLE" conf="96" state="moving" tsMs="1775125885660"/>
        <radio op="vodafone IT" rat="LTE" q="92.00" rsrp="-69" sinr="18" rsrq="-9"/>
        <radio op="I TIM" rat="LTE" q="100.00" rsrp="-71" sinr="21" rsrq="-6"/>
      </extensions>
    </trkpt>
    <trkpt lat="45.9066751" lon="10.8664845">
      <ele>133.42872722750306</ele>
      <time>2026-04-02T12:31:44.923+02:00</time>
      <extensions>
        <activity type="IN_VEHICLE" conf="96" state="moving" tsMs="1775125904638"/>
        <radio op="vodafone IT" rat="LTE" q="72.00" rsrp="-82" sinr="13" rsrq="-9"/>
        <radio op="I TIM" rat="LTE" q="60.00" rsrp="-79" sinr="10" rsrq="-7"/>
      </extensions>
    </trkpt>
    <trkpt lat="45.9067543" lon="10.8666118">
      <ele>130.10000610351562</ele>
      <time>2026-04-02T12:31:54.923+02:00</time>
      <extensions>
        <activity type="IN_VEHICLE" conf="97" state="moving" tsMs="1775125909977"/>
        <radio op="vodafone IT" rat="LTE" q="56.00" rsrp="-82" sinr="9" rsrq="-8"/>
        <radio op="I TIM" rat="LTE" q="72.00" rsrp="-78" sinr="13" rsrq="-10"/>
      </extensions>
    </trkpt>
    <trkpt lat="45.9068049" lon="10.866661">
      <ele>130.10000610351562</ele>
      <time>2026-04-02T12:32:04.923+02:00</time>
      <extensions>
        <activity type="IN_VEHICLE" conf="97" state="moving" tsMs="1775125920646"/>
        <radio op="vodafone IT" rat="LTE" q="72.00" rsrp="-82" sinr="13" rsrq="-6"/>
        <radio op="I TIM" rat="LTE" q="84.00" rsrp="-78" sinr="16" rsrq="-8"/>
      </extensions>
    </trkpt>
    <trkpt lat="45.9069668" lon="10.866878">
      <ele>130.10000610351562</ele>
      <time>2026-04-02T12:32:14.923+02:00</time>
      <extensions>
        <activity type="IN_VEHICLE" conf="96" state="moving" tsMs="1775125931300"/>
        <radio op="vodafone IT" rat="LTE" q="44.00" rsrp="-84" sinr="6" rsrq="-7"/>
        <radio op="I TIM" rat="LTE" q="52.00" rsrp="-81" sinr="8" rsrq="-8"/>
      </extensions>
    </trkpt>
    <trkpt lat="45.9070283" lon="10.8669718">
      <ele>130.10000610351562</ele>
      <time>2026-04-02T12:32:24.923+02:00</time>
      <extensions>
        <activity type="IN_VEHICLE" conf="97" state="moving" tsMs="1775125941958"/>
        <radio op="vodafone IT" rat="LTE" q="52.00" rsrp="-81" sinr="8" rsrq="-11"/>
        <radio op="I TIM" rat="LTE" q="60.00" rsrp="-79" sinr="10" rsrq="-9"/>
      </extensions>
    </trkpt>
    <trkpt lat="45.9071197" lon="10.8671376">
      <ele>130.10000610351562</ele>
      <time>2026-04-02T12:32:35.923+02:00</time>
      <extensions>
        <activity type="IN_VEHICLE" conf="97" state="moving" tsMs="1775125952606"/>
        <radio op="vodafone IT" rat="LTE" q="76.00" rsrp="-82" sinr="14" rsrq="-10"/>
        <radio op="I TIM" rat="LTE" q="60.00" rsrp="-81" sinr="10" rsrq="-11"/>
      </extensions>
    </trkpt>
    <trkpt lat="45.9070498" lon="10.8676912">
      <ele>130.10000610351562</ele>
      <time>2026-04-02T12:32:44.923+02:00</time>
      <extensions>
        <activity type="IN_VEHICLE" conf="97" state="moving" tsMs="1775125963271"/>
        <radio op="vodafone IT" rat="LTE" q="84.00" rsrp="-74" sinr="16" rsrq="-12"/>
        <radio op="I TIM" rat="LTE" q="100.00" rsrp="-79" sinr="22" rsrq="-11"/>
      </extensions>
    </trkpt>
    <trkpt lat="45.9063127" lon="10.8689095">
      <ele>130.0</ele>
      <time>2026-04-02T12:32:55.923+02:00</time>
      <extensions>
        <activity type="IN_VEHICLE" conf="97" state="moving" tsMs="1775125973959"/>
        <radio op="vodafone IT" rat="LTE" q="56.00" rsrp="-81" sinr="9" rsrq="-9"/>
        <radio op="I TIM" rat="LTE" q="28.00" rsrp="-79" sinr="2" rsrq="-10"/>
      </extensions>
    </trkpt>
    <trkpt lat="45.9054975" lon="10.8705682">
      <ele>130.0</ele>
      <time>2026-04-02T12:33:05.922+02:00</time>
      <extensions>
        <activity type="IN_VEHICLE" conf="97" state="moving" tsMs="1775125984585"/>
        <radio op="vodafone IT" rat="LTE" q="76.00" rsrp="-84" sinr="14" rsrq="-9"/>
        <radio op="I TIM" rat="LTE" q="35.10" rsrp="-86" sinr="4" rsrq="-13"/>
      </extensions>
    </trkpt>
    <trkpt lat="45.904796" lon="10.8722855">
      <ele>130.0</ele>
      <time>2026-04-02T12:33:15.923+02:00</time>
      <extensions>
        <activity type="IN_VEHICLE" conf="97" state="moving" tsMs="1775125995275"/>
        <radio op="vodafone IT" rat="LTE" q="36.00" rsrp="-84" sinr="4" rsrq="-9"/>
        <radio op="I TIM" rat="LTE" q="92.00" rsrp="-72" sinr="18" rsrq="-6"/>
      </extensions>
    </trkpt>
    <trkpt lat="45.9045411" lon="10.8730303">
      <ele>131.0</ele>
      <time>2026-04-02T12:33:25.923+02:00</time>
      <extensions>
        <activity type="IN_VEHICLE" conf="97" state="moving" tsMs="1775126000600"/>
        <radio op="vodafone IT" rat="LTE" q="44.00" rsrp="-81" sinr="6" rsrq="-6"/>
        <radio op="I TIM" rat="LTE" q="76.00" rsrp="-70" sinr="14" rsrq="-7"/>
      </extensions>
    </trkpt>
    <trkpt lat="45.9044905" lon="10.8731722">
      <ele>132.0</ele>
      <time>2026-04-02T12:33:35.923+02:00</time>
      <extensions>
        <activity type="IN_VEHICLE" conf="97" state="moving" tsMs="1775126011249"/>
        <radio op="vodafone IT" rat="LTE" q="52.00" rsrp="-79" sinr="8" rsrq="-6"/>
        <radio op="I TIM" rat="LTE" q="68.00" rsrp="-72" sinr="12" rsrq="-8"/>
      </extensions>
    </trkpt>
    <trkpt lat="45.9041663" lon="10.8737616">
      <ele>131.0</ele>
      <time>2026-04-02T12:33:45.923+02:00</time>
      <extensions>
        <activity type="IN_VEHICLE" conf="97" state="moving" tsMs="1775126021913"/>
        <radio op="vodafone IT" rat="LTE" q="39.00" rsrp="-86" sinr="5" rsrq="-11"/>
        <radio op="I TIM" rat="LTE" q="52.00" rsrp="-78" sinr="8" rsrq="-7"/>
      </extensions>
    </trkpt>
    <trkpt lat="45.9045441" lon="10.8744896">
      <ele>132.0</ele>
      <time>2026-04-02T12:33:55.923+02:00</time>
      <extensions>
        <activity type="IN_VEHICLE" conf="97" state="moving" tsMs="1775126032607"/>
        <radio op="vodafone IT" rat="LTE" q="22.80" rsrp="-87" sinr="1" rsrq="-10"/>
        <radio op="I TIM" rat="LTE" q="52.00" rsrp="-82" sinr="8" rsrq="-10"/>
      </extensions>
    </trkpt>
    <trkpt lat="45.9053878" lon="10.8752821">
      <ele>131.0</ele>
      <time>2026-04-02T12:34:05.922+02:00</time>
      <extensions>
        <activity type="IN_VEHICLE" conf="97" state="moving" tsMs="1775126043285"/>
        <radio op="vodafone IT" rat="LTE" q="24.00" rsrp="-74" sinr="1" rsrq="-9"/>
        <radio op="I TIM" rat="LTE" q="96.00" rsrp="-72" sinr="19" rsrq="-7"/>
      </extensions>
    </trkpt>
    <trkpt lat="45.9065519" lon="10.876284">
      <ele>132.0</ele>
      <time>2026-04-02T12:34:16.923+02:00</time>
      <extensions>
        <activity type="IN_VEHICLE" conf="97" state="moving" tsMs="1775126053976"/>
        <radio op="vodafone IT" rat="LTE" q="40.00" rsrp="-85" sinr="5" rsrq="-8"/>
        <radio op="I TIM" rat="LTE" q="68.00" rsrp="-79" sinr="12" rsrq="-10"/>
      </extensions>
    </trkpt>
    <trkpt lat="45.9075515" lon="10.8772657">
      <ele>131.0</ele>
      <time>2026-04-02T12:34:26.923+02:00</time>
      <extensions>
        <activity type="IN_VEHICLE" conf="97" state="moving" tsMs="1775126064657"/>
        <radio op="vodafone IT" rat="LTE" q="80.00" rsrp="-70" sinr="15" rsrq="-9"/>
        <radio op="I TIM" rat="LTE" rsrp="-86" rsrq="-14"/>
      </extensions>
    </trkpt>
    <trkpt lat="45.9083959" lon="10.8782943">
      <ele>132.0</ele>
      <time>2026-04-02T12:34:36.923+02:00</time>
      <extensions>
        <activity type="IN_VEHICLE" conf="97" state="moving" tsMs="1775126075330"/>
        <radio op="vodafone IT" rat="LTE" rsrp="-86" rsrq="-11"/>
        <radio op="I TIM" rat="LTE" q="20.00" rsrp="-79" sinr="0" rsrq="-9"/>
      </extensions>
    </trkpt>
    <trkpt lat="45.908634" lon="10.8786676">
      <ele>132.0</ele>
      <time>2026-04-02T12:34:46.923+02:00</time>
      <extensions>
        <activity type="IN_VEHICLE" conf="96" state="moving" tsMs="1775126086077"/>
        <radio op="vodafone IT" rat="LTE" q="20.40" rsrp="-91" sinr="1" rsrq="-12"/>
        <radio op="I TIM" rat="LTE" q="26.60" rsrp="-87" sinr="2" rsrq="-11"/>
      </extensions>
    </trkpt>
    <trkpt lat="45.9087043" lon="10.8789935">
      <ele>133.0</ele>
      <time>2026-04-02T12:34:56.923+02:00</time>
      <extensions>
        <activity type="IN_VEHICLE" conf="97" state="moving" tsMs="1775126096722"/>
        <radio op="vodafone IT" rat="LTE" q="51.80" rsrp="-88" sinr="9" rsrq="-11"/>
        <radio op="I TIM" rat="LTE" q="20.40" rsrp="-91" sinr="1" rsrq="-12"/>
      </extensions>
    </trkpt>
    <trkpt lat="45.908585" lon="10.8798491">
      <ele>132.0</ele>
      <time>2026-04-02T12:35:06.922+02:00</time>
      <extensions>
        <activity type="IN_VEHICLE" conf="97" state="moving" tsMs="1775126102062"/>
        <radio op="vodafone IT" rat="LTE" q="16.00" rsrp="-93" sinr="0" rsrq="-12"/>
        <radio op="I TIM" rat="LTE" rsrp="-87" rsrq="-11"/>
      </extensions>
    </trkpt>
    <trkpt lat="45.9088594" lon="10.8811151">
      <ele>134.0</ele>
      <time>2026-04-02T12:35:16.922+02:00</time>
      <extensions>
        <activity type="IN_VEHICLE" conf="97" state="moving" tsMs="1775126112741"/>
        <radio op="vodafone IT" rat="LTE" q="41.60" rsrp="-93" sinr="8" rsrq="-11"/>
        <radio op="I TIM" rat="LTE" rsrp="-79" rsrq="-9"/>
      </extensions>
    </trkpt>
    <trkpt lat="45.9093274" lon="10.8827055">
      <ele>135.0</ele>
      <time>2026-04-02T12:35:26.922+02:00</time>
      <extensions>
        <activity type="IN_VEHICLE" conf="97" state="moving" tsMs="1775126123419"/>
        <radio op="vodafone IT" rat="LTE" rsrp="-90" rsrq="-9"/>
        <radio op="I TIM" rat="LTE" q="40.00" rsrp="-80" sinr="5" rsrq="-8"/>
      </extensions>
    </trkpt>
    <trkpt lat="45.9105382" lon="10.8841096">
      <ele>135.0</ele>
      <time>2026-04-02T12:35:37.922+02:00</time>
      <extensions>
        <activity type="IN_VEHICLE" conf="97" state="moving" tsMs="1775126134083"/>
        <radio op="vodafone IT" rat="LTE" q="49.00" rsrp="-90" sinr="9" rsrq="-11"/>
        <radio op="I TIM" rat="LTE" rsrp="-85" rsrq="-11"/>
      </extensions>
    </trkpt>
    <trkpt lat="45.9117976" lon="10.8848879">
      <ele>135.0</ele>
      <time>2026-04-02T12:35:47.922+02:00</time>
      <extensions>
        <activity type="IN_VEHICLE" conf="97" state="moving" tsMs="1775126144762"/>
        <radio op="vodafone IT" rat="LTE" rsrp="-104" rsrq="-17"/>
        <radio op="I TIM" rat="LTE" q="30.40" rsrp="-87" sinr="3" rsrq="-10"/>
      </extensions>
    </trkpt>
    <trkpt lat="45.9127287" lon="10.8861229">
      <ele>136.0</ele>
      <time>2026-04-02T12:35:57.922+02:00</time>
      <extensions>
        <activity type="IN_VEHICLE" conf="97" state="moving" tsMs="1775126155460"/>
        <radio op="vodafone IT" rat="LTE" q="30.00" rsrp="-95" sinr="5" rsrq="-9"/>
        <radio op="I TIM" rat="LTE" q="56.00" rsrp="-84" sinr="9" rsrq="-10"/>
      </extensions>
    </trkpt>
    <trkpt lat="45.9134598" lon="10.8876533">
      <ele>136.0</ele>
      <time>2026-04-02T12:36:07.921+02:00</time>
      <extensions>
        <activity type="IN_VEHICLE" conf="97" state="moving" tsMs="1775126166095"/>
        <radio op="vodafone IT" rat="LTE" rsrp="-97" rsrq="-12"/>
        <radio op="I TIM" rat="LTE" q="66.00" rsrp="-92" sinr="15" rsrq="-10"/>
      </extensions>
    </trkpt>
    <trkpt lat="45.9136995" lon="10.8894006">
      <ele>138.0</ele>
      <time>2026-04-02T12:36:17.922+02:00</time>
      <extensions>
        <activity type="IN_VEHICLE" conf="97" state="moving" tsMs="1775126176776"/>
        <radio op="vodafone IT" rat="LTE" q="51.80" rsrp="-88" sinr="9" rsrq="-11"/>
        <radio op="I TIM" rat="LTE" rsrp="-91" rsrq="-17"/>
      </extensions>
    </trkpt>
    <trkpt lat="45.9133553" lon="10.8911604">
      <ele>141.0</ele>
      <time>2026-04-02T12:36:27.921+02:00</time>
      <extensions>
        <activity type="IN_VEHICLE" conf="97" state="moving" tsMs="1775126187433"/>
        <radio op="vodafone IT" rat="LTE" q="36.30" rsrp="-92" sinr="6" rsrq="-9"/>
        <radio op="I TIM" rat="LTE" q="45.50" rsrp="-90" sinr="8" rsrq="-11"/>
      </extensions>
    </trkpt>
    <trkpt lat="45.9130955" lon="10.8928189">
      <ele>144.0</ele>
      <time>2026-04-02T12:36:37.921+02:00</time>
      <extensions>
        <activity type="IN_VEHICLE" conf="97" state="moving" tsMs="1775126192744"/>
        <radio op="vodafone IT" rat="LTE" q="26.40" rsrp="-92" sinr="3" rsrq="-9"/>
        <radio op="I TIM" rat="LTE" rsrp="-99" rsrq="-14"/>
      </extensions>
    </trkpt>
    <trkpt lat="45.913448" lon="10.8942573">
      <ele>148.0</ele>
      <time>2026-04-02T12:36:47.922+02:00</time>
      <extensions>
        <activity type="IN_VEHICLE" conf="97" state="moving" tsMs="1775126203452"/>
        <radio op="vodafone IT" rat="LTE" q="15.00" rsrp="-100" sinr="1" rsrq="-12"/>
        <radio op="I TIM" rat="LTE" q="31.00" rsrp="-94" sinr="5" rsrq="-11"/>
      </extensions>
    </trkpt>
    <trkpt lat="45.9140394" lon="10.8949363">
      <ele>149.0</ele>
      <time>2026-04-02T12:36:57.922+02:00</time>
      <extensions>
        <activity type="IN_VEHICLE" conf="97" state="moving" tsMs="1775126214137"/>
        <radio op="vodafone IT" rat="LTE" q="16.80" rsrp="-101" sinr="2" rsrq="-10"/>
        <radio op="I TIM" rat="LTE" q="51.00" rsrp="-95" sinr="12" rsrq="-11"/>
      </extensions>
    </trkpt>
    <trkpt lat="45.9138981" lon="10.8961164">
      <ele>151.0</ele>
      <time>2026-04-02T12:37:08.922+02:00</time>
      <extensions>
        <activity type="IN_VEHICLE" conf="97" state="moving" tsMs="1775126224818"/>
        <radio op="vodafone IT" rat="LTE" rsrp="-101" rsrq="-13"/>
        <radio op="I TIM" rat="LTE" q="36.00" rsrp="-95" sinr="7" rsrq="-12"/>
      </extensions>
    </trkpt>
    <trkpt lat="45.9130882" lon="10.8972788">
      <ele>154.0</ele>
      <time>2026-04-02T12:37:18.922+02:00</time>
      <extensions>
        <activity type="IN_VEHICLE" conf="97" state="moving" tsMs="1775126235455"/>
        <radio op="vodafone IT" rat="LTE" q="18.60" rsrp="-94" sinr="1" rsrq="-11"/>
        <radio op="I TIM" rat="LTE" rsrp="-83" rsrq="-10"/>
      </extensions>
    </trkpt>
    <trkpt lat="45.9121666" lon="10.8985693">
      <ele>157.0</ele>
      <time>2026-04-02T12:37:28.922+02:00</time>
      <extensions>
        <activity type="IN_VEHICLE" conf="97" state="moving" tsMs="1775126246145"/>
        <radio op="vodafone IT" rat="LTE" q="36.00" rsrp="-95" sinr="7" rsrq="-7"/>
        <radio op="I TIM" rat="LTE" rsrp="-100" rsrq="-15"/>
      </extensions>
    </trkpt>
    <trkpt lat="45.9112259" lon="10.8998764">
      <ele>160.0</ele>
      <time>2026-04-02T12:37:38.922+02:00</time>
      <extensions>
        <activity type="IN_VEHICLE" conf="97" state="moving" tsMs="1775126256791"/>
        <radio op="vodafone IT" rat="LTE" q="13.30" rsrp="-106" sinr="2" rsrq="-10"/>
        <radio op="I TIM" rat="LTE" rsrp="-104" rsrq="-15"/>
      </extensions>
    </trkpt>
    <trkpt lat="45.9101994" lon="10.9008927">
      <ele>163.0</ele>
      <time>2026-04-02T12:37:48.922+02:00</time>
      <extensions>
        <activity type="IN_VEHICLE" conf="97" state="moving" tsMs="1775126267450"/>
        <radio op="vodafone IT" rat="LTE" q="19.20" rsrp="-101" sinr="3" rsrq="-10"/>
        <radio op="I TIM" rat="LTE" rsrp="-103" rsrq="-20"/>
      </extensions>
    </trkpt>
    <trkpt lat="45.9093639" lon="10.901335">
      <ele>164.0</ele>
      <time>2026-04-02T12:37:58.922+02:00</time>
      <extensions>
        <activity type="IN_VEHICLE" conf="97" state="moving" tsMs="1775126278128"/>
        <radio op="vodafone IT" rat="LTE" q="23.80" rsrp="-91" sinr="2" rsrq="-7"/>
        <radio op="I TIM" rat="LTE" rsrp="-98" rsrq="-14"/>
      </extensions>
    </trkpt>
    <trkpt lat="45.9087736" lon="10.9016556">
      <ele>166.0</ele>
      <time>2026-04-02T12:38:08.922+02:00</time>
      <extensions>
        <activity type="IN_VEHICLE" conf="97" state="moving" tsMs="1775126288823"/>
        <radio op="vodafone IT" rat="LTE" rsrp="-108" rsrq="-11"/>
        <radio op="I TIM" rat="LTE" q="9.50" rsrp="-106" sinr="0" rsrq="-14"/>
      </extensions>
    </trkpt>
    <trkpt lat="45.9087519" lon="10.9016686">
      <ele>166.0</ele>
      <time>2026-04-02T12:38:19.922+02:00</time>
      <extensions>
        <activity type="IN_VEHICLE" conf="96" state="moving" tsMs="1775126294158"/>
        <radio op="vodafone IT" rat="LTE" q="19.20" rsrp="-101" sinr="3" rsrq="-10"/>
        <radio op="I TIM" rat="LTE" rsrp="-101" rsrq="-15"/>
      </extensions>
    </trkpt>
    <trkpt lat="45.9081469" lon="10.9019853">
      <ele>166.0</ele>
      <time>2026-04-02T12:38:29.922+02:00</time>
      <extensions>
        <activity type="IN_VEHICLE" conf="97" state="moving" tsMs="1775126304808"/>
        <radio op="vodafone IT" rat="LTE" q="32.40" rsrp="-98" sinr="7" rsrq="-8"/>
        <radio op="I TIM" rat="LTE" rsrp="-102" rsrq="-15"/>
      </extensions>
    </trkpt>
    <trkpt lat="45.9070346" lon="10.9024409">
      <ele>166.0</ele>
      <time>2026-04-02T12:38:39.922+02:00</time>
      <extensions>
        <activity type="IN_VEHICLE" conf="96" state="moving" tsMs="1775126315471"/>
        <radio op="vodafone IT" rat="LTE" rsrp="-99" rsrq="-12"/>
        <radio op="I TIM" rat="LTE" q="24.20" rsrp="-103" sinr="6" rsrq="-13"/>
      </extensions>
    </trkpt>
    <trkpt lat="45.9057313" lon="10.9019454">
      <ele>168.0</ele>
      <time>2026-04-02T12:38:49.921+02:00</time>
      <extensions>
        <activity type="IN_VEHICLE" conf="97" state="moving" tsMs="1775126326128"/>
        <radio op="vodafone IT" rat="LTE" q="56.10" rsrp="-92" sinr="12" rsrq="-10"/>
        <radio op="I TIM" rat="LTE" q="61.20" rsrp="-89" sinr="12" rsrq="-12"/>
      </extensions>
    </trkpt>
    <trkpt lat="45.9043859" lon="10.9010792">
      <ele>173.0</ele>
      <time>2026-04-02T12:38:59.922+02:00</time>
      <extensions>
        <activity type="IN_VEHICLE" conf="96" state="moving" tsMs="1775126336803"/>
        <radio op="vodafone IT" rat="LTE" q="68.00" rsrp="-84" sinr="12" rsrq="-8"/>
        <radio op="I TIM" rat="LTE" q="48.00" rsrp="-84" sinr="7" rsrq="-11"/>
      </extensions>
    </trkpt>
    <trkpt lat="45.9030851" lon="10.9002072">
      <ele>177.0</ele>
      <time>2026-04-02T12:39:09.921+02:00</time>
      <extensions>
        <activity type="UNKNOWN" conf="40" state="unknown" tsMs="1775126347448"/>
        <radio op="vodafone IT" rat="LTE" q="23.80" rsrp="-91" sinr="2" rsrq="-10"/>
        <radio op="I TIM" rat="LTE" rsrp="-87" rsrq="-13"/>
      </extensions>
    </trkpt>
    <trkpt lat="45.9015881" lon="10.8996783">
      <ele>181.0</ele>
      <time>2026-04-02T12:39:19.922+02:00</time>
      <extensions>
        <activity type="IN_VEHICLE" conf="96" state="moving" tsMs="1775126358121"/>
        <radio op="vodafone IT" rat="LTE" q="39.60" rsrp="-89" sinr="6" rsrq="-8"/>
        <radio op="I TIM" rat="LTE" q="72.00" rsrp="-85" sinr="13" rsrq="-9"/>
      </extensions>
    </trkpt>
    <trkpt lat="45.9001523" lon="10.8989259">
      <ele>186.0</ele>
      <time>2026-04-02T12:39:29.922+02:00</time>
      <extensions>
        <activity type="IN_VEHICLE" conf="97" state="moving" tsMs="1775126368779"/>
        <radio op="vodafone IT" rat="LTE" rsrp="-98" rsrq="-14"/>
        <radio op="I TIM" rat="LTE" rsrp="-94" rsrq="-14"/>
      </extensions>
    </trkpt>
    <trkpt lat="45.8988119" lon="10.8977939">
      <ele>191.0</ele>
      <time>2026-04-02T12:39:39.922+02:00</time>
      <extensions>
        <activity type="UNKNOWN" conf="40" state="unknown" tsMs="1775126379477"/>
        <radio op="vodafone IT" rat="LTE" rsrp="-94" rsrq="-10"/>
        <radio op="I TIM" rat="LTE" q="23.40" rsrp="-86" sinr="1" rsrq="-10"/>
      </extensions>
    </trkpt>
    <trkpt lat="45.8972878" lon="10.8967593">
      <ele>197.0</ele>
      <time>2026-04-02T12:39:50.922+02:00</time>
      <extensions>
        <activity type="IN_VEHICLE" conf="97" state="moving" tsMs="1775126390147"/>
        <radio op="vodafone IT" rat="LTE" rsrp="-90" rsrq="-10"/>
        <radio op="I TIM" rat="LTE" q="44.00" rsrp="-85" sinr="6" rsrq="-10"/>
      </extensions>
    </trkpt>
    <trkpt lat="45.8959477" lon="10.8958813">
      <ele>202.0</ele>
      <time>2026-04-02T12:40:00.922+02:00</time>
      <extensions>
        <activity type="IN_VEHICLE" conf="96" state="moving" tsMs="1775126395490"/>
        <radio op="vodafone IT" rat="LTE" q="18.50" rsrp="-88" sinr="0" rsrq="-10"/>
        <radio op="I TIM" rat="LTE" q="44.00" rsrp="-79" sinr="6" rsrq="-8"/>
      </extensions>
    </trkpt>
    <trkpt lat="45.8945115" lon="10.8950954">
      <ele>207.0</ele>
      <time>2026-04-02T12:40:10.922+02:00</time>
      <extensions>
        <activity type="IN_VEHICLE" conf="96" state="moving" tsMs="1775126406151"/>
        <radio op="vodafone IT" rat="LTE" q="54.60" rsrp="-86" sinr="9" rsrq="-9"/>
        <radio op="I TIM" rat="LTE" q="36.00" rsrp="-82" sinr="4" rsrq="-8"/>
      </extensions>
    </trkpt>
    <trkpt lat="45.8930772" lon="10.8944152">
      <ele>212.0</ele>
      <time>2026-04-02T12:40:20.922+02:00</time>
      <extensions>
        <activity type="IN_VEHICLE" conf="88" state="moving" tsMs="1775126416809"/>
        <radio op="vodafone IT" rat="LTE" q="23.40" rsrp="-86" sinr="1" rsrq="-7"/>
        <radio op="I TIM" rat="LTE" q="72.00" rsrp="-84" sinr="13" rsrq="-9"/>
      </extensions>
    </trkpt>
    <trkpt lat="45.8922213" lon="10.8928376">
      <ele>216.0</ele>
      <time>2026-04-02T12:40:30.922+02:00</time>
      <extensions>
        <activity type="IN_VEHICLE" conf="84" state="moving" tsMs="1775126427481"/>
        <radio op="vodafone IT" rat="LTE" q="41.80" rsrp="-87" sinr="6" rsrq="-5"/>
        <radio op="I TIM" rat="LTE" q="17.00" rsrp="-91" sinr="0" rsrq="-15"/>
      </extensions>
    </trkpt>
    <trkpt lat="45.8913369" lon="10.8912064">
      <ele>221.0</ele>
      <time>2026-04-02T12:40:40.922+02:00</time>
      <extensions>
        <activity type="IN_VEHICLE" conf="97" state="moving" tsMs="1775126438170"/>
        <radio op="vodafone IT" rat="LTE" rsrp="-103" rsrq="-12"/>
        <radio op="I TIM" rat="LTE" q="36.30" rsrp="-92" sinr="6" rsrq="-9"/>
      </extensions>
    </trkpt>
    <trkpt lat="45.8912377" lon="10.8898794">
      <ele>221.0</ele>
      <time>2026-04-02T12:40:50.922+02:00</time>
      <extensions>
        <activity type="IN_VEHICLE" conf="97" state="moving" tsMs="1775126448843"/>
        <radio op="vodafone IT" rat="LTE" q="39.00" rsrp="-95" sinr="8" rsrq="-7"/>
        <radio op="I TIM" rat="LTE" q="27.90" rsrp="-94" sinr="4" rsrq="-9"/>
      </extensions>
    </trkpt>
    <trkpt lat="45.8909492" lon="10.8885824">
      <ele>222.0</ele>
      <time>2026-04-02T12:41:01.922+02:00</time>
      <extensions>
        <activity type="IN_VEHICLE" conf="97" state="moving" tsMs="1775126459498"/>
        <radio op="vodafone IT" rat="LTE" q="44.00" rsrp="-79" sinr="6" rsrq="-5"/>
        <radio op="I TIM" rat="LTE" rsrp="-81" rsrq="-15"/>
      </extensions>
    </trkpt>
    <trkpt lat="45.8900898" lon="10.8876004">
      <ele>225.0</ele>
      <time>2026-04-02T12:41:11.922+02:00</time>
      <extensions>
        <activity type="IN_VEHICLE" conf="96" state="moving" tsMs="1775126470188"/>
        <radio op="vodafone IT" rat="LTE" q="84.00" rsrp="-77" sinr="16" rsrq="-6"/>
        <radio op="I TIM" rat="LTE" q="23.80" rsrp="-91" sinr="2" rsrq="-12"/>
      </extensions>
    </trkpt>
    <trkpt lat="45.8889626" lon="10.8868791">
      <ele>230.0</ele>
      <time>2026-04-02T12:41:21.922+02:00</time>
      <extensions>
        <activity type="IN_VEHICLE" conf="97" state="moving" tsMs="1775126480873"/>
        <radio op="vodafone IT" rat="LTE" q="68.00" rsrp="-76" sinr="12" rsrq="-6"/>
        <radio op="I TIM" rat="LTE" rsrp="-93" rsrq="-15"/>
      </extensions>
    </trkpt>
    <trkpt lat="45.8877804" lon="10.886338">
      <ele>235.0</ele>
      <time>2026-04-02T12:41:31.922+02:00</time>
      <extensions>
        <activity type="IN_VEHICLE" conf="97" state="moving" tsMs="1775126491565"/>
        <radio op="vodafone IT" rat="LTE" q="100.00" rsrp="-76" sinr="20" rsrq="-6"/>
        <radio op="I TIM" rat="LTE" q="50.40" rsrp="-89" sinr="9" rsrq="-11"/>
      </extensions>
    </trkpt>
    <trkpt lat="45.886655" lon="10.8865121">
      <ele>238.0</ele>
      <time>2026-04-02T12:41:41.921+02:00</time>
      <extensions>
        <activity type="IN_VEHICLE" conf="97" state="moving" tsMs="1775126496883"/>
        <radio op="vodafone IT" rat="LTE" q="44.00" rsrp="-76" sinr="6" rsrq="-7"/>
        <radio op="I TIM" rat="LTE" rsrp="-96" rsrq="-13"/>
      </extensions>
    </trkpt>
    <trkpt lat="45.8854385" lon="10.8863035">
      <ele>241.0</ele>
      <time>2026-04-02T12:41:51.922+02:00</time>
      <extensions>
        <activity type="UNKNOWN" conf="40" state="unknown" tsMs="1775126507517"/>
        <radio op="vodafone IT" rat="LTE" q="64.00" rsrp="-80" sinr="11" rsrq="-6"/>
        <radio op="I TIM" rat="LTE" rsrp="-93" rsrq="-9"/>
      </extensions>
    </trkpt>
    <trkpt lat="45.8841272" lon="10.8861034">
      <ele>244.0</ele>
      <time>2026-04-02T12:42:01.922+02:00</time>
      <extensions>
        <activity type="IN_VEHICLE" conf="97" state="moving" tsMs="1775126518219"/>
        <radio op="vodafone IT" rat="LTE" q="80.00" rsrp="-77" sinr="15" rsrq="-7"/>
        <radio op="I TIM" rat="LTE" q="64.80" rsrp="-89" sinr="13" rsrq="-9"/>
      </extensions>
    </trkpt>
    <trkpt lat="45.8829613" lon="10.8855019">
      <ele>251.20021244410353</ele>
      <time>2026-04-02T12:42:11.921+02:00</time>
      <extensions>
        <activity type="IN_VEHICLE" conf="97" state="moving" tsMs="1775126528527"/>
        <radio op="vodafone IT" rat="LTE" q="48.00" rsrp="-73" sinr="7" rsrq="-6"/>
        <radio op="I TIM" rat="LTE" q="18.60" rsrp="-94" sinr="1" rsrq="-14"/>
      </extensions>
    </trkpt>
    <trkpt lat="45.8817398" lon="10.8856229">
      <ele>251.0</ele>
      <time>2026-04-02T12:42:22.921+02:00</time>
      <extensions>
        <activity type="IN_VEHICLE" conf="96" state="moving" tsMs="1775126539193"/>
        <radio op="vodafone IT" rat="LTE" q="68.00" rsrp="-79" sinr="12" rsrq="-7"/>
        <radio op="I TIM" rat="LTE" q="38.50" rsrp="-90" sinr="6" rsrq="-11"/>
      </extensions>
    </trkpt>
    <trkpt lat="45.8808823" lon="10.8859723">
      <ele>253.0</ele>
      <time>2026-04-02T12:42:32.921+02:00</time>
      <extensions>
        <activity type="IN_VEHICLE" conf="97" state="moving" tsMs="1775126549846"/>
        <radio op="vodafone IT" rat="LTE" q="48.00" rsrp="-84" sinr="7" rsrq="-6"/>
        <radio op="I TIM" rat="LTE" q="56.00" rsrp="-85" sinr="9" rsrq="-8"/>
      </extensions>
    </trkpt>
    <trkpt lat="45.8808074" lon="10.8859521">
      <ele>252.0</ele>
      <time>2026-04-02T12:42:42.92+02:00</time>
      <extensions>
        <activity type="IN_VEHICLE" conf="97" state="moving" tsMs="1775126560522"/>
        <radio op="vodafone IT" rat="LTE" q="37.40" rsrp="-91" sinr="6" rsrq="-8"/>
        <radio op="I TIM" rat="LTE" q="72.60" rsrp="-92" sinr="17" rsrq="-8"/>
      </extensions>
    </trkpt>
    <trkpt lat="45.8808378" lon="10.8859466">
      <ele>252.0</ele>
      <time>2026-04-02T12:42:52.921+02:00</time>
      <extensions>
        <activity type="IN_VEHICLE" conf="97" state="moving" tsMs="1775126571197"/>
        <radio op="vodafone IT" rat="LTE" q="54.40" rsrp="-91" sinr="11" rsrq="-8"/>
        <radio op="I TIM" rat="LTE" q="62.00" rsrp="-94" sinr="15" rsrq="-7"/>
      </extensions>
    </trkpt>
    <trkpt lat="45.8808142" lon="10.8858878">
      <ele>253.0</ele>
      <time>2026-04-02T12:43:02.921+02:00</time>
      <extensions>
        <activity type="IN_VEHICLE" conf="97" state="moving" tsMs="1775126581863"/>
        <radio op="vodafone IT" rat="LTE" q="90.00" rsrp="-89" sinr="21" rsrq="-6"/>
        <radio op="I TIM" rat="LTE" q="68.20" rsrp="-94" sinr="17" rsrq="-7"/>
      </extensions>
    </trkpt>
    <trkpt lat="45.8808198" lon="10.8858858">
      <ele>254.0</ele>
      <time>2026-04-02T12:43:12.921+02:00</time>
      <extensions>
        <activity type="IN_VEHICLE" conf="96" state="moving" tsMs="1775126592024"/>
        <radio op="vodafone IT" rat="LTE" q="61.20" rsrp="-91" sinr="13" rsrq="-7"/>
        <radio op="I TIM" rat="LTE" q="57.00" rsrp="-95" sinr="14" rsrq="-8"/>
      </extensions>
    </trkpt>
    <trkpt lat="45.8808793" lon="10.8859185">
      <ele>260.1344492754436</ele>
      <time>2026-04-02T12:43:23.921+02:00</time>
      <extensions>
        <activity type="IN_VEHICLE" conf="93" state="moving" tsMs="1775126597124"/>
        <radio op="vodafone IT" rat="LTE" q="92.50" rsrp="-88" sinr="20" rsrq="-6"/>
        <radio op="I TIM" rat="LTE" q="54.40" rsrp="-93" sinr="12" rsrq="-10"/>
      </extensions>
    </trkpt>
    <trkpt lat="45.8808693" lon="10.8858795">
      <ele>260.346085351663</ele>
      <time>2026-04-02T12:43:29.67+02:00</time>
      <extensions>
        <activity type="ON_FOOT" conf="96" state="moving" tsMs="1775126600935"/>
        <radio op="vodafone IT" rat="LTE" q="49.40" rsrp="-99" sinr="14" rsrq="-8"/>
        <radio op="I TIM" rat="LTE" q="44.20" rsrp="-99" sinr="12" rsrq="-9"/>
      </extensions>
    </trkpt>
    <trkpt lat="45.8808606" lon="10.8858741">
      <ele>260.9155886160953</ele>
      <time>2026-04-02T12:44:19.115+02:00</time>
      <extensions>
        <activity type="ON_FOOT" conf="82" state="moving" tsMs="1775126658205"/>
        <radio op="vodafone IT" rat="LTE" q="100.00" rsrp="-85" sinr="27" rsrq="-6"/>
        <radio op="I TIM" rat="LTE" q="54.60" rsrp="-99" sinr="16" rsrq="-12"/>
      </extensions>
    </trkpt>
    <trkpt lat="45.8807582" lon="10.885811">
      <ele>260.0540501616382</ele>
      <time>2026-04-02T12:45:19.921+02:00</time>
      <extensions>
        <activity type="STILL" conf="97" state="still" tsMs="1775126719428"/>
        <radio op="vodafone IT" rat="LTE" q="77.50" rsrp="-94" sinr="22" rsrq="-7"/>
        <radio op="I TIM" rat="LTE" q="30.00" rsrp="-95" sinr="5" rsrq="-11"/>
      </extensions>
    </trkpt>
    <trkpt lat="45.8807698" lon="10.885873">
      <ele>260.6269743093502</ele>
      <time>2026-04-02T12:47:20.428+02:00</time>
      <extensions>
        <activity type="UNKNOWN" conf="40" state="unknown" tsMs="1775126837308"/>
        <radio op="vodafone IT" rat="LTE" q="42.00" rsrp="-97" sinr="10" rsrq="-13"/>
        <radio op="I TIM" rat="LTE" q="40.60" rsrp="-96" sinr="9" rsrq="-11"/>
      </extensions>
    </trkpt>
    <trkpt lat="45.8807699" lon="10.8858735">
      <ele>260.92200237736796</ele>
      <time>2026-04-02T12:48:03.594+02:00</time>
      <extensions>
        <activity type="UNKNOWN" conf="40" state="unknown" tsMs="1775126881132"/>
        <radio op="vodafone IT" rat="LTE" q="20.30" rsrp="-96" sinr="2" rsrq="-12"/>
        <radio op="I TIM" rat="LTE" q="33.60" rsrp="-97" sinr="7" rsrq="-7"/>
      </extensions>
    </trkpt>
    <trkpt lat="45.8807544" lon="10.8856979">
      <ele>260.7809007342619</ele>
      <time>2026-04-02T12:49:03.921+02:00</time>
      <extensions>
        <activity type="UNKNOWN" conf="40" state="unknown" tsMs="1775126954052"/>
        <radio op="vodafone IT" rat="LTE" q="28.00" rsrp="-80" sinr="2" rsrq="-11"/>
        <radio op="I TIM" rat="LTE" q="44.40" rsrp="-88" sinr="7" rsrq="-10"/>
      </extensions>
    </trkpt>
    <trkpt lat="45.8807544" lon="10.8856977">
      <ele>260.65262852217984</ele>
      <time>2026-04-02T12:49:53.05+02:00</time>
      <extensions>
        <activity type="UNKNOWN" conf="40" state="unknown" tsMs="1775126986539"/>
        <radio op="vodafone IT" rat="LTE" q="19.20" rsrp="-93" sinr="1" rsrq="-12"/>
        <radio op="I TIM" rat="LTE" q="30.00" rsrp="-100" sinr="7" rsrq="-11"/>
      </extensions>
    </trkpt>
    <trkpt lat="45.8808139" lon="10.8858543">
      <ele>260.6889721213578</ele>
      <time>2026-04-02T12:50:40.924+02:00</time>
      <extensions>
        <activity type="STILL" conf="59" state="still" tsMs="1775127031527"/>
        <radio op="vodafone IT" rat="LTE" q="19.80" rsrp="-92" sinr="1" rsrq="-13"/>
        <radio op="I TIM" rat="LTE" q="54.60" rsrp="-99" sinr="16" rsrq="-9"/>
      </extensions>
    </trkpt>
    <trkpt lat="45.8808195" lon="10.8858056">
      <ele>260.8417939381155</ele>
      <time>2026-04-02T12:51:41.923+02:00</time>
      <extensions>
        <activity type="STILL" conf="100" state="still" tsMs="1775127100482"/>
        <radio op="vodafone IT" rat="LTE" q="17.50" rsrp="-90" sinr="0" rsrq="-11"/>
        <radio op="I TIM" rat="LTE" q="54.00" rsrp="-98" sinr="15" rsrq="-9"/>
      </extensions>
    </trkpt>
    <trkpt lat="45.8808196" lon="10.885805">
      <ele>260.88241447667747</ele>
      <time>2026-04-02T12:52:27.441+02:00</time>
      <extensions>
        <activity type="STILL" conf="99" state="still" tsMs="1775127141226"/>
        <radio op="vodafone IT" rat="LTE" q="24.50" rsrp="-90" sinr="2" rsrq="-8"/>
        <radio op="I TIM" rat="LTE" q="59.40" rsrp="-98" sinr="17" rsrq="-11"/>
      </extensions>
    </trkpt>
    <trkpt lat="45.8808739" lon="10.8858746">
      <ele>260.7864785956967</ele>
      <time>2026-04-02T12:53:10.923+02:00</time>
      <extensions>
        <activity type="STILL" conf="97" state="still" tsMs="1775127181886"/>
        <radio op="vodafone IT" rat="LTE" q="18.60" rsrp="-94" sinr="1" rsrq="-11"/>
        <radio op="I TIM" rat="LTE" q="61.60" rsrp="-97" sinr="17" rsrq="-9"/>
      </extensions>
    </trkpt>
    <trkpt lat="45.8807353" lon="10.8859362">
      <ele>260.93186233478593</ele>
      <time>2026-04-02T12:53:47.419+02:00</time>
      <extensions>
        <activity type="STILL" conf="99" state="still" tsMs="1775127222274"/>
        <radio op="vodafone IT" rat="LTE" q="18.00" rsrp="-95" sinr="1" rsrq="-12"/>
        <radio op="I TIM" rat="LTE" q="41.80" rsrp="-103" sinr="14" rsrq="-9"/>
      </extensions>
    </trkpt>
    <trkpt lat="45.8807897" lon="10.8857829">
      <ele>256.3397663908359</ele>
      <time>2026-04-02T12:54:19.774+02:00</time>
      <extensions>
        <activity type="STILL" conf="99" state="still" tsMs="1775127252902"/>
        <radio op="vodafone IT" rat="LTE" rsrp="-93" rsrq="-13"/>
        <radio op="I TIM" rat="LTE" q="29.90" rsrp="-102" sinr="8" rsrq="-11"/>
      </extensions>
    </trkpt>
    <trkpt lat="45.8807903" lon="10.8857926">
      <ele>254.22502627372444</ele>
      <time>2026-04-02T12:54:52.179+02:00</time>
      <extensions>
        <activity type="STILL" conf="99" state="still" tsMs="1775127284068"/>
        <radio op="vodafone IT" rat="LTE" q="44.80" rsrp="-93" sinr="9" rsrq="-10"/>
        <radio op="I TIM" rat="LTE" q="33.00" rsrp="-103" sinr="10" rsrq="-6"/>
      </extensions>
    </trkpt>
    <trkpt lat="45.8808107" lon="10.8857558">
      <ele>117.4000015258789</ele>
      <time>2026-04-02T12:55:20.923+02:00</time>
      <extensions>
        <activity type="STILL" conf="98" state="still" tsMs="1775127315358"/>
        <radio op="vodafone IT" rat="LTE" q="39.00" rsrp="-95" sinr="8" rsrq="-13"/>
        <radio op="I TIM" rat="LTE" q="52.20" rsrp="-96" sinr="13" rsrq="-9"/>
      </extensions>
    </trkpt>
    <trkpt lat="45.8809039" lon="10.885511">
      <ele>255.55427433522755</ele>
      <time>2026-04-02T12:55:54.96+02:00</time>
      <extensions>
        <activity type="STILL" conf="97" state="still" tsMs="1775127349109"/>
        <radio op="vodafone IT" rat="LTE" q="34.00" rsrp="-91" sinr="5" rsrq="-10"/>
        <radio op="I TIM" rat="LTE" q="46.50" rsrp="-94" sinr="10" rsrq="-10"/>
      </extensions>
    </trkpt>
    <trkpt lat="45.8808396" lon="10.8859334">
      <ele>255.6262687742498</ele>
      <time>2026-04-02T12:56:31.877+02:00</time>
      <extensions>
        <activity type="STILL" conf="80" state="still" tsMs="1775127383574"/>
        <radio op="vodafone IT" rat="LTE" q="27.00" rsrp="-95" sinr="4" rsrq="-8"/>
        <radio op="I TIM" rat="LTE" q="46.80" rsrp="-99" sinr="13" rsrq="-12"/>
      </extensions>
    </trkpt>
    <trkpt lat="45.880741" lon="10.8857082">
      <ele>255.32765419726604</ele>
      <time>2026-04-02T12:57:21.545+02:00</time>
      <extensions>
        <activity type="UNKNOWN" conf="40" state="unknown" tsMs="1775127435135"/>
        <radio op="vodafone IT" rat="LTE" q="40.00" rsrp="-82" sinr="5" rsrq="-11"/>
        <radio op="I TIM" rat="LTE" q="41.60" rsrp="-93" sinr="8" rsrq="-10"/>
      </extensions>
    </trkpt>
    <trkpt lat="45.8808067" lon="10.8857382">
      <ele>253.71334293655377</ele>
      <time>2026-04-02T12:58:18.924+02:00</time>
      <extensions>
        <activity type="STILL" conf="98" state="still" tsMs="1775127510238"/>
        <radio op="vodafone IT" rat="LTE" q="66.50" rsrp="-90" sinr="14" rsrq="-7"/>
        <radio op="I TIM" rat="LTE" q="62.10" rsrp="-98" sinr="18" rsrq="-11"/>
      </extensions>
    </trkpt>
    <trkpt lat="45.8808668" lon="10.8858501">
      <ele>117.4000015258789</ele>
      <time>2026-04-02T13:06:32.929+02:00</time>
      <extensions>
        <activity type="UNKNOWN" conf="40" state="unknown" tsMs="1775127990938"/>
        <radio op="vodafone IT" rat="LTE" q="69.00" rsrp="-95" sinr="18" rsrq="-6"/>
        <radio op="I TIM" rat="LTE" q="67.20" rsrp="-93" sinr="16" rsrq="-7"/>
      </extensions>
    </trkpt>
    <trkpt lat="45.8807907" lon="10.8858287">
      <ele>117.4000015258789</ele>
      <time>2026-04-02T13:07:33.929+02:00</time>
      <extensions>
        <activity type="UNKNOWN" conf="40" state="unknown" tsMs="1775128046531"/>
        <radio op="vodafone IT" rat="LTE" q="77.50" rsrp="-94" sinr="21" rsrq="-8"/>
        <radio op="I TIM" rat="LTE" q="42.50" rsrp="-100" sinr="12" rsrq="-8"/>
      </extensions>
    </trkpt>
    <trkpt lat="45.8808236" lon="10.8857633">
      <ele>117.4000015258789</ele>
      <time>2026-04-02T13:08:17.929+02:00</time>
      <extensions>
        <activity type="STILL" conf="98" state="still" tsMs="1775128096281"/>
        <radio op="vodafone IT" rat="LTE" q="75.00" rsrp="-95" sinr="24" rsrq="-7"/>
        <radio op="I TIM" rat="LTE" q="44.80" rsrp="-97" sinr="11" rsrq="-8"/>
      </extensions>
    </trkpt>
    <trkpt lat="45.8807943" lon="10.8857729">
      <ele>116.47594988519126</ele>
      <time>2026-04-02T13:09:00.929+02:00</time>
      <extensions>
        <activity type="STILL" conf="62" state="still" tsMs="1775128139033"/>
        <radio op="vodafone IT" rat="LTE" q="77.50" rsrp="-94" sinr="24" rsrq="-8"/>
        <radio op="I TIM" rat="LTE" q="46.80" rsrp="-99" sinr="13" rsrq="-7"/>
      </extensions>
    </trkpt>
    <trkpt lat="45.8807764" lon="10.8858209">
      <ele>117.4000015258789</ele>
      <time>2026-04-02T13:09:56.928+02:00</time>
      <extensions>
        <activity type="STILL" conf="100" state="still" tsMs="1775128192771"/>
        <radio op="vodafone IT" rat="LTE" q="56.70" rsrp="-98" sinr="16" rsrq="-5"/>
        <radio op="I TIM" rat="LTE" q="45.00" rsrp="-100" sinr="13" rsrq="-9"/>
      </extensions>
    </trkpt>
    <trkpt lat="45.8808141" lon="10.8859185">
      <ele>117.4000015258789</ele>
      <time>2026-04-02T13:10:43.526+02:00</time>
      <extensions>
        <activity type="STILL" conf="99" state="still" tsMs="1775128238147"/>
        <radio op="vodafone IT" rat="LTE" q="67.50" rsrp="-98" sinr="24" rsrq="-7"/>
        <radio op="I TIM" rat="LTE" q="40.80" rsrp="-101" sinr="12" rsrq="-7"/>
      </extensions>
    </trkpt>
    <trkpt lat="45.8807921" lon="10.8857314">
      <ele>117.4000015258789</ele>
      <time>2026-04-02T13:11:39.678+02:00</time>
      <extensions>
        <activity type="STILL" conf="97" state="still" tsMs="1775128291458"/>
        <radio op="vodafone IT" rat="LTE" q="67.50" rsrp="-98" sinr="22" rsrq="-5"/>
        <radio op="I TIM" rat="LTE" q="47.50" rsrp="-100" sinr="14" rsrq="-10"/>
      </extensions>
    </trkpt>
    <trkpt lat="45.8809008" lon="10.8856591">
      <ele>252.1133078530189</ele>
      <time>2026-04-02T13:12:25.769+02:00</time>
      <extensions>
        <activity type="STILL" conf="96" state="still" tsMs="1775128341780"/>
        <radio op="vodafone IT" rat="LTE" q="65.00" rsrp="-99" sinr="21" rsrq="-6"/>
        <radio op="I TIM" rat="LTE" q="33.60" rsrp="-101" sinr="9" rsrq="-9"/>
      </extensions>
    </trkpt>
    <trkpt lat="45.8808813" lon="10.8858219">
      <ele>252.2757896437388</ele>
      <time>2026-04-02T13:13:13.198+02:00</time>
      <extensions>
        <activity type="STILL" conf="99" state="still" tsMs="1775128388504"/>
        <radio op="vodafone IT" rat="LTE" q="67.50" rsrp="-98" sinr="24" rsrq="-7"/>
        <radio op="I TIM" rat="LTE" q="42.50" rsrp="-100" sinr="12" rsrq="-6"/>
      </extensions>
    </trkpt>
    <trkpt lat="45.8808198" lon="10.8855924">
      <ele>250.80811299993468</ele>
      <time>2026-04-02T13:15:41.931+02:00</time>
      <extensions>
        <activity type="IN_VEHICLE" conf="75" state="moving" tsMs="1775128536265"/>
        <radio op="vodafone IT" rat="LTE" q="21.00" rsrp="-95" sinr="2" rsrq="-12"/>
        <radio op="I TIM" rat="LTE" q="46.00" rsrp="-102" sinr="15" rsrq="-9"/>
      </extensions>
    </trkpt>
    <trkpt lat="45.880839" lon="10.8858522">
      <ele>251.32024602954522</ele>
      <time>2026-04-02T13:16:39.317+02:00</time>
      <extensions>
        <activity type="UNKNOWN" conf="40" state="unknown" tsMs="1775128596150"/>
        <radio op="vodafone IT" rat="LTE" q="42.90" rsrp="-92" sinr="8" rsrq="-10"/>
        <radio op="I TIM" rat="LTE" q="67.20" rsrp="-97" sinr="19" rsrq="-7"/>
      </extensions>
    </trkpt>
    <trkpt lat="45.8809498" lon="10.8859479">
      <ele>251.56614419779095</ele>
      <time>2026-04-02T13:17:13.931+02:00</time>
      <extensions>
        <activity type="ON_FOOT" conf="82" state="moving" tsMs="1775128640534"/>
        <radio op="vodafone IT" rat="LTE" q="28.00" rsrp="-84" sinr="2" rsrq="-10"/>
        <radio op="I TIM" rat="LTE" q="83.60" rsrp="-87" sinr="17" rsrq="-10"/>
      </extensions>
    </trkpt>
    <trkpt lat="45.8808321" lon="10.8857194">
      <ele>251.0914601349354</ele>
      <time>2026-04-02T13:18:21.975+02:00</time>
      <extensions>
        <activity type="STILL" conf="99" state="still" tsMs="1775128699164"/>
        <radio op="vodafone IT" rat="LTE" q="44.80" rsrp="-97" sinr="11" rsrq="-10"/>
        <radio op="I TIM" rat="LTE" q="56.70" rsrp="-98" sinr="16" rsrq="-8"/>
      </extensions>
    </trkpt>
    <trkpt lat="45.8808047" lon="10.8858732">
      <ele>251.16946049282024</ele>
      <time>2026-04-02T13:19:26.934+02:00</time>
      <extensions>
        <activity type="STILL" conf="99" state="still" tsMs="1775128761568"/>
        <radio op="vodafone IT" rat="LTE" q="77.50" rsrp="-94" sinr="24" rsrq="-8"/>
        <radio op="I TIM" rat="LTE" q="54.00" rsrp="-98" sinr="15" rsrq="-10"/>
      </extensions>
    </trkpt>
    <trkpt lat="45.8808978" lon="10.8858953">
      <ele>250.95991986055958</ele>
      <time>2026-04-02T13:20:58.934+02:00</time>
      <extensions>
        <activity type="STILL" conf="100" state="still" tsMs="1775128857191"/>
        <radio op="vodafone IT" rat="LTE" q="70.00" rsrp="-97" sinr="22" rsrq="-8"/>
        <radio op="I TIM" rat="LTE" q="31.20" rsrp="-99" sinr="7" rsrq="-11"/>
      </extensions>
    </trkpt>
    <trkpt lat="45.8808424" lon="10.8859153">
      <ele>251.0668277084843</ele>
      <time>2026-04-02T13:21:56.239+02:00</time>
      <extensions>
        <activity type="STILL" conf="100" state="still" tsMs="1775128913581"/>
        <radio op="vodafone IT" rat="LTE" q="67.50" rsrp="-98" sinr="21" rsrq="-7"/>
        <radio op="I TIM" rat="LTE" q="29.70" rsrp="-98" sinr="6" rsrq="-10"/>
      </extensions>
    </trkpt>
    <trkpt lat="45.8807346" lon="10.8856721">
      <ele>250.05992651998804</ele>
      <time>2026-04-02T13:23:34.933+02:00</time>
      <extensions>
        <activity type="UNKNOWN" conf="40" state="unknown" tsMs="1775129022502"/>
        <radio op="vodafone IT" rat="LTE" q="34.10" rsrp="-94" sinr="6" rsrq="-11"/>
        <radio op="I TIM" rat="LTE" q="22.40" rsrp="-97" sinr="3" rsrq="-8"/>
      </extensions>
    </trkpt>
    <trkpt lat="45.8807414" lon="10.8856719">
      <ele>116.5999984741211</ele>
      <time>2026-04-02T13:24:08.575+02:00</time>
      <extensions>
        <activity type="STILL" conf="34" state="still" tsMs="1775129046050"/>
        <radio op="vodafone IT" rat="LTE" q="43.20" rsrp="-89" sinr="7" rsrq="-10"/>
        <radio op="I TIM" rat="LTE" q="20.00" rsrp="-100" sinr="3" rsrq="-9"/>
      </extensions>
    </trkpt>
    <trkpt lat="45.880728" lon="10.885652">
      <ele>117.80000305175781</ele>
      <time>2026-04-02T13:24:18.933+02:00</time>
      <extensions>
        <activity type="STILL" conf="34" state="still" tsMs="1775129046050"/>
        <radio op="vodafone IT" rat="LTE" q="36.00" rsrp="-74" sinr="4" rsrq="-10"/>
        <radio op="I TIM" rat="LTE" q="54.60" rsrp="-86" sinr="9" rsrq="-9"/>
      </extensions>
    </trkpt>
    <trkpt lat="45.8807271" lon="10.8856508">
      <ele>117.80000305175781</ele>
      <time>2026-04-02T13:24:19.933+02:00</time>
      <extensions>
        <activity type="UNKNOWN" conf="40" state="unknown" tsMs="1775129050997"/>
        <radio op="vodafone IT" rat="LTE" q="37.00" rsrp="-88" sinr="5" rsrq="-10"/>
        <radio op="I TIM" rat="LTE" q="25.00" rsrp="-100" sinr="5" rsrq="-13"/>
      </extensions>
    </trkpt>
    <trkpt lat="45.880878" lon="10.88583">
      <ele>117.80000305175781</ele>
      <time>2026-04-02T13:24:45.933+02:00</time>
      <extensions>
        <activity type="UNKNOWN" conf="40" state="unknown" tsMs="1775129081106"/>
        <radio op="vodafone IT" rat="LTE" q="68.00" rsrp="-83" sinr="12" rsrq="-8"/>
        <radio op="I TIM" rat="LTE" q="82.80" rsrp="-89" sinr="18" rsrq="-6"/>
      </extensions>
    </trkpt>
    <trkpt lat="45.8808697" lon="10.8857864">
      <ele>117.80000305175781</ele>
      <time>2026-04-02T13:24:46.933+02:00</time>
      <extensions>
        <activity type="UNKNOWN" conf="40" state="unknown" tsMs="1775129081106"/>
        <radio op="vodafone IT" rat="LTE" q="34.20" rsrp="-87" sinr="4" rsrq="-11"/>
        <radio op="I TIM" rat="LTE" q="65.10" rsrp="-94" sinr="16" rsrq="-8"/>
      </extensions>
    </trkpt>
    <trkpt lat="45.880867" lon="10.8857654">
      <ele>117.80000305175781</ele>
      <time>2026-04-02T13:25:44.836+02:00</time>
      <extensions>
        <activity type="UNKNOWN" conf="40" state="unknown" tsMs="1775129136545"/>
        <radio op="vodafone IT" rat="LTE" q="49.40" rsrp="-87" sinr="8" rsrq="-9"/>
        <radio op="I TIM" rat="LTE" q="53.20" rsrp="-97" sinr="14" rsrq="-10"/>
      </extensions>
    </trkpt>
    <trkpt lat="45.8807928" lon="10.8857697">
      <ele>117.80000305175781</ele>
      <time>2026-04-02T13:26:17.937+02:00</time>
      <extensions>
        <activity type="UNKNOWN" conf="40" state="unknown" tsMs="1775129169704"/>
        <radio op="vodafone IT" rat="LTE" q="43.20" rsrp="-89" sinr="7" rsrq="-11"/>
        <radio op="I TIM" rat="LTE" q="31.20" rsrp="-99" sinr="7" rsrq="-9"/>
      </extensions>
    </trkpt>
    <trkpt lat="45.8808987" lon="10.885892">
      <ele>117.80000305175781</ele>
      <time>2026-04-02T13:26:50.937+02:00</time>
      <extensions>
        <activity type="UNKNOWN" conf="40" state="unknown" tsMs="1775129206391"/>
        <radio op="vodafone IT" rat="LTE" q="24.50" rsrp="-90" sinr="2" rsrq="-8"/>
        <radio op="I TIM" rat="LTE" rsrp="-94" rsrq="-14"/>
      </extensions>
    </trkpt>
    <trkpt lat="45.8809056" lon="10.8858855">
      <ele>117.80000305175781</ele>
      <time>2026-04-02T13:27:21.526+02:00</time>
      <extensions>
        <activity type="UNKNOWN" conf="40" state="unknown" tsMs="1775129238803"/>
        <radio op="vodafone IT" rat="LTE" q="52.00" rsrp="-74" sinr="8" rsrq="-9"/>
        <radio op="I TIM" rat="LTE" q="57.80" rsrp="-91" sinr="12" rsrq="-6"/>
      </extensions>
    </trkpt>
    <trkpt lat="45.8807692" lon="10.8857068">
      <ele>117.80000305175781</ele>
      <time>2026-04-02T13:27:28.937+02:00</time>
      <extensions>
        <activity type="UNKNOWN" conf="40" state="unknown" tsMs="1775129238803"/>
        <radio op="vodafone IT" rat="LTE" q="28.00" rsrp="-75" sinr="2" rsrq="-10"/>
        <radio op="I TIM" rat="LTE" q="52.00" rsrp="-81" sinr="8" rsrq="-10"/>
      </extensions>
    </trkpt>
    <trkpt lat="45.8808545" lon="10.8856929">
      <ele>121.5</ele>
      <time>2026-04-02T13:28:36.195+02:00</time>
      <extensions>
        <activity type="UNKNOWN" conf="40" state="unknown" tsMs="1775129313080"/>
        <radio op="vodafone IT" rat="LTE" q="44.00" rsrp="-83" sinr="6" rsrq="-8"/>
        <radio op="I TIM" rat="LTE" rsrp="-90" rsrq="-9"/>
      </extensions>
    </trkpt>
    <trkpt lat="45.8808545" lon="10.8856929">
      <ele>121.5</ele>
      <time>2026-04-02T13:29:06.91+02:00</time>
      <extensions>
        <activity type="STILL" conf="67" state="still" tsMs="1775129341712"/>
        <radio op="vodafone IT" rat="LTE" q="40.00" rsrp="-84" sinr="5" rsrq="-11"/>
        <radio op="I TIM" rat="LTE" q="64.60" rsrp="-91" sinr="14" rsrq="-6"/>
      </extensions>
    </trkpt>
    <trkpt lat="45.8808663" lon="10.885816">
      <ele>121.5</ele>
      <time>2026-04-02T13:29:39.639+02:00</time>
      <extensions>
        <activity type="STILL" conf="92" state="still" tsMs="1775129373601"/>
        <radio op="vodafone IT" rat="LTE" q="24.00" rsrp="-83" sinr="1" rsrq="-11"/>
        <radio op="I TIM" rat="LTE" q="71.40" rsrp="-91" sinr="16" rsrq="-8"/>
      </extensions>
    </trkpt>
    <trkpt lat="45.8808664" lon="10.885817">
      <ele>121.5</ele>
      <time>2026-04-02T13:30:10.151+02:00</time>
      <extensions>
        <activity type="STILL" conf="47" state="still" tsMs="1775129405802"/>
        <radio op="vodafone IT" rat="LTE" q="64.00" rsrp="-83" sinr="11" rsrq="-9"/>
        <radio op="I TIM" rat="LTE" q="66.00" rsrp="-92" sinr="15" rsrq="-9"/>
      </extensions>
    </trkpt>
    <trkpt lat="45.880887" lon="10.8857699">
      <ele>121.5999984741211</ele>
      <time>2026-04-02T13:30:43.099+02:00</time>
      <extensions>
        <activity type="STILL" conf="97" state="still" tsMs="1775129436999"/>
        <radio op="vodafone IT" rat="LTE" q="32.00" rsrp="-83" sinr="3" rsrq="-9"/>
        <radio op="I TIM" rat="LTE" q="38.50" rsrp="-90" sinr="6" rsrq="-12"/>
      </extensions>
    </trkpt>
    <trkpt lat="45.8808872" lon="10.8857693">
      <ele>121.5999984741211</ele>
      <time>2026-04-02T13:31:13.615+02:00</time>
      <extensions>
        <activity type="STILL" conf="54" state="still" tsMs="1775129469291"/>
        <radio op="vodafone IT" rat="LTE" q="21.60" rsrp="-89" sinr="1" rsrq="-11"/>
        <radio op="I TIM" rat="LTE" q="44.80" rsrp="-93" sinr="9" rsrq="-10"/>
      </extensions>
    </trkpt>
    <trkpt lat="45.8807038" lon="10.8859894">
      <ele>121.5999984741211</ele>
      <time>2026-04-02T13:31:46.897+02:00</time>
      <extensions>
        <activity type="UNKNOWN" conf="40" state="unknown" tsMs="1775129500806"/>
        <radio op="vodafone IT" rat="LTE" q="37.40" rsrp="-91" sinr="6" rsrq="-10"/>
        <radio op="I TIM" rat="LTE" q="43.40" rsrp="-94" sinr="9" rsrq="-11"/>
      </extensions>
    </trkpt>
    <trkpt lat="45.8808325" lon="10.8857943">
      <ele>121.5999984741211</ele>
      <time>2026-04-02T13:32:19.276+02:00</time>
      <extensions>
        <activity type="UNKNOWN" conf="40" state="unknown" tsMs="1775129533114"/>
        <radio op="vodafone IT" rat="LTE" q="28.00" rsrp="-83" sinr="2" rsrq="-10"/>
        <radio op="I TIM" rat="LTE" q="53.20" rsrp="-97" sinr="14" rsrq="-7"/>
      </extensions>
    </trkpt>
    <trkpt lat="45.880871" lon="10.8858501">
      <ele>121.5999984741211</ele>
      <time>2026-04-02T13:32:51.518+02:00</time>
      <extensions>
        <activity type="UNKNOWN" conf="40" state="unknown" tsMs="1775129565496"/>
        <radio op="vodafone IT" rat="LTE" q="32.00" rsrp="-85" sinr="3" rsrq="-9"/>
        <radio op="I TIM" rat="LTE" q="66.70" rsrp="-96" sinr="18" rsrq="-6"/>
      </extensions>
    </trkpt>
    <trkpt lat="45.880871" lon="10.8858501">
      <ele>121.5999984741211</ele>
      <time>2026-04-02T13:33:22.019+02:00</time>
      <extensions>
        <activity type="UNKNOWN" conf="40" state="unknown" tsMs="1775129597508"/>
        <radio op="vodafone IT" rat="LTE" q="56.00" rsrp="-85" sinr="9" rsrq="-9"/>
        <radio op="I TIM" rat="LTE" q="74.40" rsrp="-94" sinr="19" rsrq="-8"/>
      </extensions>
    </trkpt>
    <trkpt lat="45.8807817" lon="10.8858813">
      <ele>119.55102328503915</ele>
      <time>2026-04-02T13:33:42.4+02:00</time>
      <extensions>
        <activity type="STILL" conf="48" state="still" tsMs="1775129619345"/>
        <radio op="vodafone IT" rat="LTE" q="28.00" rsrp="-84" sinr="2" rsrq="-10"/>
        <radio op="I TIM" rat="LTE" q="44.40" rsrp="-88" sinr="7" rsrq="-9"/>
      </extensions>
    </trkpt>
    <trkpt lat="45.8807853" lon="10.8858798">
      <ele>116.59518687511968</ele>
      <time>2026-04-02T13:33:51.936+02:00</time>
      <extensions>
        <activity type="STILL" conf="49" state="still" tsMs="1775129624568"/>
        <radio op="vodafone IT" rat="LTE" q="24.00" rsrp="-84" sinr="1" rsrq="-10"/>
        <radio op="I TIM" rat="LTE" q="44.20" rsrp="-91" sinr="8" rsrq="-9"/>
      </extensions>
    </trkpt>
    <trkpt lat="45.8807821" lon="10.8858817">
      <ele>268.8000183105469</ele>
      <time>2026-04-02T13:34:02.936+02:00</time>
      <extensions>
        <activity type="UNKNOWN" conf="40" state="unknown" tsMs="1775129641844"/>
        <radio op="vodafone IT" rat="LTE" q="20.00" rsrp="-83" sinr="0" rsrq="-9"/>
        <radio op="I TIM" rat="LTE" q="45.50" rsrp="-90" sinr="8" rsrq="-9"/>
      </extensions>
    </trkpt>
    <trkpt lat="45.8807822" lon="10.885882">
      <ele>268.8000183105469</ele>
      <time>2026-04-02T13:34:12.936+02:00</time>
      <extensions>
        <activity type="UNKNOWN" conf="40" state="unknown" tsMs="1775129647212"/>
        <radio op="vodafone IT" rat="LTE" q="24.00" rsrp="-83" sinr="1" rsrq="-9"/>
        <radio op="I TIM" rat="LTE" q="54.40" rsrp="-91" sinr="11" rsrq="-11"/>
      </extensions>
    </trkpt>
    <trkpt lat="45.8807952" lon="10.8859111">
      <ele>257.0</ele>
      <time>2026-04-02T13:34:22.935+02:00</time>
      <extensions>
        <activity type="IN_VEHICLE" conf="91" state="moving" tsMs="1775129657890"/>
        <radio op="vodafone IT" rat="LTE" q="23.40" rsrp="-86" sinr="1" rsrq="-12"/>
        <radio op="I TIM" rat="LTE" q="56.00" rsrp="-90" sinr="11" rsrq="-8"/>
      </extensions>
    </trkpt>
    <trkpt lat="45.880809" lon="10.8859201">
      <ele>257.0</ele>
      <time>2026-04-02T13:34:32.936+02:00</time>
      <extensions>
        <activity type="IN_VEHICLE" conf="97" state="moving" tsMs="1775129668618"/>
        <radio op="vodafone IT" rat="LTE" q="32.00" rsrp="-83" sinr="3" rsrq="-11"/>
        <radio op="I TIM" rat="LTE" q="66.30" rsrp="-86" sinr="12" rsrq="-6"/>
      </extensions>
    </trkpt>
    <trkpt lat="45.8807154" lon="10.8860809">
      <ele>253.0</ele>
      <time>2026-04-02T13:34:42.936+02:00</time>
      <extensions>
        <activity type="IN_VEHICLE" conf="96" state="moving" tsMs="1775129679383"/>
        <radio op="vodafone IT" rat="LTE" q="22.20" rsrp="-88" sinr="1" rsrq="-10"/>
        <radio op="I TIM" rat="LTE" q="52.80" rsrp="-92" sinr="11" rsrq="-9"/>
      </extensions>
    </trkpt>
    <trkpt lat="45.8800782" lon="10.8866877">
      <ele>254.0</ele>
      <time>2026-04-02T13:34:52.936+02:00</time>
      <extensions>
        <activity type="IN_VEHICLE" conf="97" state="moving" tsMs="1775129690032"/>
        <radio op="vodafone IT" rat="LTE" q="25.20" rsrp="-89" sinr="2" rsrq="-12"/>
        <radio op="I TIM" rat="LTE" q="31.20" rsrp="-86" sinr="3" rsrq="-6"/>
      </extensions>
    </trkpt>
    <trkpt lat="45.8795344" lon="10.887773">
      <ele>256.0</ele>
      <time>2026-04-02T13:35:02.936+02:00</time>
      <extensions>
        <activity type="IN_VEHICLE" conf="96" state="moving" tsMs="1775129700671"/>
        <radio op="vodafone IT" rat="LTE" q="44.00" rsrp="-82" sinr="6" rsrq="-10"/>
        <radio op="I TIM" rat="LTE" q="72.00" rsrp="-84" sinr="13" rsrq="-7"/>
      </extensions>
    </trkpt>
    <trkpt lat="45.8786335" lon="10.8878165">
      <ele>264.0</ele>
      <time>2026-04-02T13:35:12.936+02:00</time>
      <extensions>
        <activity type="IN_VEHICLE" conf="97" state="moving" tsMs="1775129711363"/>
        <radio op="vodafone IT" rat="LTE" q="38.00" rsrp="-87" sinr="5" rsrq="-9"/>
        <radio op="I TIM" rat="LTE" q="92.00" rsrp="-81" sinr="18" rsrq="-9"/>
      </extensions>
    </trkpt>
    <trkpt lat="45.8785653" lon="10.8881967">
      <ele>263.0</ele>
      <time>2026-04-02T13:35:22.936+02:00</time>
      <extensions>
        <activity type="IN_VEHICLE" conf="97" state="moving" tsMs="1775129721971"/>
        <radio op="vodafone IT" rat="LTE" q="18.00" rsrp="-95" sinr="1" rsrq="-10"/>
        <radio op="I TIM" rat="LTE" q="32.40" rsrp="-89" sinr="4" rsrq="-9"/>
      </extensions>
    </trkpt>
    <trkpt lat="45.8785593" lon="10.8882473">
      <ele>263.0</ele>
      <time>2026-04-02T13:35:33.936+02:00</time>
      <extensions>
        <activity type="IN_VEHICLE" conf="96" state="moving" tsMs="1775129732640"/>
        <radio op="vodafone IT" rat="LTE" q="18.00" rsrp="-95" sinr="1" rsrq="-12"/>
        <radio op="I TIM" rat="LTE" q="68.40" rsrp="-89" sinr="14" rsrq="-13"/>
      </extensions>
    </trkpt>
    <trkpt lat="45.8785593" lon="10.8882473">
      <ele>263.0</ele>
      <time>2026-04-02T13:35:43.936+02:00</time>
      <extensions>
        <activity type="IN_VEHICLE" conf="96" state="moving" tsMs="1775129743317"/>
        <radio op="vodafone IT" rat="LTE" q="26.10" rsrp="-96" sinr="4" rsrq="-13"/>
        <radio op="I TIM" rat="LTE" q="56.00" rsrp="-90" sinr="11" rsrq="-11"/>
      </extensions>
    </trkpt>
    <trkpt lat="45.8785259" lon="10.8883671">
      <ele>262.0</ele>
      <time>2026-04-02T13:35:53.936+02:00</time>
      <extensions>
        <activity type="IN_VEHICLE" conf="96" state="moving" tsMs="1775129748644"/>
        <radio op="vodafone IT" rat="LTE" q="18.00" rsrp="-95" sinr="1" rsrq="-13"/>
        <radio op="I TIM" rat="LTE" q="77.00" rsrp="-90" sinr="17" rsrq="-12"/>
      </extensions>
    </trkpt>
    <trkpt lat="45.8782515" lon="10.8883389">
      <ele>264.0</ele>
      <time>2026-04-02T13:36:03.935+02:00</time>
      <extensions>
        <activity type="IN_VEHICLE" conf="97" state="moving" tsMs="1775129759314"/>
        <radio op="vodafone IT" rat="LTE" q="48.00" rsrp="-85" sinr="7" rsrq="-10"/>
        <radio op="I TIM" rat="LTE" q="100.00" rsrp="-79" sinr="21" rsrq="-11"/>
      </extensions>
    </trkpt>
    <trkpt lat="45.8783023" lon="10.887217">
      <ele>260.0</ele>
      <time>2026-04-02T13:36:13.936+02:00</time>
      <extensions>
        <activity type="IN_VEHICLE" conf="97" state="moving" tsMs="1775129769977"/>
        <radio op="vodafone IT" rat="LTE" q="40.00" rsrp="-83" sinr="5" rsrq="-10"/>
        <radio op="I TIM" rat="LTE" q="100.00" rsrp="-79" sinr="21" rsrq="-11"/>
      </extensions>
    </trkpt>
    <trkpt lat="45.8780778" lon="10.8863056">
      <ele>254.0</ele>
      <time>2026-04-02T13:36:23.936+02:00</time>
      <extensions>
        <activity type="IN_VEHICLE" conf="97" state="moving" tsMs="1775129780673"/>
        <radio op="vodafone IT" rat="LTE" q="52.00" rsrp="-85" sinr="8" rsrq="-7"/>
        <radio op="I TIM" rat="LTE" q="79.20" rsrp="-89" sinr="17" rsrq="-9"/>
      </extensions>
    </trkpt>
    <trkpt lat="45.8777498" lon="10.8859492">
      <ele>248.0</ele>
      <time>2026-04-02T13:36:33.936+02:00</time>
      <extensions>
        <activity type="IN_VEHICLE" conf="97" state="moving" tsMs="1775129791435"/>
        <radio op="vodafone IT" rat="LTE" q="60.00" rsrp="-80" sinr="10" rsrq="-9"/>
        <radio op="I TIM" rat="LTE" q="84.00" rsrp="-77" sinr="16" rsrq="-10"/>
      </extensions>
    </trkpt>
    <trkpt lat="45.8776483" lon="10.8859755">
      <ele>250.0</ele>
      <time>2026-04-02T13:36:43.936+02:00</time>
      <extensions>
        <activity type="IN_VEHICLE" conf="97" state="moving" tsMs="1775129802128"/>
        <radio op="vodafone IT" rat="LTE" q="48.00" rsrp="-85" sinr="7" rsrq="-8"/>
        <radio op="I TIM" rat="LTE" q="48.00" rsrp="-84" sinr="7" rsrq="-10"/>
      </extensions>
    </trkpt>
    <trkpt lat="45.8776859" lon="10.8859572">
      <ele>251.0</ele>
      <time>2026-04-02T13:36:53.936+02:00</time>
      <extensions>
        <activity type="IN_VEHICLE" conf="96" state="moving" tsMs="1775129812822"/>
        <radio op="vodafone IT" rat="LTE" q="40.00" rsrp="-85" sinr="5" rsrq="-9"/>
        <radio op="I TIM" rat="LTE" q="56.00" rsrp="-84" sinr="9" rsrq="-9"/>
      </extensions>
    </trkpt>
    <trkpt lat="45.8778963" lon="10.8861393">
      <ele>251.0</ele>
      <time>2026-04-02T13:37:03.936+02:00</time>
      <extensions>
        <activity type="IN_VEHICLE" conf="97" state="moving" tsMs="1775129823538"/>
        <radio op="vodafone IT" rat="LTE" q="40.00" rsrp="-85" sinr="5" rsrq="-11"/>
        <radio op="I TIM" rat="LTE" q="72.00" rsrp="-85" sinr="13" rsrq="-9"/>
      </extensions>
    </trkpt>
    <trkpt lat="45.8782426" lon="10.8866955">
      <ele>255.0</ele>
      <time>2026-04-02T13:37:14.936+02:00</time>
      <extensions>
        <activity type="IN_VEHICLE" conf="97" state="moving" tsMs="1775129834240"/>
        <radio op="vodafone IT" rat="LTE" q="27.00" rsrp="-95" sinr="4" rsrq="-10"/>
        <radio op="I TIM" rat="LTE" q="68.40" rsrp="-87" sinr="13" rsrq="-9"/>
      </extensions>
    </trkpt>
    <trkpt lat="45.8782625" lon="10.8878653">
      <ele>259.0</ele>
      <time>2026-04-02T13:37:24.936+02:00</time>
      <extensions>
        <activity type="IN_VEHICLE" conf="97" state="moving" tsMs="1775129839580"/>
        <radio op="vodafone IT" rat="LTE" q="25.20" rsrp="-89" sinr="2" rsrq="-10"/>
        <radio op="I TIM" rat="LTE" q="97.50" rsrp="-86" sinr="21" rsrq="-8"/>
      </extensions>
    </trkpt>
    <trkpt lat="45.8782806" lon="10.8885894">
      <ele>261.0</ele>
      <time>2026-04-02T13:37:34.936+02:00</time>
      <extensions>
        <activity type="IN_VEHICLE" conf="97" state="moving" tsMs="1775129850097"/>
        <radio op="vodafone IT" rat="LTE" rsrp="-85" rsrq="-11"/>
        <radio op="I TIM" rat="LTE" q="100.00" rsrp="-85" sinr="21" rsrq="-9"/>
      </extensions>
    </trkpt>
    <trkpt lat="45.8785885" lon="10.8889445">
      <ele>260.0</ele>
      <time>2026-04-02T13:37:44.936+02:00</time>
      <extensions>
        <activity type="IN_VEHICLE" conf="97" state="moving" tsMs="1775129860778"/>
        <radio op="vodafone IT" rat="LTE" rsrp="-96" rsrq="-12"/>
        <radio op="I TIM" rat="LTE" q="57.80" rsrp="-91" sinr="12" rsrq="-9"/>
      </extensions>
    </trkpt>
    <trkpt lat="45.8785062" lon="10.8882166">
      <ele>259.0</ele>
      <time>2026-04-02T13:37:54.936+02:00</time>
      <extensions>
        <activity type="IN_VEHICLE" conf="97" state="moving" tsMs="1775129871524"/>
        <radio op="vodafone IT" rat="LTE" q="15.50" rsrp="-94" sinr="0" rsrq="-13"/>
        <radio op="I TIM" rat="LTE" q="85.00" rsrp="-91" sinr="22" rsrq="-9"/>
      </extensions>
    </trkpt>
    <trkpt lat="45.8790746" lon="10.8875108">
      <ele>250.0</ele>
      <time>2026-04-02T13:38:04.935+02:00</time>
      <extensions>
        <activity type="IN_VEHICLE" conf="97" state="moving" tsMs="1775129882247"/>
        <radio op="vodafone IT" rat="LTE" q="28.00" rsrp="-80" sinr="2" rsrq="-10"/>
        <radio op="I TIM" rat="LTE" q="100.00" rsrp="-78" sinr="20" rsrq="-10"/>
      </extensions>
    </trkpt>
    <trkpt lat="45.8798324" lon="10.8868437">
      <ele>240.0</ele>
      <time>2026-04-02T13:38:14.936+02:00</time>
      <extensions>
        <activity type="IN_VEHICLE" conf="97" state="moving" tsMs="1775129892977"/>
        <radio op="vodafone IT" rat="LTE" q="20.00" rsrp="-85" sinr="0" rsrq="-8"/>
        <radio op="I TIM" rat="LTE" q="33.00" rsrp="-92" sinr="5" rsrq="-10"/>
      </extensions>
    </trkpt>
    <trkpt lat="45.8805006" lon="10.8855457">
      <ele>232.0</ele>
      <time>2026-04-02T13:38:24.935+02:00</time>
      <extensions>
        <activity type="IN_VEHICLE" conf="97" state="moving" tsMs="1775129903645"/>
        <radio op="vodafone IT" rat="LTE" q="40.00" rsrp="-73" sinr="5" rsrq="-10"/>
        <radio op="I TIM" rat="LTE" q="80.00" rsrp="-81" sinr="15" rsrq="-9"/>
      </extensions>
    </trkpt>
    <trkpt lat="45.8801871" lon="10.8848514">
      <ele>225.0</ele>
      <time>2026-04-02T13:38:34.936+02:00</time>
      <extensions>
        <activity type="IN_VEHICLE" conf="96" state="moving" tsMs="1775129914326"/>
        <radio op="vodafone IT" rat="LTE" q="64.00" rsrp="-81" sinr="11" rsrq="-10"/>
        <radio op="I TIM" rat="LTE" q="52.80" rsrp="-92" sinr="11" rsrq="-12"/>
      </extensions>
    </trkpt>
    <trkpt lat="45.8794342" lon="10.8862887">
      <ele>214.0</ele>
      <time>2026-04-02T13:38:45.936+02:00</time>
      <extensions>
        <activity type="IN_VEHICLE" conf="97" state="moving" tsMs="1775129925033"/>
        <radio op="vodafone IT" rat="LTE" q="50.70" rsrp="-86" sinr="8" rsrq="-10"/>
        <radio op="I TIM" rat="LTE" rsrp="-91" rsrq="-10"/>
      </extensions>
    </trkpt>
    <trkpt lat="45.8785762" lon="10.8861117">
      <ele>205.0</ele>
      <time>2026-04-02T13:38:55.936+02:00</time>
      <extensions>
        <activity type="IN_VEHICLE" conf="97" state="moving" tsMs="1775129930365"/>
        <radio op="vodafone IT" rat="LTE" q="44.00" rsrp="-80" sinr="6" rsrq="-10"/>
        <radio op="I TIM" rat="LTE" q="60.00" rsrp="-83" sinr="10" rsrq="-8"/>
      </extensions>
    </trkpt>
    <trkpt lat="45.8777725" lon="10.8846872">
      <ele>194.0</ele>
      <time>2026-04-02T13:39:05.936+02:00</time>
      <extensions>
        <activity type="IN_VEHICLE" conf="97" state="moving" tsMs="1775129941063"/>
        <radio op="vodafone IT" rat="LTE" q="44.00" rsrp="-80" sinr="6" rsrq="-7"/>
        <radio op="I TIM" rat="LTE" q="62.90" rsrp="-88" sinr="12" rsrq="-9"/>
      </extensions>
    </trkpt>
    <trkpt lat="45.876532" lon="10.8835062">
      <ele>183.0</ele>
      <time>2026-04-02T13:39:15.936+02:00</time>
      <extensions>
        <activity type="IN_VEHICLE" conf="97" state="moving" tsMs="1775129951757"/>
        <radio op="vodafone IT" rat="LTE" q="44.00" rsrp="-74" sinr="6" rsrq="-9"/>
        <radio op="I TIM" rat="LTE" q="60.00" rsrp="-82" sinr="10" rsrq="-11"/>
      </extensions>
    </trkpt>
    <trkpt lat="45.875145" lon="10.8821681">
      <ele>169.0</ele>
      <time>2026-04-02T13:39:25.936+02:00</time>
      <extensions>
        <activity type="IN_VEHICLE" conf="97" state="moving" tsMs="1775129962456"/>
        <radio op="vodafone IT" rat="LTE" q="80.00" rsrp="-81" sinr="15" rsrq="-7"/>
        <radio op="I TIM" rat="LTE" rsrp="-86" rsrq="-13"/>
      </extensions>
    </trkpt>
    <trkpt lat="45.8737159" lon="10.8803762">
      <ele>152.0</ele>
      <time>2026-04-02T13:39:35.935+02:00</time>
      <extensions>
        <activity type="IN_VEHICLE" conf="97" state="moving" tsMs="1775129973119"/>
        <radio op="vodafone IT" rat="LTE" q="48.00" rsrp="-84" sinr="7" rsrq="-11"/>
        <radio op="I TIM" rat="LTE" rsrp="-84" rsrq="-14"/>
      </extensions>
    </trkpt>
    <trkpt lat="45.8725867" lon="10.8787976">
      <ele>139.0</ele>
      <time>2026-04-02T13:39:45.935+02:00</time>
      <extensions>
        <activity type="IN_VEHICLE" conf="97" state="moving" tsMs="1775129983763"/>
        <radio op="vodafone IT" rat="LTE" rsrp="-86" rsrq="-11"/>
        <radio op="I TIM" rat="LTE" q="20.00" rsrp="-78" sinr="0" rsrq="-11"/>
      </extensions>
    </trkpt>
    <trkpt lat="45.8716261" lon="10.8774624">
      <ele>126.0</ele>
      <time>2026-04-02T13:39:55.935+02:00</time>
      <extensions>
        <activity type="IN_VEHICLE" conf="97" state="moving" tsMs="1775129994485"/>
        <radio op="vodafone IT" rat="LTE" q="17.00" rsrp="-91" sinr="0" rsrq="-12"/>
        <radio op="I TIM" rat="LTE" q="36.00" rsrp="-74" sinr="4" rsrq="-10"/>
      </extensions>
    </trkpt>
    <trkpt lat="45.8710117" lon="10.8766016">
      <ele>118.0</ele>
      <time>2026-04-02T13:40:06.935+02:00</time>
      <extensions>
        <activity type="IN_VEHICLE" conf="97" state="moving" tsMs="1775130005121"/>
        <radio op="vodafone IT" rat="LTE" q="46.80" rsrp="-89" sinr="8" rsrq="-9"/>
        <radio op="I TIM" rat="LTE" q="64.00" rsrp="-85" sinr="11" rsrq="-12"/>
      </extensions>
    </trkpt>
    <trkpt lat="45.8709233" lon="10.8764334">
      <ele>117.0</ele>
      <time>2026-04-02T13:40:16.935+02:00</time>
      <extensions>
        <activity type="IN_VEHICLE" conf="97" state="moving" tsMs="1775130015836"/>
        <radio op="vodafone IT" rat="LTE" q="25.90" rsrp="-88" sinr="2" rsrq="-11"/>
        <radio op="I TIM" rat="LTE" q="27.30" rsrp="-86" sinr="2" rsrq="-12"/>
      </extensions>
    </trkpt>
    <trkpt lat="45.8709049" lon="10.8763887">
      <ele>118.0</ele>
      <time>2026-04-02T13:40:26.935+02:00</time>
      <extensions>
        <activity type="IN_VEHICLE" conf="97" state="moving" tsMs="1775130026569"/>
        <radio op="vodafone IT" rat="LTE" q="27.20" rsrp="-91" sinr="3" rsrq="-12"/>
        <radio op="I TIM" rat="LTE" q="48.00" rsrp="-84" sinr="7" rsrq="-12"/>
      </extensions>
    </trkpt>
    <trkpt lat="45.8707776" lon="10.8759884">
      <ele>118.0</ele>
      <time>2026-04-02T13:40:36.935+02:00</time>
      <extensions>
        <activity type="IN_VEHICLE" conf="97" state="moving" tsMs="1775130031903"/>
        <radio op="vodafone IT" rat="LTE" q="60.00" rsrp="-81" sinr="10" rsrq="-8"/>
        <radio op="I TIM" rat="LTE" q="48.00" rsrp="-76" sinr="7" rsrq="-12"/>
      </extensions>
    </trkpt>
    <trkpt lat="45.8702863" lon="10.8758153">
      <ele>118.0</ele>
      <time>2026-04-02T13:40:46.934+02:00</time>
      <extensions>
        <activity type="IN_VEHICLE" conf="97" state="moving" tsMs="1775130042602"/>
        <radio op="vodafone IT" rat="LTE" q="16.00" rsrp="-93" sinr="0" rsrq="-10"/>
        <radio op="I TIM" rat="LTE" q="23.80" rsrp="-91" sinr="2" rsrq="-12"/>
      </extensions>
    </trkpt>
    <trkpt lat="45.8698289" lon="10.8757143">
      <ele>119.0</ele>
      <time>2026-04-02T13:40:56.935+02:00</time>
      <extensions>
        <activity type="IN_VEHICLE" conf="97" state="moving" tsMs="1775130053315"/>
        <radio op="vodafone IT" rat="LTE" q="36.00" rsrp="-89" sinr="5" rsrq="-11"/>
        <radio op="I TIM" rat="LTE" rsrp="-90" rsrq="-13"/>
      </extensions>
    </trkpt>
    <trkpt lat="45.8694557" lon="10.8759052">
      <ele>120.0</ele>
      <time>2026-04-02T13:41:06.934+02:00</time>
      <extensions>
        <activity type="IN_VEHICLE" conf="97" state="moving" tsMs="1775130064014"/>
        <radio op="vodafone IT" rat="LTE" rsrp="-100" rsrq="-12"/>
        <radio op="I TIM" rat="LTE" q="26.10" rsrp="-96" sinr="4" rsrq="-13"/>
      </extensions>
    </trkpt>
    <trkpt lat="45.8692692" lon="10.8760655">
      <ele>121.0</ele>
      <time>2026-04-02T13:41:16.935+02:00</time>
      <extensions>
        <activity type="IN_VEHICLE" conf="98" state="moving" tsMs="1775130074695"/>
        <radio op="vodafone IT" rat="LTE" rsrp="-104" rsrq="-15"/>
        <radio op="I TIM" rat="LTE" q="18.90" rsrp="-98" sinr="2" rsrq="-13"/>
      </extensions>
    </trkpt>
    <trkpt lat="45.869264" lon="10.8765621">
      <ele>122.0</ele>
      <time>2026-04-02T13:41:27.935+02:00</time>
      <extensions>
        <activity type="IN_VEHICLE" conf="97" state="moving" tsMs="1775130085408"/>
        <radio op="vodafone IT" rat="LTE" q="20.70" rsrp="-102" sinr="4" rsrq="-11"/>
        <radio op="I TIM" rat="LTE" rsrp="-102" rsrq="-14"/>
      </extensions>
    </trkpt>
    <trkpt lat="45.8695513" lon="10.8769826">
      <ele>127.0</ele>
      <time>2026-04-02T13:41:37.935+02:00</time>
      <extensions>
        <activity type="IN_VEHICLE" conf="97" state="moving" tsMs="1775130096138"/>
        <radio op="vodafone IT" rat="LTE" q="9.60" rsrp="-113" sinr="3" rsrq="-12"/>
        <radio op="I TIM" rat="LTE" q="13.00" rsrp="-112" sinr="5" rsrq="-13"/>
      </extensions>
    </trkpt>
    <trkpt lat="45.8697156" lon="10.8773309">
      <ele>134.0</ele>
      <time>2026-04-02T13:41:47.935+02:00</time>
      <extensions>
        <activity type="IN_VEHICLE" conf="97" state="moving" tsMs="1775130106804"/>
        <radio op="vodafone IT" rat="LTE" q="18.20" rsrp="-111" sinr="8" rsrq="-9"/>
        <radio op="I TIM" rat="LTE" q="16.00" rsrp="-109" sinr="5" rsrq="-12"/>
      </extensions>
    </trkpt>
    <trkpt lat="45.8697142" lon="10.8773441">
      <ele>133.0</ele>
      <time>2026-04-02T13:41:57.935+02:00</time>
      <extensions>
        <activity type="IN_VEHICLE" conf="96" state="moving" tsMs="1775130117504"/>
        <radio op="vodafone IT" rat="LTE" q="14.30" rsrp="-112" sinr="6" rsrq="-11"/>
        <radio op="I TIM" rat="LTE" q="9.80" rsrp="-111" sinr="2" rsrq="-13"/>
      </extensions>
    </trkpt>
    <trkpt lat="45.8697157" lon="10.8773427">
      <ele>133.0</ele>
      <time>2026-04-02T13:42:07.935+02:00</time>
      <extensions>
        <activity type="IN_VEHICLE" conf="97" state="moving" tsMs="1775130122827"/>
        <radio op="vodafone IT" rat="LTE" q="13.00" rsrp="-112" sinr="5" rsrq="-10"/>
        <radio op="I TIM" rat="LTE" q="15.00" rsrp="-110" sinr="5" rsrq="-12"/>
      </extensions>
    </trkpt>
    <trkpt lat="45.8697126" lon="10.8773484">
      <ele>133.0</ele>
      <time>2026-04-02T13:42:17.935+02:00</time>
      <extensions>
        <activity type="IN_VEHICLE" conf="92" state="moving" tsMs="1775130133535"/>
        <radio op="vodafone IT" rat="LTE" q="15.60" rsrp="-112" sinr="7" rsrq="-10"/>
        <radio op="I TIM" rat="LTE" q="15.00" rsrp="-110" sinr="5" rsrq="-12"/>
      </extensions>
    </trkpt>
    <trkpt lat="45.8697144" lon="10.8773486">
      <ele>133.0</ele>
      <time>2026-04-02T13:42:27.935+02:00</time>
      <extensions>
        <activity type="UNKNOWN" conf="40" state="unknown" tsMs="1775130144290"/>
        <radio op="vodafone IT" rat="LTE" q="16.90" rsrp="-112" sinr="8" rsrq="-11"/>
        <radio op="I TIM" rat="LTE" q="16.80" rsrp="-111" sinr="7" rsrq="-12"/>
      </extensions>
    </trkpt>
    <trkpt lat="45.869713" lon="10.8773487">
      <ele>133.0</ele>
      <time>2026-04-02T13:42:37.935+02:00</time>
      <extensions>
        <activity type="IN_VEHICLE" conf="97" state="moving" tsMs="1775130155063"/>
        <radio op="vodafone IT" rat="LTE" q="18.20" rsrp="-111" sinr="8" rsrq="-11"/>
        <radio op="I TIM" rat="LTE" q="12.60" rsrp="-111" sinr="4" rsrq="-14"/>
      </extensions>
    </trkpt>
    <trkpt lat="45.8697203" lon="10.8774853">
      <ele>134.0</ele>
      <time>2026-04-02T13:42:48.935+02:00</time>
      <extensions>
        <activity type="IN_VEHICLE" conf="96" state="moving" tsMs="1775130165776"/>
        <radio op="vodafone IT" rat="LTE" q="27.00" rsrp="-107" sinr="10" rsrq="-9"/>
        <radio op="I TIM" rat="LTE" q="12.00" rsrp="-110" sinr="3" rsrq="-11"/>
      </extensions>
    </trkpt>
    <trkpt lat="45.8699901" lon="10.8782038">
      <ele>141.0</ele>
      <time>2026-04-02T13:42:58.935+02:00</time>
      <extensions>
        <activity type="IN_VEHICLE" conf="97" state="moving" tsMs="1775130176487"/>
        <radio op="vodafone IT" rat="LTE" q="7.00" rsrp="-118" sinr="5" rsrq="-12"/>
        <radio op="I TIM" rat="LTE" q="4.00" rsrp="-117" sinr="0" rsrq="-15"/>
      </extensions>
    </trkpt>
    <trkpt lat="45.8703285" lon="10.8787986">
      <ele>146.0</ele>
      <time>2026-04-02T13:43:08.935+02:00</time>
      <extensions>
        <activity type="IN_VEHICLE" conf="97" state="moving" tsMs="1775130187244"/>
        <radio op="vodafone IT" rat="LTE" q="8.50" rsrp="-108" sinr="0" rsrq="-14"/>
        <radio op="I TIM" rat="LTE" q="10.00" rsrp="-115" sinr="5" rsrq="-12"/>
      </extensions>
    </trkpt>
    <trkpt lat="45.8700173" lon="10.8794768">
      <ele>142.0</ele>
      <time>2026-04-02T13:43:18.935+02:00</time>
      <extensions>
        <activity type="IN_VEHICLE" conf="96" state="moving" tsMs="1775130197872"/>
        <radio op="vodafone IT" rat="LTE" q="18.20" rsrp="-99" sinr="2" rsrq="-13"/>
        <radio op="I TIM" rat="LTE" rsrp="-108" rsrq="-13"/>
      </extensions>
    </trkpt>
    <trkpt lat="45.869471" lon="10.8799829">
      <ele>141.0</ele>
      <time>2026-04-02T13:43:28.935+02:00</time>
      <extensions>
        <activity type="IN_VEHICLE" conf="97" state="moving" tsMs="1775130208563"/>
        <radio op="vodafone IT" rat="LTE" q="19.80" rsrp="-103" sinr="4" rsrq="-11"/>
        <radio op="I TIM" rat="LTE" q="8.10" rsrp="-116" sinr="4" rsrq="-14"/>
      </extensions>
    </trkpt>
    <trkpt lat="45.8688222" lon="10.8794719">
      <ele>140.0</ele>
      <time>2026-04-02T13:43:38.935+02:00</time>
      <extensions>
        <activity type="IN_VEHICLE" conf="97" state="moving" tsMs="1775130213917"/>
        <radio op="vodafone IT" rat="LTE" q="19.20" rsrp="-101" sinr="3" rsrq="-12"/>
        <radio op="I TIM" rat="LTE" q="7.20" rsrp="-113" sinr="1" rsrq="-13"/>
      </extensions>
    </trkpt>
    <trkpt lat="45.8677763" lon="10.8787243">
      <ele>143.0</ele>
      <time>2026-04-02T13:43:48.935+02:00</time>
      <extensions>
        <activity type="IN_VEHICLE" conf="97" state="moving" tsMs="1775130224582"/>
        <radio op="vodafone IT" rat="LTE" q="32.00" rsrp="-84" sinr="3" rsrq="-12"/>
        <radio op="I TIM" rat="LTE" q="23.20" rsrp="-96" sinr="3" rsrq="-12"/>
      </extensions>
    </trkpt>
    <trkpt lat="45.8671139" lon="10.8783481">
      <ele>147.0</ele>
      <time>2026-04-02T13:43:58.935+02:00</time>
      <extensions>
        <activity type="IN_VEHICLE" conf="97" state="moving" tsMs="1775130235241"/>
        <radio op="vodafone IT" rat="LTE" q="52.00" rsrp="-78" sinr="8" rsrq="-11"/>
        <radio op="I TIM" rat="LTE" rsrp="-86" rsrq="-13"/>
      </extensions>
    </trkpt>
    <trkpt lat="45.8662335" lon="10.8780374">
      <ele>154.0</ele>
      <time>2026-04-02T13:44:09.935+02:00</time>
      <extensions>
        <activity type="IN_VEHICLE" conf="97" state="moving" tsMs="1775130245950"/>
        <radio op="vodafone IT" rat="LTE" q="76.00" rsrp="-82" sinr="14" rsrq="-10"/>
        <radio op="I TIM" rat="LTE" q="30.80" rsrp="-97" sinr="6" rsrq="-13"/>
      </extensions>
    </trkpt>
    <trkpt lat="45.8655492" lon="10.8779566">
      <ele>163.0</ele>
      <time>2026-04-02T13:44:19.935+02:00</time>
      <extensions>
        <activity type="IN_VEHICLE" conf="96" state="moving" tsMs="1775130256617"/>
        <radio op="vodafone IT" rat="LTE" q="35.10" rsrp="-86" sinr="4" rsrq="-12"/>
        <radio op="I TIM" rat="LTE" rsrp="-98" rsrq="-19"/>
      </extensions>
    </trkpt>
    <trkpt lat="45.8661442" lon="10.878349">
      <ele>166.0</ele>
      <time>2026-04-02T13:44:29.935+02:00</time>
      <extensions>
        <activity type="IN_VEHICLE" conf="96" state="moving" tsMs="1775130267298"/>
        <radio op="vodafone IT" rat="LTE" q="35.10" rsrp="-86" sinr="4" rsrq="-11"/>
        <radio op="I TIM" rat="LTE" q="27.90" rsrp="-94" sinr="4" rsrq="-12"/>
      </extensions>
    </trkpt>
    <trkpt lat="45.8668685" lon="10.8791473">
      <ele>173.0</ele>
      <time>2026-04-02T13:44:39.935+02:00</time>
      <extensions>
        <activity type="IN_VEHICLE" conf="96" state="moving" tsMs="1775130278007"/>
        <radio op="vodafone IT" rat="LTE" q="14.40" rsrp="-101" sinr="1" rsrq="-13"/>
        <radio op="I TIM" rat="LTE" rsrp="-108" rsrq="-17"/>
      </extensions>
    </trkpt>
    <trkpt lat="45.8669263" lon="10.8801459">
      <ele>180.0</ele>
      <time>2026-04-02T13:44:49.935+02:00</time>
      <extensions>
        <activity type="IN_VEHICLE" conf="97" state="moving" tsMs="1775130288722"/>
        <radio op="vodafone IT" rat="LTE" rsrp="-104" rsrq="-15"/>
        <radio op="I TIM" rat="LTE" rsrp="-116" rsrq="-17"/>
      </extensions>
    </trkpt>
    <trkpt lat="45.8665337" lon="10.8809306">
      <ele>188.0</ele>
      <time>2026-04-02T13:44:59.935+02:00</time>
      <extensions>
        <activity type="IN_VEHICLE" conf="96" state="moving" tsMs="1775130299413"/>
        <radio op="vodafone IT" rat="LTE" q="8.40" rsrp="-111" sinr="1" rsrq="-14"/>
        <radio op="I TIM" rat="LTE" rsrp="-119" rsrq="-16"/>
      </extensions>
    </trkpt>
    <trkpt lat="45.8662867" lon="10.8804027">
      <ele>195.0</ele>
      <time>2026-04-02T13:45:09.934+02:00</time>
      <extensions>
        <activity type="IN_VEHICLE" conf="97" state="moving" tsMs="1775130310106"/>
        <radio op="vodafone IT" rat="LTE" q="32.00" rsrp="-93" sinr="5" rsrq="-8"/>
        <radio op="I TIM" rat="LTE" q="18.20" rsrp="-112" sinr="9" rsrq="-14"/>
      </extensions>
    </trkpt>
    <trkpt lat="45.866051" lon="10.8808274">
      <ele>204.0</ele>
      <time>2026-04-02T13:45:19.935+02:00</time>
      <extensions>
        <activity type="IN_VEHICLE" conf="97" state="moving" tsMs="1775130315436"/>
        <radio op="vodafone IT" rat="LTE" q="30.80" rsrp="-97" sinr="6" rsrq="-10"/>
        <radio op="I TIM" rat="LTE" q="19.00" rsrp="-106" sinr="5" rsrq="-11"/>
      </extensions>
    </trkpt>
    <trkpt lat="45.8660005" lon="10.8815087">
      <ele>209.0</ele>
      <time>2026-04-02T13:45:29.934+02:00</time>
      <extensions>
        <activity type="IN_VEHICLE" conf="96" state="moving" tsMs="1775130326159"/>
        <radio op="vodafone IT" rat="LTE" q="11.50" rsrp="-102" sinr="0" rsrq="-13"/>
        <radio op="I TIM" rat="LTE" q="9.80" rsrp="-111" sinr="2" rsrq="-14"/>
      </extensions>
    </trkpt>
    <trkpt lat="45.8658547" lon="10.8815718">
      <ele>210.0</ele>
      <time>2026-04-02T13:45:40.935+02:00</time>
      <extensions>
        <activity type="IN_VEHICLE" conf="97" state="moving" tsMs="1775130336920"/>
        <radio op="vodafone IT" rat="LTE" q="12.60" rsrp="-107" sinr="2" rsrq="-13"/>
        <radio op="I TIM" rat="LTE" rsrp="-115" rsrq="-13"/>
      </extensions>
    </trkpt>
    <trkpt lat="45.8658169" lon="10.8816131">
      <ele>210.0</ele>
      <time>2026-04-02T13:45:50.934+02:00</time>
      <extensions>
        <activity type="IN_VEHICLE" conf="97" state="moving" tsMs="1775130347656"/>
        <radio op="vodafone IT" rat="LTE" q="13.20" rsrp="-103" sinr="1" rsrq="-13"/>
        <radio op="I TIM" rat="LTE" rsrp="-116" rsrq="-13"/>
      </extensions>
    </trkpt>
    <trkpt lat="45.8656447" lon="10.8816611">
      <ele>210.0</ele>
      <time>2026-04-02T13:46:00.933+02:00</time>
      <extensions>
        <activity type="IN_VEHICLE" conf="97" state="moving" tsMs="1775130358329"/>
        <radio op="vodafone IT" rat="LTE" q="11.00" rsrp="-103" sinr="0" rsrq="-13"/>
        <radio op="I TIM" rat="LTE" rsrp="-115" rsrq="-16"/>
      </extensions>
    </trkpt>
    <trkpt lat="45.8656507" lon="10.8818469">
      <ele>208.0</ele>
      <time>2026-04-02T13:46:10.934+02:00</time>
      <extensions>
        <activity type="IN_VEHICLE" conf="97" state="moving" tsMs="1775130369104"/>
        <radio op="vodafone IT" rat="LTE" q="22.50" rsrp="-100" sinr="4" rsrq="-14"/>
        <radio op="I TIM" rat="LTE" rsrp="-114" rsrq="-15"/>
      </extensions>
    </trkpt>
    <trkpt lat="45.8656193" lon="10.8819008">
      <ele>207.0</ele>
      <time>2026-04-02T13:46:20.934+02:00</time>
      <extensions>
        <activity type="IN_VEHICLE" conf="97" state="moving" tsMs="1775130379751"/>
        <radio op="vodafone IT" rat="LTE" q="23.00" rsrp="-102" sinr="5" rsrq="-13"/>
        <radio op="I TIM" rat="LTE" rsrp="-115" rsrq="-14"/>
      </extensions>
    </trkpt>
    <trkpt lat="45.8655884" lon="10.8819155">
      <ele>208.0</ele>
      <time>2026-04-02T13:46:30.934+02:00</time>
      <extensions>
        <activity type="IN_VEHICLE" conf="97" state="moving" tsMs="1775130390432"/>
        <radio op="vodafone IT" rat="LTE" q="31.20" rsrp="-99" sinr="7" rsrq="-8"/>
        <radio op="I TIM" rat="LTE" rsrp="-113" rsrq="-14"/>
      </extensions>
    </trkpt>
    <trkpt lat="45.8655873" lon="10.8819184">
      <ele>208.0</ele>
      <time>2026-04-02T13:46:40.934+02:00</time>
      <extensions>
        <activity type="IN_VEHICLE" conf="98" state="moving" tsMs="1775130401120"/>
        <radio op="vodafone IT" rat="LTE" q="36.40" rsrp="-99" sinr="9" rsrq="-13"/>
        <radio op="I TIM" rat="LTE" q="6.60" rsrp="-114" sinr="1" rsrq="-15"/>
      </extensions>
    </trkpt>
    <trkpt lat="45.8655861" lon="10.8819183">
      <ele>208.0</ele>
      <time>2026-04-02T13:46:51.934+02:00</time>
      <extensions>
        <activity type="IN_VEHICLE" conf="96" state="moving" tsMs="1775130406520"/>
        <radio op="vodafone IT" rat="LTE" q="35.10" rsrp="-98" sinr="8" rsrq="-10"/>
        <radio op="I TIM" rat="LTE" q="6.50" rsrp="-112" sinr="0" rsrq="-12"/>
      </extensions>
    </trkpt>
    <trkpt lat="45.8655865" lon="10.8819312">
      <ele>203.0</ele>
      <time>2026-04-02T13:46:55.934+02:00</time>
      <extensions>
        <activity type="TILTING" conf="100" state="moving" tsMs="1775130415302"/>
        <radio op="vodafone IT" rat="LTE" q="22.00" rsrp="-103" sinr="5" rsrq="-10"/>
        <radio op="I TIM" rat="LTE" rsrp="-115" rsrq="-12"/>
      </extensions>
    </trkpt>
    <trkpt lat="45.8659644" lon="10.8822982">
      <ele>74.17773525007317</ele>
      <time>2026-04-02T13:47:21.308+02:00</time>
      <extensions>
        <activity type="UNKNOWN" conf="40" state="unknown" tsMs="1775130440116"/>
        <radio op="vodafone IT" rat="LTE" q="14.40" rsrp="-101" sinr="1" rsrq="-11"/>
        <radio op="I TIM" rat="LTE" rsrp="-114" rsrq="-14"/>
      </extensions>
    </trkpt>
    <trkpt lat="45.8656089" lon="10.8817779">
      <ele>222.56215104927958</ele>
      <time>2026-04-02T13:47:31.934+02:00</time>
      <extensions>
        <activity type="UNKNOWN" conf="40" state="unknown" tsMs="1775130440116"/>
        <radio op="vodafone IT" rat="LTE" q="14.70" rsrp="-104" sinr="2" rsrq="-14"/>
        <radio op="I TIM" rat="LTE" rsrp="-109" rsrq="-13"/>
      </extensions>
    </trkpt>
    <trkpt lat="45.8656004" lon="10.8817595">
      <ele>217.52956508100257</ele>
      <time>2026-04-02T13:47:41.961+02:00</time>
      <extensions>
        <activity type="ON_FOOT" conf="86" state="moving" tsMs="1775130443980"/>
        <radio op="vodafone IT" rat="LTE" q="11.00" rsrp="-103" sinr="0" rsrq="-13"/>
        <radio op="I TIM" rat="LTE" rsrp="-110" rsrq="-12"/>
      </extensions>
    </trkpt>
    <trkpt lat="45.8656032" lon="10.881761">
      <ele>209.06167867963106</ele>
      <time>2026-04-02T13:47:52.017+02:00</time>
      <extensions>
        <activity type="STILL" conf="44" state="still" tsMs="1775130460286"/>
        <radio op="vodafone IT" rat="LTE" q="13.00" rsrp="-99" sinr="0" rsrq="-9"/>
        <radio op="I TIM" rat="LTE" rsrp="-111" rsrq="-12"/>
      </extensions>
    </trkpt>
    <trkpt lat="45.8656021" lon="10.8817636">
      <ele>210.40000915527344</ele>
      <time>2026-04-02T13:48:02.97+02:00</time>
      <extensions>
        <activity type="STILL" conf="44" state="still" tsMs="1775130460286"/>
        <radio op="vodafone IT" rat="LTE" q="18.20" rsrp="-99" sinr="2" rsrq="-11"/>
        <radio op="I TIM" rat="LTE" rsrp="-111" rsrq="-13"/>
      </extensions>
    </trkpt>
    <trkpt lat="45.8656123" lon="10.8818324">
      <ele>210.40000915527344</ele>
      <time>2026-04-02T13:48:12.934+02:00</time>
      <extensions>
        <activity type="UNKNOWN" conf="40" state="unknown" tsMs="1775130476488"/>
        <radio op="vodafone IT" rat="LTE" q="18.40" rsrp="-102" sinr="3" rsrq="-11"/>
        <radio op="I TIM" rat="LTE" rsrp="-113" rsrq="-13"/>
      </extensions>
    </trkpt>
    <trkpt lat="45.8655902" lon="10.8818994">
      <ele>210.40000915527344</ele>
      <time>2026-04-02T13:48:22.97+02:00</time>
      <extensions>
        <activity type="UNKNOWN" conf="40" state="unknown" tsMs="1775130476488"/>
        <radio op="vodafone IT" rat="LTE" q="23.00" rsrp="-102" sinr="5" rsrq="-10"/>
        <radio op="I TIM" rat="LTE" q="4.50" rsrp="-116" sinr="0" rsrq="-13"/>
      </extensions>
    </trkpt>
    <trkpt lat="45.8655902" lon="10.8818951">
      <ele>210.40000915527344</ele>
      <time>2026-04-02T13:48:32.934+02:00</time>
      <extensions>
        <activity type="ON_FOOT" conf="91" state="moving" tsMs="1775130493088"/>
        <radio op="vodafone IT" rat="LTE" q="9.00" rsrp="-110" sinr="1" rsrq="-9"/>
        <radio op="I TIM" rat="LTE" q="4.00" rsrp="-117" sinr="0" rsrq="-14"/>
      </extensions>
    </trkpt>
    <trkpt lat="45.8655901" lon="10.8818947">
      <ele>210.40000915527344</ele>
      <time>2026-04-02T13:48:33.933+02:00</time>
      <extensions>
        <activity type="UNKNOWN" conf="40" state="unknown" tsMs="1775130528622"/>
        <radio op="vodafone IT" rat="LTE" q="11.20" rsrp="-109" sinr="2" rsrq="-8"/>
        <radio op="I TIM" rat="LTE" rsrp="-119" rsrq="-14"/>
      </extensions>
    </trkpt>
    <trkpt lat="45.8656078" lon="10.8819112">
      <ele>210.40000915527344</ele>
      <time>2026-04-02T13:49:16.934+02:00</time>
      <extensions>
        <activity type="UNKNOWN" conf="40" state="unknown" tsMs="1775130550205"/>
        <radio op="vodafone IT" rat="LTE" q="12.80" rsrp="-109" sinr="3" rsrq="-8"/>
        <radio op="I TIM" rat="LTE" q="1.00" rsrp="-123" sinr="0" rsrq="-15"/>
      </extensions>
    </trkpt>
    <trkpt lat="45.8656038" lon="10.8818256">
      <ele>210.40000915527344</ele>
      <time>2026-04-02T13:49:50.934+02:00</time>
      <extensions>
        <activity type="UNKNOWN" conf="40" state="unknown" tsMs="1775130584266"/>
        <radio op="vodafone IT" rat="LTE" q="15.30" rsrp="-108" sinr="4" rsrq="-12"/>
        <radio op="I TIM" rat="LTE" rsrp="-117" rsrq="-13"/>
      </extensions>
    </trkpt>
    <trkpt lat="45.8656038" lon="10.8818257">
      <ele>210.40000915527344</ele>
      <time>2026-04-02T13:50:26.412+02:00</time>
      <extensions>
        <activity type="UNKNOWN" conf="40" state="unknown" tsMs="1775130620199"/>
        <radio op="vodafone IT" rat="LTE" q="18.00" rsrp="-105" sinr="4" rsrq="-10"/>
        <radio op="I TIM" rat="LTE" rsrp="-113" rsrq="-14"/>
      </extensions>
    </trkpt>
    <trkpt lat="45.8656038" lon="10.8818257">
      <ele>210.40000915527344</ele>
      <time>2026-04-02T13:50:34.784+02:00</time>
      <extensions>
        <activity type="ON_FOOT" conf="89" state="moving" tsMs="1775130631374"/>
        <radio op="vodafone IT" rat="LTE" rsrp="-106" rsrq="-13"/>
        <radio op="I TIM" rat="LTE" rsrp="-116" rsrq="-14"/>
      </extensions>
    </trkpt>
    <trkpt lat="45.8655225" lon="10.8819919">
      <ele>210.40000915527344</ele>
      <time>2026-04-02T13:50:46.943+02:00</time>
      <extensions>
        <activity type="ON_FOOT" conf="89" state="moving" tsMs="1775130631374"/>
        <radio op="vodafone IT" rat="LTE" rsrp="-105" rsrq="-14"/>
        <radio op="I TIM" rat="LTE" rsrp="-118" rsrq="-16"/>
      </extensions>
    </trkpt>
    <trkpt lat="45.8655243" lon="10.8819907">
      <ele>210.40000915527344</ele>
      <time>2026-04-02T13:50:55.933+02:00</time>
      <extensions>
        <activity type="UNKNOWN" conf="40" state="unknown" tsMs="1775130636969"/>
        <radio op="vodafone IT" rat="LTE" q="11.20" rsrp="-109" sinr="2" rsrq="-11"/>
        <radio op="I TIM" rat="LTE" q="4.20" rsrp="-119" sinr="2" rsrq="-16"/>
      </extensions>
    </trkpt>
    <trkpt lat="45.8655244" lon="10.8819908">
      <ele>210.40000915527344</ele>
      <time>2026-04-02T13:50:56.325+02:00</time>
      <extensions>
        <activity type="UNKNOWN" conf="40" state="unknown" tsMs="1775130672341"/>
        <radio op="vodafone IT" rat="LTE" q="15.30" rsrp="-108" sinr="4" rsrq="-11"/>
        <radio op="I TIM" rat="LTE" rsrp="-120" rsrq="-14"/>
      </extensions>
    </trkpt>
    <trkpt lat="45.8655264" lon="10.8819884">
      <ele>210.40000915527344</ele>
      <time>2026-04-02T13:51:27.541+02:00</time>
      <extensions>
        <activity type="ON_FOOT" conf="84" state="moving" tsMs="1775130683093"/>
        <radio op="vodafone IT" rat="LTE" q="11.40" rsrp="-106" sinr="1" rsrq="-10"/>
        <radio op="I TIM" rat="LTE" q="7.20" rsrp="-117" sinr="4" rsrq="-13"/>
      </extensions>
    </trkpt>
    <trkpt lat="45.8655264" lon="10.8819884">
      <ele>210.40000915527344</ele>
      <time>2026-04-02T13:51:58.72+02:00</time>
      <extensions>
        <activity type="UNKNOWN" conf="40" state="unknown" tsMs="1775130714441"/>
        <radio op="vodafone IT" rat="LTE" q="11.90" rsrp="-108" sinr="2" rsrq="-10"/>
        <radio op="I TIM" rat="LTE" rsrp="-119" rsrq="-15"/>
      </extensions>
    </trkpt>
    <trkpt lat="45.865216" lon="10.88195">
      <ele>210.40000915527344</ele>
      <time>2026-04-02T13:52:30.319+02:00</time>
      <extensions>
        <activity type="ON_FOOT" conf="86" state="moving" tsMs="1775130745674"/>
        <radio op="vodafone IT" rat="LTE" q="10.50" rsrp="-110" sinr="2" rsrq="-14"/>
        <radio op="I TIM" rat="LTE" q="6.50" rsrp="-112" sinr="0" rsrq="-10"/>
      </extensions>
    </trkpt>
    <trkpt lat="45.8653894" lon="10.8816914">
      <ele>210.40000915527344</ele>
      <time>2026-04-02T13:53:04.934+02:00</time>
      <extensions>
        <activity type="UNKNOWN" conf="40" state="unknown" tsMs="1775130789551"/>
        <radio op="vodafone IT" rat="LTE" q="8.00" rsrp="-115" sinr="3" rsrq="-13"/>
        <radio op="I TIM" rat="LTE" q="8.10" rsrp="-116" sinr="4" rsrq="-12"/>
      </extensions>
    </trkpt>
    <trkpt lat="45.86539" lon="10.8816905">
      <ele>212.6004959961486</ele>
      <time>2026-04-02T13:53:44.116+02:00</time>
      <extensions>
        <activity type="STILL" conf="99" state="still" tsMs="1775130818176"/>
        <radio op="vodafone IT" rat="LTE" rsrp="-114" rsrq="-12"/>
        <radio op="I TIM" rat="LTE" q="6.00" rsrp="-113" sinr="0" rsrq="-13"/>
      </extensions>
    </trkpt>
    <trkpt lat="45.8651544" lon="10.8819607">
      <ele>214.3806647191262</ele>
      <time>2026-04-02T13:54:19.15+02:00</time>
      <extensions>
        <activity type="ON_FOOT" conf="86" state="moving" tsMs="1775130856572"/>
        <radio op="vodafone IT" rat="LTE" rsrp="-114" rsrq="-14"/>
        <radio op="I TIM" rat="LTE" q="7.70" rsrp="-114" sinr="2" rsrq="-15"/>
      </extensions>
    </trkpt>
    <trkpt lat="45.8651544" lon="10.8819607">
      <ele>210.40000915527344</ele>
      <time>2026-04-02T13:55:07.742+02:00</time>
      <extensions>
        <activity type="ON_FOOT" conf="96" state="moving" tsMs="1775130905923"/>
        <radio op="vodafone IT" rat="LTE" rsrp="-112" rsrq="-17"/>
        <radio op="I TIM" rat="LTE" q="5.00" rsrp="-115" sinr="0" rsrq="-14"/>
      </extensions>
    </trkpt>
    <trkpt lat="45.8643993" lon="10.8810987">
      <ele>210.40000915527344</ele>
      <time>2026-04-02T13:55:51.933+02:00</time>
      <extensions>
        <activity type="ON_FOOT" conf="94" state="moving" tsMs="1775130946191"/>
        <radio op="vodafone IT" rat="LTE" rsrp="-110" rsrq="-15"/>
        <radio op="I TIM" rat="LTE" q="9.10" rsrp="-112" sinr="2" rsrq="-10"/>
      </extensions>
    </trkpt>
    <trkpt lat="45.8643937" lon="10.8810925">
      <ele>212.19420911508647</ele>
      <time>2026-04-02T13:56:26.866+02:00</time>
      <extensions>
        <activity type="UNKNOWN" conf="40" state="unknown" tsMs="1775130984568"/>
        <radio op="vodafone IT" rat="LTE" rsrp="-111" rsrq="-18"/>
        <radio op="I TIM" rat="LTE" q="5.40" rsrp="-116" sinr="1" rsrq="-11"/>
      </extensions>
    </trkpt>
    <trkpt lat="45.8652714" lon="10.8815997">
      <ele>206.33924365997987</ele>
      <time>2026-04-02T13:57:15.933+02:00</time>
      <extensions>
        <activity type="ON_FOOT" conf="91" state="moving" tsMs="1775131031711"/>
        <radio op="vodafone IT" rat="LTE" rsrp="-107" rsrq="-16"/>
        <radio op="I TIM" rat="LTE" rsrp="-110" rsrq="-12"/>
      </extensions>
    </trkpt>
    <trkpt lat="45.8641435" lon="10.8806577">
      <ele>210.50001525878906</ele>
      <time>2026-04-02T13:57:33.933+02:00</time>
      <extensions>
        <activity type="STILL" conf="35" state="still" tsMs="1775131035214"/>
        <radio op="vodafone IT" rat="LTE" rsrp="-110" rsrq="-16"/>
        <radio op="I TIM" rat="LTE" q="7.00" rsrp="-111" sinr="0" rsrq="-11"/>
      </extensions>
    </trkpt>
    <trkpt lat="45.8639904" lon="10.880556">
      <ele>210.50001525878906</ele>
      <time>2026-04-02T13:57:53.933+02:00</time>
      <extensions>
        <activity type="UNKNOWN" conf="40" state="unknown" tsMs="1775131055727"/>
        <radio op="vodafone IT" rat="LTE" rsrp="-109" rsrq="-16"/>
        <radio op="I TIM" rat="LTE" q="7.80" rsrp="-112" sinr="1" rsrq="-11"/>
      </extensions>
    </trkpt>
    <trkpt lat="45.8639906" lon="10.8805677">
      <ele>199.0</ele>
      <time>2026-04-02T13:58:03.933+02:00</time>
      <extensions>
        <activity type="UNKNOWN" conf="40" state="unknown" tsMs="1775131055727"/>
        <radio op="vodafone IT" rat="LTE" rsrp="-108" rsrq="-15"/>
        <radio op="I TIM" rat="LTE" q="9.80" rsrp="-111" sinr="2" rsrq="-12"/>
      </extensions>
    </trkpt>
    <trkpt lat="45.8639313" lon="10.8805154">
      <ele>206.1096569096513</ele>
      <time>2026-04-02T13:58:39.933+02:00</time>
      <extensions>
        <activity type="UNKNOWN" conf="40" state="unknown" tsMs="1775131114665"/>
        <radio op="vodafone IT" rat="LTE" rsrp="-115" rsrq="-18"/>
        <radio op="I TIM" rat="LTE" q="4.50" rsrp="-116" sinr="0" rsrq="-11"/>
      </extensions>
    </trkpt>
    <trkpt lat="45.863881" lon="10.8805464">
      <ele>204.19999082619077</ele>
      <time>2026-04-02T13:59:22.933+02:00</time>
      <extensions>
        <activity type="UNKNOWN" conf="40" state="unknown" tsMs="1775131157138"/>
        <radio op="vodafone IT" rat="LTE" rsrp="-114" rsrq="-14"/>
        <radio op="I TIM" rat="LTE" q="14.40" rsrp="-113" sinr="7" rsrq="-11"/>
      </extensions>
    </trkpt>
    <trkpt lat="45.8638909" lon="10.8804585">
      <ele>210.50001525878906</ele>
      <time>2026-04-02T14:00:01.933+02:00</time>
      <extensions>
        <activity type="UNKNOWN" conf="40" state="unknown" tsMs="1775131194869"/>
        <radio op="vodafone IT" rat="LTE" q="13.00" rsrp="-115" sinr="8" rsrq="-10"/>
        <radio op="I TIM" rat="LTE" q="16.80" rsrp="-113" sinr="9" rsrq="-11"/>
      </extensions>
    </trkpt>
    <trkpt lat="45.8638684" lon="10.8805551">
      <ele>205.6594646592776</ele>
      <time>2026-04-02T14:00:35.933+02:00</time>
      <extensions>
        <activity type="STILL" conf="99" state="still" tsMs="1775131235204"/>
        <radio op="vodafone IT" rat="LTE" rsrp="-114" rsrq="-15"/>
        <radio op="I TIM" rat="LTE" q="9.00" rsrp="-115" sinr="4" rsrq="-14"/>
      </extensions>
    </trkpt>
    <trkpt lat="45.8638678" lon="10.8805519">
      <ele>205.0451605923882</ele>
      <time>2026-04-02T14:01:15.671+02:00</time>
      <extensions>
        <activity type="UNKNOWN" conf="40" state="unknown" tsMs="1775131270612"/>
        <radio op="vodafone IT" rat="LTE" rsrp="-112" rsrq="-15"/>
        <radio op="I TIM" rat="LTE" q="7.00" rsrp="-115" sinr="2" rsrq="-13"/>
      </extensions>
    </trkpt>
    <trkpt lat="45.8638358" lon="10.8808117">
      <ele>206.84090703600484</ele>
      <time>2026-04-02T14:01:51.934+02:00</time>
      <extensions>
        <activity type="ON_FOOT" conf="83" state="moving" tsMs="1775131331225"/>
        <radio op="vodafone IT" rat="LTE" q="13.20" rsrp="-114" sinr="7" rsrq="-10"/>
        <radio op="I TIM" rat="LTE" q="16.90" rsrp="-112" sinr="8" rsrq="-11"/>
      </extensions>
    </trkpt>
    <trkpt lat="45.8639872" lon="10.8812041">
      <ele>210.50001525878906</ele>
      <time>2026-04-02T14:02:42.193+02:00</time>
      <extensions>
        <activity type="ON_FOOT" conf="89" state="moving" tsMs="1775131359368"/>
        <radio op="vodafone IT" rat="LTE" q="17.00" rsrp="-108" sinr="5" rsrq="-11"/>
        <radio op="I TIM" rat="LTE" q="24.70" rsrp="-106" sinr="8" rsrq="-9"/>
      </extensions>
    </trkpt>
    <trkpt lat="45.8639872" lon="10.8812041">
      <ele>217.50721458355184</ele>
      <time>2026-04-02T14:03:13.407+02:00</time>
      <extensions>
        <activity type="ON_FOOT" conf="92" state="moving" tsMs="1775131386787"/>
        <radio op="vodafone IT" rat="LTE" q="42.50" rsrp="-100" sinr="12" rsrq="-6"/>
        <radio op="I TIM" rat="LTE" q="46.80" rsrp="-99" sinr="13" rsrq="-7"/>
      </extensions>
    </trkpt>
    <trkpt lat="45.8636452" lon="10.8808189">
      <ele>222.49812595556511</ele>
      <time>2026-04-02T14:03:47.934+02:00</time>
      <extensions>
        <activity type="ON_FOOT" conf="93" state="moving" tsMs="1775131423334"/>
        <radio op="vodafone IT" rat="LTE" q="18.00" rsrp="-113" sinr="10" rsrq="-10"/>
        <radio op="I TIM" rat="LTE" q="30.40" rsrp="-109" sinr="14" rsrq="-10"/>
      </extensions>
    </trkpt>
    <trkpt lat="45.8636432" lon="10.8808169">
      <ele>226.9230227671556</ele>
      <time>2026-04-02T14:04:27.383+02:00</time>
      <extensions>
        <activity type="UNKNOWN" conf="40" state="unknown" tsMs="1775131465338"/>
        <radio op="vodafone IT" rat="LTE" q="23.80" rsrp="-111" sinr="12" rsrq="-8"/>
        <radio op="I TIM" rat="LTE" q="34.20" rsrp="-107" sinr="14" rsrq="-7"/>
      </extensions>
    </trkpt>
    <trkpt lat="45.8636565" lon="10.8806554">
      <ele>235.2270376260467</ele>
      <time>2026-04-02T14:05:00.289+02:00</time>
      <extensions>
        <activity type="ON_FOOT" conf="84" state="moving" tsMs="1775131492258"/>
        <radio op="vodafone IT" rat="LTE" q="12.10" rsrp="-114" sinr="6" rsrq="-11"/>
        <radio op="I TIM" rat="LTE" q="20.40" rsrp="-113" sinr="12" rsrq="-10"/>
      </extensions>
    </trkpt>
    <trkpt lat="45.8636268" lon="10.8807611">
      <ele>240.99672286664736</ele>
      <time>2026-04-02T14:05:34.838+02:00</time>
      <extensions>
        <activity type="UNKNOWN" conf="40" state="unknown" tsMs="1775131528911"/>
        <radio op="vodafone IT" rat="LTE" q="18.00" rsrp="-107" sinr="5" rsrq="-10"/>
        <radio op="I TIM" rat="LTE" q="32.30" rsrp="-106" sinr="12" rsrq="-7"/>
      </extensions>
    </trkpt>
    <trkpt lat="45.863556" lon="10.8808543">
      <ele>249.44035776118474</ele>
      <time>2026-04-02T14:06:33.934+02:00</time>
      <extensions>
        <activity type="UNKNOWN" conf="40" state="unknown" tsMs="1775131589581"/>
        <radio op="vodafone IT" rat="LTE" q="13.50" rsrp="-110" sinr="4" rsrq="-10"/>
        <radio op="I TIM" rat="LTE" q="23.80" rsrp="-108" sinr="9" rsrq="-10"/>
      </extensions>
    </trkpt>
    <trkpt lat="45.863556" lon="10.8808543">
      <ele>253.0454533597597</ele>
      <time>2026-04-02T14:07:16.264+02:00</time>
      <extensions>
        <activity type="ON_FOOT" conf="86" state="moving" tsMs="1775131627750"/>
        <radio op="vodafone IT" rat="LTE" q="7.80" rsrp="-112" sinr="1" rsrq="-9"/>
        <radio op="I TIM" rat="LTE" q="17.60" rsrp="-109" sinr="6" rsrq="-13"/>
      </extensions>
    </trkpt>
    <trkpt lat="45.8631534" lon="10.8806245">
      <ele>257.00703105629884</ele>
      <time>2026-04-02T14:07:57.934+02:00</time>
      <extensions>
        <activity type="ON_FOOT" conf="92" state="moving" tsMs="1775131673202"/>
        <radio op="vodafone IT" rat="LTE" rsrp="-113" rsrq="-14"/>
        <radio op="I TIM" rat="LTE" rsrp="-109" rsrq="-15"/>
      </extensions>
    </trkpt>
    <trkpt lat="45.8631494" lon="10.8806224">
      <ele>260.81908232091695</ele>
      <time>2026-04-02T14:08:43.111+02:00</time>
      <extensions>
        <activity type="ON_FOOT" conf="89" state="moving" tsMs="1775131717612"/>
        <radio op="vodafone IT" rat="LTE" q="6.00" rsrp="-113" sinr="0" rsrq="-13"/>
        <radio op="I TIM" rat="LTE" rsrp="-110" rsrq="-15"/>
      </extensions>
    </trkpt>
    <trkpt lat="45.8627001" lon="10.88042">
      <ele>260.92764650333197</ele>
      <time>2026-04-02T14:09:32.934+02:00</time>
      <extensions>
        <activity type="ON_FOOT" conf="96" state="moving" tsMs="1775131767908"/>
        <radio op="vodafone IT" rat="LTE" rsrp="-107" rsrq="-12"/>
        <radio op="I TIM" rat="LTE" q="13.30" rsrp="-106" sinr="2" rsrq="-12"/>
      </extensions>
    </trkpt>
    <trkpt lat="45.8626993" lon="10.8804197">
      <ele>262.598675576661</ele>
      <time>2026-04-02T14:10:28.454+02:00</time>
      <extensions>
        <activity type="UNKNOWN" conf="40" state="unknown" tsMs="1775131826374"/>
        <radio op="vodafone IT" rat="LTE" q="11.20" rsrp="-109" sinr="2" rsrq="-14"/>
        <radio op="I TIM" rat="LTE" rsrp="-104" rsrq="-11"/>
      </extensions>
    </trkpt>
    <trkpt lat="45.8625131" lon="10.880463">
      <ele>263.7626963127083</ele>
      <time>2026-04-02T14:11:05.933+02:00</time>
      <extensions>
        <activity type="ON_FOOT" conf="91" state="moving" tsMs="1775131858730"/>
        <radio op="vodafone IT" rat="LTE" q="7.50" rsrp="-110" sinr="0" rsrq="-13"/>
        <radio op="I TIM" rat="LTE" rsrp="-105" rsrq="-14"/>
      </extensions>
    </trkpt>
    <trkpt lat="45.8625127" lon="10.8804631">
      <ele>259.6553451848742</ele>
      <time>2026-04-02T14:11:40.533+02:00</time>
      <extensions>
        <activity type="ON_FOOT" conf="96" state="moving" tsMs="1775131899218"/>
        <radio op="vodafone IT" rat="LTE" rsrp="-113" rsrq="-12"/>
        <radio op="I TIM" rat="LTE" rsrp="-108" rsrq="-14"/>
      </extensions>
    </trkpt>
    <trkpt lat="45.8594182" lon="10.8780702">
      <ele>264.06083487368323</ele>
      <time>2026-04-02T14:13:03.352+02:00</time>
      <extensions>
        <activity type="UNKNOWN" conf="40" state="unknown" tsMs="1775131981216"/>
        <radio op="vodafone IT" rat="LTE" q="9.50" rsrp="-106" sinr="0" rsrq="-13"/>
        <radio op="I TIM" rat="LTE" q="11.50" rsrp="-102" sinr="0" rsrq="-12"/>
      </extensions>
    </trkpt>
    <trkpt lat="45.8588434" lon="10.8771629">
      <ele>263.3361337065214</ele>
      <time>2026-04-02T14:13:57.942+02:00</time>
      <extensions>
        <activity type="ON_FOOT" conf="82" state="moving" tsMs="1775132032217"/>
        <radio op="vodafone IT" rat="LTE" rsrp="-109" rsrq="-15"/>
        <radio op="I TIM" rat="LTE" q="14.70" rsrp="-104" sinr="2" rsrq="-12"/>
      </extensions>
    </trkpt>
    <trkpt lat="45.8588385" lon="10.8771552">
      <ele>268.4241999319454</ele>
      <time>2026-04-02T14:14:41.482+02:00</time>
      <extensions>
        <activity type="ON_FOOT" conf="92" state="moving" tsMs="1775132075570"/>
        <radio op="vodafone IT" rat="LTE" rsrp="-115" rsrq="-17"/>
        <radio op="I TIM" rat="LTE" rsrp="-110" rsrq="-16"/>
      </extensions>
    </trkpt>
    <trkpt lat="45.8583156" lon="10.8762484">
      <ele>273.565079377763</ele>
      <time>2026-04-02T14:15:24.93+02:00</time>
      <extensions>
        <activity type="ON_FOOT" conf="87" state="moving" tsMs="1775132116215"/>
        <radio op="vodafone IT" rat="LTE" rsrp="-111" rsrq="-18"/>
        <radio op="I TIM" rat="LTE" rsrp="-106" rsrq="-13"/>
      </extensions>
    </trkpt>
    <trkpt lat="45.8583147" lon="10.8762468">
      <ele>278.37408933358427</ele>
      <time>2026-04-02T14:16:02.288+02:00</time>
      <extensions>
        <activity type="ON_FOOT" conf="94" state="moving" tsMs="1775132155907"/>
        <radio op="vodafone IT" rat="LTE" rsrp="-111" rsrq="-16"/>
        <radio op="I TIM" rat="LTE" rsrp="-106" rsrq="-14"/>
      </extensions>
    </trkpt>
    <trkpt lat="45.8578557" lon="10.8753607">
      <ele>282.92388860208865</ele>
      <time>2026-04-02T14:16:38.447+02:00</time>
      <extensions>
        <activity type="ON_FOOT" conf="89" state="moving" tsMs="1775132192444"/>
        <radio op="vodafone IT" rat="LTE" rsrp="-112" rsrq="-18"/>
        <radio op="I TIM" rat="LTE" rsrp="-111" rsrq="-17"/>
      </extensions>
    </trkpt>
    <trkpt lat="45.8578507" lon="10.8753506">
      <ele>288.5962164189854</ele>
      <time>2026-04-02T14:17:20.472+02:00</time>
      <extensions>
        <activity type="ON_FOOT" conf="92" state="moving" tsMs="1775132234390"/>
        <radio op="vodafone IT" rat="LTE" rsrp="-108" rsrq="-12"/>
        <radio op="I TIM" rat="LTE" rsrp="-107" rsrq="-16"/>
      </extensions>
    </trkpt>
    <trkpt lat="45.8572376" lon="10.8745022">
      <ele>293.1301599014725</ele>
      <time>2026-04-02T14:18:00.928+02:00</time>
      <extensions>
        <activity type="ON_FOOT" conf="96" state="moving" tsMs="1775132272980"/>
        <radio op="vodafone IT" rat="LTE" rsrp="-103" rsrq="-13"/>
        <radio op="I TIM" rat="LTE" rsrp="-106" rsrq="-16"/>
      </extensions>
    </trkpt>
    <trkpt lat="45.8572365" lon="10.8745006">
      <ele>294.14638321598215</ele>
      <time>2026-04-02T14:18:34.924+02:00</time>
      <extensions>
        <activity type="ON_FOOT" conf="88" state="moving" tsMs="1775132313220"/>
        <radio op="vodafone IT" rat="LTE" rsrp="-100" rsrq="-14"/>
        <radio op="I TIM" rat="LTE" rsrp="-97" rsrq="-13"/>
      </extensions>
    </trkpt>
    <trkpt lat="45.8571594" lon="10.8743929">
      <ele>294.27744824186743</ele>
      <time>2026-04-02T14:19:52.939+02:00</time>
      <extensions>
        <activity type="UNKNOWN" conf="40" state="unknown" tsMs="1775132386220"/>
        <radio op="vodafone IT" rat="LTE" rsrp="-104" rsrq="-15"/>
        <radio op="I TIM" rat="LTE" rsrp="-104" rsrq="-16"/>
      </extensions>
    </trkpt>
    <trkpt lat="45.8571897" lon="10.8743904">
      <ele>116.5999984741211</ele>
      <time>2026-04-02T14:20:20.246+02:00</time>
      <extensions>
        <activity type="UNKNOWN" conf="40" state="unknown" tsMs="1775132414230"/>
        <radio op="vodafone IT" rat="LTE" rsrp="-102" rsrq="-13"/>
        <radio op="I TIM" rat="LTE" rsrp="-102" rsrq="-14"/>
      </extensions>
    </trkpt>
    <trkpt lat="45.8571864" lon="10.8743323">
      <ele>116.5999984741211</ele>
      <time>2026-04-02T14:20:22.936+02:00</time>
      <extensions>
        <activity type="UNKNOWN" conf="40" state="unknown" tsMs="1775132414230"/>
        <radio op="vodafone IT" rat="LTE" rsrp="-99" rsrq="-11"/>
        <radio op="I TIM" rat="LTE" rsrp="-99" rsrq="-14"/>
      </extensions>
    </trkpt>
    <trkpt lat="45.8571584" lon="10.8743058">
      <ele>291.150476796971</ele>
      <time>2026-04-02T14:21:09.936+02:00</time>
      <extensions>
        <activity type="STILL" conf="100" state="still" tsMs="1775132466431"/>
        <radio op="vodafone IT" rat="LTE" rsrp="-108" rsrq="-15"/>
        <radio op="I TIM" rat="LTE" rsrp="-106" rsrq="-14"/>
      </extensions>
    </trkpt>
    <trkpt lat="45.8571489" lon="10.8743265">
      <ele>139.22197957000503</ele>
      <time>2026-04-02T14:22:01.012+02:00</time>
      <extensions>
        <activity type="STILL" conf="99" state="still" tsMs="1775132513223"/>
        <radio op="vodafone IT" rat="LTE" rsrp="-108" rsrq="-15"/>
        <radio op="I TIM" rat="LTE" rsrp="-103" rsrq="-12"/>
      </extensions>
    </trkpt>
    <trkpt lat="45.8571566" lon="10.8742912">
      <ele>129.7952716725183</ele>
      <time>2026-04-02T14:22:10.937+02:00</time>
      <extensions>
        <activity type="STILL" conf="99" state="still" tsMs="1775132529321"/>
        <radio op="vodafone IT" rat="LTE" rsrp="-108" rsrq="-16"/>
        <radio op="I TIM" rat="LTE" rsrp="-105" rsrq="-14"/>
      </extensions>
    </trkpt>
    <trkpt lat="45.8571639" lon="10.8742871">
      <ele>116.80000305175781</ele>
      <time>2026-04-02T14:22:12.937+02:00</time>
      <extensions>
        <activity type="IN_VEHICLE" conf="71" state="moving" tsMs="1775132540098"/>
        <radio op="vodafone IT" rat="LTE" rsrp="-105" rsrq="-16"/>
        <radio op="I TIM" rat="LTE" rsrp="-103" rsrq="-13"/>
      </extensions>
    </trkpt>
    <trkpt lat="45.857119" lon="10.8743278">
      <ele>116.80000305175781</ele>
      <time>2026-04-02T14:23:07.997+02:00</time>
      <extensions>
        <activity type="STILL" conf="99" state="still" tsMs="1775132585210"/>
        <radio op="vodafone IT" rat="LTE" q="23.10" rsrp="-104" sinr="6" rsrq="-9"/>
        <radio op="I TIM" rat="LTE" rsrp="-103" rsrq="-13"/>
      </extensions>
    </trkpt>
    <trkpt lat="45.8571425" lon="10.8743306">
      <ele>116.80000305175781</ele>
      <time>2026-04-02T14:23:10.937+02:00</time>
      <extensions>
        <activity type="STILL" conf="99" state="still" tsMs="1775132585210"/>
        <radio op="vodafone IT" rat="LTE" q="10.00" rsrp="-105" sinr="0" rsrq="-7"/>
        <radio op="I TIM" rat="LTE" rsrp="-103" rsrq="-14"/>
      </extensions>
    </trkpt>
    <trkpt lat="45.8570545" lon="10.8742122">
      <ele>116.5999984741211</ele>
      <time>2026-04-02T14:30:45.94+02:00</time>
      <extensions>
        <activity type="UNKNOWN" conf="40" state="unknown" tsMs="1775133040249"/>
        <radio op="vodafone IT" rat="LTE" rsrp="-113" rsrq="-16"/>
        <radio op="I TIM" rat="LTE" rsrp="-114" rsrq="-16"/>
      </extensions>
    </trkpt>
    <trkpt lat="45.8570545" lon="10.8742122">
      <ele>125.7428846770132</ele>
      <time>2026-04-02T14:31:28.668+02:00</time>
      <extensions>
        <activity type="UNKNOWN" conf="40" state="unknown" tsMs="1775133083583"/>
        <radio op="vodafone IT" rat="LTE" rsrp="-112" rsrq="-16"/>
        <radio op="I TIM" rat="LTE" rsrp="-112" rsrq="-15"/>
      </extensions>
    </trkpt>
    <trkpt lat="45.8566905" lon="10.8738239">
      <ele>125.7428846770132</ele>
      <time>2026-04-02T14:31:34.94+02:00</time>
      <extensions>
        <activity type="UNKNOWN" conf="40" state="unknown" tsMs="1775133105236"/>
        <radio op="vodafone IT" rat="LTE" rsrp="-110" rsrq="-14"/>
        <radio op="I TIM" rat="LTE" rsrp="-111" rsrq="-17"/>
      </extensions>
    </trkpt>
    <trkpt lat="45.8566819" lon="10.8738039">
      <ele>123.35362306410877</ele>
      <time>2026-04-02T14:32:07.298+02:00</time>
      <extensions>
        <activity type="ON_FOOT" conf="90" state="moving" tsMs="1775133121456"/>
        <radio op="vodafone IT" rat="LTE" rsrp="-108" rsrq="-14"/>
        <radio op="I TIM" rat="LTE" rsrp="-112" rsrq="-16"/>
      </extensions>
    </trkpt>
    <trkpt lat="45.8565287" lon="10.8735339">
      <ele>123.35362306410877</ele>
      <time>2026-04-02T14:32:12.939+02:00</time>
      <extensions>
        <activity type="ON_FOOT" conf="94" state="moving" tsMs="1775133132535"/>
        <radio op="vodafone IT" rat="LTE" rsrp="-114" rsrq="-14"/>
        <radio op="I TIM" rat="LTE" rsrp="-115" rsrq="-15"/>
      </extensions>
    </trkpt>
    <trkpt lat="45.8564876" lon="10.8734098">
      <ele>116.5999984741211</ele>
      <time>2026-04-02T14:32:23.94+02:00</time>
      <extensions>
        <activity type="ON_FOOT" conf="91" state="moving" tsMs="1775133147251"/>
        <radio op="vodafone IT" rat="LTE" rsrp="-110" rsrq="-16"/>
        <radio op="I TIM" rat="LTE" rsrp="-111" rsrq="-14"/>
      </extensions>
    </trkpt>
    <trkpt lat="45.8564318" lon="10.8733268">
      <ele>116.5999984741211</ele>
      <time>2026-04-02T14:32:27.998+02:00</time>
      <extensions>
        <activity type="ON_FOOT" conf="87" state="moving" tsMs="1775133164243"/>
        <radio op="vodafone IT" rat="LTE" rsrp="-102" rsrq="-14"/>
        <radio op="I TIM" rat="LTE" rsrp="-112" rsrq="-13"/>
      </extensions>
    </trkpt>
    <trkpt lat="45.8563937" lon="10.8732867">
      <ele>133.14283808253606</ele>
      <time>2026-04-02T14:33:07.241+02:00</time>
      <extensions>
        <activity type="ON_FOOT" conf="95" state="moving" tsMs="1775133186229"/>
        <radio op="vodafone IT" rat="LTE" rsrp="-100" rsrq="-15"/>
        <radio op="I TIM" rat="LTE" q="6.50" rsrp="-112" sinr="0" rsrq="-14"/>
      </extensions>
    </trkpt>
    <trkpt lat="45.8561488" lon="10.873027">
      <ele>133.14283808253606</ele>
      <time>2026-04-02T14:33:12.94+02:00</time>
      <extensions>
        <activity type="ON_FOOT" conf="95" state="moving" tsMs="1775133186229"/>
        <radio op="vodafone IT" rat="LTE" q="21.60" rsrp="-98" sinr="3" rsrq="-11"/>
        <radio op="I TIM" rat="LTE" rsrp="-114" rsrq="-16"/>
      </extensions>
    </trkpt>
    <trkpt lat="45.8559376" lon="10.8726988">
      <ele>116.5999984741211</ele>
      <time>2026-04-02T14:33:24.94+02:00</time>
      <extensions>
        <activity type="ON_FOOT" conf="94" state="moving" tsMs="1775133189771"/>
        <radio op="vodafone IT" rat="LTE" rsrp="-103" rsrq="-15"/>
        <radio op="I TIM" rat="LTE" rsrp="-118" rsrq="-19"/>
      </extensions>
    </trkpt>
    <trkpt lat="45.8558908" lon="10.8726364">
      <ele>116.5999984741211</ele>
      <time>2026-04-02T14:33:28.028+02:00</time>
      <extensions>
        <activity type="ON_FOOT" conf="94" state="moving" tsMs="1775133189771"/>
        <radio op="vodafone IT" rat="LTE" q="15.00" rsrp="-100" sinr="1" rsrq="-13"/>
        <radio op="I TIM" rat="LTE" q="13.30" rsrp="-106" sinr="2" rsrq="-13"/>
      </extensions>
    </trkpt>
    <trkpt lat="45.8558777" lon="10.8726169">
      <ele>135.02881075198866</ele>
      <time>2026-04-02T14:34:16.115+02:00</time>
      <extensions>
        <activity type="ON_FOOT" conf="94" state="moving" tsMs="1775133254807"/>
        <radio op="vodafone IT" rat="LTE" rsrp="-107" rsrq="-12"/>
        <radio op="I TIM" rat="LTE" rsrp="-113" rsrq="-15"/>
      </extensions>
    </trkpt>
    <trkpt lat="45.8550002" lon="10.8718639">
      <ele>143.06389823144644</ele>
      <time>2026-04-02T14:35:09.939+02:00</time>
      <extensions>
        <activity type="ON_FOOT" conf="85" state="moving" tsMs="1775133308622"/>
        <radio op="vodafone IT" rat="LTE" q="15.00" rsrp="-100" sinr="1" rsrq="-11"/>
        <radio op="I TIM" rat="LTE" q="20.00" rsrp="-100" sinr="3" rsrq="-14"/>
      </extensions>
    </trkpt>
    <trkpt lat="45.8570032" lon="10.8741718">
      <ele>140.0514764207685</ele>
      <time>2026-04-02T14:35:48.002+02:00</time>
      <extensions>
        <activity type="UNKNOWN" conf="40" state="unknown" tsMs="1775133342020"/>
        <radio op="vodafone IT" rat="LTE" rsrp="-104" rsrq="-14"/>
        <radio op="I TIM" rat="LTE" rsrp="-104" rsrq="-9"/>
      </extensions>
    </trkpt>
    <trkpt lat="45.8546336" lon="10.8716393">
      <ele>133.61859811569616</ele>
      <time>2026-04-02T14:36:34.94+02:00</time>
      <extensions>
        <activity type="ON_FOOT" conf="82" state="moving" tsMs="1775133384947"/>
        <radio op="vodafone IT" rat="LTE" rsrp="-103" rsrq="-14"/>
        <radio op="I TIM" rat="LTE" rsrp="-104" rsrq="-12"/>
      </extensions>
    </trkpt>
    <trkpt lat="45.854635" lon="10.8716409">
      <ele>123.99442197335674</ele>
      <time>2026-04-02T14:37:10.377+02:00</time>
      <extensions>
        <activity type="ON_FOOT" conf="85" state="moving" tsMs="1775133424363"/>
        <radio op="vodafone IT" rat="LTE" q="12.00" rsrp="-110" sinr="3" rsrq="-11"/>
        <radio op="I TIM" rat="LTE" q="13.00" rsrp="-112" sinr="5" rsrq="-13"/>
      </extensions>
    </trkpt>
    <trkpt lat="45.8544502" lon="10.8715786">
      <ele>124.06753629298476</ele>
      <time>2026-04-02T14:37:16.94+02:00</time>
      <extensions>
        <activity type="ON_FOOT" conf="89" state="moving" tsMs="1775133435662"/>
        <radio op="vodafone IT" rat="LTE" rsrp="-113" rsrq="-11"/>
        <radio op="I TIM" rat="LTE" rsrp="-118" rsrq="-17"/>
      </extensions>
    </trkpt>
    <trkpt lat="45.8544467" lon="10.8715823">
      <ele>116.5999984741211</ele>
      <time>2026-04-02T14:37:51.858+02:00</time>
      <extensions>
        <activity type="ON_FOOT" conf="94" state="moving" tsMs="1775133467894"/>
        <radio op="vodafone IT" rat="LTE" rsrp="-111" rsrq="-12"/>
        <radio op="I TIM" rat="LTE" rsrp="-116" rsrq="-17"/>
      </extensions>
    </trkpt>
    <trkpt lat="45.8540863" lon="10.8715119">
      <ele>116.5999984741211</ele>
      <time>2026-04-02T14:37:57.94+02:00</time>
      <extensions>
        <activity type="ON_FOOT" conf="94" state="moving" tsMs="1775133467894"/>
        <radio op="vodafone IT" rat="LTE" rsrp="-108" rsrq="-12"/>
        <radio op="I TIM" rat="LTE" rsrp="-115" rsrq="-14"/>
      </extensions>
    </trkpt>
    <trkpt lat="45.854083" lon="10.8715159">
      <ele>116.5999984741211</ele>
      <time>2026-04-02T14:38:33.135+02:00</time>
      <extensions>
        <activity type="ON_FOOT" conf="92" state="moving" tsMs="1775133507433"/>
        <radio op="vodafone IT" rat="LTE" rsrp="-112" rsrq="-18"/>
        <radio op="I TIM" rat="LTE" rsrp="-110" rsrq="-12"/>
      </extensions>
    </trkpt>
    <trkpt lat="45.8537898" lon="10.8711268">
      <ele>116.5999984741211</ele>
      <time>2026-04-02T14:38:38.94+02:00</time>
      <extensions>
        <activity type="ON_FOOT" conf="96" state="moving" tsMs="1775133523831"/>
        <radio op="vodafone IT" rat="LTE" rsrp="-110" rsrq="-14"/>
        <radio op="I TIM" rat="LTE" rsrp="-115" rsrq="-14"/>
      </extensions>
    </trkpt>
    <trkpt lat="45.8537897" lon="10.8711314">
      <ele>116.5999984741211</ele>
      <time>2026-04-02T14:39:32.439+02:00</time>
      <extensions>
        <activity type="ON_FOOT" conf="92" state="moving" tsMs="1775133570241"/>
        <radio op="vodafone IT" rat="LTE" rsrp="-102" rsrq="-14"/>
        <radio op="I TIM" rat="LTE" rsrp="-115" rsrq="-13"/>
      </extensions>
    </trkpt>
    <trkpt lat="45.852802" lon="10.8701351">
      <ele>121.08701882207231</ele>
      <time>2026-04-02T14:40:32.94+02:00</time>
      <extensions>
        <activity type="UNKNOWN" conf="40" state="unknown" tsMs="1775133632501"/>
        <radio op="vodafone IT" rat="LTE" rsrp="-110" rsrq="-14"/>
        <radio op="I TIM" rat="LTE" rsrp="-110" rsrq="-15"/>
      </extensions>
    </trkpt>
    <trkpt lat="45.8527341" lon="10.8700153">
      <ele>127.30000305175781</ele>
      <time>2026-04-02T14:40:43.94+02:00</time>
      <extensions>
        <activity type="ON_FOOT" conf="94" state="moving" tsMs="1775133647050"/>
        <radio op="vodafone IT" rat="LTE" rsrp="-111" rsrq="-12"/>
        <radio op="I TIM" rat="LTE" rsrp="-112" rsrq="-15"/>
      </extensions>
    </trkpt>
    <trkpt lat="45.8526572" lon="10.8699306">
      <ele>127.30000305175781</ele>
      <time>2026-04-02T14:40:53.94+02:00</time>
      <extensions>
        <activity type="ON_FOOT" conf="91" state="moving" tsMs="1775133652432"/>
        <radio op="vodafone IT" rat="LTE" rsrp="-114" rsrq="-15"/>
        <radio op="I TIM" rat="LTE" rsrp="-115" rsrq="-14"/>
      </extensions>
    </trkpt>
    <trkpt lat="45.8519941" lon="10.8691501">
      <ele>131.38802781178202</ele>
      <time>2026-04-02T14:42:11.94+02:00</time>
      <extensions>
        <activity type="ON_FOOT" conf="91" state="moving" tsMs="1775133725263"/>
        <radio op="vodafone IT" rat="LTE" q="11.20" rsrp="-109" sinr="2" rsrq="-13"/>
        <radio op="I TIM" rat="LTE" rsrp="-115" rsrq="-16"/>
      </extensions>
    </trkpt>
    <trkpt lat="45.8519957" lon="10.8690505">
      <ele>131.40955045447998</ele>
      <time>2026-04-02T14:42:18.94+02:00</time>
      <extensions>
        <activity type="ON_FOOT" conf="90" state="moving" tsMs="1775133736611"/>
        <radio op="vodafone IT" rat="LTE" rsrp="-109" rsrq="-11"/>
        <radio op="I TIM" rat="LTE" rsrp="-115" rsrq="-15"/>
      </extensions>
    </trkpt>
    <trkpt lat="45.8519951" lon="10.8690465">
      <ele>137.7266212378426</ele>
      <time>2026-04-02T14:43:01.397+02:00</time>
      <extensions>
        <activity type="ON_FOOT" conf="91" state="moving" tsMs="1775133779913"/>
        <radio op="vodafone IT" rat="LTE" rsrp="-109" rsrq="-15"/>
        <radio op="I TIM" rat="LTE" rsrp="-120" rsrq="-18"/>
      </extensions>
    </trkpt>
    <trkpt lat="45.8515675" lon="10.8687415">
      <ele>137.7266212378426</ele>
      <time>2026-04-02T14:43:09.94+02:00</time>
      <extensions>
        <activity type="ON_FOOT" conf="91" state="moving" tsMs="1775133779913"/>
        <radio op="vodafone IT" rat="LTE" rsrp="-111" rsrq="-15"/>
        <radio op="I TIM" rat="LTE" rsrp="-120" rsrq="-15"/>
      </extensions>
    </trkpt>
    <trkpt lat="45.8515638" lon="10.8687364">
      <ele>136.82851331950923</ele>
      <time>2026-04-02T14:43:45.876+02:00</time>
      <extensions>
        <activity type="ON_FOOT" conf="93" state="moving" tsMs="1775133824593"/>
        <radio op="vodafone IT" rat="LTE" rsrp="-110" rsrq="-13"/>
        <radio op="I TIM" rat="LTE" rsrp="-115" rsrq="-14"/>
      </extensions>
    </trkpt>
    <trkpt lat="45.8508778" lon="10.8679525">
      <ele>136.55369741192607</ele>
      <time>2026-04-02T14:44:34.941+02:00</time>
      <extensions>
        <activity type="ON_FOOT" conf="93" state="moving" tsMs="1775133862010"/>
        <radio op="vodafone IT" rat="LTE" q="14.40" rsrp="-107" sinr="3" rsrq="-14"/>
        <radio op="I TIM" rat="LTE" rsrp="-114" rsrq="-15"/>
      </extensions>
    </trkpt>
    <trkpt lat="45.8508801" lon="10.8679549">
      <ele>143.11292884364417</ele>
      <time>2026-04-02T14:45:07.589+02:00</time>
      <extensions>
        <activity type="ON_FOOT" conf="95" state="moving" tsMs="1775133905553"/>
        <radio op="vodafone IT" rat="LTE" rsrp="-111" rsrq="-13"/>
        <radio op="I TIM" rat="LTE" rsrp="-116" rsrq="-17"/>
      </extensions>
    </trkpt>
    <trkpt lat="45.8501243" lon="10.8670536">
      <ele>154.61639563897597</ele>
      <time>2026-04-02T14:46:08.941+02:00</time>
      <extensions>
        <activity type="ON_FOOT" conf="94" state="moving" tsMs="1775133957990"/>
        <radio op="vodafone IT" rat="LTE" rsrp="-111" rsrq="-15"/>
        <radio op="I TIM" rat="LTE" rsrp="-118" rsrq="-17"/>
      </extensions>
    </trkpt>
    <trkpt lat="45.8501172" lon="10.8670427">
      <ele>152.5399136206239</ele>
      <time>2026-04-02T14:46:53.862+02:00</time>
      <extensions>
        <activity type="ON_FOOT" conf="93" state="moving" tsMs="1775134008711"/>
        <radio op="vodafone IT" rat="LTE" rsrp="-108" rsrq="-13"/>
        <radio op="I TIM" rat="LTE" rsrp="-115" rsrq="-15"/>
      </extensions>
    </trkpt>
    <trkpt lat="45.8507375" lon="10.8677895">
      <ele>152.7706090874289</ele>
      <time>2026-04-02T14:47:31.751+02:00</time>
      <extensions>
        <activity type="ON_FOOT" conf="96" state="moving" tsMs="1775134046787"/>
        <radio op="vodafone IT" rat="LTE" rsrp="-110" rsrq="-16"/>
        <radio op="I TIM" rat="LTE" rsrp="-122" rsrq="-17"/>
      </extensions>
    </trkpt>
    <trkpt lat="45.8507436" lon="10.867797">
      <ele>152.77707727381608</ele>
      <time>2026-04-02T14:48:02.316+02:00</time>
      <extensions>
        <activity type="ON_FOOT" conf="94" state="moving" tsMs="1775134080225"/>
        <radio op="vodafone IT" rat="LTE" rsrp="-116" rsrq="-13"/>
        <radio op="I TIM" rat="LTE" rsrp="-121" rsrq="-17"/>
      </extensions>
    </trkpt>
    <trkpt lat="45.8506664" lon="10.8677323">
      <ele>152.13243861585045</ele>
      <time>2026-04-02T14:48:35.237+02:00</time>
      <extensions>
        <activity type="ON_FOOT" conf="83" state="moving" tsMs="1775134107208"/>
        <radio op="vodafone IT" rat="LTE" q="9.50" rsrp="-106" sinr="0" rsrq="-12"/>
        <radio op="I TIM" rat="LTE" rsrp="-119" rsrq="-15"/>
      </extensions>
    </trkpt>
    <trkpt lat="45.8506655" lon="10.8677318">
      <ele>143.51662643062792</ele>
      <time>2026-04-02T14:49:06.337+02:00</time>
      <extensions>
        <activity type="UNKNOWN" conf="40" state="unknown" tsMs="1775134143698"/>
        <radio op="vodafone IT" rat="LTE" rsrp="-110" rsrq="-11"/>
        <radio op="I TIM" rat="LTE" rsrp="-106" rsrq="-11"/>
      </extensions>
    </trkpt>
    <trkpt lat="45.8506209" lon="10.8677247">
      <ele>143.6093188367467</ele>
      <time>2026-04-02T14:49:38.941+02:00</time>
      <extensions>
        <activity type="ON_FOOT" conf="86" state="moving" tsMs="1775134176056"/>
        <radio op="vodafone IT" rat="LTE" rsrp="-124" rsrq="-17"/>
        <radio op="I TIM" rat="LTE" rsrp="-122" rsrq="-16"/>
      </extensions>
    </trkpt>
    <trkpt lat="45.8502766" lon="10.8673638">
      <ele>127.30000305175781</ele>
      <time>2026-04-02T14:50:33.941+02:00</time>
      <extensions>
        <activity type="UNKNOWN" conf="40" state="unknown" tsMs="1775134230256"/>
        <radio op="vodafone IT" rat="LTE" q="7.80" rsrp="-112" sinr="1" rsrq="-14"/>
        <radio op="I TIM" rat="LTE" rsrp="-111" rsrq="-12"/>
      </extensions>
    </trkpt>
    <trkpt lat="45.850269" lon="10.8673558">
      <ele>116.62256184359632</ele>
      <time>2026-04-02T14:51:14.413+02:00</time>
      <extensions>
        <activity type="UNKNOWN" conf="40" state="unknown" tsMs="1775134272249"/>
        <radio op="vodafone IT" rat="LTE" rsrp="-114" rsrq="-16"/>
        <radio op="I TIM" rat="LTE" rsrp="-113" rsrq="-12"/>
      </extensions>
    </trkpt>
    <trkpt lat="45.8499352" lon="10.8669983">
      <ele>106.36985034891455</ele>
      <time>2026-04-02T14:51:59.019+02:00</time>
      <extensions>
        <activity type="UNKNOWN" conf="40" state="unknown" tsMs="1775134315502"/>
        <radio op="vodafone IT" rat="LTE" rsrp="-110" rsrq="-11"/>
        <radio op="I TIM" rat="LTE" rsrp="-112" rsrq="-12"/>
      </extensions>
    </trkpt>
    <trkpt lat="45.8499295" lon="10.8669922">
      <ele>96.77464950608999</ele>
      <time>2026-04-02T14:52:30.124+02:00</time>
      <extensions>
        <activity type="ON_FOOT" conf="85" state="moving" tsMs="1775134343259"/>
        <radio op="vodafone IT" rat="LTE" q="11.20" rsrp="-109" sinr="2" rsrq="-11"/>
        <radio op="I TIM" rat="LTE" q="14.40" rsrp="-109" sinr="4" rsrq="-10"/>
      </extensions>
    </trkpt>
    <trkpt lat="45.8495682" lon="10.8666042">
      <ele>83.35547523628316</ele>
      <time>2026-04-02T14:53:10.061+02:00</time>
      <extensions>
        <activity type="UNKNOWN" conf="40" state="unknown" tsMs="1775134386643"/>
        <radio op="vodafone IT" rat="LTE" q="6.50" rsrp="-112" sinr="0" rsrq="-11"/>
        <radio op="I TIM" rat="LTE" q="12.80" rsrp="-109" sinr="3" rsrq="-10"/>
      </extensions>
    </trkpt>
    <trkpt lat="45.8495597" lon="10.866595">
      <ele>247.29820113549107</ele>
      <time>2026-04-02T14:53:53.987+02:00</time>
      <extensions>
        <activity type="ON_FOOT" conf="96" state="moving" tsMs="1775134432634"/>
        <radio op="vodafone IT" rat="LTE" q="12.60" rsrp="-116" sinr="9" rsrq="-10"/>
        <radio op="I TIM" rat="LTE" q="4.50" rsrp="-120" sinr="4" rsrq="-14"/>
      </extensions>
    </trkpt>
    <trkpt lat="45.8491287" lon="10.8663544">
      <ele>246.97072138058797</ele>
      <time>2026-04-02T14:54:27.024+02:00</time>
      <extensions>
        <activity type="ON_FOOT" conf="97" state="moving" tsMs="1775134459271"/>
        <radio op="vodafone IT" rat="LTE" q="4.20" rsrp="-118" sinr="1" rsrq="-11"/>
        <radio op="I TIM" rat="LTE" q="33.60" rsrp="-104" sinr="11" rsrq="-11"/>
      </extensions>
    </trkpt>
    <trkpt lat="45.8491261" lon="10.866353">
      <ele>239.65795701741757</ele>
      <time>2026-04-02T14:55:14.328+02:00</time>
      <extensions>
        <activity type="ON_FOOT" conf="96" state="moving" tsMs="1775134511268"/>
        <radio op="vodafone IT" rat="LTE" rsrp="-117" rsrq="-15"/>
        <radio op="I TIM" rat="LTE" q="24.00" rsrp="-105" sinr="7" rsrq="-12"/>
      </extensions>
    </trkpt>
    <trkpt lat="45.8462325" lon="10.8657366">
      <ele>232.33841600169575</ele>
      <time>2026-04-02T14:56:22.759+02:00</time>
      <extensions>
        <activity type="ON_FOOT" conf="96" state="moving" tsMs="1775134561727"/>
        <radio op="vodafone IT" rat="LTE" rsrp="-124" rsrq="-17"/>
        <radio op="I TIM" rat="LTE" q="3.00" rsrp="-122" sinr="5" rsrq="-14"/>
      </extensions>
    </trkpt>
    <trkpt lat="45.8461596" lon="10.8656954">
      <ele>232.33841600169575</ele>
      <time>2026-04-02T14:56:24.941+02:00</time>
      <extensions>
        <activity type="ON_FOOT" conf="95" state="moving" tsMs="1775134607022"/>
        <radio op="vodafone IT" rat="LTE" rsrp="-123" rsrq="-18"/>
        <radio op="I TIM" rat="LTE" q="15.00" rsrp="-110" sinr="5" rsrq="-13"/>
      </extensions>
    </trkpt>
    <trkpt lat="45.8461613" lon="10.8656938">
      <ele>231.8643348480109</ele>
      <time>2026-04-02T14:57:10.985+02:00</time>
      <extensions>
        <activity type="ON_FOOT" conf="88" state="moving" tsMs="1775134629603"/>
        <radio op="vodafone IT" rat="LTE" rsrp="-120" rsrq="-14"/>
        <radio op="I TIM" rat="LTE" rsrp="-111" rsrq="-12"/>
      </extensions>
    </trkpt>
    <trkpt lat="45.8456902" lon="10.8660921">
      <ele>126.69999694824219</ele>
      <time>2026-04-02T14:57:45.941+02:00</time>
      <extensions>
        <activity type="ON_FOOT" conf="83" state="moving" tsMs="1775134655985"/>
        <radio op="vodafone IT" rat="LTE" q="16.80" rsrp="-104" sinr="3" rsrq="-12"/>
        <radio op="I TIM" rat="LTE" q="16.80" rsrp="-104" sinr="3" rsrq="-12"/>
      </extensions>
    </trkpt>
    <trkpt lat="45.8455671" lon="10.8659661">
      <ele>126.69999694824219</ele>
      <time>2026-04-02T14:58:19.943+02:00</time>
      <extensions>
        <activity type="UNKNOWN" conf="40" state="unknown" tsMs="1775134696178"/>
        <radio op="vodafone IT" rat="LTE" rsrp="-114" rsrq="-13"/>
        <radio op="I TIM" rat="LTE" q="16.00" rsrp="-105" sinr="3" rsrq="-10"/>
      </extensions>
    </trkpt>
    <trkpt lat="45.8455671" lon="10.8659661">
      <ele>126.69999694824219</ele>
      <time>2026-04-02T14:58:36.631+02:00</time>
      <extensions>
        <activity type="UNKNOWN" conf="40" state="unknown" tsMs="1775134699591"/>
        <radio op="vodafone IT" rat="LTE" q="11.50" rsrp="-102" sinr="0" rsrq="-12"/>
        <radio op="I TIM" rat="LTE" rsrp="-103" rsrq="-12"/>
      </extensions>
    </trkpt>
    <trkpt lat="45.8456997" lon="10.8660849">
      <ele>126.69999694824219</ele>
      <time>2026-04-02T14:58:47.943+02:00</time>
      <extensions>
        <activity type="UNKNOWN" conf="40" state="unknown" tsMs="1775134721940"/>
        <radio op="vodafone IT" rat="LTE" rsrp="-101" rsrq="-12"/>
        <radio op="I TIM" rat="LTE" rsrp="-99" rsrq="-12"/>
      </extensions>
    </trkpt>
    <trkpt lat="45.845701" lon="10.866088">
      <ele>126.69999694824219</ele>
      <time>2026-04-02T14:58:57.943+02:00</time>
      <extensions>
        <activity type="UNKNOWN" conf="40" state="unknown" tsMs="1775134734780"/>
        <radio op="vodafone IT" rat="LTE" q="10.00" rsrp="-105" sinr="0" rsrq="-11"/>
        <radio op="I TIM" rat="LTE" rsrp="-101" rsrq="-13"/>
      </extensions>
    </trkpt>
    <trkpt lat="45.845701" lon="10.8660879">
      <ele>126.69999694824219</ele>
      <time>2026-04-02T14:59:07.943+02:00</time>
      <extensions>
        <activity type="UNKNOWN" conf="40" state="unknown" tsMs="1775134740127"/>
        <radio op="vodafone IT" rat="LTE" q="12.00" rsrp="-105" sinr="1" rsrq="-11"/>
        <radio op="I TIM" rat="LTE" rsrp="-100" rsrq="-12"/>
      </extensions>
    </trkpt>
    <trkpt lat="45.8457022" lon="10.8660887">
      <ele>126.69999694824219</ele>
      <time>2026-04-02T14:59:13.943+02:00</time>
      <extensions>
        <activity type="UNKNOWN" conf="40" state="unknown" tsMs="1775134740127"/>
        <radio op="vodafone IT" rat="LTE" q="5.60" rsrp="-118" sinr="3" rsrq="-14"/>
        <radio op="I TIM" rat="LTE" q="14.00" rsrp="-105" sinr="2" rsrq="-9"/>
      </extensions>
    </trkpt>
    <trkpt lat="45.845704" lon="10.8660884">
      <ele>126.69999694824219</ele>
      <time>2026-04-02T14:59:49.089+02:00</time>
      <extensions>
        <activity type="STILL" conf="99" state="still" tsMs="1775134784437"/>
        <radio op="vodafone IT" rat="LTE" rsrp="-116" rsrq="-13"/>
        <radio op="I TIM" rat="LTE" q="7.00" rsrp="-111" sinr="0" rsrq="-12"/>
      </extensions>
    </trkpt>
    <trkpt lat="45.8457461" lon="10.8662083">
      <ele>126.69999694824219</ele>
      <time>2026-04-02T15:00:33.943+02:00</time>
      <extensions>
        <activity type="STILL" conf="100" state="still" tsMs="1775134833197"/>
        <radio op="vodafone IT" rat="LTE" q="14.70" rsrp="-104" sinr="2" rsrq="-11"/>
        <radio op="I TIM" rat="LTE" q="18.40" rsrp="-102" sinr="3" rsrq="-10"/>
      </extensions>
    </trkpt>
    <trkpt lat="45.8457465" lon="10.8662094">
      <ele>126.69999694824219</ele>
      <time>2026-04-02T15:01:19.357+02:00</time>
      <extensions>
        <activity type="STILL" conf="44" state="still" tsMs="1775134874260"/>
        <radio op="vodafone IT" rat="LTE" q="14.70" rsrp="-104" sinr="2" rsrq="-11"/>
        <radio op="I TIM" rat="LTE" q="13.20" rsrp="-103" sinr="1" rsrq="-10"/>
      </extensions>
    </trkpt>
    <trkpt lat="45.8456622" lon="10.8661069">
      <ele>126.69999694824219</ele>
      <time>2026-04-02T15:02:05.943+02:00</time>
      <extensions>
        <activity type="UNKNOWN" conf="40" state="unknown" tsMs="1775134921269"/>
        <radio op="vodafone IT" rat="LTE" q="13.30" rsrp="-106" sinr="2" rsrq="-9"/>
        <radio op="I TIM" rat="LTE" q="25.20" rsrp="-104" sinr="7" rsrq="-8"/>
      </extensions>
    </trkpt>
    <trkpt lat="45.8456621" lon="10.8661067">
      <ele>126.69999694824219</ele>
      <time>2026-04-02T15:02:39.847+02:00</time>
      <extensions>
        <activity type="STILL" conf="39" state="still" tsMs="1775134958261"/>
        <radio op="vodafone IT" rat="LTE" q="17.50" rsrp="-100" sinr="2" rsrq="-9"/>
        <radio op="I TIM" rat="LTE" q="12.60" rsrp="-104" sinr="1" rsrq="-9"/>
      </extensions>
    </trkpt>
    <trkpt lat="45.8456934" lon="10.8661338">
      <ele>126.69999694824219</ele>
      <time>2026-04-02T15:04:13.472+02:00</time>
      <extensions>
        <activity type="STILL" conf="56" state="still" tsMs="1775135052288"/>
        <radio op="vodafone IT" rat="LTE" q="19.80" rsrp="-103" sinr="4" rsrq="-10"/>
        <radio op="I TIM" rat="LTE" q="14.70" rsrp="-104" sinr="2" rsrq="-11"/>
      </extensions>
    </trkpt>
    <trkpt lat="45.8456985" lon="10.8660793">
      <ele>126.69999694824219</ele>
      <time>2026-04-02T15:05:12.945+02:00</time>
      <extensions>
        <activity type="STILL" conf="99" state="still" tsMs="1775135118293"/>
        <radio op="vodafone IT" rat="LTE" rsrp="-103" rsrq="-10"/>
        <radio op="I TIM" rat="LTE" q="18.90" rsrp="-104" sinr="4" rsrq="-11"/>
      </extensions>
    </trkpt>
    <trkpt lat="45.8458455" lon="10.8663252">
      <ele>129.41718292031726</ele>
      <time>2026-04-02T15:08:32.943+02:00</time>
      <extensions>
        <activity type="ON_FOOT" conf="96" state="moving" tsMs="1775135334265"/>
        <radio op="vodafone IT" rat="LTE" rsrp="-124" rsrq="-14"/>
        <radio op="I TIM" rat="LTE" q="12.60" rsrp="-107" sinr="2" rsrq="-11"/>
      </extensions>
    </trkpt>
    <trkpt lat="45.845588" lon="10.8660486">
      <ele>132.63834705689925</ele>
      <time>2026-04-02T15:09:30.943+02:00</time>
      <extensions>
        <activity type="ON_FOOT" conf="90" state="moving" tsMs="1775135367660"/>
        <radio op="vodafone IT" rat="LTE" q="11.20" rsrp="-109" sinr="2" rsrq="-11"/>
        <radio op="I TIM" rat="LTE" q="33.00" rsrp="-95" sinr="6" rsrq="-10"/>
      </extensions>
    </trkpt>
    <trkpt lat="45.8454798" lon="10.8661784">
      <ele>135.57433124889286</ele>
      <time>2026-04-02T15:10:11.944+02:00</time>
      <extensions>
        <activity type="UNKNOWN" conf="40" state="unknown" tsMs="1775135407274"/>
        <radio op="vodafone IT" rat="LTE" rsrp="-123" rsrq="-14"/>
        <radio op="I TIM" rat="LTE" q="17.00" rsrp="-108" sinr="5" rsrq="-12"/>
      </extensions>
    </trkpt>
    <trkpt lat="45.8454798" lon="10.8661784">
      <ele>145.27832719644977</ele>
      <time>2026-04-02T15:10:52.423+02:00</time>
      <extensions>
        <activity type="ON_FOOT" conf="92" state="moving" tsMs="1775135446283"/>
        <radio op="vodafone IT" rat="LTE" q="16.50" rsrp="-110" sinr="6" rsrq="-11"/>
        <radio op="I TIM" rat="LTE" q="12.80" rsrp="-109" sinr="3" rsrq="-14"/>
      </extensions>
    </trkpt>
    <trkpt lat="45.8453728" lon="10.8661332">
      <ele>145.34037561622904</ele>
      <time>2026-04-02T15:11:27.944+02:00</time>
      <extensions>
        <activity type="ON_FOOT" conf="82" state="moving" tsMs="1775135483636"/>
        <radio op="vodafone IT" rat="LTE" q="18.40" rsrp="-102" sinr="3" rsrq="-10"/>
        <radio op="I TIM" rat="LTE" rsrp="-111" rsrq="-14"/>
      </extensions>
    </trkpt>
    <trkpt lat="45.8454893" lon="10.8660987">
      <ele>126.69999694824219</ele>
      <time>2026-04-02T15:12:05.946+02:00</time>
      <extensions>
        <activity type="ON_FOOT" conf="88" state="moving" tsMs="1775135522060"/>
        <radio op="vodafone IT" rat="LTE" rsrp="-99" rsrq="-13"/>
        <radio op="I TIM" rat="LTE" rsrp="-102" rsrq="-18"/>
      </extensions>
    </trkpt>
    <trkpt lat="45.8440173" lon="10.8662">
      <ele>150.0488027753446</ele>
      <time>2026-04-02T15:12:39.946+02:00</time>
      <extensions>
        <activity type="UNKNOWN" conf="40" state="unknown" tsMs="1775135549273"/>
        <radio op="vodafone IT" rat="LTE" rsrp="-96" rsrq="-13"/>
        <radio op="I TIM" rat="LTE" rsrp="-106" rsrq="-10"/>
      </extensions>
    </trkpt>
    <trkpt lat="45.8440176" lon="10.8661993">
      <ele>150.02953577566916</ele>
      <time>2026-04-02T15:12:40.945+02:00</time>
      <extensions>
        <activity type="ON_FOOT" conf="90" state="moving" tsMs="1775135572438"/>
        <radio op="vodafone IT" rat="LTE" rsrp="-106" rsrq="-11"/>
        <radio op="I TIM" rat="LTE" rsrp="-112" rsrq="-15"/>
      </extensions>
    </trkpt>
    <trkpt lat="45.8440177" lon="10.8661989">
      <ele>148.8008185086187</ele>
      <time>2026-04-02T15:13:15.1+02:00</time>
      <extensions>
        <activity type="ON_FOOT" conf="84" state="moving" tsMs="1775135593974"/>
        <radio op="vodafone IT" rat="LTE" rsrp="-116" rsrq="-18"/>
        <radio op="I TIM" rat="LTE" rsrp="-108" rsrq="-16"/>
      </extensions>
    </trkpt>
    <trkpt lat="45.8454402" lon="10.8661517">
      <ele>148.75158785093964</ele>
      <time>2026-04-02T15:13:59.946+02:00</time>
      <extensions>
        <activity type="UNKNOWN" conf="40" state="unknown" tsMs="1775135636277"/>
        <radio op="vodafone IT" rat="LTE" rsrp="-107" rsrq="-12"/>
        <radio op="I TIM" rat="LTE" rsrp="-122" rsrq="-17"/>
      </extensions>
    </trkpt>
    <trkpt lat="45.8454263" lon="10.8661796">
      <ele>148.85218993014303</ele>
      <time>2026-04-02T15:15:01.946+02:00</time>
      <extensions>
        <activity type="STILL" conf="100" state="still" tsMs="1775135700756"/>
        <radio op="vodafone IT" rat="LTE" q="7.80" rsrp="-112" sinr="1" rsrq="-13"/>
        <radio op="I TIM" rat="LTE" rsrp="-110" rsrq="-13"/>
      </extensions>
    </trkpt>
    <trkpt lat="45.8453858" lon="10.8661818">
      <ele>149.07052189513155</ele>
      <time>2026-04-02T15:15:54.946+02:00</time>
      <extensions>
        <activity type="STILL" conf="99" state="still" tsMs="1775135770393"/>
        <radio op="vodafone IT" rat="LTE" q="8.40" rsrp="-111" sinr="1" rsrq="-13"/>
        <radio op="I TIM" rat="LTE" rsrp="-109" rsrq="-16"/>
      </extensions>
    </trkpt>
    <trkpt lat="45.8450837" lon="10.8661105">
      <ele>126.69999694824219</ele>
      <time>2026-04-02T15:16:41.153+02:00</time>
      <extensions>
        <activity type="STILL" conf="99" state="still" tsMs="1775135798305"/>
        <radio op="vodafone IT" rat="LTE" q="8.40" rsrp="-111" sinr="1" rsrq="-11"/>
        <radio op="I TIM" rat="LTE" q="16.20" rsrp="-107" sinr="4" rsrq="-13"/>
      </extensions>
    </trkpt>
    <trkpt lat="45.8440549" lon="10.8661471">
      <ele>149.12189492773814</ele>
      <time>2026-04-02T15:17:36.593+02:00</time>
      <extensions>
        <activity type="STILL" conf="99" state="still" tsMs="1775135855286"/>
        <radio op="vodafone IT" rat="LTE" rsrp="-115" rsrq="-12"/>
        <radio op="I TIM" rat="LTE" q="9.10" rsrp="-112" sinr="2" rsrq="-12"/>
      </extensions>
    </trkpt>
    <trkpt lat="45.8448149" lon="10.8661969">
      <ele>148.85433041269988</ele>
      <time>2026-04-02T15:18:20.252+02:00</time>
      <extensions>
        <activity type="STILL" conf="100" state="still" tsMs="1775135898668"/>
        <radio op="vodafone IT" rat="LTE" q="8.40" rsrp="-111" sinr="1" rsrq="-11"/>
        <radio op="I TIM" rat="LTE" q="18.00" rsrp="-107" sinr="5" rsrq="-13"/>
      </extensions>
    </trkpt>
    <trkpt lat="45.8447594" lon="10.8662099">
      <ele>149.06410028763247</ele>
      <time>2026-04-02T15:19:13.935+02:00</time>
      <extensions>
        <activity type="STILL" conf="99" state="still" tsMs="1775135951142"/>
        <radio op="vodafone IT" rat="LTE" q="6.50" rsrp="-112" sinr="0" rsrq="-12"/>
        <radio op="I TIM" rat="LTE" rsrp="-120" rsrq="-16"/>
      </extensions>
    </trkpt>
    <trkpt lat="45.8440897" lon="10.8662278">
      <ele>149.17540882970377</ele>
      <time>2026-04-02T15:20:14.948+02:00</time>
      <extensions>
        <activity type="STILL" conf="99" state="still" tsMs="1775136025603"/>
        <radio op="vodafone IT" rat="LTE" q="7.50" rsrp="-110" sinr="0" rsrq="-13"/>
        <radio op="I TIM" rat="LTE" rsrp="-108" rsrq="-15"/>
      </extensions>
    </trkpt>
    <trkpt lat="45.8442737" lon="10.8660781">
      <ele>149.37023605726228</ele>
      <time>2026-04-02T15:21:12.056+02:00</time>
      <extensions>
        <activity type="STILL" conf="99" state="still" tsMs="1775136067299"/>
        <radio op="vodafone IT" rat="LTE" q="11.40" rsrp="-106" sinr="1" rsrq="-10"/>
        <radio op="I TIM" rat="LTE" q="12.60" rsrp="-104" sinr="1" rsrq="-14"/>
      </extensions>
    </trkpt>
    <trkpt lat="45.8440856" lon="10.866073">
      <ele>149.43246667332056</ele>
      <time>2026-04-02T15:22:30.947+02:00</time>
      <extensions>
        <activity type="STILL" conf="99" state="still" tsMs="1775136163686"/>
        <radio op="vodafone IT" rat="LTE" q="8.40" rsrp="-111" sinr="1" rsrq="-10"/>
        <radio op="I TIM" rat="LTE" rsrp="-120" rsrq="-13"/>
      </extensions>
    </trkpt>
    <trkpt lat="45.8441353" lon="10.8662367">
      <ele>149.58536196396022</ele>
      <time>2026-04-02T15:23:27.355+02:00</time>
      <extensions>
        <activity type="STILL" conf="99" state="still" tsMs="1775136202993"/>
        <radio op="vodafone IT" rat="LTE" q="7.50" rsrp="-110" sinr="0" rsrq="-10"/>
        <radio op="I TIM" rat="LTE" rsrp="-103" rsrq="-15"/>
      </extensions>
    </trkpt>
    <trkpt lat="45.8441565" lon="10.8662612">
      <ele>149.7823055987032</ele>
      <time>2026-04-02T15:24:30.947+02:00</time>
      <extensions>
        <activity type="UNKNOWN" conf="40" state="unknown" tsMs="1775136265689"/>
        <radio op="vodafone IT" rat="LTE" rsrp="-108" rsrq="-16"/>
        <radio op="I TIM" rat="LTE" rsrp="-117" rsrq="-15"/>
      </extensions>
    </trkpt>
    <trkpt lat="45.8443688" lon="10.8663503">
      <ele>146.9227842161323</ele>
      <time>2026-04-02T15:25:09.964+02:00</time>
      <extensions>
        <activity type="ON_FOOT" conf="91" state="moving" tsMs="1775136302420"/>
        <radio op="vodafone IT" rat="LTE" rsrp="-115" rsrq="-11"/>
        <radio op="I TIM" rat="LTE" rsrp="-118" rsrq="-16"/>
      </extensions>
    </trkpt>
    <trkpt lat="45.844535" lon="10.8664469">
      <ele>137.9971787387072</ele>
      <time>2026-04-02T15:26:02.277+02:00</time>
      <extensions>
        <activity type="ON_FOOT" conf="94" state="moving" tsMs="1775136358300"/>
        <radio op="vodafone IT" rat="LTE" rsrp="-117" rsrq="-14"/>
        <radio op="I TIM" rat="LTE" q="19.00" rsrp="-106" sinr="5" rsrq="-14"/>
      </extensions>
    </trkpt>
    <trkpt lat="45.8445614" lon="10.8662796">
      <ele>130.94110930644092</ele>
      <time>2026-04-02T15:26:35.95+02:00</time>
      <extensions>
        <activity type="ON_FOOT" conf="96" state="moving" tsMs="1775136391504"/>
        <radio op="vodafone IT" rat="LTE" rsrp="-116" rsrq="-15"/>
        <radio op="I TIM" rat="LTE" q="28.60" rsrp="-103" sinr="8" rsrq="-10"/>
      </extensions>
    </trkpt>
    <trkpt lat="45.8445614" lon="10.8662736">
      <ele>229.2265221118132</ele>
      <time>2026-04-02T15:27:07.414+02:00</time>
      <extensions>
        <activity type="ON_FOOT" conf="96" state="moving" tsMs="1775136424684"/>
        <radio op="vodafone IT" rat="LTE" rsrp="-113" rsrq="-11"/>
        <radio op="I TIM" rat="LTE" q="14.30" rsrp="-112" sinr="6" rsrq="-12"/>
      </extensions>
    </trkpt>
    <trkpt lat="45.8445564" lon="10.8661599">
      <ele>223.41914519656115</ele>
      <time>2026-04-02T15:27:52.171+02:00</time>
      <extensions>
        <activity type="ON_FOOT" conf="95" state="moving" tsMs="1775136469315"/>
        <radio op="vodafone IT" rat="LTE" rsrp="-118" rsrq="-12"/>
        <radio op="I TIM" rat="LTE" rsrp="-117" rsrq="-15"/>
      </extensions>
    </trkpt>
    <trkpt lat="45.8446252" lon="10.866118">
      <ele>126.69999694824219</ele>
      <time>2026-04-02T15:28:52.737+02:00</time>
      <extensions>
        <activity type="ON_FOOT" conf="94" state="moving" tsMs="1775136525309"/>
        <radio op="vodafone IT" rat="LTE" rsrp="-110" rsrq="-14"/>
        <radio op="I TIM" rat="LTE" rsrp="-119" rsrq="-16"/>
      </extensions>
    </trkpt>
    <trkpt lat="45.8446888" lon="10.8661584">
      <ele>132.6080438615556</ele>
      <time>2026-04-02T15:29:44.95+02:00</time>
      <extensions>
        <activity type="ON_FOOT" conf="95" state="moving" tsMs="1775136594957"/>
        <radio op="vodafone IT" rat="LTE" rsrp="-123" rsrq="-14"/>
        <radio op="I TIM" rat="LTE" q="14.40" rsrp="-109" sinr="4" rsrq="-13"/>
      </extensions>
    </trkpt>
    <trkpt lat="45.8449119" lon="10.8662254">
      <ele>137.41142260709165</ele>
      <time>2026-04-02T15:30:41.696+02:00</time>
      <extensions>
        <activity type="ON_FOOT" conf="95" state="moving" tsMs="1775136634320"/>
        <radio op="vodafone IT" rat="LTE" rsrp="-117" rsrq="-15"/>
        <radio op="I TIM" rat="LTE" q="32.00" rsrp="-105" sinr="11" rsrq="-12"/>
      </extensions>
    </trkpt>
    <trkpt lat="45.8476325" lon="10.8665473">
      <ele>143.97067673279173</ele>
      <time>2026-04-02T15:31:45.195+02:00</time>
      <extensions>
        <activity type="ON_FOOT" conf="89" state="moving" tsMs="1775136701178"/>
        <radio op="vodafone IT" rat="LTE" rsrp="-109" rsrq="-13"/>
        <radio op="I TIM" rat="LTE" q="11.90" rsrp="-108" sinr="2" rsrq="-12"/>
      </extensions>
    </trkpt>
    <trkpt lat="45.8479379" lon="10.8661675">
      <ele>144.9127096322481</ele>
      <time>2026-04-02T15:32:18.083+02:00</time>
      <extensions>
        <activity type="ON_FOOT" conf="87" state="moving" tsMs="1775136730135"/>
        <radio op="vodafone IT" rat="LTE" q="10.00" rsrp="-115" sinr="5" rsrq="-13"/>
        <radio op="I TIM" rat="LTE" q="11.70" rsrp="-112" sinr="4" rsrq="-9"/>
      </extensions>
    </trkpt>
    <trkpt lat="45.8481444" lon="10.8660563">
      <ele>159.98856238456295</ele>
      <time>2026-04-02T15:33:06.952+02:00</time>
      <extensions>
        <activity type="UNKNOWN" conf="40" state="unknown" tsMs="1775136783003"/>
        <radio op="vodafone IT" rat="LTE" rsrp="-113" rsrq="-13"/>
        <radio op="I TIM" rat="LTE" rsrp="-110" rsrq="-13"/>
      </extensions>
    </trkpt>
    <trkpt lat="45.8482162" lon="10.8660238">
      <ele>163.84158996762915</ele>
      <time>2026-04-02T15:33:48.952+02:00</time>
      <extensions>
        <activity type="UNKNOWN" conf="40" state="unknown" tsMs="1775136839321"/>
        <radio op="vodafone IT" rat="LTE" q="12.60" rsrp="-111" sinr="4" rsrq="-12"/>
        <radio op="I TIM" rat="LTE" q="16.00" rsrp="-109" sinr="5" rsrq="-10"/>
      </extensions>
    </trkpt>
    <trkpt lat="45.8483464" lon="10.8660103">
      <ele>167.80153749575345</ele>
      <time>2026-04-02T15:34:28.952+02:00</time>
      <extensions>
        <activity type="STILL" conf="100" state="still" tsMs="1775136864839"/>
        <radio op="vodafone IT" rat="LTE" q="13.60" rsrp="-108" sinr="3" rsrq="-10"/>
        <radio op="I TIM" rat="LTE" q="6.50" rsrp="-112" sinr="0" rsrq="-10"/>
      </extensions>
    </trkpt>
    <trkpt lat="45.8483464" lon="10.8660103">
      <ele>169.82621504102354</ele>
      <time>2026-04-02T15:35:15.024+02:00</time>
      <extensions>
        <activity type="STILL" conf="60" state="still" tsMs="1775136913300"/>
        <radio op="vodafone IT" rat="LTE" q="24.70" rsrp="-106" sinr="8" rsrq="-9"/>
        <radio op="I TIM" rat="LTE" q="8.50" rsrp="-108" sinr="0" rsrq="-11"/>
      </extensions>
    </trkpt>
    <trkpt lat="45.8483717" lon="10.8660808">
      <ele>269.78203349338935</ele>
      <time>2026-04-02T15:35:55.952+02:00</time>
      <extensions>
        <activity type="UNKNOWN" conf="40" state="unknown" tsMs="1775136966309"/>
        <radio op="vodafone IT" rat="LTE" q="10.40" rsrp="-112" sinr="3" rsrq="-12"/>
        <radio op="I TIM" rat="LTE" q="11.20" rsrp="-109" sinr="2" rsrq="-10"/>
      </extensions>
    </trkpt>
    <trkpt lat="45.848372" lon="10.8660816">
      <ele>266.74216641786415</ele>
      <time>2026-04-02T15:36:41.626+02:00</time>
      <extensions>
        <activity type="STILL" conf="97" state="still" tsMs="1775137000320"/>
        <radio op="vodafone IT" rat="LTE" q="13.00" rsrp="-112" sinr="5" rsrq="-12"/>
        <radio op="I TIM" rat="LTE" q="9.00" rsrp="-110" sinr="1" rsrq="-11"/>
      </extensions>
    </trkpt>
    <trkpt lat="45.848372" lon="10.8660816">
      <ele>266.74216641786415</ele>
      <time>2026-04-02T15:37:08.356+02:00</time>
      <extensions>
        <activity type="UNKNOWN" conf="40" state="unknown" tsMs="1775137027335"/>
        <radio op="vodafone IT" rat="LTE" rsrp="-114" rsrq="-13"/>
        <radio op="I TIM" rat="LTE" q="8.40" rsrp="-111" sinr="1" rsrq="-11"/>
      </extensions>
    </trkpt>
    <trkpt lat="45.8482909" lon="10.8660388">
      <ele>167.6018867395303</ele>
      <time>2026-04-02T15:37:42.951+02:00</time>
      <extensions>
        <activity type="UNKNOWN" conf="40" state="unknown" tsMs="1775137084126"/>
        <radio op="vodafone IT" rat="LTE" q="13.00" rsrp="-112" sinr="5" rsrq="-12"/>
        <radio op="I TIM" rat="LTE" q="9.00" rsrp="-110" sinr="1" rsrq="-11"/>
      </extensions>
    </trkpt>
    <trkpt lat="45.8483038" lon="10.8660571">
      <ele>171.74827469686892</ele>
      <time>2026-04-02T15:39:12.946+02:00</time>
      <extensions>
        <activity type="UNKNOWN" conf="40" state="unknown" tsMs="1775137150422"/>
        <radio op="vodafone IT" rat="LTE" q="18.00" rsrp="-107" sinr="5" rsrq="-14"/>
        <radio op="I TIM" rat="LTE" q="9.00" rsrp="-107" sinr="0" rsrq="-11"/>
      </extensions>
    </trkpt>
    <trkpt lat="45.848363" lon="10.8658458">
      <ele>186.37428634439442</ele>
      <time>2026-04-02T15:39:59.953+02:00</time>
      <extensions>
        <activity type="UNKNOWN" conf="40" state="unknown" tsMs="1775137194314"/>
        <radio op="vodafone IT" rat="LTE" q="6.60" rsrp="-114" sinr="1" rsrq="-14"/>
        <radio op="I TIM" rat="LTE" q="15.20" rsrp="-106" sinr="3" rsrq="-11"/>
      </extensions>
    </trkpt>
    <trkpt lat="45.8485075" lon="10.8660652">
      <ele>188.41410146028068</ele>
      <time>2026-04-02T15:40:43.952+02:00</time>
      <extensions>
        <activity type="UNKNOWN" conf="40" state="unknown" tsMs="1775137239754"/>
        <radio op="vodafone IT" rat="LTE" q="10.50" rsrp="-110" sinr="2" rsrq="-13"/>
        <radio op="I TIM" rat="LTE" rsrp="-107" rsrq="-10"/>
      </extensions>
    </trkpt>
    <trkpt lat="45.8485037" lon="10.8658228">
      <ele>188.41410146028068</ele>
      <time>2026-04-02T15:40:46.962+02:00</time>
      <extensions>
        <activity type="UNKNOWN" conf="40" state="unknown" tsMs="1775137239754"/>
        <radio op="vodafone IT" rat="LTE" q="12.60" rsrp="-111" sinr="4" rsrq="-10"/>
        <radio op="I TIM" rat="LTE" q="11.90" rsrp="-108" sinr="2" rsrq="-12"/>
      </extensions>
    </trkpt>
    <trkpt lat="45.8485591" lon="10.8656603">
      <ele>188.63790809887024</ele>
      <time>2026-04-02T15:41:30.516+02:00</time>
      <extensions>
        <activity type="STILL" conf="53" state="still" tsMs="1775137289503"/>
        <radio op="vodafone IT" rat="LTE" q="14.40" rsrp="-107" sinr="3" rsrq="-12"/>
        <radio op="I TIM" rat="LTE" rsrp="-106" rsrq="-12"/>
      </extensions>
    </trkpt>
    <trkpt lat="45.8484353" lon="10.8659518">
      <ele>187.86536944532497</ele>
      <time>2026-04-02T15:42:15.953+02:00</time>
      <extensions>
        <activity type="UNKNOWN" conf="40" state="unknown" tsMs="1775137327076"/>
        <radio op="vodafone IT" rat="LTE" q="9.80" rsrp="-111" sinr="2" rsrq="-13"/>
        <radio op="I TIM" rat="LTE" q="7.80" rsrp="-112" sinr="1" rsrq="-12"/>
      </extensions>
    </trkpt>
    <trkpt lat="45.8485066" lon="10.8659653">
      <ele>191.31112604677912</ele>
      <time>2026-04-02T15:43:03.848+02:00</time>
      <extensions>
        <activity type="UNKNOWN" conf="40" state="unknown" tsMs="1775137376129"/>
        <radio op="vodafone IT" rat="LTE" q="9.00" rsrp="-110" sinr="1" rsrq="-16"/>
        <radio op="I TIM" rat="LTE" q="9.80" rsrp="-111" sinr="2" rsrq="-11"/>
      </extensions>
    </trkpt>
    <trkpt lat="45.8485055" lon="10.8659687">
      <ele>190.96455091484074</ele>
      <time>2026-04-02T15:43:07.953+02:00</time>
      <extensions>
        <activity type="UNKNOWN" conf="40" state="unknown" tsMs="1775137388493"/>
        <radio op="vodafone IT" rat="LTE" rsrp="-115" rsrq="-14"/>
        <radio op="I TIM" rat="LTE" q="9.10" rsrp="-112" sinr="2" rsrq="-12"/>
      </extensions>
    </trkpt>
    <trkpt lat="45.8486048" lon="10.8659036">
      <ele>202.82708129551548</ele>
      <time>2026-04-02T15:43:44.394+02:00</time>
      <extensions>
        <activity type="UNKNOWN" conf="40" state="unknown" tsMs="1775137421713"/>
        <radio op="vodafone IT" rat="LTE" rsrp="-122" rsrq="-15"/>
        <radio op="I TIM" rat="LTE" rsrp="-111" rsrq="-10"/>
      </extensions>
    </trkpt>
    <trkpt lat="45.8487125" lon="10.8659358">
      <ele>202.80768120123236</ele>
      <time>2026-04-02T15:43:48.953+02:00</time>
      <extensions>
        <activity type="UNKNOWN" conf="40" state="unknown" tsMs="1775137421713"/>
        <radio op="vodafone IT" rat="LTE" rsrp="-120" rsrq="-12"/>
        <radio op="I TIM" rat="LTE" q="5.60" rsrp="-118" sinr="3" rsrq="-13"/>
      </extensions>
    </trkpt>
    <trkpt lat="45.8486603" lon="10.865924">
      <ele>311.0</ele>
      <time>2026-04-02T15:44:22.953+02:00</time>
      <extensions>
        <activity type="UNKNOWN" conf="40" state="unknown" tsMs="1775137453724"/>
        <radio op="vodafone IT" rat="LTE" rsrp="-107" rsrq="-13"/>
        <radio op="I TIM" rat="LTE" q="15.60" rsrp="-99" sinr="1" rsrq="-10"/>
      </extensions>
    </trkpt>
    <trkpt lat="45.8486587" lon="10.8659239">
      <ele>311.86420233530777</ele>
      <time>2026-04-02T15:44:32.988+02:00</time>
      <extensions>
        <activity type="STILL" conf="36" state="still" tsMs="1775137459468"/>
        <radio op="vodafone IT" rat="LTE" rsrp="-106" rsrq="-13"/>
        <radio op="I TIM" rat="LTE" rsrp="-103" rsrq="-10"/>
      </extensions>
    </trkpt>
    <trkpt lat="45.848659" lon="10.8659228">
      <ele>312.34921093141423</ele>
      <time>2026-04-02T15:44:42.953+02:00</time>
      <extensions>
        <activity type="STILL" conf="36" state="still" tsMs="1775137459468"/>
        <radio op="vodafone IT" rat="LTE" q="11.90" rsrp="-108" sinr="2" rsrq="-13"/>
        <radio op="I TIM" rat="LTE" q="20.70" rsrp="-102" sinr="4" rsrq="-11"/>
      </extensions>
    </trkpt>
    <trkpt lat="45.8486589" lon="10.865923">
      <ele>312.2435878755383</ele>
      <time>2026-04-02T15:44:47.758+02:00</time>
      <extensions>
        <activity type="UNKNOWN" conf="40" state="unknown" tsMs="1775137475793"/>
        <radio op="vodafone IT" rat="LTE" q="9.00" rsrp="-107" sinr="0" rsrq="-12"/>
        <radio op="I TIM" rat="LTE" q="14.40" rsrp="-101" sinr="1" rsrq="-10"/>
      </extensions>
    </trkpt>
    <trkpt lat="45.8485528" lon="10.8658793">
      <ele>312.06898014454265</ele>
      <time>2026-04-02T15:45:25.842+02:00</time>
      <extensions>
        <activity type="UNKNOWN" conf="40" state="unknown" tsMs="1775137522478"/>
        <radio op="vodafone IT" rat="LTE" rsrp="-107" rsrq="-14"/>
        <radio op="I TIM" rat="LTE" rsrp="-111" rsrq="-12"/>
      </extensions>
    </trkpt>
    <trkpt lat="45.8487244" lon="10.8657706">
      <ele>312.06898014454265</ele>
      <time>2026-04-02T15:45:29.953+02:00</time>
      <extensions>
        <activity type="UNKNOWN" conf="40" state="unknown" tsMs="1775137522478"/>
        <radio op="vodafone IT" rat="LTE" rsrp="-114" rsrq="-18"/>
        <radio op="I TIM" rat="LTE" q="5.50" rsrp="-114" sinr="0" rsrq="-12"/>
      </extensions>
    </trkpt>
    <trkpt lat="45.8487551" lon="10.8657828">
      <ele>317.6215405232626</ele>
      <time>2026-04-02T15:46:07.783+02:00</time>
      <extensions>
        <activity type="ON_FOOT" conf="94" state="moving" tsMs="1775137565198"/>
        <radio op="vodafone IT" rat="LTE" rsrp="-101" rsrq="-14"/>
        <radio op="I TIM" rat="LTE" q="9.00" rsrp="-110" sinr="1" rsrq="-12"/>
      </extensions>
    </trkpt>
    <trkpt lat="45.8487366" lon="10.8660284">
      <ele>318.75403572250576</ele>
      <time>2026-04-02T15:46:40.588+02:00</time>
      <extensions>
        <activity type="ON_FOOT" conf="94" state="moving" tsMs="1775137592644"/>
        <radio op="vodafone IT" rat="LTE" rsrp="-112" rsrq="-19"/>
        <radio op="I TIM" rat="LTE" rsrp="-118" rsrq="-21"/>
      </extensions>
    </trkpt>
    <trkpt lat="45.8487356" lon="10.8660382">
      <ele>317.653879028436</ele>
      <time>2026-04-02T15:47:11.133+02:00</time>
      <extensions>
        <activity type="ON_FOOT" conf="86" state="moving" tsMs="1775137629286"/>
        <radio op="vodafone IT" rat="LTE" rsrp="-105" rsrq="-16"/>
        <radio op="I TIM" rat="LTE" rsrp="-120" rsrq="-19"/>
      </extensions>
    </trkpt>
    <trkpt lat="45.8487014" lon="10.8661153">
      <ele>318.54046488513677</ele>
      <time>2026-04-02T15:47:43.924+02:00</time>
      <extensions>
        <activity type="ON_FOOT" conf="96" state="moving" tsMs="1775137661265"/>
        <radio op="vodafone IT" rat="LTE" rsrp="-105" rsrq="-16"/>
        <radio op="I TIM" rat="LTE" rsrp="-118" rsrq="-18"/>
      </extensions>
    </trkpt>
    <trkpt lat="45.8487001" lon="10.8661173">
      <ele>320.48221303638223</ele>
      <time>2026-04-02T15:48:14.523+02:00</time>
      <extensions>
        <activity type="ON_FOOT" conf="95" state="moving" tsMs="1775137692466"/>
        <radio op="vodafone IT" rat="LTE" rsrp="-105" rsrq="-18"/>
        <radio op="I TIM" rat="LTE" rsrp="-114" rsrq="-18"/>
      </extensions>
    </trkpt>
    <trkpt lat="45.8487507" lon="10.8662058">
      <ele>318.9719265879717</ele>
      <time>2026-04-02T15:48:47.409+02:00</time>
      <extensions>
        <activity type="ON_FOOT" conf="96" state="moving" tsMs="1775137719436"/>
        <radio op="vodafone IT" rat="LTE" rsrp="-104" rsrq="-17"/>
        <radio op="I TIM" rat="LTE" rsrp="-104" rsrq="-18"/>
      </extensions>
    </trkpt>
    <trkpt lat="45.8487519" lon="10.8662082">
      <ele>311.4201592774541</ele>
      <time>2026-04-02T15:49:17.77+02:00</time>
      <extensions>
        <activity type="ON_FOOT" conf="93" state="moving" tsMs="1775137756033"/>
        <radio op="vodafone IT" rat="LTE" rsrp="-105" rsrq="-15"/>
        <radio op="I TIM" rat="LTE" rsrp="-106" rsrq="-18"/>
      </extensions>
    </trkpt>
    <trkpt lat="45.8510357" lon="10.868331">
      <ele>309.59681853157826</ele>
      <time>2026-04-02T15:50:21.083+02:00</time>
      <extensions>
        <activity type="ON_FOOT" conf="93" state="moving" tsMs="1775137819184"/>
        <radio op="vodafone IT" rat="LTE" rsrp="-103" rsrq="-13"/>
        <radio op="I TIM" rat="LTE" q="8.40" rsrp="-111" sinr="1" rsrq="-14"/>
      </extensions>
    </trkpt>
    <trkpt lat="45.8517016" lon="10.8688461">
      <ele>310.41792456925333</ele>
      <time>2026-04-02T15:50:59.954+02:00</time>
      <extensions>
        <activity type="ON_FOOT" conf="97" state="moving" tsMs="1775137864584"/>
        <radio op="vodafone IT" rat="LTE" q="16.80" rsrp="-97" sinr="1" rsrq="-11"/>
        <radio op="I TIM" rat="LTE" rsrp="-103" rsrq="-16"/>
      </extensions>
    </trkpt>
    <trkpt lat="45.8517119" lon="10.8688542">
      <ele>302.6389239174056</ele>
      <time>2026-04-02T15:51:43.952+02:00</time>
      <extensions>
        <activity type="ON_FOOT" conf="92" state="moving" tsMs="1775137902387"/>
        <radio op="vodafone IT" rat="LTE" rsrp="-101" rsrq="-13"/>
        <radio op="I TIM" rat="LTE" rsrp="-108" rsrq="-16"/>
      </extensions>
    </trkpt>
    <trkpt lat="45.8526685" lon="10.8699087">
      <ele>298.17853499614426</ele>
      <time>2026-04-02T15:52:29.954+02:00</time>
      <extensions>
        <activity type="ON_FOOT" conf="93" state="moving" tsMs="1775137941312"/>
        <radio op="vodafone IT" rat="LTE" rsrp="-103" rsrq="-14"/>
        <radio op="I TIM" rat="LTE" rsrp="-109" rsrq="-15"/>
      </extensions>
    </trkpt>
    <trkpt lat="45.8526709" lon="10.8699114">
      <ele>292.468617475675</ele>
      <time>2026-04-02T15:53:12.162+02:00</time>
      <extensions>
        <activity type="ON_FOOT" conf="92" state="moving" tsMs="1775137986724"/>
        <radio op="vodafone IT" rat="LTE" q="16.10" rsrp="-102" sinr="2" rsrq="-10"/>
        <radio op="I TIM" rat="LTE" rsrp="-102" rsrq="-14"/>
      </extensions>
    </trkpt>
    <trkpt lat="45.8534288" lon="10.8708369">
      <ele>287.2310481928748</ele>
      <time>2026-04-02T15:53:55.955+02:00</time>
      <extensions>
        <activity type="ON_FOOT" conf="93" state="moving" tsMs="1775138031074"/>
        <radio op="vodafone IT" rat="LTE" rsrp="-112" rsrq="-14"/>
        <radio op="I TIM" rat="LTE" q="9.60" rsrp="-113" sinr="3" rsrq="-16"/>
      </extensions>
    </trkpt>
    <trkpt lat="45.8534341" lon="10.8708432">
      <ele>289.9311371374024</ele>
      <time>2026-04-02T15:54:42.58+02:00</time>
      <extensions>
        <activity type="ON_FOOT" conf="92" state="moving" tsMs="1775138081349"/>
        <radio op="vodafone IT" rat="LTE" q="13.30" rsrp="-106" sinr="2" rsrq="-11"/>
        <radio op="I TIM" rat="LTE" rsrp="-107" rsrq="-15"/>
      </extensions>
    </trkpt>
    <trkpt lat="45.8542378" lon="10.871524">
      <ele>288.24348220620516</ele>
      <time>2026-04-02T15:55:17.954+02:00</time>
      <extensions>
        <activity type="ON_FOOT" conf="96" state="moving" tsMs="1775138113753"/>
        <radio op="vodafone IT" rat="LTE" q="13.30" rsrp="-106" sinr="2" rsrq="-12"/>
        <radio op="I TIM" rat="LTE" q="9.90" rsrp="-116" sinr="6" rsrq="-15"/>
      </extensions>
    </trkpt>
    <trkpt lat="45.8542455" lon="10.8715306">
      <ele>296.00083212819357</ele>
      <time>2026-04-02T15:55:58.6+02:00</time>
      <extensions>
        <activity type="UNKNOWN" conf="40" state="unknown" tsMs="1775138157344"/>
        <radio op="vodafone IT" rat="LTE" q="14.40" rsrp="-107" sinr="3" rsrq="-11"/>
        <radio op="I TIM" rat="LTE" rsrp="-111" rsrq="-12"/>
      </extensions>
    </trkpt>
    <trkpt lat="45.8547156" lon="10.8717332">
      <ele>306.1882546957756</ele>
      <time>2026-04-02T15:56:57.954+02:00</time>
      <extensions>
        <activity type="UNKNOWN" conf="40" state="unknown" tsMs="1775138211331"/>
        <radio op="vodafone IT" rat="LTE" q="10.40" rsrp="-112" sinr="3" rsrq="-12"/>
        <radio op="I TIM" rat="LTE" rsrp="-106" rsrq="-14"/>
      </extensions>
    </trkpt>
    <trkpt lat="45.8548743" lon="10.8719319">
      <ele>307.0</ele>
      <time>2026-04-02T15:57:26.954+02:00</time>
      <extensions>
        <activity type="ON_FOOT" conf="88" state="moving" tsMs="1775138239951"/>
        <radio op="vodafone IT" rat="LTE" q="16.00" rsrp="-93" sinr="0" rsrq="-12"/>
        <radio op="I TIM" rat="LTE" rsrp="-106" rsrq="-13"/>
      </extensions>
    </trkpt>
    <trkpt lat="45.8551162" lon="10.8719234">
      <ele>315.5704384893042</ele>
      <time>2026-04-02T15:58:03.954+02:00</time>
      <extensions>
        <activity type="UNKNOWN" conf="40" state="unknown" tsMs="1775138276857"/>
        <radio op="vodafone IT" rat="LTE" rsrp="-91" rsrq="-12"/>
        <radio op="I TIM" rat="LTE" q="12.00" rsrp="-105" sinr="1" rsrq="-15"/>
      </extensions>
    </trkpt>
    <trkpt lat="45.8549286" lon="10.8718985">
      <ele>306.9702520081712</ele>
      <time>2026-04-02T15:58:46.992+02:00</time>
      <extensions>
        <activity type="UNKNOWN" conf="40" state="unknown" tsMs="1775138323695"/>
        <radio op="vodafone IT" rat="LTE" q="9.80" rsrp="-111" sinr="2" rsrq="-10"/>
        <radio op="I TIM" rat="LTE" rsrp="-107" rsrq="-19"/>
      </extensions>
    </trkpt>
    <trkpt lat="45.8549286" lon="10.8718985">
      <ele>300.58494414375696</ele>
      <time>2026-04-02T15:59:27.943+02:00</time>
      <extensions>
        <activity type="ON_FOOT" conf="96" state="moving" tsMs="1775138366455"/>
        <radio op="vodafone IT" rat="LTE" q="13.80" rsrp="-102" sinr="1" rsrq="-12"/>
        <radio op="I TIM" rat="LTE" rsrp="-101" rsrq="-14"/>
      </extensions>
    </trkpt>
    <trkpt lat="45.8567098" lon="10.8737776">
      <ele>295.809292505953</ele>
      <time>2026-04-02T16:00:23.031+02:00</time>
      <extensions>
        <activity type="ON_FOOT" conf="95" state="moving" tsMs="1775138414889"/>
        <radio op="vodafone IT" rat="LTE" rsrp="-98" rsrq="-14"/>
        <radio op="I TIM" rat="LTE" rsrp="-99" rsrq="-15"/>
      </extensions>
    </trkpt>
    <trkpt lat="45.85673" lon="10.8737874">
      <ele>291.8405683313417</ele>
      <time>2026-04-02T16:00:58.721+02:00</time>
      <extensions>
        <activity type="ON_FOOT" conf="96" state="moving" tsMs="1775138458480"/>
        <radio op="vodafone IT" rat="LTE" rsrp="-100" rsrq="-14"/>
        <radio op="I TIM" rat="LTE" rsrp="-101" rsrq="-16"/>
      </extensions>
    </trkpt>
    <trkpt lat="45.8571291" lon="10.8743585">
      <ele>286.74736759194553</ele>
      <time>2026-04-02T16:01:44.342+02:00</time>
      <extensions>
        <activity type="ON_FOOT" conf="92" state="moving" tsMs="1775138501116"/>
        <radio op="vodafone IT" rat="LTE" rsrp="-99" rsrq="-15"/>
        <radio op="I TIM" rat="LTE" rsrp="-105" rsrq="-14"/>
      </extensions>
    </trkpt>
    <trkpt lat="45.8579547" lon="10.8755796">
      <ele>282.0049664817631</ele>
      <time>2026-04-02T16:02:36.032+02:00</time>
      <extensions>
        <activity type="ON_FOOT" conf="94" state="moving" tsMs="1775138549847"/>
        <radio op="vodafone IT" rat="LTE" q="20.00" rsrp="-100" sinr="3" rsrq="-12"/>
        <radio op="I TIM" rat="LTE" q="13.80" rsrp="-102" sinr="1" rsrq="-16"/>
      </extensions>
    </trkpt>
    <trkpt lat="45.8579828" lon="10.8755606">
      <ele>273.3054063398035</ele>
      <time>2026-04-02T16:03:22.16+02:00</time>
      <extensions>
        <activity type="ON_FOOT" conf="96" state="moving" tsMs="1775138601225"/>
        <radio op="vodafone IT" rat="LTE" rsrp="-96" rsrq="-12"/>
        <radio op="I TIM" rat="LTE" rsrp="-92" rsrq="-11"/>
      </extensions>
    </trkpt>
    <trkpt lat="45.8589815" lon="10.8771773">
      <ele>265.7551386244073</ele>
      <time>2026-04-02T16:04:22.032+02:00</time>
      <extensions>
        <activity type="ON_FOOT" conf="96" state="moving" tsMs="1775138676341"/>
        <radio op="vodafone IT" rat="LTE" q="19.60" rsrp="-97" sinr="2" rsrq="-12"/>
        <radio op="I TIM" rat="LTE" rsrp="-98" rsrq="-15"/>
      </extensions>
    </trkpt>
    <trkpt lat="45.8589799" lon="10.8771764">
      <ele>256.71841203881445</ele>
      <time>2026-04-02T16:05:21.848+02:00</time>
      <extensions>
        <activity type="ON_FOOT" conf="91" state="moving" tsMs="1775138721253"/>
        <radio op="vodafone IT" rat="LTE" rsrp="-94" rsrq="-12"/>
        <radio op="I TIM" rat="LTE" rsrp="-91" rsrq="-14"/>
      </extensions>
    </trkpt>
    <trkpt lat="45.8594749" lon="10.8780174">
      <ele>250.72345550587477</ele>
      <time>2026-04-02T16:06:22.816+02:00</time>
      <extensions>
        <activity type="ON_FOOT" conf="96" state="moving" tsMs="1775138780897"/>
        <radio op="vodafone IT" rat="LTE" q="12.60" rsrp="-104" sinr="1" rsrq="-13"/>
        <radio op="I TIM" rat="LTE" q="24.00" rsrp="-105" sinr="7" rsrq="-11"/>
      </extensions>
    </trkpt>
    <trkpt lat="45.8601642" lon="10.8789741">
      <ele>254.29153006070248</ele>
      <time>2026-04-02T16:07:14.032+02:00</time>
      <extensions>
        <activity type="UNKNOWN" conf="40" state="unknown" tsMs="1775138825058"/>
        <radio op="vodafone IT" rat="LTE" rsrp="-113" rsrq="-14"/>
        <radio op="I TIM" rat="LTE" rsrp="-109" rsrq="-12"/>
      </extensions>
    </trkpt>
    <trkpt lat="45.8601621" lon="10.8789761">
      <ele>89.24246503217938</ele>
      <time>2026-04-02T16:07:46.464+02:00</time>
      <extensions>
        <activity type="ON_FOOT" conf="96" state="moving" tsMs="1775138864274"/>
        <radio op="vodafone IT" rat="LTE" rsrp="-96" rsrq="-12"/>
        <radio op="I TIM" rat="LTE" rsrp="-98" rsrq="-15"/>
      </extensions>
    </trkpt>
    <trkpt lat="45.860864" lon="10.879748">
      <ele>89.1632425449323</ele>
      <time>2026-04-02T16:08:30.033+02:00</time>
      <extensions>
        <activity type="ON_FOOT" conf="96" state="moving" tsMs="1775138898890"/>
        <radio op="vodafone IT" rat="LTE" rsrp="-108" rsrq="-15"/>
        <radio op="I TIM" rat="LTE" q="11.90" rsrp="-108" sinr="2" rsrq="-13"/>
      </extensions>
    </trkpt>
    <trkpt lat="45.8608988" lon="10.8797806">
      <ele>83.13590932396136</ele>
      <time>2026-04-02T16:09:03.19+02:00</time>
      <extensions>
        <activity type="ON_FOOT" conf="94" state="moving" tsMs="1775138942886"/>
        <radio op="vodafone IT" rat="LTE" rsrp="-109" rsrq="-13"/>
        <radio op="I TIM" rat="LTE" q="19.50" rsrp="-110" sinr="8" rsrq="-13"/>
      </extensions>
    </trkpt>
    <trkpt lat="45.8612977" lon="10.8802753">
      <ele>77.65162566757812</ele>
      <time>2026-04-02T16:10:00.96+02:00</time>
      <extensions>
        <activity type="ON_FOOT" conf="94" state="moving" tsMs="1775138999879"/>
        <radio op="vodafone IT" rat="LTE" q="25.50" rsrp="-108" sinr="10" rsrq="-9"/>
        <radio op="I TIM" rat="LTE" q="21.60" rsrp="-107" sinr="7" rsrq="-10"/>
      </extensions>
    </trkpt>
    <trkpt lat="45.8601252" lon="10.8789196">
      <ele>65.76462461077534</ele>
      <time>2026-04-02T16:10:56.34+02:00</time>
      <extensions>
        <activity type="ON_FOOT" conf="94" state="moving" tsMs="1775139050889"/>
        <radio op="vodafone IT" rat="LTE" q="15.40" rsrp="-111" sinr="6" rsrq="-10"/>
        <radio op="I TIM" rat="LTE" q="26.60" rsrp="-106" sinr="9" rsrq="-9"/>
      </extensions>
    </trkpt>
    <trkpt lat="45.8624043" lon="10.8813828">
      <ele>52.98995154491445</ele>
      <time>2026-04-02T16:11:54.903+02:00</time>
      <extensions>
        <activity type="ON_FOOT" conf="89" state="moving" tsMs="1775139112883"/>
        <radio op="vodafone IT" rat="LTE" q="29.40" rsrp="-111" sinr="16" rsrq="-8"/>
        <radio op="I TIM" rat="LTE" q="36.00" rsrp="-105" sinr="13" rsrq="-11"/>
      </extensions>
    </trkpt>
    <trkpt lat="45.8609837" lon="10.8798431">
      <ele>37.18179460997433</ele>
      <time>2026-04-02T16:13:16.034+02:00</time>
      <extensions>
        <activity type="ON_FOOT" conf="96" state="moving" tsMs="1775139191297"/>
        <radio op="vodafone IT" rat="LTE" rsrp="-112" rsrq="-11"/>
        <radio op="I TIM" rat="LTE" rsrp="-110" rsrq="-12"/>
      </extensions>
    </trkpt>
    <trkpt lat="45.8609837" lon="10.8798431">
      <ele>34.551697542967815</ele>
      <time>2026-04-02T16:13:51.853+02:00</time>
      <extensions>
        <activity type="ON_FOOT" conf="96" state="moving" tsMs="1775139225879"/>
        <radio op="vodafone IT" rat="LTE" rsrp="-112" rsrq="-12"/>
        <radio op="I TIM" rat="LTE" rsrp="-118" rsrq="-13"/>
      </extensions>
    </trkpt>
    <trkpt lat="45.8612306" lon="10.8800861">
      <ele>197.81028889111005</ele>
      <time>2026-04-02T16:14:39.392+02:00</time>
      <extensions>
        <activity type="UNKNOWN" conf="40" state="unknown" tsMs="1775139274286"/>
        <radio op="vodafone IT" rat="LTE" q="11.20" rsrp="-111" sinr="3" rsrq="-12"/>
        <radio op="I TIM" rat="LTE" q="11.90" rsrp="-108" sinr="2" rsrq="-11"/>
      </extensions>
    </trkpt>
    <trkpt lat="45.8612326" lon="10.8800881">
      <ele>210.50001525878906</ele>
      <time>2026-04-02T16:15:17.446+02:00</time>
      <extensions>
        <activity type="UNKNOWN" conf="40" state="unknown" tsMs="1775139311857"/>
        <radio op="vodafone IT" rat="LTE" q="9.90" rsrp="-114" sinr="4" rsrq="-12"/>
        <radio op="I TIM" rat="LTE" q="25.20" rsrp="-107" sinr="9" rsrq="-11"/>
      </extensions>
    </trkpt>
    <trkpt lat="45.8641991" lon="10.8810188">
      <ele>210.50001525878906</ele>
      <time>2026-04-02T16:15:48.061+02:00</time>
      <extensions>
        <activity type="UNKNOWN" conf="40" state="unknown" tsMs="1775139320596"/>
        <radio op="vodafone IT" rat="LTE" q="15.30" rsrp="-108" sinr="4" rsrq="-11"/>
        <radio op="I TIM" rat="LTE" q="16.80" rsrp="-101" sinr="2" rsrq="-10"/>
      </extensions>
    </trkpt>
    <trkpt lat="45.8641954" lon="10.8810168">
      <ele>210.50001525878906</ele>
      <time>2026-04-02T16:15:50.036+02:00</time>
      <extensions>
        <activity type="UNKNOWN" conf="40" state="unknown" tsMs="1775139356183"/>
        <radio op="vodafone IT" rat="LTE" q="16.00" rsrp="-105" sinr="3" rsrq="-12"/>
        <radio op="I TIM" rat="LTE" q="17.10" rsrp="-106" sinr="4" rsrq="-10"/>
      </extensions>
    </trkpt>
    <trkpt lat="45.8639868" lon="10.8812101">
      <ele>210.50001525878906</ele>
      <time>2026-04-02T16:16:32.897+02:00</time>
      <extensions>
        <activity type="UNKNOWN" conf="40" state="unknown" tsMs="1775139388626"/>
        <radio op="vodafone IT" rat="LTE" q="13.00" rsrp="-115" sinr="8" rsrq="-12"/>
        <radio op="I TIM" rat="LTE" q="20.80" rsrp="-109" sinr="8" rsrq="-11"/>
      </extensions>
    </trkpt>
    <trkpt lat="45.8641864" lon="10.8811026">
      <ele>210.50001525878906</ele>
      <time>2026-04-02T16:16:54.036+02:00</time>
      <extensions>
        <activity type="UNKNOWN" conf="40" state="unknown" tsMs="1775139413090"/>
        <radio op="vodafone IT" rat="LTE" q="15.60" rsrp="-112" sinr="7" rsrq="-10"/>
        <radio op="I TIM" rat="LTE" q="22.10" rsrp="-108" sinr="8" rsrq="-12"/>
      </extensions>
    </trkpt>
    <trkpt lat="45.8641725" lon="10.8810953">
      <ele>210.50001525878906</ele>
      <time>2026-04-02T16:17:04.037+02:00</time>
      <extensions>
        <activity type="UNKNOWN" conf="40" state="unknown" tsMs="1775139423845"/>
        <radio op="vodafone IT" rat="LTE" q="7.00" rsrp="-115" sinr="2" rsrq="-12"/>
        <radio op="I TIM" rat="LTE" q="11.90" rsrp="-108" sinr="2" rsrq="-13"/>
      </extensions>
    </trkpt>
    <trkpt lat="45.864187" lon="10.8810351">
      <ele>210.50001525878906</ele>
      <time>2026-04-02T16:17:14.036+02:00</time>
      <extensions>
        <activity type="UNKNOWN" conf="40" state="unknown" tsMs="1775139434635"/>
        <radio op="vodafone IT" rat="LTE" q="6.30" rsrp="-116" sinr="2" rsrq="-12"/>
        <radio op="I TIM" rat="LTE" q="12.80" rsrp="-109" sinr="3" rsrq="-13"/>
      </extensions>
    </trkpt>
    <trkpt lat="45.8641995" lon="10.8810389">
      <ele>210.50001525878906</ele>
      <time>2026-04-02T16:17:24.037+02:00</time>
      <extensions>
        <activity type="ON_FOOT" conf="83" state="moving" tsMs="1775139440021"/>
        <radio op="vodafone IT" rat="LTE" q="14.40" rsrp="-107" sinr="3" rsrq="-13"/>
        <radio op="I TIM" rat="LTE" q="13.80" rsrp="-102" sinr="1" rsrq="-12"/>
      </extensions>
    </trkpt>
    <trkpt lat="45.8641583" lon="10.8810766">
      <ele>210.50001525878906</ele>
      <time>2026-04-02T16:17:34.036+02:00</time>
      <extensions>
        <activity type="UNKNOWN" conf="40" state="unknown" tsMs="1775139454651"/>
        <radio op="vodafone IT" rat="LTE" q="13.30" rsrp="-106" sinr="2" rsrq="-12"/>
        <radio op="I TIM" rat="LTE" q="23.00" rsrp="-102" sinr="5" rsrq="-11"/>
      </extensions>
    </trkpt>
    <trkpt lat="45.8641727" lon="10.8810752">
      <ele>210.50001525878906</ele>
      <time>2026-04-02T16:17:45.036+02:00</time>
      <extensions>
        <activity type="UNKNOWN" conf="40" state="unknown" tsMs="1775139454651"/>
        <radio op="vodafone IT" rat="LTE" q="16.20" rsrp="-107" sinr="4" rsrq="-11"/>
        <radio op="I TIM" rat="LTE" q="16.00" rsrp="-105" sinr="3" rsrq="-13"/>
      </extensions>
    </trkpt>
    <trkpt lat="45.8641734" lon="10.8810746">
      <ele>210.50001525878906</ele>
      <time>2026-04-02T16:17:46.037+02:00</time>
      <extensions>
        <activity type="UNKNOWN" conf="40" state="unknown" tsMs="1775139474541"/>
        <radio op="vodafone IT" rat="LTE" q="22.00" rsrp="-103" sinr="5" rsrq="-10"/>
        <radio op="I TIM" rat="LTE" q="28.00" rsrp="-105" sinr="9" rsrq="-12"/>
      </extensions>
    </trkpt>
    <trkpt lat="45.8639873" lon="10.8812128">
      <ele>207.48705937733874</ele>
      <time>2026-04-02T16:18:22.715+02:00</time>
      <extensions>
        <activity type="UNKNOWN" conf="40" state="unknown" tsMs="1775139502118"/>
        <radio op="vodafone IT" rat="LTE" q="10.80" rsrp="-113" sinr="4" rsrq="-12"/>
        <radio op="I TIM" rat="LTE" q="9.80" rsrp="-111" sinr="2" rsrq="-12"/>
      </extensions>
    </trkpt>
    <trkpt lat="45.8642298" lon="10.8810429">
      <ele>210.50001525878906</ele>
      <time>2026-04-02T16:18:42.036+02:00</time>
      <extensions>
        <activity type="UNKNOWN" conf="40" state="unknown" tsMs="1775139505807"/>
        <radio op="vodafone IT" rat="LTE" q="21.00" rsrp="-104" sinr="5" rsrq="-11"/>
        <radio op="I TIM" rat="LTE" q="19.80" rsrp="-107" sinr="6" rsrq="-11"/>
      </extensions>
    </trkpt>
    <trkpt lat="45.8642286" lon="10.881043">
      <ele>210.50001525878906</ele>
      <time>2026-04-02T16:18:42.492+02:00</time>
      <extensions>
        <activity type="UNKNOWN" conf="40" state="unknown" tsMs="1775139505807"/>
        <radio op="vodafone IT" rat="LTE" q="10.20" rsrp="-108" sinr="1" rsrq="-16"/>
        <radio op="I TIM" rat="LTE" q="9.60" rsrp="-109" sinr="1" rsrq="-10"/>
      </extensions>
    </trkpt>
    <trkpt lat="45.8642178" lon="10.8810474">
      <ele>208.7818693903523</ele>
      <time>2026-04-02T16:19:14.132+02:00</time>
      <extensions>
        <activity type="UNKNOWN" conf="40" state="unknown" tsMs="1775139553349"/>
        <radio op="vodafone IT" rat="LTE" rsrp="-108" rsrq="-14"/>
        <radio op="I TIM" rat="LTE" q="6.50" rsrp="-112" sinr="0" rsrq="-11"/>
      </extensions>
    </trkpt>
    <trkpt lat="45.8639879" lon="10.8812141">
      <ele>210.50001525878906</ele>
      <time>2026-04-02T16:19:45.354+02:00</time>
      <extensions>
        <activity type="STILL" conf="99" state="still" tsMs="1775139581928"/>
        <radio op="vodafone IT" rat="LTE" rsrp="-111" rsrq="-13"/>
        <radio op="I TIM" rat="LTE" q="8.40" rsrp="-111" sinr="1" rsrq="-11"/>
      </extensions>
    </trkpt>
    <trkpt lat="45.8639879" lon="10.8812141">
      <ele>210.50001525878906</ele>
      <time>2026-04-02T16:20:16.573+02:00</time>
      <extensions>
        <activity type="STILL" conf="99" state="still" tsMs="1775139613081"/>
        <radio op="vodafone IT" rat="LTE" q="8.00" rsrp="-109" sinr="0" rsrq="-15"/>
        <radio op="I TIM" rat="LTE" q="6.50" rsrp="-112" sinr="0" rsrq="-13"/>
      </extensions>
    </trkpt>
    <trkpt lat="45.8639879" lon="10.8812141">
      <ele>210.50001525878906</ele>
      <time>2026-04-02T16:20:47.849+02:00</time>
      <extensions>
        <activity type="STILL" conf="99" state="still" tsMs="1775139643959"/>
        <radio op="vodafone IT" rat="LTE" rsrp="-110" rsrq="-13"/>
        <radio op="I TIM" rat="LTE" q="11.70" rsrp="-112" sinr="4" rsrq="-12"/>
      </extensions>
    </trkpt>
    <trkpt lat="45.8639879" lon="10.8812141">
      <ele>210.50001525878906</ele>
      <time>2026-04-02T16:21:22.732+02:00</time>
      <extensions>
        <activity type="STILL" conf="90" state="still" tsMs="1775139680889"/>
        <radio op="vodafone IT" rat="LTE" rsrp="-107" rsrq="-16"/>
        <radio op="I TIM" rat="LTE" q="8.40" rsrp="-111" sinr="1" rsrq="-12"/>
      </extensions>
    </trkpt>
    <trkpt lat="45.8639885" lon="10.8812147">
      <ele>210.50001525878906</ele>
      <time>2026-04-02T16:22:02.157+02:00</time>
      <extensions>
        <activity type="STILL" conf="99" state="still" tsMs="1775139715879"/>
        <radio op="vodafone IT" rat="LTE" q="12.60" rsrp="-107" sinr="2" rsrq="-16"/>
        <radio op="I TIM" rat="LTE" rsrp="-112" rsrq="-13"/>
      </extensions>
    </trkpt>
    <trkpt lat="45.8652202" lon="10.8819572">
      <ele>212.4229608242039</ele>
      <time>2026-04-02T16:38:35.773+02:00</time>
      <extensions>
        <activity type="ON_FOOT" conf="94" state="moving" tsMs="1775140690446"/>
        <radio op="vodafone IT" rat="LTE" rsrp="-118" rsrq="-16"/>
        <radio op="I TIM" rat="LTE" q="9.60" rsrp="-113" sinr="3" rsrq="-10"/>
      </extensions>
    </trkpt>
    <trkpt lat="45.8652165" lon="10.8819506">
      <ele>215.08768576200265</ele>
      <time>2026-04-02T16:39:07.723+02:00</time>
      <extensions>
        <activity type="UNKNOWN" conf="40" state="unknown" tsMs="1775140719185"/>
        <radio op="vodafone IT" rat="LTE" rsrp="-118" rsrq="-16"/>
        <radio op="I TIM" rat="LTE" rsrp="-113" rsrq="-15"/>
      </extensions>
    </trkpt>
    <trkpt lat="45.865206" lon="10.8820896">
      <ele>210.40000915527344</ele>
      <time>2026-04-02T16:39:38.863+02:00</time>
      <extensions>
        <activity type="STILL" conf="96" state="still" tsMs="1775140775927"/>
        <radio op="vodafone IT" rat="LTE" q="5.40" rsrp="-116" sinr="1" rsrq="-12"/>
        <radio op="I TIM" rat="LTE" q="11.00" rsrp="-114" sinr="5" rsrq="-12"/>
      </extensions>
    </trkpt>
    <trkpt lat="45.865206" lon="10.8820896">
      <ele>210.40000915527344</ele>
      <time>2026-04-02T16:40:22.984+02:00</time>
      <extensions>
        <activity type="UNKNOWN" conf="40" state="unknown" tsMs="1775140822314"/>
        <radio op="vodafone IT" rat="LTE" q="8.00" rsrp="-109" sinr="0" rsrq="-12"/>
        <radio op="I TIM" rat="LTE" rsrp="-109" rsrq="-12"/>
      </extensions>
    </trkpt>
    <trkpt lat="45.8656294" lon="10.8819045">
      <ele>207.92451867280442</ele>
      <time>2026-04-02T16:42:00.052+02:00</time>
      <extensions>
        <activity type="ON_BICYCLE" conf="77" state="moving" tsMs="1775140903223"/>
        <radio op="vodafone IT" rat="LTE" q="9.00" rsrp="-110" sinr="1" rsrq="-11"/>
        <radio op="I TIM" rat="LTE" q="13.30" rsrp="-106" sinr="2" rsrq="-11"/>
      </extensions>
    </trkpt>
    <trkpt lat="45.8655785" lon="10.8818162">
      <ele>207.61633006130052</ele>
      <time>2026-04-02T16:42:49.562+02:00</time>
      <extensions>
        <activity type="UNKNOWN" conf="40" state="unknown" tsMs="1775140963908"/>
        <radio op="vodafone IT" rat="LTE" q="19.00" rsrp="-106" sinr="5" rsrq="-9"/>
        <radio op="I TIM" rat="LTE" q="39.10" rsrp="-102" sinr="12" rsrq="-9"/>
      </extensions>
    </trkpt>
    <trkpt lat="45.8656422" lon="10.8819345">
      <ele>207.01382395262613</ele>
      <time>2026-04-02T16:43:30.046+02:00</time>
      <extensions>
        <activity type="UNKNOWN" conf="40" state="unknown" tsMs="1775141017910"/>
        <radio op="vodafone IT" rat="LTE" q="14.40" rsrp="-107" sinr="3" rsrq="-11"/>
        <radio op="I TIM" rat="LTE" q="4.00" rsrp="-117" sinr="0" rsrq="-14"/>
      </extensions>
    </trkpt>
    <trkpt lat="45.865578" lon="10.881906">
      <ele>206.8754451180805</ele>
      <time>2026-04-02T16:44:17.529+02:00</time>
      <extensions>
        <activity type="UNKNOWN" conf="40" state="unknown" tsMs="1775141051304"/>
        <radio op="vodafone IT" rat="LTE" q="8.40" rsrp="-113" sinr="2" rsrq="-11"/>
        <radio op="I TIM" rat="LTE" q="13.50" rsrp="-110" sinr="4" rsrq="-11"/>
      </extensions>
    </trkpt>
    <trkpt lat="45.8655854" lon="10.8818689">
      <ele>207.63123357422228</ele>
      <time>2026-04-02T16:45:11.754+02:00</time>
      <extensions>
        <activity type="UNKNOWN" conf="40" state="unknown" tsMs="1775141102263"/>
        <radio op="vodafone IT" rat="LTE" q="9.80" rsrp="-111" sinr="2" rsrq="-12"/>
        <radio op="I TIM" rat="LTE" rsrp="-119" rsrq="-13"/>
      </extensions>
    </trkpt>
    <trkpt lat="45.8655889" lon="10.881962">
      <ele>207.85478936738707</ele>
      <time>2026-04-02T16:45:21.047+02:00</time>
      <extensions>
        <activity type="UNKNOWN" conf="40" state="unknown" tsMs="1775141115766"/>
        <radio op="vodafone IT" rat="LTE" rsrp="-108" rsrq="-14"/>
        <radio op="I TIM" rat="LTE" rsrp="-116" rsrq="-13"/>
      </extensions>
    </trkpt>
    <trkpt lat="45.8656017" lon="10.8819229">
      <ele>209.0</ele>
      <time>2026-04-02T16:51:40.047+02:00</time>
      <extensions>
        <activity type="IN_VEHICLE" conf="97" state="moving" tsMs="1775141496418"/>
        <radio op="vodafone IT" rat="LTE" rsrp="-104" rsrq="-13"/>
        <radio op="I TIM" rat="LTE" q="5.50" rsrp="-114" sinr="0" rsrq="-14"/>
      </extensions>
    </trkpt>
    <trkpt lat="45.8658597" lon="10.8818787">
      <ele>207.0</ele>
      <time>2026-04-02T16:51:50.048+02:00</time>
      <extensions>
        <activity type="IN_VEHICLE" conf="97" state="moving" tsMs="1775141507088"/>
        <radio op="vodafone IT" rat="LTE" q="15.60" rsrp="-99" sinr="1" rsrq="-9"/>
        <radio op="I TIM" rat="LTE" rsrp="-114" rsrq="-14"/>
      </extensions>
    </trkpt>
    <trkpt lat="45.8656558" lon="10.8818597">
      <ele>207.0</ele>
      <time>2026-04-02T16:52:00.047+02:00</time>
      <extensions>
        <activity type="IN_VEHICLE" conf="97" state="moving" tsMs="1775141517705"/>
        <radio op="vodafone IT" rat="LTE" q="14.00" rsrp="-105" sinr="2" rsrq="-11"/>
        <radio op="I TIM" rat="LTE" rsrp="-116" rsrq="-15"/>
      </extensions>
    </trkpt>
    <trkpt lat="45.8659174" lon="10.8815823">
      <ele>205.0</ele>
      <time>2026-04-02T16:52:10.047+02:00</time>
      <extensions>
        <activity type="IN_VEHICLE" conf="97" state="moving" tsMs="1775141528340"/>
        <radio op="vodafone IT" rat="LTE" q="18.90" rsrp="-98" sinr="2" rsrq="-11"/>
        <radio op="I TIM" rat="LTE" rsrp="-115" rsrq="-13"/>
      </extensions>
    </trkpt>
    <trkpt lat="45.8660341" lon="10.8811572">
      <ele>203.0</ele>
      <time>2026-04-02T16:52:20.048+02:00</time>
      <extensions>
        <activity type="IN_VEHICLE" conf="97" state="moving" tsMs="1775141539002"/>
        <radio op="vodafone IT" rat="LTE" rsrp="-95" rsrq="-13"/>
        <radio op="I TIM" rat="LTE" q="27.60" rsrp="-102" sinr="7" rsrq="-11"/>
      </extensions>
    </trkpt>
    <trkpt lat="45.8660764" lon="10.880482">
      <ele>194.0</ele>
      <time>2026-04-02T16:52:30.047+02:00</time>
      <extensions>
        <activity type="IN_VEHICLE" conf="97" state="moving" tsMs="1775141549635"/>
        <radio op="vodafone IT" rat="LTE" q="36.00" rsrp="-85" sinr="4" rsrq="-11"/>
        <radio op="I TIM" rat="LTE" rsrp="-103" rsrq="-12"/>
      </extensions>
    </trkpt>
    <trkpt lat="45.8663844" lon="10.8807627">
      <ele>189.0</ele>
      <time>2026-04-02T16:52:40.048+02:00</time>
      <extensions>
        <activity type="IN_VEHICLE" conf="96" state="moving" tsMs="1775141560306"/>
        <radio op="vodafone IT" rat="LTE" q="12.00" rsrp="-105" sinr="1" rsrq="-16"/>
        <radio op="I TIM" rat="LTE" rsrp="-111" rsrq="-14"/>
      </extensions>
    </trkpt>
    <trkpt lat="45.8667559" lon="10.8806191">
      <ele>181.0</ele>
      <time>2026-04-02T16:52:51.048+02:00</time>
      <extensions>
        <activity type="IN_VEHICLE" conf="97" state="moving" tsMs="1775141571009"/>
        <radio op="vodafone IT" rat="LTE" rsrp="-110" rsrq="-17"/>
        <radio op="I TIM" rat="LTE" rsrp="-121" rsrq="-17"/>
      </extensions>
    </trkpt>
    <trkpt lat="45.866959" lon="10.8799081">
      <ele>178.0</ele>
      <time>2026-04-02T16:53:01.048+02:00</time>
      <extensions>
        <activity type="IN_VEHICLE" conf="97" state="moving" tsMs="1775141576355"/>
        <radio op="vodafone IT" rat="LTE" rsrp="-107" rsrq="-14"/>
        <radio op="I TIM" rat="LTE" rsrp="-117" rsrq="-15"/>
      </extensions>
    </trkpt>
    <trkpt lat="45.8668134" lon="10.8790948">
      <ele>173.0</ele>
      <time>2026-04-02T16:53:11.047+02:00</time>
      <extensions>
        <activity type="IN_VEHICLE" conf="97" state="moving" tsMs="1775141587013"/>
        <radio op="vodafone IT" rat="LTE" rsrp="-109" rsrq="-14"/>
        <radio op="I TIM" rat="LTE" rsrp="-111" rsrq="-16"/>
      </extensions>
    </trkpt>
    <trkpt lat="45.8662725" lon="10.8784874">
      <ele>167.0</ele>
      <time>2026-04-02T16:53:21.048+02:00</time>
      <extensions>
        <activity type="IN_VEHICLE" conf="97" state="moving" tsMs="1775141597654"/>
        <radio op="vodafone IT" rat="LTE" q="31.00" rsrp="-94" sinr="5" rsrq="-10"/>
        <radio op="I TIM" rat="LTE" rsrp="-92" rsrq="-14"/>
      </extensions>
    </trkpt>
    <trkpt lat="45.8656584" lon="10.8780697">
      <ele>165.0</ele>
      <time>2026-04-02T16:53:31.047+02:00</time>
      <extensions>
        <activity type="IN_VEHICLE" conf="97" state="moving" tsMs="1775141608306"/>
        <radio op="vodafone IT" rat="LTE" q="36.00" rsrp="-84" sinr="4" rsrq="-9"/>
        <radio op="I TIM" rat="LTE" rsrp="-93" rsrq="-17"/>
      </extensions>
    </trkpt>
    <trkpt lat="45.8657786" lon="10.8779858">
      <ele>161.0</ele>
      <time>2026-04-02T16:53:41.047+02:00</time>
      <extensions>
        <activity type="IN_VEHICLE" conf="97" state="moving" tsMs="1775141618953"/>
        <radio op="vodafone IT" rat="LTE" rsrp="-85" rsrq="-10"/>
        <radio op="I TIM" rat="LTE" rsrp="-82" rsrq="-14"/>
      </extensions>
    </trkpt>
    <trkpt lat="45.8666548" lon="10.8781546">
      <ele>154.0</ele>
      <time>2026-04-02T16:53:51.048+02:00</time>
      <extensions>
        <activity type="IN_VEHICLE" conf="97" state="moving" tsMs="1775141629619"/>
        <radio op="vodafone IT" rat="LTE" q="19.00" rsrp="-87" sinr="0" rsrq="-12"/>
        <radio op="I TIM" rat="LTE" rsrp="-86" rsrq="-16"/>
      </extensions>
    </trkpt>
    <trkpt lat="45.8675429" lon="10.8786634">
      <ele>146.0</ele>
      <time>2026-04-02T16:54:01.047+02:00</time>
      <extensions>
        <activity type="IN_VEHICLE" conf="97" state="moving" tsMs="1775141640233"/>
        <radio op="vodafone IT" rat="LTE" q="60.00" rsrp="-81" sinr="10" rsrq="-9"/>
        <radio op="I TIM" rat="LTE" q="52.00" rsrp="-80" sinr="8" rsrq="-12"/>
      </extensions>
    </trkpt>
    <trkpt lat="45.8683378" lon="10.8791262">
      <ele>139.0</ele>
      <time>2026-04-02T16:54:11.047+02:00</time>
      <extensions>
        <activity type="IN_VEHICLE" conf="97" state="moving" tsMs="1775141650916"/>
        <radio op="vodafone IT" rat="LTE" rsrp="-96" rsrq="-11"/>
        <radio op="I TIM" rat="LTE" rsrp="-95" rsrq="-11"/>
      </extensions>
    </trkpt>
    <trkpt lat="45.8691981" lon="10.8798295">
      <ele>137.0</ele>
      <time>2026-04-02T16:54:21.047+02:00</time>
      <extensions>
        <activity type="IN_VEHICLE" conf="97" state="moving" tsMs="1775141661563"/>
        <radio op="vodafone IT" rat="LTE" rsrp="-112" rsrq="-12"/>
        <radio op="I TIM" rat="LTE" rsrp="-113" rsrq="-15"/>
      </extensions>
    </trkpt>
    <trkpt lat="45.8697324" lon="10.8800101">
      <ele>137.0</ele>
      <time>2026-04-02T16:54:32.047+02:00</time>
      <extensions>
        <activity type="IN_VEHICLE" conf="97" state="moving" tsMs="1775141672210"/>
        <radio op="vodafone IT" rat="LTE" q="16.10" rsrp="-102" sinr="2" rsrq="-8"/>
        <radio op="I TIM" rat="LTE" rsrp="-115" rsrq="-15"/>
      </extensions>
    </trkpt>
    <trkpt lat="45.8701751" lon="10.8791428">
      <ele>138.0</ele>
      <time>2026-04-02T16:54:42.047+02:00</time>
      <extensions>
        <activity type="IN_VEHICLE" conf="96" state="moving" tsMs="1775141677519"/>
        <radio op="vodafone IT" rat="LTE" q="22.00" rsrp="-103" sinr="5" rsrq="-10"/>
        <radio op="I TIM" rat="LTE" rsrp="-115" rsrq="-15"/>
      </extensions>
    </trkpt>
    <trkpt lat="45.8702558" lon="10.8786596">
      <ele>139.0</ele>
      <time>2026-04-02T16:54:52.047+02:00</time>
      <extensions>
        <activity type="IN_VEHICLE" conf="97" state="moving" tsMs="1775141688159"/>
        <radio op="vodafone IT" rat="LTE" q="9.80" rsrp="-111" sinr="2" rsrq="-14"/>
        <radio op="I TIM" rat="LTE" q="3.50" rsrp="-118" sinr="0" rsrq="-14"/>
      </extensions>
    </trkpt>
    <trkpt lat="45.8702499" lon="10.8786469">
      <ele>139.0</ele>
      <time>2026-04-02T16:55:02.047+02:00</time>
      <extensions>
        <activity type="IN_VEHICLE" conf="97" state="moving" tsMs="1775141698856"/>
        <radio op="vodafone IT" rat="LTE" q="8.40" rsrp="-113" sinr="2" rsrq="-12"/>
        <radio op="I TIM" rat="LTE" rsrp="-119" rsrq="-14"/>
      </extensions>
    </trkpt>
    <trkpt lat="45.8702493" lon="10.8786425">
      <ele>140.0</ele>
      <time>2026-04-02T16:55:12.047+02:00</time>
      <extensions>
        <activity type="IN_VEHICLE" conf="96" state="moving" tsMs="1775141709554"/>
        <radio op="vodafone IT" rat="LTE" q="11.20" rsrp="-111" sinr="3" rsrq="-14"/>
        <radio op="I TIM" rat="LTE" rsrp="-118" rsrq="-14"/>
      </extensions>
    </trkpt>
    <trkpt lat="45.8702485" lon="10.8786398">
      <ele>140.0</ele>
      <time>2026-04-02T16:55:22.048+02:00</time>
      <extensions>
        <activity type="IN_VEHICLE" conf="97" state="moving" tsMs="1775141720206"/>
        <radio op="vodafone IT" rat="LTE" rsrp="-114" rsrq="-12"/>
        <radio op="I TIM" rat="LTE" q="3.00" rsrp="-119" sinr="0" rsrq="-14"/>
      </extensions>
    </trkpt>
    <trkpt lat="45.8702487" lon="10.8786385">
      <ele>140.0</ele>
      <time>2026-04-02T16:55:32.048+02:00</time>
      <extensions>
        <activity type="IN_VEHICLE" conf="97" state="moving" tsMs="1775141730838"/>
        <radio op="vodafone IT" rat="LTE" q="9.10" rsrp="-112" sinr="2" rsrq="-11"/>
        <radio op="I TIM" rat="LTE" rsrp="-119" rsrq="-15"/>
      </extensions>
    </trkpt>
    <trkpt lat="45.8702477" lon="10.8786379">
      <ele>140.0</ele>
      <time>2026-04-02T16:55:42.048+02:00</time>
      <extensions>
        <activity type="IN_VEHICLE" conf="96" state="moving" tsMs="1775141741473"/>
        <radio op="vodafone IT" rat="LTE" q="8.40" rsrp="-111" sinr="1" rsrq="-11"/>
        <radio op="I TIM" rat="LTE" q="3.00" rsrp="-119" sinr="0" rsrq="-14"/>
      </extensions>
    </trkpt>
    <trkpt lat="45.8702481" lon="10.878641">
      <ele>140.0</ele>
      <time>2026-04-02T16:55:52.047+02:00</time>
      <extensions>
        <activity type="IN_VEHICLE" conf="96" state="moving" tsMs="1775141752145"/>
        <radio op="vodafone IT" rat="LTE" q="6.00" rsrp="-113" sinr="0" rsrq="-14"/>
        <radio op="I TIM" rat="LTE" rsrp="-120" rsrq="-15"/>
      </extensions>
    </trkpt>
    <trkpt lat="45.8702483" lon="10.8786388">
      <ele>140.0</ele>
      <time>2026-04-02T16:56:03.047+02:00</time>
      <extensions>
        <activity type="IN_VEHICLE" conf="96" state="moving" tsMs="1775141762814"/>
        <radio op="vodafone IT" rat="LTE" q="10.80" rsrp="-113" sinr="4" rsrq="-11"/>
        <radio op="I TIM" rat="LTE" rsrp="-119" rsrq="-15"/>
      </extensions>
    </trkpt>
    <trkpt lat="45.8702482" lon="10.8786388">
      <ele>140.0</ele>
      <time>2026-04-02T16:56:13.047+02:00</time>
      <extensions>
        <activity type="IN_VEHICLE" conf="96" state="moving" tsMs="1775141773466"/>
        <radio op="vodafone IT" rat="LTE" q="6.50" rsrp="-112" sinr="0" rsrq="-14"/>
        <radio op="I TIM" rat="LTE" rsrp="-119" rsrq="-15"/>
      </extensions>
    </trkpt>
    <trkpt lat="45.8702481" lon="10.8786397">
      <ele>140.0</ele>
      <time>2026-04-02T16:56:23.048+02:00</time>
      <extensions>
        <activity type="IN_VEHICLE" conf="97" state="moving" tsMs="1775141778781"/>
        <radio op="vodafone IT" rat="LTE" q="12.60" rsrp="-111" sinr="4" rsrq="-13"/>
        <radio op="I TIM" rat="LTE" q="4.20" rsrp="-119" sinr="2" rsrq="-13"/>
      </extensions>
    </trkpt>
    <trkpt lat="45.8702473" lon="10.8786386">
      <ele>140.0</ele>
      <time>2026-04-02T16:56:33.047+02:00</time>
      <extensions>
        <activity type="IN_VEHICLE" conf="96" state="moving" tsMs="1775141789404"/>
        <radio op="vodafone IT" rat="LTE" q="9.80" rsrp="-111" sinr="2" rsrq="-14"/>
        <radio op="I TIM" rat="LTE" q="3.50" rsrp="-120" sinr="2" rsrq="-14"/>
      </extensions>
    </trkpt>
    <trkpt lat="45.8702474" lon="10.8786363">
      <ele>140.0</ele>
      <time>2026-04-02T16:56:43.048+02:00</time>
      <extensions>
        <activity type="IN_VEHICLE" conf="96" state="moving" tsMs="1775141800032"/>
        <radio op="vodafone IT" rat="LTE" q="7.20" rsrp="-113" sinr="1" rsrq="-15"/>
        <radio op="I TIM" rat="LTE" rsrp="-119" rsrq="-15"/>
      </extensions>
    </trkpt>
    <trkpt lat="45.8702472" lon="10.8786377">
      <ele>140.0</ele>
      <time>2026-04-02T16:56:53.048+02:00</time>
      <extensions>
        <activity type="IN_VEHICLE" conf="96" state="moving" tsMs="1775141810725"/>
        <radio op="vodafone IT" rat="LTE" q="8.40" rsrp="-111" sinr="1" rsrq="-13"/>
        <radio op="I TIM" rat="LTE" q="7.20" rsrp="-119" sinr="7" rsrq="-14"/>
      </extensions>
    </trkpt>
    <trkpt lat="45.8702469" lon="10.8786382">
      <ele>140.0</ele>
      <time>2026-04-02T16:57:03.047+02:00</time>
      <extensions>
        <activity type="IN_VEHICLE" conf="97" state="moving" tsMs="1775141821351"/>
        <radio op="vodafone IT" rat="LTE" q="12.60" rsrp="-111" sinr="4" rsrq="-12"/>
        <radio op="I TIM" rat="LTE" rsrp="-120" rsrq="-14"/>
      </extensions>
    </trkpt>
    <trkpt lat="45.8701293" lon="10.8784436">
      <ele>136.0</ele>
      <time>2026-04-02T16:57:13.048+02:00</time>
      <extensions>
        <activity type="IN_VEHICLE" conf="96" state="moving" tsMs="1775141832004"/>
        <radio op="vodafone IT" rat="LTE" q="10.20" rsrp="-108" sinr="1" rsrq="-10"/>
        <radio op="I TIM" rat="LTE" rsrp="-119" rsrq="-15"/>
      </extensions>
    </trkpt>
    <trkpt lat="45.8697535" lon="10.8778537">
      <ele>126.0</ele>
      <time>2026-04-02T16:57:24.047+02:00</time>
      <extensions>
        <activity type="IN_VEHICLE" conf="96" state="moving" tsMs="1775141842660"/>
        <radio op="vodafone IT" rat="LTE" q="9.10" rsrp="-112" sinr="2" rsrq="-11"/>
        <radio op="I TIM" rat="LTE" rsrp="-117" rsrq="-16"/>
      </extensions>
    </trkpt>
    <trkpt lat="45.8696994" lon="10.8772035">
      <ele>118.0</ele>
      <time>2026-04-02T16:57:34.047+02:00</time>
      <extensions>
        <activity type="IN_VEHICLE" conf="97" state="moving" tsMs="1775141853281"/>
        <radio op="vodafone IT" rat="LTE" q="14.00" rsrp="-111" sinr="5" rsrq="-12"/>
        <radio op="I TIM" rat="LTE" q="6.60" rsrp="-114" sinr="1" rsrq="-13"/>
      </extensions>
    </trkpt>
    <trkpt lat="45.8694012" lon="10.876904">
      <ele>111.0</ele>
      <time>2026-04-02T16:57:44.047+02:00</time>
      <extensions>
        <activity type="IN_VEHICLE" conf="97" state="moving" tsMs="1775141863903"/>
        <radio op="vodafone IT" rat="LTE" q="9.80" rsrp="-111" sinr="2" rsrq="-11"/>
        <radio op="I TIM" rat="LTE" rsrp="-114" rsrq="-14"/>
      </extensions>
    </trkpt>
    <trkpt lat="45.8692963" lon="10.876523">
      <ele>108.0</ele>
      <time>2026-04-02T16:57:54.047+02:00</time>
      <extensions>
        <activity type="IN_VEHICLE" conf="97" state="moving" tsMs="1775141874523"/>
        <radio op="vodafone IT" rat="LTE" q="39.20" rsrp="-97" sinr="9" rsrq="-9"/>
        <radio op="I TIM" rat="LTE" q="23.00" rsrp="-102" sinr="5" rsrq="-13"/>
      </extensions>
    </trkpt>
    <trkpt lat="45.8693013" lon="10.8762781">
      <ele>111.0</ele>
      <time>2026-04-02T16:58:04.047+02:00</time>
      <extensions>
        <activity type="IN_VEHICLE" conf="97" state="moving" tsMs="1775141879836"/>
        <radio op="vodafone IT" rat="LTE" q="22.40" rsrp="-97" sinr="3" rsrq="-11"/>
        <radio op="I TIM" rat="LTE" rsrp="-97" rsrq="-11"/>
      </extensions>
    </trkpt>
    <trkpt lat="45.8693062" lon="10.8762082">
      <ele>111.0</ele>
      <time>2026-04-02T16:58:14.047+02:00</time>
      <extensions>
        <activity type="IN_VEHICLE" conf="96" state="moving" tsMs="1775141890502"/>
        <radio op="vodafone IT" rat="LTE" q="16.80" rsrp="-101" sinr="2" rsrq="-9"/>
        <radio op="I TIM" rat="LTE" q="12.50" rsrp="-100" sinr="0" rsrq="-13"/>
      </extensions>
    </trkpt>
    <trkpt lat="45.8693062" lon="10.8762032">
      <ele>111.0</ele>
      <time>2026-04-02T16:58:24.047+02:00</time>
      <extensions>
        <activity type="IN_VEHICLE" conf="96" state="moving" tsMs="1775141901164"/>
        <radio op="vodafone IT" rat="LTE" q="32.20" rsrp="-102" sinr="9" rsrq="-9"/>
        <radio op="I TIM" rat="LTE" q="33.60" rsrp="-101" sinr="9" rsrq="-13"/>
      </extensions>
    </trkpt>
    <trkpt lat="45.8693084" lon="10.8761912">
      <ele>112.0</ele>
      <time>2026-04-02T16:58:34.047+02:00</time>
      <extensions>
        <activity type="IN_VEHICLE" conf="96" state="moving" tsMs="1775141911819"/>
        <radio op="vodafone IT" rat="LTE" q="33.00" rsrp="-103" sinr="10" rsrq="-8"/>
        <radio op="I TIM" rat="LTE" q="27.60" rsrp="-102" sinr="7" rsrq="-13"/>
      </extensions>
    </trkpt>
    <trkpt lat="45.8693293" lon="10.8760846">
      <ele>114.0</ele>
      <time>2026-04-02T16:58:44.047+02:00</time>
      <extensions>
        <activity type="IN_VEHICLE" conf="97" state="moving" tsMs="1775141922453"/>
        <radio op="vodafone IT" rat="LTE" q="20.00" rsrp="-100" sinr="3" rsrq="-11"/>
        <radio op="I TIM" rat="LTE" rsrp="-95" rsrq="-12"/>
      </extensions>
    </trkpt>
    <trkpt lat="45.8694327" lon="10.8759491">
      <ele>118.0</ele>
      <time>2026-04-02T16:58:55.047+02:00</time>
      <extensions>
        <activity type="IN_VEHICLE" conf="97" state="moving" tsMs="1775141933159"/>
        <radio op="vodafone IT" rat="LTE" q="30.00" rsrp="-100" sinr="7" rsrq="-12"/>
        <radio op="I TIM" rat="LTE" rsrp="-97" rsrq="-14"/>
      </extensions>
    </trkpt>
    <trkpt lat="45.8695893" lon="10.875859">
      <ele>120.0</ele>
      <time>2026-04-02T16:59:05.047+02:00</time>
      <extensions>
        <activity type="IN_VEHICLE" conf="97" state="moving" tsMs="1775141943807"/>
        <radio op="vodafone IT" rat="LTE" q="48.00" rsrp="-95" sinr="11" rsrq="-9"/>
        <radio op="I TIM" rat="LTE" q="28.00" rsrp="-97" sinr="5" rsrq="-12"/>
      </extensions>
    </trkpt>
    <trkpt lat="45.8697139" lon="10.8757766">
      <ele>122.0</ele>
      <time>2026-04-02T16:59:15.047+02:00</time>
      <extensions>
        <activity type="IN_VEHICLE" conf="97" state="moving" tsMs="1775141954459"/>
        <radio op="vodafone IT" rat="LTE" q="45.90" rsrp="-98" sinr="12" rsrq="-14"/>
        <radio op="I TIM" rat="LTE" rsrp="-90" rsrq="-15"/>
      </extensions>
    </trkpt>
    <trkpt lat="45.869939" lon="10.8757663">
      <ele>121.0</ele>
      <time>2026-04-02T16:59:25.047+02:00</time>
      <extensions>
        <activity type="IN_VEHICLE" conf="97" state="moving" tsMs="1775141965099"/>
        <radio op="vodafone IT" rat="LTE" q="18.00" rsrp="-95" sinr="1" rsrq="-10"/>
        <radio op="I TIM" rat="LTE" q="40.80" rsrp="-91" sinr="7" rsrq="-14"/>
      </extensions>
    </trkpt>
    <trkpt lat="45.8701033" lon="10.8758198">
      <ele>120.0</ele>
      <time>2026-04-02T16:59:35.047+02:00</time>
      <extensions>
        <activity type="IN_VEHICLE" conf="97" state="moving" tsMs="1775141975807"/>
        <radio op="vodafone IT" rat="LTE" q="39.60" rsrp="-92" sinr="7" rsrq="-12"/>
        <radio op="I TIM" rat="LTE" q="43.20" rsrp="-89" sinr="7" rsrq="-13"/>
      </extensions>
    </trkpt>
    <trkpt lat="45.8703198" lon="10.8759069">
      <ele>120.0</ele>
      <time>2026-04-02T16:59:45.047+02:00</time>
      <extensions>
        <activity type="IN_VEHICLE" conf="97" state="moving" tsMs="1775141981120"/>
        <radio op="vodafone IT" rat="LTE" q="25.60" rsrp="-93" sinr="3" rsrq="-12"/>
        <radio op="I TIM" rat="LTE" q="30.60" rsrp="-91" sinr="4" rsrq="-13"/>
      </extensions>
    </trkpt>
    <trkpt lat="45.8705971" lon="10.8761155">
      <ele>121.0</ele>
      <time>2026-04-02T16:59:55.048+02:00</time>
      <extensions>
        <activity type="IN_VEHICLE" conf="97" state="moving" tsMs="1775141991807"/>
        <radio op="vodafone IT" rat="LTE" q="23.40" rsrp="-86" sinr="1" rsrq="-11"/>
        <radio op="I TIM" rat="LTE" q="70.20" rsrp="-86" sinr="13" rsrq="-14"/>
      </extensions>
    </trkpt>
    <trkpt lat="45.8708823" lon="10.8761041">
      <ele>121.0</ele>
      <time>2026-04-02T17:00:05.048+02:00</time>
      <extensions>
        <activity type="IN_VEHICLE" conf="97" state="moving" tsMs="1775142002478"/>
        <radio op="vodafone IT" rat="LTE" q="52.00" rsrp="-83" sinr="8" rsrq="-11"/>
        <radio op="I TIM" rat="LTE" q="72.00" rsrp="-74" sinr="13" rsrq="-12"/>
      </extensions>
    </trkpt>
    <trkpt lat="45.8711704" lon="10.8755096">
      <ele>121.0</ele>
      <time>2026-04-02T17:00:15.047+02:00</time>
      <extensions>
        <activity type="IN_VEHICLE" conf="96" state="moving" tsMs="1775142013113"/>
        <radio op="vodafone IT" rat="LTE" q="18.50" rsrp="-88" sinr="0" rsrq="-13"/>
        <radio op="I TIM" rat="LTE" q="40.00" rsrp="-78" sinr="5" rsrq="-12"/>
      </extensions>
    </trkpt>
    <trkpt lat="45.8717089" lon="10.8751356">
      <ele>122.0</ele>
      <time>2026-04-02T17:00:25.048+02:00</time>
      <extensions>
        <activity type="IN_VEHICLE" conf="97" state="moving" tsMs="1775142023733"/>
        <radio op="vodafone IT" rat="LTE" q="25.90" rsrp="-88" sinr="2" rsrq="-12"/>
        <radio op="I TIM" rat="LTE" rsrp="-81" rsrq="-13"/>
      </extensions>
    </trkpt>
    <trkpt lat="45.8722198" lon="10.8749845">
      <ele>122.0</ele>
      <time>2026-04-02T17:00:36.048+02:00</time>
      <extensions>
        <activity type="IN_VEHICLE" conf="97" state="moving" tsMs="1775142034385"/>
        <radio op="vodafone IT" rat="LTE" q="62.90" rsrp="-88" sinr="12" rsrq="-7"/>
        <radio op="I TIM" rat="LTE" q="48.00" rsrp="-77" sinr="7" rsrq="-13"/>
      </extensions>
    </trkpt>
    <trkpt lat="45.8726897" lon="10.8744734">
      <ele>121.0</ele>
      <time>2026-04-02T17:00:46.048+02:00</time>
      <extensions>
        <activity type="IN_VEHICLE" conf="97" state="moving" tsMs="1775142045045"/>
        <radio op="vodafone IT" rat="LTE" rsrp="-85" rsrq="-12"/>
        <radio op="I TIM" rat="LTE" q="24.00" rsrp="-75" sinr="1" rsrq="-14"/>
      </extensions>
    </trkpt>
    <trkpt lat="45.8730736" lon="10.8742001">
      <ele>121.0</ele>
      <time>2026-04-02T17:00:56.048+02:00</time>
      <extensions>
        <activity type="IN_VEHICLE" conf="97" state="moving" tsMs="1775142055691"/>
        <radio op="vodafone IT" rat="LTE" q="50.70" rsrp="-86" sinr="8" rsrq="-12"/>
        <radio op="I TIM" rat="LTE" q="24.00" rsrp="-71" sinr="1" rsrq="-13"/>
      </extensions>
    </trkpt>
    <trkpt lat="45.8734295" lon="10.8740255">
      <ele>121.0</ele>
      <time>2026-04-02T17:01:06.046+02:00</time>
      <extensions>
        <activity type="IN_VEHICLE" conf="97" state="moving" tsMs="1775142066341"/>
        <radio op="vodafone IT" rat="LTE" q="64.00" rsrp="-81" sinr="11" rsrq="-8"/>
        <radio op="I TIM" rat="LTE" q="28.00" rsrp="-72" sinr="2" rsrq="-14"/>
      </extensions>
    </trkpt>
    <trkpt lat="45.8741223" lon="10.8736002">
      <ele>123.0</ele>
      <time>2026-04-02T17:01:16.046+02:00</time>
      <extensions>
        <activity type="IN_VEHICLE" conf="97" state="moving" tsMs="1775142071669"/>
        <radio op="vodafone IT" rat="LTE" q="100.00" rsrp="-69" sinr="22" rsrq="-7"/>
        <radio op="I TIM" rat="LTE" q="56.00" rsrp="-64" sinr="9" rsrq="-12"/>
      </extensions>
    </trkpt>
    <trkpt lat="45.8747899" lon="10.8729315">
      <ele>123.0</ele>
      <time>2026-04-02T17:01:26.047+02:00</time>
      <extensions>
        <activity type="IN_VEHICLE" conf="97" state="moving" tsMs="1775142082345"/>
        <radio op="vodafone IT" rat="LTE" q="36.00" rsrp="-77" sinr="4" rsrq="-6"/>
        <radio op="I TIM" rat="LTE" q="32.00" rsrp="-84" sinr="3" rsrq="-15"/>
      </extensions>
    </trkpt>
    <trkpt lat="45.8753735" lon="10.8721409">
      <ele>120.0</ele>
      <time>2026-04-02T17:01:36.046+02:00</time>
      <extensions>
        <activity type="IN_VEHICLE" conf="97" state="moving" tsMs="1775142093097"/>
        <radio op="vodafone IT" rat="LTE" q="32.40" rsrp="-89" sinr="4" rsrq="-10"/>
        <radio op="I TIM" rat="LTE" q="40.00" rsrp="-73" sinr="5" rsrq="-13"/>
      </extensions>
    </trkpt>
    <trkpt lat="45.875969" lon="10.8711396">
      <ele>118.0</ele>
      <time>2026-04-02T17:01:46.046+02:00</time>
      <extensions>
        <activity type="IN_VEHICLE" conf="97" state="moving" tsMs="1775142103775"/>
        <radio op="vodafone IT" rat="LTE" q="20.00" rsrp="-100" sinr="3" rsrq="-13"/>
        <radio op="I TIM" rat="LTE" q="48.00" rsrp="-85" sinr="7" rsrq="-13"/>
      </extensions>
    </trkpt>
    <trkpt lat="45.8765677" lon="10.8709207">
      <ele>117.0</ele>
      <time>2026-04-02T17:01:56.047+02:00</time>
      <extensions>
        <activity type="IN_VEHICLE" conf="97" state="moving" tsMs="1775142114419"/>
        <radio op="vodafone IT" rat="LTE" q="12.00" rsrp="-101" sinr="0" rsrq="-11"/>
        <radio op="I TIM" rat="LTE" q="66.60" rsrp="-88" sinr="13" rsrq="-12"/>
      </extensions>
    </trkpt>
    <trkpt lat="45.8767998" lon="10.8699051">
      <ele>117.0</ele>
      <time>2026-04-02T17:02:07.046+02:00</time>
      <extensions>
        <activity type="IN_VEHICLE" conf="97" state="moving" tsMs="1775142125096"/>
        <radio op="vodafone IT" rat="LTE" q="20.80" rsrp="-99" sinr="3" rsrq="-10"/>
        <radio op="I TIM" rat="LTE" q="31.50" rsrp="-90" sinr="4" rsrq="-13"/>
      </extensions>
    </trkpt>
    <trkpt lat="45.8772085" lon="10.8686864">
      <ele>118.0</ele>
      <time>2026-04-02T17:02:17.046+02:00</time>
      <extensions>
        <activity type="IN_VEHICLE" conf="97" state="moving" tsMs="1775142135854"/>
        <radio op="vodafone IT" rat="LTE" q="42.00" rsrp="-95" sinr="9" rsrq="-7"/>
        <radio op="I TIM" rat="LTE" q="42.90" rsrp="-92" sinr="8" rsrq="-13"/>
      </extensions>
    </trkpt>
    <trkpt lat="45.8776013" lon="10.8673042">
      <ele>118.0</ele>
      <time>2026-04-02T17:02:27.047+02:00</time>
      <extensions>
        <activity type="IN_VEHICLE" conf="97" state="moving" tsMs="1775142146553"/>
        <radio op="vodafone IT" rat="LTE" q="40.00" rsrp="-100" sinr="11" rsrq="-8"/>
        <radio op="I TIM" rat="LTE" q="49.00" rsrp="-90" sinr="9" rsrq="-12"/>
      </extensions>
    </trkpt>
    <trkpt lat="45.8774107" lon="10.8653925">
      <ele>118.0</ele>
      <time>2026-04-02T17:02:37.046+02:00</time>
      <extensions>
        <activity type="IN_VEHICLE" conf="97" state="moving" tsMs="1775142157243"/>
        <radio op="vodafone IT" rat="LTE" q="28.50" rsrp="-106" sinr="10" rsrq="-8"/>
        <radio op="I TIM" rat="LTE" q="35.70" rsrp="-104" sinr="12" rsrq="-11"/>
      </extensions>
    </trkpt>
    <trkpt lat="45.8770812" lon="10.8637745">
      <ele>119.0</ele>
      <time>2026-04-02T17:02:47.046+02:00</time>
      <extensions>
        <activity type="IN_VEHICLE" conf="98" state="moving" tsMs="1775142167930"/>
        <radio op="vodafone IT" rat="LTE" q="92.50" rsrp="-88" sinr="21" rsrq="-9"/>
        <radio op="I TIM" rat="LTE" q="64.00" rsrp="-93" sinr="15" rsrq="-12"/>
      </extensions>
    </trkpt>
    <trkpt lat="45.87679" lon="10.8623414">
      <ele>121.0</ele>
      <time>2026-04-02T17:02:57.047+02:00</time>
      <extensions>
        <activity type="IN_VEHICLE" conf="96" state="moving" tsMs="1775142173263"/>
        <radio op="vodafone IT" rat="LTE" q="54.40" rsrp="-91" sinr="11" rsrq="-10"/>
        <radio op="I TIM" rat="LTE" q="68.40" rsrp="-89" sinr="14" rsrq="-12"/>
      </extensions>
    </trkpt>
    <trkpt lat="45.8766321" lon="10.860637">
      <ele>121.0</ele>
      <time>2026-04-02T17:03:07.046+02:00</time>
      <extensions>
        <activity type="IN_VEHICLE" conf="97" state="moving" tsMs="1775142183990"/>
        <radio op="vodafone IT" rat="LTE" q="77.00" rsrp="-90" sinr="17" rsrq="-11"/>
        <radio op="I TIM" rat="LTE" q="73.50" rsrp="-90" sinr="16" rsrq="-13"/>
      </extensions>
    </trkpt>
    <trkpt lat="45.8763786" lon="10.8589317">
      <ele>121.0</ele>
      <time>2026-04-02T17:03:17.046+02:00</time>
      <extensions>
        <activity type="IN_VEHICLE" conf="97" state="moving" tsMs="1775142194635"/>
        <radio op="vodafone IT" rat="LTE" q="75.60" rsrp="-89" sinr="16" rsrq="-10"/>
        <radio op="I TIM" rat="LTE" q="57.00" rsrp="-87" sinr="10" rsrq="-12"/>
      </extensions>
    </trkpt>
    <trkpt lat="45.8774362" lon="10.8579281">
      <ele>117.0</ele>
      <time>2026-04-02T17:03:28.046+02:00</time>
      <extensions>
        <activity type="IN_VEHICLE" conf="97" state="moving" tsMs="1775142205291"/>
        <radio op="vodafone IT" rat="LTE" q="42.90" rsrp="-92" sinr="8" rsrq="-7"/>
        <radio op="I TIM" rat="LTE" q="37.50" rsrp="-100" sinr="10" rsrq="-11"/>
      </extensions>
    </trkpt>
    <trkpt lat="45.8783473" lon="10.8575773">
      <ele>119.0</ele>
      <time>2026-04-02T17:03:38.047+02:00</time>
      <extensions>
        <activity type="IN_VEHICLE" conf="97" state="moving" tsMs="1775142216025"/>
        <radio op="vodafone IT" rat="LTE" q="64.00" rsrp="-84" sinr="11" rsrq="-7"/>
        <radio op="I TIM" rat="LTE" q="61.20" rsrp="-91" sinr="13" rsrq="-10"/>
      </extensions>
    </trkpt>
    <trkpt lat="45.8785663" lon="10.8574795">
      <ele>118.0</ele>
      <time>2026-04-02T17:03:48.046+02:00</time>
      <extensions>
        <activity type="IN_VEHICLE" conf="97" state="moving" tsMs="1775142226652"/>
        <radio op="vodafone IT" rat="LTE" q="44.80" rsrp="-93" sinr="9" rsrq="-10"/>
        <radio op="I TIM" rat="LTE" rsrp="-96" rsrq="-9"/>
      </extensions>
    </trkpt>
    <trkpt lat="45.8789309" lon="10.8572932">
      <ele>117.0</ele>
      <time>2026-04-02T17:03:58.046+02:00</time>
      <extensions>
        <activity type="IN_VEHICLE" conf="97" state="moving" tsMs="1775142237306"/>
        <radio op="vodafone IT" rat="LTE" q="79.20" rsrp="-89" sinr="17" rsrq="-7"/>
        <radio op="I TIM" rat="LTE" q="46.40" rsrp="-96" sinr="11" rsrq="-10"/>
      </extensions>
    </trkpt>
    <trkpt lat="45.8795437" lon="10.856754">
      <ele>115.0</ele>
      <time>2026-04-02T17:04:08.046+02:00</time>
      <extensions>
        <activity type="IN_VEHICLE" conf="97" state="moving" tsMs="1775142247944"/>
        <radio op="vodafone IT" rat="LTE" q="100.00" rsrp="-79" sinr="22" rsrq="-7"/>
        <radio op="I TIM" rat="LTE" q="68.20" rsrp="-94" sinr="17" rsrq="-8"/>
      </extensions>
    </trkpt>
    <trkpt lat="45.8802885" lon="10.8559762">
      <ele>115.0</ele>
      <time>2026-04-02T17:04:18.046+02:00</time>
      <extensions>
        <activity type="IN_VEHICLE" conf="97" state="moving" tsMs="1775142258624"/>
        <radio op="vodafone IT" rat="LTE" q="100.00" rsrp="-83" sinr="25" rsrq="-9"/>
        <radio op="I TIM" rat="LTE" q="88.00" rsrp="-84" sinr="17" rsrq="-7"/>
      </extensions>
    </trkpt>
    <trkpt lat="45.8809012" lon="10.8553214">
      <ele>117.9000015258789</ele>
      <time>2026-04-02T17:04:28.047+02:00</time>
      <extensions>
        <activity type="IN_VEHICLE" conf="92" state="moving" tsMs="1775142268591"/>
        <radio op="vodafone IT" rat="LTE" q="100.00" rsrp="-82" sinr="22" rsrq="-9"/>
        <radio op="I TIM" rat="LTE" q="95.00" rsrp="-87" sinr="28" rsrq="-6"/>
      </extensions>
    </trkpt>
    <trkpt lat="45.8813996" lon="10.8547892">
      <ele>116.0</ele>
      <time>2026-04-02T17:04:38.046+02:00</time>
      <extensions>
        <activity type="IN_VEHICLE" conf="97" state="moving" tsMs="1775142273967"/>
        <radio op="vodafone IT" rat="LTE" q="100.00" rsrp="-82" sinr="25" rsrq="-12"/>
        <radio op="I TIM" rat="LTE" q="100.00" rsrp="-84" sinr="27" rsrq="-10"/>
      </extensions>
    </trkpt>
    <trkpt lat="45.8818483" lon="10.8543289">
      <ele>117.0</ele>
      <time>2026-04-02T17:04:48.047+02:00</time>
      <extensions>
        <activity type="IN_VEHICLE" conf="97" state="moving" tsMs="1775142284598"/>
        <radio op="vodafone IT" rat="LTE" q="100.00" rsrp="-72" sinr="26" rsrq="-8"/>
        <radio op="I TIM" rat="LTE" q="100.00" rsrp="-81" sinr="21" rsrq="-8"/>
      </extensions>
    </trkpt>
    <trkpt lat="45.8821924" lon="10.8541544">
      <ele>118.0</ele>
      <time>2026-04-02T17:04:58.047+02:00</time>
      <extensions>
        <activity type="IN_VEHICLE" conf="96" state="moving" tsMs="1775142295292"/>
        <radio op="vodafone IT" rat="LTE" q="100.00" rsrp="-66" sinr="24" rsrq="-7"/>
        <radio op="I TIM" rat="LTE" q="100.00" rsrp="-75" sinr="21" rsrq="-7"/>
      </extensions>
    </trkpt>
    <trkpt lat="45.882514" lon="10.8536224">
      <ele>119.0</ele>
      <time>2026-04-02T17:05:09.047+02:00</time>
      <extensions>
        <activity type="IN_VEHICLE" conf="97" state="moving" tsMs="1775142305947"/>
        <radio op="vodafone IT" rat="LTE" q="88.00" rsrp="-80" sinr="17" rsrq="-8"/>
        <radio op="I TIM" rat="LTE" q="48.00" rsrp="-78" sinr="7" rsrq="-10"/>
      </extensions>
    </trkpt>
    <trkpt lat="45.8826844" lon="10.8534037">
      <ele>120.0</ele>
      <time>2026-04-02T17:05:19.046+02:00</time>
      <extensions>
        <activity type="IN_VEHICLE" conf="97" state="moving" tsMs="1775142316621"/>
        <radio op="vodafone IT" rat="LTE" q="100.00" rsrp="-78" sinr="20" rsrq="-8"/>
        <radio op="I TIM" rat="LTE" q="32.00" rsrp="-77" sinr="3" rsrq="-11"/>
      </extensions>
    </trkpt>
    <trkpt lat="45.8828798" lon="10.853109">
      <ele>120.0</ele>
      <time>2026-04-02T17:05:29.047+02:00</time>
      <extensions>
        <activity type="IN_VEHICLE" conf="96" state="moving" tsMs="1775142327283"/>
        <radio op="vodafone IT" rat="LTE" q="88.00" rsrp="-74" sinr="17" rsrq="-10"/>
        <radio op="I TIM" rat="LTE" rsrp="-71" rsrq="-11"/>
      </extensions>
    </trkpt>
    <trkpt lat="45.8833383" lon="10.8523178">
      <ele>120.0</ele>
      <time>2026-04-02T17:05:39.047+02:00</time>
      <extensions>
        <activity type="IN_VEHICLE" conf="97" state="moving" tsMs="1775142337949"/>
        <radio op="vodafone IT" rat="LTE" q="72.00" rsrp="-84" sinr="13" rsrq="-11"/>
        <radio op="I TIM" rat="LTE" rsrp="-79" rsrq="-12"/>
      </extensions>
    </trkpt>
    <trkpt lat="45.883908" lon="10.8513075">
      <ele>122.0</ele>
      <time>2026-04-02T17:05:49.047+02:00</time>
      <extensions>
        <activity type="IN_VEHICLE" conf="97" state="moving" tsMs="1775142348593"/>
        <radio op="vodafone IT" rat="LTE" q="80.00" rsrp="-75" sinr="15" rsrq="-7"/>
        <radio op="I TIM" rat="LTE" q="24.00" rsrp="-76" sinr="1" rsrq="-11"/>
      </extensions>
    </trkpt>
    <trkpt lat="45.8843498" lon="10.8505052">
      <ele>124.0</ele>
      <time>2026-04-02T17:05:59.046+02:00</time>
      <extensions>
        <activity type="IN_VEHICLE" conf="97" state="moving" tsMs="1775142359314"/>
        <radio op="vodafone IT" rat="LTE" q="84.00" rsrp="-76" sinr="16" rsrq="-7"/>
        <radio op="I TIM" rat="LTE" rsrp="-80" rsrq="-10"/>
      </extensions>
    </trkpt>
    <trkpt lat="45.8847928" lon="10.8495773">
      <ele>122.0</ele>
      <time>2026-04-02T17:06:09.047+02:00</time>
      <extensions>
        <activity type="IN_VEHICLE" conf="97" state="moving" tsMs="1775142369951"/>
        <radio op="vodafone IT" rat="LTE" q="60.00" rsrp="-68" sinr="10" rsrq="-7"/>
        <radio op="I TIM" rat="LTE" q="64.00" rsrp="-84" sinr="11" rsrq="-8"/>
      </extensions>
    </trkpt>
    <trkpt lat="45.8851689" lon="10.8485758">
      <ele>122.0</ele>
      <time>2026-04-02T17:06:19.046+02:00</time>
      <extensions>
        <activity type="IN_VEHICLE" conf="97" state="moving" tsMs="1775142375269"/>
        <radio op="vodafone IT" rat="LTE" q="72.00" rsrp="-71" sinr="13" rsrq="-7"/>
        <radio op="I TIM" rat="LTE" q="80.00" rsrp="-74" sinr="15" rsrq="-8"/>
      </extensions>
    </trkpt>
    <trkpt lat="45.8854362" lon="10.8476705">
      <ele>122.0</ele>
      <time>2026-04-02T17:06:29.046+02:00</time>
      <extensions>
        <activity type="IN_VEHICLE" conf="97" state="moving" tsMs="1775142385909"/>
        <radio op="vodafone IT" rat="LTE" q="44.00" rsrp="-78" sinr="6" rsrq="-7"/>
        <radio op="I TIM" rat="LTE" q="92.00" rsrp="-80" sinr="18" rsrq="-7"/>
      </extensions>
    </trkpt>
    <trkpt lat="45.8855281" lon="10.8473117">
      <ele>122.0</ele>
      <time>2026-04-02T17:06:39.046+02:00</time>
      <extensions>
        <activity type="IN_VEHICLE" conf="97" state="moving" tsMs="1775142396563"/>
        <radio op="vodafone IT" rat="LTE" q="52.00" rsrp="-80" sinr="8" rsrq="-9"/>
        <radio op="I TIM" rat="LTE" q="100.00" rsrp="-83" sinr="22" rsrq="-8"/>
      </extensions>
    </trkpt>
    <trkpt lat="45.8857134" lon="10.8466021">
      <ele>124.0</ele>
      <time>2026-04-02T17:06:50.046+02:00</time>
      <extensions>
        <activity type="IN_VEHICLE" conf="97" state="moving" tsMs="1775142407223"/>
        <radio op="vodafone IT" rat="LTE" q="48.00" rsrp="-78" sinr="7" rsrq="-8"/>
        <radio op="I TIM" rat="LTE" q="100.00" rsrp="-81" sinr="22" rsrq="-11"/>
      </extensions>
    </trkpt>
    <trkpt lat="45.8857846" lon="10.8463334">
      <ele>124.0</ele>
      <time>2026-04-02T17:07:00.047+02:00</time>
      <extensions>
        <activity type="IN_VEHICLE" conf="97" state="moving" tsMs="1775142417900"/>
        <radio op="vodafone IT" rat="LTE" rsrp="-81" rsrq="-12"/>
        <radio op="I TIM" rat="LTE" q="95.00" rsrp="-87" sinr="23" rsrq="-12"/>
      </extensions>
    </trkpt>
    <trkpt lat="45.8858311" lon="10.846159">
      <ele>124.0</ele>
      <time>2026-04-02T17:07:10.046+02:00</time>
      <extensions>
        <activity type="IN_VEHICLE" conf="97" state="moving" tsMs="1775142428567"/>
        <radio op="vodafone IT" rat="LTE" rsrp="-77" rsrq="-11"/>
        <radio op="I TIM" rat="LTE" q="84.00" rsrp="-90" sinr="19" rsrq="-12"/>
      </extensions>
    </trkpt>
    <trkpt lat="45.8858486" lon="10.8460841">
      <ele>125.0</ele>
      <time>2026-04-02T17:07:20.046+02:00</time>
      <extensions>
        <activity type="IN_VEHICLE" conf="96" state="moving" tsMs="1775142439199"/>
        <radio op="vodafone IT" rat="LTE" q="80.00" rsrp="-82" sinr="15" rsrq="-8"/>
        <radio op="I TIM" rat="LTE" q="70.00" rsrp="-90" sinr="15" rsrq="-7"/>
      </extensions>
    </trkpt>
    <trkpt lat="45.8858482" lon="10.8460862">
      <ele>124.0</ele>
      <time>2026-04-02T17:07:30.047+02:00</time>
      <extensions>
        <activity type="IN_VEHICLE" conf="96" state="moving" tsMs="1775142449851"/>
        <radio op="vodafone IT" rat="LTE" q="95.00" rsrp="-87" sinr="22" rsrq="-8"/>
        <radio op="I TIM" rat="LTE" q="80.00" rsrp="-93" sinr="22" rsrq="-8"/>
      </extensions>
    </trkpt>
    <trkpt lat="45.8858724" lon="10.8459872">
      <ele>127.0</ele>
      <time>2026-04-02T17:07:40.046+02:00</time>
      <extensions>
        <activity type="IN_VEHICLE" conf="96" state="moving" tsMs="1775142460491"/>
        <radio op="vodafone IT" rat="LTE" q="48.00" rsrp="-84" sinr="7" rsrq="-9"/>
        <radio op="I TIM" rat="LTE" q="85.00" rsrp="-91" sinr="22" rsrq="-8"/>
      </extensions>
    </trkpt>
    <trkpt lat="45.8859426" lon="10.8457196">
      <ele>128.0</ele>
      <time>2026-04-02T17:07:50.046+02:00</time>
      <extensions>
        <activity type="IN_VEHICLE" conf="97" state="moving" tsMs="1775142471117"/>
        <radio op="vodafone IT" rat="LTE" q="88.00" rsrp="-83" sinr="17" rsrq="-6"/>
        <radio op="I TIM" rat="LTE" q="80.00" rsrp="-93" sinr="22" rsrq="-9"/>
      </extensions>
    </trkpt>
    <trkpt lat="45.8860317" lon="10.8455129">
      <ele>127.0</ele>
      <time>2026-04-02T17:08:00.046+02:00</time>
      <extensions>
        <activity type="IN_VEHICLE" conf="97" state="moving" tsMs="1775142476423"/>
        <radio op="vodafone IT" rat="LTE" q="100.00" rsrp="-71" sinr="21" rsrq="-6"/>
        <radio op="I TIM" rat="LTE" q="80.00" rsrp="-93" sinr="23" rsrq="-7"/>
      </extensions>
    </trkpt>
    <trkpt lat="45.8864358" lon="10.84564">
      <ele>126.0</ele>
      <time>2026-04-02T17:08:11.046+02:00</time>
      <extensions>
        <activity type="IN_VEHICLE" conf="97" state="moving" tsMs="1775142487080"/>
        <radio op="vodafone IT" rat="LTE" q="100.00" rsrp="-84" sinr="22" rsrq="-6"/>
        <radio op="I TIM" rat="LTE" q="29.60" rsrp="-88" sinr="3" rsrq="-8"/>
      </extensions>
    </trkpt>
    <trkpt lat="45.8871182" lon="10.8458946">
      <ele>128.0</ele>
      <time>2026-04-02T17:08:21.046+02:00</time>
      <extensions>
        <activity type="IN_VEHICLE" conf="97" state="moving" tsMs="1775142497697"/>
        <radio op="vodafone IT" rat="LTE" q="25.20" rsrp="-97" sinr="4" rsrq="-11"/>
        <radio op="I TIM" rat="LTE" rsrp="-102" rsrq="-15"/>
      </extensions>
    </trkpt>
    <trkpt lat="45.8878627" lon="10.8461402">
      <ele>127.0</ele>
      <time>2026-04-02T17:08:31.046+02:00</time>
      <extensions>
        <activity type="IN_VEHICLE" conf="97" state="moving" tsMs="1775142508341"/>
        <radio op="vodafone IT" rat="LTE" q="38.40" rsrp="-93" sinr="7" rsrq="-9"/>
        <radio op="I TIM" rat="LTE" rsrp="-96" rsrq="-14"/>
      </extensions>
    </trkpt>
    <trkpt lat="45.8886485" lon="10.8460534">
      <ele>130.0</ele>
      <time>2026-04-02T17:08:41.047+02:00</time>
      <extensions>
        <activity type="IN_VEHICLE" conf="96" state="moving" tsMs="1775142519018"/>
        <radio op="vodafone IT" rat="LTE" q="13.30" rsrp="-106" sinr="2" rsrq="-11"/>
        <radio op="I TIM" rat="LTE" q="28.00" rsrp="-84" sinr="2" rsrq="-12"/>
      </extensions>
    </trkpt>
    <trkpt lat="45.8895014" lon="10.8457453">
      <ele>130.0</ele>
      <time>2026-04-02T17:08:51.046+02:00</time>
      <extensions>
        <activity type="IN_VEHICLE" conf="97" state="moving" tsMs="1775142529668"/>
        <radio op="vodafone IT" rat="LTE" rsrp="-105" rsrq="-11"/>
        <radio op="I TIM" rat="LTE" q="40.00" rsrp="-79" sinr="5" rsrq="-12"/>
      </extensions>
    </trkpt>
    <trkpt lat="45.8898932" lon="10.8459427">
      <ele>131.0</ele>
      <time>2026-04-02T17:09:01.046+02:00</time>
      <extensions>
        <activity type="IN_VEHICLE" conf="97" state="moving" tsMs="1775142540310"/>
        <radio op="vodafone IT" rat="LTE" q="26.00" rsrp="-105" sinr="8" rsrq="-12"/>
        <radio op="I TIM" rat="LTE" rsrp="-91" rsrq="-14"/>
      </extensions>
    </trkpt>
    <trkpt lat="45.8896861" lon="10.8465157">
      <ele>129.0</ele>
      <time>2026-04-02T17:09:11.047+02:00</time>
      <extensions>
        <activity type="IN_VEHICLE" conf="97" state="moving" tsMs="1775142550990"/>
        <radio op="vodafone IT" rat="LTE" rsrp="-108" rsrq="-13"/>
        <radio op="I TIM" rat="LTE" rsrp="-97" rsrq="-17"/>
      </extensions>
    </trkpt>
    <trkpt lat="45.8894786" lon="10.8465471">
      <ele>129.0</ele>
      <time>2026-04-02T17:09:21.047+02:00</time>
      <extensions>
        <activity type="IN_VEHICLE" conf="97" state="moving" tsMs="1775142561617"/>
        <radio op="vodafone IT" rat="LTE" rsrp="-108" rsrq="-14"/>
        <radio op="I TIM" rat="LTE" rsrp="-98" rsrq="-17"/>
      </extensions>
    </trkpt>
    <trkpt lat="45.8894721" lon="10.8465446">
      <ele>128.0</ele>
      <time>2026-04-02T17:09:31.046+02:00</time>
      <extensions>
        <activity type="IN_VEHICLE" conf="97" state="moving" tsMs="1775142572290"/>
        <radio op="vodafone IT" rat="LTE" rsrp="-109" rsrq="-14"/>
        <radio op="I TIM" rat="LTE" rsrp="-98" rsrq="-15"/>
      </extensions>
    </trkpt>
    <trkpt lat="45.8895596" lon="10.8465572">
      <ele>127.0</ele>
      <time>2026-04-02T17:09:42.046+02:00</time>
      <extensions>
        <activity type="IN_VEHICLE" conf="98" state="moving" tsMs="1775142577617"/>
        <radio op="vodafone IT" rat="LTE" q="11.90" rsrp="-108" sinr="2" rsrq="-12"/>
        <radio op="I TIM" rat="LTE" rsrp="-97" rsrq="-15"/>
      </extensions>
    </trkpt>
    <trkpt lat="45.8895951" lon="10.8465859">
      <ele>127.0</ele>
      <time>2026-04-02T17:09:52.045+02:00</time>
      <extensions>
        <activity type="IN_VEHICLE" conf="97" state="moving" tsMs="1775142588242"/>
        <radio op="vodafone IT" rat="LTE" q="11.20" rsrp="-109" sinr="2" rsrq="-14"/>
        <radio op="I TIM" rat="LTE" rsrp="-97" rsrq="-16"/>
      </extensions>
    </trkpt>
    <trkpt lat="45.8897031" lon="10.8466437">
      <ele>127.0</ele>
      <time>2026-04-02T17:10:02.045+02:00</time>
      <extensions>
        <activity type="IN_VEHICLE" conf="97" state="moving" tsMs="1775142598913"/>
        <radio op="vodafone IT" rat="LTE" q="15.20" rsrp="-106" sinr="3" rsrq="-10"/>
        <radio op="I TIM" rat="LTE" rsrp="-97" rsrq="-16"/>
      </extensions>
    </trkpt>
    <trkpt lat="45.8899137" lon="10.8457684">
      <ele>128.0</ele>
      <time>2026-04-02T17:10:12.046+02:00</time>
      <extensions>
        <activity type="IN_VEHICLE" conf="97" state="moving" tsMs="1775142609548"/>
        <radio op="vodafone IT" rat="LTE" q="20.00" rsrp="-105" sinr="5" rsrq="-11"/>
        <radio op="I TIM" rat="LTE" q="30.00" rsrp="-95" sinr="5" rsrq="-15"/>
      </extensions>
    </trkpt>
    <trkpt lat="45.8899738" lon="10.8455912">
      <ele>127.0</ele>
      <time>2026-04-02T17:10:22.046+02:00</time>
      <extensions>
        <activity type="IN_VEHICLE" conf="97" state="moving" tsMs="1775142620209"/>
        <radio op="vodafone IT" rat="LTE" q="39.00" rsrp="-99" sinr="10" rsrq="-8"/>
        <radio op="I TIM" rat="LTE" q="19.80" rsrp="-92" sinr="1" rsrq="-14"/>
      </extensions>
    </trkpt>
    <trkpt lat="45.8900966" lon="10.8453402">
      <ele>128.0</ele>
      <time>2026-04-02T17:10:32.045+02:00</time>
      <extensions>
        <activity type="IN_VEHICLE" conf="81" state="moving" tsMs="1775142630870"/>
        <radio op="vodafone IT" rat="LTE" q="43.50" rsrp="-96" sinr="10" rsrq="-9"/>
        <radio op="I TIM" rat="LTE" q="38.00" rsrp="-87" sinr="5" rsrq="-14"/>
      </extensions>
    </trkpt>
    <trkpt lat="45.8902382" lon="10.8450522">
      <ele>128.0</ele>
      <time>2026-04-02T17:10:42.045+02:00</time>
      <extensions>
        <activity type="IN_VEHICLE" conf="97" state="moving" tsMs="1775142641519"/>
        <radio op="vodafone IT" rat="LTE" q="25.30" rsrp="-102" sinr="6" rsrq="-11"/>
        <radio op="I TIM" rat="LTE" q="23.10" rsrp="-92" sinr="2" rsrq="-12"/>
      </extensions>
    </trkpt>
    <trkpt lat="45.8901161" lon="10.844447">
      <ele>132.0</ele>
      <time>2026-04-02T17:10:52.046+02:00</time>
      <extensions>
        <activity type="IN_VEHICLE" conf="97" state="moving" tsMs="1775142652183"/>
        <radio op="vodafone IT" rat="LTE" q="26.00" rsrp="-105" sinr="8" rsrq="-12"/>
        <radio op="I TIM" rat="LTE" q="25.60" rsrp="-93" sinr="3" rsrq="-13"/>
      </extensions>
    </trkpt>
    <trkpt lat="45.8894785" lon="10.8436917">
      <ele>132.0</ele>
      <time>2026-04-02T17:11:02.046+02:00</time>
      <extensions>
        <activity type="IN_VEHICLE" conf="97" state="moving" tsMs="1775142662831"/>
        <radio op="vodafone IT" rat="LTE" q="22.00" rsrp="-105" sinr="6" rsrq="-12"/>
        <radio op="I TIM" rat="LTE" q="30.60" rsrp="-91" sinr="4" rsrq="-13"/>
      </extensions>
    </trkpt>
    <trkpt lat="45.8893158" lon="10.8430135">
      <ele>132.0</ele>
      <time>2026-04-02T17:11:13.045+02:00</time>
      <extensions>
        <activity type="IN_VEHICLE" conf="97" state="moving" tsMs="1775142668181"/>
        <radio op="vodafone IT" rat="LTE" q="20.90" rsrp="-106" sinr="6" rsrq="-11"/>
        <radio op="I TIM" rat="LTE" q="37.40" rsrp="-91" sinr="6" rsrq="-12"/>
      </extensions>
    </trkpt>
    <trkpt lat="45.8890651" lon="10.8425372">
      <ele>131.0</ele>
      <time>2026-04-02T17:11:23.045+02:00</time>
      <extensions>
        <activity type="IN_VEHICLE" conf="97" state="moving" tsMs="1775142678839"/>
        <radio op="vodafone IT" rat="LTE" q="9.50" rsrp="-106" sinr="0" rsrq="-12"/>
        <radio op="I TIM" rat="LTE" q="33.00" rsrp="-95" sinr="6" rsrq="-13"/>
      </extensions>
    </trkpt>
    <trkpt lat="45.8895475" lon="10.8422078">
      <ele>134.0</ele>
      <time>2026-04-02T17:11:33.045+02:00</time>
      <extensions>
        <activity type="IN_VEHICLE" conf="97" state="moving" tsMs="1775142689464"/>
        <radio op="vodafone IT" rat="LTE" q="82.50" rsrp="-92" sinr="21" rsrq="-8"/>
        <radio op="I TIM" rat="LTE" q="41.60" rsrp="-93" sinr="8" rsrq="-13"/>
      </extensions>
    </trkpt>
    <trkpt lat="45.889703" lon="10.8421471">
      <ele>134.0</ele>
      <time>2026-04-02T17:11:43.045+02:00</time>
      <extensions>
        <activity type="IN_VEHICLE" conf="97" state="moving" tsMs="1775142700096"/>
        <radio op="vodafone IT" rat="LTE" q="46.80" rsrp="-99" sinr="13" rsrq="-10"/>
        <radio op="I TIM" rat="LTE" q="51.80" rsrp="-88" sinr="9" rsrq="-13"/>
      </extensions>
    </trkpt>
    <trkpt lat="45.8900392" lon="10.8419281">
      <ele>134.0</ele>
      <time>2026-04-02T17:11:53.045+02:00</time>
      <extensions>
        <activity type="IN_VEHICLE" conf="97" state="moving" tsMs="1775142710715"/>
        <radio op="vodafone IT" rat="LTE" q="52.80" rsrp="-101" sinr="17" rsrq="-8"/>
        <radio op="I TIM" rat="LTE" q="41.60" rsrp="-93" sinr="8" rsrq="-12"/>
      </extensions>
    </trkpt>
    <trkpt lat="45.8902826" lon="10.8418116">
      <ele>135.0</ele>
      <time>2026-04-02T17:12:03.045+02:00</time>
      <extensions>
        <activity type="IN_VEHICLE" conf="97" state="moving" tsMs="1775142721368"/>
        <radio op="vodafone IT" rat="LTE" q="19.00" rsrp="-106" sinr="5" rsrq="-9"/>
        <radio op="I TIM" rat="LTE" q="52.80" rsrp="-92" sinr="11" rsrq="-11"/>
      </extensions>
    </trkpt>
    <trkpt lat="45.890308" lon="10.8419106">
      <ele>136.0</ele>
      <time>2026-04-02T17:12:13.045+02:00</time>
      <extensions>
        <activity type="IN_VEHICLE" conf="97" state="moving" tsMs="1775142732024"/>
        <radio op="vodafone IT" rat="LTE" q="32.00" rsrp="-105" sinr="11" rsrq="-10"/>
        <radio op="I TIM" rat="LTE" q="47.60" rsrp="-91" sinr="9" rsrq="-13"/>
      </extensions>
    </trkpt>
    <trkpt lat="45.8903466" lon="10.8421538">
      <ele>136.0</ele>
      <time>2026-04-02T17:12:23.045+02:00</time>
      <extensions>
        <activity type="IN_VEHICLE" conf="97" state="moving" tsMs="1775142742645"/>
        <radio op="vodafone IT" rat="LTE" q="14.40" rsrp="-109" sinr="4" rsrq="-12"/>
        <radio op="I TIM" rat="LTE" q="30.60" rsrp="-91" sinr="4" rsrq="-13"/>
      </extensions>
    </trkpt>
    <trkpt lat="45.8902876" lon="10.8423829">
      <ele>137.0</ele>
      <time>2026-04-02T17:12:33.045+02:00</time>
      <extensions>
        <activity type="IN_VEHICLE" conf="97" state="moving" tsMs="1775142753305"/>
        <radio op="vodafone IT" rat="LTE" q="14.00" rsrp="-105" sinr="2" rsrq="-11"/>
        <radio op="I TIM" rat="LTE" q="56.00" rsrp="-90" sinr="11" rsrq="-12"/>
      </extensions>
    </trkpt>
    <trkpt lat="45.8902873" lon="10.8423685">
      <ele>137.0</ele>
      <time>2026-04-02T17:12:43.045+02:00</time>
      <extensions>
        <activity type="IN_VEHICLE" conf="97" state="moving" tsMs="1775142763967"/>
        <radio op="vodafone IT" rat="LTE" q="21.00" rsrp="-104" sinr="5" rsrq="-11"/>
        <radio op="I TIM" rat="LTE" q="52.80" rsrp="-92" sinr="11" rsrq="-12"/>
      </extensions>
    </trkpt>
    <trkpt lat="45.8902544" lon="10.8424167">
      <ele>137.0</ele>
      <time>2026-04-02T17:12:54.045+02:00</time>
      <extensions>
        <activity type="IN_VEHICLE" conf="97" state="moving" tsMs="1775142769277"/>
        <radio op="vodafone IT" rat="LTE" q="24.70" rsrp="-106" sinr="8" rsrq="-10"/>
        <radio op="I TIM" rat="LTE" q="42.90" rsrp="-92" sinr="8" rsrq="-13"/>
      </extensions>
    </trkpt>
    <trkpt lat="45.8902413" lon="10.842431">
      <ele>137.0</ele>
      <time>2026-04-02T17:13:04.045+02:00</time>
      <extensions>
        <activity type="IN_VEHICLE" conf="97" state="moving" tsMs="1775142779923"/>
        <radio op="vodafone IT" rat="LTE" q="35.20" rsrp="-103" sinr="11" rsrq="-10"/>
        <radio op="I TIM" rat="LTE" q="45.50" rsrp="-90" sinr="8" rsrq="-11"/>
      </extensions>
    </trkpt>
    <trkpt lat="45.8902429" lon="10.8424321">
      <ele>137.0</ele>
      <time>2026-04-02T17:13:14.045+02:00</time>
      <extensions>
        <activity type="IN_VEHICLE" conf="96" state="moving" tsMs="1775142790560"/>
        <radio op="vodafone IT" rat="LTE" q="39.10" rsrp="-102" sinr="12" rsrq="-11"/>
        <radio op="I TIM" rat="LTE" q="42.00" rsrp="-90" sinr="7" rsrq="-10"/>
      </extensions>
    </trkpt>
    <trkpt lat="45.89024" lon="10.8424358">
      <ele>137.0</ele>
      <time>2026-04-02T17:13:24.046+02:00</time>
      <extensions>
        <activity type="IN_VEHICLE" conf="95" state="moving" tsMs="1775142801227"/>
        <radio op="vodafone IT" rat="LTE" q="33.00" rsrp="-103" sinr="10" rsrq="-10"/>
        <radio op="I TIM" rat="LTE" q="42.00" rsrp="-90" sinr="7" rsrq="-12"/>
      </extensions>
    </trkpt>
    <trkpt lat="45.8902376" lon="10.8424342">
      <ele>137.0</ele>
      <time>2026-04-02T17:13:34.045+02:00</time>
      <extensions>
        <activity type="STILL" conf="97" state="still" tsMs="1775142811890"/>
        <radio op="vodafone IT" rat="LTE" q="30.00" rsrp="-105" sinr="10" rsrq="-11"/>
        <radio op="I TIM" rat="LTE" q="45.50" rsrp="-90" sinr="8" rsrq="-11"/>
      </extensions>
    </trkpt>
    <trkpt lat="45.890216" lon="10.8424408">
      <ele>134.60000610351562</ele>
      <time>2026-04-02T17:13:44.045+02:00</time>
      <extensions>
        <activity type="TILTING" conf="100" state="moving" tsMs="1775142818824"/>
        <radio op="vodafone IT" rat="LTE" q="13.50" rsrp="-110" sinr="4" rsrq="-11"/>
        <radio op="I TIM" rat="LTE" q="49.50" rsrp="-92" sinr="10" rsrq="-13"/>
      </extensions>
    </trkpt>
    <trkpt lat="45.890216" lon="10.8424408">
      <ele>134.60000610351562</ele>
      <time>2026-04-02T17:13:55.045+02:00</time>
      <extensions>
        <activity type="STILL" conf="100" state="still" tsMs="1775142822270"/>
        <radio op="vodafone IT" rat="LTE" q="29.40" rsrp="-104" sinr="9" rsrq="-10"/>
        <radio op="I TIM" rat="LTE" q="44.20" rsrp="-91" sinr="8" rsrq="-13"/>
      </extensions>
    </trkpt>
    <trkpt lat="45.890216" lon="10.8424408">
      <ele>134.60000610351562</ele>
      <time>2026-04-02T17:14:05.045+02:00</time>
      <extensions>
        <activity type="STILL" conf="100" state="still" tsMs="1775142822270"/>
        <radio op="vodafone IT" rat="LTE" q="32.20" rsrp="-102" sinr="9" rsrq="-10"/>
        <radio op="I TIM" rat="LTE" q="42.90" rsrp="-92" sinr="8" rsrq="-13"/>
      </extensions>
    </trkpt>
    <trkpt lat="45.890216" lon="10.8424408">
      <ele>134.60000610351562</ele>
      <time>2026-04-02T17:14:15.045+02:00</time>
      <extensions>
        <activity type="STILL" conf="100" state="still" tsMs="1775142841397"/>
        <radio op="vodafone IT" rat="LTE" q="31.50" rsrp="-104" sinr="10" rsrq="-10"/>
        <radio op="I TIM" rat="LTE" q="47.60" rsrp="-91" sinr="9" rsrq="-11"/>
      </extensions>
    </trkpt>
    <trkpt lat="45.890216" lon="10.8424408">
      <ele>134.60000610351562</ele>
      <time>2026-04-02T17:14:25.045+02:00</time>
      <extensions>
        <activity type="STILL" conf="100" state="still" tsMs="1775142853971"/>
        <radio op="vodafone IT" rat="LTE" q="36.80" rsrp="-102" sinr="11" rsrq="-9"/>
        <radio op="I TIM" rat="LTE" q="57.80" rsrp="-91" sinr="12" rsrq="-12"/>
      </extensions>
    </trkpt>
    <trkpt lat="45.890216" lon="10.8424408">
      <ele>134.60000610351562</ele>
      <time>2026-04-02T17:14:35.045+02:00</time>
      <extensions>
        <activity type="STILL" conf="100" state="still" tsMs="1775142866485"/>
        <radio op="vodafone IT" rat="LTE" q="33.60" rsrp="-104" sinr="11" rsrq="-9"/>
        <radio op="I TIM" rat="LTE" q="39.60" rsrp="-92" sinr="7" rsrq="-13"/>
      </extensions>
    </trkpt>
    <trkpt lat="45.890216" lon="10.8424408">
      <ele>134.60000610351562</ele>
      <time>2026-04-02T17:14:45.045+02:00</time>
      <extensions>
        <activity type="STILL" conf="96" state="still" tsMs="1775142879183"/>
        <radio op="vodafone IT" rat="LTE" q="17.00" rsrp="-108" sinr="5" rsrq="-9"/>
        <radio op="I TIM" rat="LTE" q="44.80" rsrp="-93" sinr="9" rsrq="-9"/>
      </extensions>
    </trkpt>
    <trkpt lat="45.890216" lon="10.8424408">
      <ele>134.60000610351562</ele>
      <time>2026-04-02T17:14:55.045+02:00</time>
      <extensions>
        <activity type="STILL" conf="96" state="still" tsMs="1775142879183"/>
        <radio op="vodafone IT" rat="LTE" q="18.00" rsrp="-110" sinr="7" rsrq="-10"/>
        <radio op="I TIM" rat="LTE" q="42.00" rsrp="-95" sinr="9" rsrq="-13"/>
      </extensions>
    </trkpt>
    <trkpt lat="45.890216" lon="10.8424408">
      <ele>134.60000610351562</ele>
      <time>2026-04-02T17:15:05.045+02:00</time>
      <extensions>
        <activity type="STILL" conf="98" state="still" tsMs="1775142891786"/>
        <radio op="vodafone IT" rat="LTE" q="17.60" rsrp="-109" sinr="6" rsrq="-11"/>
        <radio op="I TIM" rat="LTE" q="45.00" rsrp="-95" sinr="10" rsrq="-11"/>
      </extensions>
    </trkpt>
    <trkpt lat="45.890216" lon="10.8424408">
      <ele>134.60000610351562</ele>
      <time>2026-04-02T17:15:09.046+02:00</time>
      <extensions>
        <activity type="STILL" conf="100" state="still" tsMs="1775142903146"/>
        <radio op="vodafone IT" rat="LTE" q="18.70" rsrp="-108" sinr="6" rsrq="-11"/>
        <radio op="I TIM" rat="LTE" q="44.80" rsrp="-93" sinr="9" rsrq="-13"/>
      </extensions>
    </trkpt>
    <trkpt lat="45.8902989" lon="10.8421403">
      <ele>134.60000610351562</ele>
      <time>2026-04-02T17:16:01.124+02:00</time>
      <extensions>
        <activity type="UNKNOWN" conf="40" state="unknown" tsMs="1775142960223"/>
        <radio op="vodafone IT" rat="LTE" q="12.00" rsrp="-110" sinr="3" rsrq="-12"/>
        <radio op="I TIM" rat="LTE" q="35.10" rsrp="-98" sinr="8" rsrq="-13"/>
      </extensions>
    </trkpt>
    <trkpt lat="45.890306" lon="10.8421186">
      <ele>134.60000610351562</ele>
      <time>2026-04-02T17:16:48.432+02:00</time>
      <extensions>
        <activity type="UNKNOWN" conf="40" state="unknown" tsMs="1775143004952"/>
        <radio op="vodafone IT" rat="LTE" q="17.60" rsrp="-109" sinr="6" rsrq="-12"/>
        <radio op="I TIM" rat="LTE" q="42.00" rsrp="-95" sinr="9" rsrq="-13"/>
      </extensions>
    </trkpt>
    <trkpt lat="45.8902448" lon="10.8421707">
      <ele>134.60000610351562</ele>
      <time>2026-04-02T17:17:21.979+02:00</time>
      <extensions>
        <activity type="STILL" conf="99" state="still" tsMs="1775143041318"/>
        <radio op="vodafone IT" rat="LTE" q="14.40" rsrp="-109" sinr="4" rsrq="-12"/>
        <radio op="I TIM" rat="LTE" q="34.80" rsrp="-96" sinr="7" rsrq="-12"/>
      </extensions>
    </trkpt>
    <trkpt lat="45.8902497" lon="10.842151">
      <ele>134.60000610351562</ele>
      <time>2026-04-02T17:18:10.732+02:00</time>
      <extensions>
        <activity type="STILL" conf="46" state="still" tsMs="1775143089319"/>
        <radio op="vodafone IT" rat="LTE" q="11.20" rsrp="-109" sinr="2" rsrq="-12"/>
        <radio op="I TIM" rat="LTE" q="42.00" rsrp="-95" sinr="9" rsrq="-11"/>
      </extensions>
    </trkpt>
    <trkpt lat="45.8902311" lon="10.8424331">
      <ele>134.60000610351562</ele>
      <time>2026-04-02T17:19:36.046+02:00</time>
      <extensions>
        <activity type="TILTING" conf="100" state="moving" tsMs="1775143162446"/>
        <radio op="vodafone IT" rat="LTE" q="16.50" rsrp="-110" sinr="6" rsrq="-11"/>
        <radio op="I TIM" rat="LTE" q="49.60" rsrp="-94" sinr="11" rsrq="-13"/>
      </extensions>
    </trkpt>
    <trkpt lat="45.8902311" lon="10.8424331">
      <ele>134.60000610351562</ele>
      <time>2026-04-02T17:19:46.046+02:00</time>
      <extensions>
        <activity type="STILL" conf="100" state="still" tsMs="1775143165899"/>
        <radio op="vodafone IT" rat="LTE" q="17.60" rsrp="-109" sinr="6" rsrq="-9"/>
        <radio op="I TIM" rat="LTE" q="54.00" rsrp="-95" sinr="13" rsrq="-13"/>
      </extensions>
    </trkpt>
    <trkpt lat="45.8902311" lon="10.8424331">
      <ele>134.60000610351562</ele>
      <time>2026-04-02T17:19:56.046+02:00</time>
      <extensions>
        <activity type="STILL" conf="63" state="still" tsMs="1775143182991"/>
        <radio op="vodafone IT" rat="LTE" q="14.40" rsrp="-109" sinr="4" rsrq="-11"/>
        <radio op="I TIM" rat="LTE" q="27.00" rsrp="-95" sinr="4" rsrq="-13"/>
      </extensions>
    </trkpt>
    <trkpt lat="45.8902311" lon="10.8424331">
      <ele>134.60000610351562</ele>
      <time>2026-04-02T17:20:06.046+02:00</time>
      <extensions>
        <activity type="STILL" conf="99" state="still" tsMs="1775143200085"/>
        <radio op="vodafone IT" rat="LTE" q="12.80" rsrp="-109" sinr="3" rsrq="-12"/>
        <radio op="I TIM" rat="LTE" q="51.00" rsrp="-95" sinr="12" rsrq="-13"/>
      </extensions>
    </trkpt>
    <trkpt lat="45.8902311" lon="10.8424331">
      <ele>134.60000610351562</ele>
      <time>2026-04-02T17:20:16.047+02:00</time>
      <extensions>
        <activity type="STILL" conf="99" state="still" tsMs="1775143200085"/>
        <radio op="vodafone IT" rat="LTE" q="13.50" rsrp="-110" sinr="4" rsrq="-10"/>
        <radio op="I TIM" rat="LTE" q="45.00" rsrp="-95" sinr="10" rsrq="-12"/>
      </extensions>
    </trkpt>
    <trkpt lat="45.8902311" lon="10.8424331">
      <ele>134.60000610351562</ele>
      <time>2026-04-02T17:20:26.047+02:00</time>
      <extensions>
        <activity type="STILL" conf="54" state="still" tsMs="1775143211476"/>
        <radio op="vodafone IT" rat="LTE" q="15.00" rsrp="-110" sinr="5" rsrq="-11"/>
        <radio op="I TIM" rat="LTE" q="51.00" rsrp="-95" sinr="12" rsrq="-13"/>
      </extensions>
    </trkpt>
    <trkpt lat="45.8902311" lon="10.8424331">
      <ele>134.60000610351562</ele>
      <time>2026-04-02T17:20:36.047+02:00</time>
      <extensions>
        <activity type="STILL" conf="100" state="still" tsMs="1775143228610"/>
        <radio op="vodafone IT" rat="LTE" q="16.00" rsrp="-109" sinr="5" rsrq="-11"/>
        <radio op="I TIM" rat="LTE" q="51.00" rsrp="-95" sinr="12" rsrq="-13"/>
      </extensions>
    </trkpt>
    <trkpt lat="45.8902311" lon="10.8424331">
      <ele>134.60000610351562</ele>
      <time>2026-04-02T17:20:46.046+02:00</time>
      <extensions>
        <activity type="STILL" conf="100" state="still" tsMs="1775143240641"/>
        <radio op="vodafone IT" rat="LTE" q="13.50" rsrp="-110" sinr="4" rsrq="-10"/>
        <radio op="I TIM" rat="LTE" q="48.00" rsrp="-95" sinr="11" rsrq="-13"/>
      </extensions>
    </trkpt>
    <trkpt lat="45.8902311" lon="10.8424331">
      <ele>134.60000610351562</ele>
      <time>2026-04-02T17:20:56.046+02:00</time>
      <extensions>
        <activity type="STILL" conf="100" state="still" tsMs="1775143252074"/>
        <radio op="vodafone IT" rat="LTE" q="15.00" rsrp="-110" sinr="5" rsrq="-11"/>
        <radio op="I TIM" rat="LTE" q="45.00" rsrp="-95" sinr="10" rsrq="-12"/>
      </extensions>
    </trkpt>
    <trkpt lat="45.8902311" lon="10.8424331">
      <ele>134.60000610351562</ele>
      <time>2026-04-02T17:21:07.046+02:00</time>
      <extensions>
        <activity type="STILL" conf="100" state="still" tsMs="1775143265245"/>
        <radio op="vodafone IT" rat="LTE" q="12.60" rsrp="-111" sinr="4" rsrq="-11"/>
        <radio op="I TIM" rat="LTE" q="48.00" rsrp="-95" sinr="11" rsrq="-13"/>
      </extensions>
    </trkpt>
    <trkpt lat="45.8902311" lon="10.8424331">
      <ele>134.60000610351562</ele>
      <time>2026-04-02T17:21:17.046+02:00</time>
      <extensions>
        <activity type="STILL" conf="100" state="still" tsMs="1775143268989"/>
        <radio op="vodafone IT" rat="LTE" q="12.60" rsrp="-111" sinr="4" rsrq="-12"/>
        <radio op="I TIM" rat="LTE" q="42.00" rsrp="-95" sinr="9" rsrq="-12"/>
      </extensions>
    </trkpt>
    <trkpt lat="45.8902311" lon="10.8424331">
      <ele>134.60000610351562</ele>
      <time>2026-04-02T17:21:27.047+02:00</time>
      <extensions>
        <activity type="STILL" conf="99" state="still" tsMs="1775143280377"/>
        <radio op="vodafone IT" rat="LTE" q="14.40" rsrp="-109" sinr="4" rsrq="-12"/>
        <radio op="I TIM" rat="LTE" q="42.00" rsrp="-95" sinr="9" rsrq="-13"/>
      </extensions>
    </trkpt>
    <trkpt lat="45.8902311" lon="10.8424331">
      <ele>134.60000610351562</ele>
      <time>2026-04-02T17:21:37.047+02:00</time>
      <extensions>
        <activity type="STILL" conf="99" state="still" tsMs="1775143280377"/>
        <radio op="vodafone IT" rat="LTE" q="14.40" rsrp="-109" sinr="4" rsrq="-12"/>
        <radio op="I TIM" rat="LTE" q="45.00" rsrp="-95" sinr="10" rsrq="-10"/>
      </extensions>
    </trkpt>
    <trkpt lat="45.8902311" lon="10.8424331">
      <ele>134.60000610351562</ele>
      <time>2026-04-02T17:21:47.046+02:00</time>
      <extensions>
        <activity type="STILL" conf="100" state="still" tsMs="1775143292876"/>
        <radio op="vodafone IT" rat="LTE" q="12.00" rsrp="-110" sinr="3" rsrq="-12"/>
        <radio op="I TIM" rat="LTE" q="51.00" rsrp="-95" sinr="12" rsrq="-12"/>
      </extensions>
    </trkpt>
    <trkpt lat="45.8902311" lon="10.8424331">
      <ele>134.60000610351562</ele>
      <time>2026-04-02T17:21:57.046+02:00</time>
      <extensions>
        <activity type="STILL" conf="100" state="still" tsMs="1775143304255"/>
        <radio op="vodafone IT" rat="LTE" q="12.80" rsrp="-109" sinr="3" rsrq="-10"/>
        <radio op="I TIM" rat="LTE" q="51.00" rsrp="-95" sinr="12" rsrq="-13"/>
      </extensions>
    </trkpt>
    <trkpt lat="45.8902311" lon="10.8424331">
      <ele>134.60000610351562</ele>
      <time>2026-04-02T17:22:07.046+02:00</time>
      <extensions>
        <activity type="STILL" conf="100" state="still" tsMs="1775143315642"/>
        <radio op="vodafone IT" rat="LTE" q="14.40" rsrp="-109" sinr="4" rsrq="-12"/>
        <radio op="I TIM" rat="LTE" q="42.00" rsrp="-95" sinr="9" rsrq="-13"/>
      </extensions>
    </trkpt>
    <trkpt lat="45.8902311" lon="10.8424331">
      <ele>134.60000610351562</ele>
      <time>2026-04-02T17:22:17.046+02:00</time>
      <extensions>
        <activity type="STILL" conf="100" state="still" tsMs="1775143328199"/>
        <radio op="vodafone IT" rat="LTE" q="12.80" rsrp="-109" sinr="3" rsrq="-12"/>
        <radio op="I TIM" rat="LTE" q="42.00" rsrp="-95" sinr="9" rsrq="-13"/>
      </extensions>
    </trkpt>
    <trkpt lat="45.8902311" lon="10.8424331">
      <ele>134.60000610351562</ele>
      <time>2026-04-02T17:22:28.046+02:00</time>
      <extensions>
        <activity type="STILL" conf="99" state="still" tsMs="1775143339591"/>
        <radio op="vodafone IT" rat="LTE" q="14.40" rsrp="-109" sinr="4" rsrq="-12"/>
        <radio op="I TIM" rat="LTE" q="51.00" rsrp="-95" sinr="12" rsrq="-11"/>
      </extensions>
    </trkpt>
    <trkpt lat="45.8901802" lon="10.8423969">
      <ele>134.60000610351562</ele>
      <time>2026-04-02T18:04:18.063+02:00</time>
      <extensions>
        <activity type="UNKNOWN" conf="40" state="unknown" tsMs="1775145841761"/>
        <radio op="vodafone IT" rat="LTE" rsrp="-105" rsrq="-16"/>
        <radio op="I TIM" rat="LTE" q="30.80" rsrp="-97" sinr="6" rsrq="-13"/>
      </extensions>
    </trkpt>
    <trkpt lat="45.8900943" lon="10.8423456">
      <ele>134.60000610351562</ele>
      <time>2026-04-02T18:04:28.063+02:00</time>
      <extensions>
        <activity type="UNKNOWN" conf="40" state="unknown" tsMs="1775145841761"/>
        <radio op="vodafone IT" rat="LTE" q="30.00" rsrp="-100" sinr="7" rsrq="-13"/>
        <radio op="I TIM" rat="LTE" q="32.40" rsrp="-98" sinr="7" rsrq="-12"/>
      </extensions>
    </trkpt>
    <trkpt lat="45.8899809" lon="10.8423274">
      <ele>134.60000610351562</ele>
      <time>2026-04-02T18:04:38.967+02:00</time>
      <extensions>
        <activity type="ON_FOOT" conf="91" state="moving" tsMs="1775145860603"/>
        <radio op="vodafone IT" rat="LTE" q="14.40" rsrp="-101" sinr="1" rsrq="-12"/>
        <radio op="I TIM" rat="LTE" q="26.00" rsrp="-99" sinr="5" rsrq="-14"/>
      </extensions>
    </trkpt>
    <trkpt lat="45.8898938" lon="10.8423195">
      <ele>133.7784737288281</ele>
      <time>2026-04-02T18:04:48.813+02:00</time>
      <extensions>
        <activity type="ON_FOOT" conf="91" state="moving" tsMs="1775145860603"/>
        <radio op="vodafone IT" rat="LTE" q="54.40" rsrp="-93" sinr="12" rsrq="-11"/>
        <radio op="I TIM" rat="LTE" q="40.60" rsrp="-96" sinr="9" rsrq="-13"/>
      </extensions>
    </trkpt>
    <trkpt lat="45.8898561" lon="10.8422287">
      <ele>133.74894642672396</ele>
      <time>2026-04-02T18:04:59.063+02:00</time>
      <extensions>
        <activity type="ON_FOOT" conf="90" state="moving" tsMs="1775145894563"/>
        <radio op="vodafone IT" rat="LTE" rsrp="-110" rsrq="-16"/>
        <radio op="I TIM" rat="LTE" q="28.00" rsrp="-97" sinr="5" rsrq="-13"/>
      </extensions>
    </trkpt>
    <trkpt lat="45.8898363" lon="10.8422421">
      <ele>132.8000030517578</ele>
      <time>2026-04-02T18:05:04.063+02:00</time>
      <extensions>
        <activity type="UNKNOWN" conf="40" state="unknown" tsMs="1775145899673"/>
        <radio op="vodafone IT" rat="LTE" q="22.40" rsrp="-93" sinr="2" rsrq="-14"/>
        <radio op="I TIM" rat="LTE" q="53.20" rsrp="-87" sinr="9" rsrq="-12"/>
      </extensions>
    </trkpt>
    <trkpt lat="45.8896683" lon="10.8422494">
      <ele>135.27395325738925</ele>
      <time>2026-04-02T18:05:19.13+02:00</time>
      <extensions>
        <activity type="ON_FOOT" conf="98" state="moving" tsMs="1775145904627"/>
        <radio op="vodafone IT" rat="LTE" q="35.20" rsrp="-93" sinr="6" rsrq="-12"/>
        <radio op="I TIM" rat="LTE" q="50.40" rsrp="-89" sinr="9" rsrq="-12"/>
      </extensions>
    </trkpt>
    <trkpt lat="45.8895673" lon="10.842259">
      <ele>135.11152610813716</ele>
      <time>2026-04-02T18:05:27.238+02:00</time>
      <extensions>
        <activity type="ON_FOOT" conf="98" state="moving" tsMs="1775145904627"/>
        <radio op="vodafone IT" rat="LTE" q="27.00" rsrp="-98" sinr="5" rsrq="-13"/>
        <radio op="I TIM" rat="LTE" q="34.10" rsrp="-94" sinr="6" rsrq="-13"/>
      </extensions>
    </trkpt>
    <trkpt lat="45.8893435" lon="10.8422681">
      <ele>132.00001525878906</ele>
      <time>2026-04-02T18:06:00.502+02:00</time>
      <extensions>
        <activity type="ON_FOOT" conf="96" state="moving" tsMs="1775145955149"/>
        <radio op="vodafone IT" rat="LTE" rsrp="-98" rsrq="-11"/>
        <radio op="I TIM" rat="LTE" q="21.00" rsrp="-95" sinr="2" rsrq="-13"/>
      </extensions>
    </trkpt>
    <trkpt lat="45.8886619" lon="10.8428262">
      <ele>132.00001525878906</ele>
      <time>2026-04-02T18:06:39.94+02:00</time>
      <extensions>
        <activity type="ON_FOOT" conf="96" state="moving" tsMs="1775145999743"/>
        <radio op="vodafone IT" rat="LTE" q="36.30" rsrp="-92" sinr="6" rsrq="-10"/>
        <radio op="I TIM" rat="LTE" q="14.00" rsrp="-97" sinr="0" rsrq="-14"/>
      </extensions>
    </trkpt>
    <trkpt lat="45.8884316" lon="10.8426807">
      <ele>132.00001525878906</ele>
      <time>2026-04-02T18:07:10.505+02:00</time>
      <extensions>
        <activity type="ON_FOOT" conf="97" state="moving" tsMs="1775146030046"/>
        <radio op="vodafone IT" rat="LTE" q="34.10" rsrp="-94" sinr="6" rsrq="-10"/>
        <radio op="I TIM" rat="LTE" rsrp="-100" rsrq="-16"/>
      </extensions>
    </trkpt>
    <trkpt lat="45.8882157" lon="10.8428148">
      <ele>129.32574184649792</ele>
      <time>2026-04-02T18:07:49.498+02:00</time>
      <extensions>
        <activity type="ON_FOOT" conf="96" state="moving" tsMs="1775146065370"/>
        <radio op="vodafone IT" rat="LTE" q="25.00" rsrp="-100" sinr="5" rsrq="-11"/>
        <radio op="I TIM" rat="LTE" q="22.50" rsrp="-100" sinr="4" rsrq="-14"/>
      </extensions>
    </trkpt>
    <trkpt lat="45.8880807" lon="10.8427016">
      <ele>127.30000305175781</ele>
      <time>2026-04-02T18:08:18.328+02:00</time>
      <extensions>
        <activity type="ON_FOOT" conf="82" state="moving" tsMs="1775146098370"/>
        <radio op="vodafone IT" rat="LTE" q="24.80" rsrp="-94" sinr="3" rsrq="-12"/>
        <radio op="I TIM" rat="LTE" q="21.60" rsrp="-98" sinr="3" rsrq="-14"/>
      </extensions>
    </trkpt>
    <trkpt lat="45.887821" lon="10.8424351">
      <ele>127.30000305175781</ele>
      <time>2026-04-02T18:08:56.026+02:00</time>
      <extensions>
        <activity type="ON_FOOT" conf="97" state="moving" tsMs="1775146130031"/>
        <radio op="vodafone IT" rat="LTE" q="54.00" rsrp="-89" sinr="10" rsrq="-9"/>
        <radio op="I TIM" rat="LTE" q="20.80" rsrp="-99" sinr="3" rsrq="-14"/>
      </extensions>
    </trkpt>
    <trkpt lat="45.887779" lon="10.8417248">
      <ele>127.08733196976286</ele>
      <time>2026-04-02T18:09:42.89+02:00</time>
      <extensions>
        <activity type="ON_FOOT" conf="96" state="moving" tsMs="1775146182346"/>
        <radio op="vodafone IT" rat="LTE" q="31.20" rsrp="-101" sinr="8" rsrq="-12"/>
        <radio op="I TIM" rat="LTE" q="11.50" rsrp="-102" sinr="0" rsrq="-15"/>
      </extensions>
    </trkpt>
    <trkpt lat="45.8867863" lon="10.8422354">
      <ele>125.19999694824219</ele>
      <time>2026-04-02T18:10:38.22+02:00</time>
      <extensions>
        <activity type="ON_FOOT" conf="97" state="moving" tsMs="1775146238039"/>
        <radio op="vodafone IT" rat="LTE" q="27.00" rsrp="-98" sinr="5" rsrq="-9"/>
        <radio op="I TIM" rat="LTE" q="40.50" rsrp="-98" sinr="10" rsrq="-13"/>
      </extensions>
    </trkpt>
    <trkpt lat="45.8863482" lon="10.8421182">
      <ele>124.69999694824219</ele>
      <time>2026-04-02T18:11:18.108+02:00</time>
      <extensions>
        <activity type="ON_FOOT" conf="96" state="moving" tsMs="1775146277434"/>
        <radio op="vodafone IT" rat="LTE" q="83.60" rsrp="-87" sinr="17" rsrq="-7"/>
        <radio op="I TIM" rat="LTE" q="28.60" rsrp="-99" sinr="6" rsrq="-14"/>
      </extensions>
    </trkpt>
    <trkpt lat="45.8860675" lon="10.841877">
      <ele>124.19999694824219</ele>
      <time>2026-04-02T18:11:49.406+02:00</time>
      <extensions>
        <activity type="ON_FOOT" conf="96" state="moving" tsMs="1775146306048"/>
        <radio op="vodafone IT" rat="LTE" q="85.80" rsrp="-86" sinr="17" rsrq="-6"/>
        <radio op="I TIM" rat="LTE" q="15.00" rsrp="-100" sinr="1" rsrq="-14"/>
      </extensions>
    </trkpt>
    <trkpt lat="45.8857134" lon="10.8416435">
      <ele>123.5</ele>
      <time>2026-04-02T18:12:20.659+02:00</time>
      <extensions>
        <activity type="ON_FOOT" conf="97" state="moving" tsMs="1775146337109"/>
        <radio op="vodafone IT" rat="LTE" q="90.00" rsrp="-89" sinr="20" rsrq="-5"/>
        <radio op="I TIM" rat="LTE" q="17.60" rsrp="-103" sinr="3" rsrq="-11"/>
      </extensions>
    </trkpt>
    <trkpt lat="45.8850274" lon="10.8417187">
      <ele>119.69999694824219</ele>
      <time>2026-04-02T18:13:20.894+02:00</time>
      <extensions>
        <activity type="ON_FOOT" conf="96" state="moving" tsMs="1775146397776"/>
        <radio op="vodafone IT" rat="LTE" q="100.00" rsrp="-76" sinr="21" rsrq="-7"/>
        <radio op="I TIM" rat="LTE" rsrp="-86" rsrq="-12"/>
      </extensions>
    </trkpt>
    <trkpt lat="45.8848478" lon="10.8415354">
      <ele>119.0999984741211</ele>
      <time>2026-04-02T18:14:14.25+02:00</time>
      <extensions>
        <activity type="ON_FOOT" conf="96" state="moving" tsMs="1775146444363"/>
        <radio op="vodafone IT" rat="LTE" q="88.00" rsrp="-79" sinr="17" rsrq="-7"/>
        <radio op="I TIM" rat="LTE" q="29.60" rsrp="-88" sinr="3" rsrq="-11"/>
      </extensions>
    </trkpt>
    <trkpt lat="45.8840736" lon="10.8410826">
      <ele>118.0</ele>
      <time>2026-04-02T18:15:01.56+02:00</time>
      <extensions>
        <activity type="ON_FOOT" conf="89" state="moving" tsMs="1775146497041"/>
        <radio op="vodafone IT" rat="LTE" q="100.00" rsrp="-71" sinr="24" rsrq="-8"/>
        <radio op="I TIM" rat="LTE" q="48.00" rsrp="-81" sinr="7" rsrq="-14"/>
      </extensions>
    </trkpt>
    <trkpt lat="45.8840672" lon="10.8411297">
      <ele>118.0</ele>
      <time>2026-04-02T18:15:35.892+02:00</time>
      <extensions>
        <activity type="ON_FOOT" conf="96" state="moving" tsMs="1775146530038"/>
        <radio op="vodafone IT" rat="LTE" q="100.00" rsrp="-82" sinr="20" rsrq="-9"/>
        <radio op="I TIM" rat="LTE" q="24.00" rsrp="-75" sinr="1" rsrq="-12"/>
      </extensions>
    </trkpt>
    <trkpt lat="45.8841102" lon="10.8410543">
      <ele>117.5</ele>
      <time>2026-04-02T18:16:20.869+02:00</time>
      <extensions>
        <activity type="UNKNOWN" conf="40" state="unknown" tsMs="1775146580420"/>
        <radio op="vodafone IT" rat="LTE" q="100.00" rsrp="-81" sinr="22" rsrq="-7"/>
        <radio op="I TIM" rat="LTE" q="32.00" rsrp="-81" sinr="3" rsrq="-11"/>
      </extensions>
    </trkpt>
    <trkpt lat="45.8841026" lon="10.8411096">
      <ele>118.0</ele>
      <time>2026-04-02T18:17:04.092+02:00</time>
      <extensions>
        <activity type="UNKNOWN" conf="40" state="unknown" tsMs="1775146618040"/>
        <radio op="vodafone IT" rat="LTE" q="100.00" rsrp="-78" sinr="21" rsrq="-7"/>
        <radio op="I TIM" rat="LTE" q="28.00" rsrp="-82" sinr="2" rsrq="-13"/>
      </extensions>
    </trkpt>
    <trkpt lat="45.8841995" lon="10.8409827">
      <ele>118.0</ele>
      <time>2026-04-02T18:17:29.067+02:00</time>
      <extensions>
        <activity type="STILL" conf="44" state="still" tsMs="1775146627486"/>
        <radio op="vodafone IT" rat="LTE" q="100.00" rsrp="-83" sinr="22" rsrq="-9"/>
        <radio op="I TIM" rat="LTE" q="48.00" rsrp="-80" sinr="7" rsrq="-9"/>
      </extensions>
    </trkpt>
    <trkpt lat="45.8841969" lon="10.8409783">
      <ele>118.0</ele>
      <time>2026-04-02T18:17:30.067+02:00</time>
      <extensions>
        <activity type="UNKNOWN" conf="40" state="unknown" tsMs="1775146649540"/>
        <radio op="vodafone IT" rat="LTE" q="80.00" rsrp="-82" sinr="15" rsrq="-8"/>
        <radio op="I TIM" rat="LTE" q="44.00" rsrp="-80" sinr="6" rsrq="-12"/>
      </extensions>
    </trkpt>
    <trkpt lat="45.8841065" lon="10.8410857">
      <ele>117.5</ele>
      <time>2026-04-02T18:18:09.945+02:00</time>
      <extensions>
        <activity type="ON_FOOT" conf="93" state="moving" tsMs="1775146686258"/>
        <radio op="vodafone IT" rat="LTE" q="88.00" rsrp="-79" sinr="17" rsrq="-6"/>
        <radio op="I TIM" rat="LTE" q="32.00" rsrp="-74" sinr="3" rsrq="-11"/>
      </extensions>
    </trkpt>
    <trkpt lat="45.8841146" lon="10.8403946">
      <ele>117.0999984741211</ele>
      <time>2026-04-02T18:18:41.217+02:00</time>
      <extensions>
        <activity type="ON_FOOT" conf="97" state="moving" tsMs="1775146717559"/>
        <radio op="vodafone IT" rat="LTE" q="48.00" rsrp="-72" sinr="7" rsrq="-12"/>
        <radio op="I TIM" rat="LTE" rsrp="-65" rsrq="-11"/>
      </extensions>
    </trkpt>
    <trkpt lat="45.8844059" lon="10.8398635">
      <ele>117.0999984741211</ele>
      <time>2026-04-02T18:19:27.245+02:00</time>
      <extensions>
        <activity type="ON_FOOT" conf="89" state="moving" tsMs="1775146760784"/>
        <radio op="vodafone IT" rat="LTE" q="24.00" rsrp="-78" sinr="1" rsrq="-11"/>
        <radio op="I TIM" rat="LTE" q="20.00" rsrp="-76" sinr="0" rsrq="-13"/>
      </extensions>
    </trkpt>
    <trkpt lat="45.8842587" lon="10.8400295">
      <ele>117.4000015258789</ele>
      <time>2026-04-02T18:20:00.029+02:00</time>
      <extensions>
        <activity type="UNKNOWN" conf="40" state="unknown" tsMs="1775146799219"/>
        <radio op="vodafone IT" rat="LTE" q="40.00" rsrp="-75" sinr="5" rsrq="-13"/>
        <radio op="I TIM" rat="LTE" q="20.00" rsrp="-64" sinr="0" rsrq="-12"/>
      </extensions>
    </trkpt>
    <trkpt lat="45.8846991" lon="10.8396875">
      <ele>117.19999694824219</ele>
      <time>2026-04-02T18:20:51.044+02:00</time>
      <extensions>
        <activity type="ON_FOOT" conf="96" state="moving" tsMs="1775146846367"/>
        <radio op="vodafone IT" rat="LTE" q="72.00" rsrp="-73" sinr="13" rsrq="-11"/>
        <radio op="I TIM" rat="LTE" q="88.00" rsrp="-68" sinr="17" rsrq="-14"/>
      </extensions>
    </trkpt>
    <trkpt lat="45.8849097" lon="10.840101">
      <ele>117.5</ele>
      <time>2026-04-02T18:21:24.141+02:00</time>
      <extensions>
        <activity type="ON_FOOT" conf="97" state="moving" tsMs="1775146884077"/>
        <radio op="vodafone IT" rat="LTE" q="80.00" rsrp="-69" sinr="15" rsrq="-9"/>
        <radio op="I TIM" rat="LTE" q="24.00" rsrp="-63" sinr="1" rsrq="-10"/>
      </extensions>
    </trkpt>
    <trkpt lat="45.8847227" lon="10.8406114">
      <ele>118.0</ele>
      <time>2026-04-02T18:22:17.068+02:00</time>
      <extensions>
        <activity type="ON_FOOT" conf="97" state="moving" tsMs="1775146932048"/>
        <radio op="vodafone IT" rat="LTE" q="18.50" rsrp="-88" sinr="0" rsrq="-13"/>
        <radio op="I TIM" rat="LTE" q="56.00" rsrp="-80" sinr="9" rsrq="-10"/>
      </extensions>
    </trkpt>
    <trkpt lat="45.885297" lon="10.8406804">
      <ele>120.5999984741211</ele>
      <time>2026-04-02T18:23:08.405+02:00</time>
      <extensions>
        <activity type="ON_FOOT" conf="96" state="moving" tsMs="1775146988059"/>
        <radio op="vodafone IT" rat="LTE" q="76.00" rsrp="-83" sinr="14" rsrq="-10"/>
        <radio op="I TIM" rat="LTE" rsrp="-92" rsrq="-12"/>
      </extensions>
    </trkpt>
    <trkpt lat="45.8855248" lon="10.8407364">
      <ele>122.30000305175781</ele>
      <time>2026-04-02T18:23:54.355+02:00</time>
      <extensions>
        <activity type="ON_FOOT" conf="96" state="moving" tsMs="1775147031428"/>
        <radio op="vodafone IT" rat="LTE" q="88.00" rsrp="-82" sinr="17" rsrq="-8"/>
        <radio op="I TIM" rat="LTE" q="26.00" rsrp="-99" sinr="5" rsrq="-14"/>
      </extensions>
    </trkpt>
    <trkpt lat="45.885793" lon="10.8408263">
      <ele>123.80000305175781</ele>
      <time>2026-04-02T18:24:25.628+02:00</time>
      <extensions>
        <activity type="ON_FOOT" conf="97" state="moving" tsMs="1775147060959"/>
        <radio op="vodafone IT" rat="LTE" q="62.70" rsrp="-92" sinr="14" rsrq="-9"/>
        <radio op="I TIM" rat="LTE" q="12.60" rsrp="-107" sinr="2" rsrq="-14"/>
      </extensions>
    </trkpt>
    <trkpt lat="45.8862295" lon="10.8408541">
      <ele>125.19999694824219</ele>
      <time>2026-04-02T18:25:11.628+02:00</time>
      <extensions>
        <activity type="ON_FOOT" conf="96" state="moving" tsMs="1775147111031"/>
        <radio op="vodafone IT" rat="LTE" q="24.00" rsrp="-101" sinr="5" rsrq="-8"/>
        <radio op="I TIM" rat="LTE" rsrp="-110" rsrq="-14"/>
      </extensions>
    </trkpt>
    <trkpt lat="45.8865384" lon="10.8408664">
      <ele>125.5</ele>
      <time>2026-04-02T18:25:47.699+02:00</time>
      <extensions>
        <activity type="ON_FOOT" conf="81" state="moving" tsMs="1775147143306"/>
        <radio op="vodafone IT" rat="LTE" q="25.30" rsrp="-102" sinr="6" rsrq="-10"/>
        <radio op="I TIM" rat="LTE" rsrp="-108" rsrq="-12"/>
      </extensions>
    </trkpt>
    <trkpt lat="45.886598" lon="10.841083">
      <ele>125.4000015258789</ele>
      <time>2026-04-02T18:26:32.282+02:00</time>
      <extensions>
        <activity type="ON_FOOT" conf="97" state="moving" tsMs="1775147192060"/>
        <radio op="vodafone IT" rat="LTE" q="80.50" rsrp="-90" sinr="18" rsrq="-6"/>
        <radio op="I TIM" rat="LTE" rsrp="-105" rsrq="-19"/>
      </extensions>
    </trkpt>
    <trkpt lat="45.8865422" lon="10.8416589">
      <ele>125.0</ele>
      <time>2026-04-02T18:27:07.874+02:00</time>
      <extensions>
        <activity type="ON_FOOT" conf="97" state="moving" tsMs="1775147227046"/>
        <radio op="vodafone IT" rat="LTE" q="95.00" rsrp="-87" sinr="23" rsrq="-9"/>
        <radio op="I TIM" rat="LTE" rsrp="-104" rsrq="-19"/>
      </extensions>
    </trkpt>
    <trkpt lat="45.8863745" lon="10.8425965">
      <ele>123.80000305175781</ele>
      <time>2026-04-02T18:28:16.227+02:00</time>
      <extensions>
        <activity type="ON_FOOT" conf="96" state="moving" tsMs="1775147292769"/>
        <radio op="vodafone IT" rat="LTE" q="100.00" rsrp="-73" sinr="25" rsrq="-9"/>
        <radio op="I TIM" rat="LTE" q="33.00" rsrp="-92" sinr="5" rsrq="-10"/>
      </extensions>
    </trkpt>
    <trkpt lat="45.886205" lon="10.8433922">
      <ele>122.69999694824219</ele>
      <time>2026-04-02T18:29:14.482+02:00</time>
      <extensions>
        <activity type="ON_FOOT" conf="96" state="moving" tsMs="1775147352492"/>
        <radio op="vodafone IT" rat="LTE" q="100.00" rsrp="-74" sinr="25" rsrq="-8"/>
        <radio op="I TIM" rat="LTE" rsrp="-97" rsrq="-13"/>
      </extensions>
    </trkpt>
    <trkpt lat="45.8856514" lon="10.8438466">
      <ele>119.69999694824219</ele>
      <time>2026-04-02T18:30:06.856+02:00</time>
      <extensions>
        <activity type="ON_FOOT" conf="96" state="moving" tsMs="1775147405045"/>
        <radio op="vodafone IT" rat="LTE" q="100.00" rsrp="-74" sinr="29" rsrq="-7"/>
        <radio op="I TIM" rat="LTE" rsrp="-97" rsrq="-11"/>
      </extensions>
    </trkpt>
    <trkpt lat="45.8853" lon="10.8436889">
      <ele>117.46576704830667</ele>
      <time>2026-04-02T18:30:40.072+02:00</time>
      <extensions>
        <activity type="ON_FOOT" conf="96" state="moving" tsMs="1775147434729"/>
        <radio op="vodafone IT" rat="LTE" q="85.10" rsrp="-88" sinr="18" rsrq="-9"/>
        <radio op="I TIM" rat="LTE" q="13.80" rsrp="-102" sinr="1" rsrq="-14"/>
      </extensions>
    </trkpt>
    <trkpt lat="45.8850103" lon="10.8443495">
      <ele>116.61112176996545</ele>
      <time>2026-04-02T18:31:16.888+02:00</time>
      <extensions>
        <activity type="ON_FOOT" conf="96" state="moving" tsMs="1775147475074"/>
        <radio op="vodafone IT" rat="LTE" q="91.20" rsrp="-87" sinr="19" rsrq="-10"/>
        <radio op="I TIM" rat="LTE" q="18.90" rsrp="-98" sinr="2" rsrq="-12"/>
      </extensions>
    </trkpt>
    <trkpt lat="45.8850061" lon="10.8429842">
      <ele>116.60059711121392</ele>
      <time>2026-04-02T18:31:57.051+02:00</time>
      <extensions>
        <activity type="ON_FOOT" conf="97" state="moving" tsMs="1775147512057"/>
        <radio op="vodafone IT" rat="LTE" q="65.10" rsrp="-94" sinr="16" rsrq="-7"/>
        <radio op="I TIM" rat="LTE" q="19.00" rsrp="-87" sinr="0" rsrq="-11"/>
      </extensions>
    </trkpt>
    <trkpt lat="45.8850605" lon="10.8417742">
      <ele>116.70373932236629</ele>
      <time>2026-04-02T18:32:58.107+02:00</time>
      <extensions>
        <activity type="ON_FOOT" conf="97" state="moving" tsMs="1775147573408"/>
        <radio op="vodafone IT" rat="LTE" q="64.00" rsrp="-78" sinr="11" rsrq="-11"/>
        <radio op="I TIM" rat="LTE" q="59.20" rsrp="-88" sinr="11" rsrq="-9"/>
      </extensions>
    </trkpt>
    <trkpt lat="45.8845499" lon="10.8412324">
      <ele>118.0</ele>
      <time>2026-04-02T18:33:53.325+02:00</time>
      <extensions>
        <activity type="ON_FOOT" conf="96" state="moving" tsMs="1775147629385"/>
        <radio op="vodafone IT" rat="LTE" q="68.00" rsrp="-80" sinr="12" rsrq="-8"/>
        <radio op="I TIM" rat="LTE" rsrp="-88" rsrq="-13"/>
      </extensions>
    </trkpt>
    <trkpt lat="45.884416" lon="10.8411689">
      <ele>115.94230530447615</ele>
      <time>2026-04-02T18:34:37.198+02:00</time>
      <extensions>
        <activity type="ON_FOOT" conf="96" state="moving" tsMs="1775147672779"/>
        <radio op="vodafone IT" rat="LTE" q="56.00" rsrp="-79" sinr="9" rsrq="-10"/>
        <radio op="I TIM" rat="LTE" q="60.00" rsrp="-78" sinr="10" rsrq="-10"/>
      </extensions>
    </trkpt>
    <trkpt lat="45.8841531" lon="10.8410867">
      <ele>116.23019496746093</ele>
      <time>2026-04-02T18:35:07.537+02:00</time>
      <extensions>
        <activity type="UNKNOWN" conf="40" state="unknown" tsMs="1775147705853"/>
        <radio op="vodafone IT" rat="LTE" q="88.00" rsrp="-72" sinr="17" rsrq="-7"/>
        <radio op="I TIM" rat="LTE" q="40.00" rsrp="-79" sinr="5" rsrq="-10"/>
      </extensions>
    </trkpt>
    <trkpt lat="45.8841514" lon="10.8411676">
      <ele>116.22598533913597</ele>
      <time>2026-04-02T18:35:38.799+02:00</time>
      <extensions>
        <activity type="UNKNOWN" conf="40" state="unknown" tsMs="1775147733285"/>
        <radio op="vodafone IT" rat="LTE" q="80.00" rsrp="-73" sinr="15" rsrq="-8"/>
        <radio op="I TIM" rat="LTE" q="24.00" rsrp="-83" sinr="1" rsrq="-11"/>
      </extensions>
    </trkpt>
    <trkpt lat="45.8837514" lon="10.843906">
      <ele>116.1902035815803</ele>
      <time>2026-04-02T18:36:26.092+02:00</time>
      <extensions>
        <activity type="ON_FOOT" conf="97" state="moving" tsMs="1775147782067"/>
        <radio op="vodafone IT" rat="LTE" q="79.80" rsrp="-87" sinr="16" rsrq="-8"/>
        <radio op="I TIM" rat="LTE" q="44.00" rsrp="-77" sinr="6" rsrq="-8"/>
      </extensions>
    </trkpt>
    <trkpt lat="45.8842447" lon="10.841147">
      <ele>118.0</ele>
      <time>2026-04-02T18:37:17.099+02:00</time>
      <extensions>
        <activity type="ON_FOOT" conf="85" state="moving" tsMs="1775147831454"/>
        <radio op="vodafone IT" rat="LTE" q="28.00" rsrp="-76" sinr="2" rsrq="-12"/>
        <radio op="I TIM" rat="LTE" q="28.00" rsrp="-70" sinr="2" rsrq="-13"/>
      </extensions>
    </trkpt>
    <trkpt lat="45.8840981" lon="10.84119">
      <ele>116.0886473453096</ele>
      <time>2026-04-02T18:38:04.065+02:00</time>
      <extensions>
        <activity type="UNKNOWN" conf="40" state="unknown" tsMs="1775147878066"/>
        <radio op="vodafone IT" rat="LTE" rsrp="-78" rsrq="-13"/>
        <radio op="I TIM" rat="LTE" q="64.00" rsrp="-73" sinr="11" rsrq="-10"/>
      </extensions>
    </trkpt>
    <trkpt lat="45.8846164" lon="10.8409969">
      <ele>116.3322657146854</ele>
      <time>2026-04-02T18:38:38.085+02:00</time>
      <extensions>
        <activity type="ON_FOOT" conf="96" state="moving" tsMs="1775147912028"/>
        <radio op="vodafone IT" rat="LTE" q="68.00" rsrp="-76" sinr="12" rsrq="-8"/>
        <radio op="I TIM" rat="LTE" q="36.00" rsrp="-83" sinr="4" rsrq="-7"/>
      </extensions>
    </trkpt>
    <trkpt lat="45.8847945" lon="10.8418548">
      <ele>118.0</ele>
      <time>2026-04-02T18:39:09.399+02:00</time>
      <extensions>
        <activity type="ON_FOOT" conf="90" state="moving" tsMs="1775147946115"/>
        <radio op="vodafone IT" rat="LTE" q="72.00" rsrp="-68" sinr="13" rsrq="-6"/>
        <radio op="I TIM" rat="LTE" q="48.00" rsrp="-76" sinr="7" rsrq="-9"/>
      </extensions>
    </trkpt>
    <trkpt lat="45.8845971" lon="10.8416508">
      <ele>115.99869403346594</ele>
      <time>2026-04-02T18:40:00.392+02:00</time>
      <extensions>
        <activity type="ON_FOOT" conf="96" state="moving" tsMs="1775148000118"/>
        <radio op="vodafone IT" rat="LTE" q="52.00" rsrp="-78" sinr="8" rsrq="-9"/>
        <radio op="I TIM" rat="LTE" q="22.20" rsrp="-88" sinr="1" rsrq="-11"/>
      </extensions>
    </trkpt>
    <trkpt lat="45.8849687" lon="10.8424561">
      <ele>115.83242460026378</ele>
      <time>2026-04-02T18:40:30.914+02:00</time>
      <extensions>
        <activity type="ON_FOOT" conf="97" state="moving" tsMs="1775148027065"/>
        <radio op="vodafone IT" rat="LTE" q="48.00" rsrp="-83" sinr="7" rsrq="-11"/>
        <radio op="I TIM" rat="LTE" q="37.00" rsrp="-88" sinr="5" rsrq="-10"/>
      </extensions>
    </trkpt>
    <trkpt lat="45.884852" lon="10.8432622">
      <ele>115.74192486739705</ele>
      <time>2026-04-02T18:41:14.242+02:00</time>
      <extensions>
        <activity type="ON_FOOT" conf="97" state="moving" tsMs="1775148070416"/>
        <radio op="vodafone IT" rat="LTE" q="49.40" rsrp="-87" sinr="8" rsrq="-8"/>
        <radio op="I TIM" rat="LTE" q="28.80" rsrp="-93" sinr="4" rsrq="-13"/>
      </extensions>
    </trkpt>
    <trkpt lat="45.8844923" lon="10.8437694">
      <ele>115.83327957098791</ele>
      <time>2026-04-02T18:42:05.159+02:00</time>
      <extensions>
        <activity type="ON_FOOT" conf="96" state="moving" tsMs="1775148124621"/>
        <radio op="vodafone IT" rat="LTE" q="52.00" rsrp="-83" sinr="8" rsrq="-8"/>
        <radio op="I TIM" rat="LTE" q="25.20" rsrp="-89" sinr="2" rsrq="-11"/>
      </extensions>
    </trkpt>
    <trkpt lat="45.8839424" lon="10.8440452">
      <ele>115.96940916759249</ele>
      <time>2026-04-02T18:42:55.076+02:00</time>
      <extensions>
        <activity type="ON_FOOT" conf="97" state="moving" tsMs="1775148174533"/>
        <radio op="vodafone IT" rat="LTE" q="60.00" rsrp="-79" sinr="10" rsrq="-7"/>
        <radio op="I TIM" rat="LTE" q="36.00" rsrp="-83" sinr="4" rsrq="-12"/>
      </extensions>
    </trkpt>
    <trkpt lat="45.8836014" lon="10.8444206">
      <ele>118.0999984741211</ele>
      <time>2026-04-02T18:43:50.912+02:00</time>
      <extensions>
        <activity type="ON_FOOT" conf="96" state="moving" tsMs="1775148230772"/>
        <radio op="vodafone IT" rat="LTE" q="88.00" rsrp="-74" sinr="17" rsrq="-6"/>
        <radio op="I TIM" rat="LTE" q="51.80" rsrp="-88" sinr="9" rsrq="-11"/>
      </extensions>
    </trkpt>
    <trkpt lat="45.883622" lon="10.8443264">
      <ele>118.0999984741211</ele>
      <time>2026-04-02T18:44:22.19+02:00</time>
      <extensions>
        <activity type="ON_FOOT" conf="96" state="moving" tsMs="1775148258843"/>
        <radio op="vodafone IT" rat="LTE" q="68.00" rsrp="-80" sinr="12" rsrq="-7"/>
        <radio op="I TIM" rat="LTE" q="31.20" rsrp="-86" sinr="3" rsrq="-9"/>
      </extensions>
    </trkpt>
    <trkpt lat="45.882616" lon="10.8456059">
      <ele>117.5</ele>
      <time>2026-04-02T18:45:07.155+02:00</time>
      <extensions>
        <activity type="ON_FOOT" conf="96" state="moving" tsMs="1775148307081"/>
        <radio op="vodafone IT" rat="LTE" q="24.50" rsrp="-90" sinr="2" rsrq="-12"/>
        <radio op="I TIM" rat="LTE" q="74.10" rsrp="-86" sinr="14" rsrq="-11"/>
      </extensions>
    </trkpt>
    <trkpt lat="45.8827233" lon="10.8456468">
      <ele>117.4000015258789</ele>
      <time>2026-04-02T18:45:46.753+02:00</time>
      <extensions>
        <activity type="ON_FOOT" conf="94" state="moving" tsMs="1775148341822"/>
        <radio op="vodafone IT" rat="LTE" q="17.00" rsrp="-91" sinr="0" rsrq="-13"/>
        <radio op="I TIM" rat="LTE" q="45.50" rsrp="-90" sinr="8" rsrq="-12"/>
      </extensions>
    </trkpt>
    <trkpt lat="45.882757" lon="10.8456691">
      <ele>117.4000015258789</ele>
      <time>2026-04-02T18:46:29.304+02:00</time>
      <extensions>
        <activity type="UNKNOWN" conf="40" state="unknown" tsMs="1775148386840"/>
        <radio op="vodafone IT" rat="LTE" q="60.00" rsrp="-83" sinr="10" rsrq="-7"/>
        <radio op="I TIM" rat="LTE" q="48.00" rsrp="-85" sinr="7" rsrq="-8"/>
      </extensions>
    </trkpt>
    <trkpt lat="45.8830536" lon="10.8454283">
      <ele>117.4000015258789</ele>
      <time>2026-04-02T18:46:40.089+02:00</time>
      <extensions>
        <activity type="UNKNOWN" conf="40" state="unknown" tsMs="1775148386840"/>
        <radio op="vodafone IT" rat="LTE" q="64.00" rsrp="-78" sinr="11" rsrq="-11"/>
        <radio op="I TIM" rat="LTE" q="68.00" rsrp="-80" sinr="12" rsrq="-8"/>
      </extensions>
    </trkpt>
    <trkpt lat="45.8830131" lon="10.8455536">
      <ele>117.4000015258789</ele>
      <time>2026-04-02T18:46:50.084+02:00</time>
      <extensions>
        <activity type="ON_FOOT" conf="98" state="moving" tsMs="1775148392638"/>
        <radio op="vodafone IT" rat="LTE" q="48.00" rsrp="-80" sinr="7" rsrq="-9"/>
        <radio op="I TIM" rat="LTE" q="68.00" rsrp="-81" sinr="12" rsrq="-7"/>
      </extensions>
    </trkpt>
    <trkpt lat="45.8829908" lon="10.8455803">
      <ele>117.4000015258789</ele>
      <time>2026-04-02T18:46:53.087+02:00</time>
      <extensions>
        <activity type="ON_FOOT" conf="98" state="moving" tsMs="1775148392638"/>
        <radio op="vodafone IT" rat="LTE" q="54.60" rsrp="-86" sinr="9" rsrq="-11"/>
        <radio op="I TIM" rat="LTE" q="68.00" rsrp="-85" sinr="12" rsrq="-9"/>
      </extensions>
    </trkpt>
    <trkpt lat="45.8827013" lon="10.8457674">
      <ele>117.4000015258789</ele>
      <time>2026-04-02T18:47:26.944+02:00</time>
      <extensions>
        <activity type="UNKNOWN" conf="40" state="unknown" tsMs="1775148446219"/>
        <radio op="vodafone IT" rat="LTE" q="20.00" rsrp="-85" sinr="0" rsrq="-9"/>
        <radio op="I TIM" rat="LTE" q="52.00" rsrp="-85" sinr="8" rsrq="-10"/>
      </extensions>
    </trkpt>
    <trkpt lat="45.8824621" lon="10.8456165">
      <ele>115.70505526419626</ele>
      <time>2026-04-02T18:48:14.289+02:00</time>
      <extensions>
        <activity type="ON_FOOT" conf="85" state="moving" tsMs="1775148489089"/>
        <radio op="vodafone IT" rat="LTE" q="56.10" rsrp="-92" sinr="12" rsrq="-10"/>
        <radio op="I TIM" rat="LTE" q="70.00" rsrp="-90" sinr="15" rsrq="-11"/>
      </extensions>
    </trkpt>
    <trkpt lat="45.8825241" lon="10.8455966">
      <ele>117.5</ele>
      <time>2026-04-02T18:48:53.782+02:00</time>
      <extensions>
        <activity type="ON_FOOT" conf="88" state="moving" tsMs="1775148532720"/>
        <radio op="vodafone IT" rat="LTE" rsrp="-90" rsrq="-9"/>
        <radio op="I TIM" rat="LTE" q="62.70" rsrp="-92" sinr="14" rsrq="-8"/>
      </extensions>
    </trkpt>
    <trkpt lat="45.8824567" lon="10.8456902">
      <ele>117.5</ele>
      <time>2026-04-02T18:49:25.482+02:00</time>
      <extensions>
        <activity type="UNKNOWN" conf="40" state="unknown" tsMs="1775148560079"/>
        <radio op="vodafone IT" rat="LTE" rsrp="-93" rsrq="-12"/>
        <radio op="I TIM" rat="LTE" q="43.50" rsrp="-96" sinr="10" rsrq="-11"/>
      </extensions>
    </trkpt>
    <trkpt lat="45.881653" lon="10.8466679">
      <ele>116.9000015258789</ele>
      <time>2026-04-02T18:50:31.076+02:00</time>
      <extensions>
        <activity type="IN_VEHICLE" conf="75" state="moving" tsMs="1775148649765"/>
        <radio op="vodafone IT" rat="LTE" q="14.70" rsrp="-104" sinr="2" rsrq="-12"/>
        <radio op="I TIM" rat="LTE" q="18.00" rsrp="-105" sinr="4" rsrq="-10"/>
      </extensions>
    </trkpt>
    <trkpt lat="45.8825825" lon="10.8468031">
      <ele>116.9000015258789</ele>
      <time>2026-04-02T18:51:10.04+02:00</time>
      <extensions>
        <activity type="STILL" conf="99" state="still" tsMs="1775148665961"/>
        <radio op="vodafone IT" rat="LTE" q="24.20" rsrp="-103" sinr="6" rsrq="-9"/>
        <radio op="I TIM" rat="LTE" q="13.30" rsrp="-106" sinr="2" rsrq="-12"/>
      </extensions>
    </trkpt>
    <trkpt lat="45.8825825" lon="10.8468031">
      <ele>116.9000015258789</ele>
      <time>2026-04-02T18:52:12.991+02:00</time>
      <extensions>
        <activity type="STILL" conf="99" state="still" tsMs="1775148749347"/>
        <radio op="vodafone IT" rat="LTE" q="17.60" rsrp="-103" sinr="3" rsrq="-12"/>
        <radio op="I TIM" rat="LTE" q="20.00" rsrp="-105" sinr="5" rsrq="-14"/>
      </extensions>
    </trkpt>
    <trkpt lat="45.8825825" lon="10.8468031">
      <ele>116.9000015258789</ele>
      <time>2026-04-02T18:52:44.231+02:00</time>
      <extensions>
        <activity type="STILL" conf="99" state="still" tsMs="1775148760101"/>
        <radio op="vodafone IT" rat="LTE" q="22.00" rsrp="-103" sinr="5" rsrq="-11"/>
        <radio op="I TIM" rat="LTE" q="22.00" rsrp="-105" sinr="6" rsrq="-11"/>
      </extensions>
    </trkpt>
    <trkpt lat="45.8814549" lon="10.8484257">
      <ele>116.9000015258789</ele>
      <time>2026-04-02T18:53:06.333+02:00</time>
      <extensions>
        <activity type="STILL" conf="52" state="still" tsMs="1775148785869"/>
        <radio op="vodafone IT" rat="LTE" rsrp="-94" rsrq="-15"/>
        <radio op="I TIM" rat="LTE" q="34.80" rsrp="-96" sinr="7" rsrq="-8"/>
      </extensions>
    </trkpt>
    <trkpt lat="45.8816414" lon="10.8466868">
      <ele>116.9000015258789</ele>
      <time>2026-04-02T18:53:17.076+02:00</time>
      <extensions>
        <activity type="STILL" conf="52" state="still" tsMs="1775148785869"/>
        <radio op="vodafone IT" rat="LTE" rsrp="-96" rsrq="-14"/>
        <radio op="I TIM" rat="LTE" q="22.40" rsrp="-97" sinr="3" rsrq="-9"/>
      </extensions>
    </trkpt>
    <trkpt lat="45.8816414" lon="10.8466868">
      <ele>116.9000015258789</ele>
      <time>2026-04-02T18:53:17.144+02:00</time>
      <extensions>
        <activity type="UNKNOWN" conf="40" state="unknown" tsMs="1775148805832"/>
        <radio op="vodafone IT" rat="LTE" rsrp="-95" rsrq="-14"/>
        <radio op="I TIM" rat="LTE" q="25.00" rsrp="-100" sinr="5" rsrq="-9"/>
      </extensions>
    </trkpt>
    <trkpt lat="45.8813957" lon="10.848541">
      <ele>116.9000015258789</ele>
      <time>2026-04-02T18:53:49.017+02:00</time>
      <extensions>
        <activity type="STILL" conf="51" state="still" tsMs="1775148827180"/>
        <radio op="vodafone IT" rat="LTE" rsrp="-94" rsrq="-9"/>
        <radio op="I TIM" rat="LTE" q="36.40" rsrp="-99" sinr="9" rsrq="-10"/>
      </extensions>
    </trkpt>
    <trkpt lat="45.8813099" lon="10.8494778">
      <ele>116.9000015258789</ele>
      <time>2026-04-02T18:54:20.284+02:00</time>
      <extensions>
        <activity type="STILL" conf="99" state="still" tsMs="1775148857070"/>
        <radio op="vodafone IT" rat="LTE" q="15.50" rsrp="-94" sinr="0" rsrq="-9"/>
        <radio op="I TIM" rat="LTE" q="28.60" rsrp="-99" sinr="6" rsrq="-10"/>
      </extensions>
    </trkpt>
    <trkpt lat="45.8816631" lon="10.846671">
      <ele>116.9000015258789</ele>
      <time>2026-04-02T18:55:09.076+02:00</time>
      <extensions>
        <activity type="STILL" conf="99" state="still" tsMs="1775148919077"/>
        <radio op="vodafone IT" rat="LTE" q="15.50" rsrp="-94" sinr="0" rsrq="-10"/>
        <radio op="I TIM" rat="LTE" q="27.00" rsrp="-98" sinr="5" rsrq="-9"/>
      </extensions>
    </trkpt>
    <trkpt lat="45.8816551" lon="10.8466481">
      <ele>116.9000015258789</ele>
      <time>2026-04-02T18:55:49.076+02:00</time>
      <extensions>
        <activity type="STILL" conf="99" state="still" tsMs="1775148960327"/>
        <radio op="vodafone IT" rat="LTE" q="13.50" rsrp="-98" sinr="0" rsrq="-11"/>
        <radio op="I TIM" rat="LTE" q="31.20" rsrp="-99" sinr="7" rsrq="-9"/>
      </extensions>
    </trkpt>
    <trkpt lat="45.8816699" lon="10.8466297">
      <ele>117.5</ele>
      <time>2026-04-02T18:56:25.982+02:00</time>
      <extensions>
        <activity type="STILL" conf="96" state="still" tsMs="1775148981767"/>
        <radio op="vodafone IT" rat="LTE" q="19.60" rsrp="-97" sinr="2" rsrq="-10"/>
        <radio op="I TIM" rat="LTE" q="31.20" rsrp="-101" sinr="8" rsrq="-10"/>
      </extensions>
    </trkpt>
    <trkpt lat="45.8816504" lon="10.8466555">
      <ele>117.5</ele>
      <time>2026-04-02T18:56:30.077+02:00</time>
      <extensions>
        <activity type="STILL" conf="96" state="still" tsMs="1775148981767"/>
        <radio op="vodafone IT" rat="LTE" rsrp="-96" rsrq="-9"/>
        <radio op="I TIM" rat="LTE" q="22.50" rsrp="-100" sinr="4" rsrq="-10"/>
      </extensions>
    </trkpt>
    <trkpt lat="45.8816397" lon="10.8466561">
      <ele>117.5</ele>
      <time>2026-04-02T18:56:58.076+02:00</time>
      <extensions>
        <activity type="STILL" conf="99" state="still" tsMs="1775149029436"/>
        <radio op="vodafone IT" rat="LTE" rsrp="-94" rsrq="-10"/>
        <radio op="I TIM" rat="LTE" q="23.40" rsrp="-99" sinr="4" rsrq="-11"/>
      </extensions>
    </trkpt>
    <trkpt lat="45.881642" lon="10.8467327">
      <ele>116.9000015258789</ele>
      <time>2026-04-02T18:57:24.077+02:00</time>
      <extensions>
        <activity type="STILL" conf="53" state="still" tsMs="1775149044552"/>
        <radio op="vodafone IT" rat="LTE" rsrp="-96" rsrq="-11"/>
        <radio op="I TIM" rat="LTE" q="32.40" rsrp="-89" sinr="4" rsrq="-10"/>
      </extensions>
    </trkpt>
    <trkpt lat="45.8816403" lon="10.8466699">
      <ele>116.9000015258789</ele>
      <time>2026-04-02T18:57:34.076+02:00</time>
      <extensions>
        <activity type="STILL" conf="96" state="still" tsMs="1775149047916"/>
        <radio op="vodafone IT" rat="LTE" rsrp="-93" rsrq="-12"/>
        <radio op="I TIM" rat="LTE" q="37.00" rsrp="-88" sinr="5" rsrq="-7"/>
      </extensions>
    </trkpt>
    <trkpt lat="45.8825825" lon="10.8468031">
      <ele>116.9000015258789</ele>
      <time>2026-04-02T19:04:36.046+02:00</time>
      <extensions>
        <activity type="UNKNOWN" conf="40" state="unknown" tsMs="1775149474445"/>
        <radio op="vodafone IT" rat="LTE" rsrp="-97" rsrq="-11"/>
        <radio op="I TIM" rat="LTE" q="28.80" rsrp="-93" sinr="4" rsrq="-8"/>
      </extensions>
    </trkpt>
    <trkpt lat="45.8825825" lon="10.8468031">
      <ele>116.9000015258789</ele>
      <time>2026-04-02T19:05:08.119+02:00</time>
      <extensions>
        <activity type="STILL" conf="74" state="still" tsMs="1775149507877"/>
        <radio op="vodafone IT" rat="LTE" q="19.80" rsrp="-92" sinr="1" rsrq="-11"/>
        <radio op="I TIM" rat="LTE" q="68.00" rsrp="-91" sinr="15" rsrq="-11"/>
      </extensions>
    </trkpt>
    <trkpt lat="45.8816465" lon="10.8466649">
      <ele>116.9000015258789</ele>
      <time>2026-04-02T19:05:29.078+02:00</time>
      <extensions>
        <activity type="UNKNOWN" conf="40" state="unknown" tsMs="1775149511736"/>
        <radio op="vodafone IT" rat="LTE" q="27.20" rsrp="-91" sinr="3" rsrq="-11"/>
        <radio op="I TIM" rat="LTE" q="35.00" rsrp="-90" sinr="5" rsrq="-10"/>
      </extensions>
    </trkpt>
    <trkpt lat="45.8816465" lon="10.8466649">
      <ele>116.91386453080798</ele>
      <time>2026-04-02T19:05:39.078+02:00</time>
      <extensions>
        <activity type="STILL" conf="96" state="still" tsMs="1775149530952"/>
        <radio op="vodafone IT" rat="LTE" rsrp="-91" rsrq="-15"/>
        <radio op="I TIM" rat="LTE" q="58.50" rsrp="-86" sinr="10" rsrq="-9"/>
      </extensions>
    </trkpt>
    <trkpt lat="45.8816465" lon="10.8466649">
      <ele>116.9117601013892</ele>
      <time>2026-04-02T19:05:40.077+02:00</time>
      <extensions>
        <activity type="STILL" conf="100" state="still" tsMs="1775149552093"/>
        <radio op="vodafone IT" rat="LTE" q="28.80" rsrp="-93" sinr="4" rsrq="-11"/>
        <radio op="I TIM" rat="LTE" q="46.20" rsrp="-92" sinr="9" rsrq="-8"/>
      </extensions>
    </trkpt>
    <trkpt lat="45.8816675" lon="10.8465715">
      <ele>116.9000015258789</ele>
      <time>2026-04-02T19:06:27.47+02:00</time>
      <extensions>
        <activity type="STILL" conf="49" state="still" tsMs="1775149580454"/>
        <radio op="vodafone IT" rat="LTE" q="32.50" rsrp="-100" sinr="8" rsrq="-6"/>
        <radio op="I TIM" rat="LTE" q="48.60" rsrp="-98" sinr="13" rsrq="-9"/>
      </extensions>
    </trkpt>
    <trkpt lat="45.881689" lon="10.8466775">
      <ele>117.5</ele>
      <time>2026-04-02T19:07:08.455+02:00</time>
      <extensions>
        <activity type="UNKNOWN" conf="40" state="unknown" tsMs="1775149623405"/>
        <radio op="vodafone IT" rat="LTE" q="27.60" rsrp="-102" sinr="7" rsrq="-6"/>
        <radio op="I TIM" rat="LTE" q="54.00" rsrp="-95" sinr="13" rsrq="-9"/>
      </extensions>
    </trkpt>
    <trkpt lat="45.8816817" lon="10.8466175">
      <ele>117.5</ele>
      <time>2026-04-02T19:07:18.077+02:00</time>
      <extensions>
        <activity type="UNKNOWN" conf="40" state="unknown" tsMs="1775149637430"/>
        <radio op="vodafone IT" rat="LTE" q="39.60" rsrp="-92" sinr="7" rsrq="-6"/>
        <radio op="I TIM" rat="LTE" q="36.30" rsrp="-92" sinr="6" rsrq="-9"/>
      </extensions>
    </trkpt>
    <trkpt lat="45.8816817" lon="10.8466175">
      <ele>117.5</ele>
      <time>2026-04-02T19:07:28.077+02:00</time>
      <extensions>
        <activity type="UNKNOWN" conf="40" state="unknown" tsMs="1775149642661"/>
        <radio op="vodafone IT" rat="LTE" q="23.10" rsrp="-92" sinr="2" rsrq="-7"/>
        <radio op="I TIM" rat="LTE" q="46.20" rsrp="-92" sinr="9" rsrq="-8"/>
      </extensions>
    </trkpt>
    <trkpt lat="45.8816817" lon="10.8466175">
      <ele>117.5</ele>
      <time>2026-04-02T19:07:38.077+02:00</time>
      <extensions>
        <activity type="STILL" conf="97" state="still" tsMs="1775149648047"/>
        <radio op="vodafone IT" rat="LTE" q="28.80" rsrp="-93" sinr="4" rsrq="-6"/>
        <radio op="I TIM" rat="LTE" q="52.80" rsrp="-92" sinr="11" rsrq="-7"/>
      </extensions>
    </trkpt>
    <trkpt lat="45.8816817" lon="10.8466175">
      <ele>117.5</ele>
      <time>2026-04-02T19:07:48.077+02:00</time>
      <extensions>
        <activity type="STILL" conf="97" state="still" tsMs="1775149648047"/>
        <radio op="vodafone IT" rat="LTE" q="35.20" rsrp="-93" sinr="6" rsrq="-7"/>
        <radio op="I TIM" rat="LTE" q="49.50" rsrp="-92" sinr="10" rsrq="-8"/>
      </extensions>
    </trkpt>
    <trkpt lat="45.8816817" lon="10.8466175">
      <ele>117.5</ele>
      <time>2026-04-02T19:07:51.078+02:00</time>
      <extensions>
        <activity type="UNKNOWN" conf="40" state="unknown" tsMs="1775149676754"/>
        <radio op="vodafone IT" rat="LTE" q="40.50" rsrp="-98" sinr="10" rsrq="-5"/>
        <radio op="I TIM" rat="LTE" q="39.00" rsrp="-95" sinr="8" rsrq="-10"/>
      </extensions>
    </trkpt>
    <trkpt lat="45.8816494" lon="10.8466197">
      <ele>117.5</ele>
      <time>2026-04-02T19:08:08.077+02:00</time>
      <extensions>
        <activity type="UNKNOWN" conf="40" state="unknown" tsMs="1775149676754"/>
        <radio op="vodafone IT" rat="LTE" q="29.70" rsrp="-92" sinr="4" rsrq="-6"/>
        <radio op="I TIM" rat="LTE" q="63.00" rsrp="-90" sinr="13" rsrq="-11"/>
      </extensions>
    </trkpt>
    <trkpt lat="45.8816377" lon="10.8466108">
      <ele>117.5</ele>
      <time>2026-04-02T19:08:40.92+02:00</time>
      <extensions>
        <activity type="UNKNOWN" conf="40" state="unknown" tsMs="1775149714459"/>
        <radio op="vodafone IT" rat="LTE" q="25.30" rsrp="-102" sinr="6" rsrq="-9"/>
        <radio op="I TIM" rat="LTE" q="19.80" rsrp="-103" sinr="4" rsrq="-10"/>
      </extensions>
    </trkpt>
    <trkpt lat="45.8816569" lon="10.8470526">
      <ele>116.9000015258789</ele>
      <time>2026-04-02T19:10:00.077+02:00</time>
      <extensions>
        <activity type="ON_FOOT" conf="96" state="moving" tsMs="1775149805634"/>
        <radio op="vodafone IT" rat="LTE" q="22.50" rsrp="-100" sinr="4" rsrq="-6"/>
        <radio op="I TIM" rat="LTE" q="22.40" rsrp="-97" sinr="3" rsrq="-13"/>
      </extensions>
    </trkpt>
    <trkpt lat="45.8815539" lon="10.8483069">
      <ele>116.9000015258789</ele>
      <time>2026-04-02T19:11:01.577+02:00</time>
      <extensions>
        <activity type="ON_FOOT" conf="96" state="moving" tsMs="1775149854845"/>
        <radio op="vodafone IT" rat="LTE" q="54.00" rsrp="-89" sinr="10" rsrq="-8"/>
        <radio op="I TIM" rat="LTE" rsrp="-105" rsrq="-18"/>
      </extensions>
    </trkpt>
    <trkpt lat="45.8814881" lon="10.8485788">
      <ele>117.0999984741211</ele>
      <time>2026-04-02T19:11:17.051+02:00</time>
      <extensions>
        <activity type="UNKNOWN" conf="40" state="unknown" tsMs="1775149859766"/>
        <radio op="vodafone IT" rat="LTE" q="54.40" rsrp="-93" sinr="12" rsrq="-6"/>
        <radio op="I TIM" rat="LTE" q="6.50" rsrp="-112" sinr="0" rsrq="-12"/>
      </extensions>
    </trkpt>
    <trkpt lat="45.8816562" lon="10.8475676">
      <ele>117.30000305175781</ele>
      <time>2026-04-02T19:11:43.716+02:00</time>
      <extensions>
        <activity type="ON_FOOT" conf="95" state="moving" tsMs="1775149880486"/>
        <radio op="vodafone IT" rat="LTE" q="36.00" rsrp="-95" sinr="7" rsrq="-5"/>
        <radio op="I TIM" rat="LTE" q="35.10" rsrp="-98" sinr="8" rsrq="-13"/>
      </extensions>
    </trkpt>
    <trkpt lat="45.8816855" lon="10.8493323">
      <ele>117.0999984741211</ele>
      <time>2026-04-02T19:12:04.078+02:00</time>
      <extensions>
        <activity type="ON_FOOT" conf="92" state="moving" tsMs="1775149904005"/>
        <radio op="vodafone IT" rat="LTE" q="58.50" rsrp="-86" sinr="10" rsrq="-6"/>
        <radio op="I TIM" rat="LTE" q="18.90" rsrp="-98" sinr="2" rsrq="-11"/>
      </extensions>
    </trkpt>
    <trkpt lat="45.8817267" lon="10.849408">
      <ele>117.0999984741211</ele>
      <time>2026-04-02T19:12:14.219+02:00</time>
      <extensions>
        <activity type="ON_FOOT" conf="94" state="moving" tsMs="1775149921407"/>
        <radio op="vodafone IT" rat="LTE" q="56.00" rsrp="-90" sinr="11" rsrq="-8"/>
        <radio op="I TIM" rat="LTE" q="19.60" rsrp="-97" sinr="2" rsrq="-12"/>
      </extensions>
    </trkpt>
    <trkpt lat="45.8817171" lon="10.8495572">
      <ele>117.0999984741211</ele>
      <time>2026-04-02T19:12:24.134+02:00</time>
      <extensions>
        <activity type="ON_FOOT" conf="94" state="moving" tsMs="1775149921407"/>
        <radio op="vodafone IT" rat="LTE" q="60.00" rsrp="-72" sinr="10" rsrq="-8"/>
        <radio op="I TIM" rat="LTE" q="39.00" rsrp="-86" sinr="5" rsrq="-11"/>
      </extensions>
    </trkpt>
    <trkpt lat="45.8817019" lon="10.8496013">
      <ele>117.14779894646509</ele>
      <time>2026-04-02T19:12:34.114+02:00</time>
      <extensions>
        <activity type="ON_FOOT" conf="97" state="moving" tsMs="1775149938940"/>
        <radio op="vodafone IT" rat="LTE" q="63.00" rsrp="-90" sinr="13" rsrq="-9"/>
        <radio op="I TIM" rat="LTE" q="44.80" rsrp="-93" sinr="9" rsrq="-12"/>
      </extensions>
    </trkpt>
    <trkpt lat="45.8816497" lon="10.8497211">
      <ele>117.21303767126528</ele>
      <time>2026-04-02T19:12:44.26+02:00</time>
      <extensions>
        <activity type="ON_FOOT" conf="97" state="moving" tsMs="1775149938940"/>
        <radio op="vodafone IT" rat="LTE" rsrp="-92" rsrq="-6"/>
        <radio op="I TIM" rat="LTE" q="38.40" rsrp="-93" sinr="7" rsrq="-11"/>
      </extensions>
    </trkpt>
    <trkpt lat="45.8815546" lon="10.849847">
      <ele>117.10570970923104</ele>
      <time>2026-04-02T19:12:54.636+02:00</time>
      <extensions>
        <activity type="ON_FOOT" conf="90" state="moving" tsMs="1775149956836"/>
        <radio op="vodafone IT" rat="LTE" q="37.20" rsrp="-94" sinr="7" rsrq="-6"/>
        <radio op="I TIM" rat="LTE" q="44.80" rsrp="-93" sinr="9" rsrq="-11"/>
      </extensions>
    </trkpt>
    <trkpt lat="45.881477" lon="10.8500152">
      <ele>117.09097852486232</ele>
      <time>2026-04-02T19:13:04.507+02:00</time>
      <extensions>
        <activity type="ON_FOOT" conf="96" state="moving" tsMs="1775149973637"/>
        <radio op="vodafone IT" rat="LTE" q="37.40" rsrp="-91" sinr="6" rsrq="-8"/>
        <radio op="I TIM" rat="LTE" q="69.60" rsrp="-96" sinr="19" rsrq="-11"/>
      </extensions>
    </trkpt>
    <trkpt lat="45.8814292" lon="10.8501313">
      <ele>117.13517215366505</ele>
      <time>2026-04-02T19:13:11.078+02:00</time>
      <extensions>
        <activity type="ON_FOOT" conf="96" state="moving" tsMs="1775149973637"/>
        <radio op="vodafone IT" rat="LTE" q="22.40" rsrp="-93" sinr="2" rsrq="-8"/>
        <radio op="I TIM" rat="LTE" q="63.00" rsrp="-90" sinr="13" rsrq="-11"/>
      </extensions>
    </trkpt>
    <trkpt lat="45.8814292" lon="10.8501371">
      <ele>117.4000015258789</ele>
      <time>2026-04-02T19:13:44.195+02:00</time>
      <extensions>
        <activity type="ON_FOOT" conf="96" state="moving" tsMs="1775150018847"/>
        <radio op="vodafone IT" rat="LTE" rsrp="-93" rsrq="-11"/>
        <radio op="I TIM" rat="LTE" q="70.00" rsrp="-90" sinr="15" rsrq="-12"/>
      </extensions>
    </trkpt>
    <trkpt lat="45.8819586" lon="10.8512305">
      <ele>116.5999984741211</ele>
      <time>2026-04-02T19:15:10.291+02:00</time>
      <extensions>
        <activity type="ON_FOOT" conf="96" state="moving" tsMs="1775150109132"/>
        <radio op="vodafone IT" rat="LTE" q="90.00" rsrp="-89" sinr="24" rsrq="-9"/>
        <radio op="I TIM" rat="LTE" q="57.60" rsrp="-89" sinr="11" rsrq="-12"/>
      </extensions>
    </trkpt>
    <trkpt lat="45.8823297" lon="10.8517852">
      <ele>120.30000305175781</ele>
      <time>2026-04-02T19:15:30.748+02:00</time>
      <extensions>
        <activity type="ON_FOOT" conf="82" state="moving" tsMs="1775150147666"/>
        <radio op="vodafone IT" rat="LTE" q="96.00" rsrp="-84" sinr="19" rsrq="-8"/>
        <radio op="I TIM" rat="LTE" q="55.50" rsrp="-88" sinr="10" rsrq="-13"/>
      </extensions>
    </trkpt>
    <trkpt lat="45.8826688" lon="10.8522648">
      <ele>117.9000015258789</ele>
      <time>2026-04-02T19:15:51.363+02:00</time>
      <extensions>
        <activity type="ON_FOOT" conf="94" state="moving" tsMs="1775150162211"/>
        <radio op="vodafone IT" rat="LTE" q="100.00" rsrp="-84" sinr="20" rsrq="-9"/>
        <radio op="I TIM" rat="LTE" q="33.30" rsrp="-88" sinr="4" rsrq="-11"/>
      </extensions>
    </trkpt>
    <trkpt lat="45.883352" lon="10.852626">
      <ele>118.9000015258789</ele>
      <time>2026-04-02T19:16:12.165+02:00</time>
      <extensions>
        <activity type="ON_FOOT" conf="82" state="moving" tsMs="1775150195109"/>
        <radio op="vodafone IT" rat="LTE" q="79.80" rsrp="-87" sinr="16" rsrq="-10"/>
        <radio op="I TIM" rat="LTE" q="35.10" rsrp="-86" sinr="4" rsrq="-12"/>
      </extensions>
    </trkpt>
    <trkpt lat="45.8827912" lon="10.8531668">
      <ele>117.4000015258789</ele>
      <time>2026-04-02T19:16:59.431+02:00</time>
      <extensions>
        <activity type="ON_FOOT" conf="93" state="moving" tsMs="1775150217495"/>
        <radio op="vodafone IT" rat="LTE" q="100.00" rsrp="-83" sinr="27" rsrq="-10"/>
        <radio op="I TIM" rat="LTE" q="78.00" rsrp="-86" sinr="15" rsrq="-9"/>
      </extensions>
    </trkpt>
    <trkpt lat="45.8828459" lon="10.8532081">
      <ele>117.4000015258789</ele>
      <time>2026-04-02T19:17:03.085+02:00</time>
      <extensions>
        <activity type="ON_FOOT" conf="93" state="moving" tsMs="1775150217495"/>
        <radio op="vodafone IT" rat="LTE" q="97.50" rsrp="-86" sinr="25" rsrq="-10"/>
        <radio op="I TIM" rat="LTE" q="68.40" rsrp="-87" sinr="13" rsrq="-13"/>
      </extensions>
    </trkpt>
    <trkpt lat="45.8830984" lon="10.8536044">
      <ele>116.5999984741211</ele>
      <time>2026-04-02T19:17:40.772+02:00</time>
      <extensions>
        <activity type="ON_FOOT" conf="97" state="moving" tsMs="1775150255937"/>
        <radio op="vodafone IT" rat="LTE" q="70.00" rsrp="-97" sinr="21" rsrq="-10"/>
        <radio op="I TIM" rat="LTE" q="26.10" rsrp="-96" sinr="4" rsrq="-14"/>
      </extensions>
    </trkpt>
    <trkpt lat="45.8832306" lon="10.8537043">
      <ele>116.5999984741211</ele>
      <time>2026-04-02T19:18:28.531+02:00</time>
      <extensions>
        <activity type="ON_FOOT" conf="91" state="moving" tsMs="1775150305475"/>
        <radio op="vodafone IT" rat="LTE" q="19.50" rsrp="-110" sinr="8" rsrq="-13"/>
        <radio op="I TIM" rat="LTE" q="9.60" rsrp="-113" sinr="3" rsrq="-12"/>
      </extensions>
    </trkpt>
    <trkpt lat="45.8831171" lon="10.8539845">
      <ele>117.9000015258789</ele>
      <time>2026-04-02T19:19:16.569+02:00</time>
      <extensions>
        <activity type="STILL" conf="99" state="still" tsMs="1775150354119"/>
        <radio op="vodafone IT" rat="LTE" q="0.00" rsrp="-127" sinr="0" rsrq="-13"/>
        <radio op="I TIM" rat="LTE" rsrp="-130" rsrq="-18"/>
      </extensions>
    </trkpt>
    <trkpt lat="45.8831604" lon="10.8538344">
      <ele>118.0999984741211</ele>
      <time>2026-04-02T19:19:42.975+02:00</time>
      <extensions>
        <activity type="UNKNOWN" conf="40" state="unknown" tsMs="1775150382918"/>
        <radio op="vodafone IT" rat="LTE" q="7.00" rsrp="-118" sinr="5" rsrq="-12"/>
        <radio op="I TIM" rat="LTE" rsrp="-118" rsrq="-12"/>
      </extensions>
    </trkpt>
    <trkpt lat="45.8831102" lon="10.8538887">
      <ele>117.4000015258789</ele>
      <time>2026-04-02T19:20:16.15+02:00</time>
      <extensions>
        <activity type="UNKNOWN" conf="40" state="unknown" tsMs="1775150414044"/>
        <radio op="vodafone IT" rat="LTE" q="0.00" rsrp="-127" sinr="0" rsrq="-13"/>
        <radio op="I TIM" rat="LTE" rsrp="-126" rsrq="-13"/>
      </extensions>
    </trkpt>
    <trkpt lat="45.8832064" lon="10.8537016">
      <ele>118.0999984741211</ele>
      <time>2026-04-02T19:20:47.237+02:00</time>
      <extensions>
        <activity type="UNKNOWN" conf="40" state="unknown" tsMs="1775150447197"/>
        <radio op="vodafone IT" rat="LTE" q="11.70" rsrp="-116" sinr="8" rsrq="-11"/>
        <radio op="I TIM" rat="LTE" q="19.00" rsrp="-115" sinr="14" rsrq="-12"/>
      </extensions>
    </trkpt>
    <trkpt lat="45.8833157" lon="10.8538115">
      <ele>118.0999984741211</ele>
      <time>2026-04-02T19:21:18.431+02:00</time>
      <extensions>
        <activity type="ON_FOOT" conf="91" state="moving" tsMs="1775150472908"/>
        <radio op="vodafone IT" rat="LTE" q="26.00" rsrp="-112" sinr="15" rsrq="-9"/>
        <radio op="I TIM" rat="LTE" q="17.00" rsrp="-108" sinr="5" rsrq="-12"/>
      </extensions>
    </trkpt>
    <trkpt lat="45.8833162" lon="10.853862">
      <ele>115.5674894262869</ele>
      <time>2026-04-02T19:21:58.443+02:00</time>
      <extensions>
        <activity type="UNKNOWN" conf="40" state="unknown" tsMs="1775150515289"/>
        <radio op="vodafone IT" rat="LTE" q="44.10" rsrp="-104" sinr="16" rsrq="-7"/>
        <radio op="I TIM" rat="LTE" q="13.60" rsrp="-108" sinr="3" rsrq="-12"/>
      </extensions>
    </trkpt>
    <trkpt lat="45.8832709" lon="10.8537468">
      <ele>118.19999694824219</ele>
      <time>2026-04-02T19:22:49.505+02:00</time>
      <extensions>
        <activity type="UNKNOWN" conf="40" state="unknown" tsMs="1775150569101"/>
        <radio op="vodafone IT" rat="LTE" q="52.00" rsrp="-99" sinr="15" rsrq="-9"/>
        <radio op="I TIM" rat="LTE" q="33.60" rsrp="-101" sinr="9" rsrq="-11"/>
      </extensions>
    </trkpt>
    <trkpt lat="45.8833136" lon="10.8537179">
      <ele>115.75905078128369</ele>
      <time>2026-04-02T19:23:45.764+02:00</time>
      <extensions>
        <activity type="UNKNOWN" conf="40" state="unknown" tsMs="1775150624117"/>
        <radio op="vodafone IT" rat="LTE" q="15.00" rsrp="-115" sinr="10" rsrq="-9"/>
        <radio op="I TIM" rat="LTE" q="9.00" rsrp="-110" sinr="1" rsrq="-12"/>
      </extensions>
    </trkpt>
    <trkpt lat="45.8831079" lon="10.8540683">
      <ele>118.0999984741211</ele>
      <time>2026-04-02T19:24:25.173+02:00</time>
      <extensions>
        <activity type="ON_FOOT" conf="92" state="moving" tsMs="1775150664123"/>
        <radio op="vodafone IT" rat="LTE" q="2.60" rsrp="-123" sinr="8" rsrq="-13"/>
        <radio op="I TIM" rat="LTE" rsrp="-124" rsrq="-14"/>
      </extensions>
    </trkpt>
    <trkpt lat="45.8830711" lon="10.8539434">
      <ele>115.69908389750279</ele>
      <time>2026-04-02T19:24:57.471+02:00</time>
      <extensions>
        <activity type="ON_FOOT" conf="89" state="moving" tsMs="1775150697121"/>
        <radio op="vodafone IT" rat="LTE" q="3.00" rsrp="-120" sinr="1" rsrq="-12"/>
        <radio op="I TIM" rat="LTE" rsrp="-129" rsrq="-17"/>
      </extensions>
    </trkpt>
    <trkpt lat="45.8831929" lon="10.8536987">
      <ele>116.03574550293709</ele>
      <time>2026-04-02T19:25:36.56+02:00</time>
      <extensions>
        <activity type="ON_FOOT" conf="81" state="moving" tsMs="1775150733947"/>
        <radio op="vodafone IT" rat="LTE" q="12.00" rsrp="-115" sinr="7" rsrq="-8"/>
        <radio op="I TIM" rat="LTE" q="10.80" rsrp="-113" sinr="4" rsrq="-13"/>
      </extensions>
    </trkpt>
    <trkpt lat="45.8832194" lon="10.8537274">
      <ele>118.0999984741211</ele>
      <time>2026-04-02T19:26:27.046+02:00</time>
      <extensions>
        <activity type="UNKNOWN" conf="40" state="unknown" tsMs="1775150781493"/>
        <radio op="vodafone IT" rat="LTE" q="20.90" rsrp="-114" sinr="14" rsrq="-10"/>
        <radio op="I TIM" rat="LTE" q="13.60" rsrp="-108" sinr="3" rsrq="-12"/>
      </extensions>
    </trkpt>
    <trkpt lat="45.8832214" lon="10.8537369">
      <ele>116.45869532327555</ele>
      <time>2026-04-02T19:27:02.402+02:00</time>
      <extensions>
        <activity type="UNKNOWN" conf="40" state="unknown" tsMs="1775150822465"/>
        <radio op="vodafone IT" rat="LTE" q="32.40" rsrp="-107" sinr="13" rsrq="-9"/>
        <radio op="I TIM" rat="LTE" rsrp="-104" rsrq="-13"/>
      </extensions>
    </trkpt>
    <trkpt lat="45.8832248" lon="10.8537395">
      <ele>118.0999984741211</ele>
      <time>2026-04-02T19:27:15.805+02:00</time>
      <extensions>
        <activity type="UNKNOWN" conf="40" state="unknown" tsMs="1775150827570"/>
        <radio op="vodafone IT" rat="LTE" q="23.80" rsrp="-111" sinr="12" rsrq="-10"/>
        <radio op="I TIM" rat="LTE" rsrp="-113" rsrq="-12"/>
      </extensions>
    </trkpt>
    <trkpt lat="45.8832236" lon="10.8537413">
      <ele>118.0999984741211</ele>
      <time>2026-04-02T19:27:20.567+02:00</time>
      <extensions>
        <activity type="STILL" conf="98" state="still" tsMs="1775150848047"/>
        <radio op="vodafone IT" rat="LTE" q="30.60" rsrp="-107" sinr="12" rsrq="-7"/>
        <radio op="I TIM" rat="LTE" rsrp="-119" rsrq="-13"/>
      </extensions>
    </trkpt>
    <trkpt lat="45.8834372" lon="10.8532297">
      <ele>118.5</ele>
      <time>2026-04-02T19:28:03.09+02:00</time>
      <extensions>
        <activity type="ON_FOOT" conf="86" state="moving" tsMs="1775150880492"/>
        <radio op="vodafone IT" rat="LTE" q="100.00" rsrp="-82" sinr="24" rsrq="-7"/>
        <radio op="I TIM" rat="LTE" q="44.00" rsrp="-85" sinr="6" rsrq="-11"/>
      </extensions>
    </trkpt>
    <trkpt lat="45.8833189" lon="10.8534156">
      <ele>118.19999694824219</ele>
      <time>2026-04-02T19:28:13.773+02:00</time>
      <extensions>
        <activity type="ON_FOOT" conf="96" state="moving" tsMs="1775150886434"/>
        <radio op="vodafone IT" rat="LTE" q="87.40" rsrp="-87" sinr="18" rsrq="-6"/>
        <radio op="I TIM" rat="LTE" q="28.00" rsrp="-90" sinr="3" rsrq="-11"/>
      </extensions>
    </trkpt>
    <trkpt lat="45.8831926" lon="10.8533607">
      <ele>118.5</ele>
      <time>2026-04-02T19:28:23.942+02:00</time>
      <extensions>
        <activity type="ON_FOOT" conf="96" state="moving" tsMs="1775150886434"/>
        <radio op="vodafone IT" rat="LTE" q="100.00" rsrp="-82" sinr="23" rsrq="-8"/>
        <radio op="I TIM" rat="LTE" q="16.00" rsrp="-93" sinr="0" rsrq="-12"/>
      </extensions>
    </trkpt>
    <trkpt lat="45.8831924" lon="10.8533743">
      <ele>118.5</ele>
      <time>2026-04-02T19:28:24.456+02:00</time>
      <extensions>
        <activity type="UNKNOWN" conf="40" state="unknown" tsMs="1775150915376"/>
        <radio op="vodafone IT" rat="LTE" q="100.00" rsrp="-78" sinr="27" rsrq="-9"/>
        <radio op="I TIM" rat="LTE" q="56.00" rsrp="-83" sinr="9" rsrq="-11"/>
      </extensions>
    </trkpt>
    <trkpt lat="45.8831538" lon="10.8529547">
      <ele>116.45343462562019</ele>
      <time>2026-04-02T19:29:01.503+02:00</time>
      <extensions>
        <activity type="UNKNOWN" conf="40" state="unknown" tsMs="1775150937439"/>
        <radio op="vodafone IT" rat="LTE" q="100.00" rsrp="-70" sinr="22" rsrq="-6"/>
        <radio op="I TIM" rat="LTE" q="32.00" rsrp="-75" sinr="3" rsrq="-12"/>
      </extensions>
    </trkpt>
    <trkpt lat="45.8833305" lon="10.8524415">
      <ele>118.0999984741211</ele>
      <time>2026-04-02T19:29:40.857+02:00</time>
      <extensions>
        <activity type="ON_FOOT" conf="96" state="moving" tsMs="1775150980168"/>
        <radio op="vodafone IT" rat="LTE" q="100.00" rsrp="-79" sinr="24" rsrq="-7"/>
        <radio op="I TIM" rat="LTE" q="56.00" rsrp="-78" sinr="9" rsrq="-13"/>
      </extensions>
    </trkpt>
    <trkpt lat="45.8836685" lon="10.8517406">
      <ele>118.5</ele>
      <time>2026-04-02T19:30:14.354+02:00</time>
      <extensions>
        <activity type="ON_FOOT" conf="96" state="moving" tsMs="1775151013122"/>
        <radio op="vodafone IT" rat="LTE" q="100.00" rsrp="-64" sinr="29" rsrq="-7"/>
        <radio op="I TIM" rat="LTE" rsrp="-75" rsrq="-14"/>
      </extensions>
    </trkpt>
    <trkpt lat="45.8838038" lon="10.851434">
      <ele>120.26285306667745</ele>
      <time>2026-04-02T19:30:52.035+02:00</time>
      <extensions>
        <activity type="ON_FOOT" conf="97" state="moving" tsMs="1775151051672"/>
        <radio op="vodafone IT" rat="LTE" q="46.80" rsrp="-86" sinr="7" rsrq="-9"/>
        <radio op="I TIM" rat="LTE" q="24.00" rsrp="-82" sinr="1" rsrq="-10"/>
      </extensions>
    </trkpt>
    <trkpt lat="45.88394" lon="10.8512793">
      <ele>118.5</ele>
      <time>2026-04-02T19:31:30.032+02:00</time>
      <extensions>
        <activity type="ON_FOOT" conf="90" state="moving" tsMs="1775151088784"/>
        <radio op="vodafone IT" rat="LTE" q="42.00" rsrp="-97" sinr="10" rsrq="-7"/>
        <radio op="I TIM" rat="LTE" q="20.00" rsrp="-100" sinr="3" rsrq="-10"/>
      </extensions>
    </trkpt>
    <trkpt lat="45.8844675" lon="10.8503811">
      <ele>123.4000015258789</ele>
      <time>2026-04-02T19:32:24.809+02:00</time>
      <extensions>
        <activity type="UNKNOWN" conf="40" state="unknown" tsMs="1775151144277"/>
        <radio op="vodafone IT" rat="LTE" q="84.00" rsrp="-85" sinr="16" rsrq="-6"/>
        <radio op="I TIM" rat="LTE" q="62.40" rsrp="-86" sinr="11" rsrq="-11"/>
      </extensions>
    </trkpt>
    <trkpt lat="45.8847164" lon="10.8498511">
      <ele>121.5</ele>
      <time>2026-04-02T19:32:55.089+02:00</time>
      <extensions>
        <activity type="ON_FOOT" conf="81" state="moving" tsMs="1775151171149"/>
        <radio op="vodafone IT" rat="LTE" q="72.00" rsrp="-85" sinr="13" rsrq="-7"/>
        <radio op="I TIM" rat="LTE" q="76.00" rsrp="-79" sinr="14" rsrq="-6"/>
      </extensions>
    </trkpt>
    <trkpt lat="45.8847044" lon="10.8498171">
      <ele>121.5</ele>
      <time>2026-04-02T19:32:57.081+02:00</time>
      <extensions>
        <activity type="ON_FOOT" conf="81" state="moving" tsMs="1775151171149"/>
        <radio op="vodafone IT" rat="LTE" q="56.00" rsrp="-83" sinr="9" rsrq="-7"/>
        <radio op="I TIM" rat="LTE" q="72.00" rsrp="-85" sinr="13" rsrq="-9"/>
      </extensions>
    </trkpt>
    <trkpt lat="45.8847033" lon="10.8498264">
      <ele>122.69999694824219</ele>
      <time>2026-04-02T19:33:35.939+02:00</time>
      <extensions>
        <activity type="ON_FOOT" conf="92" state="moving" tsMs="1775151213347"/>
        <radio op="vodafone IT" rat="LTE" q="60.00" rsrp="-85" sinr="10" rsrq="-11"/>
        <radio op="I TIM" rat="LTE" q="72.00" rsrp="-83" sinr="13" rsrq="-9"/>
      </extensions>
    </trkpt>
    <trkpt lat="45.8851534" lon="10.8487257">
      <ele>123.0</ele>
      <time>2026-04-02T19:34:07.142+02:00</time>
      <extensions>
        <activity type="ON_FOOT" conf="87" state="moving" tsMs="1775151241625"/>
        <radio op="vodafone IT" rat="LTE" q="64.00" rsrp="-83" sinr="11" rsrq="-6"/>
        <radio op="I TIM" rat="LTE" q="76.00" rsrp="-81" sinr="14" rsrq="-8"/>
      </extensions>
    </trkpt>
    <trkpt lat="45.8852135" lon="10.8479475">
      <ele>123.19999694824219</ele>
      <time>2026-04-02T19:34:45.089+02:00</time>
      <extensions>
        <activity type="ON_FOOT" conf="82" state="moving" tsMs="1775151281950"/>
        <radio op="vodafone IT" rat="LTE" q="62.90" rsrp="-88" sinr="12" rsrq="-9"/>
        <radio op="I TIM" rat="LTE" q="76.00" rsrp="-81" sinr="14" rsrq="-6"/>
      </extensions>
    </trkpt>
    <trkpt lat="45.8853775" lon="10.8480622">
      <ele>123.19999694824219</ele>
      <time>2026-04-02T19:34:55.082+02:00</time>
      <extensions>
        <activity type="ON_FOOT" conf="85" state="moving" tsMs="1775151287162"/>
        <radio op="vodafone IT" rat="LTE" q="70.20" rsrp="-86" sinr="13" rsrq="-7"/>
        <radio op="I TIM" rat="LTE" q="100.00" rsrp="-83" sinr="21" rsrq="-8"/>
      </extensions>
    </trkpt>
    <trkpt lat="45.8852968" lon="10.8482305">
      <ele>120.04887323624544</ele>
      <time>2026-04-02T19:35:25.917+02:00</time>
      <extensions>
        <activity type="ON_FOOT" conf="94" state="moving" tsMs="1775151321943"/>
        <radio op="vodafone IT" rat="LTE" q="96.00" rsrp="-79" sinr="19" rsrq="-6"/>
        <radio op="I TIM" rat="LTE" q="68.00" rsrp="-80" sinr="12" rsrq="-6"/>
      </extensions>
    </trkpt>
    <trkpt lat="45.8856563" lon="10.847036">
      <ele>121.4000015258789</ele>
      <time>2026-04-02T19:36:20.623+02:00</time>
      <extensions>
        <activity type="ON_FOOT" conf="96" state="moving" tsMs="1775151365840"/>
        <radio op="vodafone IT" rat="LTE" q="66.30" rsrp="-86" sinr="12" rsrq="-9"/>
        <radio op="I TIM" rat="LTE" q="92.50" rsrp="-88" sinr="22" rsrq="-7"/>
      </extensions>
    </trkpt>
    <trkpt lat="45.8856725" lon="10.847">
      <ele>121.4000015258789</ele>
      <time>2026-04-02T19:36:23.082+02:00</time>
      <extensions>
        <activity type="UNKNOWN" conf="40" state="unknown" tsMs="1775151390348"/>
        <radio op="vodafone IT" rat="LTE" q="16.20" rsrp="-98" sinr="1" rsrq="-10"/>
        <radio op="I TIM" rat="LTE" q="55.50" rsrp="-88" sinr="10" rsrq="-6"/>
      </extensions>
    </trkpt>
    <trkpt lat="45.8856712" lon="10.8469991">
      <ele>121.0999984741211</ele>
      <time>2026-04-02T19:37:14.827+02:00</time>
      <extensions>
        <activity type="ON_FOOT" conf="92" state="moving" tsMs="1775151434124"/>
        <radio op="vodafone IT" rat="LTE" q="96.00" rsrp="-82" sinr="19" rsrq="-7"/>
        <radio op="I TIM" rat="LTE" q="76.80" rsrp="-93" sinr="19" rsrq="-6"/>
      </extensions>
    </trkpt>
    <trkpt lat="45.886263" lon="10.8455086">
      <ele>121.19999694824219</ele>
      <time>2026-04-02T19:38:13.083+02:00</time>
      <extensions>
        <activity type="UNKNOWN" conf="40" state="unknown" tsMs="1775151509130"/>
        <radio op="vodafone IT" rat="LTE" q="93.60" rsrp="-86" sinr="19" rsrq="-7"/>
        <radio op="I TIM" rat="LTE" q="20.80" rsrp="-109" sinr="8" rsrq="-8"/>
      </extensions>
    </trkpt>
    <trkpt lat="45.8867532" lon="10.8454622">
      <ele>121.19999694824219</ele>
      <time>2026-04-02T19:38:56.891+02:00</time>
      <extensions>
        <activity type="UNKNOWN" conf="40" state="unknown" tsMs="1775151536126"/>
        <radio op="vodafone IT" rat="LTE" q="87.50" rsrp="-90" sinr="20" rsrq="-9"/>
        <radio op="I TIM" rat="LTE" q="10.80" rsrp="-107" sinr="1" rsrq="-14"/>
      </extensions>
    </trkpt>
    <trkpt lat="45.8868903" lon="10.8454544">
      <ele>121.19999694824219</ele>
      <time>2026-04-02T19:38:58.456+02:00</time>
      <extensions>
        <activity type="UNKNOWN" conf="40" state="unknown" tsMs="1775151536126"/>
        <radio op="vodafone IT" rat="LTE" q="100.00" rsrp="-84" sinr="24" rsrq="-9"/>
        <radio op="I TIM" rat="LTE" q="25.60" rsrp="-109" sinr="11" rsrq="-9"/>
      </extensions>
    </trkpt>
    <trkpt lat="45.8865688" lon="10.8456331">
      <ele>121.5999984741211</ele>
      <time>2026-04-02T19:39:53.72+02:00</time>
      <extensions>
        <activity type="ON_FOOT" conf="93" state="moving" tsMs="1775151591115"/>
        <radio op="vodafone IT" rat="LTE" q="76.00" rsrp="-87" sinr="15" rsrq="-10"/>
        <radio op="I TIM" rat="LTE" q="18.00" rsrp="-110" sinr="7" rsrq="-9"/>
      </extensions>
    </trkpt>
    <trkpt lat="45.8866269" lon="10.8456823">
      <ele>121.69999694824219</ele>
      <time>2026-04-02T19:40:04.084+02:00</time>
      <extensions>
        <activity type="ON_FOOT" conf="93" state="moving" tsMs="1775151591115"/>
        <radio op="vodafone IT" rat="LTE" q="77.00" rsrp="-90" sinr="17" rsrq="-8"/>
        <radio op="I TIM" rat="LTE" q="16.90" rsrp="-112" sinr="8" rsrq="-10"/>
      </extensions>
    </trkpt>
    <trkpt lat="45.8867349" lon="10.8457765">
      <ele>121.80000305175781</ele>
      <time>2026-04-02T19:40:14.442+02:00</time>
      <extensions>
        <activity type="ON_FOOT" conf="98" state="moving" tsMs="1775151613369"/>
        <radio op="vodafone IT" rat="LTE" q="68.00" rsrp="-91" sinr="15" rsrq="-9"/>
        <radio op="I TIM" rat="LTE" q="30.60" rsrp="-107" sinr="12" rsrq="-8"/>
      </extensions>
    </trkpt>
    <trkpt lat="45.8867671" lon="10.8457993">
      <ele>121.80000305175781</ele>
      <time>2026-04-02T19:40:17.082+02:00</time>
      <extensions>
        <activity type="ON_FOOT" conf="93" state="moving" tsMs="1775151622228"/>
        <radio op="vodafone IT" rat="LTE" q="56.10" rsrp="-92" sinr="12" rsrq="-9"/>
        <radio op="I TIM" rat="LTE" q="15.60" rsrp="-112" sinr="7" rsrq="-7"/>
      </extensions>
    </trkpt>
    <trkpt lat="45.8867666" lon="10.8458122">
      <ele>123.0</ele>
      <time>2026-04-02T19:41:17.922+02:00</time>
      <extensions>
        <activity type="ON_FOOT" conf="95" state="moving" tsMs="1775151674243"/>
        <radio op="vodafone IT" rat="LTE" rsrp="-110" rsrq="-14"/>
        <radio op="I TIM" rat="LTE" q="16.80" rsrp="-104" sinr="3" rsrq="-13"/>
      </extensions>
    </trkpt>
    <trkpt lat="45.8876192" lon="10.8458913">
      <ele>123.0999984741211</ele>
      <time>2026-04-02T19:42:14.086+02:00</time>
      <extensions>
        <activity type="ON_FOOT" conf="86" state="moving" tsMs="1775151721519"/>
        <radio op="vodafone IT" rat="LTE" q="17.60" rsrp="-103" sinr="3" rsrq="-12"/>
        <radio op="I TIM" rat="LTE" q="20.00" rsrp="-100" sinr="3" rsrq="-12"/>
      </extensions>
    </trkpt>
    <trkpt lat="45.8876698" lon="10.8458939">
      <ele>123.19999694824219</ele>
      <time>2026-04-02T19:42:24.671+02:00</time>
      <extensions>
        <activity type="ON_FOOT" conf="90" state="moving" tsMs="1775151741819"/>
        <radio op="vodafone IT" rat="LTE" q="38.40" rsrp="-93" sinr="7" rsrq="-10"/>
        <radio op="I TIM" rat="LTE" rsrp="-95" rsrq="-14"/>
      </extensions>
    </trkpt>
    <trkpt lat="45.8877706" lon="10.8459693">
      <ele>123.4000015258789</ele>
      <time>2026-04-02T19:42:34.414+02:00</time>
      <extensions>
        <activity type="ON_FOOT" conf="96" state="moving" tsMs="1775151747067"/>
        <radio op="vodafone IT" rat="LTE" q="19.60" rsrp="-97" sinr="2" rsrq="-9"/>
        <radio op="I TIM" rat="LTE" q="19.20" rsrp="-93" sinr="1" rsrq="-13"/>
      </extensions>
    </trkpt>
    <trkpt lat="45.8878139" lon="10.8460189">
      <ele>123.30000305175781</ele>
      <time>2026-04-02T19:42:44.884+02:00</time>
      <extensions>
        <activity type="ON_FOOT" conf="93" state="moving" tsMs="1775151762818"/>
        <radio op="vodafone IT" rat="LTE" q="43.50" rsrp="-96" sinr="10" rsrq="-11"/>
        <radio op="I TIM" rat="LTE" q="21.60" rsrp="-89" sinr="1" rsrq="-11"/>
      </extensions>
    </trkpt>
    <trkpt lat="45.8878152" lon="10.8460359">
      <ele>123.4000015258789</ele>
      <time>2026-04-02T19:42:54.085+02:00</time>
      <extensions>
        <activity type="UNKNOWN" conf="40" state="unknown" tsMs="1775151768050"/>
        <radio op="vodafone IT" rat="LTE" q="47.60" rsrp="-91" sinr="9" rsrq="-10"/>
        <radio op="I TIM" rat="LTE" q="24.50" rsrp="-90" sinr="2" rsrq="-12"/>
      </extensions>
    </trkpt>
    <trkpt lat="45.8878114" lon="10.8460327">
      <ele>123.4000015258789</ele>
      <time>2026-04-02T19:43:05.085+02:00</time>
      <extensions>
        <activity type="STILL" conf="49" state="still" tsMs="1775151784019"/>
        <radio op="vodafone IT" rat="LTE" q="34.80" rsrp="-96" sinr="7" rsrq="-11"/>
        <radio op="I TIM" rat="LTE" q="17.00" rsrp="-91" sinr="0" rsrq="-13"/>
      </extensions>
    </trkpt>
    <trkpt lat="45.8878124" lon="10.8460314">
      <ele>123.4000015258789</ele>
      <time>2026-04-02T19:43:15.085+02:00</time>
      <extensions>
        <activity type="STILL" conf="99" state="still" tsMs="1775151789241"/>
        <radio op="vodafone IT" rat="LTE" q="43.20" rsrp="-89" sinr="7" rsrq="-10"/>
        <radio op="I TIM" rat="LTE" q="19.00" rsrp="-87" sinr="0" rsrq="-12"/>
      </extensions>
    </trkpt>
    <trkpt lat="45.8877493" lon="10.8459711">
      <ele>123.4000015258789</ele>
      <time>2026-04-02T19:43:25.132+02:00</time>
      <extensions>
        <activity type="STILL" conf="99" state="still" tsMs="1775151789241"/>
        <radio op="vodafone IT" rat="LTE" q="52.80" rsrp="-92" sinr="11" rsrq="-10"/>
        <radio op="I TIM" rat="LTE" q="21.00" rsrp="-95" sinr="2" rsrq="-12"/>
      </extensions>
    </trkpt>
    <trkpt lat="45.8877611" lon="10.8459294">
      <ele>123.4000015258789</ele>
      <time>2026-04-02T19:43:26.085+02:00</time>
      <extensions>
        <activity type="ON_FOOT" conf="93" state="moving" tsMs="1775151813798"/>
        <radio op="vodafone IT" rat="LTE" q="18.90" rsrp="-104" sinr="4" rsrq="-10"/>
        <radio op="I TIM" rat="LTE" q="14.00" rsrp="-105" sinr="2" rsrq="-13"/>
      </extensions>
    </trkpt>
    <trkpt lat="45.887644" lon="10.8458249">
      <ele>123.19999694824219</ele>
      <time>2026-04-02T19:44:12.173+02:00</time>
      <extensions>
        <activity type="STILL" conf="99" state="still" tsMs="1775151847132"/>
        <radio op="vodafone IT" rat="LTE" rsrp="-120" rsrq="-13"/>
        <radio op="I TIM" rat="LTE" rsrp="-116" rsrq="-14"/>
      </extensions>
    </trkpt>
    <trkpt lat="45.8876453" lon="10.8458879">
      <ele>123.19999694824219</ele>
      <time>2026-04-02T19:45:10.684+02:00</time>
      <extensions>
        <activity type="UNKNOWN" conf="40" state="unknown" tsMs="1775151909131"/>
        <radio op="vodafone IT" rat="LTE" q="6.00" rsrp="-115" sinr="1" rsrq="-11"/>
        <radio op="I TIM" rat="LTE" rsrp="-114" rsrq="-12"/>
      </extensions>
    </trkpt>
    <trkpt lat="45.887723" lon="10.8457106">
      <ele>118.85216565895115</ele>
      <time>2026-04-02T19:45:43.204+02:00</time>
      <extensions>
        <activity type="UNKNOWN" conf="40" state="unknown" tsMs="1775151942574"/>
        <radio op="vodafone IT" rat="LTE" q="23.00" rsrp="-102" sinr="5" rsrq="-11"/>
        <radio op="I TIM" rat="LTE" q="12.00" rsrp="-105" sinr="1" rsrq="-13"/>
      </extensions>
    </trkpt>
    <trkpt lat="45.8876563" lon="10.8458352">
      <ele>123.19999694824219</ele>
      <time>2026-04-02T19:46:25.603+02:00</time>
      <extensions>
        <activity type="STILL" conf="99" state="still" tsMs="1775151985148"/>
        <radio op="vodafone IT" rat="LTE" rsrp="-112" rsrq="-13"/>
        <radio op="I TIM" rat="LTE" q="9.00" rsrp="-107" sinr="0" rsrq="-14"/>
      </extensions>
    </trkpt>
    <trkpt lat="45.8876705" lon="10.8457804">
      <ele>123.19999694824219</ele>
      <time>2026-04-02T19:47:30.084+02:00</time>
      <extensions>
        <activity type="STILL" conf="37" state="still" tsMs="1775152045152"/>
        <radio op="vodafone IT" rat="LTE" q="25.00" rsrp="-100" sinr="5" rsrq="-8"/>
        <radio op="I TIM" rat="LTE" rsrp="-97" rsrq="-14"/>
      </extensions>
    </trkpt>
    <trkpt lat="45.8876628" lon="10.8458572">
      <ele>123.19999694824219</ele>
      <time>2026-04-02T19:47:37.085+02:00</time>
      <extensions>
        <activity type="STILL" conf="37" state="still" tsMs="1775152045152"/>
        <radio op="vodafone IT" rat="LTE" q="33.80" rsrp="-99" sinr="8" rsrq="-8"/>
        <radio op="I TIM" rat="LTE" q="24.30" rsrp="-98" sinr="4" rsrq="-14"/>
      </extensions>
    </trkpt>
    <trkpt lat="45.8876672" lon="10.8458741">
      <ele>123.4000015258789</ele>
      <time>2026-04-02T19:47:50.481+02:00</time>
      <extensions>
        <activity type="UNKNOWN" conf="40" state="unknown" tsMs="1775152068486"/>
        <radio op="vodafone IT" rat="LTE" q="30.00" rsrp="-100" sinr="7" rsrq="-9"/>
        <radio op="I TIM" rat="LTE" q="22.40" rsrp="-97" sinr="3" rsrq="-14"/>
      </extensions>
    </trkpt>
    <trkpt lat="45.8876668" lon="10.8458803">
      <ele>123.19999694824219</ele>
      <time>2026-04-02T19:47:59.105+02:00</time>
      <extensions>
        <activity type="STILL" conf="31" state="still" tsMs="1775152073716"/>
        <radio op="vodafone IT" rat="LTE" q="25.00" rsrp="-100" sinr="5" rsrq="-8"/>
        <radio op="I TIM" rat="LTE" rsrp="-97" rsrq="-14"/>
      </extensions>
    </trkpt>
    <trkpt lat="45.8876216" lon="10.8457914">
      <ele>123.19999694824219</ele>
      <time>2026-04-02T19:48:57.173+02:00</time>
      <extensions>
        <activity type="UNKNOWN" conf="40" state="unknown" tsMs="1775152132514"/>
        <radio op="vodafone IT" rat="LTE" q="26.00" rsrp="-99" sinr="5" rsrq="-9"/>
        <radio op="I TIM" rat="LTE" rsrp="-99" rsrq="-14"/>
      </extensions>
    </trkpt>
    <trkpt lat="45.8876544" lon="10.8458472">
      <ele>123.19999694824219</ele>
      <time>2026-04-02T19:49:07.087+02:00</time>
      <extensions>
        <activity type="STILL" conf="98" state="still" tsMs="1775152139082"/>
        <radio op="vodafone IT" rat="LTE" q="30.00" rsrp="-100" sinr="7" rsrq="-10"/>
        <radio op="I TIM" rat="LTE" rsrp="-99" rsrq="-15"/>
      </extensions>
    </trkpt>
    <trkpt lat="45.8876503" lon="10.8457978">
      <ele>123.0999984741211</ele>
      <time>2026-04-02T19:49:17.087+02:00</time>
      <extensions>
        <activity type="UNKNOWN" conf="40" state="unknown" tsMs="1775152153926"/>
        <radio op="vodafone IT" rat="LTE" q="35.00" rsrp="-100" sinr="9" rsrq="-10"/>
        <radio op="I TIM" rat="LTE" rsrp="-99" rsrq="-15"/>
      </extensions>
    </trkpt>
    <trkpt lat="45.8876517" lon="10.8457894">
      <ele>123.4000015258789</ele>
      <time>2026-04-02T19:49:27.129+02:00</time>
      <extensions>
        <activity type="STILL" conf="97" state="still" tsMs="1775152159111"/>
        <radio op="vodafone IT" rat="LTE" q="23.40" rsrp="-99" sinr="4" rsrq="-9"/>
        <radio op="I TIM" rat="LTE" rsrp="-99" rsrq="-14"/>
      </extensions>
    </trkpt>
    <trkpt lat="45.8877394" lon="10.8455222">
      <ele>123.69999694824219</ele>
      <time>2026-04-02T20:05:36.503+02:00</time>
      <extensions>
        <activity type="ON_FOOT" conf="90" state="moving" tsMs="1775153135671"/>
        <radio op="vodafone IT" rat="LTE" q="43.40" rsrp="-94" sinr="9" rsrq="-10"/>
        <radio op="I TIM" rat="LTE" rsrp="-99" rsrq="-11"/>
      </extensions>
    </trkpt>
    <trkpt lat="45.8878748" lon="10.8449495">
      <ele>123.4000015258789</ele>
      <time>2026-04-02T20:06:07.495+02:00</time>
      <extensions>
        <activity type="ON_FOOT" conf="86" state="moving" tsMs="1775153139884"/>
        <radio op="vodafone IT" rat="LTE" q="41.60" rsrp="-93" sinr="8" rsrq="-10"/>
        <radio op="I TIM" rat="LTE" q="21.70" rsrp="-94" sinr="2" rsrq="-14"/>
      </extensions>
    </trkpt>
    <trkpt lat="45.8878929" lon="10.8449364">
      <ele>124.9000015258789</ele>
      <time>2026-04-02T20:06:15.09+02:00</time>
      <extensions>
        <activity type="ON_FOOT" conf="93" state="moving" tsMs="1775153162452"/>
        <radio op="vodafone IT" rat="LTE" q="30.60" rsrp="-91" sinr="4" rsrq="-8"/>
        <radio op="I TIM" rat="LTE" q="33.00" rsrp="-95" sinr="6" rsrq="-13"/>
      </extensions>
    </trkpt>
    <trkpt lat="45.8881758" lon="10.8435398">
      <ele>124.9000015258789</ele>
      <time>2026-04-02T20:07:46.537+02:00</time>
      <extensions>
        <activity type="ON_FOOT" conf="88" state="moving" tsMs="1775153261158"/>
        <radio op="vodafone IT" rat="LTE" q="23.00" rsrp="-102" sinr="5" rsrq="-9"/>
        <radio op="I TIM" rat="LTE" q="16.00" rsrp="-105" sinr="3" rsrq="-13"/>
      </extensions>
    </trkpt>
    <trkpt lat="45.8884375" lon="10.8428759">
      <ele>123.4000015258789</ele>
      <time>2026-04-02T20:08:20.717+02:00</time>
      <extensions>
        <activity type="ON_FOOT" conf="84" state="moving" tsMs="1775153299554"/>
        <radio op="vodafone IT" rat="LTE" rsrp="-113" rsrq="-11"/>
        <radio op="I TIM" rat="LTE" rsrp="-104" rsrq="-14"/>
      </extensions>
    </trkpt>
    <trkpt lat="45.8884343" lon="10.8429517">
      <ele>127.4000015258789</ele>
      <time>2026-04-02T20:08:31.091+02:00</time>
      <extensions>
        <activity type="ON_FOOT" conf="84" state="moving" tsMs="1775153299554"/>
        <radio op="vodafone IT" rat="LTE" q="12.80" rsrp="-109" sinr="3" rsrq="-13"/>
        <radio op="I TIM" rat="LTE" rsrp="-98" rsrq="-14"/>
      </extensions>
    </trkpt>
    <trkpt lat="45.8885116" lon="10.8428613">
      <ele>127.4000015258789</ele>
      <time>2026-04-02T20:08:40.09+02:00</time>
      <extensions>
        <activity type="ON_FOOT" conf="94" state="moving" tsMs="1775153304063"/>
        <radio op="vodafone IT" rat="LTE" q="24.30" rsrp="-98" sinr="4" rsrq="-12"/>
        <radio op="I TIM" rat="LTE" q="23.20" rsrp="-96" sinr="3" rsrq="-13"/>
      </extensions>
    </trkpt>
    <trkpt lat="45.8892796" lon="10.8422972">
      <ele>127.4000015258789</ele>
      <time>2026-04-02T20:09:56.091+02:00</time>
      <extensions>
        <activity type="ON_FOOT" conf="91" state="moving" tsMs="1775153395236"/>
        <radio op="vodafone IT" rat="LTE" q="70.00" rsrp="-97" sinr="22" rsrq="-9"/>
        <radio op="I TIM" rat="LTE" q="20.70" rsrp="-102" sinr="4" rsrq="-12"/>
      </extensions>
    </trkpt>
    <trkpt lat="45.8893142" lon="10.8422816">
      <ele>127.4000015258789</ele>
      <time>2026-04-02T20:09:57.09+02:00</time>
      <extensions>
        <activity type="ON_FOOT" conf="91" state="moving" tsMs="1775153395236"/>
        <radio op="vodafone IT" rat="LTE" q="60.90" rsrp="-96" sinr="16" rsrq="-9"/>
        <radio op="I TIM" rat="LTE" q="20.00" rsrp="-100" sinr="3" rsrq="-13"/>
      </extensions>
    </trkpt>
    <trkpt lat="45.8893165" lon="10.8422802">
      <ele>131.7493955724033</ele>
      <time>2026-04-02T20:10:44.316+02:00</time>
      <extensions>
        <activity type="ON_FOOT" conf="88" state="moving" tsMs="1775153439168"/>
        <radio op="vodafone IT" rat="LTE" q="22.40" rsrp="-109" sinr="9" rsrq="-11"/>
        <radio op="I TIM" rat="LTE" q="31.20" rsrp="-99" sinr="7" rsrq="-13"/>
      </extensions>
    </trkpt>
    <trkpt lat="45.8902041" lon="10.8422814">
      <ele>132.0423554204271</ele>
      <time>2026-04-02T20:11:18.678+02:00</time>
      <extensions>
        <activity type="UNKNOWN" conf="40" state="unknown" tsMs="1775153467535"/>
        <radio op="vodafone IT" rat="LTE" q="36.00" rsrp="-105" sinr="13" rsrq="-11"/>
        <radio op="I TIM" rat="LTE" q="22.50" rsrp="-100" sinr="4" rsrq="-13"/>
      </extensions>
    </trkpt>
    <trkpt lat="45.8903775" lon="10.8417314">
      <ele>132.46448327057462</ele>
      <time>2026-04-02T20:12:01.16+02:00</time>
      <extensions>
        <activity type="ON_FOOT" conf="90" state="moving" tsMs="1775153516166"/>
        <radio op="vodafone IT" rat="LTE" q="29.40" rsrp="-104" sinr="9" rsrq="-10"/>
        <radio op="I TIM" rat="LTE" q="43.50" rsrp="-96" sinr="10" rsrq="-10"/>
      </extensions>
    </trkpt>
    <trkpt lat="45.8903373" lon="10.8419039">
      <ele>132.0513528845787</ele>
      <time>2026-04-02T20:12:35.046+02:00</time>
      <extensions>
        <activity type="ON_FOOT" conf="94" state="moving" tsMs="1775153554351"/>
        <radio op="vodafone IT" rat="LTE" q="25.20" rsrp="-107" sinr="9" rsrq="-10"/>
        <radio op="I TIM" rat="LTE" q="37.70" rsrp="-96" sinr="8" rsrq="-12"/>
      </extensions>
    </trkpt>
    <trkpt lat="45.8903296" lon="10.8417759">
      <ele>134.8000030517578</ele>
      <time>2026-04-02T20:12:45.144+02:00</time>
      <extensions>
        <activity type="ON_FOOT" conf="94" state="moving" tsMs="1775153554351"/>
        <radio op="vodafone IT" rat="LTE" q="23.40" rsrp="-107" sinr="8" rsrq="-10"/>
        <radio op="I TIM" rat="LTE" q="52.50" rsrp="-90" sinr="10" rsrq="-12"/>
      </extensions>
    </trkpt>
    <trkpt lat="45.8903358" lon="10.8417681">
      <ele>134.8000030517578</ele>
      <time>2026-04-02T20:12:55.122+02:00</time>
      <extensions>
        <activity type="UNKNOWN" conf="40" state="unknown" tsMs="1775153574246"/>
        <radio op="vodafone IT" rat="LTE" q="28.00" rsrp="-105" sinr="9" rsrq="-11"/>
        <radio op="I TIM" rat="LTE" q="52.50" rsrp="-90" sinr="10" rsrq="-13"/>
      </extensions>
    </trkpt>
    <trkpt lat="45.890359" lon="10.8417627">
      <ele>135.10000610351562</ele>
      <time>2026-04-02T20:13:04.093+02:00</time>
      <extensions>
        <activity type="STILL" conf="97" state="still" tsMs="1775153579514"/>
        <radio op="vodafone IT" rat="LTE" q="20.40" rsrp="-108" sinr="7" rsrq="-11"/>
        <radio op="I TIM" rat="LTE" q="28.00" rsrp="-90" sinr="3" rsrq="-12"/>
      </extensions>
    </trkpt>
    <trkpt lat="45.8902827" lon="10.8421023">
      <ele>134.60000610351562</ele>
      <time>2026-04-02T20:14:18.948+02:00</time>
      <extensions>
        <activity type="ON_FOOT" conf="96" state="moving" tsMs="1775153639541"/>
        <radio op="vodafone IT" rat="LTE" q="27.00" rsrp="-107" sinr="10" rsrq="-11"/>
        <radio op="I TIM" rat="LTE" q="36.40" rsrp="-97" sinr="8" rsrq="-12"/>
      </extensions>
    </trkpt>
    <trkpt lat="45.8903071" lon="10.8419487">
      <ele>134.60000610351562</ele>
      <time>2026-04-02T20:15:01.584+02:00</time>
      <extensions>
        <activity type="UNKNOWN" conf="40" state="unknown" tsMs="1775153696180"/>
        <radio op="vodafone IT" rat="LTE" q="46.00" rsrp="-102" sinr="15" rsrq="-10"/>
        <radio op="I TIM" rat="LTE" q="42.00" rsrp="-97" sinr="10" rsrq="-13"/>
      </extensions>
    </trkpt>
    <trkpt lat="45.8902284" lon="10.8422492">
      <ele>132.8247060897696</ele>
      <time>2026-04-02T20:16:54.903+02:00</time>
      <extensions>
        <activity type="UNKNOWN" conf="40" state="unknown" tsMs="1775153814565"/>
        <radio op="vodafone IT" rat="LTE" q="32.40" rsrp="-107" sinr="13" rsrq="-11"/>
        <radio op="I TIM" rat="LTE" q="43.50" rsrp="-96" sinr="10" rsrq="-13"/>
      </extensions>
    </trkpt>
    <trkpt lat="45.8902374" lon="10.84212">
      <ele>131.586864029745</ele>
      <time>2026-04-02T20:17:44.201+02:00</time>
      <extensions>
        <activity type="UNKNOWN" conf="40" state="unknown" tsMs="1775153853557"/>
        <radio op="vodafone IT" rat="LTE" q="48.30" rsrp="-102" sinr="16" rsrq="-10"/>
        <radio op="I TIM" rat="LTE" q="50.40" rsrp="-97" sinr="13" rsrq="-12"/>
      </extensions>
    </trkpt>
    <trkpt lat="45.8902826" lon="10.8420139">
      <ele>132.51054708886255</ele>
      <time>2026-04-02T20:18:58.208+02:00</time>
      <extensions>
        <activity type="STILL" conf="48" state="still" tsMs="1775153933172"/>
        <radio op="vodafone IT" rat="LTE" q="20.80" rsrp="-109" sinr="8" rsrq="-11"/>
        <radio op="I TIM" rat="LTE" q="58.00" rsrp="-96" sinr="15" rsrq="-11"/>
      </extensions>
    </trkpt>
    <trkpt lat="45.8902972" lon="10.8419652">
      <ele>134.60000610351562</ele>
      <time>2026-04-02T20:19:32.974+02:00</time>
      <extensions>
        <activity type="STILL" conf="57" state="still" tsMs="1775153966558"/>
        <radio op="vodafone IT" rat="LTE" q="57.20" rsrp="-99" sinr="17" rsrq="-10"/>
        <radio op="I TIM" rat="LTE" q="55.10" rsrp="-96" sinr="14" rsrq="-12"/>
      </extensions>
    </trkpt>
    <trkpt lat="45.8902988" lon="10.8419845">
      <ele>132.66147242723935</ele>
      <time>2026-04-02T20:20:26.565+02:00</time>
      <extensions>
        <activity type="STILL" conf="55" state="still" tsMs="1775154023409"/>
        <radio op="vodafone IT" rat="LTE" q="26.60" rsrp="-106" sinr="9" rsrq="-10"/>
        <radio op="I TIM" rat="LTE" q="32.40" rsrp="-98" sinr="7" rsrq="-12"/>
      </extensions>
    </trkpt>
    <trkpt lat="45.890266" lon="10.8420697">
      <ele>132.43125409222034</ele>
      <time>2026-04-02T20:21:48.117+02:00</time>
      <extensions>
        <activity type="STILL" conf="99" state="still" tsMs="1775154106172"/>
        <radio op="vodafone IT" rat="LTE" q="18.00" rsrp="-110" sinr="7" rsrq="-11"/>
        <radio op="I TIM" rat="LTE" q="40.50" rsrp="-98" sinr="10" rsrq="-12"/>
      </extensions>
    </trkpt>
    <trkpt lat="45.8902309" lon="10.8421244">
      <ele>132.16406888929643</ele>
      <time>2026-04-02T20:22:33.464+02:00</time>
      <extensions>
        <activity type="STILL" conf="46" state="still" tsMs="1775154145547"/>
        <radio op="vodafone IT" rat="LTE" q="22.10" rsrp="-108" sinr="8" rsrq="-10"/>
        <radio op="I TIM" rat="LTE" q="29.90" rsrp="-102" sinr="8" rsrq="-12"/>
      </extensions>
    </trkpt>
    <trkpt lat="45.8902661" lon="10.8421425">
      <ele>130.29651370951234</ele>
      <time>2026-04-02T20:30:13.26+02:00</time>
      <extensions>
        <activity type="UNKNOWN" conf="40" state="unknown" tsMs="1775154613278"/>
        <radio op="vodafone IT" rat="LTE" q="30.40" rsrp="-106" sinr="11" rsrq="-9"/>
        <radio op="I TIM" rat="LTE" q="60.80" rsrp="-93" sinr="14" rsrq="-11"/>
      </extensions>
    </trkpt>
    <trkpt lat="45.8902785" lon="10.8421365">
      <ele>129.99942008579444</ele>
      <time>2026-04-02T20:30:56.622+02:00</time>
      <extensions>
        <activity type="STILL" conf="98" state="still" tsMs="1775154653195"/>
        <radio op="vodafone IT" rat="LTE" q="32.00" rsrp="-105" sinr="11" rsrq="-11"/>
        <radio op="I TIM" rat="LTE" q="42.00" rsrp="-95" sinr="9" rsrq="-11"/>
      </extensions>
    </trkpt>
    <trkpt lat="45.8902564" lon="10.8420981">
      <ele>131.7524010856374</ele>
      <time>2026-04-02T20:31:35.222+02:00</time>
      <extensions>
        <activity type="UNKNOWN" conf="40" state="unknown" tsMs="1775154690257"/>
        <radio op="vodafone IT" rat="LTE" q="24.70" rsrp="-106" sinr="8" rsrq="-9"/>
        <radio op="I TIM" rat="LTE" q="55.80" rsrp="-94" sinr="13" rsrq="-13"/>
      </extensions>
    </trkpt>
    <trkpt lat="45.8902587" lon="10.8421252">
      <ele>131.703939373252</ele>
      <time>2026-04-02T20:32:09.406+02:00</time>
      <extensions>
        <activity type="STILL" conf="99" state="still" tsMs="1775154727822"/>
        <radio op="vodafone IT" rat="LTE" q="28.00" rsrp="-105" sinr="9" rsrq="-8"/>
        <radio op="I TIM" rat="LTE" q="68.20" rsrp="-94" sinr="17" rsrq="-13"/>
      </extensions>
    </trkpt>
    <trkpt lat="45.8902681" lon="10.8421001">
      <ele>131.66658378771604</ele>
      <time>2026-04-02T20:33:12.865+02:00</time>
      <extensions>
        <activity type="STILL" conf="96" state="still" tsMs="1775154792566"/>
        <radio op="vodafone IT" rat="LTE" q="9.60" rsrp="-113" sinr="3" rsrq="-11"/>
        <radio op="I TIM" rat="LTE" q="42.00" rsrp="-97" sinr="10" rsrq="-13"/>
      </extensions>
    </trkpt>
    <trkpt lat="45.8903964" lon="10.8416848">
      <ele>134.8000030517578</ele>
      <time>2026-04-02T20:42:48.161+02:00</time>
      <extensions>
        <activity type="UNKNOWN" conf="40" state="unknown" tsMs="1775155367597"/>
        <radio op="vodafone IT" rat="LTE" rsrp="-103" rsrq="-13"/>
        <radio op="I TIM" rat="LTE" q="40.00" rsrp="-100" sinr="11" rsrq="-12"/>
      </extensions>
    </trkpt>
    <trkpt lat="45.8903985" lon="10.8420223">
      <ele>134.60000610351562</ele>
      <time>2026-04-02T20:44:18.543+02:00</time>
      <extensions>
        <activity type="UNKNOWN" conf="40" state="unknown" tsMs="1775155437615"/>
        <radio op="vodafone IT" rat="LTE" q="14.00" rsrp="-111" sinr="5" rsrq="-11"/>
        <radio op="I TIM" rat="LTE" q="24.00" rsrp="-101" sinr="5" rsrq="-13"/>
      </extensions>
    </trkpt>
    <trkpt lat="45.8903771" lon="10.8420278">
      <ele>134.60000610351562</ele>
      <time>2026-04-02T20:45:14.658+02:00</time>
      <extensions>
        <activity type="STILL" conf="43" state="still" tsMs="1775155509224"/>
        <radio op="vodafone IT" rat="LTE" rsrp="-101" rsrq="-12"/>
        <radio op="I TIM" rat="LTE" q="38.40" rsrp="-101" sinr="11" rsrq="-13"/>
      </extensions>
    </trkpt>
    <trkpt lat="45.8904022" lon="10.8418432">
      <ele>134.60000610351562</ele>
      <time>2026-04-02T20:46:06.376+02:00</time>
      <extensions>
        <activity type="STILL" conf="43" state="still" tsMs="1775155566230"/>
        <radio op="vodafone IT" rat="LTE" q="7.00" rsrp="-111" sinr="0" rsrq="-12"/>
        <radio op="I TIM" rat="LTE" q="27.50" rsrp="-100" sinr="6" rsrq="-13"/>
      </extensions>
    </trkpt>
    <trkpt lat="45.8903574" lon="10.8417954">
      <ele>134.8000030517578</ele>
      <time>2026-04-02T20:46:37.52+02:00</time>
      <extensions>
        <activity type="STILL" conf="99" state="still" tsMs="1775155594466"/>
        <radio op="vodafone IT" rat="LTE" rsrp="-111" rsrq="-14"/>
        <radio op="I TIM" rat="LTE" q="31.20" rsrp="-101" sinr="8" rsrq="-10"/>
      </extensions>
    </trkpt>
    <trkpt lat="45.8903682" lon="10.8418743">
      <ele>131.71023601585796</ele>
      <time>2026-04-02T20:47:17.578+02:00</time>
      <extensions>
        <activity type="STILL" conf="99" state="still" tsMs="1775155632233"/>
        <radio op="vodafone IT" rat="LTE" rsrp="-103" rsrq="-12"/>
        <radio op="I TIM" rat="LTE" q="49.40" rsrp="-99" sinr="14" rsrq="-12"/>
      </extensions>
    </trkpt>
    <trkpt lat="45.8903452" lon="10.8419822">
      <ele>134.60000610351562</ele>
      <time>2026-04-02T20:48:06.418+02:00</time>
      <extensions>
        <activity type="STILL" conf="99" state="still" tsMs="1775155676560"/>
        <radio op="vodafone IT" rat="LTE" q="16.90" rsrp="-112" sinr="8" rsrq="-11"/>
        <radio op="I TIM" rat="LTE" q="20.70" rsrp="-102" sinr="4" rsrq="-13"/>
      </extensions>
    </trkpt>
    <trkpt lat="45.8903687" lon="10.8416903">
      <ele>134.8000030517578</ele>
      <time>2026-04-02T20:49:37.253+02:00</time>
      <extensions>
        <activity type="STILL" conf="99" state="still" tsMs="1775155755583"/>
        <radio op="vodafone IT" rat="LTE" q="16.90" rsrp="-112" sinr="8" rsrq="-10"/>
        <radio op="I TIM" rat="LTE" q="31.20" rsrp="-101" sinr="8" rsrq="-13"/>
      </extensions>
    </trkpt>
    <trkpt lat="45.8902704" lon="10.8419905">
      <ele>134.60000610351562</ele>
      <time>2026-04-02T20:50:20.528+02:00</time>
      <extensions>
        <activity type="UNKNOWN" conf="40" state="unknown" tsMs="1775155815622"/>
        <radio op="vodafone IT" rat="LTE" q="28.80" rsrp="-107" sinr="11" rsrq="-10"/>
        <radio op="I TIM" rat="LTE" q="28.60" rsrp="-99" sinr="6" rsrq="-11"/>
      </extensions>
    </trkpt>
    <trkpt lat="45.8902395" lon="10.8421082">
      <ele>134.60000610351562</ele>
      <time>2026-04-02T20:51:05.963+02:00</time>
      <extensions>
        <activity type="STILL" conf="42" state="still" tsMs="1775155862545"/>
        <radio op="vodafone IT" rat="LTE" q="34.20" rsrp="-106" sinr="13" rsrq="-9"/>
        <radio op="I TIM" rat="LTE" q="31.20" rsrp="-99" sinr="7" rsrq="-12"/>
      </extensions>
    </trkpt>
    <trkpt lat="45.8902466" lon="10.8421887">
      <ele>134.60000610351562</ele>
      <time>2026-04-02T20:51:37.624+02:00</time>
      <extensions>
        <activity type="UNKNOWN" conf="40" state="unknown" tsMs="1775155897220"/>
        <radio op="vodafone IT" rat="LTE" q="24.00" rsrp="-109" sinr="10" rsrq="-11"/>
        <radio op="I TIM" rat="LTE" q="27.00" rsrp="-95" sinr="4" rsrq="-12"/>
      </extensions>
    </trkpt>
    <trkpt lat="45.8902621" lon="10.8421438">
      <ele>134.60000610351562</ele>
      <time>2026-04-02T20:52:23.715+02:00</time>
      <extensions>
        <activity type="UNKNOWN" conf="40" state="unknown" tsMs="1775155943322"/>
        <radio op="vodafone IT" rat="LTE" q="43.20" rsrp="-98" sinr="11" rsrq="-10"/>
        <radio op="I TIM" rat="LTE" q="48.10" rsrp="-88" sinr="8" rsrq="-13"/>
      </extensions>
    </trkpt>
    <trkpt lat="45.8902787" lon="10.8420969">
      <ele>134.60000610351562</ele>
      <time>2026-04-02T20:52:52.837+02:00</time>
      <extensions>
        <activity type="UNKNOWN" conf="40" state="unknown" tsMs="1775155970229"/>
        <radio op="vodafone IT" rat="LTE" rsrp="-99" rsrq="-17"/>
        <radio op="I TIM" rat="LTE" q="31.50" rsrp="-90" sinr="4" rsrq="-13"/>
      </extensions>
    </trkpt>
    <trkpt lat="45.8902469" lon="10.8424245">
      <ele>134.60000610351562</ele>
      <time>2026-04-02T20:53:03.114+02:00</time>
      <extensions>
        <activity type="UNKNOWN" conf="40" state="unknown" tsMs="1775155970229"/>
        <radio op="vodafone IT" rat="LTE" rsrp="-96" rsrq="-14"/>
        <radio op="I TIM" rat="LTE" q="49.40" rsrp="-87" sinr="8" rsrq="-14"/>
      </extensions>
    </trkpt>
    <trkpt lat="45.8902469" lon="10.8424245">
      <ele>134.60000610351562</ele>
      <time>2026-04-02T20:53:13.115+02:00</time>
      <extensions>
        <activity type="IN_VEHICLE" conf="91" state="moving" tsMs="1775155976158"/>
        <radio op="vodafone IT" rat="LTE" rsrp="-95" rsrq="-15"/>
        <radio op="I TIM" rat="LTE" q="45.60" rsrp="-87" sinr="7" rsrq="-13"/>
      </extensions>
    </trkpt>
    <trkpt lat="45.8902622" lon="10.8424207">
      <ele>134.60000610351562</ele>
      <time>2026-04-02T20:53:24.115+02:00</time>
      <extensions>
        <activity type="IN_VEHICLE" conf="96" state="moving" tsMs="1775156003761"/>
        <radio op="vodafone IT" rat="LTE" rsrp="-94" rsrq="-16"/>
        <radio op="I TIM" rat="LTE" q="18.50" rsrp="-88" sinr="0" rsrq="-12"/>
      </extensions>
    </trkpt>
    <trkpt lat="45.8902875" lon="10.8423756">
      <ele>134.60000610351562</ele>
      <time>2026-04-02T20:53:34.114+02:00</time>
      <extensions>
        <activity type="IN_VEHICLE" conf="97" state="moving" tsMs="1775156014402"/>
        <radio op="vodafone IT" rat="LTE" rsrp="-95" rsrq="-16"/>
        <radio op="I TIM" rat="LTE" q="39.00" rsrp="-86" sinr="5" rsrq="-13"/>
      </extensions>
    </trkpt>
    <trkpt lat="45.8903206" lon="10.8423062">
      <ele>134.60000610351562</ele>
      <time>2026-04-02T20:53:44.114+02:00</time>
      <extensions>
        <activity type="IN_VEHICLE" conf="97" state="moving" tsMs="1775156019705"/>
        <radio op="vodafone IT" rat="LTE" rsrp="-95" rsrq="-17"/>
        <radio op="I TIM" rat="LTE" q="26.60" rsrp="-87" sinr="2" rsrq="-12"/>
      </extensions>
    </trkpt>
    <trkpt lat="45.8903076" lon="10.8420938">
      <ele>134.60000610351562</ele>
      <time>2026-04-02T20:53:54.114+02:00</time>
      <extensions>
        <activity type="IN_VEHICLE" conf="97" state="moving" tsMs="1775156030356"/>
        <radio op="vodafone IT" rat="LTE" rsrp="-91" rsrq="-17"/>
        <radio op="I TIM" rat="LTE" q="56.00" rsrp="-84" sinr="9" rsrq="-11"/>
      </extensions>
    </trkpt>
    <trkpt lat="45.8903198" lon="10.8418099">
      <ele>134.60000610351562</ele>
      <time>2026-04-02T20:54:04.115+02:00</time>
      <extensions>
        <activity type="IN_VEHICLE" conf="97" state="moving" tsMs="1775156040990"/>
        <radio op="vodafone IT" rat="LTE" rsrp="-91" rsrq="-12"/>
        <radio op="I TIM" rat="LTE" q="52.00" rsrp="-81" sinr="8" rsrq="-13"/>
      </extensions>
    </trkpt>
    <trkpt lat="45.8906563" lon="10.8416468">
      <ele>134.60000610351562</ele>
      <time>2026-04-02T20:54:14.114+02:00</time>
      <extensions>
        <activity type="IN_VEHICLE" conf="97" state="moving" tsMs="1775156051651"/>
        <radio op="vodafone IT" rat="LTE" rsrp="-96" rsrq="-16"/>
        <radio op="I TIM" rat="LTE" q="19.00" rsrp="-87" sinr="0" rsrq="-11"/>
      </extensions>
    </trkpt>
    <trkpt lat="45.8908084" lon="10.8417943">
      <ele>134.0</ele>
      <time>2026-04-02T20:54:24.115+02:00</time>
      <extensions>
        <activity type="IN_VEHICLE" conf="97" state="moving" tsMs="1775156062275"/>
        <radio op="vodafone IT" rat="LTE" q="52.00" rsrp="-81" sinr="8" rsrq="-9"/>
        <radio op="I TIM" rat="LTE" q="60.00" rsrp="-80" sinr="10" rsrq="-13"/>
      </extensions>
    </trkpt>
    <trkpt lat="45.8908321" lon="10.8426259">
      <ele>134.0</ele>
      <time>2026-04-02T20:54:34.114+02:00</time>
      <extensions>
        <activity type="IN_VEHICLE" conf="97" state="moving" tsMs="1775156072936"/>
        <radio op="vodafone IT" rat="LTE" rsrp="-99" rsrq="-17"/>
        <radio op="I TIM" rat="LTE" q="22.20" rsrp="-88" sinr="1" rsrq="-13"/>
      </extensions>
    </trkpt>
    <trkpt lat="45.8908259" lon="10.8429125">
      <ele>131.0</ele>
      <time>2026-04-02T20:54:44.115+02:00</time>
      <extensions>
        <activity type="IN_VEHICLE" conf="97" state="moving" tsMs="1775156083590"/>
        <radio op="vodafone IT" rat="LTE" q="36.00" rsrp="-84" sinr="4" rsrq="-11"/>
        <radio op="I TIM" rat="LTE" q="21.00" rsrp="-90" sinr="1" rsrq="-14"/>
      </extensions>
    </trkpt>
    <trkpt lat="45.8909314" lon="10.8429953">
      <ele>131.0</ele>
      <time>2026-04-02T20:54:54.114+02:00</time>
      <extensions>
        <activity type="IN_VEHICLE" conf="97" state="moving" tsMs="1775156094262"/>
        <radio op="vodafone IT" rat="LTE" rsrp="-91" rsrq="-15"/>
        <radio op="I TIM" rat="LTE" q="37.00" rsrp="-88" sinr="5" rsrq="-13"/>
      </extensions>
    </trkpt>
    <trkpt lat="45.8917399" lon="10.8429568">
      <ele>137.0</ele>
      <time>2026-04-02T20:55:05.114+02:00</time>
      <extensions>
        <activity type="IN_VEHICLE" conf="97" state="moving" tsMs="1775156104893"/>
        <radio op="vodafone IT" rat="LTE" q="31.20" rsrp="-86" sinr="3" rsrq="-15"/>
        <radio op="I TIM" rat="LTE" q="64.00" rsrp="-84" sinr="11" rsrq="-11"/>
      </extensions>
    </trkpt>
    <trkpt lat="45.8927464" lon="10.8429325">
      <ele>140.0</ele>
      <time>2026-04-02T20:55:15.114+02:00</time>
      <extensions>
        <activity type="IN_VEHICLE" conf="97" state="moving" tsMs="1775156115558"/>
        <radio op="vodafone IT" rat="LTE" q="48.00" rsrp="-74" sinr="7" rsrq="-7"/>
        <radio op="I TIM" rat="LTE" q="64.00" rsrp="-70" sinr="11" rsrq="-12"/>
      </extensions>
    </trkpt>
    <trkpt lat="45.8937049" lon="10.8430814">
      <ele>143.0</ele>
      <time>2026-04-02T20:55:25.114+02:00</time>
      <extensions>
        <activity type="IN_VEHICLE" conf="97" state="moving" tsMs="1775156120870"/>
        <radio op="vodafone IT" rat="LTE" q="68.00" rsrp="-65" sinr="12" rsrq="-13"/>
        <radio op="I TIM" rat="LTE" q="44.00" rsrp="-66" sinr="6" rsrq="-12"/>
      </extensions>
    </trkpt>
    <trkpt lat="45.894339" lon="10.8435151">
      <ele>140.0</ele>
      <time>2026-04-02T20:55:35.115+02:00</time>
      <extensions>
        <activity type="IN_VEHICLE" conf="97" state="moving" tsMs="1775156131534"/>
        <radio op="vodafone IT" rat="LTE" q="52.00" rsrp="-62" sinr="8" rsrq="-11"/>
        <radio op="I TIM" rat="LTE" q="24.00" rsrp="-63" sinr="1" rsrq="-9"/>
      </extensions>
    </trkpt>
    <trkpt lat="45.8947071" lon="10.8430786">
      <ele>140.0</ele>
      <time>2026-04-02T20:55:45.115+02:00</time>
      <extensions>
        <activity type="IN_VEHICLE" conf="97" state="moving" tsMs="1775156142163"/>
        <radio op="vodafone IT" rat="LTE" q="56.00" rsrp="-58" sinr="9" rsrq="-12"/>
        <radio op="I TIM" rat="LTE" q="68.00" rsrp="-66" sinr="12" rsrq="-8"/>
      </extensions>
    </trkpt>
    <trkpt lat="45.8951353" lon="10.8418483">
      <ele>144.0</ele>
      <time>2026-04-02T20:55:55.114+02:00</time>
      <extensions>
        <activity type="IN_VEHICLE" conf="97" state="moving" tsMs="1775156152845"/>
        <radio op="vodafone IT" rat="LTE" q="48.00" rsrp="-70" sinr="7" rsrq="-10"/>
        <radio op="I TIM" rat="LTE" q="64.00" rsrp="-67" sinr="11" rsrq="-11"/>
      </extensions>
    </trkpt>
    <trkpt lat="45.8960215" lon="10.8406229">
      <ele>147.0</ele>
      <time>2026-04-02T20:56:05.114+02:00</time>
      <extensions>
        <activity type="IN_VEHICLE" conf="97" state="moving" tsMs="1775156163517"/>
        <radio op="vodafone IT" rat="LTE" q="20.00" rsrp="-77" sinr="0" rsrq="-13"/>
        <radio op="I TIM" rat="LTE" q="36.00" rsrp="-66" sinr="4" rsrq="-9"/>
      </extensions>
    </trkpt>
    <trkpt lat="45.8965121" lon="10.8389569">
      <ele>150.0</ele>
      <time>2026-04-02T20:56:15.115+02:00</time>
      <extensions>
        <activity type="IN_VEHICLE" conf="97" state="moving" tsMs="1775156174123"/>
        <radio op="vodafone IT" rat="LTE" q="44.00" rsrp="-68" sinr="6" rsrq="-9"/>
        <radio op="I TIM" rat="LTE" q="32.00" rsrp="-66" sinr="3" rsrq="-12"/>
      </extensions>
    </trkpt>
    <trkpt lat="45.8965877" lon="10.8379557">
      <ele>152.0</ele>
      <time>2026-04-02T20:56:25.114+02:00</time>
      <extensions>
        <activity type="IN_VEHICLE" conf="97" state="moving" tsMs="1775156184747"/>
        <radio op="vodafone IT" rat="LTE" q="68.00" rsrp="-61" sinr="12" rsrq="-5"/>
        <radio op="I TIM" rat="LTE" q="68.00" rsrp="-65" sinr="12" rsrq="-11"/>
      </extensions>
    </trkpt>
    <trkpt lat="45.896612" lon="10.8370531">
      <ele>157.0</ele>
      <time>2026-04-02T20:56:35.115+02:00</time>
      <extensions>
        <activity type="IN_VEHICLE" conf="97" state="moving" tsMs="1775156195359"/>
        <radio op="vodafone IT" rat="LTE" q="76.00" rsrp="-63" sinr="14" rsrq="-8"/>
        <radio op="I TIM" rat="LTE" q="44.00" rsrp="-65" sinr="6" rsrq="-11"/>
      </extensions>
    </trkpt>
    <trkpt lat="45.8967911" lon="10.8357895">
      <ele>166.0</ele>
      <time>2026-04-02T20:56:46.115+02:00</time>
      <extensions>
        <activity type="IN_VEHICLE" conf="96" state="moving" tsMs="1775156205962"/>
        <radio op="vodafone IT" rat="LTE" q="96.00" rsrp="-63" sinr="19" rsrq="-4"/>
        <radio op="I TIM" rat="LTE" q="76.00" rsrp="-59" sinr="14" rsrq="-9"/>
      </extensions>
    </trkpt>
    <trkpt lat="45.897681" lon="10.8350515">
      <ele>175.0</ele>
      <time>2026-04-02T20:56:56.114+02:00</time>
      <extensions>
        <activity type="IN_VEHICLE" conf="97" state="moving" tsMs="1775156216622"/>
        <radio op="vodafone IT" rat="LTE" rsrp="-87" rsrq="-14"/>
        <radio op="I TIM" rat="LTE" rsrp="-72" rsrq="-16"/>
      </extensions>
    </trkpt>
    <trkpt lat="45.8985485" lon="10.8343022">
      <ele>183.0</ele>
      <time>2026-04-02T20:57:06.114+02:00</time>
      <extensions>
        <activity type="IN_VEHICLE" conf="97" state="moving" tsMs="1775156221945"/>
        <radio op="vodafone IT" rat="LTE" q="52.00" rsrp="-84" sinr="8" rsrq="-10"/>
        <radio op="I TIM" rat="LTE" q="36.00" rsrp="-72" sinr="4" rsrq="-12"/>
      </extensions>
    </trkpt>
    <trkpt lat="45.8994615" lon="10.8344501">
      <ele>191.0</ele>
      <time>2026-04-02T20:57:16.114+02:00</time>
      <extensions>
        <activity type="IN_VEHICLE" conf="97" state="moving" tsMs="1775156232566"/>
        <radio op="vodafone IT" rat="LTE" q="17.50" rsrp="-90" sinr="0" rsrq="-12"/>
        <radio op="I TIM" rat="LTE" rsrp="-75" rsrq="-11"/>
      </extensions>
    </trkpt>
    <trkpt lat="45.9005608" lon="10.8345226">
      <ele>199.0</ele>
      <time>2026-04-02T20:57:26.114+02:00</time>
      <extensions>
        <activity type="IN_VEHICLE" conf="97" state="moving" tsMs="1775156243234"/>
        <radio op="vodafone IT" rat="LTE" q="28.00" rsrp="-83" sinr="2" rsrq="-11"/>
        <radio op="I TIM" rat="LTE" rsrp="-89" rsrq="-14"/>
      </extensions>
    </trkpt>
    <trkpt lat="45.9017646" lon="10.8341505">
      <ele>208.0</ele>
      <time>2026-04-02T20:57:36.114+02:00</time>
      <extensions>
        <activity type="IN_VEHICLE" conf="97" state="moving" tsMs="1775156253883"/>
        <radio op="vodafone IT" rat="LTE" q="40.00" rsrp="-83" sinr="5" rsrq="-10"/>
        <radio op="I TIM" rat="LTE" rsrp="-89" rsrq="-18"/>
      </extensions>
    </trkpt>
    <trkpt lat="45.9023308" lon="10.8340333">
      <ele>211.0</ele>
      <time>2026-04-02T20:57:46.115+02:00</time>
      <extensions>
        <activity type="IN_VEHICLE" conf="97" state="moving" tsMs="1775156264535"/>
        <radio op="vodafone IT" rat="LTE" q="59.20" rsrp="-88" sinr="11" rsrq="-11"/>
        <radio op="I TIM" rat="LTE" rsrp="-91" rsrq="-17"/>
      </extensions>
    </trkpt>
    <trkpt lat="45.9015388" lon="10.8338607">
      <ele>214.0</ele>
      <time>2026-04-02T20:57:56.115+02:00</time>
      <extensions>
        <activity type="IN_VEHICLE" conf="97" state="moving" tsMs="1775156275156"/>
        <radio op="vodafone IT" rat="LTE" q="24.00" rsrp="-85" sinr="1" rsrq="-10"/>
        <radio op="I TIM" rat="LTE" rsrp="-97" rsrq="-21"/>
      </extensions>
    </trkpt>
    <trkpt lat="45.9004565" lon="10.8339723">
      <ele>221.0</ele>
      <time>2026-04-02T20:58:07.114+02:00</time>
      <extensions>
        <activity type="IN_VEHICLE" conf="97" state="moving" tsMs="1775156285776"/>
        <radio op="vodafone IT" rat="LTE" q="20.40" rsrp="-91" sinr="1" rsrq="-12"/>
        <radio op="I TIM" rat="LTE" rsrp="-92" rsrq="-15"/>
      </extensions>
    </trkpt>
    <trkpt lat="45.9005757" lon="10.8337077">
      <ele>223.0</ele>
      <time>2026-04-02T20:58:17.115+02:00</time>
      <extensions>
        <activity type="IN_VEHICLE" conf="97" state="moving" tsMs="1775156296408"/>
        <radio op="vodafone IT" rat="LTE" q="24.00" rsrp="-95" sinr="3" rsrq="-13"/>
        <radio op="I TIM" rat="LTE" q="33.00" rsrp="-95" sinr="6" rsrq="-11"/>
      </extensions>
    </trkpt>
    <trkpt lat="45.9012615" lon="10.8337683">
      <ele>229.0</ele>
      <time>2026-04-02T20:58:27.114+02:00</time>
      <extensions>
        <activity type="IN_VEHICLE" conf="97" state="moving" tsMs="1775156307061"/>
        <radio op="vodafone IT" rat="LTE" q="60.00" rsrp="-83" sinr="10" rsrq="-10"/>
        <radio op="I TIM" rat="LTE" rsrp="-96" rsrq="-17"/>
      </extensions>
    </trkpt>
    <trkpt lat="45.9023526" lon="10.8333468">
      <ele>237.0</ele>
      <time>2026-04-02T20:58:37.114+02:00</time>
      <extensions>
        <activity type="IN_VEHICLE" conf="96" state="moving" tsMs="1775156317727"/>
        <radio op="vodafone IT" rat="LTE" q="30.60" rsrp="-91" sinr="4" rsrq="-12"/>
        <radio op="I TIM" rat="LTE" rsrp="-96" rsrq="-19"/>
      </extensions>
    </trkpt>
    <trkpt lat="45.9036284" lon="10.833632">
      <ele>245.0</ele>
      <time>2026-04-02T20:58:47.115+02:00</time>
      <extensions>
        <activity type="IN_VEHICLE" conf="97" state="moving" tsMs="1775156323035"/>
        <radio op="vodafone IT" rat="LTE" q="44.00" rsrp="-84" sinr="6" rsrq="-10"/>
        <radio op="I TIM" rat="LTE" rsrp="-81" rsrq="-16"/>
      </extensions>
    </trkpt>
    <trkpt lat="45.904577" lon="10.834003">
      <ele>252.0</ele>
      <time>2026-04-02T20:58:57.114+02:00</time>
      <extensions>
        <activity type="IN_VEHICLE" conf="97" state="moving" tsMs="1775156333704"/>
        <radio op="vodafone IT" rat="LTE" q="21.00" rsrp="-95" sinr="2" rsrq="-12"/>
        <radio op="I TIM" rat="LTE" rsrp="-97" rsrq="-17"/>
      </extensions>
    </trkpt>
    <trkpt lat="45.9041455" lon="10.8334805">
      <ele>253.0</ele>
      <time>2026-04-02T20:59:07.114+02:00</time>
      <extensions>
        <activity type="IN_VEHICLE" conf="97" state="moving" tsMs="1775156344355"/>
        <radio op="vodafone IT" rat="LTE" q="53.20" rsrp="-87" sinr="9" rsrq="-10"/>
        <radio op="I TIM" rat="LTE" rsrp="-99" rsrq="-17"/>
      </extensions>
    </trkpt>
    <trkpt lat="45.9032934" lon="10.8328219">
      <ele>259.0</ele>
      <time>2026-04-02T20:59:17.114+02:00</time>
      <extensions>
        <activity type="IN_VEHICLE" conf="97" state="moving" tsMs="1775156354961"/>
        <radio op="vodafone IT" rat="LTE" q="89.70" rsrp="-86" sinr="18" rsrq="-9"/>
        <radio op="I TIM" rat="LTE" rsrp="-103" rsrq="-18"/>
      </extensions>
    </trkpt>
    <trkpt lat="45.9021901" lon="10.8325103">
      <ele>267.0</ele>
      <time>2026-04-02T20:59:27.113+02:00</time>
      <extensions>
        <activity type="IN_VEHICLE" conf="97" state="moving" tsMs="1775156365609"/>
        <radio op="vodafone IT" rat="LTE" q="35.20" rsrp="-93" sinr="6" rsrq="-11"/>
        <radio op="I TIM" rat="LTE" rsrp="-90" rsrq="-13"/>
      </extensions>
    </trkpt>
    <trkpt lat="45.901424" lon="10.8322822">
      <ele>273.0</ele>
      <time>2026-04-02T20:59:38.114+02:00</time>
      <extensions>
        <activity type="IN_VEHICLE" conf="97" state="moving" tsMs="1775156376264"/>
        <radio op="vodafone IT" rat="LTE" q="96.00" rsrp="-81" sinr="19" rsrq="-10"/>
        <radio op="I TIM" rat="LTE" rsrp="-100" rsrq="-20"/>
      </extensions>
    </trkpt>
    <trkpt lat="45.9020162" lon="10.8322696">
      <ele>276.0</ele>
      <time>2026-04-02T20:59:48.113+02:00</time>
      <extensions>
        <activity type="IN_VEHICLE" conf="97" state="moving" tsMs="1775156386895"/>
        <radio op="vodafone IT" rat="LTE" q="56.00" rsrp="-90" sinr="11" rsrq="-10"/>
        <radio op="I TIM" rat="LTE" q="16.00" rsrp="-93" sinr="0" rsrq="-16"/>
      </extensions>
    </trkpt>
    <trkpt lat="45.903036" lon="10.8320874">
      <ele>281.0</ele>
      <time>2026-04-02T20:59:58.113+02:00</time>
      <extensions>
        <activity type="IN_VEHICLE" conf="97" state="moving" tsMs="1775156397530"/>
        <radio op="vodafone IT" rat="LTE" q="39.60" rsrp="-89" sinr="6" rsrq="-12"/>
        <radio op="I TIM" rat="LTE" rsrp="-97" rsrq="-17"/>
      </extensions>
    </trkpt>
    <trkpt lat="45.9043408" lon="10.8324119">
      <ele>289.0</ele>
      <time>2026-04-02T21:00:08.114+02:00</time>
      <extensions>
        <activity type="IN_VEHICLE" conf="97" state="moving" tsMs="1775156408191"/>
        <radio op="vodafone IT" rat="LTE" q="44.00" rsrp="-83" sinr="6" rsrq="-10"/>
        <radio op="I TIM" rat="LTE" q="26.60" rsrp="-87" sinr="2" rsrq="-12"/>
      </extensions>
    </trkpt>
    <trkpt lat="45.9055112" lon="10.8331869">
      <ele>297.0</ele>
      <time>2026-04-02T21:00:18.113+02:00</time>
      <extensions>
        <activity type="IN_VEHICLE" conf="97" state="moving" tsMs="1775156418815"/>
        <radio op="vodafone IT" rat="LTE" q="49.40" rsrp="-87" sinr="8" rsrq="-10"/>
        <radio op="I TIM" rat="LTE" q="18.00" rsrp="-95" sinr="1" rsrq="-15"/>
      </extensions>
    </trkpt>
    <trkpt lat="45.9066445" lon="10.8337677">
      <ele>307.0</ele>
      <time>2026-04-02T21:00:28.113+02:00</time>
      <extensions>
        <activity type="IN_VEHICLE" conf="97" state="moving" tsMs="1775156424130"/>
        <radio op="vodafone IT" rat="LTE" q="72.20" rsrp="-87" sinr="14" rsrq="-11"/>
        <radio op="I TIM" rat="LTE" rsrp="-95" rsrq="-17"/>
      </extensions>
    </trkpt>
    <trkpt lat="45.9077875" lon="10.8334932">
      <ele>316.0</ele>
      <time>2026-04-02T21:00:38.113+02:00</time>
      <extensions>
        <activity type="IN_VEHICLE" conf="97" state="moving" tsMs="1775156434798"/>
        <radio op="vodafone IT" rat="LTE" q="100.00" rsrp="-85" sinr="23" rsrq="-9"/>
        <radio op="I TIM" rat="LTE" rsrp="-92" rsrq="-15"/>
      </extensions>
    </trkpt>
    <trkpt lat="45.9088148" lon="10.8336729">
      <ele>325.0</ele>
      <time>2026-04-02T21:00:48.113+02:00</time>
      <extensions>
        <activity type="IN_VEHICLE" conf="96" state="moving" tsMs="1775156445451"/>
        <radio op="vodafone IT" rat="LTE" q="59.80" rsrp="-99" sinr="18" rsrq="-9"/>
        <radio op="I TIM" rat="LTE" rsrp="-107" rsrq="-14"/>
      </extensions>
    </trkpt>
    <trkpt lat="45.9084354" lon="10.833346">
      <ele>326.0</ele>
      <time>2026-04-02T21:00:58.113+02:00</time>
      <extensions>
        <activity type="IN_VEHICLE" conf="97" state="moving" tsMs="1775156456113"/>
        <radio op="vodafone IT" rat="LTE" q="55.20" rsrp="-101" sinr="18" rsrq="-9"/>
        <radio op="I TIM" rat="LTE" rsrp="-105" rsrq="-17"/>
      </extensions>
    </trkpt>
    <trkpt lat="45.9073065" lon="10.8330995">
      <ele>332.0</ele>
      <time>2026-04-02T21:01:09.114+02:00</time>
      <extensions>
        <activity type="IN_VEHICLE" conf="97" state="moving" tsMs="1775156466781"/>
        <radio op="vodafone IT" rat="LTE" q="87.50" rsrp="-90" sinr="25" rsrq="-8"/>
        <radio op="I TIM" rat="LTE" rsrp="-102" rsrq="-14"/>
      </extensions>
    </trkpt>
    <trkpt lat="45.9066281" lon="10.83303">
      <ele>335.0</ele>
      <time>2026-04-02T21:01:19.113+02:00</time>
      <extensions>
        <activity type="IN_VEHICLE" conf="96" state="moving" tsMs="1775156477432"/>
        <radio op="vodafone IT" rat="LTE" q="92.50" rsrp="-88" sinr="27" rsrq="-11"/>
        <radio op="I TIM" rat="LTE" q="12.00" rsrp="-105" sinr="1" rsrq="-14"/>
      </extensions>
    </trkpt>
    <trkpt lat="45.9072846" lon="10.8329255">
      <ele>338.0</ele>
      <time>2026-04-02T21:01:29.114+02:00</time>
      <extensions>
        <activity type="IN_VEHICLE" conf="97" state="moving" tsMs="1775156488052"/>
        <radio op="vodafone IT" rat="LTE" q="75.90" rsrp="-92" sinr="18" rsrq="-10"/>
        <radio op="I TIM" rat="LTE" rsrp="-99" rsrq="-14"/>
      </extensions>
    </trkpt>
    <trkpt lat="45.9082598" lon="10.8328752">
      <ele>345.0</ele>
      <time>2026-04-02T21:01:39.113+02:00</time>
      <extensions>
        <activity type="IN_VEHICLE" conf="97" state="moving" tsMs="1775156498710"/>
        <radio op="vodafone IT" rat="LTE" q="75.00" rsrp="-95" sinr="24" rsrq="-9"/>
        <radio op="I TIM" rat="LTE" rsrp="-99" rsrq="-15"/>
      </extensions>
    </trkpt>
    <trkpt lat="45.909182" lon="10.8320987">
      <ele>353.0</ele>
      <time>2026-04-02T21:01:49.113+02:00</time>
      <extensions>
        <activity type="IN_VEHICLE" conf="97" state="moving" tsMs="1775156509331"/>
        <radio op="vodafone IT" rat="LTE" q="82.50" rsrp="-92" sinr="25" rsrq="-9"/>
        <radio op="I TIM" rat="LTE" rsrp="-104" rsrq="-16"/>
      </extensions>
    </trkpt>
    <trkpt lat="45.910023" lon="10.8313935">
      <ele>359.0</ele>
      <time>2026-04-02T21:01:59.114+02:00</time>
      <extensions>
        <activity type="IN_VEHICLE" conf="97" state="moving" tsMs="1775156519943"/>
        <radio op="vodafone IT" rat="LTE" q="46.00" rsrp="-102" sinr="15" rsrq="-9"/>
        <radio op="I TIM" rat="LTE" q="18.70" rsrp="-108" sinr="6" rsrq="-16"/>
      </extensions>
    </trkpt>
    <trkpt lat="45.9110522" lon="10.8308342">
      <ele>367.0</ele>
      <time>2026-04-02T21:02:09.113+02:00</time>
      <extensions>
        <activity type="IN_VEHICLE" conf="97" state="moving" tsMs="1775156525254"/>
        <radio op="vodafone IT" rat="LTE" q="41.60" rsrp="-99" sinr="11" rsrq="-10"/>
        <radio op="I TIM" rat="LTE" q="12.50" rsrp="-100" sinr="0" rsrq="-16"/>
      </extensions>
    </trkpt>
    <trkpt lat="45.9122334" lon="10.8303285">
      <ele>377.0</ele>
      <time>2026-04-02T21:02:19.113+02:00</time>
      <extensions>
        <activity type="IN_VEHICLE" conf="97" state="moving" tsMs="1775156535884"/>
        <radio op="vodafone IT" rat="LTE" q="11.40" rsrp="-106" sinr="1" rsrq="-16"/>
        <radio op="I TIM" rat="LTE" rsrp="-97" rsrq="-14"/>
      </extensions>
    </trkpt>
    <trkpt lat="45.9134901" lon="10.829696">
      <ele>386.0</ele>
      <time>2026-04-02T21:02:29.113+02:00</time>
      <extensions>
        <activity type="IN_VEHICLE" conf="97" state="moving" tsMs="1775156546584"/>
        <radio op="vodafone IT" rat="LTE" q="10.00" rsrp="-105" sinr="0" rsrq="-13"/>
        <radio op="I TIM" rat="LTE" q="15.00" rsrp="-100" sinr="1" rsrq="-15"/>
      </extensions>
    </trkpt>
    <trkpt lat="45.9148875" lon="10.8290073">
      <ele>396.0</ele>
      <time>2026-04-02T21:02:40.113+02:00</time>
      <extensions>
        <activity type="IN_VEHICLE" conf="97" state="moving" tsMs="1775156557234"/>
        <radio op="vodafone IT" rat="LTE" q="9.60" rsrp="-109" sinr="1" rsrq="-14"/>
        <radio op="I TIM" rat="LTE" q="24.30" rsrp="-98" sinr="4" rsrq="-13"/>
      </extensions>
    </trkpt>
    <trkpt lat="45.9151493" lon="10.8286743">
      <ele>399.0</ele>
      <time>2026-04-02T21:02:50.114+02:00</time>
      <extensions>
        <activity type="IN_VEHICLE" conf="96" state="moving" tsMs="1775156567926"/>
        <radio op="vodafone IT" rat="LTE" q="8.40" rsrp="-113" sinr="2" rsrq="-15"/>
        <radio op="I TIM" rat="LTE" q="28.60" rsrp="-99" sinr="6" rsrq="-13"/>
      </extensions>
    </trkpt>
    <trkpt lat="45.9144248" lon="10.8286996">
      <ele>405.0</ele>
      <time>2026-04-02T21:03:00.114+02:00</time>
      <extensions>
        <activity type="IN_VEHICLE" conf="97" state="moving" tsMs="1775156578606"/>
        <radio op="vodafone IT" rat="LTE" q="9.00" rsrp="-110" sinr="1" rsrq="-14"/>
        <radio op="I TIM" rat="LTE" q="26.40" rsrp="-101" sinr="6" rsrq="-13"/>
      </extensions>
    </trkpt>
    <trkpt lat="45.9136549" lon="10.8289796">
      <ele>411.0</ele>
      <time>2026-04-02T21:03:10.114+02:00</time>
      <extensions>
        <activity type="IN_VEHICLE" conf="97" state="moving" tsMs="1775156589257"/>
        <radio op="vodafone IT" rat="LTE" rsrp="-111" rsrq="-14"/>
        <radio op="I TIM" rat="LTE" rsrp="-103" rsrq="-14"/>
      </extensions>
    </trkpt>
    <trkpt lat="45.9139878" lon="10.8285899">
      <ele>413.0</ele>
      <time>2026-04-02T21:03:20.113+02:00</time>
      <extensions>
        <activity type="IN_VEHICLE" conf="97" state="moving" tsMs="1775156599896"/>
        <radio op="vodafone IT" rat="LTE" q="14.40" rsrp="-109" sinr="4" rsrq="-13"/>
        <radio op="I TIM" rat="LTE" rsrp="-100" rsrq="-14"/>
      </extensions>
    </trkpt>
    <trkpt lat="45.9149144" lon="10.828323">
      <ele>420.0</ele>
      <time>2026-04-02T21:03:30.113+02:00</time>
      <extensions>
        <activity type="IN_VEHICLE" conf="97" state="moving" tsMs="1775156610511"/>
        <radio op="vodafone IT" rat="LTE" q="11.20" rsrp="-111" sinr="3" rsrq="-13"/>
        <radio op="I TIM" rat="LTE" rsrp="-104" rsrq="-14"/>
      </extensions>
    </trkpt>
    <trkpt lat="45.9159111" lon="10.8277216">
      <ele>428.0</ele>
      <time>2026-04-02T21:03:40.113+02:00</time>
      <extensions>
        <activity type="IN_VEHICLE" conf="97" state="moving" tsMs="1775156621167"/>
        <radio op="vodafone IT" rat="LTE" rsrp="-109" rsrq="-15"/>
        <radio op="I TIM" rat="LTE" rsrp="-100" rsrq="-14"/>
      </extensions>
    </trkpt>
    <trkpt lat="45.9168095" lon="10.8274709">
      <ele>434.0</ele>
      <time>2026-04-02T21:03:50.113+02:00</time>
      <extensions>
        <activity type="IN_VEHICLE" conf="97" state="moving" tsMs="1775156626477"/>
        <radio op="vodafone IT" rat="LTE" q="90.00" rsrp="-89" sinr="23" rsrq="-11"/>
        <radio op="I TIM" rat="LTE" q="51.00" rsrp="-91" sinr="10" rsrq="-7"/>
      </extensions>
    </trkpt>
    <trkpt lat="45.9168573" lon="10.825933">
      <ele>441.0</ele>
      <time>2026-04-02T21:04:01.113+02:00</time>
      <extensions>
        <activity type="IN_VEHICLE" conf="98" state="moving" tsMs="1775156637171"/>
        <radio op="vodafone IT" rat="LTE" q="18.40" rsrp="-102" sinr="3" rsrq="-13"/>
        <radio op="I TIM" rat="LTE" q="16.80" rsrp="-97" sinr="1" rsrq="-8"/>
      </extensions>
    </trkpt>
    <trkpt lat="45.9177427" lon="10.8249459">
      <ele>447.0</ele>
      <time>2026-04-02T21:04:11.113+02:00</time>
      <extensions>
        <activity type="IN_VEHICLE" conf="97" state="moving" tsMs="1775156647834"/>
        <radio op="vodafone IT" rat="LTE" q="20.90" rsrp="-106" sinr="6" rsrq="-14"/>
        <radio op="I TIM" rat="LTE" rsrp="-106" rsrq="-10"/>
      </extensions>
    </trkpt>
    <trkpt lat="45.9187949" lon="10.8240709">
      <ele>457.0</ele>
      <time>2026-04-02T21:04:21.113+02:00</time>
      <extensions>
        <activity type="IN_VEHICLE" conf="97" state="moving" tsMs="1775156658492"/>
        <radio op="vodafone IT" rat="LTE" q="26.60" rsrp="-106" sinr="9" rsrq="-14"/>
        <radio op="I TIM" rat="LTE" q="11.50" rsrp="-102" sinr="0" rsrq="-9"/>
      </extensions>
    </trkpt>
    <trkpt lat="45.9198176" lon="10.8233574">
      <ele>464.0</ele>
      <time>2026-04-02T21:04:31.113+02:00</time>
      <extensions>
        <activity type="IN_VEHICLE" conf="97" state="moving" tsMs="1775156669154"/>
        <radio op="vodafone IT" rat="LTE" q="46.40" rsrp="-96" sinr="11" rsrq="-12"/>
        <radio op="I TIM" rat="LTE" q="16.00" rsrp="-93" sinr="0" rsrq="-8"/>
      </extensions>
    </trkpt>
    <trkpt lat="45.920681" lon="10.8224127">
      <ele>472.0</ele>
      <time>2026-04-02T21:04:41.113+02:00</time>
      <extensions>
        <activity type="IN_VEHICLE" conf="96" state="moving" tsMs="1775156679807"/>
        <radio op="vodafone IT" rat="LTE" q="22.80" rsrp="-106" sinr="7" rsrq="-13"/>
        <radio op="I TIM" rat="LTE" q="14.40" rsrp="-101" sinr="1" rsrq="-11"/>
      </extensions>
    </trkpt>
    <trkpt lat="45.9215577" lon="10.8214061">
      <ele>480.0</ele>
      <time>2026-04-02T21:04:51.114+02:00</time>
      <extensions>
        <activity type="IN_VEHICLE" conf="96" state="moving" tsMs="1775156690444"/>
        <radio op="vodafone IT" rat="LTE" q="33.60" rsrp="-101" sinr="9" rsrq="-10"/>
        <radio op="I TIM" rat="LTE" q="28.00" rsrp="-84" sinr="2" rsrq="-6"/>
      </extensions>
    </trkpt>
    <trkpt lat="45.922422" lon="10.8210227">
      <ele>487.0</ele>
      <time>2026-04-02T21:05:01.113+02:00</time>
      <extensions>
        <activity type="IN_VEHICLE" conf="97" state="moving" tsMs="1775156701056"/>
        <radio op="vodafone IT" rat="LTE" q="18.90" rsrp="-104" sinr="4" rsrq="-13"/>
        <radio op="I TIM" rat="LTE" q="17.60" rsrp="-103" sinr="3" rsrq="-11"/>
      </extensions>
    </trkpt>
    <trkpt lat="45.9218397" lon="10.8207504">
      <ele>489.0</ele>
      <time>2026-04-02T21:05:11.114+02:00</time>
      <extensions>
        <activity type="IN_VEHICLE" conf="97" state="moving" tsMs="1775156711709"/>
        <radio op="vodafone IT" rat="LTE" q="37.70" rsrp="-96" sinr="8" rsrq="-12"/>
        <radio op="I TIM" rat="LTE" q="39.00" rsrp="-95" sinr="8" rsrq="-8"/>
      </extensions>
    </trkpt>
    <trkpt lat="45.9210038" lon="10.8212553">
      <ele>494.0</ele>
      <time>2026-04-02T21:05:21.113+02:00</time>
      <extensions>
        <activity type="IN_VEHICLE" conf="97" state="moving" tsMs="1775156722364"/>
        <radio op="vodafone IT" rat="LTE" q="88.00" rsrp="-82" sinr="17" rsrq="-11"/>
        <radio op="I TIM" rat="LTE" q="76.00" rsrp="-83" sinr="14" rsrq="-5"/>
      </extensions>
    </trkpt>
    <trkpt lat="45.9200849" lon="10.8214884">
      <ele>502.0</ele>
      <time>2026-04-02T21:05:32.113+02:00</time>
      <extensions>
        <activity type="IN_VEHICLE" conf="97" state="moving" tsMs="1775156727672"/>
        <radio op="vodafone IT" rat="LTE" q="85.00" rsrp="-91" sinr="26" rsrq="-11"/>
        <radio op="I TIM" rat="LTE" q="49.50" rsrp="-92" sinr="10" rsrq="-7"/>
      </extensions>
    </trkpt>
    <trkpt lat="45.9205022" lon="10.8209384">
      <ele>507.0</ele>
      <time>2026-04-02T21:05:42.113+02:00</time>
      <extensions>
        <activity type="IN_VEHICLE" conf="97" state="moving" tsMs="1775156738341"/>
        <radio op="vodafone IT" rat="LTE" q="92.50" rsrp="-88" sinr="22" rsrq="-12"/>
        <radio op="I TIM" rat="LTE" q="57.00" rsrp="-87" sinr="10" rsrq="-6"/>
      </extensions>
    </trkpt>
    <trkpt lat="45.9209435" lon="10.819822">
      <ele>515.0</ele>
      <time>2026-04-02T21:05:52.113+02:00</time>
      <extensions>
        <activity type="IN_VEHICLE" conf="97" state="moving" tsMs="1775156748956"/>
        <radio op="vodafone IT" rat="LTE" q="49.40" rsrp="-99" sinr="14" rsrq="-12"/>
        <radio op="I TIM" rat="LTE" rsrp="-96" rsrq="-8"/>
      </extensions>
    </trkpt>
    <trkpt lat="45.9218103" lon="10.8187464">
      <ele>525.0</ele>
      <time>2026-04-02T21:06:02.113+02:00</time>
      <extensions>
        <activity type="IN_VEHICLE" conf="97" state="moving" tsMs="1775156759590"/>
        <radio op="vodafone IT" rat="LTE" q="22.10" rsrp="-108" sinr="8" rsrq="-13"/>
        <radio op="I TIM" rat="LTE" q="28.60" rsrp="-103" sinr="8" rsrq="-9"/>
      </extensions>
    </trkpt>
    <trkpt lat="45.9227798" lon="10.8179529">
      <ele>535.0</ele>
      <time>2026-04-02T21:06:12.113+02:00</time>
      <extensions>
        <activity type="IN_VEHICLE" conf="97" state="moving" tsMs="1775156770295"/>
        <radio op="vodafone IT" rat="LTE" q="28.50" rsrp="-106" sinr="10" rsrq="-14"/>
        <radio op="I TIM" rat="LTE" rsrp="-100" rsrq="-10"/>
      </extensions>
    </trkpt>
    <trkpt lat="45.9236257" lon="10.8182782">
      <ele>542.0</ele>
      <time>2026-04-02T21:06:22.113+02:00</time>
      <extensions>
        <activity type="IN_VEHICLE" conf="97" state="moving" tsMs="1775156780939"/>
        <radio op="vodafone IT" rat="LTE" q="46.80" rsrp="-89" sinr="8" rsrq="-12"/>
        <radio op="I TIM" rat="LTE" q="100.00" rsrp="-85" sinr="21" rsrq="-8"/>
      </extensions>
    </trkpt>
    <trkpt lat="45.9241142" lon="10.8173851">
      <ele>550.0</ele>
      <time>2026-04-02T21:06:32.114+02:00</time>
      <extensions>
        <activity type="IN_VEHICLE" conf="97" state="moving" tsMs="1775156791634"/>
        <radio op="vodafone IT" rat="LTE" q="55.80" rsrp="-94" sinr="13" rsrq="-13"/>
        <radio op="I TIM" rat="LTE" q="64.00" rsrp="-80" sinr="11" rsrq="-6"/>
      </extensions>
    </trkpt>
    <trkpt lat="45.9246969" lon="10.8170753">
      <ele>553.0</ele>
      <time>2026-04-02T21:06:42.113+02:00</time>
      <extensions>
        <activity type="IN_VEHICLE" conf="97" state="moving" tsMs="1775156802308"/>
        <radio op="vodafone IT" rat="LTE" q="62.10" rsrp="-98" sinr="18" rsrq="-12"/>
        <radio op="I TIM" rat="LTE" q="52.50" rsrp="-90" sinr="10" rsrq="-8"/>
      </extensions>
    </trkpt>
    <trkpt lat="45.9254135" lon="10.8176686">
      <ele>557.0</ele>
      <time>2026-04-02T21:06:52.113+02:00</time>
      <extensions>
        <activity type="IN_VEHICLE" conf="97" state="moving" tsMs="1775156812996"/>
        <radio op="vodafone IT" rat="LTE" q="23.80" rsrp="-91" sinr="2" rsrq="-9"/>
        <radio op="I TIM" rat="LTE" q="88.00" rsrp="-78" sinr="17" rsrq="-7"/>
      </extensions>
    </trkpt>
    <trkpt lat="45.9264502" lon="10.8170695">
      <ele>565.0</ele>
      <time>2026-04-02T21:07:02.114+02:00</time>
      <extensions>
        <activity type="IN_VEHICLE" conf="97" state="moving" tsMs="1775156818307"/>
        <radio op="vodafone IT" rat="LTE" q="48.00" rsrp="-85" sinr="7" rsrq="-10"/>
        <radio op="I TIM" rat="LTE" q="68.00" rsrp="-73" sinr="12" rsrq="-7"/>
      </extensions>
    </trkpt>
    <trkpt lat="45.9275655" lon="10.8160837">
      <ele>574.0</ele>
      <time>2026-04-02T21:07:13.113+02:00</time>
      <extensions>
        <activity type="IN_VEHICLE" conf="97" state="moving" tsMs="1775156828954"/>
        <radio op="vodafone IT" rat="LTE" q="72.00" rsrp="-75" sinr="13" rsrq="-6"/>
        <radio op="I TIM" rat="LTE" rsrp="-80" rsrq="-11"/>
      </extensions>
    </trkpt>
    <trkpt lat="45.9276409" lon="10.8155626">
      <ele>578.0</ele>
      <time>2026-04-02T21:07:23.113+02:00</time>
      <extensions>
        <activity type="IN_VEHICLE" conf="97" state="moving" tsMs="1775156839634"/>
        <radio op="vodafone IT" rat="LTE" q="28.00" rsrp="-79" sinr="2" rsrq="-8"/>
        <radio op="I TIM" rat="LTE" q="68.00" rsrp="-74" sinr="12" rsrq="-9"/>
      </extensions>
    </trkpt>
    <trkpt lat="45.9267953" lon="10.8155031">
      <ele>582.0</ele>
      <time>2026-04-02T21:07:33.113+02:00</time>
      <extensions>
        <activity type="IN_VEHICLE" conf="97" state="moving" tsMs="1775156850298"/>
        <radio op="vodafone IT" rat="LTE" q="84.00" rsrp="-72" sinr="16" rsrq="-7"/>
        <radio op="I TIM" rat="LTE" q="24.00" rsrp="-75" sinr="1" rsrq="-7"/>
      </extensions>
    </trkpt>
    <trkpt lat="45.9256368" lon="10.815456">
      <ele>588.0</ele>
      <time>2026-04-02T21:07:43.113+02:00</time>
      <extensions>
        <activity type="IN_VEHICLE" conf="96" state="moving" tsMs="1775156860940"/>
        <radio op="vodafone IT" rat="LTE" q="76.00" rsrp="-78" sinr="14" rsrq="-12"/>
        <radio op="I TIM" rat="LTE" rsrp="-87" rsrq="-18"/>
      </extensions>
    </trkpt>
    <trkpt lat="45.9252056" lon="10.8152304">
      <ele>608.6195771217779</ele>
      <time>2026-04-02T21:07:53.113+02:00</time>
      <extensions>
        <activity type="IN_VEHICLE" conf="97" state="moving" tsMs="1775156866258"/>
        <radio op="vodafone IT" rat="LTE" q="32.00" rsrp="-79" sinr="3" rsrq="-13"/>
        <radio op="I TIM" rat="LTE" q="84.00" rsrp="-65" sinr="16" rsrq="-7"/>
      </extensions>
    </trkpt>
    <trkpt lat="45.9259311" lon="10.8149922">
      <ele>595.0</ele>
      <time>2026-04-02T21:08:03.113+02:00</time>
      <extensions>
        <activity type="IN_VEHICLE" conf="97" state="moving" tsMs="1775156866258"/>
        <radio op="vodafone IT" rat="LTE" q="92.00" rsrp="-74" sinr="18" rsrq="-13"/>
        <radio op="I TIM" rat="LTE" rsrp="-69" rsrq="-8"/>
      </extensions>
    </trkpt>
    <trkpt lat="45.9270124" lon="10.8144051">
      <ele>604.0</ele>
      <time>2026-04-02T21:08:13.113+02:00</time>
      <extensions>
        <activity type="IN_VEHICLE" conf="97" state="moving" tsMs="1775156891985"/>
        <radio op="vodafone IT" rat="LTE" q="100.00" rsrp="-72" sinr="21" rsrq="-9"/>
        <radio op="I TIM" rat="LTE" q="64.00" rsrp="-74" sinr="11" rsrq="-7"/>
      </extensions>
    </trkpt>
    <trkpt lat="45.9280689" lon="10.8141268">
      <ele>612.0</ele>
      <time>2026-04-02T21:08:23.113+02:00</time>
      <extensions>
        <activity type="IN_VEHICLE" conf="97" state="moving" tsMs="1775156902646"/>
        <radio op="vodafone IT" rat="LTE" q="100.00" rsrp="-67" sinr="27" rsrq="-6"/>
        <radio op="I TIM" rat="LTE" q="80.00" rsrp="-66" sinr="15" rsrq="-5"/>
      </extensions>
    </trkpt>
    <trkpt lat="45.929045" lon="10.8133464">
      <ele>620.0</ele>
      <time>2026-04-02T21:08:34.113+02:00</time>
      <extensions>
        <activity type="IN_VEHICLE" conf="97" state="moving" tsMs="1775156913300"/>
        <radio op="vodafone IT" rat="LTE" q="70.00" rsrp="-97" sinr="22" rsrq="-6"/>
        <radio op="I TIM" rat="LTE" q="57.00" rsrp="-87" sinr="10" rsrq="-6"/>
      </extensions>
    </trkpt>
    <trkpt lat="45.9298118" lon="10.8121201">
      <ele>626.0</ele>
      <time>2026-04-02T21:08:44.113+02:00</time>
      <extensions>
        <activity type="IN_VEHICLE" conf="97" state="moving" tsMs="1775156923878"/>
        <radio op="vodafone IT" rat="LTE" q="44.00" rsrp="-105" sinr="17" rsrq="-6"/>
        <radio op="I TIM" rat="LTE" q="17.40" rsrp="-96" sinr="1" rsrq="-8"/>
      </extensions>
    </trkpt>
    <trkpt lat="45.9309564" lon="10.81228">
      <ele>627.0</ele>
      <time>2026-04-02T21:08:54.113+02:00</time>
      <extensions>
        <activity type="IN_VEHICLE" conf="97" state="moving" tsMs="1775156934485"/>
        <radio op="vodafone IT" rat="LTE" q="28.90" rsrp="-108" sinr="12" rsrq="-9"/>
        <radio op="I TIM" rat="LTE" q="40.60" rsrp="-96" sinr="9" rsrq="-8"/>
      </extensions>
    </trkpt>
    <trkpt lat="45.9322077" lon="10.8114801">
      <ele>631.0</ele>
      <time>2026-04-02T21:09:04.113+02:00</time>
      <extensions>
        <activity type="IN_VEHICLE" conf="97" state="moving" tsMs="1775156939828"/>
        <radio op="vodafone IT" rat="LTE" q="25.50" rsrp="-110" sinr="12" rsrq="-11"/>
        <radio op="I TIM" rat="LTE" q="33.60" rsrp="-97" sinr="7" rsrq="-9"/>
      </extensions>
    </trkpt>
    <trkpt lat="45.9335252" lon="10.8110438">
      <ele>637.0</ele>
      <time>2026-04-02T21:09:14.113+02:00</time>
      <extensions>
        <activity type="IN_VEHICLE" conf="97" state="moving" tsMs="1775156950452"/>
        <radio op="vodafone IT" rat="LTE" rsrp="-108" rsrq="-16"/>
        <radio op="I TIM" rat="LTE" q="13.80" rsrp="-102" sinr="1" rsrq="-11"/>
      </extensions>
    </trkpt>
    <trkpt lat="45.9344831" lon="10.8100766">
      <ele>644.0</ele>
      <time>2026-04-02T21:09:24.114+02:00</time>
      <extensions>
        <activity type="IN_VEHICLE" conf="97" state="moving" tsMs="1775156961090"/>
        <radio op="vodafone IT" rat="LTE" rsrp="-111" rsrq="-16"/>
        <radio op="I TIM" rat="LTE" rsrp="-112" rsrq="-14"/>
      </extensions>
    </trkpt>
    <trkpt lat="45.9354338" lon="10.8110504">
      <ele>651.0</ele>
      <time>2026-04-02T21:09:34.114+02:00</time>
      <extensions>
        <activity type="IN_VEHICLE" conf="97" state="moving" tsMs="1775156971756"/>
        <radio op="vodafone IT" rat="LTE" rsrp="-114" rsrq="-16"/>
        <radio op="I TIM" rat="LTE" q="7.00" rsrp="-115" sinr="2" rsrq="-11"/>
      </extensions>
    </trkpt>
    <trkpt lat="45.9358681" lon="10.8117895">
      <ele>653.0</ele>
      <time>2026-04-02T21:09:44.113+02:00</time>
      <extensions>
        <activity type="IN_VEHICLE" conf="97" state="moving" tsMs="1775156982415"/>
        <radio op="vodafone IT" rat="LTE" rsrp="-109" rsrq="-15"/>
        <radio op="I TIM" rat="LTE" q="20.80" rsrp="-109" sinr="8" rsrq="-9"/>
      </extensions>
    </trkpt>
    <trkpt lat="45.9363832" lon="10.811421">
      <ele>656.0</ele>
      <time>2026-04-02T21:09:54.113+02:00</time>
      <extensions>
        <activity type="IN_VEHICLE" conf="97" state="moving" tsMs="1775156993074"/>
        <radio op="vodafone IT" rat="LTE" q="7.50" rsrp="-110" sinr="0" rsrq="-17"/>
        <radio op="I TIM" rat="LTE" q="12.10" rsrp="-114" sinr="6" rsrq="-10"/>
      </extensions>
    </trkpt>
    <trkpt lat="45.9373411" lon="10.8114346">
      <ele>662.0</ele>
      <time>2026-04-02T21:10:04.113+02:00</time>
      <extensions>
        <activity type="IN_VEHICLE" conf="97" state="moving" tsMs="1775157003684"/>
        <radio op="vodafone IT" rat="LTE" q="26.40" rsrp="-103" sinr="7" rsrq="-12"/>
        <radio op="I TIM" rat="LTE" q="28.90" rsrp="-108" sinr="12" rsrq="-8"/>
      </extensions>
    </trkpt>
    <trkpt lat="45.9385052" lon="10.811654">
      <ele>669.0</ele>
      <time>2026-04-02T21:10:14.114+02:00</time>
      <extensions>
        <activity type="IN_VEHICLE" conf="97" state="moving" tsMs="1775157014334"/>
        <radio op="vodafone IT" rat="LTE" q="36.40" rsrp="-99" sinr="9" rsrq="-7"/>
        <radio op="I TIM" rat="LTE" q="35.20" rsrp="-103" sinr="11" rsrq="-8"/>
      </extensions>
    </trkpt>
    <trkpt lat="45.9398515" lon="10.8116483">
      <ele>676.0</ele>
      <time>2026-04-02T21:10:25.113+02:00</time>
      <extensions>
        <activity type="IN_VEHICLE" conf="97" state="moving" tsMs="1775157024950"/>
        <radio op="vodafone IT" rat="LTE" q="13.20" rsrp="-113" sinr="6" rsrq="-7"/>
        <radio op="I TIM" rat="LTE" q="42.00" rsrp="-95" sinr="9" rsrq="-7"/>
      </extensions>
    </trkpt>
    <trkpt lat="45.9412903" lon="10.8115531">
      <ele>682.0</ele>
      <time>2026-04-02T21:10:35.113+02:00</time>
      <extensions>
        <activity type="IN_VEHICLE" conf="96" state="moving" tsMs="1775157030277"/>
        <radio op="vodafone IT" rat="LTE" q="7.50" rsrp="-110" sinr="0" rsrq="-14"/>
        <radio op="I TIM" rat="LTE" q="20.00" rsrp="-105" sinr="5" rsrq="-7"/>
      </extensions>
    </trkpt>
    <trkpt lat="45.9429063" lon="10.8118716">
      <ele>692.0</ele>
      <time>2026-04-02T21:10:45.113+02:00</time>
      <extensions>
        <activity type="IN_VEHICLE" conf="97" state="moving" tsMs="1775157040951"/>
        <radio op="vodafone IT" rat="LTE" rsrp="-105" rsrq="-11"/>
        <radio op="I TIM" rat="LTE" q="32.30" rsrp="-106" sinr="12" rsrq="-7"/>
      </extensions>
    </trkpt>
    <trkpt lat="45.9444019" lon="10.8121422">
      <ele>692.0</ele>
      <time>2026-04-02T21:10:55.113+02:00</time>
      <extensions>
        <activity type="IN_VEHICLE" conf="97" state="moving" tsMs="1775157051574"/>
        <radio op="vodafone IT" rat="LTE" rsrp="-112" rsrq="-17"/>
        <radio op="I TIM" rat="LTE" q="19.60" rsrp="-111" sinr="9" rsrq="-8"/>
      </extensions>
    </trkpt>
    <trkpt lat="45.9459776" lon="10.8121706">
      <ele>693.0</ele>
      <time>2026-04-02T21:11:05.113+02:00</time>
      <extensions>
        <activity type="IN_VEHICLE" conf="97" state="moving" tsMs="1775157062206"/>
        <radio op="vodafone IT" rat="LTE" q="23.80" rsrp="-108" sinr="9" rsrq="-10"/>
        <radio op="I TIM" rat="LTE" q="12.10" rsrp="-114" sinr="6" rsrq="-8"/>
      </extensions>
    </trkpt>
    <trkpt lat="45.9474189" lon="10.8121264">
      <ele>699.0</ele>
      <time>2026-04-02T21:11:15.113+02:00</time>
      <extensions>
        <activity type="IN_VEHICLE" conf="97" state="moving" tsMs="1775157072837"/>
        <radio op="vodafone IT" rat="LTE" q="33.60" rsrp="-104" sinr="11" rsrq="-7"/>
        <radio op="I TIM" rat="LTE" q="18.20" rsrp="-111" sinr="8" rsrq="-8"/>
      </extensions>
    </trkpt>
    <trkpt lat="45.9487217" lon="10.8118185">
      <ele>696.0</ele>
      <time>2026-04-02T21:11:25.114+02:00</time>
      <extensions>
        <activity type="IN_VEHICLE" conf="97" state="moving" tsMs="1775157083515"/>
        <radio op="vodafone IT" rat="LTE" q="11.00" rsrp="-114" sinr="5" rsrq="-9"/>
        <radio op="I TIM" rat="LTE" q="3.00" rsrp="-119" sinr="0" rsrq="-10"/>
      </extensions>
    </trkpt>
    <trkpt lat="45.950235" lon="10.8120931">
      <ele>693.0</ele>
      <time>2026-04-02T21:11:35.114+02:00</time>
      <extensions>
        <activity type="IN_VEHICLE" conf="97" state="moving" tsMs="1775157094198"/>
        <radio op="vodafone IT" rat="LTE" q="5.60" rsrp="-118" sinr="3" rsrq="-11"/>
        <radio op="I TIM" rat="LTE" rsrp="-124" rsrq="-11"/>
      </extensions>
    </trkpt>
    <trkpt lat="45.9513134" lon="10.8120767">
      <ele>695.0</ele>
      <time>2026-04-02T21:11:45.113+02:00</time>
      <extensions>
        <activity type="IN_VEHICLE" conf="97" state="moving" tsMs="1775157104866"/>
        <radio op="vodafone IT" rat="LTE" q="8.00" rsrp="-115" sinr="3" rsrq="-11"/>
        <radio op="I TIM" rat="LTE" q="2.70" rsrp="-122" sinr="4" rsrq="-10"/>
      </extensions>
    </trkpt>
    <trkpt lat="45.9521645" lon="10.8121772">
      <ele>703.0</ele>
      <time>2026-04-02T21:11:56.113+02:00</time>
      <extensions>
        <activity type="IN_VEHICLE" conf="96" state="moving" tsMs="1775157115487"/>
        <radio op="vodafone IT" rat="LTE" q="3.50" rsrp="-120" sinr="2" rsrq="-13"/>
        <radio op="I TIM" rat="LTE" q="4.80" rsrp="-117" sinr="1" rsrq="-14"/>
      </extensions>
    </trkpt>
    <trkpt lat="45.9530607" lon="10.8117268">
      <ele>713.0</ele>
      <time>2026-04-02T21:12:06.113+02:00</time>
      <extensions>
        <activity type="IN_VEHICLE" conf="97" state="moving" tsMs="1775157126105"/>
        <radio op="vodafone IT" rat="LTE" q="7.20" rsrp="-117" sinr="4" rsrq="-11"/>
        <radio op="I TIM" rat="LTE" q="7.20" rsrp="-116" sinr="3" rsrq="-12"/>
      </extensions>
    </trkpt>
    <trkpt lat="45.9539784" lon="10.8112733">
      <ele>721.0</ele>
      <time>2026-04-02T21:12:16.114+02:00</time>
      <extensions>
        <activity type="IN_VEHICLE" conf="97" state="moving" tsMs="1775157131422"/>
        <radio op="vodafone IT" rat="LTE" q="6.40" rsrp="-117" sinr="3" rsrq="-10"/>
        <radio op="I TIM" rat="LTE" q="6.30" rsrp="-116" sinr="2" rsrq="-12"/>
      </extensions>
    </trkpt>
    <trkpt lat="45.9549163" lon="10.8100834">
      <ele>729.0</ele>
      <time>2026-04-02T21:12:26.113+02:00</time>
      <extensions>
        <activity type="IN_VEHICLE" conf="97" state="moving" tsMs="1775157142055"/>
        <radio op="vodafone IT" rat="LTE" q="8.00" rsrp="-115" sinr="3" rsrq="-11"/>
        <radio op="I TIM" rat="LTE" q="9.00" rsrp="-115" sinr="4" rsrq="-13"/>
      </extensions>
    </trkpt>
    <trkpt lat="45.9558981" lon="10.8085537">
      <ele>736.0</ele>
      <time>2026-04-02T21:12:36.114+02:00</time>
      <extensions>
        <activity type="IN_VEHICLE" conf="97" state="moving" tsMs="1775157152681"/>
        <radio op="vodafone IT" rat="LTE" q="3.00" rsrp="-120" sinr="1" rsrq="-13"/>
        <radio op="I TIM" rat="LTE" rsrp="-117" rsrq="-13"/>
      </extensions>
    </trkpt>
    <trkpt lat="45.9569059" lon="10.8073137">
      <ele>742.0</ele>
      <time>2026-04-02T21:12:46.113+02:00</time>
      <extensions>
        <activity type="IN_VEHICLE" conf="97" state="moving" tsMs="1775157163340"/>
        <radio op="vodafone IT" rat="LTE" rsrp="-119" rsrq="-11"/>
        <radio op="I TIM" rat="LTE" rsrp="-121" rsrq="-13"/>
      </extensions>
    </trkpt>
    <trkpt lat="45.9579565" lon="10.8075648">
      <ele>742.0</ele>
      <time>2026-04-02T21:12:56.114+02:00</time>
      <extensions>
        <activity type="IN_VEHICLE" conf="96" state="moving" tsMs="1775157174022"/>
        <radio op="vodafone IT" rat="LTE" rsrp="-121" rsrq="-13"/>
        <radio op="I TIM" rat="LTE" rsrp="-122" rsrq="-14"/>
      </extensions>
    </trkpt>
    <trkpt lat="45.9585031" lon="10.8087867">
      <ele>742.0</ele>
      <time>2026-04-02T21:13:06.113+02:00</time>
      <extensions>
        <activity type="IN_VEHICLE" conf="97" state="moving" tsMs="1775157184698"/>
        <radio op="vodafone IT" rat="LTE" rsrp="-126" rsrq="-13"/>
        <radio op="I TIM" rat="LTE" rsrp="-127" rsrq="-18"/>
      </extensions>
    </trkpt>
    <trkpt lat="45.9594764" lon="10.8097637">
      <ele>751.0</ele>
      <time>2026-04-02T21:13:16.113+02:00</time>
      <extensions>
        <activity type="IN_VEHICLE" conf="97" state="moving" tsMs="1775157195309"/>
        <radio op="vodafone IT" rat="LTE" rsrp="-135" rsrq="-22"/>
        <radio op="I TIM" rat="LTE" rsrp="-130" rsrq="-21"/>
      </extensions>
    </trkpt>
    <trkpt lat="45.9603289" lon="10.8093558">
      <ele>759.0</ele>
      <time>2026-04-02T21:13:26.114+02:00</time>
      <extensions>
        <activity type="IN_VEHICLE" conf="97" state="moving" tsMs="1775157205959"/>
        <radio op="vodafone IT" rat="LTE" rsrq="-20"/>
        <radio op="I TIM" rat="LTE" rsrp="-130" rsrq="-21"/>
      </extensions>
    </trkpt>
    <trkpt lat="45.9611657" lon="10.809306">
      <ele>768.0</ele>
      <time>2026-04-02T21:13:37.113+02:00</time>
      <extensions>
        <activity type="IN_VEHICLE" conf="97" state="moving" tsMs="1775157216603"/>
        <radio op="vodafone IT" rat="OTHER"/>
        <radio op="I TIM" rat="LTE" rsrq="-20"/>
      </extensions>
    </trkpt>
    <trkpt lat="45.9620888" lon="10.8102508">
      <ele>777.0</ele>
      <time>2026-04-02T21:13:47.113+02:00</time>
      <extensions>
        <activity type="IN_VEHICLE" conf="96" state="moving" tsMs="1775157227210"/>
        <radio op="vodafone IT" rat="OTHER"/>
        <radio op="I TIM" rat="LTE" rsrq="-20"/>
      </extensions>
    </trkpt>
    <trkpt lat="45.9630671" lon="10.8111489">
      <ele>786.0</ele>
      <time>2026-04-02T21:13:57.113+02:00</time>
      <extensions>
        <activity type="IN_VEHICLE" conf="97" state="moving" tsMs="1775157232546"/>
        <radio op="vodafone IT" rat="OTHER"/>
        <radio op="I TIM" rat="LTE" rsrp="-124" rsrq="-20"/>
      </extensions>
    </trkpt>
    <trkpt lat="45.964085" lon="10.8111045">
      <ele>793.0</ele>
      <time>2026-04-02T21:14:07.114+02:00</time>
      <extensions>
        <activity type="IN_VEHICLE" conf="97" state="moving" tsMs="1775157243211"/>
        <radio op="vodafone IT" rat="OTHER"/>
        <radio op="I TIM" rat="LTE" rsrp="-124" rsrq="-19"/>
      </extensions>
    </trkpt>
    <trkpt lat="45.9649835" lon="10.8113508">
      <ele>800.0</ele>
      <time>2026-04-02T21:14:17.114+02:00</time>
      <extensions>
        <activity type="IN_VEHICLE" conf="97" state="moving" tsMs="1775157253888"/>
        <radio op="vodafone IT" rat="OTHER"/>
        <radio op="I TIM" rat="LTE" rsrp="-131" rsrq="-23"/>
      </extensions>
    </trkpt>
    <trkpt lat="45.9659272" lon="10.8116317">
      <ele>801.0</ele>
      <time>2026-04-02T21:14:27.113+02:00</time>
      <extensions>
        <activity type="IN_VEHICLE" conf="97" state="moving" tsMs="1775157264575"/>
        <radio op="vodafone IT" rat="OTHER"/>
        <radio op="I TIM" rat="LTE" rsrp="-133" rsrq="-23"/>
      </extensions>
    </trkpt>
    <trkpt lat="45.9670409" lon="10.8120513">
      <ele>797.0</ele>
      <time>2026-04-02T21:14:37.113+02:00</time>
      <extensions>
        <activity type="IN_VEHICLE" conf="97" state="moving" tsMs="1775157275179"/>
        <radio op="vodafone IT" rat="OTHER"/>
        <radio op="I TIM" rat="LTE" rsrp="-133" rsrq="-23"/>
      </extensions>
    </trkpt>
    <trkpt lat="45.9683005" lon="10.8123339">
      <ele>795.0</ele>
      <time>2026-04-02T21:14:47.113+02:00</time>
      <extensions>
        <activity type="IN_VEHICLE" conf="97" state="moving" tsMs="1775157285846"/>
        <radio op="vodafone IT" rat="OTHER"/>
        <radio op="I TIM" rat="LTE" q="3.60" rsrp="-123" sinr="13" rsrq="-14"/>
      </extensions>
    </trkpt>
    <trkpt lat="45.9695113" lon="10.8131738">
      <ele>796.0</ele>
      <time>2026-04-02T21:14:57.113+02:00</time>
      <extensions>
        <activity type="IN_VEHICLE" conf="97" state="moving" tsMs="1775157296524"/>
        <radio op="vodafone IT" rat="LTE" q="2.40" rsrp="-121" sinr="1" rsrq="-12"/>
        <radio op="I TIM" rat="LTE" rsrp="-121" rsrq="-14"/>
      </extensions>
    </trkpt>
    <trkpt lat="45.970346" lon="10.8148235">
      <ele>803.0</ele>
      <time>2026-04-02T21:15:08.113+02:00</time>
      <extensions>
        <activity type="IN_VEHICLE" conf="97" state="moving" tsMs="1775157307173"/>
        <radio op="vodafone IT" rat="LTE" q="1.00" rsrp="-123" sinr="0" rsrq="-12"/>
        <radio op="I TIM" rat="LTE" rsrp="-117" rsrq="-14"/>
      </extensions>
    </trkpt>
    <trkpt lat="45.9711507" lon="10.8163291">
      <ele>816.0</ele>
      <time>2026-04-02T21:15:18.112+02:00</time>
      <extensions>
        <activity type="IN_VEHICLE" conf="96" state="moving" tsMs="1775157317818"/>
        <radio op="vodafone IT" rat="LTE" q="3.50" rsrp="-120" sinr="2" rsrq="-11"/>
        <radio op="I TIM" rat="LTE" q="3.50" rsrp="-118" sinr="0" rsrq="-13"/>
      </extensions>
    </trkpt>
    <trkpt lat="45.9723881" lon="10.8172273">
      <ele>834.0</ele>
      <time>2026-04-02T21:15:28.112+02:00</time>
      <extensions>
        <activity type="IN_VEHICLE" conf="97" state="moving" tsMs="1775157328447"/>
        <radio op="vodafone IT" rat="LTE" q="4.20" rsrp="-119" sinr="2" rsrq="-9"/>
        <radio op="I TIM" rat="LTE" q="13.20" rsrp="-114" sinr="7" rsrq="-11"/>
      </extensions>
    </trkpt>
    <trkpt lat="45.9738132" lon="10.8190188">
      <ele>809.0</ele>
      <time>2026-04-02T21:15:38.113+02:00</time>
      <extensions>
        <activity type="IN_VEHICLE" conf="97" state="moving" tsMs="1775157333818"/>
        <radio op="vodafone IT" rat="LTE" q="4.90" rsrp="-118" sinr="2" rsrq="-10"/>
        <radio op="I TIM" rat="LTE" q="16.50" rsrp="-114" sinr="10" rsrq="-11"/>
      </extensions>
    </trkpt>
    <trkpt lat="45.974943" lon="10.8205789">
      <ele>809.0</ele>
      <time>2026-04-02T21:15:48.113+02:00</time>
      <extensions>
        <activity type="IN_VEHICLE" conf="97" state="moving" tsMs="1775157339135"/>
        <radio op="vodafone IT" rat="LTE" q="30.80" rsrp="-97" sinr="6" rsrq="-10"/>
        <radio op="I TIM" rat="LTE" rsrp="-116" rsrq="-13"/>
      </extensions>
    </trkpt>
    <trkpt lat="45.9761773" lon="10.8217227">
      <ele>802.0</ele>
      <time>2026-04-02T21:15:58.112+02:00</time>
      <extensions>
        <activity type="IN_VEHICLE" conf="97" state="moving" tsMs="1775157356879"/>
        <radio op="vodafone IT" rat="LTE" q="25.00" rsrp="-100" sinr="5" rsrq="-9"/>
        <radio op="I TIM" rat="LTE" rsrp="-120" rsrq="-15"/>
      </extensions>
    </trkpt>
    <trkpt lat="45.9776726" lon="10.8224144">
      <ele>790.0</ele>
      <time>2026-04-02T21:16:08.112+02:00</time>
      <extensions>
        <activity type="IN_VEHICLE" conf="97" state="moving" tsMs="1775157367560"/>
        <radio op="vodafone IT" rat="LTE" q="10.20" rsrp="-108" sinr="1" rsrq="-12"/>
        <radio op="I TIM" rat="LTE" rsrp="-113" rsrq="-16"/>
      </extensions>
    </trkpt>
    <trkpt lat="45.9789932" lon="10.823538">
      <ele>776.0</ele>
      <time>2026-04-02T21:16:18.112+02:00</time>
      <extensions>
        <activity type="IN_VEHICLE" conf="96" state="moving" tsMs="1775157378183"/>
        <radio op="vodafone IT" rat="LTE" q="10.20" rsrp="-108" sinr="1" rsrq="-12"/>
        <radio op="I TIM" rat="LTE" rsrp="-116" rsrq="-18"/>
      </extensions>
    </trkpt>
    <trkpt lat="45.9800416" lon="10.8247124">
      <ele>764.0</ele>
      <time>2026-04-02T21:16:28.113+02:00</time>
      <extensions>
        <activity type="IN_VEHICLE" conf="97" state="moving" tsMs="1775157388820"/>
        <radio op="vodafone IT" rat="LTE" q="12.00" rsrp="-113" sinr="5" rsrq="-10"/>
        <radio op="I TIM" rat="LTE" rsrp="-119" rsrq="-14"/>
      </extensions>
    </trkpt>
    <trkpt lat="45.9814111" lon="10.8247901">
      <ele>753.0</ele>
      <time>2026-04-02T21:16:38.112+02:00</time>
      <extensions>
        <activity type="IN_VEHICLE" conf="97" state="moving" tsMs="1775157399461"/>
        <radio op="vodafone IT" rat="LTE" q="22.40" rsrp="-109" sinr="9" rsrq="-9"/>
        <radio op="I TIM" rat="LTE" q="7.70" rsrp="-114" sinr="2" rsrq="-14"/>
      </extensions>
    </trkpt>
    <trkpt lat="45.9826775" lon="10.8257444">
      <ele>743.0</ele>
      <time>2026-04-02T21:16:49.113+02:00</time>
      <extensions>
        <activity type="IN_VEHICLE" conf="97" state="moving" tsMs="1775157404772"/>
        <radio op="vodafone IT" rat="LTE" q="23.40" rsrp="-107" sinr="8" rsrq="-10"/>
        <radio op="I TIM" rat="LTE" rsrp="-114" rsrq="-13"/>
      </extensions>
    </trkpt>
    <trkpt lat="45.9840948" lon="10.826036">
      <ele>734.0</ele>
      <time>2026-04-02T21:16:59.113+02:00</time>
      <extensions>
        <activity type="IN_VEHICLE" conf="97" state="moving" tsMs="1775157415400"/>
        <radio op="vodafone IT" rat="LTE" q="32.00" rsrp="-105" sinr="11" rsrq="-7"/>
        <radio op="I TIM" rat="LTE" q="25.50" rsrp="-110" sinr="12" rsrq="-13"/>
      </extensions>
    </trkpt>
    <trkpt lat="45.9852086" lon="10.8267522">
      <ele>727.0</ele>
      <time>2026-04-02T21:17:09.112+02:00</time>
      <extensions>
        <activity type="IN_VEHICLE" conf="97" state="moving" tsMs="1775157426041"/>
        <radio op="vodafone IT" rat="LTE" q="55.80" rsrp="-94" sinr="13" rsrq="-9"/>
        <radio op="I TIM" rat="LTE" q="57.60" rsrp="-93" sinr="13" rsrq="-11"/>
      </extensions>
    </trkpt>
    <trkpt lat="45.9860805" lon="10.8281884">
      <ele>717.0</ele>
      <time>2026-04-02T21:17:19.113+02:00</time>
      <extensions>
        <activity type="IN_VEHICLE" conf="98" state="moving" tsMs="1775157436688"/>
        <radio op="vodafone IT" rat="LTE" q="33.00" rsrp="-95" sinr="6" rsrq="-9"/>
        <radio op="I TIM" rat="LTE" q="29.70" rsrp="-98" sinr="6" rsrq="-12"/>
      </extensions>
    </trkpt>
    <trkpt lat="45.9868568" lon="10.8298223">
      <ele>715.0</ele>
      <time>2026-04-02T21:17:29.113+02:00</time>
      <extensions>
        <activity type="IN_VEHICLE" conf="97" state="moving" tsMs="1775157447343"/>
        <radio op="vodafone IT" rat="LTE" q="21.00" rsrp="-95" sinr="2" rsrq="-10"/>
        <radio op="I TIM" rat="LTE" q="14.00" rsrp="-97" sinr="0" rsrq="-13"/>
      </extensions>
    </trkpt>
    <trkpt lat="45.9875757" lon="10.8315161">
      <ele>710.0</ele>
      <time>2026-04-02T21:17:39.112+02:00</time>
      <extensions>
        <activity type="IN_VEHICLE" conf="96" state="moving" tsMs="1775157457959"/>
        <radio op="vodafone IT" rat="LTE" q="29.70" rsrp="-92" sinr="4" rsrq="-7"/>
        <radio op="I TIM" rat="LTE" q="40.60" rsrp="-96" sinr="9" rsrq="-12"/>
      </extensions>
    </trkpt>
    <trkpt lat="45.9882524" lon="10.8333952">
      <ele>706.0</ele>
      <time>2026-04-02T21:17:49.112+02:00</time>
      <extensions>
        <activity type="UNKNOWN" conf="40" state="unknown" tsMs="1775157468629"/>
        <radio op="vodafone IT" rat="LTE" rsrp="-98" rsrq="-13"/>
        <radio op="I TIM" rat="LTE" rsrp="-100" rsrq="-14"/>
      </extensions>
    </trkpt>
    <trkpt lat="45.9892213" lon="10.8349364">
      <ele>704.0</ele>
      <time>2026-04-02T21:17:59.112+02:00</time>
      <extensions>
        <activity type="IN_VEHICLE" conf="97" state="moving" tsMs="1775157479248"/>
        <radio op="vodafone IT" rat="LTE" q="37.40" rsrp="-91" sinr="6" rsrq="-11"/>
        <radio op="I TIM" rat="LTE" rsrp="-97" rsrq="-14"/>
      </extensions>
    </trkpt>
    <trkpt lat="45.9902023" lon="10.8365962">
      <ele>706.0</ele>
      <time>2026-04-02T21:18:09.112+02:00</time>
      <extensions>
        <activity type="IN_VEHICLE" conf="97" state="moving" tsMs="1775157489865"/>
        <radio op="vodafone IT" rat="LTE" q="13.50" rsrp="-98" sinr="0" rsrq="-13"/>
        <radio op="I TIM" rat="LTE" q="21.00" rsrp="-104" sinr="5" rsrq="-16"/>
      </extensions>
    </trkpt>
    <trkpt lat="45.9912153" lon="10.8381522">
      <ele>707.0</ele>
      <time>2026-04-02T21:18:20.113+02:00</time>
      <extensions>
        <activity type="IN_VEHICLE" conf="97" state="moving" tsMs="1775157495235"/>
        <radio op="vodafone IT" rat="LTE" q="38.40" rsrp="-93" sinr="7" rsrq="-8"/>
        <radio op="I TIM" rat="LTE" q="32.20" rsrp="-102" sinr="9" rsrq="-9"/>
      </extensions>
    </trkpt>
    <trkpt lat="45.9923746" lon="10.8380088">
      <ele>703.0</ele>
      <time>2026-04-02T21:18:30.113+02:00</time>
      <extensions>
        <activity type="IN_VEHICLE" conf="97" state="moving" tsMs="1775157505918"/>
        <radio op="vodafone IT" rat="LTE" q="46.50" rsrp="-94" sinr="10" rsrq="-10"/>
        <radio op="I TIM" rat="LTE" q="27.00" rsrp="-107" sinr="10" rsrq="-14"/>
      </extensions>
    </trkpt>
    <trkpt lat="45.9932722" lon="10.8388004">
      <ele>703.0</ele>
      <time>2026-04-02T21:18:40.112+02:00</time>
      <extensions>
        <activity type="IN_VEHICLE" conf="97" state="moving" tsMs="1775157516591"/>
        <radio op="vodafone IT" rat="LTE" q="14.70" rsrp="-104" sinr="2" rsrq="-10"/>
        <radio op="I TIM" rat="LTE" q="14.40" rsrp="-109" sinr="4" rsrq="-11"/>
      </extensions>
    </trkpt>
    <trkpt lat="45.9942971" lon="10.8397927">
      <ele>704.0</ele>
      <time>2026-04-02T21:18:50.113+02:00</time>
      <extensions>
        <activity type="IN_VEHICLE" conf="97" state="moving" tsMs="1775157527224"/>
        <radio op="vodafone IT" rat="LTE" rsrp="-106" rsrq="-13"/>
        <radio op="I TIM" rat="LTE" rsrp="-109" rsrq="-12"/>
      </extensions>
    </trkpt>
    <trkpt lat="45.9954605" lon="10.8403205">
      <ele>703.0</ele>
      <time>2026-04-02T21:19:00.112+02:00</time>
      <extensions>
        <activity type="IN_VEHICLE" conf="97" state="moving" tsMs="1775157537877"/>
        <radio op="vodafone IT" rat="LTE" q="42.00" rsrp="-90" sinr="7" rsrq="-10"/>
        <radio op="I TIM" rat="LTE" q="23.80" rsrp="-108" sinr="9" rsrq="-11"/>
      </extensions>
    </trkpt>
    <trkpt lat="45.9963122" lon="10.840991">
      <ele>703.0</ele>
      <time>2026-04-02T21:19:10.112+02:00</time>
      <extensions>
        <activity type="IN_VEHICLE" conf="97" state="moving" tsMs="1775157548528"/>
        <radio op="vodafone IT" rat="LTE" q="28.80" rsrp="-93" sinr="4" rsrq="-10"/>
        <radio op="I TIM" rat="LTE" q="21.00" rsrp="-104" sinr="5" rsrq="-13"/>
      </extensions>
    </trkpt>
    <trkpt lat="45.9965434" lon="10.8423909">
      <ele>704.0</ele>
      <time>2026-04-02T21:19:20.112+02:00</time>
      <extensions>
        <activity type="IN_VEHICLE" conf="97" state="moving" tsMs="1775157559183"/>
        <radio op="vodafone IT" rat="LTE" q="56.10" rsrp="-92" sinr="12" rsrq="-9"/>
        <radio op="I TIM" rat="LTE" q="36.00" rsrp="-101" sinr="10" rsrq="-12"/>
      </extensions>
    </trkpt>
    <trkpt lat="45.9975199" lon="10.8432873">
      <ele>703.0</ele>
      <time>2026-04-02T21:19:30.112+02:00</time>
      <extensions>
        <activity type="IN_VEHICLE" conf="97" state="moving" tsMs="1775157569854"/>
        <radio op="vodafone IT" rat="LTE" q="21.70" rsrp="-94" sinr="2" rsrq="-10"/>
        <radio op="I TIM" rat="LTE" q="13.00" rsrp="-99" sinr="0" rsrq="-14"/>
      </extensions>
    </trkpt>
    <trkpt lat="45.9986983" lon="10.8442365">
      <ele>705.0</ele>
      <time>2026-04-02T21:19:40.113+02:00</time>
      <extensions>
        <activity type="IN_VEHICLE" conf="92" state="moving" tsMs="1775157580498"/>
        <radio op="vodafone IT" rat="LTE" q="25.60" rsrp="-93" sinr="3" rsrq="-11"/>
        <radio op="I TIM" rat="LTE" rsrp="-96" rsrq="-15"/>
      </extensions>
    </trkpt>
    <trkpt lat="46.0000014" lon="10.8451967">
      <ele>701.0</ele>
      <time>2026-04-02T21:19:51.112+02:00</time>
      <extensions>
        <activity type="UNKNOWN" conf="40" state="unknown" tsMs="1775157591138"/>
        <radio op="vodafone IT" rat="LTE" rsrp="-93" rsrq="-10"/>
        <radio op="I TIM" rat="LTE" q="24.00" rsrp="-95" sinr="3" rsrq="-11"/>
      </extensions>
    </trkpt>
    <trkpt lat="46.0012268" lon="10.8459007">
      <ele>696.0</ele>
      <time>2026-04-02T21:20:01.112+02:00</time>
      <extensions>
        <activity type="IN_VEHICLE" conf="89" state="moving" tsMs="1775157596459"/>
        <radio op="vodafone IT" rat="LTE" q="51.00" rsrp="-91" sinr="10" rsrq="-9"/>
        <radio op="I TIM" rat="LTE" q="37.50" rsrp="-100" sinr="10" rsrq="-11"/>
      </extensions>
    </trkpt>
    <trkpt lat="46.0024258" lon="10.8465901">
      <ele>690.0</ele>
      <time>2026-04-02T21:20:11.112+02:00</time>
      <extensions>
        <activity type="IN_VEHICLE" conf="97" state="moving" tsMs="1775157607095"/>
        <radio op="vodafone IT" rat="LTE" q="19.20" rsrp="-93" sinr="1" rsrq="-9"/>
        <radio op="I TIM" rat="LTE" q="35.10" rsrp="-98" sinr="8" rsrq="-12"/>
      </extensions>
    </trkpt>
    <trkpt lat="46.0036725" lon="10.8473193">
      <ele>683.0</ele>
      <time>2026-04-02T21:20:21.112+02:00</time>
      <extensions>
        <activity type="IN_VEHICLE" conf="97" state="moving" tsMs="1775157617794"/>
        <radio op="vodafone IT" rat="LTE" q="80.50" rsrp="-90" sinr="18" rsrq="-9"/>
        <radio op="I TIM" rat="LTE" q="41.60" rsrp="-93" sinr="8" rsrq="-12"/>
      </extensions>
    </trkpt>
    <trkpt lat="46.0050098" lon="10.8480406">
      <ele>675.0</ele>
      <time>2026-04-02T21:20:31.112+02:00</time>
      <extensions>
        <activity type="IN_VEHICLE" conf="97" state="moving" tsMs="1775157628471"/>
        <radio op="vodafone IT" rat="LTE" rsrp="-100" rsrq="-18"/>
        <radio op="I TIM" rat="LTE" q="22.40" rsrp="-93" sinr="2" rsrq="-11"/>
      </extensions>
    </trkpt>
    <trkpt lat="46.0062164" lon="10.8486447">
      <ele>668.0</ele>
      <time>2026-04-02T21:20:41.112+02:00</time>
      <extensions>
        <activity type="IN_VEHICLE" conf="97" state="moving" tsMs="1775157639059"/>
        <radio op="vodafone IT" rat="LTE" q="50.40" rsrp="-89" sinr="9" rsrq="-10"/>
        <radio op="I TIM" rat="LTE" rsrp="-100" rsrq="-15"/>
      </extensions>
    </trkpt>
    <trkpt lat="46.007354" lon="10.8492161">
      <ele>661.0</ele>
      <time>2026-04-02T21:20:51.112+02:00</time>
      <extensions>
        <activity type="IN_VEHICLE" conf="97" state="moving" tsMs="1775157649683"/>
        <radio op="vodafone IT" rat="LTE" q="43.40" rsrp="-94" sinr="9" rsrq="-9"/>
        <radio op="I TIM" rat="LTE" q="21.00" rsrp="-95" sinr="2" rsrq="-13"/>
      </extensions>
    </trkpt>
    <trkpt lat="46.0081983" lon="10.8498702">
      <ele>654.0</ele>
      <time>2026-04-02T21:21:01.112+02:00</time>
      <extensions>
        <activity type="IN_VEHICLE" conf="97" state="moving" tsMs="1775157660296"/>
        <radio op="vodafone IT" rat="LTE" q="36.40" rsrp="-99" sinr="9" rsrq="-10"/>
        <radio op="I TIM" rat="LTE" q="18.90" rsrp="-98" sinr="2" rsrq="-14"/>
      </extensions>
    </trkpt>
    <trkpt lat="46.0080723" lon="10.8510465">
      <ele>645.0</ele>
      <time>2026-04-02T21:21:11.112+02:00</time>
      <extensions>
        <activity type="IN_VEHICLE" conf="97" state="moving" tsMs="1775157670959"/>
        <radio op="vodafone IT" rat="LTE" q="38.00" rsrp="-87" sinr="5" rsrq="-9"/>
        <radio op="I TIM" rat="LTE" q="23.40" rsrp="-86" sinr="1" rsrq="-14"/>
      </extensions>
    </trkpt>
    <trkpt lat="46.0089988" lon="10.8518236">
      <ele>635.0</ele>
      <time>2026-04-02T21:21:22.112+02:00</time>
      <extensions>
        <activity type="IN_VEHICLE" conf="97" state="moving" tsMs="1775157681587"/>
        <radio op="vodafone IT" rat="LTE" q="63.00" rsrp="-90" sinr="13" rsrq="-9"/>
        <radio op="I TIM" rat="LTE" q="49.00" rsrp="-90" sinr="9" rsrq="-11"/>
      </extensions>
    </trkpt>
    <trkpt lat="46.0099088" lon="10.8525993">
      <ele>626.0</ele>
      <time>2026-04-02T21:21:32.112+02:00</time>
      <extensions>
        <activity type="IN_VEHICLE" conf="97" state="moving" tsMs="1775157692212"/>
        <radio op="vodafone IT" rat="LTE" q="29.60" rsrp="-88" sinr="3" rsrq="-9"/>
        <radio op="I TIM" rat="LTE" q="31.50" rsrp="-90" sinr="4" rsrq="-11"/>
      </extensions>
    </trkpt>
    <trkpt lat="46.0107978" lon="10.8537547">
      <ele>616.0</ele>
      <time>2026-04-02T21:21:42.112+02:00</time>
      <extensions>
        <activity type="IN_VEHICLE" conf="97" state="moving" tsMs="1775157697553"/>
        <radio op="vodafone IT" rat="LTE" q="44.00" rsrp="-85" sinr="6" rsrq="-10"/>
        <radio op="I TIM" rat="LTE" q="32.00" rsrp="-85" sinr="3" rsrq="-13"/>
      </extensions>
    </trkpt>
    <trkpt lat="46.0111301" lon="10.8550003">
      <ele>606.0</ele>
      <time>2026-04-02T21:21:52.112+02:00</time>
      <extensions>
        <activity type="IN_VEHICLE" conf="97" state="moving" tsMs="1775157708238"/>
        <radio op="vodafone IT" rat="LTE" q="33.30" rsrp="-88" sinr="4" rsrq="-10"/>
        <radio op="I TIM" rat="LTE" q="35.00" rsrp="-90" sinr="5" rsrq="-10"/>
      </extensions>
    </trkpt>
    <trkpt lat="46.0119554" lon="10.8552985">
      <ele>599.0</ele>
      <time>2026-04-02T21:22:02.112+02:00</time>
      <extensions>
        <activity type="IN_VEHICLE" conf="98" state="moving" tsMs="1775157718860"/>
        <radio op="vodafone IT" rat="LTE" q="18.00" rsrp="-89" sinr="0" rsrq="-12"/>
        <radio op="I TIM" rat="LTE" q="17.50" rsrp="-90" sinr="0" rsrq="-13"/>
      </extensions>
    </trkpt>
    <trkpt lat="46.013132" lon="10.8552937">
      <ele>591.0</ele>
      <time>2026-04-02T21:22:12.112+02:00</time>
      <extensions>
        <activity type="UNKNOWN" conf="40" state="unknown" tsMs="1775157729495"/>
        <radio op="vodafone IT" rat="LTE" rsrp="-92" rsrq="-16"/>
        <radio op="I TIM" rat="LTE" q="32.40" rsrp="-89" sinr="4" rsrq="-16"/>
      </extensions>
    </trkpt>
    <trkpt lat="46.0142109" lon="10.8549362">
      <ele>583.0</ele>
      <time>2026-04-02T21:22:22.112+02:00</time>
      <extensions>
        <activity type="IN_VEHICLE" conf="97" state="moving" tsMs="1775157740134"/>
        <radio op="vodafone IT" rat="LTE" q="35.00" rsrp="-90" sinr="5" rsrq="-10"/>
        <radio op="I TIM" rat="LTE" rsrp="-90" rsrq="-14"/>
      </extensions>
    </trkpt>
    <trkpt lat="46.0141201" lon="10.855902">
      <ele>577.0</ele>
      <time>2026-04-02T21:22:32.113+02:00</time>
      <extensions>
        <activity type="IN_VEHICLE" conf="97" state="moving" tsMs="1775157750758"/>
        <radio op="vodafone IT" rat="LTE" q="74.10" rsrp="-86" sinr="14" rsrq="-8"/>
        <radio op="I TIM" rat="LTE" q="33.30" rsrp="-88" sinr="4" rsrq="-13"/>
      </extensions>
    </trkpt>
    <trkpt lat="46.013392" lon="10.857591">
      <ele>569.0</ele>
      <time>2026-04-02T21:22:42.112+02:00</time>
      <extensions>
        <activity type="IN_VEHICLE" conf="97" state="moving" tsMs="1775157761436"/>
        <radio op="vodafone IT" rat="LTE" q="76.00" rsrp="-84" sinr="14" rsrq="-9"/>
        <radio op="I TIM" rat="LTE" q="36.00" rsrp="-85" sinr="4" rsrq="-12"/>
      </extensions>
    </trkpt>
    <trkpt lat="46.0124964" lon="10.8596727">
      <ele>559.0</ele>
      <time>2026-04-02T21:22:53.112+02:00</time>
      <extensions>
        <activity type="IN_VEHICLE" conf="97" state="moving" tsMs="1775157772046"/>
        <radio op="vodafone IT" rat="LTE" q="68.00" rsrp="-83" sinr="12" rsrq="-7"/>
        <radio op="I TIM" rat="LTE" q="44.00" rsrp="-84" sinr="6" rsrq="-12"/>
      </extensions>
    </trkpt>
    <trkpt lat="46.011673" lon="10.8606972">
      <ele>554.0</ele>
      <time>2026-04-02T21:23:03.113+02:00</time>
      <extensions>
        <activity type="IN_VEHICLE" conf="97" state="moving" tsMs="1775157782718"/>
        <radio op="vodafone IT" rat="LTE" q="16.20" rsrp="-98" sinr="1" rsrq="-11"/>
        <radio op="I TIM" rat="LTE" q="14.00" rsrp="-97" sinr="0" rsrq="-14"/>
      </extensions>
    </trkpt>
    <trkpt lat="46.0113968" lon="10.8619414">
      <ele>550.0</ele>
      <time>2026-04-02T21:23:13.113+02:00</time>
      <extensions>
        <activity type="IN_VEHICLE" conf="97" state="moving" tsMs="1775157793350"/>
        <radio op="vodafone IT" rat="LTE" q="42.90" rsrp="-92" sinr="8" rsrq="-9"/>
        <radio op="I TIM" rat="LTE" q="25.60" rsrp="-93" sinr="3" rsrq="-12"/>
      </extensions>
    </trkpt>
    <trkpt lat="46.0115935" lon="10.863545">
      <ele>547.0</ele>
      <time>2026-04-02T21:23:23.113+02:00</time>
      <extensions>
        <activity type="IN_VEHICLE" conf="97" state="moving" tsMs="1775157798704"/>
        <radio op="vodafone IT" rat="LTE" q="84.00" rsrp="-81" sinr="16" rsrq="-8"/>
        <radio op="I TIM" rat="LTE" rsrp="-88" rsrq="-13"/>
      </extensions>
    </trkpt>
    <trkpt lat="46.0121737" lon="10.8649984">
      <ele>542.0</ele>
      <time>2026-04-02T21:23:33.112+02:00</time>
      <extensions>
        <activity type="IN_VEHICLE" conf="97" state="moving" tsMs="1775157809335"/>
        <radio op="vodafone IT" rat="LTE" q="40.00" rsrp="-85" sinr="5" rsrq="-8"/>
        <radio op="I TIM" rat="LTE" q="49.40" rsrp="-87" sinr="8" rsrq="-12"/>
      </extensions>
    </trkpt>
    <trkpt lat="46.0127988" lon="10.8666299">
      <ele>539.0</ele>
      <time>2026-04-02T21:23:43.112+02:00</time>
      <extensions>
        <activity type="IN_VEHICLE" conf="97" state="moving" tsMs="1775157820021"/>
        <radio op="vodafone IT" rat="LTE" q="58.50" rsrp="-86" sinr="10" rsrq="-9"/>
        <radio op="I TIM" rat="LTE" q="69.30" rsrp="-92" sinr="16" rsrq="-12"/>
      </extensions>
    </trkpt>
    <trkpt lat="46.0132814" lon="10.8679428">
      <ele>537.0</ele>
      <time>2026-04-02T21:23:53.113+02:00</time>
      <extensions>
        <activity type="IN_VEHICLE" conf="97" state="moving" tsMs="1775157830638"/>
        <radio op="vodafone IT" rat="LTE" rsrp="-100" rsrq="-16"/>
        <radio op="I TIM" rat="LTE" rsrp="-93" rsrq="-11"/>
      </extensions>
    </trkpt>
    <trkpt lat="46.0141058" lon="10.8675084">
      <ele>541.0</ele>
      <time>2026-04-02T21:24:03.113+02:00</time>
      <extensions>
        <activity type="IN_VEHICLE" conf="97" state="moving" tsMs="1775157841316"/>
        <radio op="vodafone IT" rat="LTE" rsrp="-95" rsrq="-11"/>
        <radio op="I TIM" rat="LTE" rsrp="-102" rsrq="-13"/>
      </extensions>
    </trkpt>
    <trkpt lat="46.0151164" lon="10.8673363">
      <ele>542.0</ele>
      <time>2026-04-02T21:24:13.113+02:00</time>
      <extensions>
        <activity type="IN_VEHICLE" conf="97" state="moving" tsMs="1775157852008"/>
        <radio op="vodafone IT" rat="LTE" q="39.00" rsrp="-86" sinr="5" rsrq="-10"/>
        <radio op="I TIM" rat="LTE" q="62.70" rsrp="-92" sinr="14" rsrq="-11"/>
      </extensions>
    </trkpt>
    <trkpt lat="46.0163364" lon="10.867069">
      <ele>542.0</ele>
      <time>2026-04-02T21:24:24.112+02:00</time>
      <extensions>
        <activity type="IN_VEHICLE" conf="98" state="moving" tsMs="1775157862680"/>
        <radio op="vodafone IT" rat="LTE" q="41.80" rsrp="-87" sinr="6" rsrq="-7"/>
        <radio op="I TIM" rat="LTE" q="20.40" rsrp="-91" sinr="1" rsrq="-10"/>
      </extensions>
    </trkpt>
    <trkpt lat="46.0173543" lon="10.8680864">
      <ele>542.0</ele>
      <time>2026-04-02T21:24:34.112+02:00</time>
      <extensions>
        <activity type="IN_VEHICLE" conf="97" state="moving" tsMs="1775157873304"/>
        <radio op="vodafone IT" rat="LTE" q="76.00" rsrp="-85" sinr="14" rsrq="-9"/>
        <radio op="I TIM" rat="LTE" q="19.00" rsrp="-87" sinr="0" rsrq="-11"/>
      </extensions>
    </trkpt>
    <trkpt lat="46.0186636" lon="10.8682402">
      <ele>542.0</ele>
      <time>2026-04-02T21:24:44.113+02:00</time>
      <extensions>
        <activity type="IN_VEHICLE" conf="98" state="moving" tsMs="1775157883932"/>
        <radio op="vodafone IT" rat="LTE" q="37.00" rsrp="-88" sinr="5" rsrq="-10"/>
        <radio op="I TIM" rat="LTE" q="54.00" rsrp="-89" sinr="10" rsrq="-12"/>
      </extensions>
    </trkpt>
    <trkpt lat="46.0200171" lon="10.8678011">
      <ele>542.0</ele>
      <time>2026-04-02T21:24:54.112+02:00</time>
      <extensions>
        <activity type="IN_VEHICLE" conf="97" state="moving" tsMs="1775157894588"/>
        <radio op="vodafone IT" rat="LTE" q="22.80" rsrp="-87" sinr="1" rsrq="-11"/>
        <radio op="I TIM" rat="LTE" q="26.40" rsrp="-92" sinr="3" rsrq="-14"/>
      </extensions>
    </trkpt>
    <trkpt lat="46.0212373" lon="10.8670381">
      <ele>544.0</ele>
      <time>2026-04-02T21:25:04.112+02:00</time>
      <extensions>
        <activity type="IN_VEHICLE" conf="97" state="moving" tsMs="1775157899932"/>
        <radio op="vodafone IT" rat="LTE" q="23.40" rsrp="-99" sinr="4" rsrq="-10"/>
        <radio op="I TIM" rat="LTE" q="20.80" rsrp="-99" sinr="3" rsrq="-12"/>
      </extensions>
    </trkpt>
    <trkpt lat="46.0224116" lon="10.8664822">
      <ele>544.0</ele>
      <time>2026-04-02T21:25:14.113+02:00</time>
      <extensions>
        <activity type="IN_VEHICLE" conf="97" state="moving" tsMs="1775157910550"/>
        <radio op="vodafone IT" rat="LTE" rsrp="-90" rsrq="-12"/>
        <radio op="I TIM" rat="LTE" rsrp="-96" rsrq="-15"/>
      </extensions>
    </trkpt>
    <trkpt lat="46.0236061" lon="10.865867">
      <ele>543.0</ele>
      <time>2026-04-02T21:25:24.112+02:00</time>
      <extensions>
        <activity type="IN_VEHICLE" conf="97" state="moving" tsMs="1775157921220"/>
        <radio op="vodafone IT" rat="LTE" q="14.70" rsrp="-104" sinr="2" rsrq="-13"/>
        <radio op="I TIM" rat="LTE" q="50.40" rsrp="-97" sinr="13" rsrq="-10"/>
      </extensions>
    </trkpt>
    <trkpt lat="46.0245496" lon="10.8650993">
      <ele>544.0</ele>
      <time>2026-04-02T21:25:34.112+02:00</time>
      <extensions>
        <activity type="IN_VEHICLE" conf="97" state="moving" tsMs="1775157931920"/>
        <radio op="vodafone IT" rat="LTE" q="18.90" rsrp="-104" sinr="4" rsrq="-12"/>
        <radio op="I TIM" rat="LTE" rsrp="-103" rsrq="-14"/>
      </extensions>
    </trkpt>
    <trkpt lat="46.0254186" lon="10.8658362">
      <ele>536.7274010257008</ele>
      <time>2026-04-02T21:25:45.112+02:00</time>
      <extensions>
        <activity type="IN_VEHICLE" conf="97" state="moving" tsMs="1775157937262"/>
        <radio op="vodafone IT" rat="LTE" q="24.50" rsrp="-90" sinr="2" rsrq="-13"/>
        <radio op="I TIM" rat="LTE" q="48.00" rsrp="-85" sinr="7" rsrq="-10"/>
      </extensions>
    </trkpt>
    <trkpt lat="46.0263195" lon="10.8669353">
      <ele>538.0</ele>
      <time>2026-04-02T21:25:55.111+02:00</time>
      <extensions>
        <activity type="IN_VEHICLE" conf="96" state="moving" tsMs="1775157943838"/>
        <radio op="vodafone IT" rat="LTE" q="42.00" rsrp="-90" sinr="7" rsrq="-10"/>
        <radio op="I TIM" rat="LTE" q="92.00" rsrp="-83" sinr="18" rsrq="-8"/>
      </extensions>
    </trkpt>
    <trkpt lat="46.0272154" lon="10.8680024">
      <ele>533.0</ele>
      <time>2026-04-02T21:26:05.111+02:00</time>
      <extensions>
        <activity type="IN_VEHICLE" conf="97" state="moving" tsMs="1775157962962"/>
        <radio op="vodafone IT" rat="LTE" q="23.10" rsrp="-92" sinr="2" rsrq="-11"/>
        <radio op="I TIM" rat="LTE" q="44.40" rsrp="-88" sinr="7" rsrq="-11"/>
      </extensions>
    </trkpt>
    <trkpt lat="46.028298" lon="10.8679044">
      <ele>526.0</ele>
      <time>2026-04-02T21:26:15.111+02:00</time>
      <extensions>
        <activity type="IN_VEHICLE" conf="97" state="moving" tsMs="1775157973608"/>
        <radio op="vodafone IT" rat="LTE" q="62.40" rsrp="-86" sinr="11" rsrq="-8"/>
        <radio op="I TIM" rat="LTE" q="52.70" rsrp="-94" sinr="12" rsrq="-12"/>
      </extensions>
    </trkpt>
    <trkpt lat="46.029189" lon="10.8682057">
      <ele>521.0</ele>
      <time>2026-04-02T21:26:25.112+02:00</time>
      <extensions>
        <activity type="IN_VEHICLE" conf="97" state="moving" tsMs="1775157984246"/>
        <radio op="vodafone IT" rat="LTE" q="31.00" rsrp="-94" sinr="5" rsrq="-12"/>
        <radio op="I TIM" rat="LTE" rsrp="-92" rsrq="-14"/>
      </extensions>
    </trkpt>
    <trkpt lat="46.0288414" lon="10.8677629">
      <ele>515.0</ele>
      <time>2026-04-02T21:26:35.111+02:00</time>
      <extensions>
        <activity type="IN_VEHICLE" conf="97" state="moving" tsMs="1775157994879"/>
        <radio op="vodafone IT" rat="LTE" q="54.40" rsrp="-91" sinr="11" rsrq="-7"/>
        <radio op="I TIM" rat="LTE" q="40.80" rsrp="-91" sinr="7" rsrq="-14"/>
      </extensions>
    </trkpt>
    <trkpt lat="46.0282784" lon="10.866614">
      <ele>508.0</ele>
      <time>2026-04-02T21:26:45.111+02:00</time>
      <extensions>
        <activity type="IN_VEHICLE" conf="97" state="moving" tsMs="1775158005572"/>
        <radio op="vodafone IT" rat="LTE" q="30.60" rsrp="-91" sinr="4" rsrq="-11"/>
        <radio op="I TIM" rat="LTE" q="39.60" rsrp="-92" sinr="7" rsrq="-13"/>
      </extensions>
    </trkpt>
    <trkpt lat="46.0281021" lon="10.8653473">
      <ele>500.0</ele>
      <time>2026-04-02T21:26:55.112+02:00</time>
      <extensions>
        <activity type="IN_VEHICLE" conf="97" state="moving" tsMs="1775158016218"/>
        <radio op="vodafone IT" rat="LTE" q="25.90" rsrp="-88" sinr="2" rsrq="-11"/>
        <radio op="I TIM" rat="LTE" q="25.90" rsrp="-88" sinr="2" rsrq="-14"/>
      </extensions>
    </trkpt>
    <trkpt lat="46.0286514" lon="10.8658886">
      <ele>494.0</ele>
      <time>2026-04-02T21:27:05.111+02:00</time>
      <extensions>
        <activity type="IN_VEHICLE" conf="97" state="moving" tsMs="1775158021573"/>
        <radio op="vodafone IT" rat="LTE" q="36.00" rsrp="-79" sinr="4" rsrq="-8"/>
        <radio op="I TIM" rat="LTE" q="52.00" rsrp="-84" sinr="8" rsrq="-12"/>
      </extensions>
    </trkpt>
    <trkpt lat="46.0295368" lon="10.8671537">
      <ele>484.0</ele>
      <time>2026-04-02T21:27:15.112+02:00</time>
      <extensions>
        <activity type="IN_VEHICLE" conf="98" state="moving" tsMs="1775158032232"/>
        <radio op="vodafone IT" rat="LTE" q="68.00" rsrp="-79" sinr="12" rsrq="-6"/>
        <radio op="I TIM" rat="LTE" q="24.00" rsrp="-95" sinr="3" rsrq="-13"/>
      </extensions>
    </trkpt>
    <trkpt lat="46.0300983" lon="10.8690504">
      <ele>472.0</ele>
      <time>2026-04-02T21:27:26.112+02:00</time>
      <extensions>
        <activity type="IN_VEHICLE" conf="97" state="moving" tsMs="1775158042894"/>
        <radio op="vodafone IT" rat="LTE" q="60.00" rsrp="-84" sinr="10" rsrq="-10"/>
        <radio op="I TIM" rat="LTE" q="64.00" rsrp="-84" sinr="11" rsrq="-12"/>
      </extensions>
    </trkpt>
    <trkpt lat="46.0302857" lon="10.8688541">
      <ele>467.0</ele>
      <time>2026-04-02T21:27:36.112+02:00</time>
      <extensions>
        <activity type="IN_VEHICLE" conf="97" state="moving" tsMs="1775158053543"/>
        <radio op="vodafone IT" rat="LTE" rsrp="-90" rsrq="-13"/>
        <radio op="I TIM" rat="LTE" q="15.50" rsrp="-94" sinr="0" rsrq="-12"/>
      </extensions>
    </trkpt>
    <trkpt lat="46.0307868" lon="10.8685314">
      <ele>461.0</ele>
      <time>2026-04-02T21:27:46.112+02:00</time>
      <extensions>
        <activity type="IN_VEHICLE" conf="97" state="moving" tsMs="1775158064216"/>
        <radio op="vodafone IT" rat="LTE" q="61.20" rsrp="-89" sinr="12" rsrq="-8"/>
        <radio op="I TIM" rat="LTE" q="13.00" rsrp="-99" sinr="0" rsrq="-13"/>
      </extensions>
    </trkpt>
    <trkpt lat="46.0316669" lon="10.8688825">
      <ele>455.0</ele>
      <time>2026-04-02T21:27:56.111+02:00</time>
      <extensions>
        <activity type="IN_VEHICLE" conf="97" state="moving" tsMs="1775158074844"/>
        <radio op="vodafone IT" rat="LTE" q="75.60" rsrp="-89" sinr="16" rsrq="-11"/>
        <radio op="I TIM" rat="LTE" q="21.00" rsrp="-104" sinr="5" rsrq="-15"/>
      </extensions>
    </trkpt>
    <trkpt lat="46.0322152" lon="10.8689104">
      <ele>457.0</ele>
      <time>2026-04-02T21:28:06.111+02:00</time>
      <extensions>
        <activity type="IN_VEHICLE" conf="97" state="moving" tsMs="1775158085500"/>
        <radio op="vodafone IT" rat="LTE" q="68.40" rsrp="-87" sinr="13" rsrq="-8"/>
        <radio op="I TIM" rat="LTE" q="17.50" rsrp="-100" sinr="2" rsrq="-13"/>
      </extensions>
    </trkpt>
    <trkpt lat="46.0331459" lon="10.8693013">
      <ele>466.0</ele>
      <time>2026-04-02T21:28:16.111+02:00</time>
      <extensions>
        <activity type="IN_VEHICLE" conf="97" state="moving" tsMs="1775158096130"/>
        <radio op="vodafone IT" rat="LTE" q="81.90" rsrp="-86" sinr="16" rsrq="-7"/>
        <radio op="I TIM" rat="LTE" q="36.40" rsrp="-99" sinr="9" rsrq="-13"/>
      </extensions>
    </trkpt>
    <trkpt lat="46.034254" lon="10.8692258">
      <ele>475.0</ele>
      <time>2026-04-02T21:28:26.112+02:00</time>
      <extensions>
        <activity type="IN_VEHICLE" conf="96" state="moving" tsMs="1775158106800"/>
        <radio op="vodafone IT" rat="LTE" q="36.00" rsrp="-82" sinr="4" rsrq="-9"/>
        <radio op="I TIM" rat="LTE" q="63.00" rsrp="-90" sinr="13" rsrq="-11"/>
      </extensions>
    </trkpt>
    <trkpt lat="46.0350379" lon="10.8683992">
      <ele>485.0</ele>
      <time>2026-04-02T21:28:36.111+02:00</time>
      <extensions>
        <activity type="UNKNOWN" conf="40" state="unknown" tsMs="1775158112150"/>
        <radio op="vodafone IT" rat="LTE" q="36.00" rsrp="-89" sinr="5" rsrq="-10"/>
        <radio op="I TIM" rat="LTE" rsrp="-96" rsrq="-14"/>
      </extensions>
    </trkpt>
    <trkpt lat="46.0354536" lon="10.8670665">
      <ele>494.0</ele>
      <time>2026-04-02T21:28:46.111+02:00</time>
      <extensions>
        <activity type="IN_VEHICLE" conf="91" state="moving" tsMs="1775158122777"/>
        <radio op="vodafone IT" rat="LTE" rsrp="-91" rsrq="-11"/>
        <radio op="I TIM" rat="LTE" q="21.60" rsrp="-98" sinr="3" rsrq="-15"/>
      </extensions>
    </trkpt>
    <trkpt lat="46.0350187" lon="10.8674639">
      <ele>498.0</ele>
      <time>2026-04-02T21:28:57.111+02:00</time>
      <extensions>
        <activity type="IN_VEHICLE" conf="97" state="moving" tsMs="1775158133435"/>
        <radio op="vodafone IT" rat="LTE" q="68.00" rsrp="-85" sinr="12" rsrq="-10"/>
        <radio op="I TIM" rat="LTE" q="37.20" rsrp="-94" sinr="7" rsrq="-13"/>
      </extensions>
    </trkpt>
    <trkpt lat="46.0345831" lon="10.868048">
      <ele>505.0</ele>
      <time>2026-04-02T21:29:07.111+02:00</time>
      <extensions>
        <activity type="IN_VEHICLE" conf="97" state="moving" tsMs="1775158144110"/>
        <radio op="vodafone IT" rat="LTE" q="58.50" rsrp="-86" sinr="10" rsrq="-9"/>
        <radio op="I TIM" rat="LTE" q="73.60" rsrp="-93" sinr="18" rsrq="-11"/>
      </extensions>
    </trkpt>
    <trkpt lat="46.034213" lon="10.8681888">
      <ele>510.0</ele>
      <time>2026-04-02T21:29:17.111+02:00</time>
      <extensions>
        <activity type="IN_VEHICLE" conf="96" state="moving" tsMs="1775158154738"/>
        <radio op="vodafone IT" rat="LTE" q="52.70" rsrp="-94" sinr="12" rsrq="-10"/>
        <radio op="I TIM" rat="LTE" q="62.70" rsrp="-92" sinr="14" rsrq="-12"/>
      </extensions>
    </trkpt>
    <trkpt lat="46.0346318" lon="10.8674614">
      <ele>514.0</ele>
      <time>2026-04-02T21:29:27.111+02:00</time>
      <extensions>
        <activity type="IN_VEHICLE" conf="96" state="moving" tsMs="1775158165367"/>
        <radio op="vodafone IT" rat="LTE" q="52.50" rsrp="-90" sinr="10" rsrq="-11"/>
        <radio op="I TIM" rat="LTE" q="26.40" rsrp="-92" sinr="3" rsrq="-13"/>
      </extensions>
    </trkpt>
    <trkpt lat="46.0341017" lon="10.866696">
      <ele>520.0</ele>
      <time>2026-04-02T21:29:37.111+02:00</time>
      <extensions>
        <activity type="IN_VEHICLE" conf="96" state="moving" tsMs="1775158176047"/>
        <radio op="vodafone IT" rat="LTE" q="40.80" rsrp="-91" sinr="7" rsrq="-10"/>
        <radio op="I TIM" rat="LTE" q="31.00" rsrp="-94" sinr="5" rsrq="-12"/>
      </extensions>
    </trkpt>
    <trkpt lat="46.0336699" lon="10.8656172">
      <ele>527.0</ele>
      <time>2026-04-02T21:29:47.111+02:00</time>
      <extensions>
        <activity type="IN_VEHICLE" conf="96" state="moving" tsMs="1775158186705"/>
        <radio op="vodafone IT" rat="LTE" q="37.20" rsrp="-94" sinr="7" rsrq="-11"/>
        <radio op="I TIM" rat="LTE" q="24.00" rsrp="-101" sinr="5" rsrq="-12"/>
      </extensions>
    </trkpt>
    <trkpt lat="46.0337255" lon="10.8641132">
      <ele>530.0</ele>
      <time>2026-04-02T21:29:57.112+02:00</time>
      <extensions>
        <activity type="IN_VEHICLE" conf="97" state="moving" tsMs="1775158197353"/>
        <radio op="vodafone IT" rat="LTE" q="33.30" rsrp="-88" sinr="4" rsrq="-9"/>
        <radio op="I TIM" rat="LTE" q="41.60" rsrp="-93" sinr="8" rsrq="-14"/>
      </extensions>
    </trkpt>
    <trkpt lat="46.0330842" lon="10.8627939">
      <ele>534.0</ele>
      <time>2026-04-02T21:30:07.111+02:00</time>
      <extensions>
        <activity type="IN_VEHICLE" conf="85" state="moving" tsMs="1775158208019"/>
        <radio op="vodafone IT" rat="LTE" q="35.10" rsrp="-86" sinr="4" rsrq="-9"/>
        <radio op="I TIM" rat="LTE" q="25.60" rsrp="-93" sinr="3" rsrq="-12"/>
      </extensions>
    </trkpt>
    <trkpt lat="46.0327098" lon="10.8612921">
      <ele>539.0</ele>
      <time>2026-04-02T21:30:17.111+02:00</time>
      <extensions>
        <activity type="IN_VEHICLE" conf="96" state="moving" tsMs="1775158213344"/>
        <radio op="vodafone IT" rat="LTE" rsrp="-88" rsrq="-12"/>
        <radio op="I TIM" rat="LTE" rsrp="-89" rsrq="-14"/>
      </extensions>
    </trkpt>
    <trkpt lat="46.0326508" lon="10.8593694">
      <ele>544.0</ele>
      <time>2026-04-02T21:30:28.111+02:00</time>
      <extensions>
        <activity type="IN_VEHICLE" conf="97" state="moving" tsMs="1775158223964"/>
        <radio op="vodafone IT" rat="LTE" q="52.00" rsrp="-79" sinr="8" rsrq="-8"/>
        <radio op="I TIM" rat="LTE" q="56.00" rsrp="-90" sinr="11" rsrq="-12"/>
      </extensions>
    </trkpt>
    <trkpt lat="46.0326128" lon="10.8574093">
      <ele>548.0</ele>
      <time>2026-04-02T21:30:38.111+02:00</time>
      <extensions>
        <activity type="IN_VEHICLE" conf="97" state="moving" tsMs="1775158234594"/>
        <radio op="vodafone IT" rat="LTE" q="64.00" rsrp="-84" sinr="11" rsrq="-8"/>
        <radio op="I TIM" rat="LTE" q="31.50" rsrp="-90" sinr="4" rsrq="-12"/>
      </extensions>
    </trkpt>
    <trkpt lat="46.0320706" lon="10.855574">
      <ele>552.0</ele>
      <time>2026-04-02T21:30:48.112+02:00</time>
      <extensions>
        <activity type="IN_VEHICLE" conf="97" state="moving" tsMs="1775158245277"/>
        <radio op="vodafone IT" rat="LTE" q="46.80" rsrp="-86" sinr="7" rsrq="-9"/>
        <radio op="I TIM" rat="LTE" rsrp="-93" rsrq="-12"/>
      </extensions>
    </trkpt>
    <trkpt lat="46.0316083" lon="10.8536303">
      <ele>561.0</ele>
      <time>2026-04-02T21:30:58.111+02:00</time>
      <extensions>
        <activity type="IN_VEHICLE" conf="97" state="moving" tsMs="1775158255929"/>
        <radio op="vodafone IT" rat="LTE" q="29.60" rsrp="-88" sinr="3" rsrq="-10"/>
        <radio op="I TIM" rat="LTE" q="37.20" rsrp="-94" sinr="7" rsrq="-14"/>
      </extensions>
    </trkpt>
    <trkpt lat="46.0311686" lon="10.8518921">
      <ele>568.0</ele>
      <time>2026-04-02T21:31:08.111+02:00</time>
      <extensions>
        <activity type="IN_VEHICLE" conf="97" state="moving" tsMs="1775158266561"/>
        <radio op="vodafone IT" rat="LTE" q="39.00" rsrp="-86" sinr="5" rsrq="-9"/>
        <radio op="I TIM" rat="LTE" q="15.00" rsrp="-95" sinr="0" rsrq="-14"/>
      </extensions>
    </trkpt>
    <trkpt lat="46.0305954" lon="10.8502758">
      <ele>574.0</ele>
      <time>2026-04-02T21:31:18.111+02:00</time>
      <extensions>
        <activity type="IN_VEHICLE" conf="97" state="moving" tsMs="1775158277253"/>
        <radio op="vodafone IT" rat="LTE" q="50.70" rsrp="-86" sinr="8" rsrq="-9"/>
        <radio op="I TIM" rat="LTE" q="56.10" rsrp="-92" sinr="12" rsrq="-12"/>
      </extensions>
    </trkpt>
    <trkpt lat="46.0309759" lon="10.8485723">
      <ele>583.0</ele>
      <time>2026-04-02T21:31:28.111+02:00</time>
      <extensions>
        <activity type="IN_VEHICLE" conf="97" state="moving" tsMs="1775158287953"/>
        <radio op="vodafone IT" rat="LTE" q="39.00" rsrp="-86" sinr="5" rsrq="-10"/>
        <radio op="I TIM" rat="LTE" rsrp="-90" rsrq="-11"/>
      </extensions>
    </trkpt>
    <trkpt lat="46.0314604" lon="10.8470553">
      <ele>593.0</ele>
      <time>2026-04-02T21:31:38.111+02:00</time>
      <extensions>
        <activity type="IN_VEHICLE" conf="97" state="moving" tsMs="1775158298601"/>
        <radio op="vodafone IT" rat="LTE" q="40.00" rsrp="-84" sinr="5" rsrq="-10"/>
        <radio op="I TIM" rat="LTE" rsrp="-93" rsrq="-15"/>
      </extensions>
    </trkpt>
    <trkpt lat="46.0319015" lon="10.8457133">
      <ele>603.0</ele>
      <time>2026-04-02T21:31:48.111+02:00</time>
      <extensions>
        <activity type="IN_VEHICLE" conf="97" state="moving" tsMs="1775158309226"/>
        <radio op="vodafone IT" rat="LTE" q="72.00" rsrp="-83" sinr="13" rsrq="-9"/>
        <radio op="I TIM" rat="LTE" q="20.40" rsrp="-91" sinr="1" rsrq="-14"/>
      </extensions>
    </trkpt>
    <trkpt lat="46.0314387" lon="10.844404">
      <ele>614.0</ele>
      <time>2026-04-02T21:31:59.112+02:00</time>
      <extensions>
        <activity type="IN_VEHICLE" conf="97" state="moving" tsMs="1775158314545"/>
        <radio op="vodafone IT" rat="LTE" q="26.40" rsrp="-92" sinr="3" rsrq="-11"/>
        <radio op="I TIM" rat="LTE" rsrp="-95" rsrq="-17"/>
      </extensions>
    </trkpt>
    <trkpt lat="46.0304492" lon="10.8434814">
      <ele>623.0</ele>
      <time>2026-04-02T21:32:09.111+02:00</time>
      <extensions>
        <activity type="IN_VEHICLE" conf="96" state="moving" tsMs="1775158325230"/>
        <radio op="vodafone IT" rat="LTE" q="50.40" rsrp="-89" sinr="9" rsrq="-10"/>
        <radio op="I TIM" rat="LTE" q="27.20" rsrp="-91" sinr="3" rsrq="-14"/>
      </extensions>
    </trkpt>
    <trkpt lat="46.0296187" lon="10.8423254">
      <ele>631.0</ele>
      <time>2026-04-02T21:32:19.112+02:00</time>
      <extensions>
        <activity type="IN_VEHICLE" conf="96" state="moving" tsMs="1775158335871"/>
        <radio op="vodafone IT" rat="LTE" q="62.90" rsrp="-88" sinr="12" rsrq="-9"/>
        <radio op="I TIM" rat="LTE" q="22.40" rsrp="-97" sinr="3" rsrq="-14"/>
      </extensions>
    </trkpt>
    <trkpt lat="46.0292816" lon="10.842176">
      <ele>632.0</ele>
      <time>2026-04-02T21:32:29.112+02:00</time>
      <extensions>
        <activity type="IN_VEHICLE" conf="97" state="moving" tsMs="1775158346499"/>
        <radio op="vodafone IT" rat="LTE" q="9.00" rsrp="-107" sinr="0" rsrq="-14"/>
        <radio op="I TIM" rat="LTE" q="21.60" rsrp="-98" sinr="3" rsrq="-12"/>
      </extensions>
    </trkpt>
    <trkpt lat="46.0293522" lon="10.8422753">
      <ele>632.0</ele>
      <time>2026-04-02T21:32:39.111+02:00</time>
      <extensions>
        <activity type="IN_VEHICLE" conf="96" state="moving" tsMs="1775158357121"/>
        <radio op="vodafone IT" rat="LTE" q="11.00" rsrp="-103" sinr="0" rsrq="-14"/>
        <radio op="I TIM" rat="LTE" q="18.90" rsrp="-98" sinr="2" rsrq="-13"/>
      </extensions>
    </trkpt>
    <trkpt lat="46.0293946" lon="10.8422503">
      <ele>631.0</ele>
      <time>2026-04-02T21:32:49.112+02:00</time>
      <extensions>
        <activity type="IN_VEHICLE" conf="97" state="moving" tsMs="1775158367742"/>
        <radio op="vodafone IT" rat="LTE" q="26.00" rsrp="-99" sinr="5" rsrq="-12"/>
        <radio op="I TIM" rat="LTE" q="55.80" rsrp="-94" sinr="13" rsrq="-11"/>
      </extensions>
    </trkpt>
    <trkpt lat="46.0293941" lon="10.8422493">
      <ele>631.0</ele>
      <time>2026-04-02T21:32:59.112+02:00</time>
      <extensions>
        <activity type="IN_VEHICLE" conf="97" state="moving" tsMs="1775158378387"/>
        <radio op="vodafone IT" rat="LTE" q="29.70" rsrp="-98" sinr="6" rsrq="-11"/>
        <radio op="I TIM" rat="LTE" q="16.50" rsrp="-92" sinr="0" rsrq="-11"/>
      </extensions>
    </trkpt>
    <trkpt lat="46.029394" lon="10.8422493">
      <ele>631.0</ele>
      <time>2026-04-02T21:33:10.112+02:00</time>
      <extensions>
        <activity type="IN_VEHICLE" conf="97" state="moving" tsMs="1775158389064"/>
        <radio op="vodafone IT" rat="LTE" q="25.30" rsrp="-102" sinr="6" rsrq="-13"/>
        <radio op="I TIM" rat="LTE" q="57.00" rsrp="-95" sinr="14" rsrq="-12"/>
      </extensions>
    </trkpt>
    <trkpt lat="46.0294805" lon="10.8423063">
      <ele>631.0</ele>
      <time>2026-04-02T21:33:20.111+02:00</time>
      <extensions>
        <activity type="IN_VEHICLE" conf="97" state="moving" tsMs="1775158399738"/>
        <radio op="vodafone IT" rat="LTE" q="40.80" rsrp="-91" sinr="7" rsrq="-10"/>
        <radio op="I TIM" rat="LTE" q="40.60" rsrp="-96" sinr="9" rsrq="-12"/>
      </extensions>
    </trkpt>
    <trkpt lat="46.0294708" lon="10.8422917">
      <ele>631.0</ele>
      <time>2026-04-02T21:33:30.111+02:00</time>
      <extensions>
        <activity type="IN_VEHICLE" conf="97" state="moving" tsMs="1775158410428"/>
        <radio op="vodafone IT" rat="LTE" q="29.00" rsrp="-96" sinr="5" rsrq="-10"/>
        <radio op="I TIM" rat="LTE" q="51.00" rsrp="-95" sinr="12" rsrq="-10"/>
      </extensions>
    </trkpt>
    <trkpt lat="46.0294794" lon="10.8423209">
      <ele>630.0</ele>
      <time>2026-04-02T21:33:40.111+02:00</time>
      <extensions>
        <activity type="IN_VEHICLE" conf="97" state="moving" tsMs="1775158415735"/>
        <radio op="vodafone IT" rat="LTE" q="46.80" rsrp="-89" sinr="8" rsrq="-9"/>
        <radio op="I TIM" rat="LTE" q="21.00" rsrp="-95" sinr="2" rsrq="-11"/>
      </extensions>
    </trkpt>
    <trkpt lat="46.0294854" lon="10.842324">
      <ele>629.0</ele>
      <time>2026-04-02T21:33:50.111+02:00</time>
      <extensions>
        <activity type="IN_VEHICLE" conf="97" state="moving" tsMs="1775158430536"/>
        <radio op="vodafone IT" rat="LTE" q="57.60" rsrp="-93" sinr="13" rsrq="-9"/>
        <radio op="I TIM" rat="LTE" q="22.40" rsrp="-97" sinr="3" rsrq="-10"/>
      </extensions>
    </trkpt>
    <trkpt lat="46.0289713" lon="10.8423042">
      <ele>634.7000122070312</ele>
      <time>2026-04-02T21:34:49.075+02:00</time>
      <extensions>
        <activity type="UNKNOWN" conf="40" state="unknown" tsMs="1775158478618"/>
        <radio op="vodafone IT" rat="LTE" q="84.00" rsrp="-90" sinr="19" rsrq="-8"/>
        <radio op="I TIM" rat="LTE" q="31.90" rsrp="-96" sinr="6" rsrq="-12"/>
      </extensions>
    </trkpt>
    <trkpt lat="46.0289384" lon="10.8416132">
      <ele>637.2000122070312</ele>
      <time>2026-04-02T21:35:28.803+02:00</time>
      <extensions>
        <activity type="ON_FOOT" conf="96" state="moving" tsMs="1775158523610"/>
        <radio op="vodafone IT" rat="LTE" q="8.40" rsrp="-113" sinr="2" rsrq="-11"/>
        <radio op="I TIM" rat="LTE" q="10.50" rsrp="-104" sinr="0" rsrq="-11"/>
      </extensions>
    </trkpt>
    <trkpt lat="46.0287881" lon="10.8417078">
      <ele>640.2000122070312</ele>
      <time>2026-04-02T21:36:26.948+02:00</time>
      <extensions>
        <activity type="ON_FOOT" conf="93" state="moving" tsMs="1775158583735"/>
        <radio op="vodafone IT" rat="LTE" rsrp="-120" rsrq="-15"/>
        <radio op="I TIM" rat="LTE" rsrp="-117" rsrq="-16"/>
      </extensions>
    </trkpt>
    <trkpt lat="46.0287196" lon="10.8418103">
      <ele>640.2999877929688</ele>
      <time>2026-04-02T21:36:59.225+02:00</time>
      <extensions>
        <activity type="ON_FOOT" conf="93" state="moving" tsMs="1775158617991"/>
        <radio op="vodafone IT" rat="LTE" rsrp="-115" rsrq="-15"/>
        <radio op="I TIM" rat="LTE" q="5.40" rsrp="-119" sinr="4" rsrq="-13"/>
      </extensions>
    </trkpt>
    <trkpt lat="46.0287623" lon="10.8418683">
      <ele>640.2000122070312</ele>
      <time>2026-04-02T21:37:49.592+02:00</time>
      <extensions>
        <activity type="UNKNOWN" conf="40" state="unknown" tsMs="1775158665560"/>
        <radio op="vodafone IT" rat="LTE" q="17.60" rsrp="-103" sinr="3" rsrq="-13"/>
        <radio op="I TIM" rat="LTE" q="24.30" rsrp="-98" sinr="4" rsrq="-12"/>
      </extensions>
    </trkpt>
    <trkpt lat="46.0287578" lon="10.8418746">
      <ele>640.2999877929688</ele>
      <time>2026-04-02T21:37:57.039+02:00</time>
      <extensions>
        <activity type="UNKNOWN" conf="40" state="unknown" tsMs="1775158675717"/>
        <radio op="vodafone IT" rat="LTE" rsrp="-105" rsrq="-13"/>
        <radio op="I TIM" rat="LTE" rsrp="-101" rsrq="-13"/>
      </extensions>
    </trkpt>
    <trkpt lat="46.0287165" lon="10.8418004">
      <ele>640.2999877929688</ele>
      <time>2026-04-02T21:38:43.586+02:00</time>
      <extensions>
        <activity type="UNKNOWN" conf="40" state="unknown" tsMs="1775158718848"/>
        <radio op="vodafone IT" rat="LTE" rsrp="-112" rsrq="-16"/>
        <radio op="I TIM" rat="LTE" q="28.00" rsrp="-105" sinr="9" rsrq="-11"/>
      </extensions>
    </trkpt>
    <trkpt lat="46.0287289" lon="10.8417902">
      <ele>640.3999633789062</ele>
      <time>2026-04-02T21:39:47.793+02:00</time>
      <extensions>
        <activity type="UNKNOWN" conf="40" state="unknown" tsMs="1775158786274"/>
        <radio op="vodafone IT" rat="LTE" q="9.10" rsrp="-112" sinr="2" rsrq="-13"/>
        <radio op="I TIM" rat="LTE" q="22.00" rsrp="-105" sinr="6" rsrq="-9"/>
      </extensions>
    </trkpt>
    <trkpt lat="46.028749" lon="10.8416561">
      <ele>647.9191837125571</ele>
      <time>2026-04-02T21:41:28.493+02:00</time>
      <extensions>
        <activity type="UNKNOWN" conf="40" state="unknown" tsMs="1775158888269"/>
        <radio op="vodafone IT" rat="LTE" rsrp="-118" rsrq="-14"/>
        <radio op="I TIM" rat="LTE" q="21.00" rsrp="-110" sinr="9" rsrq="-11"/>
      </extensions>
    </trkpt>
    <trkpt lat="46.028719" lon="10.8418444">
      <ele>640.2999877929688</ele>
      <time>2026-04-02T21:42:18.733+02:00</time>
      <extensions>
        <activity type="UNKNOWN" conf="40" state="unknown" tsMs="1775158934262"/>
        <radio op="vodafone IT" rat="LTE" q="6.00" rsrp="-113" sinr="0" rsrq="-12"/>
        <radio op="I TIM" rat="LTE" q="21.60" rsrp="-107" sinr="7" rsrq="-12"/>
      </extensions>
    </trkpt>
    <trkpt lat="46.0287333" lon="10.8417608">
      <ele>644.6557952437462</ele>
      <time>2026-04-02T21:44:39.134+02:00</time>
      <extensions>
        <activity type="UNKNOWN" conf="40" state="unknown" tsMs="1775159078500"/>
        <radio op="vodafone IT" rat="LTE" q="8.40" rsrp="-111" sinr="1" rsrq="-12"/>
        <radio op="I TIM" rat="LTE" q="28.60" rsrp="-103" sinr="8" rsrq="-14"/>
      </extensions>
    </trkpt>
    <trkpt lat="46.028731" lon="10.8418672">
      <ele>640.2000122070312</ele>
      <time>2026-04-02T21:45:10.339+02:00</time>
      <extensions>
        <activity type="UNKNOWN" conf="40" state="unknown" tsMs="1775159110199"/>
        <radio op="vodafone IT" rat="LTE" q="22.10" rsrp="-108" sinr="8" rsrq="-11"/>
        <radio op="I TIM" rat="LTE" q="23.80" rsrp="-108" sinr="9" rsrq="-12"/>
      </extensions>
    </trkpt>
    <trkpt lat="46.0287522" lon="10.8418798">
      <ele>645.3700776169986</ele>
      <time>2026-04-02T21:45:41.515+02:00</time>
      <extensions>
        <activity type="UNKNOWN" conf="40" state="unknown" tsMs="1775159135982"/>
        <radio op="vodafone IT" rat="LTE" q="13.00" rsrp="-112" sinr="5" rsrq="-10"/>
        <radio op="I TIM" rat="LTE" rsrp="-105" rsrq="-13"/>
      </extensions>
    </trkpt>
  </trkseg></trk>
</gpx>
