<?xml version="1.0" encoding="UTF-8"?>
<gpx version="1.1" creator="CellGPX" xmlns="http://www.topografix.com/GPX/1/1">
  <trk><name>CellGPX</name><trkseg>
    <trkpt lat="45.6025589" lon="10.453694">
      <ele>261.5</ele>
      <time>2026-09-13T10:05:29.46+02:00</time>
      <extensions>
        <activity type="STILL" conf="100" state="still" tsMs="1789286719665"/>
        <radio op="vodafone IT" rat="LTE" q="14.00" rsrp="-111" sinr="5" rsrq="-9"/>
        <radio op="I TIM" rat="LTE" q="7.80" rsrp="-112" sinr="1" rsrq="-13"/>
      </extensions>
    </trkpt>
    <trkpt lat="45.602559" lon="10.4537016">
      <ele>261.5</ele>
      <time>2026-09-13T10:06:31.578+02:00</time>
      <extensions>
        <activity type="STILL" conf="100" state="still" tsMs="1789286781934"/>
        <radio op="vodafone IT" rat="LTE" q="14.00" rsrp="-111" sinr="5" rsrq="-9"/>
        <radio op="I TIM" rat="LTE" q="8.40" rsrp="-113" sinr="2" rsrq="-12"/>
      </extensions>
    </trkpt>
    <trkpt lat="45.6025587" lon="10.4536925">
      <ele>261.5</ele>
      <time>2026-09-13T10:07:33.466+02:00</time>
      <extensions>
        <activity type="STILL" conf="100" state="still" tsMs="1789286843871"/>
        <radio op="vodafone IT" rat="LTE" q="32.00" rsrp="-105" sinr="11" rsrq="-7"/>
        <radio op="I TIM" rat="LTE" q="10.20" rsrp="-108" sinr="1" rsrq="-9"/>
      </extensions>
    </trkpt>
    <trkpt lat="45.6025661" lon="10.4536984">
      <ele>261.5</ele>
      <time>2026-09-13T10:08:36.415+02:00</time>
      <extensions>
        <activity type="STILL" conf="100" state="still" tsMs="1789286906937"/>
        <radio op="vodafone IT" rat="LTE" q="20.00" rsrp="-105" sinr="5" rsrq="-9"/>
        <radio op="I TIM" rat="LTE" rsrp="-112" rsrq="-12"/>
      </extensions>
    </trkpt>
    <trkpt lat="45.602632" lon="10.4537837">
      <ele>268.9000244140625</ele>
      <time>2026-09-13T12:04:07.121+02:00</time>
      <extensions>
        <activity type="ON_FOOT" conf="82" state="moving" tsMs="1789293844573"/>
        <radio op="vodafone IT" rat="LTE" q="29.40" rsrp="-104" sinr="9" rsrq="-12"/>
        <radio op="I TIM" rat="LTE" q="36.00" rsrp="-105" sinr="13" rsrq="-11"/>
      </extensions>
    </trkpt>
    <trkpt lat="45.6025562" lon="10.453567">
      <ele>261.20001220703125</ele>
      <time>2026-09-13T12:04:52.103+02:00</time>
      <extensions>
        <activity type="ON_FOOT" conf="89" state="moving" tsMs="1789293891637"/>
        <radio op="vodafone IT" rat="LTE" q="7.70" rsrp="-114" sinr="2" rsrq="-13"/>
        <radio op="I TIM" rat="LTE" q="15.60" rsrp="-112" sinr="7" rsrq="-16"/>
      </extensions>
    </trkpt>
    <trkpt lat="45.6020843" lon="10.4531695">
      <ele>261.1000061035156</ele>
      <time>2026-09-13T12:05:37.052+02:00</time>
      <extensions>
        <activity type="ON_FOOT" conf="96" state="moving" tsMs="1789293921550"/>
        <radio op="vodafone IT" rat="LTE" q="33.60" rsrp="-101" sinr="9" rsrq="-9"/>
        <radio op="I TIM" rat="LTE" q="30.80" rsrp="-97" sinr="6" rsrq="-13"/>
      </extensions>
    </trkpt>
    <trkpt lat="45.6021257" lon="10.4531198">
      <ele>261.1000061035156</ele>
      <time>2026-09-13T12:06:08.803+02:00</time>
      <extensions>
        <activity type="ON_FOOT" conf="92" state="moving" tsMs="1789293968219"/>
        <radio op="vodafone IT" rat="LTE" q="23.80" rsrp="-108" sinr="9" rsrq="-9"/>
        <radio op="I TIM" rat="LTE" q="33.60" rsrp="-101" sinr="9" rsrq="-12"/>
      </extensions>
    </trkpt>
    <trkpt lat="45.6019763" lon="10.4529547">
      <ele>261.1000061035156</ele>
      <time>2026-09-13T12:06:29.012+02:00</time>
      <extensions>
        <activity type="UNKNOWN" conf="40" state="unknown" tsMs="1789293972030"/>
        <radio op="vodafone IT" rat="LTE" q="40.80" rsrp="-101" sinr="12" rsrq="-9"/>
        <radio op="I TIM" rat="LTE" q="60.80" rsrp="-93" sinr="14" rsrq="-11"/>
      </extensions>
    </trkpt>
    <trkpt lat="45.6020108" lon="10.4529585">
      <ele>261.1000061035156</ele>
      <time>2026-09-13T12:06:31.026+02:00</time>
      <extensions>
        <activity type="UNKNOWN" conf="40" state="unknown" tsMs="1789293999624"/>
        <radio op="vodafone IT" rat="LTE" q="27.00" rsrp="-98" sinr="5" rsrq="-7"/>
        <radio op="I TIM" rat="LTE" q="38.40" rsrp="-93" sinr="7" rsrq="-10"/>
      </extensions>
    </trkpt>
    <trkpt lat="45.6021181" lon="10.4531032">
      <ele>261.1000061035156</ele>
      <time>2026-09-13T12:07:10.331+02:00</time>
      <extensions>
        <activity type="STILL" conf="100" state="still" tsMs="1789294016465"/>
        <radio op="vodafone IT" rat="LTE" q="27.60" rsrp="-102" sinr="7" rsrq="-8"/>
        <radio op="I TIM" rat="LTE" q="62.70" rsrp="-92" sinr="14" rsrq="-11"/>
      </extensions>
    </trkpt>
    <trkpt lat="45.6020071" lon="10.4528145">
      <ele>260.6000061035156</ele>
      <time>2026-09-13T12:07:45.032+02:00</time>
      <extensions>
        <activity type="STILL" conf="58" state="still" tsMs="1789294070428"/>
        <radio op="vodafone IT" rat="LTE" q="40.00" rsrp="-100" sinr="11" rsrq="-11"/>
        <radio op="I TIM" rat="LTE" q="51.00" rsrp="-91" sinr="10" rsrq="-10"/>
      </extensions>
    </trkpt>
    <trkpt lat="45.6020603" lon="10.4530386">
      <ele>261.1000061035156</ele>
      <time>2026-09-13T12:08:24.831+02:00</time>
      <extensions>
        <activity type="UNKNOWN" conf="40" state="unknown" tsMs="1789294102734"/>
        <radio op="vodafone IT" rat="LTE" q="37.80" rsrp="-104" sinr="13" rsrq="-12"/>
        <radio op="I TIM" rat="LTE" q="49.30" rsrp="-96" sinr="12" rsrq="-11"/>
      </extensions>
    </trkpt>
    <trkpt lat="45.6019403" lon="10.4531153">
      <ele>261.1000061035156</ele>
      <time>2026-09-13T12:08:56.155+02:00</time>
      <extensions>
        <activity type="UNKNOWN" conf="40" state="unknown" tsMs="1789294135772"/>
        <radio op="vodafone IT" rat="LTE" q="48.00" rsrp="-101" sinr="15" rsrq="-7"/>
        <radio op="I TIM" rat="LTE" q="35.10" rsrp="-98" sinr="8" rsrq="-12"/>
      </extensions>
    </trkpt>
    <trkpt lat="45.6016411" lon="10.4530573">
      <ele>261.1000061035156</ele>
      <time>2026-09-13T12:09:27.487+02:00</time>
      <extensions>
        <activity type="UNKNOWN" conf="40" state="unknown" tsMs="1789294161764"/>
        <radio op="vodafone IT" rat="LTE" q="45.90" rsrp="-98" sinr="12" rsrq="-8"/>
        <radio op="I TIM" rat="LTE" q="50.40" rsrp="-97" sinr="13" rsrq="-12"/>
      </extensions>
    </trkpt>
    <trkpt lat="45.6016389" lon="10.4530455">
      <ele>261.0</ele>
      <time>2026-09-13T12:10:05.953+02:00</time>
      <extensions>
        <activity type="UNKNOWN" conf="40" state="unknown" tsMs="1789294204254"/>
        <radio op="vodafone IT" rat="LTE" q="24.00" rsrp="-105" sinr="7" rsrq="-8"/>
        <radio op="I TIM" rat="LTE" q="48.60" rsrp="-98" sinr="13" rsrq="-11"/>
      </extensions>
    </trkpt>
    <trkpt lat="45.6020998" lon="10.4530781">
      <ele>261.1000061035156</ele>
      <time>2026-09-13T12:10:55.439+02:00</time>
      <extensions>
        <activity type="ON_FOOT" conf="81" state="moving" tsMs="1789294246669"/>
        <radio op="vodafone IT" rat="LTE" q="39.90" rsrp="-104" sinr="14" rsrq="-9"/>
        <radio op="I TIM" rat="LTE" q="34.50" rsrp="-102" sinr="10" rsrq="-13"/>
      </extensions>
    </trkpt>
    <trkpt lat="45.6021683" lon="10.453212">
      <ele>261.20001220703125</ele>
      <time>2026-09-13T12:11:36.514+02:00</time>
      <extensions>
        <activity type="UNKNOWN" conf="40" state="unknown" tsMs="1789294272644"/>
        <radio op="vodafone IT" rat="LTE" q="46.00" rsrp="-102" sinr="15" rsrq="-7"/>
        <radio op="I TIM" rat="LTE" q="43.20" rsrp="-101" sinr="13" rsrq="-11"/>
      </extensions>
    </trkpt>
    <trkpt lat="45.6021485" lon="10.453244">
      <ele>261.20001220703125</ele>
      <time>2026-09-13T12:12:18.429+02:00</time>
      <extensions>
        <activity type="UNKNOWN" conf="40" state="unknown" tsMs="1789294333264"/>
        <radio op="vodafone IT" rat="LTE" q="48.30" rsrp="-102" sinr="16" rsrq="-10"/>
        <radio op="I TIM" rat="LTE" q="44.20" rsrp="-99" sinr="12" rsrq="-12"/>
      </extensions>
    </trkpt>
    <trkpt lat="45.6019385" lon="10.4531378">
      <ele>261.0</ele>
      <time>2026-09-13T12:13:14.716+02:00</time>
      <extensions>
        <activity type="UNKNOWN" conf="40" state="unknown" tsMs="1789294394260"/>
        <radio op="vodafone IT" rat="LTE" q="27.60" rsrp="-102" sinr="7" rsrq="-9"/>
        <radio op="I TIM" rat="LTE" q="43.50" rsrp="-96" sinr="10" rsrq="-12"/>
      </extensions>
    </trkpt>
    <trkpt lat="45.6021039" lon="10.4531612">
      <ele>261.1000061035156</ele>
      <time>2026-09-13T12:13:47.79+02:00</time>
      <extensions>
        <activity type="UNKNOWN" conf="40" state="unknown" tsMs="1789294427237"/>
        <radio op="vodafone IT" rat="LTE" q="30.80" rsrp="-103" sinr="9" rsrq="-10"/>
        <radio op="I TIM" rat="LTE" q="43.70" rsrp="-102" sinr="14" rsrq="-12"/>
      </extensions>
    </trkpt>
    <trkpt lat="45.6020978" lon="10.4532159">
      <ele>261.20001220703125</ele>
      <time>2026-09-13T12:14:27.118+02:00</time>
      <extensions>
        <activity type="ON_FOOT" conf="88" state="moving" tsMs="1789294465394"/>
        <radio op="vodafone IT" rat="LTE" q="30.00" rsrp="-105" sinr="10" rsrq="-9"/>
        <radio op="I TIM" rat="LTE" q="41.60" rsrp="-99" sinr="11" rsrq="-11"/>
      </extensions>
    </trkpt>
    <trkpt lat="45.6020019" lon="10.4532393">
      <ele>261.1000061035156</ele>
      <time>2026-09-13T12:14:58.346+02:00</time>
      <extensions>
        <activity type="UNKNOWN" conf="40" state="unknown" tsMs="1789294492665"/>
        <radio op="vodafone IT" rat="LTE" q="36.80" rsrp="-102" sinr="11" rsrq="-8"/>
        <radio op="I TIM" rat="LTE" q="47.60" rsrp="-97" sinr="12" rsrq="-11"/>
      </extensions>
    </trkpt>
    <trkpt lat="45.6021008" lon="10.4533264">
      <ele>261.20001220703125</ele>
      <time>2026-09-13T12:15:35.212+02:00</time>
      <extensions>
        <activity type="UNKNOWN" conf="40" state="unknown" tsMs="1789294532636"/>
        <radio op="vodafone IT" rat="LTE" q="65.00" rsrp="-99" sinr="21" rsrq="-10"/>
        <radio op="I TIM" rat="LTE" q="50.40" rsrp="-97" sinr="13" rsrq="-12"/>
      </extensions>
    </trkpt>
    <trkpt lat="45.6020943" lon="10.4531188">
      <ele>261.1000061035156</ele>
      <time>2026-09-13T12:16:07.525+02:00</time>
      <extensions>
        <activity type="UNKNOWN" conf="40" state="unknown" tsMs="1789294560766"/>
        <radio op="vodafone IT" rat="LTE" q="33.00" rsrp="-103" sinr="10" rsrq="-6"/>
        <radio op="I TIM" rat="LTE" q="33.00" rsrp="-95" sinr="6" rsrq="-11"/>
      </extensions>
    </trkpt>
    <trkpt lat="45.6020689" lon="10.4530609">
      <ele>261.1000061035156</ele>
      <time>2026-09-13T12:16:38.816+02:00</time>
      <extensions>
        <activity type="UNKNOWN" conf="40" state="unknown" tsMs="1789294597506"/>
        <radio op="vodafone IT" rat="LTE" q="15.00" rsrp="-100" sinr="1" rsrq="-12"/>
        <radio op="I TIM" rat="LTE" q="19.60" rsrp="-97" sinr="2" rsrq="-10"/>
      </extensions>
    </trkpt>
    <trkpt lat="45.602096" lon="10.4532034">
      <ele>261.1000061035156</ele>
      <time>2026-09-13T12:17:05.015+02:00</time>
      <extensions>
        <activity type="UNKNOWN" conf="40" state="unknown" tsMs="1789294629759"/>
        <radio op="vodafone IT" rat="LTE" q="46.00" rsrp="-102" sinr="15" rsrq="-9"/>
        <radio op="I TIM" rat="LTE" q="38.40" rsrp="-101" sinr="11" rsrq="-12"/>
      </extensions>
    </trkpt>
    <trkpt lat="45.602073" lon="10.4531132">
      <ele>261.1000061035156</ele>
      <time>2026-09-13T12:17:40.596+02:00</time>
      <extensions>
        <activity type="UNKNOWN" conf="40" state="unknown" tsMs="1789294655616"/>
        <radio op="vodafone IT" rat="LTE" q="40.00" rsrp="-100" sinr="11" rsrq="-9"/>
        <radio op="I TIM" rat="LTE" q="46.40" rsrp="-96" sinr="11" rsrq="-12"/>
      </extensions>
    </trkpt>
    <trkpt lat="45.6020145" lon="10.4530841">
      <ele>261.0</ele>
      <time>2026-09-13T12:18:11.928+02:00</time>
      <extensions>
        <activity type="UNKNOWN" conf="40" state="unknown" tsMs="1789294688344"/>
        <radio op="vodafone IT" rat="LTE" q="40.80" rsrp="-101" sinr="12" rsrq="-7"/>
        <radio op="I TIM" rat="LTE" q="29.70" rsrp="-98" sinr="6" rsrq="-11"/>
      </extensions>
    </trkpt>
    <trkpt lat="45.6021147" lon="10.4531438">
      <ele>261.1000061035156</ele>
      <time>2026-09-13T12:18:43.201+02:00</time>
      <extensions>
        <activity type="UNKNOWN" conf="40" state="unknown" tsMs="1789294719652"/>
        <radio op="vodafone IT" rat="LTE" q="38.00" rsrp="-105" sinr="14" rsrq="-11"/>
        <radio op="I TIM" rat="LTE" q="55.20" rsrp="-102" sinr="19" rsrq="-10"/>
      </extensions>
    </trkpt>
    <trkpt lat="45.6017264" lon="10.4531467">
      <ele>259.0185557700522</ele>
      <time>2026-09-13T12:20:34.412+02:00</time>
      <extensions>
        <activity type="UNKNOWN" conf="40" state="unknown" tsMs="1789294851324"/>
        <radio op="vodafone IT" rat="LTE" q="14.40" rsrp="-107" sinr="3" rsrq="-9"/>
        <radio op="I TIM" rat="LTE" q="19.00" rsrp="-106" sinr="5" rsrq="-10"/>
      </extensions>
    </trkpt>
    <trkpt lat="45.6021536" lon="10.4532326">
      <ele>261.1000061035156</ele>
      <time>2026-09-13T12:21:15.417+02:00</time>
      <extensions>
        <activity type="UNKNOWN" conf="40" state="unknown" tsMs="1789294873079"/>
        <radio op="vodafone IT" rat="LTE" q="27.00" rsrp="-107" sinr="10" rsrq="-9"/>
        <radio op="I TIM" rat="LTE" rsrp="-104" rsrq="-13"/>
      </extensions>
    </trkpt>
    <trkpt lat="45.6021021" lon="10.4531892">
      <ele>261.1000061035156</ele>
      <time>2026-09-13T12:21:51.217+02:00</time>
      <extensions>
        <activity type="UNKNOWN" conf="40" state="unknown" tsMs="1789294906699"/>
        <radio op="vodafone IT" rat="LTE" q="40.00" rsrp="-105" sinr="15" rsrq="-8"/>
        <radio op="I TIM" rat="LTE" q="37.50" rsrp="-100" sinr="10" rsrq="-9"/>
      </extensions>
    </trkpt>
    <trkpt lat="45.6025572" lon="10.4537001">
      <ele>261.5</ele>
      <time>2026-09-13T12:22:52.797+02:00</time>
      <extensions>
        <activity type="ON_FOOT" conf="94" state="moving" tsMs="1789294950644"/>
        <radio op="vodafone IT" rat="LTE" rsrp="-112" rsrq="-12"/>
        <radio op="I TIM" rat="LTE" q="11.20" rsrp="-111" sinr="3" rsrq="-12"/>
      </extensions>
    </trkpt>
    <trkpt lat="45.6025559" lon="10.4536865">
      <ele>261.5</ele>
      <time>2026-09-13T12:23:30.464+02:00</time>
      <extensions>
        <activity type="UNKNOWN" conf="40" state="unknown" tsMs="1789295004267"/>
        <radio op="vodafone IT" rat="LTE" q="6.30" rsrp="-116" sinr="2" rsrq="-8"/>
        <radio op="I TIM" rat="LTE" q="0.00" rsrp="-126" sinr="0" rsrq="-13"/>
      </extensions>
    </trkpt>
    <trkpt lat="45.6025664" lon="10.4537087">
      <ele>261.5</ele>
      <time>2026-09-13T12:24:11.128+02:00</time>
      <extensions>
        <activity type="STILL" conf="99" state="still" tsMs="1789295050600"/>
        <radio op="vodafone IT" rat="LTE" q="3.50" rsrp="-120" sinr="2" rsrq="-10"/>
        <radio op="I TIM" rat="LTE" q="9.90" rsrp="-116" sinr="6" rsrq="-13"/>
      </extensions>
    </trkpt>
    <trkpt lat="45.6025553" lon="10.4536919">
      <ele>261.5</ele>
      <time>2026-09-13T12:24:50.691+02:00</time>
      <extensions>
        <activity type="UNKNOWN" conf="40" state="unknown" tsMs="1789295085638"/>
        <radio op="vodafone IT" rat="LTE" q="17.00" rsrp="-108" sinr="5" rsrq="-14"/>
        <radio op="I TIM" rat="LTE" q="21.00" rsrp="-104" sinr="5" rsrq="-10"/>
      </extensions>
    </trkpt>
    <trkpt lat="45.6025979" lon="10.4537555">
      <ele>261.5</ele>
      <time>2026-09-13T12:25:53.966+02:00</time>
      <extensions>
        <activity type="UNKNOWN" conf="40" state="unknown" tsMs="1789295153281"/>
        <radio op="vodafone IT" rat="LTE" rsrp="-117" rsrq="-14"/>
        <radio op="I TIM" rat="LTE" rsrp="-115" rsrq="-11"/>
      </extensions>
    </trkpt>
    <trkpt lat="45.6021193" lon="10.4534434">
      <ele>261.20001220703125</ele>
      <time>2026-09-13T12:27:06.449+02:00</time>
      <extensions>
        <activity type="ON_FOOT" conf="97" state="moving" tsMs="1789295232815"/>
        <radio op="vodafone IT" rat="LTE" q="32.50" rsrp="-100" sinr="8" rsrq="-9"/>
        <radio op="I TIM" rat="LTE" q="64.80" rsrp="-98" sinr="19" rsrq="-12"/>
      </extensions>
    </trkpt>
    <trkpt lat="45.6013977" lon="10.4536512">
      <ele>261.1000061035156</ele>
      <time>2026-09-13T12:27:46.454+02:00</time>
      <extensions>
        <activity type="ON_FOOT" conf="96" state="moving" tsMs="1789295261255"/>
        <radio op="vodafone IT" rat="LTE" q="40.00" rsrp="-100" sinr="11" rsrq="-12"/>
        <radio op="I TIM" rat="LTE" q="58.00" rsrp="-96" sinr="15" rsrq="-10"/>
      </extensions>
    </trkpt>
    <trkpt lat="45.6008788" lon="10.453548">
      <ele>257.0535866716169</ele>
      <time>2026-09-13T12:28:24.137+02:00</time>
      <extensions>
        <activity type="ON_FOOT" conf="96" state="moving" tsMs="1789295304235"/>
        <radio op="vodafone IT" rat="LTE" q="39.20" rsrp="-97" sinr="9" rsrq="-8"/>
        <radio op="I TIM" rat="LTE" q="35.20" rsrp="-93" sinr="6" rsrq="-11"/>
      </extensions>
    </trkpt>
    <trkpt lat="45.6007293" lon="10.4520759">
      <ele>258.8000183105469</ele>
      <time>2026-09-13T12:29:26.706+02:00</time>
      <extensions>
        <activity type="ON_FOOT" conf="96" state="moving" tsMs="1789295366258"/>
        <radio op="vodafone IT" rat="LTE" q="46.00" rsrp="-102" sinr="15" rsrq="-8"/>
        <radio op="I TIM" rat="LTE" q="48.60" rsrp="-98" sinr="13" rsrq="-10"/>
      </extensions>
    </trkpt>
    <trkpt lat="45.6005387" lon="10.4520458">
      <ele>258.8000183105469</ele>
      <time>2026-09-13T12:29:35.033+02:00</time>
      <extensions>
        <activity type="ON_FOOT" conf="96" state="moving" tsMs="1789295366258"/>
        <radio op="vodafone IT" rat="LTE" q="34.20" rsrp="-106" sinr="13" rsrq="-8"/>
        <radio op="I TIM" rat="LTE" q="52.80" rsrp="-101" sinr="17" rsrq="-9"/>
      </extensions>
    </trkpt>
    <trkpt lat="45.6005203" lon="10.4520079">
      <ele>258.3000183105469</ele>
      <time>2026-09-13T12:30:07.086+02:00</time>
      <extensions>
        <activity type="ON_FOOT" conf="96" state="moving" tsMs="1789295404179"/>
        <radio op="vodafone IT" rat="LTE" q="32.50" rsrp="-100" sinr="8" rsrq="-11"/>
        <radio op="I TIM" rat="LTE" q="30.80" rsrp="-97" sinr="6" rsrq="-12"/>
      </extensions>
    </trkpt>
    <trkpt lat="45.5999549" lon="10.4515356">
      <ele>258.3000183105469</ele>
      <time>2026-09-13T12:30:50.484+02:00</time>
      <extensions>
        <activity type="ON_FOOT" conf="89" state="moving" tsMs="1789295443677"/>
        <radio op="vodafone IT" rat="LTE" q="6.00" rsrp="-115" sinr="1" rsrq="-9"/>
        <radio op="I TIM" rat="LTE" q="8.00" rsrp="-115" sinr="3" rsrq="-12"/>
      </extensions>
    </trkpt>
    <trkpt lat="45.5999461" lon="10.4515403">
      <ele>258.3000183105469</ele>
      <time>2026-09-13T12:31:47.137+02:00</time>
      <extensions>
        <activity type="UNKNOWN" conf="40" state="unknown" tsMs="1789295487712"/>
        <radio op="vodafone IT" rat="LTE" q="8.10" rsrp="-116" sinr="4" rsrq="-9"/>
        <radio op="I TIM" rat="LTE" q="12.00" rsrp="-115" sinr="7" rsrq="-12"/>
      </extensions>
    </trkpt>
    <trkpt lat="45.5999459" lon="10.4515401">
      <ele>258.3000183105469</ele>
      <time>2026-09-13T12:32:18.283+02:00</time>
      <extensions>
        <activity type="UNKNOWN" conf="40" state="unknown" tsMs="1789295532662"/>
        <radio op="vodafone IT" rat="LTE" q="39.00" rsrp="-95" sinr="8" rsrq="-9"/>
        <radio op="I TIM" rat="LTE" q="35.20" rsrp="-103" sinr="11" rsrq="-12"/>
      </extensions>
    </trkpt>
    <trkpt lat="45.5999537" lon="10.451529">
      <ele>258.3000183105469</ele>
      <time>2026-09-13T12:32:49.48+02:00</time>
      <extensions>
        <activity type="STILL" conf="97" state="still" tsMs="1789295566003"/>
        <radio op="vodafone IT" rat="LTE" q="42.90" rsrp="-92" sinr="8" rsrq="-9"/>
        <radio op="I TIM" rat="LTE" q="20.90" rsrp="-106" sinr="6" rsrq="-10"/>
      </extensions>
    </trkpt>
    <trkpt lat="45.5999607" lon="10.4515262">
      <ele>258.3000183105469</ele>
      <time>2026-09-13T12:33:24.667+02:00</time>
      <extensions>
        <activity type="STILL" conf="47" state="still" tsMs="1789295608076"/>
        <radio op="vodafone IT" rat="LTE" q="36.40" rsrp="-97" sinr="8" rsrq="-9"/>
        <radio op="I TIM" rat="LTE" q="26.00" rsrp="-105" sinr="8" rsrq="-9"/>
      </extensions>
    </trkpt>
    <trkpt lat="45.5999616" lon="10.4515329">
      <ele>258.3000183105469</ele>
      <time>2026-09-13T12:33:58.052+02:00</time>
      <extensions>
        <activity type="STILL" conf="97" state="still" tsMs="1789295637327"/>
        <radio op="vodafone IT" rat="LTE" q="36.30" rsrp="-92" sinr="6" rsrq="-10"/>
        <radio op="I TIM" rat="LTE" q="33.60" rsrp="-104" sinr="11" rsrq="-11"/>
      </extensions>
    </trkpt>
    <trkpt lat="45.6001014" lon="10.4514618">
      <ele>258.3000183105469</ele>
      <time>2026-09-13T12:52:48.779+02:00</time>
      <extensions>
        <activity type="ON_FOOT" conf="96" state="moving" tsMs="1789296771935"/>
        <radio op="vodafone IT" rat="LTE" q="33.00" rsrp="-103" sinr="10" rsrq="-9"/>
        <radio op="I TIM" rat="LTE" q="41.60" rsrp="-99" sinr="11" rsrq="-10"/>
      </extensions>
    </trkpt>
    <trkpt lat="45.6001663" lon="10.4516091">
      <ele>258.3000183105469</ele>
      <time>2026-09-13T12:53:20.093+02:00</time>
      <extensions>
        <activity type="ON_FOOT" conf="96" state="moving" tsMs="1789296799727"/>
        <radio op="vodafone IT" rat="LTE" q="54.00" rsrp="-98" sinr="15" rsrq="-8"/>
        <radio op="I TIM" rat="LTE" q="37.50" rsrp="-100" sinr="10" rsrq="-10"/>
      </extensions>
    </trkpt>
    <trkpt lat="45.6005597" lon="10.4522572">
      <ele>259.20001220703125</ele>
      <time>2026-09-13T12:53:51.395+02:00</time>
      <extensions>
        <activity type="ON_FOOT" conf="96" state="moving" tsMs="1789296831036"/>
        <radio op="vodafone IT" rat="LTE" q="48.40" rsrp="-103" sinr="17" rsrq="-8"/>
        <radio op="I TIM" rat="LTE" q="58.80" rsrp="-97" sinr="16" rsrq="-9"/>
      </extensions>
    </trkpt>
    <trkpt lat="45.6007438" lon="10.452602">
      <ele>260.5</ele>
      <time>2026-09-13T12:54:22.02+02:00</time>
      <extensions>
        <activity type="ON_FOOT" conf="94" state="moving" tsMs="1789296861329"/>
        <radio op="vodafone IT" rat="LTE" q="56.70" rsrp="-98" sinr="16" rsrq="-8"/>
        <radio op="I TIM" rat="LTE" q="33.60" rsrp="-97" sinr="7" rsrq="-11"/>
      </extensions>
    </trkpt>
    <trkpt lat="45.6007903" lon="10.4528817">
      <ele>259.20001220703125</ele>
      <time>2026-09-13T12:54:53.514+02:00</time>
      <extensions>
        <activity type="ON_FOOT" conf="86" state="moving" tsMs="1789296893293"/>
        <radio op="vodafone IT" rat="LTE" q="24.70" rsrp="-106" sinr="8" rsrq="-9"/>
        <radio op="I TIM" rat="LTE" q="4.20" rsrp="-119" sinr="2" rsrq="-12"/>
      </extensions>
    </trkpt>
    <trkpt lat="45.6008368" lon="10.4528207">
      <ele>260.20001220703125</ele>
      <time>2026-09-13T12:55:24.442+02:00</time>
      <extensions>
        <activity type="ON_FOOT" conf="81" state="moving" tsMs="1789296919131"/>
        <radio op="vodafone IT" rat="LTE" q="37.40" rsrp="-91" sinr="6" rsrq="-10"/>
        <radio op="I TIM" rat="LTE" q="72.00" rsrp="-95" sinr="19" rsrq="-11"/>
      </extensions>
    </trkpt>
    <trkpt lat="45.6008044" lon="10.4528547">
      <ele>259.6000061035156</ele>
      <time>2026-09-13T12:55:56.458+02:00</time>
      <extensions>
        <activity type="UNKNOWN" conf="40" state="unknown" tsMs="1789296951958"/>
        <radio op="vodafone IT" rat="LTE" q="34.00" rsrp="-91" sinr="5" rsrq="-13"/>
        <radio op="I TIM" rat="LTE" q="52.20" rsrp="-96" sinr="13" rsrq="-10"/>
      </extensions>
    </trkpt>
    <trkpt lat="45.6008073" lon="10.4528407">
      <ele>259.20001220703125</ele>
      <time>2026-09-13T12:56:27.852+02:00</time>
      <extensions>
        <activity type="STILL" conf="96" state="still" tsMs="1789296983830"/>
        <radio op="vodafone IT" rat="LTE" q="45.50" rsrp="-90" sinr="8" rsrq="-12"/>
        <radio op="I TIM" rat="LTE" q="21.60" rsrp="-98" sinr="3" rsrq="-9"/>
      </extensions>
    </trkpt>
    <trkpt lat="45.6007963" lon="10.4527773">
      <ele>260.20001220703125</ele>
      <time>2026-09-13T12:57:07.618+02:00</time>
      <extensions>
        <activity type="STILL" conf="99" state="still" tsMs="1789297026155"/>
        <radio op="vodafone IT" rat="LTE" q="45.60" rsrp="-101" sinr="14" rsrq="-8"/>
        <radio op="I TIM" rat="LTE" q="60.00" rsrp="-95" sinr="15" rsrq="-9"/>
      </extensions>
    </trkpt>
    <trkpt lat="45.6007687" lon="10.4527144">
      <ele>260.6000061035156</ele>
      <time>2026-09-13T12:58:01.132+02:00</time>
      <extensions>
        <activity type="STILL" conf="99" state="still" tsMs="1789297074688"/>
        <radio op="vodafone IT" rat="LTE" q="41.40" rsrp="-102" sinr="13" rsrq="-10"/>
        <radio op="I TIM" rat="LTE" q="50.40" rsrp="-97" sinr="13" rsrq="-11"/>
      </extensions>
    </trkpt>
    <trkpt lat="45.6007829" lon="10.4527927">
      <ele>260.6000061035156</ele>
      <time>2026-09-13T12:59:05.315+02:00</time>
      <extensions>
        <activity type="STILL" conf="99" state="still" tsMs="1789297120704"/>
        <radio op="vodafone IT" rat="LTE" q="41.40" rsrp="-102" sinr="13" rsrq="-8"/>
        <radio op="I TIM" rat="LTE" q="42.00" rsrp="-95" sinr="9" rsrq="-11"/>
      </extensions>
    </trkpt>
    <trkpt lat="45.6007833" lon="10.452764">
      <ele>259.20001220703125</ele>
      <time>2026-09-13T12:59:35.822+02:00</time>
      <extensions>
        <activity type="STILL" conf="97" state="still" tsMs="1789297174140"/>
        <radio op="vodafone IT" rat="LTE" q="35.20" rsrp="-103" sinr="11" rsrq="-8"/>
        <radio op="I TIM" rat="LTE" q="56.70" rsrp="-98" sinr="16" rsrq="-11"/>
      </extensions>
    </trkpt>
    <trkpt lat="45.6007099" lon="10.4528065">
      <ele>260.8000183105469</ele>
      <time>2026-09-13T13:00:38.102+02:00</time>
      <extensions>
        <activity type="STILL" conf="98" state="still" tsMs="1789297209692"/>
        <radio op="vodafone IT" rat="LTE" q="48.30" rsrp="-102" sinr="16" rsrq="-8"/>
        <radio op="I TIM" rat="LTE" q="40.50" rsrp="-98" sinr="10" rsrq="-11"/>
      </extensions>
    </trkpt>
    <trkpt lat="45.6008077" lon="10.4528609">
      <ele>261.0070291024098</ele>
      <time>2026-09-13T13:13:26.397+02:00</time>
      <extensions>
        <activity type="UNKNOWN" conf="40" state="unknown" tsMs="1789298007671"/>
        <radio op="vodafone IT" rat="LTE" q="36.40" rsrp="-97" sinr="8" rsrq="-13"/>
        <radio op="I TIM" rat="LTE" q="26.00" rsrp="-105" sinr="8" rsrq="-11"/>
      </extensions>
    </trkpt>
    <trkpt lat="45.6007819" lon="10.4528943">
      <ele>259.20001220703125</ele>
      <time>2026-09-13T13:14:07.163+02:00</time>
      <extensions>
        <activity type="UNKNOWN" conf="40" state="unknown" tsMs="1789298033541"/>
        <radio op="vodafone IT" rat="LTE" q="24.80" rsrp="-94" sinr="3" rsrq="-12"/>
        <radio op="I TIM" rat="LTE" q="35.70" rsrp="-104" sinr="12" rsrq="-12"/>
      </extensions>
    </trkpt>
    <trkpt lat="45.600999" lon="10.4531049">
      <ele>260.5</ele>
      <time>2026-09-13T13:14:27.54+02:00</time>
      <extensions>
        <activity type="ON_FOOT" conf="82" state="moving" tsMs="1789298061315"/>
        <radio op="vodafone IT" rat="LTE" q="39.60" rsrp="-89" sinr="6" rsrq="-12"/>
        <radio op="I TIM" rat="LTE" rsrp="-94" rsrq="-12"/>
      </extensions>
    </trkpt>
    <trkpt lat="45.6010942" lon="10.4530424">
      <ele>260.6000061035156</ele>
      <time>2026-09-13T13:14:38.123+02:00</time>
      <extensions>
        <activity type="ON_FOOT" conf="96" state="moving" tsMs="1789298064793"/>
        <radio op="vodafone IT" rat="LTE" q="37.00" rsrp="-88" sinr="5" rsrq="-9"/>
        <radio op="I TIM" rat="LTE" q="90.00" rsrp="-89" sinr="21" rsrq="-10"/>
      </extensions>
    </trkpt>
    <trkpt lat="45.60118" lon="10.45315">
      <ele>260.6000061035156</ele>
      <time>2026-09-13T13:14:48.227+02:00</time>
      <extensions>
        <activity type="ON_FOOT" conf="97" state="moving" tsMs="1789298081885"/>
        <radio op="vodafone IT" rat="LTE" q="41.80" rsrp="-87" sinr="6" rsrq="-10"/>
        <radio op="I TIM" rat="LTE" q="52.70" rsrp="-94" sinr="12" rsrq="-12"/>
      </extensions>
    </trkpt>
    <trkpt lat="45.6012664" lon="10.4533109">
      <ele>260.6000061035156</ele>
      <time>2026-09-13T13:14:58.345+02:00</time>
      <extensions>
        <activity type="ON_FOOT" conf="97" state="moving" tsMs="1789298092622"/>
        <radio op="vodafone IT" rat="LTE" q="28.80" rsrp="-89" sinr="3" rsrq="-11"/>
        <radio op="I TIM" rat="LTE" q="58.90" rsrp="-94" sinr="14" rsrq="-12"/>
      </extensions>
    </trkpt>
    <trkpt lat="45.6013534" lon="10.4534517">
      <ele>261.1000061035156</ele>
      <time>2026-09-13T13:15:08.28+02:00</time>
      <extensions>
        <activity type="ON_FOOT" conf="97" state="moving" tsMs="1789298092622"/>
        <radio op="vodafone IT" rat="LTE" q="27.30" rsrp="-86" sinr="2" rsrq="-12"/>
        <radio op="I TIM" rat="LTE" q="57.80" rsrp="-91" sinr="12" rsrq="-10"/>
      </extensions>
    </trkpt>
    <trkpt lat="45.6014457" lon="10.4535701">
      <ele>261.1000061035156</ele>
      <time>2026-09-13T13:15:18.124+02:00</time>
      <extensions>
        <activity type="ON_FOOT" conf="96" state="moving" tsMs="1789298103170"/>
        <radio op="vodafone IT" rat="LTE" q="33.30" rsrp="-88" sinr="4" rsrq="-12"/>
        <radio op="I TIM" rat="LTE" q="51.20" rsrp="-93" sinr="11" rsrq="-12"/>
      </extensions>
    </trkpt>
    <trkpt lat="45.6016078" lon="10.4535721">
      <ele>261.20001220703125</ele>
      <time>2026-09-13T13:15:28.163+02:00</time>
      <extensions>
        <activity type="ON_FOOT" conf="98" state="moving" tsMs="1789298113642"/>
        <radio op="vodafone IT" rat="LTE" q="37.40" rsrp="-91" sinr="6" rsrq="-8"/>
        <radio op="I TIM" rat="LTE" q="55.80" rsrp="-94" sinr="13" rsrq="-12"/>
      </extensions>
    </trkpt>
    <trkpt lat="45.6017986" lon="10.4535102">
      <ele>261.1000061035156</ele>
      <time>2026-09-13T13:15:38.381+02:00</time>
      <extensions>
        <activity type="ON_FOOT" conf="96" state="moving" tsMs="1789298129097"/>
        <radio op="vodafone IT" rat="LTE" q="49.00" rsrp="-90" sinr="9" rsrq="-12"/>
        <radio op="I TIM" rat="LTE" q="43.50" rsrp="-96" sinr="10" rsrq="-10"/>
      </extensions>
    </trkpt>
    <trkpt lat="45.6019649" lon="10.4534165">
      <ele>261.20001220703125</ele>
      <time>2026-09-13T13:15:48.681+02:00</time>
      <extensions>
        <activity type="ON_FOOT" conf="98" state="moving" tsMs="1789298139941"/>
        <radio op="vodafone IT" rat="LTE" q="73.60" rsrp="-93" sinr="18" rsrq="-9"/>
        <radio op="I TIM" rat="LTE" q="82.80" rsrp="-89" sinr="18" rsrq="-11"/>
      </extensions>
    </trkpt>
    <trkpt lat="45.6020893" lon="10.4533726">
      <ele>261.20001220703125</ele>
      <time>2026-09-13T13:15:59.148+02:00</time>
      <extensions>
        <activity type="ON_FOOT" conf="96" state="moving" tsMs="1789298145514"/>
        <radio op="vodafone IT" rat="LTE" q="46.80" rsrp="-99" sinr="13" rsrq="-11"/>
        <radio op="I TIM" rat="LTE" q="27.00" rsrp="-95" sinr="4" rsrq="-12"/>
      </extensions>
    </trkpt>
    <trkpt lat="45.6022403" lon="10.453435">
      <ele>261.20001220703125</ele>
      <time>2026-09-13T13:16:09.246+02:00</time>
      <extensions>
        <activity type="ON_FOOT" conf="89" state="moving" tsMs="1789298155524"/>
        <radio op="vodafone IT" rat="LTE" q="16.00" rsrp="-109" sinr="5" rsrq="-10"/>
        <radio op="I TIM" rat="LTE" q="35.20" rsrp="-103" sinr="11" rsrq="-11"/>
      </extensions>
    </trkpt>
    <trkpt lat="45.60233" lon="10.4536134">
      <ele>261.3000183105469</ele>
      <time>2026-09-13T13:16:19.404+02:00</time>
      <extensions>
        <activity type="ON_FOOT" conf="96" state="moving" tsMs="1789298171060"/>
        <radio op="vodafone IT" rat="LTE" q="14.30" rsrp="-112" sinr="6" rsrq="-10"/>
        <radio op="I TIM" rat="LTE" q="23.10" rsrp="-104" sinr="6" rsrq="-10"/>
      </extensions>
    </trkpt>
    <trkpt lat="45.6024176" lon="10.4536822">
      <ele>261.3000183105469</ele>
      <time>2026-09-13T13:16:29.581+02:00</time>
      <extensions>
        <activity type="ON_FOOT" conf="96" state="moving" tsMs="1789298181408"/>
        <radio op="vodafone IT" rat="LTE" q="24.00" rsrp="-105" sinr="7" rsrq="-9"/>
        <radio op="I TIM" rat="LTE" q="32.20" rsrp="-102" sinr="9" rsrq="-11"/>
      </extensions>
    </trkpt>
    <trkpt lat="45.6026045" lon="10.4535788">
      <ele>261.20001220703125</ele>
      <time>2026-09-13T13:16:39.761+02:00</time>
      <extensions>
        <activity type="ON_FOOT" conf="96" state="moving" tsMs="1789298181408"/>
        <radio op="vodafone IT" rat="LTE" rsrp="-112" rsrq="-12"/>
        <radio op="I TIM" rat="LTE" q="29.90" rsrp="-102" sinr="8" rsrq="-11"/>
      </extensions>
    </trkpt>
    <trkpt lat="45.6026285" lon="10.4536342">
      <ele>261.5</ele>
      <time>2026-09-13T13:16:49.03+02:00</time>
      <extensions>
        <activity type="UNKNOWN" conf="40" state="unknown" tsMs="1789298191437"/>
        <radio op="vodafone IT" rat="LTE" q="10.40" rsrp="-112" sinr="3" rsrq="-12"/>
        <radio op="I TIM" rat="LTE" q="1.50" rsrp="-122" sinr="0" rsrq="-10"/>
      </extensions>
    </trkpt>
    <trkpt lat="45.6026292" lon="10.4536306">
      <ele>261.5</ele>
      <time>2026-09-13T13:16:59.245+02:00</time>
      <extensions>
        <activity type="UNKNOWN" conf="40" state="unknown" tsMs="1789298191437"/>
        <radio op="vodafone IT" rat="LTE" q="6.30" rsrp="-116" sinr="2" rsrq="-9"/>
        <radio op="I TIM" rat="LTE" rsrp="-115" rsrq="-12"/>
      </extensions>
    </trkpt>
    <trkpt lat="45.6026161" lon="10.4536437">
      <ele>261.5</ele>
      <time>2026-09-13T13:17:08.787+02:00</time>
      <extensions>
        <activity type="UNKNOWN" conf="40" state="unknown" tsMs="1789298226255"/>
        <radio op="vodafone IT" rat="LTE" q="6.50" rsrp="-112" sinr="0" rsrq="-12"/>
        <radio op="I TIM" rat="LTE" rsrp="-120" rsrq="-11"/>
      </extensions>
    </trkpt>
    <trkpt lat="45.6026101" lon="10.4536544">
      <ele>261.5</ele>
      <time>2026-09-13T13:17:15.94+02:00</time>
      <extensions>
        <activity type="UNKNOWN" conf="40" state="unknown" tsMs="1789298231671"/>
        <radio op="vodafone IT" rat="LTE" q="5.60" rsrp="-118" sinr="3" rsrq="-9"/>
        <radio op="I TIM" rat="LTE" q="1.00" rsrp="-123" sinr="0" rsrq="-11"/>
      </extensions>
    </trkpt>
    <trkpt lat="45.602604" lon="10.4536611">
      <ele>261.5</ele>
      <time>2026-09-13T13:17:23.319+02:00</time>
      <extensions>
        <activity type="UNKNOWN" conf="40" state="unknown" tsMs="1789298231671"/>
        <radio op="vodafone IT" rat="LTE" q="10.00" rsrp="-115" sinr="5" rsrq="-12"/>
        <radio op="I TIM" rat="LTE" q="1.60" rsrp="-123" sinr="3" rsrq="-13"/>
      </extensions>
    </trkpt>
    <trkpt lat="45.6025894" lon="10.4536837">
      <ele>261.5</ele>
      <time>2026-09-13T13:17:37.858+02:00</time>
      <extensions>
        <activity type="UNKNOWN" conf="40" state="unknown" tsMs="1789298255418"/>
        <radio op="vodafone IT" rat="LTE" q="15.60" rsrp="-112" sinr="7" rsrq="-9"/>
        <radio op="I TIM" rat="LTE" q="13.20" rsrp="-114" sinr="7" rsrq="-12"/>
      </extensions>
    </trkpt>
    <trkpt lat="45.6025927" lon="10.45369">
      <ele>261.5</ele>
      <time>2026-09-13T13:17:45.24+02:00</time>
      <extensions>
        <activity type="UNKNOWN" conf="40" state="unknown" tsMs="1789298260736"/>
        <radio op="vodafone IT" rat="LTE" q="13.00" rsrp="-115" sinr="8" rsrq="-11"/>
        <radio op="I TIM" rat="LTE" q="1.80" rsrp="-122" sinr="1" rsrq="-10"/>
      </extensions>
    </trkpt>
    <trkpt lat="45.6025924" lon="10.4536943">
      <ele>261.5</ele>
      <time>2026-09-13T13:17:59.778+02:00</time>
      <extensions>
        <activity type="STILL" conf="99" state="still" tsMs="1789298266002"/>
        <radio op="vodafone IT" rat="LTE" q="16.80" rsrp="-111" sinr="7" rsrq="-8"/>
        <radio op="I TIM" rat="LTE" q="1.80" rsrp="-123" sinr="4" rsrq="-10"/>
      </extensions>
    </trkpt>
    <trkpt lat="45.6025909" lon="10.4536949">
      <ele>261.5</ele>
      <time>2026-09-13T13:18:07.048+02:00</time>
      <extensions>
        <activity type="UNKNOWN" conf="40" state="unknown" tsMs="1789298290039"/>
        <radio op="vodafone IT" rat="LTE" q="16.90" rsrp="-112" sinr="8" rsrq="-10"/>
        <radio op="I TIM" rat="LTE" q="1.40" rsrp="-123" sinr="2" rsrq="-12"/>
      </extensions>
    </trkpt>
    <trkpt lat="45.6025904" lon="10.453697">
      <ele>261.5</ele>
      <time>2026-09-13T13:18:14.317+02:00</time>
      <extensions>
        <activity type="UNKNOWN" conf="40" state="unknown" tsMs="1789298290039"/>
        <radio op="vodafone IT" rat="LTE" q="16.80" rsrp="-113" sinr="9" rsrq="-6"/>
        <radio op="I TIM" rat="LTE" rsrp="-120" rsrq="-16"/>
      </extensions>
    </trkpt>
    <trkpt lat="45.602587" lon="10.4537052">
      <ele>261.5</ele>
      <time>2026-09-13T13:18:29.2+02:00</time>
      <extensions>
        <activity type="UNKNOWN" conf="40" state="unknown" tsMs="1789298295192"/>
        <radio op="vodafone IT" rat="LTE" q="5.60" rsrp="-118" sinr="3" rsrq="-11"/>
        <radio op="I TIM" rat="LTE" q="19.60" rsrp="-111" sinr="9" rsrq="-13"/>
      </extensions>
    </trkpt>
    <trkpt lat="45.6025868" lon="10.453707">
      <ele>261.5</ele>
      <time>2026-09-13T13:18:41.124+02:00</time>
      <extensions>
        <activity type="UNKNOWN" conf="40" state="unknown" tsMs="1789298319329"/>
        <radio op="vodafone IT" rat="LTE" rsrp="-113" rsrq="-12"/>
        <radio op="I TIM" rat="LTE" q="9.90" rsrp="-114" sinr="4" rsrq="-12"/>
      </extensions>
    </trkpt>
    <trkpt lat="45.6025832" lon="10.4537017">
      <ele>261.5</ele>
      <time>2026-09-13T13:18:50.88+02:00</time>
      <extensions>
        <activity type="UNKNOWN" conf="40" state="unknown" tsMs="1789298319329"/>
        <radio op="vodafone IT" rat="LTE" q="8.10" rsrp="-116" sinr="4" rsrq="-11"/>
        <radio op="I TIM" rat="LTE" q="8.10" rsrp="-116" sinr="4" rsrq="-14"/>
      </extensions>
    </trkpt>
    <trkpt lat="45.6025875" lon="10.4537046">
      <ele>261.5</ele>
      <time>2026-09-13T13:19:00.643+02:00</time>
      <extensions>
        <activity type="STILL" conf="46" state="still" tsMs="1789298324462"/>
        <radio op="vodafone IT" rat="LTE" q="9.00" rsrp="-115" sinr="4" rsrq="-10"/>
        <radio op="I TIM" rat="LTE" q="7.20" rsrp="-116" sinr="3" rsrq="-13"/>
      </extensions>
    </trkpt>
    <trkpt lat="45.6025908" lon="10.4537076">
      <ele>261.5</ele>
      <time>2026-09-13T13:19:07.875+02:00</time>
      <extensions>
        <activity type="STILL" conf="100" state="still" tsMs="1789298344398"/>
        <radio op="vodafone IT" rat="LTE" q="8.00" rsrp="-115" sinr="3" rsrq="-11"/>
        <radio op="I TIM" rat="LTE" q="7.70" rsrp="-114" sinr="2" rsrq="-11"/>
      </extensions>
    </trkpt>
    <trkpt lat="45.6025909" lon="10.453711">
      <ele>261.5</ele>
      <time>2026-09-13T13:19:15.257+02:00</time>
      <extensions>
        <activity type="STILL" conf="44" state="still" tsMs="1789298360082"/>
        <radio op="vodafone IT" rat="LTE" q="7.20" rsrp="-117" sinr="4" rsrq="-10"/>
        <radio op="I TIM" rat="LTE" q="8.00" rsrp="-117" sinr="5" rsrq="-11"/>
      </extensions>
    </trkpt>
    <trkpt lat="45.6025906" lon="10.4537324">
      <ele>261.5</ele>
      <time>2026-09-13T13:19:18.466+02:00</time>
      <extensions>
        <activity type="STILL" conf="26" state="still" tsMs="1789298376306"/>
        <radio op="vodafone IT" rat="LTE" q="11.20" rsrp="-109" sinr="2" rsrq="-9"/>
        <radio op="I TIM" rat="LTE" q="16.50" rsrp="-110" sinr="6" rsrq="-13"/>
      </extensions>
    </trkpt>
    <trkpt lat="45.6025526" lon="10.453701">
      <ele>261.5</ele>
      <time>2026-09-13T13:20:03.949+02:00</time>
      <extensions>
        <activity type="UNKNOWN" conf="40" state="unknown" tsMs="1789298392711"/>
        <radio op="vodafone IT" rat="LTE" rsrp="-115" rsrq="-12"/>
        <radio op="I TIM" rat="LTE" q="15.00" rsrp="-110" sinr="5" rsrq="-12"/>
      </extensions>
    </trkpt>
    <trkpt lat="45.602556" lon="10.4536862">
      <ele>261.5</ele>
      <time>2026-09-13T13:20:40.955+02:00</time>
      <extensions>
        <activity type="UNKNOWN" conf="40" state="unknown" tsMs="1789298435323"/>
        <radio op="vodafone IT" rat="LTE" q="3.00" rsrp="-120" sinr="1" rsrq="-11"/>
        <radio op="I TIM" rat="LTE" q="5.60" rsrp="-118" sinr="3" rsrq="-13"/>
      </extensions>
    </trkpt>
    <trkpt lat="45.6025565" lon="10.4536882">
      <ele>261.5</ele>
      <time>2026-09-13T13:21:12.648+02:00</time>
      <extensions>
        <activity type="UNKNOWN" conf="40" state="unknown" tsMs="1789298468881"/>
        <radio op="vodafone IT" rat="LTE" rsrp="-116" rsrq="-11"/>
        <radio op="I TIM" rat="LTE" rsrp="-119" rsrq="-15"/>
      </extensions>
    </trkpt>
    <trkpt lat="45.6025951" lon="10.4541754">
      <ele>261.5</ele>
      <time>2026-09-13T13:33:38.327+02:00</time>
      <extensions>
        <activity type="UNKNOWN" conf="40" state="unknown" tsMs="1789299221488"/>
        <radio op="vodafone IT" rat="LTE" q="13.20" rsrp="-114" sinr="7" rsrq="-10"/>
        <radio op="I TIM" rat="LTE" q="40.80" rsrp="-101" sinr="12" rsrq="-10"/>
      </extensions>
    </trkpt>
    <trkpt lat="45.6025525" lon="10.4536834">
      <ele>261.5</ele>
      <time>2026-09-13T13:34:10.019+02:00</time>
      <extensions>
        <activity type="UNKNOWN" conf="40" state="unknown" tsMs="1789299245730"/>
        <radio op="vodafone IT" rat="LTE" q="12.00" rsrp="-115" sinr="7" rsrq="-10"/>
        <radio op="I TIM" rat="LTE" q="34.50" rsrp="-102" sinr="10" rsrq="-11"/>
      </extensions>
    </trkpt>
    <trkpt lat="45.6029231" lon="10.4534771">
      <ele>261.1000061035156</ele>
      <time>2026-09-13T13:34:51.594+02:00</time>
      <extensions>
        <activity type="UNKNOWN" conf="40" state="unknown" tsMs="1789299289626"/>
        <radio op="vodafone IT" rat="LTE" q="17.10" rsrp="-106" sinr="4" rsrq="-10"/>
        <radio op="I TIM" rat="LTE" q="17.60" rsrp="-109" sinr="6" rsrq="-11"/>
      </extensions>
    </trkpt>
    <trkpt lat="45.6016118" lon="10.4547179">
      <ele>263.1880196431516</ele>
      <time>2026-09-13T13:35:23.511+02:00</time>
      <extensions>
        <activity type="IN_VEHICLE" conf="88" state="moving" tsMs="1789299322730"/>
        <radio op="vodafone IT" rat="LTE" q="11.20" rsrp="-109" sinr="2" rsrq="-11"/>
        <radio op="I TIM" rat="LTE" q="31.50" rsrp="-104" sinr="10" rsrq="-13"/>
      </extensions>
    </trkpt>
    <trkpt lat="45.6046604" lon="10.4644316">
      <ele>271.6155399083574</ele>
      <time>2026-09-13T13:36:19.616+02:00</time>
      <extensions>
        <activity type="IN_VEHICLE" conf="96" state="moving" tsMs="1789299377772"/>
        <radio op="vodafone IT" rat="LTE" q="85.00" rsrp="-91" sinr="24" rsrq="-6"/>
        <radio op="I TIM" rat="LTE" q="26.10" rsrp="-96" sinr="4" rsrq="-8"/>
      </extensions>
    </trkpt>
    <trkpt lat="45.605211" lon="10.4655462">
      <ele>271.6155399083574</ele>
      <time>2026-09-13T13:36:25.519+02:00</time>
      <extensions>
        <activity type="IN_VEHICLE" conf="96" state="moving" tsMs="1789299377772"/>
        <radio op="vodafone IT" rat="LTE" q="60.00" rsrp="-101" sinr="21" rsrq="-6"/>
        <radio op="I TIM" rat="LTE" rsrp="-105" rsrq="-10"/>
      </extensions>
    </trkpt>
    <trkpt lat="45.6096695" lon="10.4975659">
      <ele>216.33493959709554</ele>
      <time>2026-09-13T13:39:35.036+02:00</time>
      <extensions>
        <activity type="IN_VEHICLE" conf="93" state="moving" tsMs="1789299569509"/>
        <radio op="vodafone IT" rat="LTE" q="36.40" rsrp="-99" sinr="9" rsrq="-11"/>
        <radio op="I TIM" rat="LTE" rsrp="-104" rsrq="-13"/>
      </extensions>
    </trkpt>
    <trkpt lat="45.6106571" lon="10.5036084">
      <ele>189.43579956606996</ele>
      <time>2026-09-13T13:40:13.036+02:00</time>
      <extensions>
        <activity type="IN_VEHICLE" conf="94" state="moving" tsMs="1789299608127"/>
        <radio op="vodafone IT" rat="LTE" q="37.80" rsrp="-104" sinr="13" rsrq="-9"/>
        <radio op="I TIM" rat="LTE" q="13.80" rsrp="-102" sinr="1" rsrq="-13"/>
      </extensions>
    </trkpt>
    <trkpt lat="45.6117631" lon="10.5095512">
      <ele>164.7300858684423</ele>
      <time>2026-09-13T13:40:56.035+02:00</time>
      <extensions>
        <activity type="IN_VEHICLE" conf="89" state="moving" tsMs="1789299651356"/>
        <radio op="vodafone IT" rat="LTE" q="16.90" rsrp="-112" sinr="8" rsrq="-12"/>
        <radio op="I TIM" rat="LTE" q="6.30" rsrp="-118" sinr="4" rsrq="-17"/>
      </extensions>
    </trkpt>
    <trkpt lat="45.6110645" lon="10.514611">
      <ele>166.6828250642337</ele>
      <time>2026-09-13T13:41:35.646+02:00</time>
      <extensions>
        <activity type="IN_VEHICLE" conf="93" state="moving" tsMs="1789299694573"/>
        <radio op="vodafone IT" rat="LTE" rsrp="-115" rsrq="-12"/>
        <radio op="I TIM" rat="LTE" rsrp="-107" rsrq="-19"/>
      </extensions>
    </trkpt>
    <trkpt lat="45.6108534" lon="10.5158273">
      <ele>166.6828250642337</ele>
      <time>2026-09-13T13:41:42.035+02:00</time>
      <extensions>
        <activity type="IN_VEHICLE" conf="93" state="moving" tsMs="1789299694573"/>
        <radio op="vodafone IT" rat="LTE" q="18.20" rsrp="-99" sinr="2" rsrq="-11"/>
        <radio op="I TIM" rat="LTE" q="10.20" rsrp="-108" sinr="1" rsrq="-13"/>
      </extensions>
    </trkpt>
    <trkpt lat="45.608902" lon="10.5291407">
      <ele>170.84839693551083</ele>
      <time>2026-09-13T13:43:08.035+02:00</time>
      <extensions>
        <activity type="IN_VEHICLE" conf="81" state="moving" tsMs="1789299807332"/>
        <radio op="vodafone IT" rat="LTE" rsrp="-115" rsrq="-18"/>
        <radio op="I TIM" rat="LTE" rsrp="-122" rsrq="-17"/>
      </extensions>
    </trkpt>
    <trkpt lat="45.6112019" lon="10.5386783">
      <ele>139.83113881925064</ele>
      <time>2026-09-13T13:44:17.035+02:00</time>
      <extensions>
        <activity type="IN_VEHICLE" conf="90" state="moving" tsMs="1789299852352"/>
        <radio op="vodafone IT" rat="LTE" q="22.10" rsrp="-108" sinr="8" rsrq="-9"/>
        <radio op="I TIM" rat="LTE" q="21.00" rsrp="-104" sinr="5" rsrq="-12"/>
      </extensions>
    </trkpt>
    <trkpt lat="45.6136906" lon="10.5468588">
      <ele>126.39593994256498</ele>
      <time>2026-09-13T13:45:11.035+02:00</time>
      <extensions>
        <activity type="IN_VEHICLE" conf="91" state="moving" tsMs="1789299906774"/>
        <radio op="vodafone IT" rat="LTE" rsrp="-115" rsrq="-12"/>
        <radio op="I TIM" rat="LTE" rsrp="-113" rsrq="-14"/>
      </extensions>
    </trkpt>
    <trkpt lat="45.6176726" lon="10.5578004">
      <ele>125.64322672579627</ele>
      <time>2026-09-13T13:46:27.243+02:00</time>
      <extensions>
        <activity type="IN_VEHICLE" conf="91" state="moving" tsMs="1789299986340"/>
        <radio op="vodafone IT" rat="LTE" q="37.80" rsrp="-107" sinr="16" rsrq="-12"/>
        <radio op="I TIM" rat="LTE" q="45.00" rsrp="-100" sinr="13" rsrq="-11"/>
      </extensions>
    </trkpt>
    <trkpt lat="45.6220511" lon="10.5688012">
      <ele>126.92050885604566</ele>
      <time>2026-09-13T13:47:31.346+02:00</time>
      <extensions>
        <activity type="IN_VEHICLE" conf="96" state="moving" tsMs="1789300046734"/>
        <radio op="vodafone IT" rat="LTE" rsrp="-116" rsrq="-12"/>
        <radio op="I TIM" rat="LTE" rsrp="-112" rsrq="-14"/>
      </extensions>
    </trkpt>
    <trkpt lat="45.6262263" lon="10.5820386">
      <ele>127.36149471350967</ele>
      <time>2026-09-13T13:49:06.028+02:00</time>
      <extensions>
        <activity type="IN_VEHICLE" conf="95" state="moving" tsMs="1789300143710"/>
        <radio op="vodafone IT" rat="LTE" q="24.00" rsrp="-105" sinr="7" rsrq="-11"/>
        <radio op="I TIM" rat="LTE" rsrp="-114" rsrq="-14"/>
      </extensions>
    </trkpt>
    <trkpt lat="45.6357638" lon="10.6004147">
      <ele>120.19999694824219</ele>
      <time>2026-09-13T13:50:44.71+02:00</time>
      <extensions>
        <activity type="UNKNOWN" conf="40" state="unknown" tsMs="1789300240896"/>
        <radio op="vodafone IT" rat="LTE" q="31.20" rsrp="-99" sinr="7" rsrq="-10"/>
        <radio op="I TIM" rat="LTE" rsrp="-121" rsrq="-17"/>
      </extensions>
    </trkpt>
    <trkpt lat="45.6361028" lon="10.6031748">
      <ele>124.2562294817617</ele>
      <time>2026-09-13T13:52:20.963+02:00</time>
      <extensions>
        <activity type="IN_VEHICLE" conf="89" state="moving" tsMs="1789300339368"/>
        <radio op="vodafone IT" rat="LTE" q="49.00" rsrp="-90" sinr="9" rsrq="-12"/>
        <radio op="I TIM" rat="LTE" q="5.60" rsrp="-117" sinr="2" rsrq="-15"/>
      </extensions>
    </trkpt>
    <trkpt lat="45.6407818" lon="10.6084985">
      <ele>133.10000610351562</ele>
      <time>2026-09-13T13:53:10.073+02:00</time>
      <extensions>
        <activity type="IN_VEHICLE" conf="91" state="moving" tsMs="1789300384239"/>
        <radio op="vodafone IT" rat="LTE" q="72.50" rsrp="-96" sinr="23" rsrq="-12"/>
        <radio op="I TIM" rat="LTE" q="9.00" rsrp="-110" sinr="1" rsrq="-14"/>
      </extensions>
    </trkpt>
    <trkpt lat="45.641345" lon="10.6111925">
      <ele>133.3000030517578</ele>
      <time>2026-09-13T13:53:41.557+02:00</time>
      <extensions>
        <activity type="UNKNOWN" conf="40" state="unknown" tsMs="1789300416097"/>
        <radio op="vodafone IT" rat="LTE" q="27.00" rsrp="-110" sinr="13" rsrq="-10"/>
        <radio op="I TIM" rat="LTE" q="7.70" rsrp="-118" sinr="6" rsrq="-14"/>
      </extensions>
    </trkpt>
    <trkpt lat="45.6428587" lon="10.6148764">
      <ele>133.3000030517578</ele>
      <time>2026-09-13T13:54:19.242+02:00</time>
      <extensions>
        <activity type="IN_VEHICLE" conf="90" state="moving" tsMs="1789300454092"/>
        <radio op="vodafone IT" rat="LTE" q="10.00" rsrp="-115" sinr="5" rsrq="-8"/>
        <radio op="I TIM" rat="LTE" rsrp="-117" rsrq="-15"/>
      </extensions>
    </trkpt>
    <trkpt lat="45.6474515" lon="10.6204721">
      <ele>133.3000030517578</ele>
      <time>2026-09-13T13:55:11.035+02:00</time>
      <extensions>
        <activity type="IN_VEHICLE" conf="94" state="moving" tsMs="1789300503386"/>
        <radio op="vodafone IT" rat="LTE" q="8.50" rsrp="-108" sinr="0" rsrq="-12"/>
        <radio op="I TIM" rat="LTE" q="9.50" rsrp="-106" sinr="0" rsrq="-13"/>
      </extensions>
    </trkpt>
    <trkpt lat="45.6510979" lon="10.6270263">
      <ele>126.32407713858348</ele>
      <time>2026-09-13T13:55:59.038+02:00</time>
      <extensions>
        <activity type="IN_VEHICLE" conf="95" state="moving" tsMs="1789300549242"/>
        <radio op="vodafone IT" rat="LTE" q="11.90" rsrp="-108" sinr="2" rsrq="-10"/>
        <radio op="I TIM" rat="LTE" q="10.20" rsrp="-108" sinr="1" rsrq="-13"/>
      </extensions>
    </trkpt>
    <trkpt lat="45.658477" lon="10.637685">
      <ele>124.5822320387115</ele>
      <time>2026-09-13T13:57:23.036+02:00</time>
      <extensions>
        <activity type="IN_VEHICLE" conf="96" state="moving" tsMs="1789300634352"/>
        <radio op="vodafone IT" rat="LTE" rsrp="-111" rsrq="-14"/>
        <radio op="I TIM" rat="LTE" rsrp="-112" rsrq="-13"/>
      </extensions>
    </trkpt>
    <trkpt lat="45.6737427" lon="10.6505758">
      <ele>129.8000030517578</ele>
      <time>2026-09-13T13:59:45.036+02:00</time>
      <extensions>
        <activity type="IN_VEHICLE" conf="92" state="moving" tsMs="1789300794163"/>
        <radio op="vodafone IT" rat="LTE" rsrp="-116" rsrq="-13"/>
        <radio op="I TIM" rat="LTE" rsrp="-121" rsrq="-13"/>
      </extensions>
    </trkpt>
    <trkpt lat="45.679693" lon="10.6540259">
      <ele>118.4000015258789</ele>
      <time>2026-09-13T14:00:32.57+02:00</time>
      <extensions>
        <activity type="IN_VEHICLE" conf="91" state="moving" tsMs="1789300827388"/>
        <radio op="vodafone IT" rat="LTE" rsrp="-126" rsrq="-17"/>
        <radio op="I TIM" rat="LTE" rsrp="-121" rsrq="-14"/>
      </extensions>
    </trkpt>
    <trkpt lat="45.6845782" lon="10.6581683">
      <ele>123.69999694824219</ele>
      <time>2026-09-13T14:01:17.554+02:00</time>
      <extensions>
        <activity type="IN_VEHICLE" conf="93" state="moving" tsMs="1789300871387"/>
        <radio op="vodafone IT" rat="LTE" q="6.00" rsrp="-113" sinr="0" rsrq="-13"/>
        <radio op="I TIM" rat="LTE" rsrp="-121" rsrq="-14"/>
      </extensions>
    </trkpt>
    <trkpt lat="45.6849205" lon="10.6587635">
      <ele>123.69999694824219</ele>
      <time>2026-09-13T14:01:25.039+02:00</time>
      <extensions>
        <activity type="IN_VEHICLE" conf="89" state="moving" tsMs="1789300877356"/>
        <radio op="vodafone IT" rat="LTE" q="15.00" rsrp="-110" sinr="5" rsrq="-10"/>
        <radio op="I TIM" rat="LTE" rsrp="-118" rsrq="-18"/>
      </extensions>
    </trkpt>
    <trkpt lat="45.6876487" lon="10.6611077">
      <ele>119.80000305175781</ele>
      <time>2026-09-13T14:02:02.908+02:00</time>
      <extensions>
        <activity type="IN_VEHICLE" conf="92" state="moving" tsMs="1789300919527"/>
        <radio op="vodafone IT" rat="LTE" q="11.50" rsrp="-102" sinr="0" rsrq="-12"/>
        <radio op="I TIM" rat="LTE" q="13.00" rsrp="-112" sinr="5" rsrq="-11"/>
      </extensions>
    </trkpt>
    <trkpt lat="45.6904327" lon="10.6642939">
      <ele>141.3000030517578</ele>
      <time>2026-09-13T14:02:50.72+02:00</time>
      <extensions>
        <activity type="IN_VEHICLE" conf="91" state="moving" tsMs="1789300968364"/>
        <radio op="vodafone IT" rat="LTE" q="35.20" rsrp="-103" sinr="11" rsrq="-11"/>
        <radio op="I TIM" rat="LTE" q="13.80" rsrp="-102" sinr="1" rsrq="-13"/>
      </extensions>
    </trkpt>
    <trkpt lat="45.6921441" lon="10.6668866">
      <ele>151.9735001569955</ele>
      <time>2026-09-13T14:03:32.31+02:00</time>
      <extensions>
        <activity type="IN_VEHICLE" conf="85" state="moving" tsMs="1789301011391"/>
        <radio op="vodafone IT" rat="LTE" q="35.70" rsrp="-104" sinr="12" rsrq="-8"/>
        <radio op="I TIM" rat="LTE" q="28.60" rsrp="-103" sinr="8" rsrq="-9"/>
      </extensions>
    </trkpt>
    <trkpt lat="45.6990742" lon="10.675726">
      <ele>190.25973867835063</ele>
      <time>2026-09-13T14:04:46.037+02:00</time>
      <extensions>
        <activity type="IN_VEHICLE" conf="97" state="moving" tsMs="1789301079394"/>
        <radio op="vodafone IT" rat="LTE" rsrp="-119" rsrq="-14"/>
        <radio op="I TIM" rat="LTE" q="4.50" rsrp="-116" sinr="0" rsrq="-13"/>
      </extensions>
    </trkpt>
    <trkpt lat="45.6990742" lon="10.675726">
      <ele>221.00002419029414</ele>
      <time>2026-09-13T14:06:05.689+02:00</time>
      <extensions>
        <activity type="IN_VEHICLE" conf="89" state="moving" tsMs="1789301170999"/>
        <radio op="vodafone IT" rat="LTE" rsrp="-123" rsrq="-18"/>
        <radio op="I TIM" rat="LTE" rsrp="-136" rsrq="-23"/>
      </extensions>
    </trkpt>
    <trkpt lat="45.6990742" lon="10.675726">
      <ele>231.91776163291607</ele>
      <time>2026-09-13T14:07:07.827+02:00</time>
      <extensions>
        <activity type="IN_VEHICLE" conf="86" state="moving" tsMs="1789301215434"/>
        <radio op="vodafone IT" rat="LTE" rsrp="-137" rsrq="-18"/>
        <radio op="I TIM" rat="LTE" q="3.50" rsrp="-118" sinr="0" rsrq="-13"/>
      </extensions>
    </trkpt>
    <trkpt lat="45.7144608" lon="10.7020467">
      <ele>207.31899685006812</ele>
      <time>2026-09-13T14:08:30.306+02:00</time>
      <extensions>
        <activity type="UNKNOWN" conf="40" state="unknown" tsMs="1789301301220"/>
        <radio op="vodafone IT" rat="LTE" q="13.20" rsrp="-113" sinr="6" rsrq="-11"/>
        <radio op="I TIM" rat="LTE" q="10.80" rsrp="-113" sinr="4" rsrq="-13"/>
      </extensions>
    </trkpt>
    <trkpt lat="45.7144608" lon="10.7020467">
      <ele>176.26497875348326</ele>
      <time>2026-09-13T14:09:13.507+02:00</time>
      <extensions>
        <activity type="IN_VEHICLE" conf="92" state="moving" tsMs="1789301364322"/>
        <radio op="vodafone IT" rat="LTE" rsrp="-138" rsrq="-26"/>
        <radio op="I TIM" rat="LTE" rsrp="-137" rsrq="-24"/>
      </extensions>
    </trkpt>
    <trkpt lat="45.7144608" lon="10.7020467">
      <ele>167.54229181217121</ele>
      <time>2026-09-13T14:09:18.831+02:00</time>
      <extensions>
        <activity type="IN_VEHICLE" conf="93" state="moving" tsMs="1789301369696"/>
        <radio op="vodafone IT" rat="LTE" rsrp="-138" rsrq="-26"/>
        <radio op="I TIM" rat="LTE" rsrq="-20"/>
      </extensions>
    </trkpt>
    <trkpt lat="45.7310871" lon="10.7185167">
      <ele>119.39076924059667</ele>
      <time>2026-09-13T14:10:56.196+02:00</time>
      <extensions>
        <activity type="IN_VEHICLE" conf="92" state="moving" tsMs="1789301450377"/>
        <radio op="vodafone IT" rat="LTE" q="36.00" rsrp="-107" sinr="15" rsrq="-9"/>
        <radio op="I TIM" rat="LTE" rsrp="-111" rsrq="-14"/>
      </extensions>
    </trkpt>
    <trkpt lat="45.7329064" lon="10.728168">
      <ele>126.91563108258873</ele>
      <time>2026-09-13T14:11:45.039+02:00</time>
      <extensions>
        <activity type="IN_VEHICLE" conf="92" state="moving" tsMs="1789301502354"/>
        <radio op="vodafone IT" rat="LTE" q="12.60" rsrp="-111" sinr="4" rsrq="-11"/>
        <radio op="I TIM" rat="LTE" q="6.30" rsrp="-116" sinr="2" rsrq="-15"/>
      </extensions>
    </trkpt>
    <trkpt lat="45.7345231" lon="10.7296497">
      <ele>127.57640616240944</ele>
      <time>2026-09-13T14:14:11.137+02:00</time>
      <extensions>
        <activity type="UNKNOWN" conf="40" state="unknown" tsMs="1789301642932"/>
        <radio op="vodafone IT" rat="LTE" q="7.20" rsrp="-116" sinr="3" rsrq="-12"/>
        <radio op="I TIM" rat="LTE" rsrp="-139" rsrq="-24"/>
      </extensions>
    </trkpt>
    <trkpt lat="45.7552959" lon="10.7498429">
      <ele>122.3528882295927</ele>
      <time>2026-09-13T14:16:02.999+02:00</time>
      <extensions>
        <activity type="IN_VEHICLE" conf="88" state="moving" tsMs="1789301761860"/>
        <radio op="vodafone IT" rat="LTE" q="6.00" rsrp="-115" sinr="1" rsrq="-13"/>
        <radio op="I TIM" rat="OTHER"/>
      </extensions>
    </trkpt>
    <trkpt lat="45.7539287" lon="10.7510712">
      <ele>120.19999694824219</ele>
      <time>2026-09-13T14:16:47.038+02:00</time>
      <extensions>
        <activity type="IN_VEHICLE" conf="94" state="moving" tsMs="1789301799457"/>
        <radio op="vodafone IT" rat="LTE" rsrp="-108" rsrq="-15"/>
        <radio op="I TIM" rat="LTE" rsrp="-117" rsrq="-13"/>
      </extensions>
    </trkpt>
    <trkpt lat="45.7536823" lon="10.750148">
      <ele>120.19999694824219</ele>
      <time>2026-09-13T14:17:35.039+02:00</time>
      <extensions>
        <activity type="IN_VEHICLE" conf="96" state="moving" tsMs="1789301848378"/>
        <radio op="vodafone IT" rat="LTE" rsrp="-120" rsrq="-15"/>
        <radio op="I TIM" rat="LTE" rsrp="-119" rsrq="-16"/>
      </extensions>
    </trkpt>
    <trkpt lat="45.7539242" lon="10.7504306">
      <ele>117.80000305175781</ele>
      <time>2026-09-13T14:18:16.039+02:00</time>
      <extensions>
        <activity type="IN_VEHICLE" conf="96" state="moving" tsMs="1789301903653"/>
        <radio op="vodafone IT" rat="LTE" rsrp="-122" rsrq="-16"/>
        <radio op="I TIM" rat="LTE" rsrp="-121" rsrq="-17"/>
      </extensions>
    </trkpt>
    <trkpt lat="45.7539384" lon="10.7504414">
      <ele>119.80000305175781</ele>
      <time>2026-09-13T14:18:48.719+02:00</time>
      <extensions>
        <activity type="IN_VEHICLE" conf="85" state="moving" tsMs="1789301929148"/>
        <radio op="vodafone IT" rat="LTE" rsrp="-113" rsrq="-19"/>
        <radio op="I TIM" rat="LTE" rsrp="-120" rsrq="-16"/>
      </extensions>
    </trkpt>
    <trkpt lat="45.7538315" lon="10.7500435">
      <ele>119.80000305175781</ele>
      <time>2026-09-13T14:18:58.039+02:00</time>
      <extensions>
        <activity type="IN_VEHICLE" conf="85" state="moving" tsMs="1789301929148"/>
        <radio op="vodafone IT" rat="LTE" rsrp="-117" rsrq="-15"/>
        <radio op="I TIM" rat="LTE" rsrp="-117" rsrq="-16"/>
      </extensions>
    </trkpt>
    <trkpt lat="45.7548735" lon="10.7503013">
      <ele>119.80000305175781</ele>
      <time>2026-09-13T14:19:32.133+02:00</time>
      <extensions>
        <activity type="UNKNOWN" conf="40" state="unknown" tsMs="1789301966633"/>
        <radio op="vodafone IT" rat="LTE" rsrp="-113" rsrq="-15"/>
        <radio op="I TIM" rat="LTE" rsrp="-109" rsrq="-15"/>
      </extensions>
    </trkpt>
    <trkpt lat="45.7539196" lon="10.7504331">
      <ele>119.80000305175781</ele>
      <time>2026-09-13T14:19:39.454+02:00</time>
      <extensions>
        <activity type="UNKNOWN" conf="40" state="unknown" tsMs="1789301982516"/>
        <radio op="vodafone IT" rat="LTE" rsrp="-114" rsrq="-14"/>
        <radio op="I TIM" rat="LTE" rsrp="-110" rsrq="-16"/>
      </extensions>
    </trkpt>
    <trkpt lat="45.7538995" lon="10.7499614">
      <ele>119.80000305175781</ele>
      <time>2026-09-13T14:19:47.039+02:00</time>
      <extensions>
        <activity type="UNKNOWN" conf="40" state="unknown" tsMs="1789301993330"/>
        <radio op="vodafone IT" rat="LTE" rsrp="-117" rsrq="-17"/>
        <radio op="I TIM" rat="LTE" rsrp="-119" rsrq="-16"/>
      </extensions>
    </trkpt>
    <trkpt lat="45.7539114" lon="10.7504372">
      <ele>119.80000305175781</ele>
      <time>2026-09-13T14:20:24.556+02:00</time>
      <extensions>
        <activity type="UNKNOWN" conf="40" state="unknown" tsMs="1789302020065"/>
        <radio op="vodafone IT" rat="LTE" rsrp="-115" rsrq="-17"/>
        <radio op="I TIM" rat="LTE" rsrp="-116" rsrq="-16"/>
      </extensions>
    </trkpt>
    <trkpt lat="45.7549037" lon="10.7504519">
      <ele>119.80000305175781</ele>
      <time>2026-09-13T14:20:59.351+02:00</time>
      <extensions>
        <activity type="UNKNOWN" conf="40" state="unknown" tsMs="1789302058195"/>
        <radio op="vodafone IT" rat="LTE" rsrp="-116" rsrq="-18"/>
        <radio op="I TIM" rat="LTE" rsrp="-116" rsrq="-16"/>
      </extensions>
    </trkpt>
    <trkpt lat="45.754052" lon="10.7505171">
      <ele>119.80000305175781</ele>
      <time>2026-09-13T14:21:51.071+02:00</time>
      <extensions>
        <activity type="UNKNOWN" conf="40" state="unknown" tsMs="1789302108406"/>
        <radio op="vodafone IT" rat="LTE" rsrp="-115" rsrq="-16"/>
        <radio op="I TIM" rat="LTE" rsrp="-114" rsrq="-16"/>
      </extensions>
    </trkpt>
    <trkpt lat="45.7543846" lon="10.7506141">
      <ele>119.80000305175781</ele>
      <time>2026-09-13T14:22:21.759+02:00</time>
      <extensions>
        <activity type="ON_FOOT" conf="96" state="moving" tsMs="1789302139397"/>
        <radio op="vodafone IT" rat="LTE" q="13.50" rsrp="-110" sinr="4" rsrq="-14"/>
        <radio op="I TIM" rat="LTE" rsrp="-115" rsrq="-15"/>
      </extensions>
    </trkpt>
    <trkpt lat="45.7545268" lon="10.7511184">
      <ele>117.30000305175781</ele>
      <time>2026-09-13T14:22:53.063+02:00</time>
      <extensions>
        <activity type="ON_FOOT" conf="96" state="moving" tsMs="1789302167403"/>
        <radio op="vodafone IT" rat="LTE" rsrp="-106" rsrq="-12"/>
        <radio op="I TIM" rat="LTE" q="14.00" rsrp="-97" sinr="0" rsrq="-15"/>
      </extensions>
    </trkpt>
    <trkpt lat="45.7540103" lon="10.7511746">
      <ele>117.30000305175781</ele>
      <time>2026-09-13T14:23:29.562+02:00</time>
      <extensions>
        <activity type="UNKNOWN" conf="40" state="unknown" tsMs="1789302209291"/>
        <radio op="vodafone IT" rat="LTE" q="28.60" rsrp="-103" sinr="8" rsrq="-10"/>
        <radio op="I TIM" rat="LTE" q="16.80" rsrp="-101" sinr="2" rsrq="-13"/>
      </extensions>
    </trkpt>
    <trkpt lat="45.7540212" lon="10.7511611">
      <ele>117.30000305175781</ele>
      <time>2026-09-13T14:24:17.419+02:00</time>
      <extensions>
        <activity type="UNKNOWN" conf="40" state="unknown" tsMs="1789302256916"/>
        <radio op="vodafone IT" rat="LTE" q="13.50" rsrp="-98" sinr="0" rsrq="-11"/>
        <radio op="I TIM" rat="LTE" rsrp="-99" rsrq="-14"/>
      </extensions>
    </trkpt>
    <trkpt lat="45.7544478" lon="10.7509375">
      <ele>117.5</ele>
      <time>2026-09-13T14:24:49.489+02:00</time>
      <extensions>
        <activity type="ON_FOOT" conf="86" state="moving" tsMs="1789302288468"/>
        <radio op="vodafone IT" rat="LTE" rsrp="-108" rsrq="-13"/>
        <radio op="I TIM" rat="LTE" rsrp="-98" rsrq="-15"/>
      </extensions>
    </trkpt>
    <trkpt lat="45.7544615" lon="10.7510946">
      <ele>117.4000015258789</ele>
      <time>2026-09-13T14:25:36.224+02:00</time>
      <extensions>
        <activity type="UNKNOWN" conf="40" state="unknown" tsMs="1789302332363"/>
        <radio op="vodafone IT" rat="LTE" q="31.20" rsrp="-99" sinr="7" rsrq="-9"/>
        <radio op="I TIM" rat="LTE" rsrp="-98" rsrq="-14"/>
      </extensions>
    </trkpt>
    <trkpt lat="45.7543534" lon="10.7511027">
      <ele>117.30000305175781</ele>
      <time>2026-09-13T14:26:20.41+02:00</time>
      <extensions>
        <activity type="UNKNOWN" conf="40" state="unknown" tsMs="1789302375408"/>
        <radio op="vodafone IT" rat="LTE" q="12.60" rsrp="-104" sinr="1" rsrq="-13"/>
        <radio op="I TIM" rat="LTE" rsrp="-101" rsrq="-15"/>
      </extensions>
    </trkpt>
    <trkpt lat="45.7542681" lon="10.751161">
      <ele>117.80000305175781</ele>
      <time>2026-09-13T14:26:53.889+02:00</time>
      <extensions>
        <activity type="UNKNOWN" conf="40" state="unknown" tsMs="1789302408202"/>
        <radio op="vodafone IT" rat="LTE" q="9.80" rsrp="-111" sinr="2" rsrq="-13"/>
        <radio op="I TIM" rat="LTE" rsrp="-104" rsrq="-16"/>
      </extensions>
    </trkpt>
    <trkpt lat="45.7539931" lon="10.751186">
      <ele>117.30000305175781</ele>
      <time>2026-09-13T14:27:27.302+02:00</time>
      <extensions>
        <activity type="ON_FOOT" conf="93" state="moving" tsMs="1789302446382"/>
        <radio op="vodafone IT" rat="LTE" rsrp="-111" rsrq="-13"/>
        <radio op="I TIM" rat="LTE" rsrp="-97" rsrq="-15"/>
      </extensions>
    </trkpt>
    <trkpt lat="45.7545827" lon="10.7510603">
      <ele>122.31540695915726</ele>
      <time>2026-09-13T14:28:03.638+02:00</time>
      <extensions>
        <activity type="ON_FOOT" conf="86" state="moving" tsMs="1789302478650"/>
        <radio op="vodafone IT" rat="LTE" q="24.30" rsrp="-98" sinr="4" rsrq="-7"/>
        <radio op="I TIM" rat="LTE" rsrp="-95" rsrq="-15"/>
      </extensions>
    </trkpt>
    <trkpt lat="45.7540401" lon="10.7511521">
      <ele>117.5</ele>
      <time>2026-09-13T14:28:34.434+02:00</time>
      <extensions>
        <activity type="ON_FOOT" conf="94" state="moving" tsMs="1789302510749"/>
        <radio op="vodafone IT" rat="LTE" q="9.00" rsrp="-110" sinr="1" rsrq="-10"/>
        <radio op="I TIM" rat="LTE" rsrp="-104" rsrq="-15"/>
      </extensions>
    </trkpt>
    <trkpt lat="45.7540171" lon="10.7511579">
      <ele>117.30000305175781</ele>
      <time>2026-09-13T14:29:05.797+02:00</time>
      <extensions>
        <activity type="ON_FOOT" conf="88" state="moving" tsMs="1789302542126"/>
        <radio op="vodafone IT" rat="LTE" rsrp="-110" rsrq="-14"/>
        <radio op="I TIM" rat="LTE" q="14.70" rsrp="-104" sinr="2" rsrq="-15"/>
      </extensions>
    </trkpt>
    <trkpt lat="45.754021" lon="10.7511401">
      <ele>117.30000305175781</ele>
      <time>2026-09-13T14:29:39.187+02:00</time>
      <extensions>
        <activity type="UNKNOWN" conf="40" state="unknown" tsMs="1789302573517"/>
        <radio op="vodafone IT" rat="LTE" q="11.90" rsrp="-108" sinr="2" rsrq="-12"/>
        <radio op="I TIM" rat="LTE" rsrp="-103" rsrq="-13"/>
      </extensions>
    </trkpt>
    <trkpt lat="45.754294" lon="10.7509755">
      <ele>117.5</ele>
      <time>2026-09-13T14:30:14.309+02:00</time>
      <extensions>
        <activity type="UNKNOWN" conf="40" state="unknown" tsMs="1789302605737"/>
        <radio op="vodafone IT" rat="LTE" q="12.80" rsrp="-109" sinr="3" rsrq="-15"/>
        <radio op="I TIM" rat="LTE" rsrp="-101" rsrq="-14"/>
      </extensions>
    </trkpt>
    <trkpt lat="45.7544393" lon="10.7508885">
      <ele>117.5</ele>
      <time>2026-09-13T14:30:52.37+02:00</time>
      <extensions>
        <activity type="STILL" conf="99" state="still" tsMs="1789302647378"/>
        <radio op="vodafone IT" rat="LTE" q="14.00" rsrp="-105" sinr="2" rsrq="-13"/>
        <radio op="I TIM" rat="LTE" q="21.60" rsrp="-101" sinr="4" rsrq="-13"/>
      </extensions>
    </trkpt>
    <trkpt lat="45.7543337" lon="10.7510017">
      <ele>117.5</ele>
      <time>2026-09-13T14:31:23.638+02:00</time>
      <extensions>
        <activity type="STILL" conf="99" state="still" tsMs="1789302680109"/>
        <radio op="vodafone IT" rat="LTE" q="9.60" rsrp="-109" sinr="1" rsrq="-13"/>
        <radio op="I TIM" rat="LTE" rsrp="-102" rsrq="-15"/>
      </extensions>
    </trkpt>
    <trkpt lat="45.7541161" lon="10.7507687">
      <ele>117.5</ele>
      <time>2026-09-13T14:32:06.777+02:00</time>
      <extensions>
        <activity type="STILL" conf="99" state="still" tsMs="1789302722402"/>
        <radio op="vodafone IT" rat="LTE" rsrp="-110" rsrq="-14"/>
        <radio op="I TIM" rat="LTE" rsrp="-101" rsrq="-15"/>
      </extensions>
    </trkpt>
    <trkpt lat="45.7546877" lon="10.7510112">
      <ele>117.5</ele>
      <time>2026-09-13T14:32:47.833+02:00</time>
      <extensions>
        <activity type="STILL" conf="99" state="still" tsMs="1789302764803"/>
        <radio op="vodafone IT" rat="LTE" q="13.30" rsrp="-106" sinr="2" rsrq="-13"/>
        <radio op="I TIM" rat="LTE" q="33.60" rsrp="-101" sinr="9" rsrq="-12"/>
      </extensions>
    </trkpt>
    <trkpt lat="45.754031" lon="10.7511728">
      <ele>117.30000305175781</ele>
      <time>2026-09-13T14:33:24.367+02:00</time>
      <extensions>
        <activity type="STILL" conf="72" state="still" tsMs="1789302800865"/>
        <radio op="vodafone IT" rat="LTE" rsrp="-92" rsrq="-11"/>
        <radio op="I TIM" rat="LTE" rsrp="-85" rsrq="-14"/>
      </extensions>
    </trkpt>
    <trkpt lat="45.7541572" lon="10.7511559">
      <ele>117.5</ele>
      <time>2026-09-13T14:33:45.04+02:00</time>
      <extensions>
        <activity type="UNKNOWN" conf="40" state="unknown" tsMs="1789302824485"/>
        <radio op="vodafone IT" rat="LTE" q="18.90" rsrp="-98" sinr="2" rsrq="-9"/>
        <radio op="I TIM" rat="LTE" rsrp="-89" rsrq="-13"/>
      </extensions>
    </trkpt>
    <trkpt lat="45.7541621" lon="10.7511313">
      <ele>117.30000305175781</ele>
      <time>2026-09-13T14:33:55.039+02:00</time>
      <extensions>
        <activity type="UNKNOWN" conf="40" state="unknown" tsMs="1789302824485"/>
        <radio op="vodafone IT" rat="LTE" q="13.50" rsrp="-98" sinr="0" rsrq="-10"/>
        <radio op="I TIM" rat="LTE" q="30.00" rsrp="-95" sinr="5" rsrq="-13"/>
      </extensions>
    </trkpt>
    <trkpt lat="45.7541528" lon="10.7511311">
      <ele>117.30000305175781</ele>
      <time>2026-09-13T14:34:05.04+02:00</time>
      <extensions>
        <activity type="UNKNOWN" conf="40" state="unknown" tsMs="1789302829510"/>
        <radio op="vodafone IT" rat="LTE" rsrp="-98" rsrq="-11"/>
        <radio op="I TIM" rat="LTE" q="25.90" rsrp="-88" sinr="2" rsrq="-13"/>
      </extensions>
    </trkpt>
    <trkpt lat="45.7541447" lon="10.7511318">
      <ele>117.30000305175781</ele>
      <time>2026-09-13T14:34:15.04+02:00</time>
      <extensions>
        <activity type="UNKNOWN" conf="40" state="unknown" tsMs="1789302829510"/>
        <radio op="vodafone IT" rat="LTE" q="23.20" rsrp="-96" sinr="3" rsrq="-8"/>
        <radio op="I TIM" rat="LTE" rsrp="-83" rsrq="-11"/>
      </extensions>
    </trkpt>
    <trkpt lat="45.7541376" lon="10.7511207">
      <ele>117.5</ele>
      <time>2026-09-13T14:34:25.039+02:00</time>
      <extensions>
        <activity type="UNKNOWN" conf="40" state="unknown" tsMs="1789302845085"/>
        <radio op="vodafone IT" rat="LTE" q="25.60" rsrp="-93" sinr="3" rsrq="-11"/>
        <radio op="I TIM" rat="LTE" q="11.20" rsrp="-111" sinr="3" rsrq="-10"/>
      </extensions>
    </trkpt>
    <trkpt lat="45.754136" lon="10.7511226">
      <ele>117.5</ele>
      <time>2026-09-13T14:34:35.039+02:00</time>
      <extensions>
        <activity type="UNKNOWN" conf="40" state="unknown" tsMs="1789302861955"/>
        <radio op="vodafone IT" rat="LTE" q="40.30" rsrp="-94" sinr="8" rsrq="-10"/>
        <radio op="I TIM" rat="LTE" rsrp="-85" rsrq="-12"/>
      </extensions>
    </trkpt>
    <trkpt lat="45.754136" lon="10.7511225">
      <ele>117.5</ele>
      <time>2026-09-13T14:34:45.04+02:00</time>
      <extensions>
        <activity type="UNKNOWN" conf="40" state="unknown" tsMs="1789302861955"/>
        <radio op="vodafone IT" rat="LTE" q="27.20" rsrp="-91" sinr="3" rsrq="-7"/>
        <radio op="I TIM" rat="LTE" q="44.00" rsrp="-84" sinr="6" rsrq="-11"/>
      </extensions>
    </trkpt>
    <trkpt lat="45.7541352" lon="10.751123">
      <ele>117.5</ele>
      <time>2026-09-13T14:34:55.04+02:00</time>
      <extensions>
        <activity type="STILL" conf="65" state="still" tsMs="1789302879282"/>
        <radio op="vodafone IT" rat="LTE" q="32.00" rsrp="-93" sinr="5" rsrq="-10"/>
        <radio op="I TIM" rat="LTE" rsrp="-83" rsrq="-12"/>
      </extensions>
    </trkpt>
    <trkpt lat="45.7541352" lon="10.751123">
      <ele>117.5</ele>
      <time>2026-09-13T14:35:06.039+02:00</time>
      <extensions>
        <activity type="STILL" conf="65" state="still" tsMs="1789302879282"/>
        <radio op="vodafone IT" rat="LTE" q="14.50" rsrp="-96" sinr="0" rsrq="-11"/>
        <radio op="I TIM" rat="LTE" rsrp="-88" rsrq="-13"/>
      </extensions>
    </trkpt>
    <trkpt lat="45.7541352" lon="10.751123">
      <ele>117.5</ele>
      <time>2026-09-13T14:35:16.038+02:00</time>
      <extensions>
        <activity type="UNKNOWN" conf="40" state="unknown" tsMs="1789302896076"/>
        <radio op="vodafone IT" rat="LTE" q="60.80" rsrp="-93" sinr="14" rsrq="-11"/>
        <radio op="I TIM" rat="LTE" rsrp="-87" rsrq="-11"/>
      </extensions>
    </trkpt>
    <trkpt lat="45.7541317" lon="10.7511309">
      <ele>117.5</ele>
      <time>2026-09-13T14:35:26.038+02:00</time>
      <extensions>
        <activity type="UNKNOWN" conf="40" state="unknown" tsMs="1789302912962"/>
        <radio op="vodafone IT" rat="LTE" q="33.00" rsrp="-95" sinr="6" rsrq="-12"/>
        <radio op="I TIM" rat="LTE" rsrp="-86" rsrq="-13"/>
      </extensions>
    </trkpt>
    <trkpt lat="45.7541287" lon="10.7511335">
      <ele>117.30000305175781</ele>
      <time>2026-09-13T14:35:36.039+02:00</time>
      <extensions>
        <activity type="UNKNOWN" conf="40" state="unknown" tsMs="1789302912962"/>
        <radio op="vodafone IT" rat="LTE" q="38.40" rsrp="-93" sinr="7" rsrq="-8"/>
        <radio op="I TIM" rat="LTE" rsrp="-86" rsrq="-13"/>
      </extensions>
    </trkpt>
    <trkpt lat="45.7541269" lon="10.7511306">
      <ele>117.30000305175781</ele>
      <time>2026-09-13T14:35:46.039+02:00</time>
      <extensions>
        <activity type="UNKNOWN" conf="40" state="unknown" tsMs="1789302929854"/>
        <radio op="vodafone IT" rat="LTE" q="43.40" rsrp="-94" sinr="9" rsrq="-11"/>
        <radio op="I TIM" rat="LTE" rsrp="-87" rsrq="-13"/>
      </extensions>
    </trkpt>
    <trkpt lat="45.7541388" lon="10.7511375">
      <ele>117.5</ele>
      <time>2026-09-13T14:35:56.039+02:00</time>
      <extensions>
        <activity type="UNKNOWN" conf="40" state="unknown" tsMs="1789302929854"/>
        <radio op="vodafone IT" rat="LTE" q="24.50" rsrp="-90" sinr="2" rsrq="-9"/>
        <radio op="I TIM" rat="LTE" q="20.00" rsrp="-85" sinr="0" rsrq="-12"/>
      </extensions>
    </trkpt>
    <trkpt lat="45.7541388" lon="10.7511375">
      <ele>117.30000305175781</ele>
      <time>2026-09-13T14:36:06.039+02:00</time>
      <extensions>
        <activity type="UNKNOWN" conf="40" state="unknown" tsMs="1789302946662"/>
        <radio op="vodafone IT" rat="LTE" q="13.50" rsrp="-98" sinr="0" rsrq="-10"/>
        <radio op="I TIM" rat="LTE" q="19.00" rsrp="-87" sinr="0" rsrq="-12"/>
      </extensions>
    </trkpt>
    <trkpt lat="45.7541388" lon="10.7511375">
      <ele>117.30000305175781</ele>
      <time>2026-09-13T14:36:17.038+02:00</time>
      <extensions>
        <activity type="UNKNOWN" conf="40" state="unknown" tsMs="1789302964077"/>
        <radio op="vodafone IT" rat="LTE" rsrp="-108" rsrq="-11"/>
        <radio op="I TIM" rat="LTE" rsrp="-105" rsrq="-14"/>
      </extensions>
    </trkpt>
    <trkpt lat="45.7540774" lon="10.7511572">
      <ele>117.30000305175781</ele>
      <time>2026-09-13T14:36:27.038+02:00</time>
      <extensions>
        <activity type="UNKNOWN" conf="40" state="unknown" tsMs="1789302964077"/>
        <radio op="vodafone IT" rat="LTE" q="40.60" rsrp="-96" sinr="9" rsrq="-12"/>
        <radio op="I TIM" rat="LTE" q="20.40" rsrp="-91" sinr="1" rsrq="-13"/>
      </extensions>
    </trkpt>
    <trkpt lat="45.7540369" lon="10.7512231">
      <ele>117.5</ele>
      <time>2026-09-13T14:36:37.064+02:00</time>
      <extensions>
        <activity type="ON_FOOT" conf="90" state="moving" tsMs="1789302981882"/>
        <radio op="vodafone IT" rat="LTE" rsrp="-107" rsrq="-13"/>
        <radio op="I TIM" rat="LTE" rsrp="-94" rsrq="-14"/>
      </extensions>
    </trkpt>
    <trkpt lat="45.7539837" lon="10.7512827">
      <ele>117.30000305175781</ele>
      <time>2026-09-13T14:36:47.331+02:00</time>
      <extensions>
        <activity type="ON_FOOT" conf="90" state="moving" tsMs="1789302981882"/>
        <radio op="vodafone IT" rat="LTE" q="42.00" rsrp="-97" sinr="10" rsrq="-8"/>
        <radio op="I TIM" rat="LTE" q="20.00" rsrp="-79" sinr="0" rsrq="-13"/>
      </extensions>
    </trkpt>
    <trkpt lat="45.753915" lon="10.7514519">
      <ele>117.30000305175781</ele>
      <time>2026-09-13T14:36:57.331+02:00</time>
      <extensions>
        <activity type="ON_FOOT" conf="92" state="moving" tsMs="1789302998653"/>
        <radio op="vodafone IT" rat="LTE" q="20.00" rsrp="-105" sinr="5" rsrq="-11"/>
        <radio op="I TIM" rat="LTE" rsrp="-93" rsrq="-14"/>
      </extensions>
    </trkpt>
    <trkpt lat="45.7539311" lon="10.751608">
      <ele>117.30000305175781</ele>
      <time>2026-09-13T14:37:07.144+02:00</time>
      <extensions>
        <activity type="ON_FOOT" conf="98" state="moving" tsMs="1789303024171"/>
        <radio op="vodafone IT" rat="LTE" q="40.30" rsrp="-94" sinr="8" rsrq="-8"/>
        <radio op="I TIM" rat="LTE" rsrp="-89" rsrq="-13"/>
      </extensions>
    </trkpt>
    <trkpt lat="45.7538855" lon="10.7515719">
      <ele>117.30000305175781</ele>
      <time>2026-09-13T14:37:17.095+02:00</time>
      <extensions>
        <activity type="UNKNOWN" conf="40" state="unknown" tsMs="1789303029445"/>
        <radio op="vodafone IT" rat="LTE" q="48.00" rsrp="-93" sinr="10" rsrq="-7"/>
        <radio op="I TIM" rat="LTE" rsrp="-89" rsrq="-14"/>
      </extensions>
    </trkpt>
    <trkpt lat="45.7539119" lon="10.7515016">
      <ele>117.5</ele>
      <time>2026-09-13T14:37:28.046+02:00</time>
      <extensions>
        <activity type="UNKNOWN" conf="40" state="unknown" tsMs="1789303033594"/>
        <radio op="vodafone IT" rat="LTE" q="22.40" rsrp="-93" sinr="2" rsrq="-12"/>
        <radio op="I TIM" rat="LTE" rsrp="-88" rsrq="-13"/>
      </extensions>
    </trkpt>
    <trkpt lat="45.7538755" lon="10.7514188">
      <ele>117.5</ele>
      <time>2026-09-13T14:37:38.038+02:00</time>
      <extensions>
        <activity type="ON_BICYCLE" conf="93" state="moving" tsMs="1789303055356"/>
        <radio op="vodafone IT" rat="LTE" q="37.40" rsrp="-91" sinr="6" rsrq="-12"/>
        <radio op="I TIM" rat="LTE" rsrp="-86" rsrq="-14"/>
      </extensions>
    </trkpt>
    <trkpt lat="45.7538782" lon="10.7513504">
      <ele>117.30000305175781</ele>
      <time>2026-09-13T14:37:48.039+02:00</time>
      <extensions>
        <activity type="ON_BICYCLE" conf="93" state="moving" tsMs="1789303055356"/>
        <radio op="vodafone IT" rat="LTE" q="37.40" rsrp="-91" sinr="6" rsrq="-11"/>
        <radio op="I TIM" rat="LTE" rsrp="-84" rsrq="-12"/>
      </extensions>
    </trkpt>
    <trkpt lat="45.7538792" lon="10.7513334">
      <ele>117.30000305175781</ele>
      <time>2026-09-13T14:37:58.038+02:00</time>
      <extensions>
        <activity type="UNKNOWN" conf="40" state="unknown" tsMs="1789303074745"/>
        <radio op="vodafone IT" rat="LTE" q="33.60" rsrp="-97" sinr="7" rsrq="-8"/>
        <radio op="I TIM" rat="LTE" rsrp="-85" rsrq="-13"/>
      </extensions>
    </trkpt>
    <trkpt lat="45.7538792" lon="10.7513334">
      <ele>117.30000305175781</ele>
      <time>2026-09-13T14:38:08.038+02:00</time>
      <extensions>
        <activity type="UNKNOWN" conf="40" state="unknown" tsMs="1789303080046"/>
        <radio op="vodafone IT" rat="LTE" q="43.40" rsrp="-94" sinr="9" rsrq="-11"/>
        <radio op="I TIM" rat="LTE" q="24.00" rsrp="-83" sinr="1" rsrq="-12"/>
      </extensions>
    </trkpt>
    <trkpt lat="45.7538792" lon="10.7513334">
      <ele>117.30000305175781</ele>
      <time>2026-09-13T14:38:18.038+02:00</time>
      <extensions>
        <activity type="UNKNOWN" conf="40" state="unknown" tsMs="1789303084183"/>
        <radio op="vodafone IT" rat="LTE" q="54.40" rsrp="-93" sinr="12" rsrq="-9"/>
        <radio op="I TIM" rat="LTE" q="20.00" rsrp="-84" sinr="0" rsrq="-11"/>
      </extensions>
    </trkpt>
    <trkpt lat="45.7538799" lon="10.7513373">
      <ele>117.30000305175781</ele>
      <time>2026-09-13T14:38:28.039+02:00</time>
      <extensions>
        <activity type="UNKNOWN" conf="40" state="unknown" tsMs="1789303084183"/>
        <radio op="vodafone IT" rat="LTE" q="24.20" rsrp="-103" sinr="6" rsrq="-11"/>
        <radio op="I TIM" rat="LTE" rsrp="-89" rsrq="-13"/>
      </extensions>
    </trkpt>
    <trkpt lat="45.7538476" lon="10.7513452">
      <ele>117.5</ele>
      <time>2026-09-13T14:38:39.039+02:00</time>
      <extensions>
        <activity type="ON_BICYCLE" conf="87" state="moving" tsMs="1789303103504"/>
        <radio op="vodafone IT" rat="LTE" q="35.20" rsrp="-93" sinr="6" rsrq="-9"/>
        <radio op="I TIM" rat="LTE" q="23.40" rsrp="-86" sinr="1" rsrq="-14"/>
      </extensions>
    </trkpt>
    <trkpt lat="45.7537624" lon="10.7514958">
      <ele>117.5</ele>
      <time>2026-09-13T14:38:49.038+02:00</time>
      <extensions>
        <activity type="ON_BICYCLE" conf="88" state="moving" tsMs="1789303122410"/>
        <radio op="vodafone IT" rat="LTE" q="13.00" rsrp="-99" sinr="0" rsrq="-10"/>
        <radio op="I TIM" rat="LTE" q="24.00" rsrp="-85" sinr="1" rsrq="-11"/>
      </extensions>
    </trkpt>
    <trkpt lat="45.7536908" lon="10.7515435">
      <ele>117.30000305175781</ele>
      <time>2026-09-13T14:38:59.039+02:00</time>
      <extensions>
        <activity type="UNKNOWN" conf="40" state="unknown" tsMs="1789303127473"/>
        <radio op="vodafone IT" rat="LTE" q="36.40" rsrp="-97" sinr="8" rsrq="-8"/>
        <radio op="I TIM" rat="LTE" rsrp="-85" rsrq="-12"/>
      </extensions>
    </trkpt>
    <trkpt lat="45.7536678" lon="10.7516358">
      <ele>116.69999694824219</ele>
      <time>2026-09-13T14:39:09.039+02:00</time>
      <extensions>
        <activity type="UNKNOWN" conf="40" state="unknown" tsMs="1789303127473"/>
        <radio op="vodafone IT" rat="LTE" q="19.20" rsrp="-93" sinr="1" rsrq="-8"/>
        <radio op="I TIM" rat="LTE" q="19.00" rsrp="-87" sinr="0" rsrq="-12"/>
      </extensions>
    </trkpt>
    <trkpt lat="45.7536357" lon="10.7517072">
      <ele>116.69999694824219</ele>
      <time>2026-09-13T14:39:19.038+02:00</time>
      <extensions>
        <activity type="ON_BICYCLE" conf="74" state="moving" tsMs="1789303144687"/>
        <radio op="vodafone IT" rat="LTE" rsrp="-119" rsrq="-17"/>
        <radio op="I TIM" rat="LTE" rsrp="-109" rsrq="-17"/>
      </extensions>
    </trkpt>
    <trkpt lat="45.7536457" lon="10.7518127">
      <ele>114.9481659608138</ele>
      <time>2026-09-13T14:39:29.039+02:00</time>
      <extensions>
        <activity type="ON_BICYCLE" conf="74" state="moving" tsMs="1789303144687"/>
        <radio op="vodafone IT" rat="LTE" rsrp="-128" rsrq="-17"/>
        <radio op="I TIM" rat="LTE" rsrp="-117" rsrq="-20"/>
      </extensions>
    </trkpt>
    <trkpt lat="45.7536692" lon="10.7519187">
      <ele>118.19999694824219</ele>
      <time>2026-09-13T14:39:39.038+02:00</time>
      <extensions>
        <activity type="UNKNOWN" conf="40" state="unknown" tsMs="1789303178234"/>
        <radio op="vodafone IT" rat="LTE" q="9.00" rsrp="-107" sinr="0" rsrq="-12"/>
        <radio op="I TIM" rat="LTE" rsrp="-115" rsrq="-16"/>
      </extensions>
    </trkpt>
    <trkpt lat="45.7535355" lon="10.7524982">
      <ele>117.5</ele>
      <time>2026-09-13T14:39:49.039+02:00</time>
      <extensions>
        <activity type="UNKNOWN" conf="40" state="unknown" tsMs="1789303188739"/>
        <radio op="vodafone IT" rat="LTE" q="13.80" rsrp="-102" sinr="1" rsrq="-11"/>
        <radio op="I TIM" rat="LTE" rsrp="-104" rsrq="-16"/>
      </extensions>
    </trkpt>
    <trkpt lat="45.7532331" lon="10.7533028">
      <ele>117.5</ele>
      <time>2026-09-13T14:39:59.038+02:00</time>
      <extensions>
        <activity type="ON_BICYCLE" conf="98" state="moving" tsMs="1789303199497"/>
        <radio op="vodafone IT" rat="LTE" rsrp="-103" rsrq="-12"/>
        <radio op="I TIM" rat="LTE" rsrp="-103" rsrq="-16"/>
      </extensions>
    </trkpt>
    <trkpt lat="45.7528451" lon="10.7542766">
      <ele>117.5</ele>
      <time>2026-09-13T14:40:10.039+02:00</time>
      <extensions>
        <activity type="ON_BICYCLE" conf="85" state="moving" tsMs="1789303204898"/>
        <radio op="vodafone IT" rat="LTE" rsrp="-102" rsrq="-14"/>
        <radio op="I TIM" rat="LTE" rsrp="-106" rsrq="-17"/>
      </extensions>
    </trkpt>
    <trkpt lat="45.7524398" lon="10.7550391">
      <ele>117.5</ele>
      <time>2026-09-13T14:40:20.038+02:00</time>
      <extensions>
        <activity type="ON_BICYCLE" conf="96" state="moving" tsMs="1789303215596"/>
        <radio op="vodafone IT" rat="LTE" rsrp="-103" rsrq="-13"/>
        <radio op="I TIM" rat="LTE" rsrp="-102" rsrq="-15"/>
      </extensions>
    </trkpt>
    <trkpt lat="45.7520798" lon="10.75579">
      <ele>117.5</ele>
      <time>2026-09-13T14:40:30.038+02:00</time>
      <extensions>
        <activity type="ON_BICYCLE" conf="97" state="moving" tsMs="1789303226487"/>
        <radio op="vodafone IT" rat="LTE" rsrp="-101" rsrq="-13"/>
        <radio op="I TIM" rat="LTE" rsrp="-100" rsrq="-14"/>
      </extensions>
    </trkpt>
    <trkpt lat="45.7519127" lon="10.756174">
      <ele>117.5</ele>
      <time>2026-09-13T14:40:40.038+02:00</time>
      <extensions>
        <activity type="ON_BICYCLE" conf="95" state="moving" tsMs="1789303237324"/>
        <radio op="vodafone IT" rat="LTE" q="18.90" rsrp="-104" sinr="4" rsrq="-14"/>
        <radio op="I TIM" rat="LTE" rsrp="-101" rsrq="-14"/>
      </extensions>
    </trkpt>
    <trkpt lat="45.7521189" lon="10.7557912">
      <ele>117.5</ele>
      <time>2026-09-13T14:40:50.039+02:00</time>
      <extensions>
        <activity type="ON_BICYCLE" conf="76" state="moving" tsMs="1789303247900"/>
        <radio op="vodafone IT" rat="LTE" q="10.80" rsrp="-107" sinr="1" rsrq="-13"/>
        <radio op="I TIM" rat="LTE" rsrp="-108" rsrq="-17"/>
      </extensions>
    </trkpt>
    <trkpt lat="45.7523801" lon="10.7552116">
      <ele>117.5</ele>
      <time>2026-09-13T14:41:00.039+02:00</time>
      <extensions>
        <activity type="UNKNOWN" conf="40" state="unknown" tsMs="1789303258547"/>
        <radio op="vodafone IT" rat="LTE" q="12.00" rsrp="-105" sinr="1" rsrq="-14"/>
        <radio op="I TIM" rat="LTE" rsrp="-110" rsrq="-18"/>
      </extensions>
    </trkpt>
    <trkpt lat="45.7526227" lon="10.7544522">
      <ele>117.5</ele>
      <time>2026-09-13T14:41:10.039+02:00</time>
      <extensions>
        <activity type="UNKNOWN" conf="40" state="unknown" tsMs="1789303269273"/>
        <radio op="vodafone IT" rat="LTE" q="12.60" rsrp="-107" sinr="2" rsrq="-13"/>
        <radio op="I TIM" rat="LTE" rsrp="-107" rsrq="-17"/>
      </extensions>
    </trkpt>
    <trkpt lat="45.7528053" lon="10.7536789">
      <ele>118.03187832177545</ele>
      <time>2026-09-13T14:41:20.038+02:00</time>
      <extensions>
        <activity type="ON_BICYCLE" conf="86" state="moving" tsMs="1789303280173"/>
        <radio op="vodafone IT" rat="LTE" q="9.60" rsrp="-109" sinr="1" rsrq="-14"/>
        <radio op="I TIM" rat="LTE" rsrp="-108" rsrq="-17"/>
      </extensions>
    </trkpt>
    <trkpt lat="45.7529989" lon="10.7528138">
      <ele>118.03728634390703</ele>
      <time>2026-09-13T14:41:31.039+02:00</time>
      <extensions>
        <activity type="UNKNOWN" conf="40" state="unknown" tsMs="1789303291015"/>
        <radio op="vodafone IT" rat="LTE" q="10.20" rsrp="-108" sinr="1" rsrq="-15"/>
        <radio op="I TIM" rat="LTE" rsrp="-108" rsrq="-17"/>
      </extensions>
    </trkpt>
    <trkpt lat="45.7531184" lon="10.7526684">
      <ele>117.32742321613179</ele>
      <time>2026-09-13T14:41:41.038+02:00</time>
      <extensions>
        <activity type="UNKNOWN" conf="40" state="unknown" tsMs="1789303296480"/>
        <radio op="vodafone IT" rat="LTE" rsrp="-103" rsrq="-13"/>
        <radio op="I TIM" rat="LTE" rsrp="-107" rsrq="-16"/>
      </extensions>
    </trkpt>
    <trkpt lat="45.7527666" lon="10.7533908">
      <ele>118.40774379371754</ele>
      <time>2026-09-13T14:41:51.038+02:00</time>
      <extensions>
        <activity type="UNKNOWN" conf="40" state="unknown" tsMs="1789303307410"/>
        <radio op="vodafone IT" rat="LTE" q="10.50" rsrp="-104" sinr="0" rsrq="-13"/>
        <radio op="I TIM" rat="LTE" rsrp="-100" rsrq="-15"/>
      </extensions>
    </trkpt>
    <trkpt lat="45.7523471" lon="10.7540817">
      <ele>118.26079566438018</ele>
      <time>2026-09-13T14:42:01.039+02:00</time>
      <extensions>
        <activity type="ON_BICYCLE" conf="98" state="moving" tsMs="1789303318202"/>
        <radio op="vodafone IT" rat="LTE" rsrp="-100" rsrq="-11"/>
        <radio op="I TIM" rat="LTE" rsrp="-97" rsrq="-15"/>
      </extensions>
    </trkpt>
    <trkpt lat="45.7519224" lon="10.7547654">
      <ele>118.76788081247116</ele>
      <time>2026-09-13T14:42:11.038+02:00</time>
      <extensions>
        <activity type="ON_BICYCLE" conf="96" state="moving" tsMs="1789303329030"/>
        <radio op="vodafone IT" rat="LTE" rsrp="-104" rsrq="-15"/>
        <radio op="I TIM" rat="LTE" rsrp="-100" rsrq="-15"/>
      </extensions>
    </trkpt>
    <trkpt lat="45.7514884" lon="10.7555261">
      <ele>118.16124012606716</ele>
      <time>2026-09-13T14:42:22.038+02:00</time>
      <extensions>
        <activity type="ON_BICYCLE" conf="83" state="moving" tsMs="1789303339895"/>
        <radio op="vodafone IT" rat="LTE" q="14.40" rsrp="-101" sinr="1" rsrq="-13"/>
        <radio op="I TIM" rat="LTE" rsrp="-103" rsrq="-16"/>
      </extensions>
    </trkpt>
    <trkpt lat="45.7511278" lon="10.7562674">
      <ele>118.20158961146285</ele>
      <time>2026-09-13T14:42:32.039+02:00</time>
      <extensions>
        <activity type="ON_BICYCLE" conf="91" state="moving" tsMs="1789303350709"/>
        <radio op="vodafone IT" rat="LTE" rsrp="-103" rsrq="-12"/>
        <radio op="I TIM" rat="LTE" rsrp="-99" rsrq="-14"/>
      </extensions>
    </trkpt>
    <trkpt lat="45.7507738" lon="10.7569919">
      <ele>118.1123110604523</ele>
      <time>2026-09-13T14:42:42.038+02:00</time>
      <extensions>
        <activity type="ON_BICYCLE" conf="97" state="moving" tsMs="1789303361563"/>
        <radio op="vodafone IT" rat="LTE" q="10.50" rsrp="-104" sinr="0" rsrq="-13"/>
        <radio op="I TIM" rat="LTE" rsrp="-99" rsrq="-15"/>
      </extensions>
    </trkpt>
    <trkpt lat="45.7503228" lon="10.7578014">
      <ele>118.49727872215206</ele>
      <time>2026-09-13T14:42:52.039+02:00</time>
      <extensions>
        <activity type="ON_BICYCLE" conf="94" state="moving" tsMs="1789303372432"/>
        <radio op="vodafone IT" rat="LTE" q="27.30" rsrp="-104" sinr="8" rsrq="-10"/>
        <radio op="I TIM" rat="LTE" rsrp="-98" rsrq="-14"/>
      </extensions>
    </trkpt>
    <trkpt lat="45.7499773" lon="10.7583881">
      <ele>118.14749556131967</ele>
      <time>2026-09-13T14:43:02.039+02:00</time>
      <extensions>
        <activity type="ON_BICYCLE" conf="96" state="moving" tsMs="1789303377892"/>
        <radio op="vodafone IT" rat="LTE" q="5.00" rsrp="-115" sinr="0" rsrq="-13"/>
        <radio op="I TIM" rat="LTE" rsrp="-100" rsrq="-15"/>
      </extensions>
    </trkpt>
    <trkpt lat="45.7502468" lon="10.7580172">
      <ele>117.05869159734524</ele>
      <time>2026-09-13T14:43:12.039+02:00</time>
      <extensions>
        <activity type="ON_BICYCLE" conf="87" state="moving" tsMs="1789303388586"/>
        <radio op="vodafone IT" rat="LTE" rsrp="-101" rsrq="-12"/>
        <radio op="I TIM" rat="LTE" rsrp="-98" rsrq="-14"/>
      </extensions>
    </trkpt>
    <trkpt lat="45.7505923" lon="10.757411">
      <ele>117.68389956777887</ele>
      <time>2026-09-13T14:43:22.039+02:00</time>
      <extensions>
        <activity type="UNKNOWN" conf="40" state="unknown" tsMs="1789303399337"/>
        <radio op="vodafone IT" rat="LTE" rsrp="-104" rsrq="-12"/>
        <radio op="I TIM" rat="LTE" rsrp="-104" rsrq="-14"/>
      </extensions>
    </trkpt>
    <trkpt lat="45.7509569" lon="10.7567676">
      <ele>117.55765677383934</ele>
      <time>2026-09-13T14:43:33.038+02:00</time>
      <extensions>
        <activity type="IN_VEHICLE" conf="83" state="moving" tsMs="1789303410190"/>
        <radio op="vodafone IT" rat="LTE" rsrp="-105" rsrq="-14"/>
        <radio op="I TIM" rat="LTE" rsrp="-105" rsrq="-16"/>
      </extensions>
    </trkpt>
    <trkpt lat="45.7512619" lon="10.7561033">
      <ele>117.65832047135959</ele>
      <time>2026-09-13T14:43:43.038+02:00</time>
      <extensions>
        <activity type="UNKNOWN" conf="40" state="unknown" tsMs="1789303421027"/>
        <radio op="vodafone IT" rat="LTE" q="10.00" rsrp="-105" sinr="0" rsrq="-13"/>
        <radio op="I TIM" rat="LTE" rsrp="-105" rsrq="-17"/>
      </extensions>
    </trkpt>
    <trkpt lat="45.751474" lon="10.755793">
      <ele>116.99010424114397</ele>
      <time>2026-09-13T14:43:53.038+02:00</time>
      <extensions>
        <activity type="UNKNOWN" conf="40" state="unknown" tsMs="1789303431946"/>
        <radio op="vodafone IT" rat="LTE" rsrp="-114" rsrq="-13"/>
        <radio op="I TIM" rat="LTE" rsrp="-106" rsrq="-15"/>
      </extensions>
    </trkpt>
    <trkpt lat="45.7514678" lon="10.7559077">
      <ele>115.5416435293703</ele>
      <time>2026-09-13T14:44:03.038+02:00</time>
      <extensions>
        <activity type="ON_BICYCLE" conf="62" state="moving" tsMs="1789303442463"/>
        <radio op="vodafone IT" rat="LTE" rsrp="-106" rsrq="-14"/>
        <radio op="I TIM" rat="LTE" rsrp="-113" rsrq="-17"/>
      </extensions>
    </trkpt>
    <trkpt lat="45.751275" lon="10.7564048">
      <ele>116.93371394224147</ele>
      <time>2026-09-13T14:44:13.039+02:00</time>
      <extensions>
        <activity type="UNKNOWN" conf="40" state="unknown" tsMs="1789303452956"/>
        <radio op="vodafone IT" rat="LTE" rsrp="-105" rsrq="-14"/>
        <radio op="I TIM" rat="LTE" rsrp="-105" rsrq="-16"/>
      </extensions>
    </trkpt>
    <trkpt lat="45.7508739" lon="10.7570395">
      <ele>117.46378330833284</ele>
      <time>2026-09-13T14:44:23.039+02:00</time>
      <extensions>
        <activity type="ON_BICYCLE" conf="91" state="moving" tsMs="1789303458304"/>
        <radio op="vodafone IT" rat="LTE" q="27.30" rsrp="-104" sinr="8" rsrq="-11"/>
        <radio op="I TIM" rat="LTE" rsrp="-103" rsrq="-15"/>
      </extensions>
    </trkpt>
    <trkpt lat="45.7504789" lon="10.7577278">
      <ele>117.9012156141635</ele>
      <time>2026-09-13T14:44:33.038+02:00</time>
      <extensions>
        <activity type="ON_BICYCLE" conf="75" state="moving" tsMs="1789303469017"/>
        <radio op="vodafone IT" rat="LTE" q="12.00" rsrp="-101" sinr="0" rsrq="-11"/>
        <radio op="I TIM" rat="LTE" rsrp="-102" rsrq="-15"/>
      </extensions>
    </trkpt>
    <trkpt lat="45.7500324" lon="10.7583829">
      <ele>118.09294066935908</ele>
      <time>2026-09-13T14:44:43.039+02:00</time>
      <extensions>
        <activity type="ON_BICYCLE" conf="95" state="moving" tsMs="1789303479868"/>
        <radio op="vodafone IT" rat="LTE" q="17.60" rsrp="-103" sinr="3" rsrq="-11"/>
        <radio op="I TIM" rat="LTE" rsrp="-103" rsrq="-15"/>
      </extensions>
    </trkpt>
    <trkpt lat="45.7497163" lon="10.7591198">
      <ele>117.74989492446498</ele>
      <time>2026-09-13T14:44:53.038+02:00</time>
      <extensions>
        <activity type="ON_BICYCLE" conf="80" state="moving" tsMs="1789303490786"/>
        <radio op="vodafone IT" rat="LTE" q="15.00" rsrp="-100" sinr="1" rsrq="-15"/>
        <radio op="I TIM" rat="LTE" rsrp="-103" rsrq="-16"/>
      </extensions>
    </trkpt>
    <trkpt lat="45.7492751" lon="10.7600029">
      <ele>118.25384853702307</ele>
      <time>2026-09-13T14:45:04.038+02:00</time>
      <extensions>
        <activity type="ON_BICYCLE" conf="79" state="moving" tsMs="1789303501644"/>
        <radio op="vodafone IT" rat="LTE" q="21.60" rsrp="-101" sinr="4" rsrq="-10"/>
        <radio op="I TIM" rat="LTE" rsrp="-101" rsrq="-16"/>
      </extensions>
    </trkpt>
    <trkpt lat="45.7488513" lon="10.7608481">
      <ele>118.46002303399882</ele>
      <time>2026-09-13T14:45:14.039+02:00</time>
      <extensions>
        <activity type="ON_BICYCLE" conf="84" state="moving" tsMs="1789303512511"/>
        <radio op="vodafone IT" rat="LTE" q="21.60" rsrp="-101" sinr="4" rsrq="-12"/>
        <radio op="I TIM" rat="LTE" rsrp="-99" rsrq="-16"/>
      </extensions>
    </trkpt>
    <trkpt lat="45.7483741" lon="10.7615996">
      <ele>118.63802388950039</ele>
      <time>2026-09-13T14:45:24.038+02:00</time>
      <extensions>
        <activity type="ON_BICYCLE" conf="96" state="moving" tsMs="1789303523397"/>
        <radio op="vodafone IT" rat="LTE" q="23.40" rsrp="-99" sinr="4" rsrq="-11"/>
        <radio op="I TIM" rat="LTE" rsrp="-100" rsrq="-16"/>
      </extensions>
    </trkpt>
    <trkpt lat="45.7479274" lon="10.7623353">
      <ele>118.4889996663918</ele>
      <time>2026-09-13T14:45:34.038+02:00</time>
      <extensions>
        <activity type="ON_BICYCLE" conf="97" state="moving" tsMs="1789303534231"/>
        <radio op="vodafone IT" rat="LTE" rsrp="-98" rsrq="-12"/>
        <radio op="I TIM" rat="LTE" rsrp="-99" rsrq="-15"/>
      </extensions>
    </trkpt>
    <trkpt lat="45.7474669" lon="10.7631691">
      <ele>118.6983248278035</ele>
      <time>2026-09-13T14:45:44.039+02:00</time>
      <extensions>
        <activity type="ON_BICYCLE" conf="95" state="moving" tsMs="1789303539648"/>
        <radio op="vodafone IT" rat="LTE" q="12.60" rsrp="-104" sinr="1" rsrq="-13"/>
        <radio op="I TIM" rat="LTE" rsrp="-96" rsrq="-17"/>
      </extensions>
    </trkpt>
    <trkpt lat="45.7473823" lon="10.7634082">
      <ele>116.50876592849369</ele>
      <time>2026-09-13T14:45:54.038+02:00</time>
      <extensions>
        <activity type="ON_BICYCLE" conf="79" state="moving" tsMs="1789303549287"/>
        <radio op="vodafone IT" rat="LTE" rsrp="-105" rsrq="-18"/>
        <radio op="I TIM" rat="LTE" rsrp="-98" rsrq="-15"/>
      </extensions>
    </trkpt>
    <trkpt lat="45.7477358" lon="10.7631704">
      <ele>116.80230828107891</ele>
      <time>2026-09-13T14:46:04.038+02:00</time>
      <extensions>
        <activity type="ON_BICYCLE" conf="83" state="moving" tsMs="1789303560239"/>
        <radio op="vodafone IT" rat="LTE" rsrp="-104" rsrq="-12"/>
        <radio op="I TIM" rat="LTE" q="17.40" rsrp="-96" sinr="1" rsrq="-13"/>
      </extensions>
    </trkpt>
    <trkpt lat="45.7481939" lon="10.7626355">
      <ele>117.62520953103197</ele>
      <time>2026-09-13T14:46:15.039+02:00</time>
      <extensions>
        <activity type="ON_BICYCLE" conf="83" state="moving" tsMs="1789303560239"/>
        <radio op="vodafone IT" rat="LTE" rsrp="-102" rsrq="-12"/>
        <radio op="I TIM" rat="LTE" q="26.00" rsrp="-99" sinr="5" rsrq="-13"/>
      </extensions>
    </trkpt>
    <trkpt lat="45.7485907" lon="10.7619494">
      <ele>118.28409557602552</ele>
      <time>2026-09-13T14:46:25.039+02:00</time>
      <extensions>
        <activity type="ON_BICYCLE" conf="97" state="moving" tsMs="1789303564372"/>
        <radio op="vodafone IT" rat="LTE" q="14.70" rsrp="-104" sinr="2" rsrq="-15"/>
        <radio op="I TIM" rat="LTE" q="16.80" rsrp="-97" sinr="1" rsrq="-13"/>
      </extensions>
    </trkpt>
    <trkpt lat="45.7489699" lon="10.7613686">
      <ele>117.63526874228427</ele>
      <time>2026-09-13T14:46:35.038+02:00</time>
      <extensions>
        <activity type="UNKNOWN" conf="40" state="unknown" tsMs="1789303592211"/>
        <radio op="vodafone IT" rat="LTE" q="28.60" rsrp="-103" sinr="8" rsrq="-13"/>
        <radio op="I TIM" rat="LTE" q="20.30" rsrp="-96" sinr="2" rsrq="-13"/>
      </extensions>
    </trkpt>
    <trkpt lat="45.7493155" lon="10.7608605">
      <ele>117.75944453717041</ele>
      <time>2026-09-13T14:46:45.039+02:00</time>
      <extensions>
        <activity type="UNKNOWN" conf="40" state="unknown" tsMs="1789303603048"/>
        <radio op="vodafone IT" rat="LTE" rsrp="-106" rsrq="-13"/>
        <radio op="I TIM" rat="LTE" rsrp="-99" rsrq="-12"/>
      </extensions>
    </trkpt>
    <trkpt lat="45.749671" lon="10.7601328">
      <ele>118.49860600532591</ele>
      <time>2026-09-13T14:46:55.038+02:00</time>
      <extensions>
        <activity type="IN_VEHICLE" conf="84" state="moving" tsMs="1789303613964"/>
        <radio op="vodafone IT" rat="LTE" q="23.00" rsrp="-102" sinr="5" rsrq="-14"/>
        <radio op="I TIM" rat="LTE" q="10.50" rsrp="-104" sinr="0" rsrq="-16"/>
      </extensions>
    </trkpt>
    <trkpt lat="45.7499385" lon="10.7595329">
      <ele>118.07196155538949</ele>
      <time>2026-09-13T14:47:05.038+02:00</time>
      <extensions>
        <activity type="UNKNOWN" conf="40" state="unknown" tsMs="1789303624804"/>
        <radio op="vodafone IT" rat="LTE" q="12.00" rsrp="-105" sinr="1" rsrq="-12"/>
        <radio op="I TIM" rat="LTE" rsrp="-106" rsrq="-17"/>
      </extensions>
    </trkpt>
    <trkpt lat="45.7502803" lon="10.7589339">
      <ele>117.85257755999352</ele>
      <time>2026-09-13T14:47:16.039+02:00</time>
      <extensions>
        <activity type="IN_VEHICLE" conf="83" state="moving" tsMs="1789303635548"/>
        <radio op="vodafone IT" rat="LTE" rsrp="-110" rsrq="-13"/>
        <radio op="I TIM" rat="LTE" rsrp="-107" rsrq="-17"/>
      </extensions>
    </trkpt>
    <trkpt lat="45.7505644" lon="10.7583993">
      <ele>117.9974531557842</ele>
      <time>2026-09-13T14:47:26.038+02:00</time>
      <extensions>
        <activity type="IN_VEHICLE" conf="81" state="moving" tsMs="1789303640863"/>
        <radio op="vodafone IT" rat="LTE" q="13.50" rsrp="-110" sinr="4" rsrq="-13"/>
        <radio op="I TIM" rat="LTE" rsrp="-108" rsrq="-18"/>
      </extensions>
    </trkpt>
    <trkpt lat="45.7508805" lon="10.7577162">
      <ele>118.39069921872809</ele>
      <time>2026-09-13T14:47:36.038+02:00</time>
      <extensions>
        <activity type="UNKNOWN" conf="40" state="unknown" tsMs="1789303651460"/>
        <radio op="vodafone IT" rat="LTE" q="17.10" rsrp="-106" sinr="4" rsrq="-12"/>
        <radio op="I TIM" rat="LTE" rsrp="-107" rsrq="-16"/>
      </extensions>
    </trkpt>
    <trkpt lat="45.7511417" lon="10.757277">
      <ele>117.91100587996779</ele>
      <time>2026-09-13T14:47:46.038+02:00</time>
      <extensions>
        <activity type="UNKNOWN" conf="40" state="unknown" tsMs="1789303662360"/>
        <radio op="vodafone IT" rat="LTE" q="10.50" rsrp="-104" sinr="0" rsrq="-13"/>
        <radio op="I TIM" rat="LTE" rsrp="-108" rsrq="-18"/>
      </extensions>
    </trkpt>
    <trkpt lat="45.7514283" lon="10.756633">
      <ele>118.23805546313083</ele>
      <time>2026-09-13T14:47:56.038+02:00</time>
      <extensions>
        <activity type="UNKNOWN" conf="40" state="unknown" tsMs="1789303673111"/>
        <radio op="vodafone IT" rat="LTE" q="17.00" rsrp="-108" sinr="5" rsrq="-13"/>
        <radio op="I TIM" rat="LTE" rsrp="-107" rsrq="-17"/>
      </extensions>
    </trkpt>
    <trkpt lat="45.7516641" lon="10.756381">
      <ele>117.93978628380542</ele>
      <time>2026-09-13T14:48:06.038+02:00</time>
      <extensions>
        <activity type="UNKNOWN" conf="40" state="unknown" tsMs="1789303673111"/>
        <radio op="vodafone IT" rat="LTE" rsrp="-102" rsrq="-13"/>
        <radio op="I TIM" rat="LTE" rsrp="-102" rsrq="-18"/>
      </extensions>
    </trkpt>
    <trkpt lat="45.7514891" lon="10.7568895">
      <ele>117.76203152416736</ele>
      <time>2026-09-13T14:48:16.038+02:00</time>
      <extensions>
        <activity type="UNKNOWN" conf="40" state="unknown" tsMs="1789303679528"/>
        <radio op="vodafone IT" rat="LTE" rsrp="-104" rsrq="-11"/>
        <radio op="I TIM" rat="LTE" rsrp="-99" rsrq="-15"/>
      </extensions>
    </trkpt>
    <trkpt lat="45.7512163" lon="10.7575763">
      <ele>118.13456975673083</ele>
      <time>2026-09-13T14:48:27.038+02:00</time>
      <extensions>
        <activity type="UNKNOWN" conf="40" state="unknown" tsMs="1789303701783"/>
        <radio op="vodafone IT" rat="LTE" q="15.40" rsrp="-103" sinr="2" rsrq="-12"/>
        <radio op="I TIM" rat="LTE" rsrp="-100" rsrq="-14"/>
      </extensions>
    </trkpt>
    <trkpt lat="45.7508069" lon="10.7583618">
      <ele>119.13375256465874</ele>
      <time>2026-09-13T14:48:37.038+02:00</time>
      <extensions>
        <activity type="UNKNOWN" conf="40" state="unknown" tsMs="1789303712539"/>
        <radio op="vodafone IT" rat="LTE" q="24.30" rsrp="-98" sinr="4" rsrq="-13"/>
        <radio op="I TIM" rat="LTE" q="20.00" rsrp="-100" sinr="3" rsrq="-15"/>
      </extensions>
    </trkpt>
    <trkpt lat="45.7508317" lon="10.7585176">
      <ele>117.72425570014047</ele>
      <time>2026-09-13T14:48:47.039+02:00</time>
      <extensions>
        <activity type="UNKNOWN" conf="40" state="unknown" tsMs="1789303723401"/>
        <radio op="vodafone IT" rat="LTE" q="19.80" rsrp="-103" sinr="4" rsrq="-10"/>
        <radio op="I TIM" rat="LTE" rsrp="-103" rsrq="-14"/>
      </extensions>
    </trkpt>
    <trkpt lat="45.7511155" lon="10.7580588">
      <ele>118.06603538035668</ele>
      <time>2026-09-13T14:48:57.039+02:00</time>
      <extensions>
        <activity type="UNKNOWN" conf="40" state="unknown" tsMs="1789303734052"/>
        <radio op="vodafone IT" rat="LTE" q="8.00" rsrp="-109" sinr="0" rsrq="-15"/>
        <radio op="I TIM" rat="LTE" rsrp="-105" rsrq="-17"/>
      </extensions>
    </trkpt>
    <trkpt lat="45.7513637" lon="10.7577297">
      <ele>117.687009370236</ele>
      <time>2026-09-13T14:49:07.038+02:00</time>
      <extensions>
        <activity type="UNKNOWN" conf="40" state="unknown" tsMs="1789303734052"/>
        <radio op="vodafone IT" rat="LTE" q="10.50" rsrp="-104" sinr="0" rsrq="-13"/>
        <radio op="I TIM" rat="LTE" rsrp="-106" rsrq="-17"/>
      </extensions>
    </trkpt>
    <trkpt lat="45.7516563" lon="10.7572338">
      <ele>118.08053228430076</ele>
      <time>2026-09-13T14:49:17.038+02:00</time>
      <extensions>
        <activity type="UNKNOWN" conf="40" state="unknown" tsMs="1789303738520"/>
        <radio op="vodafone IT" rat="LTE" q="14.00" rsrp="-105" sinr="2" rsrq="-12"/>
        <radio op="I TIM" rat="LTE" rsrp="-106" rsrq="-17"/>
      </extensions>
    </trkpt>
    <trkpt lat="45.7518754" lon="10.7567762">
      <ele>117.9915354870782</ele>
      <time>2026-09-13T14:49:27.039+02:00</time>
      <extensions>
        <activity type="IN_VEHICLE" conf="93" state="moving" tsMs="1789303760660"/>
        <radio op="vodafone IT" rat="LTE" q="12.60" rsrp="-107" sinr="2" rsrq="-15"/>
        <radio op="I TIM" rat="LTE" rsrp="-105" rsrq="-18"/>
      </extensions>
    </trkpt>
    <trkpt lat="45.7520389" lon="10.7565343">
      <ele>117.63629960816215</ele>
      <time>2026-09-13T14:49:38.038+02:00</time>
      <extensions>
        <activity type="IN_VEHICLE" conf="93" state="moving" tsMs="1789303760660"/>
        <radio op="vodafone IT" rat="LTE" q="12.60" rsrp="-107" sinr="2" rsrq="-16"/>
        <radio op="I TIM" rat="LTE" rsrp="-105" rsrq="-16"/>
      </extensions>
    </trkpt>
    <trkpt lat="45.7521795" lon="10.7563044">
      <ele>117.37553928694875</ele>
      <time>2026-09-13T14:49:48.039+02:00</time>
      <extensions>
        <activity type="UNKNOWN" conf="40" state="unknown" tsMs="1789303764564"/>
        <radio op="vodafone IT" rat="LTE" rsrp="-121" rsrq="-16"/>
        <radio op="I TIM" rat="LTE" rsrp="-112" rsrq="-17"/>
      </extensions>
    </trkpt>
    <trkpt lat="45.752426" lon="10.756151">
      <ele>116.49839389194214</ele>
      <time>2026-09-13T14:50:08.038+02:00</time>
      <extensions>
        <activity type="UNKNOWN" conf="40" state="unknown" tsMs="1789303803655"/>
        <radio op="vodafone IT" rat="LTE" rsrp="-109" rsrq="-14"/>
        <radio op="I TIM" rat="LTE" rsrp="-110" rsrq="-17"/>
      </extensions>
    </trkpt>
    <trkpt lat="45.7526322" lon="10.7556793">
      <ele>118.80000305175781</ele>
      <time>2026-09-13T14:50:18.039+02:00</time>
      <extensions>
        <activity type="UNKNOWN" conf="40" state="unknown" tsMs="1789303813987"/>
        <radio op="vodafone IT" rat="LTE" rsrp="-112" rsrq="-14"/>
        <radio op="I TIM" rat="LTE" rsrp="-108" rsrq="-17"/>
      </extensions>
    </trkpt>
    <trkpt lat="45.7528453" lon="10.7552891">
      <ele>118.16280040785331</ele>
      <time>2026-09-13T14:50:28.038+02:00</time>
      <extensions>
        <activity type="UNKNOWN" conf="40" state="unknown" tsMs="1789303824508"/>
        <radio op="vodafone IT" rat="LTE" rsrp="-108" rsrq="-15"/>
        <radio op="I TIM" rat="LTE" rsrp="-107" rsrq="-15"/>
      </extensions>
    </trkpt>
    <trkpt lat="45.753037" lon="10.7549658">
      <ele>118.80000305175781</ele>
      <time>2026-09-13T14:50:38.039+02:00</time>
      <extensions>
        <activity type="UNKNOWN" conf="40" state="unknown" tsMs="1789303835007"/>
        <radio op="vodafone IT" rat="LTE" q="8.50" rsrp="-108" sinr="0" rsrq="-14"/>
        <radio op="I TIM" rat="LTE" rsrp="-108" rsrq="-17"/>
      </extensions>
    </trkpt>
    <trkpt lat="45.7532455" lon="10.754517">
      <ele>118.70221952815135</ele>
      <time>2026-09-13T14:50:49.038+02:00</time>
      <extensions>
        <activity type="IN_VEHICLE" conf="87" state="moving" tsMs="1789303845532"/>
        <radio op="vodafone IT" rat="LTE" q="9.00" rsrp="-107" sinr="0" rsrq="-14"/>
        <radio op="I TIM" rat="LTE" rsrp="-108" rsrq="-16"/>
      </extensions>
    </trkpt>
    <trkpt lat="45.7533479" lon="10.7543911">
      <ele>116.74458361292778</ele>
      <time>2026-09-13T14:50:59.039+02:00</time>
      <extensions>
        <activity type="UNKNOWN" conf="40" state="unknown" tsMs="1789303856074"/>
        <radio op="vodafone IT" rat="LTE" rsrp="-104" rsrq="-12"/>
        <radio op="I TIM" rat="LTE" rsrp="-111" rsrq="-17"/>
      </extensions>
    </trkpt>
    <trkpt lat="45.7532571" lon="10.7548614">
      <ele>118.17080291936446</ele>
      <time>2026-09-13T14:51:09.039+02:00</time>
      <extensions>
        <activity type="UNKNOWN" conf="40" state="unknown" tsMs="1789303856074"/>
        <radio op="vodafone IT" rat="LTE" q="12.60" rsrp="-104" sinr="1" rsrq="-12"/>
        <radio op="I TIM" rat="LTE" rsrp="-104" rsrq="-15"/>
      </extensions>
    </trkpt>
    <trkpt lat="45.7530578" lon="10.7557179">
      <ele>119.50589014976151</ele>
      <time>2026-09-13T14:51:19.038+02:00</time>
      <extensions>
        <activity type="UNKNOWN" conf="40" state="unknown" tsMs="1789303860415"/>
        <radio op="vodafone IT" rat="LTE" q="11.40" rsrp="-106" sinr="1" rsrq="-12"/>
        <radio op="I TIM" rat="LTE" rsrp="-103" rsrq="-16"/>
      </extensions>
    </trkpt>
    <trkpt lat="45.7527066" lon="10.7564509">
      <ele>120.00427234435853</ele>
      <time>2026-09-13T14:51:29.039+02:00</time>
      <extensions>
        <activity type="UNKNOWN" conf="40" state="unknown" tsMs="1789303886225"/>
        <radio op="vodafone IT" rat="LTE" rsrp="-101" rsrq="-12"/>
        <radio op="I TIM" rat="LTE" rsrp="-102" rsrq="-14"/>
      </extensions>
    </trkpt>
    <trkpt lat="45.7523695" lon="10.7571604">
      <ele>120.08500987307843</ele>
      <time>2026-09-13T14:51:39.038+02:00</time>
      <extensions>
        <activity type="ON_BICYCLE" conf="72" state="moving" tsMs="1789303896561"/>
        <radio op="vodafone IT" rat="LTE" q="13.20" rsrp="-103" sinr="1" rsrq="-13"/>
        <radio op="I TIM" rat="LTE" rsrp="-101" rsrq="-12"/>
      </extensions>
    </trkpt>
    <trkpt lat="45.75201" lon="10.7578644">
      <ele>119.7786062325976</ele>
      <time>2026-09-13T14:51:49.039+02:00</time>
      <extensions>
        <activity type="ON_BICYCLE" conf="91" state="moving" tsMs="1789303907464"/>
        <radio op="vodafone IT" rat="LTE" q="13.80" rsrp="-102" sinr="1" rsrq="-15"/>
        <radio op="I TIM" rat="LTE" rsrp="-102" rsrq="-15"/>
      </extensions>
    </trkpt>
    <trkpt lat="45.75162" lon="10.75863">
      <ele>119.82207871681719</ele>
      <time>2026-09-13T14:52:00.038+02:00</time>
      <extensions>
        <activity type="ON_BICYCLE" conf="80" state="moving" tsMs="1789303918099"/>
        <radio op="vodafone IT" rat="LTE" rsrp="-101" rsrq="-13"/>
        <radio op="I TIM" rat="LTE" rsrp="-101" rsrq="-16"/>
      </extensions>
    </trkpt>
    <trkpt lat="45.7513038" lon="10.7592801">
      <ele>119.27924096736552</ele>
      <time>2026-09-13T14:52:10.039+02:00</time>
      <extensions>
        <activity type="ON_BICYCLE" conf="96" state="moving" tsMs="1789303928971"/>
        <radio op="vodafone IT" rat="LTE" rsrp="-109" rsrq="-15"/>
        <radio op="I TIM" rat="LTE" rsrp="-100" rsrq="-11"/>
      </extensions>
    </trkpt>
    <trkpt lat="45.7509914" lon="10.760049">
      <ele>119.33663313246345</ele>
      <time>2026-09-13T14:52:20.038+02:00</time>
      <extensions>
        <activity type="ON_BICYCLE" conf="90" state="moving" tsMs="1789303933219"/>
        <radio op="vodafone IT" rat="LTE" q="13.80" rsrp="-102" sinr="1" rsrq="-14"/>
        <radio op="I TIM" rat="LTE" q="12.00" rsrp="-101" sinr="0" rsrq="-15"/>
      </extensions>
    </trkpt>
    <trkpt lat="45.7505668" lon="10.7608416">
      <ele>119.94730219135897</ele>
      <time>2026-09-13T14:52:30.039+02:00</time>
      <extensions>
        <activity type="ON_BICYCLE" conf="96" state="moving" tsMs="1789303936811"/>
        <radio op="vodafone IT" rat="LTE" q="22.50" rsrp="-100" sinr="4" rsrq="-12"/>
        <radio op="I TIM" rat="LTE" rsrp="-101" rsrq="-14"/>
      </extensions>
    </trkpt>
    <trkpt lat="45.7501458" lon="10.7615612">
      <ele>120.04045891057426</ele>
      <time>2026-09-13T14:52:40.038+02:00</time>
      <extensions>
        <activity type="ON_BICYCLE" conf="97" state="moving" tsMs="1789303956069"/>
        <radio op="vodafone IT" rat="LTE" rsrp="-103" rsrq="-16"/>
        <radio op="I TIM" rat="LTE" rsrp="-99" rsrq="-16"/>
      </extensions>
    </trkpt>
    <trkpt lat="45.7497081" lon="10.7621773">
      <ele>120.10670430261483</ele>
      <time>2026-09-13T14:52:50.038+02:00</time>
      <extensions>
        <activity type="ON_BICYCLE" conf="94" state="moving" tsMs="1789303966912"/>
        <radio op="vodafone IT" rat="LTE" rsrp="-99" rsrq="-13"/>
        <radio op="I TIM" rat="LTE" rsrp="-97" rsrq="-16"/>
      </extensions>
    </trkpt>
    <trkpt lat="45.7495319" lon="10.7624597">
      <ele>118.05818456228239</ele>
      <time>2026-09-13T14:53:00.038+02:00</time>
      <extensions>
        <activity type="ON_BICYCLE" conf="98" state="moving" tsMs="1789303977816"/>
        <radio op="vodafone IT" rat="LTE" q="13.60" rsrp="-108" sinr="3" rsrq="-11"/>
        <radio op="I TIM" rat="LTE" rsrp="-100" rsrq="-16"/>
      </extensions>
    </trkpt>
    <trkpt lat="45.749763" lon="10.7622856">
      <ele>118.45515680756358</ele>
      <time>2026-09-13T14:53:11.038+02:00</time>
      <extensions>
        <activity type="ON_BICYCLE" conf="73" state="moving" tsMs="1789303988389"/>
        <radio op="vodafone IT" rat="LTE" q="15.40" rsrp="-103" sinr="2" rsrq="-13"/>
        <radio op="I TIM" rat="LTE" q="15.60" rsrp="-99" sinr="1" rsrq="-13"/>
      </extensions>
    </trkpt>
    <trkpt lat="45.7500536" lon="10.7618601">
      <ele>117.70223940453879</ele>
      <time>2026-09-13T14:53:21.038+02:00</time>
      <extensions>
        <activity type="IN_VEHICLE" conf="88" state="moving" tsMs="1789303998992"/>
        <radio op="vodafone IT" rat="LTE" q="10.80" rsrp="-107" sinr="1" rsrq="-13"/>
        <radio op="I TIM" rat="LTE" rsrp="-103" rsrq="-14"/>
      </extensions>
    </trkpt>
    <trkpt lat="45.7502882" lon="10.7615542">
      <ele>118.48620377102701</ele>
      <time>2026-09-13T14:53:31.039+02:00</time>
      <extensions>
        <activity type="UNKNOWN" conf="40" state="unknown" tsMs="1789304009527"/>
        <radio op="vodafone IT" rat="LTE" q="16.80" rsrp="-101" sinr="2" rsrq="-13"/>
        <radio op="I TIM" rat="LTE" rsrp="-111" rsrq="-17"/>
      </extensions>
    </trkpt>
    <trkpt lat="45.7505693" lon="10.7611615">
      <ele>117.89585887126717</ele>
      <time>2026-09-13T14:53:41.038+02:00</time>
      <extensions>
        <activity type="IN_VEHICLE" conf="91" state="moving" tsMs="1789304020060"/>
        <radio op="vodafone IT" rat="LTE" q="12.50" rsrp="-100" sinr="0" rsrq="-14"/>
        <radio op="I TIM" rat="LTE" q="11.00" rsrp="-103" sinr="0" rsrq="-13"/>
      </extensions>
    </trkpt>
    <trkpt lat="45.7508161" lon="10.7607828">
      <ele>118.92501284148659</ele>
      <time>2026-09-13T14:53:51.038+02:00</time>
      <extensions>
        <activity type="IN_VEHICLE" conf="87" state="moving" tsMs="1789304030651"/>
        <radio op="vodafone IT" rat="LTE" q="20.00" rsrp="-105" sinr="5" rsrq="-14"/>
        <radio op="I TIM" rat="LTE" rsrp="-111" rsrq="-14"/>
      </extensions>
    </trkpt>
    <trkpt lat="45.7510855" lon="10.7604326">
      <ele>118.15286309431977</ele>
      <time>2026-09-13T14:54:01.039+02:00</time>
      <extensions>
        <activity type="UNKNOWN" conf="40" state="unknown" tsMs="1789304041134"/>
        <radio op="vodafone IT" rat="LTE" q="22.00" rsrp="-105" sinr="6" rsrq="-13"/>
        <radio op="I TIM" rat="LTE" rsrp="-109" rsrq="-13"/>
      </extensions>
    </trkpt>
    <trkpt lat="45.7513313" lon="10.7600971">
      <ele>119.02150150725588</ele>
      <time>2026-09-13T14:54:11.039+02:00</time>
      <extensions>
        <activity type="UNKNOWN" conf="40" state="unknown" tsMs="1789304051696"/>
        <radio op="vodafone IT" rat="LTE" q="8.50" rsrp="-108" sinr="0" rsrq="-16"/>
        <radio op="I TIM" rat="LTE" rsrp="-110" rsrq="-14"/>
      </extensions>
    </trkpt>
    <trkpt lat="45.751648" lon="10.7597103">
      <ele>117.82341274830887</ele>
      <time>2026-09-13T14:54:22.038+02:00</time>
      <extensions>
        <activity type="UNKNOWN" conf="40" state="unknown" tsMs="1789304056953"/>
        <radio op="vodafone IT" rat="LTE" q="19.00" rsrp="-106" sinr="5" rsrq="-13"/>
        <radio op="I TIM" rat="LTE" rsrp="-111" rsrq="-13"/>
      </extensions>
    </trkpt>
    <trkpt lat="45.7518897" lon="10.759274">
      <ele>118.0904314792297</ele>
      <time>2026-09-13T14:54:32.038+02:00</time>
      <extensions>
        <activity type="UNKNOWN" conf="40" state="unknown" tsMs="1789304071233"/>
        <radio op="vodafone IT" rat="LTE" q="9.00" rsrp="-107" sinr="0" rsrq="-15"/>
        <radio op="I TIM" rat="LTE" rsrp="-105" rsrq="-11"/>
      </extensions>
    </trkpt>
    <trkpt lat="45.7519754" lon="10.7591273">
      <ele>118.05517594663446</ele>
      <time>2026-09-13T14:54:42.039+02:00</time>
      <extensions>
        <activity type="UNKNOWN" conf="40" state="unknown" tsMs="1789304080199"/>
        <radio op="vodafone IT" rat="LTE" rsrp="-122" rsrq="-18"/>
        <radio op="I TIM" rat="LTE" rsrp="-108" rsrq="-16"/>
      </extensions>
    </trkpt>
    <trkpt lat="45.7519754" lon="10.7591273">
      <ele>115.89695611944848</ele>
      <time>2026-09-13T14:54:52.039+02:00</time>
      <extensions>
        <activity type="UNKNOWN" conf="40" state="unknown" tsMs="1789304085462"/>
        <radio op="vodafone IT" rat="LTE" q="6.50" rsrp="-112" sinr="0" rsrq="-14"/>
        <radio op="I TIM" rat="LTE" rsrp="-116" rsrq="-17"/>
      </extensions>
    </trkpt>
    <trkpt lat="45.7521813" lon="10.7590103">
      <ele>116.95617654317803</ele>
      <time>2026-09-13T14:55:02.039+02:00</time>
      <extensions>
        <activity type="UNKNOWN" conf="40" state="unknown" tsMs="1789304085462"/>
        <radio op="vodafone IT" rat="LTE" rsrp="-116" rsrq="-13"/>
        <radio op="I TIM" rat="LTE" q="6.00" rsrp="-115" sinr="1" rsrq="-14"/>
      </extensions>
    </trkpt>
    <trkpt lat="45.7523513" lon="10.758801">
      <ele>116.95239645476336</ele>
      <time>2026-09-13T14:55:12.038+02:00</time>
      <extensions>
        <activity type="UNKNOWN" conf="40" state="unknown" tsMs="1789304091181"/>
        <radio op="vodafone IT" rat="LTE" q="10.00" rsrp="-115" sinr="5" rsrq="-12"/>
        <radio op="I TIM" rat="LTE" q="7.80" rsrp="-112" sinr="1" rsrq="-12"/>
      </extensions>
    </trkpt>
    <trkpt lat="45.7528744" lon="10.7580529">
      <ele>118.04075294806314</ele>
      <time>2026-09-13T14:55:33.039+02:00</time>
      <extensions>
        <activity type="UNKNOWN" conf="40" state="unknown" tsMs="1789304110163"/>
        <radio op="vodafone IT" rat="LTE" q="8.00" rsrp="-109" sinr="0" rsrq="-14"/>
        <radio op="I TIM" rat="LTE" rsrp="-108" rsrq="-12"/>
      </extensions>
    </trkpt>
    <trkpt lat="45.7533743" lon="10.7571488">
      <ele>118.54209083581588</ele>
      <time>2026-09-13T14:55:53.038+02:00</time>
      <extensions>
        <activity type="UNKNOWN" conf="40" state="unknown" tsMs="1789304130268"/>
        <radio op="vodafone IT" rat="LTE" q="16.80" rsrp="-104" sinr="3" rsrq="-13"/>
        <radio op="I TIM" rat="LTE" q="8.00" rsrp="-109" sinr="0" rsrq="-12"/>
      </extensions>
    </trkpt>
    <trkpt lat="45.7539635" lon="10.7560635">
      <ele>118.53703366085196</ele>
      <time>2026-09-13T14:56:13.039+02:00</time>
      <extensions>
        <activity type="IN_VEHICLE" conf="95" state="moving" tsMs="1789304171874"/>
        <radio op="vodafone IT" rat="LTE" q="16.00" rsrp="-105" sinr="3" rsrq="-15"/>
        <radio op="I TIM" rat="LTE" rsrp="-113" rsrq="-13"/>
      </extensions>
    </trkpt>
    <trkpt lat="45.7542469" lon="10.7554471">
      <ele>118.94691377835954</ele>
      <time>2026-09-13T14:56:23.038+02:00</time>
      <extensions>
        <activity type="UNKNOWN" conf="40" state="unknown" tsMs="1789304182606"/>
        <radio op="vodafone IT" rat="LTE" rsrp="-108" rsrq="-13"/>
        <radio op="I TIM" rat="LTE" q="7.20" rsrp="-113" sinr="1" rsrq="-13"/>
      </extensions>
    </trkpt>
    <trkpt lat="45.7545318" lon="10.7546274">
      <ele>117.4000015258789</ele>
      <time>2026-09-13T14:56:34.038+02:00</time>
      <extensions>
        <activity type="IN_VEHICLE" conf="89" state="moving" tsMs="1789304193499"/>
        <radio op="vodafone IT" rat="LTE" rsrp="-110" rsrq="-15"/>
        <radio op="I TIM" rat="LTE" rsrp="-108" rsrq="-13"/>
      </extensions>
    </trkpt>
    <trkpt lat="45.7547573" lon="10.753868">
      <ele>119.08354482544301</ele>
      <time>2026-09-13T14:56:44.038+02:00</time>
      <extensions>
        <activity type="UNKNOWN" conf="40" state="unknown" tsMs="1789304198948"/>
        <radio op="vodafone IT" rat="LTE" q="8.00" rsrp="-109" sinr="0" rsrq="-16"/>
        <radio op="I TIM" rat="LTE" rsrp="-111" rsrq="-16"/>
      </extensions>
    </trkpt>
    <trkpt lat="45.7549619" lon="10.7532888">
      <ele>118.7828558815646</ele>
      <time>2026-09-13T14:56:54.039+02:00</time>
      <extensions>
        <activity type="UNKNOWN" conf="40" state="unknown" tsMs="1789304209787"/>
        <radio op="vodafone IT" rat="LTE" rsrp="-112" rsrq="-14"/>
        <radio op="I TIM" rat="LTE" rsrp="-113" rsrq="-19"/>
      </extensions>
    </trkpt>
    <trkpt lat="45.7549277" lon="10.7537809">
      <ele>117.4000015258789</ele>
      <time>2026-09-13T14:57:04.038+02:00</time>
      <extensions>
        <activity type="UNKNOWN" conf="40" state="unknown" tsMs="1789304220485"/>
        <radio op="vodafone IT" rat="LTE" rsrp="-106" rsrq="-15"/>
        <radio op="I TIM" rat="LTE" rsrp="-107" rsrq="-15"/>
      </extensions>
    </trkpt>
    <trkpt lat="45.7546701" lon="10.7545452">
      <ele>117.95193843595452</ele>
      <time>2026-09-13T14:57:14.039+02:00</time>
      <extensions>
        <activity type="UNKNOWN" conf="40" state="unknown" tsMs="1789304231334"/>
        <radio op="vodafone IT" rat="LTE" q="12.00" rsrp="-101" sinr="0" rsrq="-13"/>
        <radio op="I TIM" rat="LTE" rsrp="-106" rsrq="-15"/>
      </extensions>
    </trkpt>
    <trkpt lat="45.7543088" lon="10.7552165">
      <ele>118.57344113297152</ele>
      <time>2026-09-13T14:57:24.038+02:00</time>
      <extensions>
        <activity type="ON_BICYCLE" conf="77" state="moving" tsMs="1789304242213"/>
        <radio op="vodafone IT" rat="LTE" q="10.50" rsrp="-104" sinr="0" rsrq="-12"/>
        <radio op="I TIM" rat="LTE" rsrp="-105" rsrq="-15"/>
      </extensions>
    </trkpt>
    <trkpt lat="45.754429" lon="10.7550728">
      <ele>116.83580573244119</ele>
      <time>2026-09-13T14:57:35.039+02:00</time>
      <extensions>
        <activity type="UNKNOWN" conf="40" state="unknown" tsMs="1789304252899"/>
        <radio op="vodafone IT" rat="LTE" rsrp="-108" rsrq="-14"/>
        <radio op="I TIM" rat="LTE" rsrp="-110" rsrq="-17"/>
      </extensions>
    </trkpt>
    <trkpt lat="45.7546699" lon="10.7544824">
      <ele>117.48617277841703</ele>
      <time>2026-09-13T14:57:45.038+02:00</time>
      <extensions>
        <activity type="UNKNOWN" conf="40" state="unknown" tsMs="1789304263512"/>
        <radio op="vodafone IT" rat="LTE" q="10.50" rsrp="-110" sinr="2" rsrq="-14"/>
        <radio op="I TIM" rat="LTE" rsrp="-110" rsrq="-17"/>
      </extensions>
    </trkpt>
    <trkpt lat="45.754806" lon="10.7538638">
      <ele>117.4000015258789</ele>
      <time>2026-09-13T14:57:55.039+02:00</time>
      <extensions>
        <activity type="UNKNOWN" conf="40" state="unknown" tsMs="1789304268977"/>
        <radio op="vodafone IT" rat="LTE" q="6.00" rsrp="-113" sinr="0" rsrq="-17"/>
        <radio op="I TIM" rat="LTE" rsrp="-112" rsrq="-18"/>
      </extensions>
    </trkpt>
    <trkpt lat="45.7549741" lon="10.7536537">
      <ele>117.4000015258789</ele>
      <time>2026-09-13T14:58:05.039+02:00</time>
      <extensions>
        <activity type="UNKNOWN" conf="40" state="unknown" tsMs="1789304268977"/>
        <radio op="vodafone IT" rat="LTE" rsrp="-103" rsrq="-15"/>
        <radio op="I TIM" rat="LTE" q="9.80" rsrp="-111" sinr="2" rsrq="-17"/>
      </extensions>
    </trkpt>
    <trkpt lat="45.7546674" lon="10.7545052">
      <ele>117.4000015258789</ele>
      <time>2026-09-13T14:58:15.039+02:00</time>
      <extensions>
        <activity type="UNKNOWN" conf="40" state="unknown" tsMs="1789304273496"/>
        <radio op="vodafone IT" rat="LTE" q="15.00" rsrp="-100" sinr="1" rsrq="-12"/>
        <radio op="I TIM" rat="LTE" rsrp="-104" rsrq="-15"/>
      </extensions>
    </trkpt>
    <trkpt lat="45.754273" lon="10.7552652">
      <ele>117.4000015258789</ele>
      <time>2026-09-13T14:58:25.039+02:00</time>
      <extensions>
        <activity type="UNKNOWN" conf="40" state="unknown" tsMs="1789304301159"/>
        <radio op="vodafone IT" rat="LTE" rsrp="-100" rsrq="-14"/>
        <radio op="I TIM" rat="LTE" rsrp="-103" rsrq="-14"/>
      </extensions>
    </trkpt>
    <trkpt lat="45.7538582" lon="10.7560054">
      <ele>117.4000015258789</ele>
      <time>2026-09-13T14:58:35.039+02:00</time>
      <extensions>
        <activity type="UNKNOWN" conf="40" state="unknown" tsMs="1789304312055"/>
        <radio op="vodafone IT" rat="LTE" q="11.00" rsrp="-103" sinr="0" rsrq="-14"/>
        <radio op="I TIM" rat="LTE" rsrp="-104" rsrq="-14"/>
      </extensions>
    </trkpt>
    <trkpt lat="45.7534828" lon="10.756797">
      <ele>117.4000015258789</ele>
      <time>2026-09-13T14:58:46.038+02:00</time>
      <extensions>
        <activity type="ON_BICYCLE" conf="96" state="moving" tsMs="1789304322842"/>
        <radio op="vodafone IT" rat="LTE" rsrp="-103" rsrq="-13"/>
        <radio op="I TIM" rat="LTE" rsrp="-105" rsrq="-15"/>
      </extensions>
    </trkpt>
    <trkpt lat="45.7531335" lon="10.7576481">
      <ele>117.4000015258789</ele>
      <time>2026-09-13T14:58:56.038+02:00</time>
      <extensions>
        <activity type="ON_BICYCLE" conf="91" state="moving" tsMs="1789304333691"/>
        <radio op="vodafone IT" rat="LTE" q="12.50" rsrp="-100" sinr="0" rsrq="-12"/>
        <radio op="I TIM" rat="LTE" rsrp="-104" rsrq="-13"/>
      </extensions>
    </trkpt>
    <trkpt lat="45.7527146" lon="10.758443">
      <ele>117.4000015258789</ele>
      <time>2026-09-13T14:59:06.038+02:00</time>
      <extensions>
        <activity type="ON_BICYCLE" conf="87" state="moving" tsMs="1789304344535"/>
        <radio op="vodafone IT" rat="LTE" q="15.60" rsrp="-99" sinr="1" rsrq="-12"/>
        <radio op="I TIM" rat="LTE" rsrp="-104" rsrq="-15"/>
      </extensions>
    </trkpt>
    <trkpt lat="45.7523253" lon="10.7590682">
      <ele>117.4000015258789</ele>
      <time>2026-09-13T14:59:16.039+02:00</time>
      <extensions>
        <activity type="UNKNOWN" conf="40" state="unknown" tsMs="1789304355405"/>
        <radio op="vodafone IT" rat="LTE" rsrp="-100" rsrq="-12"/>
        <radio op="I TIM" rat="LTE" rsrp="-103" rsrq="-16"/>
      </extensions>
    </trkpt>
    <trkpt lat="45.7520052" lon="10.7597411">
      <ele>117.4000015258789</ele>
      <time>2026-09-13T14:59:26.039+02:00</time>
      <extensions>
        <activity type="ON_BICYCLE" conf="92" state="moving" tsMs="1789304366167"/>
        <radio op="vodafone IT" rat="LTE" q="15.60" rsrp="-99" sinr="1" rsrq="-11"/>
        <radio op="I TIM" rat="LTE" rsrp="-103" rsrq="-14"/>
      </extensions>
    </trkpt>
    <trkpt lat="45.7515969" lon="10.7604991">
      <ele>117.4000015258789</ele>
      <time>2026-09-13T14:59:37.039+02:00</time>
      <extensions>
        <activity type="UNKNOWN" conf="40" state="unknown" tsMs="1789304371580"/>
        <radio op="vodafone IT" rat="LTE" q="15.00" rsrp="-100" sinr="1" rsrq="-14"/>
        <radio op="I TIM" rat="LTE" rsrp="-102" rsrq="-15"/>
      </extensions>
    </trkpt>
    <trkpt lat="45.7511062" lon="10.7611289">
      <ele>117.4000015258789</ele>
      <time>2026-09-13T14:59:47.038+02:00</time>
      <extensions>
        <activity type="UNKNOWN" conf="40" state="unknown" tsMs="1789304382454"/>
        <radio op="vodafone IT" rat="LTE" rsrp="-102" rsrq="-14"/>
        <radio op="I TIM" rat="LTE" rsrp="-101" rsrq="-16"/>
      </extensions>
    </trkpt>
    <trkpt lat="45.7507035" lon="10.7619144">
      <ele>117.4000015258789</ele>
      <time>2026-09-13T14:59:57.038+02:00</time>
      <extensions>
        <activity type="ON_BICYCLE" conf="96" state="moving" tsMs="1789304393308"/>
        <radio op="vodafone IT" rat="LTE" q="12.00" rsrp="-101" sinr="0" rsrq="-13"/>
        <radio op="I TIM" rat="LTE" rsrp="-103" rsrq="-15"/>
      </extensions>
    </trkpt>
    <trkpt lat="45.7502396" lon="10.762599">
      <ele>117.4000015258789</ele>
      <time>2026-09-13T15:00:07.038+02:00</time>
      <extensions>
        <activity type="ON_BICYCLE" conf="91" state="moving" tsMs="1789304404196"/>
        <radio op="vodafone IT" rat="LTE" rsrp="-102" rsrq="-15"/>
        <radio op="I TIM" rat="LTE" rsrp="-100" rsrq="-13"/>
      </extensions>
    </trkpt>
    <trkpt lat="45.7497373" lon="10.7632472">
      <ele>117.80241195904946</ele>
      <time>2026-09-13T15:00:17.038+02:00</time>
      <extensions>
        <activity type="ON_BICYCLE" conf="85" state="moving" tsMs="1789304414979"/>
        <radio op="vodafone IT" rat="LTE" q="15.00" rsrp="-100" sinr="1" rsrq="-13"/>
        <radio op="I TIM" rat="LTE" rsrp="-98" rsrq="-16"/>
      </extensions>
    </trkpt>
    <trkpt lat="45.7494903" lon="10.763502">
      <ele>116.74901385699484</ele>
      <time>2026-09-13T15:00:27.038+02:00</time>
      <extensions>
        <activity type="ON_BICYCLE" conf="71" state="moving" tsMs="1789304425870"/>
        <radio op="vodafone IT" rat="LTE" q="19.60" rsrp="-97" sinr="2" rsrq="-13"/>
        <radio op="I TIM" rat="LTE" rsrp="-100" rsrq="-17"/>
      </extensions>
    </trkpt>
    <trkpt lat="45.7498025" lon="10.7631197">
      <ele>116.15026048017607</ele>
      <time>2026-09-13T15:00:37.038+02:00</time>
      <extensions>
        <activity type="ON_BICYCLE" conf="79" state="moving" tsMs="1789304431189"/>
        <radio op="vodafone IT" rat="LTE" q="22.40" rsrp="-97" sinr="3" rsrq="-13"/>
        <radio op="I TIM" rat="LTE" q="21.60" rsrp="-98" sinr="3" rsrq="-13"/>
      </extensions>
    </trkpt>
    <trkpt lat="45.7500941" lon="10.7627128">
      <ele>115.71415889505865</ele>
      <time>2026-09-13T15:00:48.038+02:00</time>
      <extensions>
        <activity type="UNKNOWN" conf="40" state="unknown" tsMs="1789304443537"/>
        <radio op="vodafone IT" rat="LTE" q="8.50" rsrp="-108" sinr="0" rsrq="-13"/>
        <radio op="I TIM" rat="LTE" rsrp="-98" rsrq="-14"/>
      </extensions>
    </trkpt>
    <trkpt lat="45.7503692" lon="10.7623525">
      <ele>116.34100143646387</ele>
      <time>2026-09-13T15:00:58.039+02:00</time>
      <extensions>
        <activity type="UNKNOWN" conf="40" state="unknown" tsMs="1789304454039"/>
        <radio op="vodafone IT" rat="LTE" rsrp="-101" rsrq="-14"/>
        <radio op="I TIM" rat="LTE" rsrp="-103" rsrq="-16"/>
      </extensions>
    </trkpt>
    <trkpt lat="45.7506739" lon="10.7619603">
      <ele>116.10883330082052</ele>
      <time>2026-09-13T15:01:08.039+02:00</time>
      <extensions>
        <activity type="UNKNOWN" conf="40" state="unknown" tsMs="1789304464529"/>
        <radio op="vodafone IT" rat="LTE" q="7.50" rsrp="-110" sinr="0" rsrq="-15"/>
        <radio op="I TIM" rat="LTE" rsrp="-107" rsrq="-16"/>
      </extensions>
    </trkpt>
    <trkpt lat="45.7505626" lon="10.7623353">
      <ele>116.1585143644415</ele>
      <time>2026-09-13T15:01:18.039+02:00</time>
      <extensions>
        <activity type="UNKNOWN" conf="40" state="unknown" tsMs="1789304475097"/>
        <radio op="vodafone IT" rat="LTE" rsrp="-104" rsrq="-15"/>
        <radio op="I TIM" rat="LTE" q="11.00" rsrp="-103" sinr="0" rsrq="-15"/>
      </extensions>
    </trkpt>
    <trkpt lat="45.7502145" lon="10.7629372">
      <ele>116.61032043294315</ele>
      <time>2026-09-13T15:01:28.039+02:00</time>
      <extensions>
        <activity type="UNKNOWN" conf="40" state="unknown" tsMs="1789304485958"/>
        <radio op="vodafone IT" rat="LTE" rsrp="-102" rsrq="-11"/>
        <radio op="I TIM" rat="LTE" rsrp="-101" rsrq="-14"/>
      </extensions>
    </trkpt>
    <trkpt lat="45.7497837" lon="10.7636852">
      <ele>116.99958457506847</ele>
      <time>2026-09-13T15:01:38.038+02:00</time>
      <extensions>
        <activity type="UNKNOWN" conf="40" state="unknown" tsMs="1789304496832"/>
        <radio op="vodafone IT" rat="LTE" q="18.20" rsrp="-99" sinr="2" rsrq="-12"/>
        <radio op="I TIM" rat="LTE" rsrp="-99" rsrq="-14"/>
      </extensions>
    </trkpt>
    <trkpt lat="45.7493662" lon="10.7644484">
      <ele>117.39789341562758</ele>
      <time>2026-09-13T15:01:48.039+02:00</time>
      <extensions>
        <activity type="UNKNOWN" conf="40" state="unknown" tsMs="1789304507745"/>
        <radio op="vodafone IT" rat="LTE" q="19.60" rsrp="-97" sinr="2" rsrq="-14"/>
        <radio op="I TIM" rat="LTE" rsrp="-99" rsrq="-15"/>
      </extensions>
    </trkpt>
    <trkpt lat="45.7488979" lon="10.765166">
      <ele>117.0444884994327</ele>
      <time>2026-09-13T15:01:59.038+02:00</time>
      <extensions>
        <activity type="ON_BICYCLE" conf="78" state="moving" tsMs="1789304518612"/>
        <radio op="vodafone IT" rat="LTE" q="16.20" rsrp="-98" sinr="1" rsrq="-10"/>
        <radio op="I TIM" rat="LTE" rsrp="-102" rsrq="-19"/>
      </extensions>
    </trkpt>
    <trkpt lat="45.7484265" lon="10.7656756">
      <ele>116.97001156875179</ele>
      <time>2026-09-13T15:02:09.038+02:00</time>
      <extensions>
        <activity type="ON_BICYCLE" conf="81" state="moving" tsMs="1789304524055"/>
        <radio op="vodafone IT" rat="LTE" q="15.60" rsrp="-99" sinr="1" rsrq="-12"/>
        <radio op="I TIM" rat="LTE" rsrp="-95" rsrq="-13"/>
      </extensions>
    </trkpt>
    <trkpt lat="45.7485469" lon="10.7656712">
      <ele>115.94326605710015</ele>
      <time>2026-09-13T15:02:19.039+02:00</time>
      <extensions>
        <activity type="ON_BICYCLE" conf="88" state="moving" tsMs="1789304534915"/>
        <radio op="vodafone IT" rat="LTE" q="20.00" rsrp="-100" sinr="3" rsrq="-12"/>
        <radio op="I TIM" rat="LTE" rsrp="-99" rsrq="-16"/>
      </extensions>
    </trkpt>
    <trkpt lat="45.7489581" lon="10.7651754">
      <ele>116.37230799448085</ele>
      <time>2026-09-13T15:02:29.038+02:00</time>
      <extensions>
        <activity type="ON_BICYCLE" conf="80" state="moving" tsMs="1789304545659"/>
        <radio op="vodafone IT" rat="LTE" q="18.00" rsrp="-95" sinr="1" rsrq="-11"/>
        <radio op="I TIM" rat="LTE" rsrp="-98" rsrq="-15"/>
      </extensions>
    </trkpt>
    <trkpt lat="45.7493776" lon="10.7646662">
      <ele>116.23927634335561</ele>
      <time>2026-09-13T15:02:39.038+02:00</time>
      <extensions>
        <activity type="UNKNOWN" conf="40" state="unknown" tsMs="1789304556539"/>
        <radio op="vodafone IT" rat="LTE" q="20.80" rsrp="-99" sinr="3" rsrq="-9"/>
        <radio op="I TIM" rat="LTE" rsrp="-99" rsrq="-17"/>
      </extensions>
    </trkpt>
    <trkpt lat="45.749793" lon="10.764017">
      <ele>117.19303397169493</ele>
      <time>2026-09-13T15:02:49.038+02:00</time>
      <extensions>
        <activity type="UNKNOWN" conf="40" state="unknown" tsMs="1789304567338"/>
        <radio op="vodafone IT" rat="LTE" rsrp="-105" rsrq="-11"/>
        <radio op="I TIM" rat="LTE" q="21.60" rsrp="-98" sinr="3" rsrq="-14"/>
      </extensions>
    </trkpt>
    <trkpt lat="45.7501589" lon="10.7632503">
      <ele>116.75531499659613</ele>
      <time>2026-09-13T15:03:00.038+02:00</time>
      <extensions>
        <activity type="UNKNOWN" conf="40" state="unknown" tsMs="1789304578217"/>
        <radio op="vodafone IT" rat="LTE" rsrp="-105" rsrq="-14"/>
        <radio op="I TIM" rat="LTE" q="20.80" rsrp="-99" sinr="3" rsrq="-14"/>
      </extensions>
    </trkpt>
    <trkpt lat="45.7504667" lon="10.7625181">
      <ele>116.62845042253545</ele>
      <time>2026-09-13T15:03:10.039+02:00</time>
      <extensions>
        <activity type="UNKNOWN" conf="40" state="unknown" tsMs="1789304589101"/>
        <radio op="vodafone IT" rat="LTE" q="14.40" rsrp="-101" sinr="1" rsrq="-12"/>
        <radio op="I TIM" rat="LTE" rsrp="-102" rsrq="-14"/>
      </extensions>
    </trkpt>
    <trkpt lat="45.7507878" lon="10.7618565">
      <ele>116.96614216213092</ele>
      <time>2026-09-13T15:03:20.038+02:00</time>
      <extensions>
        <activity type="UNKNOWN" conf="40" state="unknown" tsMs="1789304600005"/>
        <radio op="vodafone IT" rat="LTE" q="10.20" rsrp="-108" sinr="1" rsrq="-14"/>
        <radio op="I TIM" rat="LTE" rsrp="-106" rsrq="-13"/>
      </extensions>
    </trkpt>
    <trkpt lat="45.7510421" lon="10.7612863">
      <ele>116.5597259740652</ele>
      <time>2026-09-13T15:03:30.038+02:00</time>
      <extensions>
        <activity type="UNKNOWN" conf="40" state="unknown" tsMs="1789304605487"/>
        <radio op="vodafone IT" rat="LTE" q="9.60" rsrp="-113" sinr="3" rsrq="-11"/>
        <radio op="I TIM" rat="LTE" q="12.60" rsrp="-111" sinr="4" rsrq="-14"/>
      </extensions>
    </trkpt>
    <trkpt lat="45.7514064" lon="10.7606826">
      <ele>116.20667354254954</ele>
      <time>2026-09-13T15:03:40.038+02:00</time>
      <extensions>
        <activity type="UNKNOWN" conf="40" state="unknown" tsMs="1789304616234"/>
        <radio op="vodafone IT" rat="LTE" q="13.20" rsrp="-113" sinr="6" rsrq="-13"/>
        <radio op="I TIM" rat="LTE" rsrp="-104" rsrq="-12"/>
      </extensions>
    </trkpt>
    <trkpt lat="45.7516734" lon="10.7601298">
      <ele>116.43178363137879</ele>
      <time>2026-09-13T15:03:50.039+02:00</time>
      <extensions>
        <activity type="UNKNOWN" conf="40" state="unknown" tsMs="1789304626994"/>
        <radio op="vodafone IT" rat="LTE" q="13.20" rsrp="-114" sinr="7" rsrq="-11"/>
        <radio op="I TIM" rat="LTE" rsrp="-105" rsrq="-16"/>
      </extensions>
    </trkpt>
    <trkpt lat="45.7519425" lon="10.7595444">
      <ele>116.09235048702763</ele>
      <time>2026-09-13T15:04:00.039+02:00</time>
      <extensions>
        <activity type="UNKNOWN" conf="40" state="unknown" tsMs="1789304637789"/>
        <radio op="vodafone IT" rat="LTE" q="12.00" rsrp="-113" sinr="5" rsrq="-13"/>
        <radio op="I TIM" rat="LTE" rsrp="-106" rsrq="-16"/>
      </extensions>
    </trkpt>
    <trkpt lat="45.7521846" lon="10.7591748">
      <ele>116.33651207089713</ele>
      <time>2026-09-13T15:04:11.039+02:00</time>
      <extensions>
        <activity type="UNKNOWN" conf="40" state="unknown" tsMs="1789304637789"/>
        <radio op="vodafone IT" rat="LTE" q="24.20" rsrp="-103" sinr="6" rsrq="-11"/>
        <radio op="I TIM" rat="LTE" q="9.00" rsrp="-107" sinr="0" rsrq="-16"/>
      </extensions>
    </trkpt>
    <trkpt lat="45.7518674" lon="10.7597109">
      <ele>116.42969920820191</ele>
      <time>2026-09-13T15:04:21.038+02:00</time>
      <extensions>
        <activity type="UNKNOWN" conf="40" state="unknown" tsMs="1789304642491"/>
        <radio op="vodafone IT" rat="LTE" q="25.00" rsrp="-100" sinr="5" rsrq="-9"/>
        <radio op="I TIM" rat="LTE" q="12.50" rsrp="-100" sinr="0" rsrq="-14"/>
      </extensions>
    </trkpt>
    <trkpt lat="45.7514901" lon="10.76042">
      <ele>116.73197267813762</ele>
      <time>2026-09-13T15:04:31.039+02:00</time>
      <extensions>
        <activity type="UNKNOWN" conf="40" state="unknown" tsMs="1789304642491"/>
        <radio op="vodafone IT" rat="LTE" q="12.60" rsrp="-107" sinr="2" rsrq="-9"/>
        <radio op="I TIM" rat="LTE" rsrp="-101" rsrq="-14"/>
      </extensions>
    </trkpt>
    <trkpt lat="45.7506106" lon="10.7617351">
      <ele>117.14385340030394</ele>
      <time>2026-09-13T15:04:51.039+02:00</time>
      <extensions>
        <activity type="UNKNOWN" conf="40" state="unknown" tsMs="1789304686994"/>
        <radio op="vodafone IT" rat="LTE" rsrp="-112" rsrq="-12"/>
        <radio op="I TIM" rat="LTE" rsrp="-100" rsrq="-14"/>
      </extensions>
    </trkpt>
    <trkpt lat="45.7501655" lon="10.7623621">
      <ele>116.84954435844679</ele>
      <time>2026-09-13T15:05:01.038+02:00</time>
      <extensions>
        <activity type="ON_BICYCLE" conf="87" state="moving" tsMs="1789304697872"/>
        <radio op="vodafone IT" rat="LTE" q="27.50" rsrp="-100" sinr="6" rsrq="-10"/>
        <radio op="I TIM" rat="LTE" rsrp="-102" rsrq="-17"/>
      </extensions>
    </trkpt>
    <trkpt lat="45.749786" lon="10.7629351">
      <ele>116.62461228256953</ele>
      <time>2026-09-13T15:05:11.038+02:00</time>
      <extensions>
        <activity type="ON_BICYCLE" conf="96" state="moving" tsMs="1789304708702"/>
        <radio op="vodafone IT" rat="LTE" q="32.40" rsrp="-98" sinr="7" rsrq="-9"/>
        <radio op="I TIM" rat="LTE" rsrp="-98" rsrq="-16"/>
      </extensions>
    </trkpt>
    <trkpt lat="45.7495128" lon="10.763299">
      <ele>116.41967992735148</ele>
      <time>2026-09-13T15:05:22.039+02:00</time>
      <extensions>
        <activity type="UNKNOWN" conf="40" state="unknown" tsMs="1789304719623"/>
        <radio op="vodafone IT" rat="LTE" q="34.10" rsrp="-94" sinr="6" rsrq="-7"/>
        <radio op="I TIM" rat="LTE" q="12.00" rsrp="-101" sinr="0" rsrq="-15"/>
      </extensions>
    </trkpt>
    <trkpt lat="45.7498197" lon="10.7629125">
      <ele>115.69491352206475</ele>
      <time>2026-09-13T15:05:32.039+02:00</time>
      <extensions>
        <activity type="UNKNOWN" conf="40" state="unknown" tsMs="1789304730212"/>
        <radio op="vodafone IT" rat="LTE" q="12.60" rsrp="-111" sinr="4" rsrq="-10"/>
        <radio op="I TIM" rat="LTE" q="17.40" rsrp="-96" sinr="1" rsrq="-13"/>
      </extensions>
    </trkpt>
    <trkpt lat="45.7501369" lon="10.7623719">
      <ele>116.28068813140226</ele>
      <time>2026-09-13T15:05:42.038+02:00</time>
      <extensions>
        <activity type="UNKNOWN" conf="40" state="unknown" tsMs="1789304740959"/>
        <radio op="vodafone IT" rat="LTE" q="18.00" rsrp="-110" sinr="7" rsrq="-13"/>
        <radio op="I TIM" rat="LTE" rsrp="-101" rsrq="-15"/>
      </extensions>
    </trkpt>
    <trkpt lat="45.7504552" lon="10.7619764">
      <ele>116.22116474204256</ele>
      <time>2026-09-13T15:05:52.038+02:00</time>
      <extensions>
        <activity type="UNKNOWN" conf="40" state="unknown" tsMs="1789304740959"/>
        <radio op="vodafone IT" rat="LTE" q="6.30" rsrp="-116" sinr="2" rsrq="-14"/>
        <radio op="I TIM" rat="LTE" rsrp="-108" rsrq="-16"/>
      </extensions>
    </trkpt>
    <trkpt lat="45.750713" lon="10.7615691">
      <ele>115.89362378098765</ele>
      <time>2026-09-13T15:06:02.039+02:00</time>
      <extensions>
        <activity type="UNKNOWN" conf="40" state="unknown" tsMs="1789304745517"/>
        <radio op="vodafone IT" rat="LTE" q="14.40" rsrp="-109" sinr="4" rsrq="-12"/>
        <radio op="I TIM" rat="LTE" rsrp="-109" rsrq="-18"/>
      </extensions>
    </trkpt>
    <trkpt lat="45.7510702" lon="10.7609655">
      <ele>116.42433492599358</ele>
      <time>2026-09-13T15:06:12.039+02:00</time>
      <extensions>
        <activity type="UNKNOWN" conf="40" state="unknown" tsMs="1789304769039"/>
        <radio op="vodafone IT" rat="LTE" q="13.00" rsrp="-112" sinr="5" rsrq="-12"/>
        <radio op="I TIM" rat="LTE" rsrp="-105" rsrq="-15"/>
      </extensions>
    </trkpt>
    <trkpt lat="45.7513718" lon="10.7603787">
      <ele>116.31274992354416</ele>
      <time>2026-09-13T15:06:22.038+02:00</time>
      <extensions>
        <activity type="UNKNOWN" conf="40" state="unknown" tsMs="1789304779671"/>
        <radio op="vodafone IT" rat="LTE" q="7.50" rsrp="-110" sinr="0" rsrq="-14"/>
        <radio op="I TIM" rat="LTE" rsrp="-107" rsrq="-18"/>
      </extensions>
    </trkpt>
    <trkpt lat="45.7517147" lon="10.7596891">
      <ele>116.40283243894888</ele>
      <time>2026-09-13T15:06:33.038+02:00</time>
      <extensions>
        <activity type="UNKNOWN" conf="40" state="unknown" tsMs="1789304790477"/>
        <radio op="vodafone IT" rat="LTE" q="18.20" rsrp="-111" sinr="8" rsrq="-11"/>
        <radio op="I TIM" rat="LTE" rsrp="-109" rsrq="-17"/>
      </extensions>
    </trkpt>
    <trkpt lat="45.7519966" lon="10.7590929">
      <ele>116.53322612017304</ele>
      <time>2026-09-13T15:06:43.038+02:00</time>
      <extensions>
        <activity type="UNKNOWN" conf="40" state="unknown" tsMs="1789304801376"/>
        <radio op="vodafone IT" rat="LTE" q="16.00" rsrp="-109" sinr="5" rsrq="-12"/>
        <radio op="I TIM" rat="LTE" rsrp="-107" rsrq="-17"/>
      </extensions>
    </trkpt>
    <trkpt lat="45.7522446" lon="10.7586502">
      <ele>115.70970688301934</ele>
      <time>2026-09-13T15:06:53.039+02:00</time>
      <extensions>
        <activity type="UNKNOWN" conf="40" state="unknown" tsMs="1789304806786"/>
        <radio op="vodafone IT" rat="LTE" rsrp="-115" rsrq="-13"/>
        <radio op="I TIM" rat="LTE" rsrp="-108" rsrq="-15"/>
      </extensions>
    </trkpt>
    <trkpt lat="45.7524444" lon="10.7582668">
      <ele>115.59970758884292</ele>
      <time>2026-09-13T15:07:03.038+02:00</time>
      <extensions>
        <activity type="UNKNOWN" conf="40" state="unknown" tsMs="1789304822136"/>
        <radio op="vodafone IT" rat="LTE" rsrp="-116" rsrq="-14"/>
        <radio op="I TIM" rat="LTE" rsrp="-108" rsrq="-17"/>
      </extensions>
    </trkpt>
    <trkpt lat="45.752552" lon="10.7580677">
      <ele>114.57315003215646</ele>
      <time>2026-09-13T15:07:13.039+02:00</time>
      <extensions>
        <activity type="UNKNOWN" conf="40" state="unknown" tsMs="1789304831166"/>
        <radio op="vodafone IT" rat="LTE" rsrp="-121" rsrq="-16"/>
        <radio op="I TIM" rat="LTE" rsrp="-115" rsrq="-17"/>
      </extensions>
    </trkpt>
    <trkpt lat="45.7526224" lon="10.7580524">
      <ele>113.38738042066984</ele>
      <time>2026-09-13T15:07:23.038+02:00</time>
      <extensions>
        <activity type="UNKNOWN" conf="40" state="unknown" tsMs="1789304836382"/>
        <radio op="vodafone IT" rat="LTE" rsrp="-118" rsrq="-15"/>
        <radio op="I TIM" rat="LTE" rsrp="-123" rsrq="-17"/>
      </extensions>
    </trkpt>
    <trkpt lat="45.7526647" lon="10.7580411">
      <ele>113.22389444304501</ele>
      <time>2026-09-13T15:07:33.038+02:00</time>
      <extensions>
        <activity type="UNKNOWN" conf="40" state="unknown" tsMs="1789304836382"/>
        <radio op="vodafone IT" rat="LTE" rsrp="-123" rsrq="-16"/>
        <radio op="I TIM" rat="LTE" rsrp="-120" rsrq="-13"/>
      </extensions>
    </trkpt>
    <trkpt lat="45.7526692" lon="10.7580403">
      <ele>113.49704413764361</ele>
      <time>2026-09-13T15:07:44.048+02:00</time>
      <extensions>
        <activity type="UNKNOWN" conf="40" state="unknown" tsMs="1789304859087"/>
        <radio op="vodafone IT" rat="LTE" rsrp="-118" rsrq="-14"/>
        <radio op="I TIM" rat="LTE" rsrp="-122" rsrq="-16"/>
      </extensions>
    </trkpt>
    <trkpt lat="45.7526683" lon="10.7580401">
      <ele>113.32970435493836</ele>
      <time>2026-09-13T15:07:54.1+02:00</time>
      <extensions>
        <activity type="UNKNOWN" conf="40" state="unknown" tsMs="1789304864378"/>
        <radio op="vodafone IT" rat="LTE" q="13.20" rsrp="-114" sinr="7" rsrq="-11"/>
        <radio op="I TIM" rat="LTE" rsrp="-120" rsrq="-14"/>
      </extensions>
    </trkpt>
    <trkpt lat="45.7529135" lon="10.7579647">
      <ele>114.92290419936614</ele>
      <time>2026-09-13T15:08:04.04+02:00</time>
      <extensions>
        <activity type="UNKNOWN" conf="40" state="unknown" tsMs="1789304864378"/>
        <radio op="vodafone IT" rat="LTE" rsrp="-115" rsrq="-12"/>
        <radio op="I TIM" rat="LTE" rsrp="-118" rsrq="-15"/>
      </extensions>
    </trkpt>
    <trkpt lat="45.7528691" lon="10.7582982">
      <ele>114.98706466999808</ele>
      <time>2026-09-13T15:08:14.094+02:00</time>
      <extensions>
        <activity type="UNKNOWN" conf="40" state="unknown" tsMs="1789304890433"/>
        <radio op="vodafone IT" rat="LTE" rsrp="-103" rsrq="-13"/>
        <radio op="I TIM" rat="LTE" rsrp="-111" rsrq="-13"/>
      </extensions>
    </trkpt>
    <trkpt lat="45.7525421" lon="10.7589237">
      <ele>116.14644793648131</ele>
      <time>2026-09-13T15:08:24.039+02:00</time>
      <extensions>
        <activity type="ON_BICYCLE" conf="69" state="moving" tsMs="1789304901071"/>
        <radio op="vodafone IT" rat="LTE" rsrp="-104" rsrq="-13"/>
        <radio op="I TIM" rat="LTE" q="14.40" rsrp="-107" sinr="3" rsrq="-9"/>
      </extensions>
    </trkpt>
    <trkpt lat="45.7521506" lon="10.7595496">
      <ele>116.04269876289754</ele>
      <time>2026-09-13T15:08:34.038+02:00</time>
      <extensions>
        <activity type="UNKNOWN" conf="40" state="unknown" tsMs="1789304911892"/>
        <radio op="vodafone IT" rat="LTE" rsrp="-103" rsrq="-13"/>
        <radio op="I TIM" rat="LTE" rsrp="-111" rsrq="-8"/>
      </extensions>
    </trkpt>
    <trkpt lat="45.7518356" lon="10.7601353">
      <ele>116.04572163537816</ele>
      <time>2026-09-13T15:08:44.038+02:00</time>
      <extensions>
        <activity type="UNKNOWN" conf="40" state="unknown" tsMs="1789304922828"/>
        <radio op="vodafone IT" rat="LTE" rsrp="-105" rsrq="-14"/>
        <radio op="I TIM" rat="LTE" rsrp="-104" rsrq="-16"/>
      </extensions>
    </trkpt>
    <trkpt lat="45.7513627" lon="10.760802">
      <ele>116.59120393850115</ele>
      <time>2026-09-13T15:08:55.038+02:00</time>
      <extensions>
        <activity type="UNKNOWN" conf="40" state="unknown" tsMs="1789304933690"/>
        <radio op="vodafone IT" rat="LTE" rsrp="-101" rsrq="-13"/>
        <radio op="I TIM" rat="LTE" rsrp="-104" rsrq="-15"/>
      </extensions>
    </trkpt>
    <trkpt lat="45.7514341" lon="10.7607551">
      <ele>115.20024047459874</ele>
      <time>2026-09-13T15:09:05.038+02:00</time>
      <extensions>
        <activity type="UNKNOWN" conf="40" state="unknown" tsMs="1789304944429"/>
        <radio op="vodafone IT" rat="LTE" rsrp="-103" rsrq="-14"/>
        <radio op="I TIM" rat="LTE" rsrp="-114" rsrq="-12"/>
      </extensions>
    </trkpt>
    <trkpt lat="45.7517007" lon="10.7603715">
      <ele>114.76975558645438</ele>
      <time>2026-09-13T15:09:15.038+02:00</time>
      <extensions>
        <activity type="UNKNOWN" conf="40" state="unknown" tsMs="1789304955007"/>
        <radio op="vodafone IT" rat="LTE" rsrp="-105" rsrq="-13"/>
        <radio op="I TIM" rat="LTE" rsrp="-109" rsrq="-17"/>
      </extensions>
    </trkpt>
    <trkpt lat="45.7519471" lon="10.7600269">
      <ele>114.6124630622538</ele>
      <time>2026-09-13T15:09:25.037+02:00</time>
      <extensions>
        <activity type="UNKNOWN" conf="40" state="unknown" tsMs="1789304960282"/>
        <radio op="vodafone IT" rat="LTE" rsrp="-105" rsrq="-13"/>
        <radio op="I TIM" rat="LTE" rsrp="-109" rsrq="-17"/>
      </extensions>
    </trkpt>
    <trkpt lat="45.7522176" lon="10.7596757">
      <ele>114.86081526299508</ele>
      <time>2026-09-13T15:09:35.037+02:00</time>
      <extensions>
        <activity type="UNKNOWN" conf="40" state="unknown" tsMs="1789304970820"/>
        <radio op="vodafone IT" rat="LTE" rsrp="-107" rsrq="-15"/>
        <radio op="I TIM" rat="LTE" rsrp="-109" rsrq="-18"/>
      </extensions>
    </trkpt>
    <trkpt lat="45.7522633" lon="10.7597658">
      <ele>115.09498931831106</ele>
      <time>2026-09-13T15:09:45.038+02:00</time>
      <extensions>
        <activity type="UNKNOWN" conf="40" state="unknown" tsMs="1789304981411"/>
        <radio op="vodafone IT" rat="LTE" rsrp="-102" rsrq="-12"/>
        <radio op="I TIM" rat="LTE" rsrp="-109" rsrq="-16"/>
      </extensions>
    </trkpt>
    <trkpt lat="45.7520004" lon="10.7603552">
      <ele>115.88534618710895</ele>
      <time>2026-09-13T15:09:55.038+02:00</time>
      <extensions>
        <activity type="UNKNOWN" conf="40" state="unknown" tsMs="1789304991932"/>
        <radio op="vodafone IT" rat="LTE" rsrp="-106" rsrq="-12"/>
        <radio op="I TIM" rat="LTE" rsrp="-107" rsrq="-17"/>
      </extensions>
    </trkpt>
    <trkpt lat="45.7516178" lon="10.7609519">
      <ele>116.63101450336863</ele>
      <time>2026-09-13T15:10:06.038+02:00</time>
      <extensions>
        <activity type="UNKNOWN" conf="40" state="unknown" tsMs="1789305002761"/>
        <radio op="vodafone IT" rat="LTE" rsrp="-104" rsrq="-17"/>
        <radio op="I TIM" rat="LTE" rsrp="-103" rsrq="-15"/>
      </extensions>
    </trkpt>
    <trkpt lat="45.7513918" lon="10.7614272">
      <ele>115.7681725041652</ele>
      <time>2026-09-13T15:10:16.037+02:00</time>
      <extensions>
        <activity type="UNKNOWN" conf="40" state="unknown" tsMs="1789305013547"/>
        <radio op="vodafone IT" rat="LTE" rsrp="-104" rsrq="-14"/>
        <radio op="I TIM" rat="LTE" rsrp="-106" rsrq="-17"/>
      </extensions>
    </trkpt>
    <trkpt lat="45.7510756" lon="10.7620082">
      <ele>116.64790523017408</ele>
      <time>2026-09-13T15:10:26.037+02:00</time>
      <extensions>
        <activity type="UNKNOWN" conf="40" state="unknown" tsMs="1789305024159"/>
        <radio op="vodafone IT" rat="LTE" rsrp="-106" rsrq="-15"/>
        <radio op="I TIM" rat="LTE" rsrp="-105" rsrq="-15"/>
      </extensions>
    </trkpt>
    <trkpt lat="45.7506693" lon="10.7625338">
      <ele>116.97287539275355</ele>
      <time>2026-09-13T15:10:36.037+02:00</time>
      <extensions>
        <activity type="UNKNOWN" conf="40" state="unknown" tsMs="1789305034963"/>
        <radio op="vodafone IT" rat="LTE" rsrp="-103" rsrq="-15"/>
        <radio op="I TIM" rat="LTE" rsrp="-103" rsrq="-15"/>
      </extensions>
    </trkpt>
    <trkpt lat="45.750334" lon="10.763089">
      <ele>116.05713686303386</ele>
      <time>2026-09-13T15:10:46.038+02:00</time>
      <extensions>
        <activity type="ON_BICYCLE" conf="91" state="moving" tsMs="1789305045752"/>
        <radio op="vodafone IT" rat="LTE" rsrp="-96" rsrq="-13"/>
        <radio op="I TIM" rat="LTE" rsrp="-104" rsrq="-16"/>
      </extensions>
    </trkpt>
    <trkpt lat="45.749931" lon="10.7637409">
      <ele>116.47736152713459</ele>
      <time>2026-09-13T15:10:56.037+02:00</time>
      <extensions>
        <activity type="UNKNOWN" conf="40" state="unknown" tsMs="1789305056609"/>
        <radio op="vodafone IT" rat="LTE" rsrp="-100" rsrq="-14"/>
        <radio op="I TIM" rat="LTE" rsrp="-106" rsrq="-17"/>
      </extensions>
    </trkpt>
    <trkpt lat="45.7495257" lon="10.7642751">
      <ele>116.72209266440026</ele>
      <time>2026-09-13T15:11:06.037+02:00</time>
      <extensions>
        <activity type="UNKNOWN" conf="40" state="unknown" tsMs="1789305062055"/>
        <radio op="vodafone IT" rat="LTE" rsrp="-105" rsrq="-13"/>
        <radio op="I TIM" rat="LTE" rsrp="-103" rsrq="-17"/>
      </extensions>
    </trkpt>
    <trkpt lat="45.7490856" lon="10.7648887">
      <ele>116.62047832410184</ele>
      <time>2026-09-13T15:11:16.038+02:00</time>
      <extensions>
        <activity type="ON_BICYCLE" conf="78" state="moving" tsMs="1789305072940"/>
        <radio op="vodafone IT" rat="LTE" rsrp="-102" rsrq="-15"/>
        <radio op="I TIM" rat="LTE" rsrp="-97" rsrq="-13"/>
      </extensions>
    </trkpt>
    <trkpt lat="45.7486258" lon="10.7656487">
      <ele>116.32212070465111</ele>
      <time>2026-09-13T15:11:27.037+02:00</time>
      <extensions>
        <activity type="UNKNOWN" conf="40" state="unknown" tsMs="1789305083806"/>
        <radio op="vodafone IT" rat="LTE" q="15.00" rsrp="-100" sinr="1" rsrq="-13"/>
        <radio op="I TIM" rat="LTE" rsrp="-100" rsrq="-14"/>
      </extensions>
    </trkpt>
    <trkpt lat="45.7481552" lon="10.7662256">
      <ele>116.99792986725257</ele>
      <time>2026-09-13T15:11:37.037+02:00</time>
      <extensions>
        <activity type="ON_BICYCLE" conf="76" state="moving" tsMs="1789305094689"/>
        <radio op="vodafone IT" rat="LTE" rsrp="-102" rsrq="-14"/>
        <radio op="I TIM" rat="LTE" rsrp="-100" rsrq="-14"/>
      </extensions>
    </trkpt>
    <trkpt lat="45.7477314" lon="10.7667752">
      <ele>116.63704081933244</ele>
      <time>2026-09-13T15:11:47.038+02:00</time>
      <extensions>
        <activity type="UNKNOWN" conf="40" state="unknown" tsMs="1789305105632"/>
        <radio op="vodafone IT" rat="LTE" rsrp="-100" rsrq="-14"/>
        <radio op="I TIM" rat="LTE" rsrp="-101" rsrq="-15"/>
      </extensions>
    </trkpt>
    <trkpt lat="45.7473063" lon="10.7671714">
      <ele>116.62389770857177</ele>
      <time>2026-09-13T15:11:57.038+02:00</time>
      <extensions>
        <activity type="UNKNOWN" conf="40" state="unknown" tsMs="1789305116514"/>
        <radio op="vodafone IT" rat="LTE" q="18.90" rsrp="-98" sinr="2" rsrq="-12"/>
        <radio op="I TIM" rat="LTE" rsrp="-101" rsrq="-17"/>
      </extensions>
    </trkpt>
    <trkpt lat="45.7475744" lon="10.7670739">
      <ele>115.8408510805666</ele>
      <time>2026-09-13T15:12:07.038+02:00</time>
      <extensions>
        <activity type="UNKNOWN" conf="40" state="unknown" tsMs="1789305127097"/>
        <radio op="vodafone IT" rat="LTE" rsrp="-104" rsrq="-12"/>
        <radio op="I TIM" rat="LTE" rsrp="-98" rsrq="-15"/>
      </extensions>
    </trkpt>
    <trkpt lat="45.7478661" lon="10.7667612">
      <ele>115.84062130100118</ele>
      <time>2026-09-13T15:12:17.038+02:00</time>
      <extensions>
        <activity type="UNKNOWN" conf="40" state="unknown" tsMs="1789305137680"/>
        <radio op="vodafone IT" rat="LTE" rsrp="-103" rsrq="-15"/>
        <radio op="I TIM" rat="LTE" rsrp="-96" rsrq="-14"/>
      </extensions>
    </trkpt>
    <trkpt lat="45.7481767" lon="10.7664592">
      <ele>116.1073437533791</ele>
      <time>2026-09-13T15:12:28.037+02:00</time>
      <extensions>
        <activity type="UNKNOWN" conf="40" state="unknown" tsMs="1789305142956"/>
        <radio op="vodafone IT" rat="LTE" rsrp="-100" rsrq="-11"/>
        <radio op="I TIM" rat="LTE" rsrp="-97" rsrq="-14"/>
      </extensions>
    </trkpt>
    <trkpt lat="45.7485317" lon="10.7661385">
      <ele>115.91481607129258</ele>
      <time>2026-09-13T15:12:38.038+02:00</time>
      <extensions>
        <activity type="UNKNOWN" conf="40" state="unknown" tsMs="1789305153472"/>
        <radio op="vodafone IT" rat="LTE" rsrp="-104" rsrq="-14"/>
        <radio op="I TIM" rat="LTE" rsrp="-97" rsrq="-15"/>
      </extensions>
    </trkpt>
    <trkpt lat="45.7488519" lon="10.7658076">
      <ele>116.0</ele>
      <time>2026-09-13T15:12:48.038+02:00</time>
      <extensions>
        <activity type="IN_VEHICLE" conf="88" state="moving" tsMs="1789305164030"/>
        <radio op="vodafone IT" rat="LTE" rsrp="-105" rsrq="-17"/>
        <radio op="I TIM" rat="LTE" rsrp="-99" rsrq="-16"/>
      </extensions>
    </trkpt>
    <trkpt lat="45.7491002" lon="10.7655522">
      <ele>115.92724314579947</ele>
      <time>2026-09-13T15:12:58.037+02:00</time>
      <extensions>
        <activity type="UNKNOWN" conf="40" state="unknown" tsMs="1789305174626"/>
        <radio op="vodafone IT" rat="LTE" rsrp="-105" rsrq="-17"/>
        <radio op="I TIM" rat="LTE" rsrp="-100" rsrq="-16"/>
      </extensions>
    </trkpt>
    <trkpt lat="45.7494585" lon="10.7652149">
      <ele>116.0783363730864</ele>
      <time>2026-09-13T15:13:08.037+02:00</time>
      <extensions>
        <activity type="UNKNOWN" conf="40" state="unknown" tsMs="1789305185217"/>
        <radio op="vodafone IT" rat="LTE" rsrp="-103" rsrq="-13"/>
        <radio op="I TIM" rat="LTE" rsrp="-98" rsrq="-16"/>
      </extensions>
    </trkpt>
    <trkpt lat="45.7497495" lon="10.7649594">
      <ele>115.68072731908111</ele>
      <time>2026-09-13T15:13:18.038+02:00</time>
      <extensions>
        <activity type="UNKNOWN" conf="40" state="unknown" tsMs="1789305195904"/>
        <radio op="vodafone IT" rat="LTE" rsrp="-103" rsrq="-14"/>
        <radio op="I TIM" rat="LTE" rsrp="-99" rsrq="-16"/>
      </extensions>
    </trkpt>
    <trkpt lat="45.7500658" lon="10.7646296">
      <ele>116.04139671097366</ele>
      <time>2026-09-13T15:13:28.037+02:00</time>
      <extensions>
        <activity type="UNKNOWN" conf="40" state="unknown" tsMs="1789305206457"/>
        <radio op="vodafone IT" rat="LTE" rsrp="-107" rsrq="-12"/>
        <radio op="I TIM" rat="LTE" rsrp="-99" rsrq="-15"/>
      </extensions>
    </trkpt>
    <trkpt lat="45.7503454" lon="10.7643107">
      <ele>115.93531558994509</ele>
      <time>2026-09-13T15:13:38.037+02:00</time>
      <extensions>
        <activity type="UNKNOWN" conf="40" state="unknown" tsMs="1789305217078"/>
        <radio op="vodafone IT" rat="LTE" q="9.90" rsrp="-114" sinr="4" rsrq="-14"/>
        <radio op="I TIM" rat="LTE" q="20.80" rsrp="-99" sinr="3" rsrq="-14"/>
      </extensions>
    </trkpt>
    <trkpt lat="45.7504725" lon="10.76421">
      <ele>115.03931541234128</ele>
      <time>2026-09-13T15:13:49.037+02:00</time>
      <extensions>
        <activity type="UNKNOWN" conf="40" state="unknown" tsMs="1789305226189"/>
        <radio op="vodafone IT" rat="LTE" rsrp="-112" rsrq="-13"/>
        <radio op="I TIM" rat="LTE" q="16.10" rsrp="-102" sinr="2" rsrq="-12"/>
      </extensions>
    </trkpt>
    <trkpt lat="45.7504725" lon="10.76421">
      <ele>114.1098734244632</ele>
      <time>2026-09-13T15:13:59.037+02:00</time>
      <extensions>
        <activity type="UNKNOWN" conf="40" state="unknown" tsMs="1789305231442"/>
        <radio op="vodafone IT" rat="LTE" rsrp="-115" rsrq="-12"/>
        <radio op="I TIM" rat="LTE" rsrp="-102" rsrq="-13"/>
      </extensions>
    </trkpt>
    <trkpt lat="45.7504725" lon="10.76421">
      <ele>114.66242024206123</ele>
      <time>2026-09-13T15:14:09.037+02:00</time>
      <extensions>
        <activity type="UNKNOWN" conf="40" state="unknown" tsMs="1789305231442"/>
        <radio op="vodafone IT" rat="LTE" rsrp="-119" rsrq="-17"/>
        <radio op="I TIM" rat="LTE" rsrp="-111" rsrq="-16"/>
      </extensions>
    </trkpt>
    <trkpt lat="45.7506429" lon="10.7641271">
      <ele>114.249028267994</ele>
      <time>2026-09-13T15:14:19.037+02:00</time>
      <extensions>
        <activity type="UNKNOWN" conf="40" state="unknown" tsMs="1789305258807"/>
        <radio op="vodafone IT" rat="LTE" rsrp="-110" rsrq="-16"/>
        <radio op="I TIM" rat="LTE" q="8.00" rsrp="-109" sinr="0" rsrq="-14"/>
      </extensions>
    </trkpt>
    <trkpt lat="45.750771" lon="10.7640533">
      <ele>114.1498991886228</ele>
      <time>2026-09-13T15:14:29.038+02:00</time>
      <extensions>
        <activity type="UNKNOWN" conf="40" state="unknown" tsMs="1789305258807"/>
        <radio op="vodafone IT" rat="LTE" q="15.30" rsrp="-108" sinr="4" rsrq="-14"/>
        <radio op="I TIM" rat="LTE" q="9.60" rsrp="-109" sinr="1" rsrq="-14"/>
      </extensions>
    </trkpt>
    <trkpt lat="45.7508505" lon="10.7639916">
      <ele>113.90911966210945</ele>
      <time>2026-09-13T15:14:39.037+02:00</time>
      <extensions>
        <activity type="UNKNOWN" conf="40" state="unknown" tsMs="1789305262260"/>
        <radio op="vodafone IT" rat="LTE" rsrp="-120" rsrq="-19"/>
        <radio op="I TIM" rat="LTE" rsrp="-108" rsrq="-15"/>
      </extensions>
    </trkpt>
    <trkpt lat="45.7509158" lon="10.7639547">
      <ele>114.13522155894924</ele>
      <time>2026-09-13T15:14:49.037+02:00</time>
      <extensions>
        <activity type="UNKNOWN" conf="40" state="unknown" tsMs="1789305286665"/>
        <radio op="vodafone IT" rat="LTE" rsrp="-114" rsrq="-17"/>
        <radio op="I TIM" rat="LTE" rsrp="-110" rsrq="-15"/>
      </extensions>
    </trkpt>
    <trkpt lat="45.7509341" lon="10.7639219">
      <ele>114.73931072921673</ele>
      <time>2026-09-13T15:15:00.038+02:00</time>
      <extensions>
        <activity type="UNKNOWN" conf="40" state="unknown" tsMs="1789305286665"/>
        <radio op="vodafone IT" rat="LTE" rsrp="-119" rsrq="-14"/>
        <radio op="I TIM" rat="LTE" rsrp="-115" rsrq="-18"/>
      </extensions>
    </trkpt>
    <trkpt lat="45.7509701" lon="10.7638596">
      <ele>113.93815899990251</ele>
      <time>2026-09-13T15:15:10.038+02:00</time>
      <extensions>
        <activity type="UNKNOWN" conf="40" state="unknown" tsMs="1789305291935"/>
        <radio op="vodafone IT" rat="LTE" rsrp="-125" rsrq="-17"/>
        <radio op="I TIM" rat="LTE" rsrp="-108" rsrq="-15"/>
      </extensions>
    </trkpt>
    <trkpt lat="45.7510777" lon="10.7638022">
      <ele>113.83340460265119</ele>
      <time>2026-09-13T15:15:20.038+02:00</time>
      <extensions>
        <activity type="UNKNOWN" conf="40" state="unknown" tsMs="1789305316781"/>
        <radio op="vodafone IT" rat="LTE" rsrp="-120" rsrq="-14"/>
        <radio op="I TIM" rat="LTE" rsrp="-115" rsrq="-16"/>
      </extensions>
    </trkpt>
    <trkpt lat="45.7511573" lon="10.7637873">
      <ele>115.37514839068824</ele>
      <time>2026-09-13T15:15:30.038+02:00</time>
      <extensions>
        <activity type="UNKNOWN" conf="40" state="unknown" tsMs="1789305316781"/>
        <radio op="vodafone IT" rat="LTE" rsrp="-119" rsrq="-14"/>
        <radio op="I TIM" rat="LTE" rsrp="-108" rsrq="-14"/>
      </extensions>
    </trkpt>
    <trkpt lat="45.7512532" lon="10.7637402">
      <ele>115.53429860217483</ele>
      <time>2026-09-13T15:15:40.037+02:00</time>
      <extensions>
        <activity type="UNKNOWN" conf="40" state="unknown" tsMs="1789305321368"/>
        <radio op="vodafone IT" rat="LTE" rsrp="-121" rsrq="-17"/>
        <radio op="I TIM" rat="LTE" rsrp="-111" rsrq="-15"/>
      </extensions>
    </trkpt>
    <trkpt lat="45.7513003" lon="10.7636791">
      <ele>112.6656799188334</ele>
      <time>2026-09-13T15:15:50.038+02:00</time>
      <extensions>
        <activity type="UNKNOWN" conf="40" state="unknown" tsMs="1789305347746"/>
        <radio op="vodafone IT" rat="LTE" rsrp="-114" rsrq="-16"/>
        <radio op="I TIM" rat="LTE" rsrp="-113" rsrq="-16"/>
      </extensions>
    </trkpt>
    <trkpt lat="45.7513449" lon="10.7636501">
      <ele>111.22205421343851</ele>
      <time>2026-09-13T15:16:00.038+02:00</time>
      <extensions>
        <activity type="UNKNOWN" conf="40" state="unknown" tsMs="1789305347746"/>
        <radio op="vodafone IT" rat="LTE" rsrp="-120" rsrq="-16"/>
        <radio op="I TIM" rat="LTE" rsrp="-116" rsrq="-12"/>
      </extensions>
    </trkpt>
    <trkpt lat="45.7513887" lon="10.7636145">
      <ele>113.09651440496306</ele>
      <time>2026-09-13T15:16:11.038+02:00</time>
      <extensions>
        <activity type="UNKNOWN" conf="40" state="unknown" tsMs="1789305352946"/>
        <radio op="vodafone IT" rat="LTE" rsrp="-122" rsrq="-17"/>
        <radio op="I TIM" rat="LTE" rsrp="-112" rsrq="-18"/>
      </extensions>
    </trkpt>
    <trkpt lat="45.7514415" lon="10.7635728">
      <ele>113.58865203681393</ele>
      <time>2026-09-13T15:16:21.038+02:00</time>
      <extensions>
        <activity type="UNKNOWN" conf="40" state="unknown" tsMs="1789305376601"/>
        <radio op="vodafone IT" rat="LTE" rsrp="-122" rsrq="-18"/>
        <radio op="I TIM" rat="LTE" rsrp="-119" rsrq="-18"/>
      </extensions>
    </trkpt>
    <trkpt lat="45.7514947" lon="10.7635367">
      <ele>112.37043683725896</ele>
      <time>2026-09-13T15:16:31.038+02:00</time>
      <extensions>
        <activity type="UNKNOWN" conf="40" state="unknown" tsMs="1789305376601"/>
        <radio op="vodafone IT" rat="LTE" rsrp="-121" rsrq="-15"/>
        <radio op="I TIM" rat="LTE" rsrp="-122" rsrq="-19"/>
      </extensions>
    </trkpt>
    <trkpt lat="45.7515798" lon="10.7634962">
      <ele>111.21175567270062</ele>
      <time>2026-09-13T15:16:41.037+02:00</time>
      <extensions>
        <activity type="UNKNOWN" conf="40" state="unknown" tsMs="1789305381823"/>
        <radio op="vodafone IT" rat="LTE" rsrp="-102" rsrq="-14"/>
        <radio op="I TIM" rat="LTE" rsrp="-108" rsrq="-13"/>
      </extensions>
    </trkpt>
    <trkpt lat="45.7517241" lon="10.7633722">
      <ele>111.29065297108812</ele>
      <time>2026-09-13T15:16:51.037+02:00</time>
      <extensions>
        <activity type="UNKNOWN" conf="40" state="unknown" tsMs="1789305406779"/>
        <radio op="vodafone IT" rat="LTE" rsrp="-104" rsrq="-14"/>
        <radio op="I TIM" rat="LTE" rsrp="-105" rsrq="-13"/>
      </extensions>
    </trkpt>
    <trkpt lat="45.7519641" lon="10.7631387">
      <ele>115.07918474376598</ele>
      <time>2026-09-13T15:17:01.037+02:00</time>
      <extensions>
        <activity type="UNKNOWN" conf="40" state="unknown" tsMs="1789305417273"/>
        <radio op="vodafone IT" rat="LTE" q="24.30" rsrp="-98" sinr="4" rsrq="-9"/>
        <radio op="I TIM" rat="LTE" rsrp="-105" rsrq="-15"/>
      </extensions>
    </trkpt>
    <trkpt lat="45.7522255" lon="10.7627812">
      <ele>115.31905532497115</ele>
      <time>2026-09-13T15:17:11.038+02:00</time>
      <extensions>
        <activity type="UNKNOWN" conf="40" state="unknown" tsMs="1789305427726"/>
        <radio op="vodafone IT" rat="LTE" rsrp="-101" rsrq="-14"/>
        <radio op="I TIM" rat="LTE" rsrp="-105" rsrq="-15"/>
      </extensions>
    </trkpt>
    <trkpt lat="45.7523989" lon="10.7625437">
      <ele>115.38551583299711</ele>
      <time>2026-09-13T15:17:21.038+02:00</time>
      <extensions>
        <activity type="IN_VEHICLE" conf="87" state="moving" tsMs="1789305438237"/>
        <radio op="vodafone IT" rat="LTE" rsrq="-25"/>
        <radio op="I TIM" rat="LTE" rsrp="-113" rsrq="-17"/>
      </extensions>
    </trkpt>
    <trkpt lat="45.752447" lon="10.7625648">
      <ele>116.33532151010651</ele>
      <time>2026-09-13T15:17:32.037+02:00</time>
      <extensions>
        <activity type="UNKNOWN" conf="40" state="unknown" tsMs="1789305448457"/>
        <radio op="vodafone IT" rat="LTE" rsrp="-113" rsrq="-14"/>
        <radio op="I TIM" rat="LTE" rsrp="-118" rsrq="-14"/>
      </extensions>
    </trkpt>
    <trkpt lat="45.7525483" lon="10.7625171">
      <ele>113.74235479161922</ele>
      <time>2026-09-13T15:17:42.038+02:00</time>
      <extensions>
        <activity type="UNKNOWN" conf="40" state="unknown" tsMs="1789305448457"/>
        <radio op="vodafone IT" rat="LTE" rsrp="-110" rsrq="-18"/>
        <radio op="I TIM" rat="LTE" rsrp="-116" rsrq="-13"/>
      </extensions>
    </trkpt>
    <trkpt lat="45.7527448" lon="10.7623403">
      <ele>114.99204309339179</ele>
      <time>2026-09-13T15:17:52.038+02:00</time>
      <extensions>
        <activity type="UNKNOWN" conf="40" state="unknown" tsMs="1789305452171"/>
        <radio op="vodafone IT" rat="LTE" rsrp="-99" rsrq="-13"/>
        <radio op="I TIM" rat="LTE" rsrp="-106" rsrq="-13"/>
      </extensions>
    </trkpt>
    <trkpt lat="45.7530278" lon="10.7620299">
      <ele>119.61684971549828</ele>
      <time>2026-09-13T15:18:12.037+02:00</time>
      <extensions>
        <activity type="UNKNOWN" conf="40" state="unknown" tsMs="1789305471156"/>
        <radio op="vodafone IT" rat="LTE" rsrp="-119" rsrq="-16"/>
        <radio op="I TIM" rat="LTE" rsrp="-116" rsrq="-13"/>
      </extensions>
    </trkpt>
    <trkpt lat="45.7531184" lon="10.7619634">
      <ele>115.10794757455321</ele>
      <time>2026-09-13T15:18:32.038+02:00</time>
      <extensions>
        <activity type="STILL" conf="36" state="still" tsMs="1789305509699"/>
        <radio op="vodafone IT" rat="LTE" rsrp="-121" rsrq="-20"/>
        <radio op="I TIM" rat="LTE" rsrp="-119" rsrq="-15"/>
      </extensions>
    </trkpt>
    <trkpt lat="45.7531619" lon="10.7619205">
      <ele>115.43725061096141</ele>
      <time>2026-09-13T15:18:43.037+02:00</time>
      <extensions>
        <activity type="UNKNOWN" conf="40" state="unknown" tsMs="1789305514954"/>
        <radio op="vodafone IT" rat="LTE" rsrp="-122" rsrq="-15"/>
        <radio op="I TIM" rat="LTE" rsrp="-121" rsrq="-15"/>
      </extensions>
    </trkpt>
    <trkpt lat="45.7532244" lon="10.7618907">
      <ele>115.57569213749366</ele>
      <time>2026-09-13T15:18:53.037+02:00</time>
      <extensions>
        <activity type="UNKNOWN" conf="40" state="unknown" tsMs="1789305514954"/>
        <radio op="vodafone IT" rat="LTE" rsrp="-119" rsrq="-17"/>
        <radio op="I TIM" rat="LTE" rsrp="-117" rsrq="-14"/>
      </extensions>
    </trkpt>
    <trkpt lat="45.7532617" lon="10.7618413">
      <ele>112.30193321028176</ele>
      <time>2026-09-13T15:19:03.037+02:00</time>
      <extensions>
        <activity type="STILL" conf="98" state="still" tsMs="1789305538571"/>
        <radio op="vodafone IT" rat="LTE" rsrp="-118" rsrq="-15"/>
        <radio op="I TIM" rat="LTE" rsrp="-124" rsrq="-19"/>
      </extensions>
    </trkpt>
    <trkpt lat="45.753315" lon="10.7618023">
      <ele>112.52366689848051</ele>
      <time>2026-09-13T15:19:13.037+02:00</time>
      <extensions>
        <activity type="STILL" conf="97" state="still" tsMs="1789305543878"/>
        <radio op="vodafone IT" rat="LTE" rsrp="-122" rsrq="-16"/>
        <radio op="I TIM" rat="LTE" rsrp="-119" rsrq="-15"/>
      </extensions>
    </trkpt>
    <trkpt lat="45.753364" lon="10.7617802">
      <ele>119.21113890358424</ele>
      <time>2026-09-13T15:19:23.038+02:00</time>
      <extensions>
        <activity type="UNKNOWN" conf="40" state="unknown" tsMs="1789305549094"/>
        <radio op="vodafone IT" rat="LTE" rsrp="-118" rsrq="-16"/>
        <radio op="I TIM" rat="LTE" rsrp="-116" rsrq="-15"/>
      </extensions>
    </trkpt>
    <trkpt lat="45.7534187" lon="10.761752">
      <ele>119.68716298058206</ele>
      <time>2026-09-13T15:19:33.037+02:00</time>
      <extensions>
        <activity type="UNKNOWN" conf="40" state="unknown" tsMs="1789305572717"/>
        <radio op="vodafone IT" rat="LTE" rsrp="-121" rsrq="-16"/>
        <radio op="I TIM" rat="LTE" rsrp="-120" rsrq="-14"/>
      </extensions>
    </trkpt>
    <trkpt lat="45.7534706" lon="10.7617184">
      <ele>120.12011743352716</ele>
      <time>2026-09-13T15:19:43.038+02:00</time>
      <extensions>
        <activity type="UNKNOWN" conf="40" state="unknown" tsMs="1789305572717"/>
        <radio op="vodafone IT" rat="LTE" q="5.00" rsrp="-115" sinr="0" rsrq="-13"/>
        <radio op="I TIM" rat="LTE" rsrp="-119" rsrq="-15"/>
      </extensions>
    </trkpt>
    <trkpt lat="45.7535199" lon="10.7616697">
      <ele>120.62315517284101</ele>
      <time>2026-09-13T15:19:54.038+02:00</time>
      <extensions>
        <activity type="UNKNOWN" conf="40" state="unknown" tsMs="1789305577974"/>
        <radio op="vodafone IT" rat="LTE" rsrp="-114" rsrq="-15"/>
        <radio op="I TIM" rat="LTE" rsrp="-123" rsrq="-16"/>
      </extensions>
    </trkpt>
    <trkpt lat="45.7535807" lon="10.7616388">
      <ele>119.01211930867318</ele>
      <time>2026-09-13T15:20:04.038+02:00</time>
      <extensions>
        <activity type="UNKNOWN" conf="40" state="unknown" tsMs="1789305601681"/>
        <radio op="vodafone IT" rat="LTE" q="4.50" rsrp="-116" sinr="0" rsrq="-14"/>
        <radio op="I TIM" rat="LTE" rsrp="-121" rsrq="-18"/>
      </extensions>
    </trkpt>
    <trkpt lat="45.7536268" lon="10.7616057">
      <ele>119.74738957056098</ele>
      <time>2026-09-13T15:20:14.038+02:00</time>
      <extensions>
        <activity type="UNKNOWN" conf="40" state="unknown" tsMs="1789305601681"/>
        <radio op="vodafone IT" rat="LTE" q="3.00" rsrp="-120" sinr="1" rsrq="-17"/>
        <radio op="I TIM" rat="LTE" rsrp="-121" rsrq="-16"/>
      </extensions>
    </trkpt>
    <trkpt lat="45.753671" lon="10.761564">
      <ele>118.32267302194732</ele>
      <time>2026-09-13T15:20:24.037+02:00</time>
      <extensions>
        <activity type="UNKNOWN" conf="40" state="unknown" tsMs="1789305606931"/>
        <radio op="vodafone IT" rat="LTE" q="4.20" rsrp="-119" sinr="2" rsrq="-16"/>
        <radio op="I TIM" rat="LTE" rsrp="-124" rsrq="-18"/>
      </extensions>
    </trkpt>
    <trkpt lat="45.7537333" lon="10.7615234">
      <ele>123.04866057198394</ele>
      <time>2026-09-13T15:20:34.037+02:00</time>
      <extensions>
        <activity type="UNKNOWN" conf="40" state="unknown" tsMs="1789305630601"/>
        <radio op="vodafone IT" rat="LTE" rsrp="-118" rsrq="-18"/>
        <radio op="I TIM" rat="LTE" rsrp="-123" rsrq="-16"/>
      </extensions>
    </trkpt>
    <trkpt lat="45.7537757" lon="10.7614614">
      <ele>123.55412226463277</ele>
      <time>2026-09-13T15:20:44.037+02:00</time>
      <extensions>
        <activity type="UNKNOWN" conf="40" state="unknown" tsMs="1789305630601"/>
        <radio op="vodafone IT" rat="LTE" rsrp="-122" rsrq="-19"/>
        <radio op="I TIM" rat="LTE" rsrp="-123" rsrq="-17"/>
      </extensions>
    </trkpt>
    <trkpt lat="45.753821" lon="10.7614411">
      <ele>120.4885962332529</ele>
      <time>2026-09-13T15:20:54.037+02:00</time>
      <extensions>
        <activity type="UNKNOWN" conf="40" state="unknown" tsMs="1789305654215"/>
        <radio op="vodafone IT" rat="LTE" q="3.50" rsrp="-118" sinr="0" rsrq="-16"/>
        <radio op="I TIM" rat="LTE" rsrp="-122" rsrq="-16"/>
      </extensions>
    </trkpt>
    <trkpt lat="45.7538643" lon="10.7613933">
      <ele>117.25255762381067</ele>
      <time>2026-09-13T15:21:04.038+02:00</time>
      <extensions>
        <activity type="UNKNOWN" conf="40" state="unknown" tsMs="1789305659491"/>
        <radio op="vodafone IT" rat="LTE" q="6.00" rsrp="-113" sinr="0" rsrq="-13"/>
        <radio op="I TIM" rat="LTE" rsrp="-118" rsrq="-18"/>
      </extensions>
    </trkpt>
    <trkpt lat="45.7539009" lon="10.7613708">
      <ele>117.63115604430058</ele>
      <time>2026-09-13T15:21:15.037+02:00</time>
      <extensions>
        <activity type="UNKNOWN" conf="40" state="unknown" tsMs="1789305659491"/>
        <radio op="vodafone IT" rat="LTE" rsrp="-121" rsrq="-16"/>
        <radio op="I TIM" rat="LTE" rsrp="-130" rsrq="-21"/>
      </extensions>
    </trkpt>
    <trkpt lat="45.7539615" lon="10.7613412">
      <ele>121.63796373606017</ele>
      <time>2026-09-13T15:21:25.038+02:00</time>
      <extensions>
        <activity type="UNKNOWN" conf="40" state="unknown" tsMs="1789305683112"/>
        <radio op="vodafone IT" rat="LTE" rsrp="-114" rsrq="-15"/>
        <radio op="I TIM" rat="LTE" rsrp="-114" rsrq="-14"/>
      </extensions>
    </trkpt>
    <trkpt lat="45.7539945" lon="10.7613329">
      <ele>122.01305494669093</ele>
      <time>2026-09-13T15:21:35.037+02:00</time>
      <extensions>
        <activity type="UNKNOWN" conf="40" state="unknown" tsMs="1789305688384"/>
        <radio op="vodafone IT" rat="LTE" rsrp="-116" rsrq="-17"/>
        <radio op="I TIM" rat="LTE" rsrp="-123" rsrq="-17"/>
      </extensions>
    </trkpt>
    <trkpt lat="45.7540574" lon="10.7613082">
      <ele>119.92763038091118</ele>
      <time>2026-09-13T15:21:45.037+02:00</time>
      <extensions>
        <activity type="UNKNOWN" conf="40" state="unknown" tsMs="1789305688384"/>
        <radio op="vodafone IT" rat="LTE" rsrp="-116" rsrq="-13"/>
        <radio op="I TIM" rat="LTE" rsrp="-118" rsrq="-15"/>
      </extensions>
    </trkpt>
    <trkpt lat="45.7541133" lon="10.761291">
      <ele>120.62940810208131</ele>
      <time>2026-09-13T15:21:55.038+02:00</time>
      <extensions>
        <activity type="UNKNOWN" conf="40" state="unknown" tsMs="1789305710641"/>
        <radio op="vodafone IT" rat="LTE" rsrp="-118" rsrq="-16"/>
        <radio op="I TIM" rat="LTE" rsrp="-114" rsrq="-12"/>
      </extensions>
    </trkpt>
    <trkpt lat="45.7541641" lon="10.7612638">
      <ele>120.8718487043764</ele>
      <time>2026-09-13T15:22:05.038+02:00</time>
      <extensions>
        <activity type="UNKNOWN" conf="40" state="unknown" tsMs="1789305715943"/>
        <radio op="vodafone IT" rat="LTE" rsrp="-119" rsrq="-17"/>
        <radio op="I TIM" rat="LTE" rsrp="-117" rsrq="-16"/>
      </extensions>
    </trkpt>
    <trkpt lat="45.7541982" lon="10.7612137">
      <ele>119.9791634992527</ele>
      <time>2026-09-13T15:22:15.038+02:00</time>
      <extensions>
        <activity type="STILL" conf="100" state="still" tsMs="1789305721150"/>
        <radio op="vodafone IT" rat="LTE" rsrp="-121" rsrq="-15"/>
        <radio op="I TIM" rat="LTE" rsrp="-119" rsrq="-16"/>
      </extensions>
    </trkpt>
    <trkpt lat="45.7542768" lon="10.7611864">
      <ele>119.85903451351076</ele>
      <time>2026-09-13T15:22:26.037+02:00</time>
      <extensions>
        <activity type="UNKNOWN" conf="40" state="unknown" tsMs="1789305744829"/>
        <radio op="vodafone IT" rat="LTE" q="5.00" rsrp="-115" sinr="0" rsrq="-15"/>
        <radio op="I TIM" rat="LTE" rsrp="-123" rsrq="-17"/>
      </extensions>
    </trkpt>
    <trkpt lat="45.7543192" lon="10.7611266">
      <ele>120.86343383196223</ele>
      <time>2026-09-13T15:22:36.037+02:00</time>
      <extensions>
        <activity type="UNKNOWN" conf="40" state="unknown" tsMs="1789305744829"/>
        <radio op="vodafone IT" rat="LTE" rsrq="-25"/>
        <radio op="I TIM" rat="LTE" rsrp="-122" rsrq="-16"/>
      </extensions>
    </trkpt>
    <trkpt lat="45.7543272" lon="10.76111">
      <ele>114.53900549670604</ele>
      <time>2026-09-13T15:22:46.037+02:00</time>
      <extensions>
        <activity type="STILL" conf="49" state="still" tsMs="1789305750029"/>
        <radio op="vodafone IT" rat="LTE" rsrp="-122" rsrq="-14"/>
        <radio op="I TIM" rat="LTE" rsrp="-128" rsrq="-17"/>
      </extensions>
    </trkpt>
    <trkpt lat="45.7543838" lon="10.7610448">
      <ele>114.42706883564415</ele>
      <time>2026-09-13T15:22:56.037+02:00</time>
      <extensions>
        <activity type="UNKNOWN" conf="40" state="unknown" tsMs="1789305773699"/>
        <radio op="vodafone IT" rat="LTE" rsrp="-117" rsrq="-13"/>
        <radio op="I TIM" rat="LTE" q="0.00" rsrp="-127" sinr="2" rsrq="-16"/>
      </extensions>
    </trkpt>
    <trkpt lat="45.7544313" lon="10.761001">
      <ele>121.18648919155915</ele>
      <time>2026-09-13T15:23:06.037+02:00</time>
      <extensions>
        <activity type="UNKNOWN" conf="40" state="unknown" tsMs="1789305773699"/>
        <radio op="vodafone IT" rat="LTE" rsrp="-114" rsrq="-12"/>
        <radio op="I TIM" rat="LTE" rsrp="-123" rsrq="-18"/>
      </extensions>
    </trkpt>
    <trkpt lat="45.7544832" lon="10.7609466">
      <ele>117.37655312154915</ele>
      <time>2026-09-13T15:23:16.038+02:00</time>
      <extensions>
        <activity type="UNKNOWN" conf="40" state="unknown" tsMs="1789305778922"/>
        <radio op="vodafone IT" rat="LTE" rsrp="-124" rsrq="-18"/>
        <radio op="I TIM" rat="LTE" rsrp="-122" rsrq="-17"/>
      </extensions>
    </trkpt>
    <trkpt lat="45.7545332" lon="10.760905">
      <ele>117.48833122613223</ele>
      <time>2026-09-13T15:23:26.038+02:00</time>
      <extensions>
        <activity type="UNKNOWN" conf="40" state="unknown" tsMs="1789305802538"/>
        <radio op="vodafone IT" rat="LTE" rsrp="-124" rsrq="-19"/>
        <radio op="I TIM" rat="LTE" rsrp="-125" rsrq="-18"/>
      </extensions>
    </trkpt>
    <trkpt lat="45.7545807" lon="10.7608497">
      <ele>115.6524733259829</ele>
      <time>2026-09-13T15:23:36.037+02:00</time>
      <extensions>
        <activity type="UNKNOWN" conf="40" state="unknown" tsMs="1789305802538"/>
        <radio op="vodafone IT" rat="LTE" rsrp="-123" rsrq="-17"/>
        <radio op="I TIM" rat="LTE" rsrp="-130" rsrq="-20"/>
      </extensions>
    </trkpt>
    <trkpt lat="45.7545885" lon="10.7608013">
      <ele>114.9713059672131</ele>
      <time>2026-09-13T15:23:47.037+02:00</time>
      <extensions>
        <activity type="UNKNOWN" conf="40" state="unknown" tsMs="1789305826182"/>
        <radio op="vodafone IT" rat="LTE" rsrp="-128" rsrq="-17"/>
        <radio op="I TIM" rat="LTE" rsrp="-129" rsrq="-21"/>
      </extensions>
    </trkpt>
    <trkpt lat="45.7546486" lon="10.7607564">
      <ele>121.2675951926252</ele>
      <time>2026-09-13T15:23:57.037+02:00</time>
      <extensions>
        <activity type="UNKNOWN" conf="40" state="unknown" tsMs="1789305831429"/>
        <radio op="vodafone IT" rat="LTE" rsrp="-117" rsrq="-15"/>
        <radio op="I TIM" rat="LTE" rsrp="-123" rsrq="-18"/>
      </extensions>
    </trkpt>
    <trkpt lat="45.7547029" lon="10.7607164">
      <ele>123.17729971154972</ele>
      <time>2026-09-13T15:24:07.037+02:00</time>
      <extensions>
        <activity type="UNKNOWN" conf="40" state="unknown" tsMs="1789305831429"/>
        <radio op="vodafone IT" rat="LTE" rsrp="-118" rsrq="-17"/>
        <radio op="I TIM" rat="LTE" rsrp="-123" rsrq="-18"/>
      </extensions>
    </trkpt>
    <trkpt lat="45.7547536" lon="10.76067">
      <ele>123.50056611741388</ele>
      <time>2026-09-13T15:24:17.038+02:00</time>
      <extensions>
        <activity type="UNKNOWN" conf="40" state="unknown" tsMs="1789305855070"/>
        <radio op="vodafone IT" rat="LTE" rsrp="-115" rsrq="-16"/>
        <radio op="I TIM" rat="LTE" rsrp="-124" rsrq="-15"/>
      </extensions>
    </trkpt>
    <trkpt lat="45.7548157" lon="10.7606133">
      <ele>121.26347934663262</ele>
      <time>2026-09-13T15:24:27.125+02:00</time>
      <extensions>
        <activity type="UNKNOWN" conf="40" state="unknown" tsMs="1789305860388"/>
        <radio op="vodafone IT" rat="LTE" rsrp="-123" rsrq="-18"/>
        <radio op="I TIM" rat="LTE" rsrp="-118" rsrq="-17"/>
      </extensions>
    </trkpt>
    <trkpt lat="45.7548585" lon="10.7605651">
      <ele>116.6189232089092</ele>
      <time>2026-09-13T15:24:37.061+02:00</time>
      <extensions>
        <activity type="UNKNOWN" conf="40" state="unknown" tsMs="1789305860388"/>
        <radio op="vodafone IT" rat="LTE" rsrp="-116" rsrq="-17"/>
        <radio op="I TIM" rat="LTE" rsrp="-120" rsrq="-17"/>
      </extensions>
    </trkpt>
    <trkpt lat="45.7549023" lon="10.760523">
      <ele>109.12682099454375</ele>
      <time>2026-09-13T15:24:47.667+02:00</time>
      <extensions>
        <activity type="UNKNOWN" conf="40" state="unknown" tsMs="1789305885520"/>
        <radio op="vodafone IT" rat="LTE" q="3.50" rsrp="-118" sinr="0" rsrq="-16"/>
        <radio op="I TIM" rat="LTE" rsrp="-125" rsrq="-18"/>
      </extensions>
    </trkpt>
    <trkpt lat="45.754938" lon="10.7604825">
      <ele>110.56576439989664</ele>
      <time>2026-09-13T15:24:57.044+02:00</time>
      <extensions>
        <activity type="STILL" conf="96" state="still" tsMs="1789305890805"/>
        <radio op="vodafone IT" rat="LTE" rsrp="-126" rsrq="-17"/>
        <radio op="I TIM" rat="LTE" rsrp="-124" rsrq="-17"/>
      </extensions>
    </trkpt>
    <trkpt lat="45.7549841" lon="10.7604411">
      <ele>114.48497590859111</ele>
      <time>2026-09-13T15:25:08.094+02:00</time>
      <extensions>
        <activity type="STILL" conf="96" state="still" tsMs="1789305890805"/>
        <radio op="vodafone IT" rat="LTE" q="0.50" rsrp="-124" sinr="0" rsrq="-16"/>
        <radio op="I TIM" rat="LTE" rsrp="-126" rsrq="-18"/>
      </extensions>
    </trkpt>
    <trkpt lat="45.7550282" lon="10.7604132">
      <ele>114.12492935808116</ele>
      <time>2026-09-13T15:25:18.037+02:00</time>
      <extensions>
        <activity type="UNKNOWN" conf="40" state="unknown" tsMs="1789305914468"/>
        <radio op="vodafone IT" rat="LTE" q="1.80" rsrp="-122" sinr="1" rsrq="-13"/>
        <radio op="I TIM" rat="LTE" rsrp="-128" rsrq="-19"/>
      </extensions>
    </trkpt>
    <trkpt lat="45.7550636" lon="10.7603609">
      <ele>116.18027133517724</ele>
      <time>2026-09-13T15:25:28.077+02:00</time>
      <extensions>
        <activity type="UNKNOWN" conf="40" state="unknown" tsMs="1789305919745"/>
        <radio op="vodafone IT" rat="LTE" rsrp="-128" rsrq="-15"/>
        <radio op="I TIM" rat="LTE" rsrp="-132" rsrq="-21"/>
      </extensions>
    </trkpt>
    <trkpt lat="45.7551309" lon="10.7603284">
      <ele>120.70403413429756</ele>
      <time>2026-09-13T15:25:38.345+02:00</time>
      <extensions>
        <activity type="UNKNOWN" conf="40" state="unknown" tsMs="1789305936154"/>
        <radio op="vodafone IT" rat="LTE" q="7.20" rsrp="-113" sinr="1" rsrq="-13"/>
        <radio op="I TIM" rat="LTE" rsrp="-120" rsrq="-17"/>
      </extensions>
    </trkpt>
    <trkpt lat="45.7551962" lon="10.7603183">
      <ele>119.41390369394699</ele>
      <time>2026-09-13T15:25:48.053+02:00</time>
      <extensions>
        <activity type="UNKNOWN" conf="40" state="unknown" tsMs="1789305941424"/>
        <radio op="vodafone IT" rat="LTE" rsrp="-118" rsrq="-18"/>
        <radio op="I TIM" rat="LTE" rsrp="-123" rsrq="-18"/>
      </extensions>
    </trkpt>
    <trkpt lat="45.7552989" lon="10.7602246">
      <ele>119.22774464641975</ele>
      <time>2026-09-13T15:25:58.436+02:00</time>
      <extensions>
        <activity type="UNKNOWN" conf="40" state="unknown" tsMs="1789305941424"/>
        <radio op="vodafone IT" rat="LTE" rsrp="-105" rsrq="-12"/>
        <radio op="I TIM" rat="LTE" rsrp="-112" rsrq="-15"/>
      </extensions>
    </trkpt>
    <trkpt lat="45.7554322" lon="10.7601498">
      <ele>119.16747049698023</ele>
      <time>2026-09-13T15:26:08.136+02:00</time>
      <extensions>
        <activity type="UNKNOWN" conf="40" state="unknown" tsMs="1789305967082"/>
        <radio op="vodafone IT" rat="LTE" rsrp="-108" rsrq="-14"/>
        <radio op="I TIM" rat="LTE" rsrp="-107" rsrq="-15"/>
      </extensions>
    </trkpt>
    <trkpt lat="45.7556389" lon="10.7599861">
      <ele>122.54731165874449</ele>
      <time>2026-09-13T15:26:19.076+02:00</time>
      <extensions>
        <activity type="UNKNOWN" conf="40" state="unknown" tsMs="1789305967082"/>
        <radio op="vodafone IT" rat="LTE" rsrp="-111" rsrq="-12"/>
        <radio op="I TIM" rat="LTE" rsrp="-108" rsrq="-14"/>
      </extensions>
    </trkpt>
    <trkpt lat="45.7558963" lon="10.759678">
      <ele>124.43692803591931</ele>
      <time>2026-09-13T15:26:29.113+02:00</time>
      <extensions>
        <activity type="UNKNOWN" conf="40" state="unknown" tsMs="1789305972513"/>
        <radio op="vodafone IT" rat="LTE" rsrp="-105" rsrq="-15"/>
        <radio op="I TIM" rat="LTE" rsrp="-110" rsrq="-18"/>
      </extensions>
    </trkpt>
    <trkpt lat="45.7561408" lon="10.7593614">
      <ele>124.33098631472956</ele>
      <time>2026-09-13T15:26:39.321+02:00</time>
      <extensions>
        <activity type="UNKNOWN" conf="40" state="unknown" tsMs="1789305972513"/>
        <radio op="vodafone IT" rat="LTE" rsrp="-105" rsrq="-16"/>
        <radio op="I TIM" rat="LTE" rsrp="-107" rsrq="-16"/>
      </extensions>
    </trkpt>
    <trkpt lat="45.7563652" lon="10.759027">
      <ele>124.09511332824651</ele>
      <time>2026-09-13T15:26:49.083+02:00</time>
      <extensions>
        <activity type="UNKNOWN" conf="40" state="unknown" tsMs="1789305992616"/>
        <radio op="vodafone IT" rat="LTE" q="16.10" rsrp="-102" sinr="2" rsrq="-15"/>
        <radio op="I TIM" rat="LTE" rsrp="-107" rsrq="-14"/>
      </extensions>
    </trkpt>
    <trkpt lat="45.7565862" lon="10.7586007">
      <ele>124.49276538487307</ele>
      <time>2026-09-13T15:26:59.356+02:00</time>
      <extensions>
        <activity type="UNKNOWN" conf="40" state="unknown" tsMs="1789305992616"/>
        <radio op="vodafone IT" rat="LTE" rsrp="-105" rsrq="-15"/>
        <radio op="I TIM" rat="LTE" rsrp="-108" rsrq="-15"/>
      </extensions>
    </trkpt>
    <trkpt lat="45.7568209" lon="10.7581451">
      <ele>124.48467587674146</ele>
      <time>2026-09-13T15:27:09.037+02:00</time>
      <extensions>
        <activity type="UNKNOWN" conf="40" state="unknown" tsMs="1789306012786"/>
        <radio op="vodafone IT" rat="LTE" rsrp="-106" rsrq="-13"/>
        <radio op="I TIM" rat="LTE" rsrp="-109" rsrq="-16"/>
      </extensions>
    </trkpt>
    <trkpt lat="45.7570542" lon="10.7575004">
      <ele>125.13736393950022</ele>
      <time>2026-09-13T15:27:19.037+02:00</time>
      <extensions>
        <activity type="UNKNOWN" conf="40" state="unknown" tsMs="1789306034976"/>
        <radio op="vodafone IT" rat="LTE" rsrp="-103" rsrq="-14"/>
        <radio op="I TIM" rat="LTE" rsrp="-107" rsrq="-16"/>
      </extensions>
    </trkpt>
    <trkpt lat="45.7572425" lon="10.7568408">
      <ele>123.22904554719607</ele>
      <time>2026-09-13T15:27:29.038+02:00</time>
      <extensions>
        <activity type="UNKNOWN" conf="40" state="unknown" tsMs="1789306045847"/>
        <radio op="vodafone IT" rat="LTE" rsrp="-104" rsrq="-14"/>
        <radio op="I TIM" rat="LTE" rsrp="-108" rsrq="-16"/>
      </extensions>
    </trkpt>
    <trkpt lat="45.7573923" lon="10.7563392">
      <ele>123.17719427893151</ele>
      <time>2026-09-13T15:27:40.037+02:00</time>
      <extensions>
        <activity type="UNKNOWN" conf="40" state="unknown" tsMs="1789306056492"/>
        <radio op="vodafone IT" rat="LTE" rsrp="-108" rsrq="-15"/>
        <radio op="I TIM" rat="LTE" rsrp="-109" rsrq="-16"/>
      </extensions>
    </trkpt>
    <trkpt lat="45.7573258" lon="10.7567247">
      <ele>121.26965627264977</ele>
      <time>2026-09-13T15:27:50.037+02:00</time>
      <extensions>
        <activity type="UNKNOWN" conf="40" state="unknown" tsMs="1789306067072"/>
        <radio op="vodafone IT" rat="LTE" q="17.10" rsrp="-106" sinr="4" rsrq="-13"/>
        <radio op="I TIM" rat="LTE" rsrp="-108" rsrq="-17"/>
      </extensions>
    </trkpt>
    <trkpt lat="45.7570349" lon="10.7572342">
      <ele>123.65582810305627</ele>
      <time>2026-09-13T15:28:00.037+02:00</time>
      <extensions>
        <activity type="UNKNOWN" conf="40" state="unknown" tsMs="1789306077231"/>
        <radio op="vodafone IT" rat="LTE" q="14.70" rsrp="-104" sinr="2" rsrq="-12"/>
        <radio op="I TIM" rat="LTE" rsrp="-107" rsrq="-16"/>
      </extensions>
    </trkpt>
    <trkpt lat="45.7568066" lon="10.7577903">
      <ele>122.67361408389924</ele>
      <time>2026-09-13T15:28:10.037+02:00</time>
      <extensions>
        <activity type="UNKNOWN" conf="40" state="unknown" tsMs="1789306087739"/>
        <radio op="vodafone IT" rat="LTE" q="9.00" rsrp="-107" sinr="0" rsrq="-14"/>
        <radio op="I TIM" rat="LTE" rsrp="-109" rsrq="-17"/>
      </extensions>
    </trkpt>
    <trkpt lat="45.7564704" lon="10.7584149">
      <ele>122.01148979181617</ele>
      <time>2026-09-13T15:28:20.038+02:00</time>
      <extensions>
        <activity type="ON_BICYCLE" conf="84" state="moving" tsMs="1789306098567"/>
        <radio op="vodafone IT" rat="LTE" q="9.50" rsrp="-106" sinr="0" rsrq="-12"/>
        <radio op="I TIM" rat="LTE" rsrp="-108" rsrq="-16"/>
      </extensions>
    </trkpt>
    <trkpt lat="45.756258" lon="10.759014">
      <ele>123.66406710028524</ele>
      <time>2026-09-13T15:28:30.037+02:00</time>
      <extensions>
        <activity type="UNKNOWN" conf="40" state="unknown" tsMs="1789306109405"/>
        <radio op="vodafone IT" rat="LTE" q="12.80" rsrp="-109" sinr="3" rsrq="-14"/>
        <radio op="I TIM" rat="LTE" q="9.00" rsrp="-107" sinr="0" rsrq="-15"/>
      </extensions>
    </trkpt>
    <trkpt lat="45.7558988" lon="10.7596611">
      <ele>123.84979436838904</ele>
      <time>2026-09-13T15:28:40.037+02:00</time>
      <extensions>
        <activity type="UNKNOWN" conf="40" state="unknown" tsMs="1789306120284"/>
        <radio op="vodafone IT" rat="LTE" q="10.00" rsrp="-105" sinr="0" rsrq="-12"/>
        <radio op="I TIM" rat="LTE" rsrp="-106" rsrq="-17"/>
      </extensions>
    </trkpt>
    <trkpt lat="45.7557008" lon="10.7602024">
      <ele>125.25366529405031</ele>
      <time>2026-09-13T15:28:51.037+02:00</time>
      <extensions>
        <activity type="UNKNOWN" conf="40" state="unknown" tsMs="1789306125696"/>
        <radio op="vodafone IT" rat="LTE" q="12.60" rsrp="-107" sinr="2" rsrq="-13"/>
        <radio op="I TIM" rat="LTE" rsrp="-107" rsrq="-16"/>
      </extensions>
    </trkpt>
    <trkpt lat="45.7558525" lon="10.759988">
      <ele>121.58632705556997</ele>
      <time>2026-09-13T15:29:01.037+02:00</time>
      <extensions>
        <activity type="UNKNOWN" conf="40" state="unknown" tsMs="1789306136435"/>
        <radio op="vodafone IT" rat="LTE" q="9.50" rsrp="-106" sinr="0" rsrq="-12"/>
        <radio op="I TIM" rat="LTE" rsrp="-116" rsrq="-17"/>
      </extensions>
    </trkpt>
    <trkpt lat="45.7560178" lon="10.7596809">
      <ele>121.57420575383416</ele>
      <time>2026-09-13T15:29:11.038+02:00</time>
      <extensions>
        <activity type="UNKNOWN" conf="40" state="unknown" tsMs="1789306147040"/>
        <radio op="vodafone IT" rat="LTE" rsrp="-110" rsrq="-13"/>
        <radio op="I TIM" rat="LTE" rsrp="-109" rsrq="-15"/>
      </extensions>
    </trkpt>
    <trkpt lat="45.7560394" lon="10.7596339">
      <ele>124.26481497463227</ele>
      <time>2026-09-13T15:29:21.037+02:00</time>
      <extensions>
        <activity type="UNKNOWN" conf="40" state="unknown" tsMs="1789306161480"/>
        <radio op="vodafone IT" rat="LTE" rsrp="-120" rsrq="-16"/>
        <radio op="I TIM" rat="LTE" rsrp="-118" rsrq="-15"/>
      </extensions>
    </trkpt>
    <trkpt lat="45.7560394" lon="10.7596339">
      <ele>124.0596199701736</ele>
      <time>2026-09-13T15:29:31.038+02:00</time>
      <extensions>
        <activity type="UNKNOWN" conf="40" state="unknown" tsMs="1789306161480"/>
        <radio op="vodafone IT" rat="LTE" rsrp="-108" rsrq="-13"/>
        <radio op="I TIM" rat="LTE" rsrp="-116" rsrq="-16"/>
      </extensions>
    </trkpt>
    <trkpt lat="45.7563379" lon="10.7593075">
      <ele>123.09625334402847</ele>
      <time>2026-09-13T15:29:41.037+02:00</time>
      <extensions>
        <activity type="UNKNOWN" conf="40" state="unknown" tsMs="1789306165171"/>
        <radio op="vodafone IT" rat="LTE" rsrp="-107" rsrq="-12"/>
        <radio op="I TIM" rat="LTE" rsrp="-109" rsrq="-17"/>
      </extensions>
    </trkpt>
    <trkpt lat="45.7565267" lon="10.7589288">
      <ele>121.03016651729757</ele>
      <time>2026-09-13T15:29:51.037+02:00</time>
      <extensions>
        <activity type="UNKNOWN" conf="40" state="unknown" tsMs="1789306165171"/>
        <radio op="vodafone IT" rat="LTE" rsrp="-107" rsrq="-13"/>
        <radio op="I TIM" rat="LTE" rsrp="-109" rsrq="-16"/>
      </extensions>
    </trkpt>
    <trkpt lat="45.7567492" lon="10.7584434">
      <ele>121.87582822916681</ele>
      <time>2026-09-13T15:30:02.037+02:00</time>
      <extensions>
        <activity type="UNKNOWN" conf="40" state="unknown" tsMs="1789306184165"/>
        <radio op="vodafone IT" rat="LTE" rsrp="-105" rsrq="-14"/>
        <radio op="I TIM" rat="LTE" rsrp="-108" rsrq="-16"/>
      </extensions>
    </trkpt>
    <trkpt lat="45.7569667" lon="10.7579424">
      <ele>121.5999984741211</ele>
      <time>2026-09-13T15:30:12.038+02:00</time>
      <extensions>
        <activity type="UNKNOWN" conf="40" state="unknown" tsMs="1789306184165"/>
        <radio op="vodafone IT" rat="LTE" rsrp="-105" rsrq="-14"/>
        <radio op="I TIM" rat="LTE" rsrp="-110" rsrq="-16"/>
      </extensions>
    </trkpt>
    <trkpt lat="45.757054" lon="10.7577566">
      <ele>122.28404020322766</ele>
      <time>2026-09-13T15:30:22.037+02:00</time>
      <extensions>
        <activity type="UNKNOWN" conf="40" state="unknown" tsMs="1789306204345"/>
        <radio op="vodafone IT" rat="LTE" rsrp="-119" rsrq="-16"/>
        <radio op="I TIM" rat="LTE" rsrp="-116" rsrq="-12"/>
      </extensions>
    </trkpt>
    <trkpt lat="45.757054" lon="10.7577566">
      <ele>121.5999984741211</ele>
      <time>2026-09-13T15:30:32.037+02:00</time>
      <extensions>
        <activity type="UNKNOWN" conf="40" state="unknown" tsMs="1789306226234"/>
        <radio op="vodafone IT" rat="LTE" rsrp="-123" rsrq="-17"/>
        <radio op="I TIM" rat="LTE" rsrp="-121" rsrq="-17"/>
      </extensions>
    </trkpt>
    <trkpt lat="45.757054" lon="10.7577566">
      <ele>115.26774577682855</ele>
      <time>2026-09-13T15:30:42.037+02:00</time>
      <extensions>
        <activity type="UNKNOWN" conf="40" state="unknown" tsMs="1789306226234"/>
        <radio op="vodafone IT" rat="LTE" rsrp="-132" rsrq="-20"/>
        <radio op="I TIM" rat="LTE" rsrp="-127" rsrq="-20"/>
      </extensions>
    </trkpt>
    <trkpt lat="45.7571477" lon="10.7576705">
      <ele>98.87739595404867</ele>
      <time>2026-09-13T15:30:50.037+02:00</time>
      <extensions>
        <activity type="UNKNOWN" conf="40" state="unknown" tsMs="1789306249115"/>
        <radio op="vodafone IT" rat="OTHER"/>
        <radio op="I TIM" rat="LTE" rsrp="-140" rsrq="-25"/>
      </extensions>
    </trkpt>
    <trkpt lat="45.7571477" lon="10.7576705">
      <ele>56.224425859670376</ele>
      <time>2026-09-13T15:31:10.766+02:00</time>
      <extensions>
        <activity type="UNKNOWN" conf="40" state="unknown" tsMs="1789306254256"/>
        <radio op="vodafone IT" rat="LTE" rsrq="-20"/>
        <radio op="I TIM" rat="LTE" rsrq="-20"/>
      </extensions>
    </trkpt>
    <trkpt lat="45.7571477" lon="10.7576705">
      <ele>64.77816650832372</ele>
      <time>2026-09-13T15:31:18.05+02:00</time>
      <extensions>
        <activity type="UNKNOWN" conf="40" state="unknown" tsMs="1789306278049"/>
        <radio op="vodafone IT" rat="LTE" rsrq="-20"/>
        <radio op="I TIM" rat="LTE" rsrq="-20"/>
      </extensions>
    </trkpt>
    <trkpt lat="45.7571477" lon="10.7576705">
      <ele>66.07033053929362</ele>
      <time>2026-09-13T15:31:25.262+02:00</time>
      <extensions>
        <activity type="UNKNOWN" conf="40" state="unknown" tsMs="1789306283155"/>
        <radio op="vodafone IT" rat="LTE" rsrq="-20"/>
        <radio op="I TIM" rat="LTE" rsrq="-20"/>
      </extensions>
    </trkpt>
    <trkpt lat="45.7571477" lon="10.7576705">
      <ele>90.02822032662259</ele>
      <time>2026-09-13T15:31:39.709+02:00</time>
      <extensions>
        <activity type="UNKNOWN" conf="40" state="unknown" tsMs="1789306288678"/>
        <radio op="vodafone IT" rat="LTE" rsrp="-115" rsrq="-15"/>
        <radio op="I TIM" rat="WCDMA"/>
      </extensions>
    </trkpt>
    <trkpt lat="45.7571477" lon="10.7576705">
      <ele>125.6107975353256</ele>
      <time>2026-09-13T15:31:46.938+02:00</time>
      <extensions>
        <activity type="UNKNOWN" conf="40" state="unknown" tsMs="1789306312430"/>
        <radio op="vodafone IT" rat="LTE" q="10.20" rsrp="-108" sinr="1" rsrq="-14"/>
        <radio op="I TIM" rat="WCDMA"/>
      </extensions>
    </trkpt>
    <trkpt lat="45.757704" lon="10.7577273">
      <ele>121.5999984741211</ele>
      <time>2026-09-13T15:32:03.038+02:00</time>
      <extensions>
        <activity type="UNKNOWN" conf="40" state="unknown" tsMs="1789306312430"/>
        <radio op="vodafone IT" rat="LTE" rsrp="-110" rsrq="-13"/>
        <radio op="I TIM" rat="WCDMA"/>
      </extensions>
    </trkpt>
    <trkpt lat="45.7579475" lon="10.7577858">
      <ele>121.5999984741211</ele>
      <time>2026-09-13T15:32:13.037+02:00</time>
      <extensions>
        <activity type="UNKNOWN" conf="40" state="unknown" tsMs="1789306312430"/>
        <radio op="vodafone IT" rat="LTE" rsrp="-113" rsrq="-15"/>
        <radio op="I TIM" rat="WCDMA"/>
      </extensions>
    </trkpt>
    <trkpt lat="45.7581774" lon="10.7577409">
      <ele>121.5999984741211</ele>
      <time>2026-09-13T15:32:23.038+02:00</time>
      <extensions>
        <activity type="UNKNOWN" conf="40" state="unknown" tsMs="1789306317591"/>
        <radio op="vodafone IT" rat="LTE" rsrp="-112" rsrq="-16"/>
        <radio op="I TIM" rat="WCDMA"/>
      </extensions>
    </trkpt>
    <trkpt lat="45.7584074" lon="10.7579568">
      <ele>123.24874020909562</ele>
      <time>2026-09-13T15:32:44.037+02:00</time>
      <extensions>
        <activity type="UNKNOWN" conf="40" state="unknown" tsMs="1789306337750"/>
        <radio op="vodafone IT" rat="LTE" rsrp="-112" rsrq="-13"/>
        <radio op="I TIM" rat="WCDMA"/>
      </extensions>
    </trkpt>
    <trkpt lat="45.7584051" lon="10.7579511">
      <ele>121.5999984741211</ele>
      <time>2026-09-13T15:32:54.038+02:00</time>
      <extensions>
        <activity type="ON_BICYCLE" conf="80" state="moving" tsMs="1789306357892"/>
        <radio op="vodafone IT" rat="LTE" rsrp="-112" rsrq="-13"/>
        <radio op="I TIM" rat="WCDMA"/>
      </extensions>
    </trkpt>
    <trkpt lat="45.7583659" lon="10.7579203">
      <ele>121.5999984741211</ele>
      <time>2026-09-13T15:33:04.037+02:00</time>
      <extensions>
        <activity type="ON_BICYCLE" conf="73" state="moving" tsMs="1789306381614"/>
        <radio op="vodafone IT" rat="LTE" rsrp="-107" rsrq="-14"/>
        <radio op="I TIM" rat="WCDMA"/>
      </extensions>
    </trkpt>
    <trkpt lat="45.7583662" lon="10.7579186">
      <ele>117.30000305175781</ele>
      <time>2026-09-13T15:33:14.038+02:00</time>
      <extensions>
        <activity type="ON_BICYCLE" conf="73" state="moving" tsMs="1789306381614"/>
        <radio op="vodafone IT" rat="LTE" rsrp="-110" rsrq="-14"/>
        <radio op="I TIM" rat="WCDMA"/>
      </extensions>
    </trkpt>
    <trkpt lat="45.7583824" lon="10.7579365">
      <ele>117.30000305175781</ele>
      <time>2026-09-13T15:33:24.037+02:00</time>
      <extensions>
        <activity type="UNKNOWN" conf="40" state="unknown" tsMs="1789306386464"/>
        <radio op="vodafone IT" rat="LTE" rsrp="-112" rsrq="-13"/>
        <radio op="I TIM" rat="OTHER"/>
      </extensions>
    </trkpt>
    <trkpt lat="45.7584001" lon="10.7579671">
      <ele>117.4000015258789</ele>
      <time>2026-09-13T15:33:34.038+02:00</time>
      <extensions>
        <activity type="ON_BICYCLE" conf="82" state="moving" tsMs="1789306409979"/>
        <radio op="vodafone IT" rat="LTE" rsrp="-107" rsrq="-12"/>
        <radio op="I TIM" rat="OTHER"/>
      </extensions>
    </trkpt>
    <trkpt lat="45.7583881" lon="10.7579693">
      <ele>117.4000015258789</ele>
      <time>2026-09-13T15:33:44.037+02:00</time>
      <extensions>
        <activity type="ON_BICYCLE" conf="96" state="moving" tsMs="1789306415291"/>
        <radio op="vodafone IT" rat="LTE" q="24.20" rsrp="-103" sinr="6" rsrq="-11"/>
        <radio op="I TIM" rat="LTE" q="17.10" rsrp="-106" sinr="4" rsrq="-13"/>
      </extensions>
    </trkpt>
    <trkpt lat="45.7583923" lon="10.757999">
      <ele>117.5</ele>
      <time>2026-09-13T15:33:54.037+02:00</time>
      <extensions>
        <activity type="UNKNOWN" conf="40" state="unknown" tsMs="1789306419355"/>
        <radio op="vodafone IT" rat="LTE" q="13.20" rsrp="-103" sinr="1" rsrq="-10"/>
        <radio op="I TIM" rat="LTE" rsrp="-107" rsrq="-17"/>
      </extensions>
    </trkpt>
    <trkpt lat="45.7584403" lon="10.7580339">
      <ele>115.31508604956137</ele>
      <time>2026-09-13T15:34:05.038+02:00</time>
      <extensions>
        <activity type="UNKNOWN" conf="40" state="unknown" tsMs="1789306419355"/>
        <radio op="vodafone IT" rat="LTE" rsrp="-114" rsrq="-15"/>
        <radio op="I TIM" rat="LTE" rsrp="-112" rsrq="-18"/>
      </extensions>
    </trkpt>
    <trkpt lat="45.7585446" lon="10.7581302">
      <ele>117.19999694824219</ele>
      <time>2026-09-13T15:34:15.037+02:00</time>
      <extensions>
        <activity type="UNKNOWN" conf="40" state="unknown" tsMs="1789306439138"/>
        <radio op="vodafone IT" rat="LTE" rsrp="-110" rsrq="-15"/>
        <radio op="I TIM" rat="LTE" rsrp="-113" rsrq="-18"/>
      </extensions>
    </trkpt>
    <trkpt lat="45.7584202" lon="10.7580961">
      <ele>117.19999694824219</ele>
      <time>2026-09-13T15:34:25.037+02:00</time>
      <extensions>
        <activity type="UNKNOWN" conf="40" state="unknown" tsMs="1789306461681"/>
        <radio op="vodafone IT" rat="LTE" q="32.50" rsrp="-100" sinr="8" rsrq="-9"/>
        <radio op="I TIM" rat="LTE" rsrp="-109" rsrq="-17"/>
      </extensions>
    </trkpt>
    <trkpt lat="45.7582561" lon="10.7575206">
      <ele>117.19999694824219</ele>
      <time>2026-09-13T15:34:35.038+02:00</time>
      <extensions>
        <activity type="ON_BICYCLE" conf="61" state="moving" tsMs="1789306472211"/>
        <radio op="vodafone IT" rat="LTE" q="26.00" rsrp="-105" sinr="8" rsrq="-10"/>
        <radio op="I TIM" rat="LTE" rsrp="-101" rsrq="-14"/>
      </extensions>
    </trkpt>
    <trkpt lat="45.757994" lon="10.7568559">
      <ele>117.19999694824219</ele>
      <time>2026-09-13T15:34:45.038+02:00</time>
      <extensions>
        <activity type="ON_BICYCLE" conf="65" state="moving" tsMs="1789306482896"/>
        <radio op="vodafone IT" rat="LTE" q="11.90" rsrp="-108" sinr="2" rsrq="-9"/>
        <radio op="I TIM" rat="LTE" rsrp="-105" rsrq="-16"/>
      </extensions>
    </trkpt>
    <trkpt lat="45.7578486" lon="10.7565474">
      <ele>117.19999694824219</ele>
      <time>2026-09-13T15:34:55.037+02:00</time>
      <extensions>
        <activity type="UNKNOWN" conf="40" state="unknown" tsMs="1789306493532"/>
        <radio op="vodafone IT" rat="LTE" q="17.10" rsrp="-106" sinr="4" rsrq="-12"/>
        <radio op="I TIM" rat="LTE" rsrp="-108" rsrq="-18"/>
      </extensions>
    </trkpt>
    <trkpt lat="45.7574029" lon="10.7559297">
      <ele>117.19999694824219</ele>
      <time>2026-09-13T15:35:05.037+02:00</time>
      <extensions>
        <activity type="UNKNOWN" conf="40" state="unknown" tsMs="1789306504234"/>
        <radio op="vodafone IT" rat="LTE" rsrp="-96" rsrq="-10"/>
        <radio op="I TIM" rat="LTE" rsrp="-106" rsrq="-16"/>
      </extensions>
    </trkpt>
    <trkpt lat="45.7567691" lon="10.7553134">
      <ele>117.19999694824219</ele>
      <time>2026-09-13T15:35:16.038+02:00</time>
      <extensions>
        <activity type="UNKNOWN" conf="40" state="unknown" tsMs="1789306515077"/>
        <radio op="vodafone IT" rat="LTE" q="9.00" rsrp="-107" sinr="0" rsrq="-16"/>
        <radio op="I TIM" rat="LTE" rsrp="-105" rsrq="-17"/>
      </extensions>
    </trkpt>
    <trkpt lat="45.7562228" lon="10.7548926">
      <ele>117.19999694824219</ele>
      <time>2026-09-13T15:35:26.037+02:00</time>
      <extensions>
        <activity type="ON_BICYCLE" conf="87" state="moving" tsMs="1789306525968"/>
        <radio op="vodafone IT" rat="LTE" q="26.40" rsrp="-101" sinr="6" rsrq="-10"/>
        <radio op="I TIM" rat="LTE" rsrp="-105" rsrq="-15"/>
      </extensions>
    </trkpt>
    <trkpt lat="45.7557145" lon="10.7545812">
      <ele>112.6260313215047</ele>
      <time>2026-09-13T15:35:36.037+02:00</time>
      <extensions>
        <activity type="ON_BICYCLE" conf="71" state="moving" tsMs="1789306531423"/>
        <radio op="vodafone IT" rat="LTE" q="20.00" rsrp="-100" sinr="3" rsrq="-14"/>
        <radio op="I TIM" rat="LTE" rsrp="-109" rsrq="-18"/>
      </extensions>
    </trkpt>
    <trkpt lat="45.7551976" lon="10.7542488">
      <ele>117.19999694824219</ele>
      <time>2026-09-13T15:35:46.038+02:00</time>
      <extensions>
        <activity type="IN_VEHICLE" conf="97" state="moving" tsMs="1789306542263"/>
        <radio op="vodafone IT" rat="LTE" q="19.00" rsrp="-106" sinr="5" rsrq="-12"/>
        <radio op="I TIM" rat="LTE" q="9.50" rsrp="-106" sinr="0" rsrq="-15"/>
      </extensions>
    </trkpt>
    <trkpt lat="45.7546419" lon="10.753886">
      <ele>118.69080253984006</ele>
      <time>2026-09-13T15:35:56.038+02:00</time>
      <extensions>
        <activity type="IN_VEHICLE" conf="96" state="moving" tsMs="1789306553104"/>
        <radio op="vodafone IT" rat="LTE" q="18.90" rsrp="-104" sinr="4" rsrq="-12"/>
        <radio op="I TIM" rat="LTE" rsrp="-105" rsrq="-15"/>
      </extensions>
    </trkpt>
    <trkpt lat="45.7541003" lon="10.7534721">
      <ele>118.40759960854902</ele>
      <time>2026-09-13T15:36:06.038+02:00</time>
      <extensions>
        <activity type="IN_VEHICLE" conf="95" state="moving" tsMs="1789306563920"/>
        <radio op="vodafone IT" rat="LTE" rsrp="-109" rsrq="-14"/>
        <radio op="I TIM" rat="LTE" rsrp="-104" rsrq="-16"/>
      </extensions>
    </trkpt>
    <trkpt lat="45.7536356" lon="10.7530537">
      <ele>117.7407133921261</ele>
      <time>2026-09-13T15:36:16.037+02:00</time>
      <extensions>
        <activity type="IN_VEHICLE" conf="87" state="moving" tsMs="1789306574789"/>
        <radio op="vodafone IT" rat="LTE" q="14.00" rsrp="-105" sinr="2" rsrq="-11"/>
        <radio op="I TIM" rat="LTE" rsrp="-103" rsrq="-15"/>
      </extensions>
    </trkpt>
    <trkpt lat="45.7536244" lon="10.7522795">
      <ele>116.8394831125263</ele>
      <time>2026-09-13T15:36:27.037+02:00</time>
      <extensions>
        <activity type="IN_VEHICLE" conf="89" state="moving" tsMs="1789306585694"/>
        <radio op="vodafone IT" rat="LTE" q="10.20" rsrp="-108" sinr="1" rsrq="-9"/>
        <radio op="I TIM" rat="LTE" rsrp="-104" rsrq="-15"/>
      </extensions>
    </trkpt>
    <trkpt lat="45.7535997" lon="10.7518995">
      <ele>117.90436716540157</ele>
      <time>2026-09-13T15:36:37.037+02:00</time>
      <extensions>
        <activity type="IN_VEHICLE" conf="92" state="moving" tsMs="1789306596286"/>
        <radio op="vodafone IT" rat="LTE" q="13.30" rsrp="-106" sinr="2" rsrq="-9"/>
        <radio op="I TIM" rat="LTE" rsrp="-99" rsrq="-14"/>
      </extensions>
    </trkpt>
    <trkpt lat="45.7536233" lon="10.7517346">
      <ele>112.43711711681296</ele>
      <time>2026-09-13T15:36:47.037+02:00</time>
      <extensions>
        <activity type="UNKNOWN" conf="40" state="unknown" tsMs="1789306606186"/>
        <radio op="vodafone IT" rat="LTE" q="9.00" rsrp="-107" sinr="0" rsrq="-13"/>
        <radio op="I TIM" rat="LTE" rsrp="-106" rsrq="-15"/>
      </extensions>
    </trkpt>
    <trkpt lat="45.7536233" lon="10.7517346">
      <ele>109.34784493808317</ele>
      <time>2026-09-13T15:36:57.038+02:00</time>
      <extensions>
        <activity type="UNKNOWN" conf="40" state="unknown" tsMs="1789306616585"/>
        <radio op="vodafone IT" rat="LTE" q="32.40" rsrp="-98" sinr="7" rsrq="-7"/>
        <radio op="I TIM" rat="LTE" rsrp="-99" rsrq="-15"/>
      </extensions>
    </trkpt>
    <trkpt lat="45.7536233" lon="10.7517346">
      <ele>109.93452495060659</ele>
      <time>2026-09-13T15:37:07.038+02:00</time>
      <extensions>
        <activity type="UNKNOWN" conf="40" state="unknown" tsMs="1789306616585"/>
        <radio op="vodafone IT" rat="LTE" q="15.00" rsrp="-100" sinr="1" rsrq="-10"/>
        <radio op="I TIM" rat="LTE" rsrp="-102" rsrq="-16"/>
      </extensions>
    </trkpt>
    <trkpt lat="45.7536233" lon="10.7517346">
      <ele>106.44620603745153</ele>
      <time>2026-09-13T15:37:17.037+02:00</time>
      <extensions>
        <activity type="UNKNOWN" conf="40" state="unknown" tsMs="1789306620572"/>
        <radio op="vodafone IT" rat="LTE" rsrp="-110" rsrq="-15"/>
        <radio op="I TIM" rat="LTE" rsrp="-107" rsrq="-17"/>
      </extensions>
    </trkpt>
    <trkpt lat="45.7536233" lon="10.7517346">
      <ele>108.83833129430923</ele>
      <time>2026-09-13T15:37:27.037+02:00</time>
      <extensions>
        <activity type="UNKNOWN" conf="40" state="unknown" tsMs="1789306620572"/>
        <radio op="vodafone IT" rat="LTE" rsrp="-100" rsrq="-10"/>
        <radio op="I TIM" rat="LTE" rsrp="-109" rsrq="-16"/>
      </extensions>
    </trkpt>
    <trkpt lat="45.7536233" lon="10.7517346">
      <ele>109.24121426660884</ele>
      <time>2026-09-13T15:37:37.037+02:00</time>
      <extensions>
        <activity type="UNKNOWN" conf="40" state="unknown" tsMs="1789306637594"/>
        <radio op="vodafone IT" rat="LTE" q="18.90" rsrp="-104" sinr="4" rsrq="-10"/>
        <radio op="I TIM" rat="LTE" rsrp="-101" rsrq="-15"/>
      </extensions>
    </trkpt>
    <trkpt lat="45.7536233" lon="10.7517346">
      <ele>107.75646439568827</ele>
      <time>2026-09-13T15:37:47.038+02:00</time>
      <extensions>
        <activity type="UNKNOWN" conf="40" state="unknown" tsMs="1789306655704"/>
        <radio op="vodafone IT" rat="LTE" rsrp="-114" rsrq="-13"/>
        <radio op="I TIM" rat="LTE" rsrp="-111" rsrq="-19"/>
      </extensions>
    </trkpt>
    <trkpt lat="45.7536233" lon="10.7517346">
      <ele>104.39708193073581</ele>
      <time>2026-09-13T15:37:57.037+02:00</time>
      <extensions>
        <activity type="UNKNOWN" conf="40" state="unknown" tsMs="1789306655704"/>
        <radio op="vodafone IT" rat="LTE" q="28.60" rsrp="-99" sinr="6" rsrq="-10"/>
        <radio op="I TIM" rat="LTE" rsrp="-108" rsrq="-16"/>
      </extensions>
    </trkpt>
    <trkpt lat="45.7536233" lon="10.7517346">
      <ele>103.69538688020262</ele>
      <time>2026-09-13T15:38:08.037+02:00</time>
      <extensions>
        <activity type="UNKNOWN" conf="40" state="unknown" tsMs="1789306672587"/>
        <radio op="vodafone IT" rat="LTE" q="14.70" rsrp="-104" sinr="2" rsrq="-12"/>
        <radio op="I TIM" rat="LTE" rsrp="-106" rsrq="-15"/>
      </extensions>
    </trkpt>
    <trkpt lat="45.7536233" lon="10.7517346">
      <ele>106.24819349638238</ele>
      <time>2026-09-13T15:38:18.038+02:00</time>
      <extensions>
        <activity type="UNKNOWN" conf="40" state="unknown" tsMs="1789306672587"/>
        <radio op="vodafone IT" rat="LTE" q="14.40" rsrp="-101" sinr="1" rsrq="-11"/>
        <radio op="I TIM" rat="LTE" rsrp="-102" rsrq="-14"/>
      </extensions>
    </trkpt>
    <trkpt lat="45.7536233" lon="10.7517346">
      <ele>104.24029837601707</ele>
      <time>2026-09-13T15:38:28.038+02:00</time>
      <extensions>
        <activity type="UNKNOWN" conf="40" state="unknown" tsMs="1789306690610"/>
        <radio op="vodafone IT" rat="LTE" rsrp="-108" rsrq="-14"/>
        <radio op="I TIM" rat="LTE" rsrp="-104" rsrq="-15"/>
      </extensions>
    </trkpt>
    <trkpt lat="45.7536233" lon="10.7517346">
      <ele>104.12486123356264</ele>
      <time>2026-09-13T15:38:38.037+02:00</time>
      <extensions>
        <activity type="UNKNOWN" conf="40" state="unknown" tsMs="1789306690610"/>
        <radio op="vodafone IT" rat="LTE" q="7.00" rsrp="-111" sinr="0" rsrq="-14"/>
        <radio op="I TIM" rat="LTE" rsrp="-106" rsrq="-15"/>
      </extensions>
    </trkpt>
    <trkpt lat="45.7536233" lon="10.7517346">
      <ele>108.18934174176457</ele>
      <time>2026-09-13T15:38:48.038+02:00</time>
      <extensions>
        <activity type="UNKNOWN" conf="40" state="unknown" tsMs="1789306708733"/>
        <radio op="vodafone IT" rat="LTE" q="11.50" rsrp="-102" sinr="0" rsrq="-11"/>
        <radio op="I TIM" rat="LTE" rsrp="-106" rsrq="-16"/>
      </extensions>
    </trkpt>
    <trkpt lat="45.7536895" lon="10.7516032">
      <ele>106.70534496192495</ele>
      <time>2026-09-13T15:38:58.037+02:00</time>
      <extensions>
        <activity type="UNKNOWN" conf="40" state="unknown" tsMs="1789306726993"/>
        <radio op="vodafone IT" rat="LTE" rsrp="-106" rsrq="-14"/>
        <radio op="I TIM" rat="LTE" rsrp="-105" rsrq="-16"/>
      </extensions>
    </trkpt>
    <trkpt lat="45.7537536" lon="10.75155">
      <ele>103.70844602168881</ele>
      <time>2026-09-13T15:39:08.038+02:00</time>
      <extensions>
        <activity type="UNKNOWN" conf="40" state="unknown" tsMs="1789306726993"/>
        <radio op="vodafone IT" rat="LTE" q="16.80" rsrp="-101" sinr="2" rsrq="-12"/>
        <radio op="I TIM" rat="LTE" rsrp="-107" rsrq="-16"/>
      </extensions>
    </trkpt>
    <trkpt lat="45.7538865" lon="10.7515249">
      <ele>104.26643548542269</ele>
      <time>2026-09-13T15:39:19.068+02:00</time>
      <extensions>
        <activity type="ON_FOOT" conf="87" state="moving" tsMs="1789306743578"/>
        <radio op="vodafone IT" rat="LTE" q="18.40" rsrp="-102" sinr="3" rsrq="-12"/>
        <radio op="I TIM" rat="LTE" rsrp="-106" rsrq="-17"/>
      </extensions>
    </trkpt>
    <trkpt lat="45.7539659" lon="10.7514902">
      <ele>106.19754804583602</ele>
      <time>2026-09-13T15:39:29.105+02:00</time>
      <extensions>
        <activity type="ON_FOOT" conf="87" state="moving" tsMs="1789306743578"/>
        <radio op="vodafone IT" rat="LTE" q="13.00" rsrp="-99" sinr="0" rsrq="-10"/>
        <radio op="I TIM" rat="LTE" rsrp="-101" rsrq="-16"/>
      </extensions>
    </trkpt>
    <trkpt lat="45.7539649" lon="10.751498">
      <ele>111.81575746392659</ele>
      <time>2026-09-13T15:39:39.038+02:00</time>
      <extensions>
        <activity type="ON_FOOT" conf="88" state="moving" tsMs="1789306761782"/>
        <radio op="vodafone IT" rat="LTE" q="14.00" rsrp="-97" sinr="0" rsrq="-11"/>
        <radio op="I TIM" rat="LTE" rsrp="-97" rsrq="-15"/>
      </extensions>
    </trkpt>
    <trkpt lat="45.7539567" lon="10.7514995">
      <ele>109.55636709413747</ele>
      <time>2026-09-13T15:39:49.072+02:00</time>
      <extensions>
        <activity type="ON_FOOT" conf="88" state="moving" tsMs="1789306761782"/>
        <radio op="vodafone IT" rat="LTE" q="8.40" rsrp="-111" sinr="1" rsrq="-16"/>
        <radio op="I TIM" rat="LTE" rsrp="-98" rsrq="-15"/>
      </extensions>
    </trkpt>
    <trkpt lat="45.7539543" lon="10.7515079">
      <ele>108.22864422409256</ele>
      <time>2026-09-13T15:39:59.111+02:00</time>
      <extensions>
        <activity type="UNKNOWN" conf="40" state="unknown" tsMs="1789306779911"/>
        <radio op="vodafone IT" rat="LTE" q="28.00" rsrp="-97" sinr="5" rsrq="-12"/>
        <radio op="I TIM" rat="LTE" rsrp="-100" rsrq="-16"/>
      </extensions>
    </trkpt>
    <trkpt lat="45.7539669" lon="10.7515001">
      <ele>108.70103836205082</ele>
      <time>2026-09-13T15:40:09.794+02:00</time>
      <extensions>
        <activity type="UNKNOWN" conf="40" state="unknown" tsMs="1789306779911"/>
        <radio op="vodafone IT" rat="LTE" q="18.00" rsrp="-95" sinr="1" rsrq="-9"/>
        <radio op="I TIM" rat="LTE" rsrp="-96" rsrq="-15"/>
      </extensions>
    </trkpt>
    <trkpt lat="45.7539673" lon="10.7515157">
      <ele>109.32405211661627</ele>
      <time>2026-09-13T15:40:19.075+02:00</time>
      <extensions>
        <activity type="UNKNOWN" conf="40" state="unknown" tsMs="1789306798140"/>
        <radio op="vodafone IT" rat="LTE" q="24.00" rsrp="-105" sinr="7" rsrq="-10"/>
        <radio op="I TIM" rat="LTE" rsrp="-108" rsrq="-17"/>
      </extensions>
    </trkpt>
    <trkpt lat="45.7539461" lon="10.7515255">
      <ele>109.54302295187692</ele>
      <time>2026-09-13T15:40:30.113+02:00</time>
      <extensions>
        <activity type="UNKNOWN" conf="40" state="unknown" tsMs="1789306815854"/>
        <radio op="vodafone IT" rat="LTE" q="32.20" rsrp="-102" sinr="9" rsrq="-10"/>
        <radio op="I TIM" rat="LTE" rsrp="-107" rsrq="-17"/>
      </extensions>
    </trkpt>
    <trkpt lat="45.7539402" lon="10.7515334">
      <ele>112.0455110994814</ele>
      <time>2026-09-13T15:40:40.04+02:00</time>
      <extensions>
        <activity type="UNKNOWN" conf="40" state="unknown" tsMs="1789306815854"/>
        <radio op="vodafone IT" rat="LTE" q="15.30" rsrp="-108" sinr="4" rsrq="-13"/>
        <radio op="I TIM" rat="LTE" rsrp="-103" rsrq="-15"/>
      </extensions>
    </trkpt>
    <trkpt lat="45.7539469" lon="10.7515165">
      <ele>108.00141659131154</ele>
      <time>2026-09-13T15:40:50.075+02:00</time>
      <extensions>
        <activity type="UNKNOWN" conf="40" state="unknown" tsMs="1789306834075"/>
        <radio op="vodafone IT" rat="LTE" q="35.10" rsrp="-98" sinr="8" rsrq="-10"/>
        <radio op="I TIM" rat="LTE" rsrp="-102" rsrq="-16"/>
      </extensions>
    </trkpt>
    <trkpt lat="45.7539692" lon="10.7514726">
      <ele>108.77296899591374</ele>
      <time>2026-09-13T15:41:00.333+02:00</time>
      <extensions>
        <activity type="UNKNOWN" conf="40" state="unknown" tsMs="1789306834075"/>
        <radio op="vodafone IT" rat="LTE" q="22.40" rsrp="-97" sinr="3" rsrq="-11"/>
        <radio op="I TIM" rat="LTE" rsrp="-100" rsrq="-16"/>
      </extensions>
    </trkpt>
    <trkpt lat="45.7539738" lon="10.7514416">
      <ele>107.88594487957128</ele>
      <time>2026-09-13T15:41:10.04+02:00</time>
      <extensions>
        <activity type="UNKNOWN" conf="40" state="unknown" tsMs="1789306852229"/>
        <radio op="vodafone IT" rat="LTE" q="23.20" rsrp="-96" sinr="3" rsrq="-10"/>
        <radio op="I TIM" rat="LTE" q="21.00" rsrp="-95" sinr="2" rsrq="-15"/>
      </extensions>
    </trkpt>
    <trkpt lat="45.753961" lon="10.7514633">
      <ele>108.71713126273553</ele>
      <time>2026-09-13T15:41:20.08+02:00</time>
      <extensions>
        <activity type="UNKNOWN" conf="40" state="unknown" tsMs="1789306852229"/>
        <radio op="vodafone IT" rat="LTE" q="17.60" rsrp="-103" sinr="3" rsrq="-13"/>
        <radio op="I TIM" rat="LTE" rsrp="-101" rsrq="-14"/>
      </extensions>
    </trkpt>
    <trkpt lat="45.7539495" lon="10.7514822">
      <ele>112.16110306212272</ele>
      <time>2026-09-13T15:41:30.038+02:00</time>
      <extensions>
        <activity type="UNKNOWN" conf="40" state="unknown" tsMs="1789306870440"/>
        <radio op="vodafone IT" rat="LTE" q="20.80" rsrp="-99" sinr="3" rsrq="-10"/>
        <radio op="I TIM" rat="LTE" rsrp="-101" rsrq="-15"/>
      </extensions>
    </trkpt>
    <trkpt lat="45.7539351" lon="10.7514999">
      <ele>107.57794394794034</ele>
      <time>2026-09-13T15:41:40.054+02:00</time>
      <extensions>
        <activity type="UNKNOWN" conf="40" state="unknown" tsMs="1789306888586"/>
        <radio op="vodafone IT" rat="LTE" q="24.20" rsrp="-103" sinr="6" rsrq="-13"/>
        <radio op="I TIM" rat="LTE" rsrp="-106" rsrq="-17"/>
      </extensions>
    </trkpt>
    <trkpt lat="45.75393" lon="10.751531">
      <ele>108.54666451973787</ele>
      <time>2026-09-13T15:41:51.097+02:00</time>
      <extensions>
        <activity type="UNKNOWN" conf="40" state="unknown" tsMs="1789306888586"/>
        <radio op="vodafone IT" rat="LTE" q="9.00" rsrp="-110" sinr="1" rsrq="-13"/>
        <radio op="I TIM" rat="LTE" rsrp="-103" rsrq="-17"/>
      </extensions>
    </trkpt>
    <trkpt lat="45.753935" lon="10.7515256">
      <ele>104.87164474018833</ele>
      <time>2026-09-13T15:42:01.139+02:00</time>
      <extensions>
        <activity type="UNKNOWN" conf="40" state="unknown" tsMs="1789306905576"/>
        <radio op="vodafone IT" rat="LTE" q="17.00" rsrp="-108" sinr="5" rsrq="-13"/>
        <radio op="I TIM" rat="LTE" rsrp="-107" rsrq="-16"/>
      </extensions>
    </trkpt>
    <trkpt lat="45.7539296" lon="10.7515355">
      <ele>108.84020430938921</ele>
      <time>2026-09-13T15:42:11.072+02:00</time>
      <extensions>
        <activity type="UNKNOWN" conf="40" state="unknown" tsMs="1789306905576"/>
        <radio op="vodafone IT" rat="LTE" q="27.50" rsrp="-100" sinr="6" rsrq="-12"/>
        <radio op="I TIM" rat="LTE" rsrp="-104" rsrq="-16"/>
      </extensions>
    </trkpt>
    <trkpt lat="45.7539363" lon="10.7515299">
      <ele>109.77171385339017</ele>
      <time>2026-09-13T15:42:21.116+02:00</time>
      <extensions>
        <activity type="UNKNOWN" conf="40" state="unknown" tsMs="1789306923805"/>
        <radio op="vodafone IT" rat="LTE" q="13.80" rsrp="-102" sinr="1" rsrq="-11"/>
        <radio op="I TIM" rat="LTE" rsrp="-105" rsrq="-17"/>
      </extensions>
    </trkpt>
    <trkpt lat="45.7539727" lon="10.7514998">
      <ele>105.99056864840908</ele>
      <time>2026-09-13T15:42:31.516+02:00</time>
      <extensions>
        <activity type="UNKNOWN" conf="40" state="unknown" tsMs="1789306923805"/>
        <radio op="vodafone IT" rat="LTE" q="15.20" rsrp="-106" sinr="3" rsrq="-13"/>
        <radio op="I TIM" rat="LTE" rsrp="-105" rsrq="-17"/>
      </extensions>
    </trkpt>
    <trkpt lat="45.7540463" lon="10.7514102">
      <ele>105.19112769519415</ele>
      <time>2026-09-13T15:42:41.815+02:00</time>
      <extensions>
        <activity type="UNKNOWN" conf="40" state="unknown" tsMs="1789306941933"/>
        <radio op="vodafone IT" rat="LTE" q="10.80" rsrp="-107" sinr="1" rsrq="-14"/>
        <radio op="I TIM" rat="LTE" rsrp="-107" rsrq="-16"/>
      </extensions>
    </trkpt>
    <trkpt lat="45.7540904" lon="10.7512563">
      <ele>103.46450541428749</ele>
      <time>2026-09-13T15:42:51.819+02:00</time>
      <extensions>
        <activity type="UNKNOWN" conf="40" state="unknown" tsMs="1789306941933"/>
        <radio op="vodafone IT" rat="LTE" q="12.80" rsrp="-109" sinr="3" rsrq="-14"/>
        <radio op="I TIM" rat="LTE" rsrp="-104" rsrq="-16"/>
      </extensions>
    </trkpt>
    <trkpt lat="45.7541592" lon="10.7511688">
      <ele>104.98570871365132</ele>
      <time>2026-09-13T15:43:02.07+02:00</time>
      <extensions>
        <activity type="ON_FOOT" conf="90" state="moving" tsMs="1789306960057"/>
        <radio op="vodafone IT" rat="LTE" q="21.60" rsrp="-101" sinr="4" rsrq="-10"/>
        <radio op="I TIM" rat="LTE" rsrp="-102" rsrq="-15"/>
      </extensions>
    </trkpt>
    <trkpt lat="45.7541393" lon="10.7511391">
      <ele>107.11493177173138</ele>
      <time>2026-09-13T15:43:12.037+02:00</time>
      <extensions>
        <activity type="UNKNOWN" conf="40" state="unknown" tsMs="1789306978289"/>
        <radio op="vodafone IT" rat="LTE" q="23.40" rsrp="-99" sinr="4" rsrq="-9"/>
        <radio op="I TIM" rat="LTE" rsrp="-94" rsrq="-13"/>
      </extensions>
    </trkpt>
    <trkpt lat="45.7541359" lon="10.7511401">
      <ele>106.95423172505224</ele>
      <time>2026-09-13T15:43:22.153+02:00</time>
      <extensions>
        <activity type="UNKNOWN" conf="40" state="unknown" tsMs="1789306978289"/>
        <radio op="vodafone IT" rat="LTE" q="42.00" rsrp="-95" sinr="9" rsrq="-9"/>
        <radio op="I TIM" rat="LTE" rsrp="-97" rsrq="-14"/>
      </extensions>
    </trkpt>
    <trkpt lat="45.7541506" lon="10.7511296">
      <ele>111.00805191083549</ele>
      <time>2026-09-13T15:43:32.083+02:00</time>
      <extensions>
        <activity type="STILL" conf="29" state="still" tsMs="1789306996505"/>
        <radio op="vodafone IT" rat="LTE" q="18.00" rsrp="-105" sinr="4" rsrq="-11"/>
        <radio op="I TIM" rat="LTE" rsrp="-95" rsrq="-14"/>
      </extensions>
    </trkpt>
    <trkpt lat="45.7541498" lon="10.7511217">
      <ele>110.98101370656994</ele>
      <time>2026-09-13T15:43:42.127+02:00</time>
      <extensions>
        <activity type="STILL" conf="29" state="still" tsMs="1789306996505"/>
        <radio op="vodafone IT" rat="LTE" q="10.80" rsrp="-107" sinr="1" rsrq="-10"/>
        <radio op="I TIM" rat="LTE" q="13.00" rsrp="-99" sinr="0" rsrq="-14"/>
      </extensions>
    </trkpt>
    <trkpt lat="45.7541362" lon="10.7511182">
      <ele>109.31031638175172</ele>
      <time>2026-09-13T15:43:52.057+02:00</time>
      <extensions>
        <activity type="UNKNOWN" conf="40" state="unknown" tsMs="1789307014638"/>
        <radio op="vodafone IT" rat="LTE" q="28.80" rsrp="-89" sinr="3" rsrq="-11"/>
        <radio op="I TIM" rat="LTE" rsrp="-91" rsrq="-15"/>
      </extensions>
    </trkpt>
    <trkpt lat="45.7541424" lon="10.7511397">
      <ele>109.71484507205024</ele>
      <time>2026-09-13T15:44:02.049+02:00</time>
      <extensions>
        <activity type="UNKNOWN" conf="40" state="unknown" tsMs="1789307014638"/>
        <radio op="vodafone IT" rat="LTE" q="27.20" rsrp="-91" sinr="3" rsrq="-10"/>
        <radio op="I TIM" rat="LTE" q="19.50" rsrp="-86" sinr="0" rsrq="-15"/>
      </extensions>
    </trkpt>
    <trkpt lat="45.754493" lon="10.7510797">
      <ele>101.41700832232942</ele>
      <time>2026-09-13T15:44:41.292+02:00</time>
      <extensions>
        <activity type="STILL" conf="44" state="still" tsMs="1789307076468"/>
        <radio op="vodafone IT" rat="LTE" q="18.90" rsrp="-98" sinr="2" rsrq="-11"/>
        <radio op="I TIM" rat="LTE" rsrp="-96" rsrq="-15"/>
      </extensions>
    </trkpt>
    <trkpt lat="45.7544383" lon="10.7509016">
      <ele>105.35519942891986</ele>
      <time>2026-09-13T15:45:17.318+02:00</time>
      <extensions>
        <activity type="STILL" conf="99" state="still" tsMs="1789307115031"/>
        <radio op="vodafone IT" rat="LTE" q="17.50" rsrp="-100" sinr="2" rsrq="-11"/>
        <radio op="I TIM" rat="LTE" rsrp="-99" rsrq="-15"/>
      </extensions>
    </trkpt>
    <trkpt lat="45.75453" lon="10.7510773">
      <ele>104.66293934351556</ele>
      <time>2026-09-13T15:45:48.466+02:00</time>
      <extensions>
        <activity type="STILL" conf="99" state="still" tsMs="1789307145231"/>
        <radio op="vodafone IT" rat="LTE" q="13.80" rsrp="-102" sinr="1" rsrq="-12"/>
        <radio op="I TIM" rat="LTE" rsrp="-100" rsrq="-14"/>
      </extensions>
    </trkpt>
    <trkpt lat="45.7544121" lon="10.7508272">
      <ele>101.94225517990823</ele>
      <time>2026-09-13T15:46:19.633+02:00</time>
      <extensions>
        <activity type="STILL" conf="99" state="still" tsMs="1789307176377"/>
        <radio op="vodafone IT" rat="LTE" q="12.50" rsrp="-100" sinr="0" rsrq="-11"/>
        <radio op="I TIM" rat="LTE" rsrp="-99" rsrq="-15"/>
      </extensions>
    </trkpt>
    <trkpt lat="45.7543004" lon="10.7511756">
      <ele>104.626531181757</ele>
      <time>2026-09-13T15:46:50.816+02:00</time>
      <extensions>
        <activity type="STILL" conf="99" state="still" tsMs="1789307207462"/>
        <radio op="vodafone IT" rat="LTE" q="26.00" rsrp="-99" sinr="5" rsrq="-10"/>
        <radio op="I TIM" rat="LTE" rsrp="-98" rsrq="-15"/>
      </extensions>
    </trkpt>
    <trkpt lat="45.7545433" lon="10.7511532">
      <ele>105.02798798068677</ele>
      <time>2026-09-13T15:47:21.943+02:00</time>
      <extensions>
        <activity type="STILL" conf="99" state="still" tsMs="1789307238675"/>
        <radio op="vodafone IT" rat="LTE" q="14.40" rsrp="-101" sinr="1" rsrq="-11"/>
        <radio op="I TIM" rat="LTE" rsrp="-99" rsrq="-14"/>
      </extensions>
    </trkpt>
    <trkpt lat="45.7545667" lon="10.7511365">
      <ele>104.12410582518814</ele>
      <time>2026-09-13T15:47:53.113+02:00</time>
      <extensions>
        <activity type="STILL" conf="99" state="still" tsMs="1789307269846"/>
        <radio op="vodafone IT" rat="LTE" rsrp="-102" rsrq="-14"/>
        <radio op="I TIM" rat="LTE" rsrp="-99" rsrq="-16"/>
      </extensions>
    </trkpt>
    <trkpt lat="45.754509" lon="10.7509187">
      <ele>104.37326276275637</ele>
      <time>2026-09-13T15:48:24.317+02:00</time>
      <extensions>
        <activity type="UNKNOWN" conf="40" state="unknown" tsMs="1789307301052"/>
        <radio op="vodafone IT" rat="LTE" rsrp="-102" rsrq="-14"/>
        <radio op="I TIM" rat="LTE" q="15.00" rsrp="-110" sinr="5" rsrq="-11"/>
      </extensions>
    </trkpt>
    <trkpt lat="45.7545693" lon="10.7511657">
      <ele>104.68335298765463</ele>
      <time>2026-09-13T15:48:55.49+02:00</time>
      <extensions>
        <activity type="STILL" conf="99" state="still" tsMs="1789307332242"/>
        <radio op="vodafone IT" rat="LTE" rsrp="-103" rsrq="-16"/>
        <radio op="I TIM" rat="LTE" q="19.80" rsrp="-107" sinr="6" rsrq="-12"/>
      </extensions>
    </trkpt>
    <trkpt lat="45.7546003" lon="10.75096">
      <ele>103.92923459277534</ele>
      <time>2026-09-13T15:49:35.132+02:00</time>
      <extensions>
        <activity type="STILL" conf="99" state="still" tsMs="1789307374199"/>
        <radio op="vodafone IT" rat="LTE" rsrp="-100" rsrq="-11"/>
        <radio op="I TIM" rat="LTE" q="17.00" rsrp="-108" sinr="5" rsrq="-10"/>
      </extensions>
    </trkpt>
    <trkpt lat="45.7544735" lon="10.7509605">
      <ele>103.45754632519223</ele>
      <time>2026-09-13T15:50:06.625+02:00</time>
      <extensions>
        <activity type="STILL" conf="99" state="still" tsMs="1789307400476"/>
        <radio op="vodafone IT" rat="LTE" rsrp="-102" rsrq="-14"/>
        <radio op="I TIM" rat="LTE" q="18.00" rsrp="-107" sinr="5" rsrq="-9"/>
      </extensions>
    </trkpt>
    <trkpt lat="45.7544547" lon="10.7508187">
      <ele>101.08054888323647</ele>
      <time>2026-09-13T15:50:49.321+02:00</time>
      <extensions>
        <activity type="STILL" conf="99" state="still" tsMs="1789307445463"/>
        <radio op="vodafone IT" rat="LTE" rsrp="-103" rsrq="-13"/>
        <radio op="I TIM" rat="LTE" q="10.50" rsrp="-110" sinr="2" rsrq="-11"/>
      </extensions>
    </trkpt>
    <trkpt lat="45.7542767" lon="10.7511379">
      <ele>97.49488466504249</ele>
      <time>2026-09-13T15:51:20.477+02:00</time>
      <extensions>
        <activity type="STILL" conf="97" state="still" tsMs="1789307475883"/>
        <radio op="vodafone IT" rat="LTE" rsrp="-103" rsrq="-13"/>
        <radio op="I TIM" rat="LTE" q="11.20" rsrp="-111" sinr="3" rsrq="-11"/>
      </extensions>
    </trkpt>
    <trkpt lat="45.7540816" lon="10.7512503">
      <ele>89.55161986490972</ele>
      <time>2026-09-13T15:52:04.038+02:00</time>
      <extensions>
        <activity type="UNKNOWN" conf="40" state="unknown" tsMs="1789307519052"/>
        <radio op="vodafone IT" rat="LTE" q="21.60" rsrp="-98" sinr="3" rsrq="-11"/>
        <radio op="I TIM" rat="LTE" q="25.60" rsrp="-93" sinr="3" rsrq="-15"/>
      </extensions>
    </trkpt>
    <trkpt lat="45.7540329" lon="10.7511739">
      <ele>87.04083869636528</ele>
      <time>2026-09-13T15:52:35.964+02:00</time>
      <extensions>
        <activity type="ON_FOOT" conf="92" state="moving" tsMs="1789307550956"/>
        <radio op="vodafone IT" rat="LTE" q="27.90" rsrp="-94" sinr="4" rsrq="-8"/>
        <radio op="I TIM" rat="LTE" rsrp="-90" rsrq="-14"/>
      </extensions>
    </trkpt>
    <trkpt lat="45.7544176" lon="10.751118">
      <ele>85.02189936951035</ele>
      <time>2026-09-13T15:53:08.57+02:00</time>
      <extensions>
        <activity type="UNKNOWN" conf="40" state="unknown" tsMs="1789307583688"/>
        <radio op="vodafone IT" rat="LTE" q="27.90" rsrp="-94" sinr="4" rsrq="-11"/>
        <radio op="I TIM" rat="LTE" rsrp="-104" rsrq="-16"/>
      </extensions>
    </trkpt>
    <trkpt lat="45.7548826" lon="10.7511434">
      <ele>68.50662858496953</ele>
      <time>2026-09-13T15:53:39.685+02:00</time>
      <extensions>
        <activity type="UNKNOWN" conf="40" state="unknown" tsMs="1789307613482"/>
        <radio op="vodafone IT" rat="LTE" q="14.70" rsrp="-104" sinr="2" rsrq="-10"/>
        <radio op="I TIM" rat="LTE" rsrp="-98" rsrq="-13"/>
      </extensions>
    </trkpt>
    <trkpt lat="45.7547683" lon="10.7510777">
      <ele>69.38898422161893</ele>
      <time>2026-09-13T15:54:12.929+02:00</time>
      <extensions>
        <activity type="UNKNOWN" conf="40" state="unknown" tsMs="1789307651053"/>
        <radio op="vodafone IT" rat="LTE" q="35.20" rsrp="-93" sinr="6" rsrq="-13"/>
        <radio op="I TIM" rat="LTE" rsrp="-96" rsrq="-15"/>
      </extensions>
    </trkpt>
    <trkpt lat="45.7541204" lon="10.7511847">
      <ele>63.83325102701863</ele>
      <time>2026-09-13T15:54:44.601+02:00</time>
      <extensions>
        <activity type="ON_FOOT" conf="89" state="moving" tsMs="1789307656164"/>
        <radio op="vodafone IT" rat="LTE" q="31.00" rsrp="-94" sinr="5" rsrq="-9"/>
        <radio op="I TIM" rat="LTE" rsrp="-95" rsrq="-14"/>
      </extensions>
    </trkpt>
    <trkpt lat="45.7540889" lon="10.7511581">
      <ele>55.74879663362769</ele>
      <time>2026-09-13T15:55:15.81+02:00</time>
      <extensions>
        <activity type="STILL" conf="70" state="still" tsMs="1789307712527"/>
        <radio op="vodafone IT" rat="LTE" rsrp="-106" rsrq="-10"/>
        <radio op="I TIM" rat="LTE" rsrp="-99" rsrq="-16"/>
      </extensions>
    </trkpt>
    <trkpt lat="45.7540171" lon="10.7511739">
      <ele>52.299885908206036</ele>
      <time>2026-09-13T15:55:47.494+02:00</time>
      <extensions>
        <activity type="STILL" conf="64" state="still" tsMs="1789307749630"/>
        <radio op="vodafone IT" rat="LTE" q="18.60" rsrp="-94" sinr="1" rsrq="-10"/>
        <radio op="I TIM" rat="LTE" rsrp="-93" rsrq="-15"/>
      </extensions>
    </trkpt>
    <trkpt lat="45.754159" lon="10.7511347">
      <ele>34.24843975052528</ele>
      <time>2026-09-13T15:56:17.447+02:00</time>
      <extensions>
        <activity type="UNKNOWN" conf="40" state="unknown" tsMs="1789307775293"/>
        <radio op="vodafone IT" rat="LTE" rsrp="-89" rsrq="-12"/>
        <radio op="I TIM" rat="LTE" rsrp="-88" rsrq="-15"/>
      </extensions>
    </trkpt>
    <trkpt lat="45.7540271" lon="10.7511646">
      <ele>17.207173325190993</ele>
      <time>2026-09-13T15:56:50.987+02:00</time>
      <extensions>
        <activity type="STILL" conf="48" state="still" tsMs="1789307807396"/>
        <radio op="vodafone IT" rat="LTE" rsrp="-105" rsrq="-14"/>
        <radio op="I TIM" rat="LTE" rsrp="-103" rsrq="-15"/>
      </extensions>
    </trkpt>
    <trkpt lat="45.7545291" lon="10.7510598">
      <ele>10.153112980929748</ele>
      <time>2026-09-13T15:57:25.084+02:00</time>
      <extensions>
        <activity type="UNKNOWN" conf="40" state="unknown" tsMs="1789307844080"/>
        <radio op="vodafone IT" rat="LTE" q="25.60" rsrp="-93" sinr="3" rsrq="-11"/>
        <radio op="I TIM" rat="LTE" q="22.20" rsrp="-88" sinr="1" rsrq="-13"/>
      </extensions>
    </trkpt>
    <trkpt lat="45.7541117" lon="10.7511695">
      <ele>-1.8341679738375944</ele>
      <time>2026-09-13T15:58:09.571+02:00</time>
      <extensions>
        <activity type="UNKNOWN" conf="40" state="unknown" tsMs="1789307887495"/>
        <radio op="vodafone IT" rat="LTE" rsrp="-106" rsrq="-12"/>
        <radio op="I TIM" rat="LTE" rsrp="-103" rsrq="-15"/>
      </extensions>
    </trkpt>
    <trkpt lat="45.7540399" lon="10.751163">
      <ele>13.128784830369014</ele>
      <time>2026-09-13T15:59:00.45+02:00</time>
      <extensions>
        <activity type="UNKNOWN" conf="40" state="unknown" tsMs="1789307937494"/>
        <radio op="vodafone IT" rat="LTE" q="16.00" rsrp="-105" sinr="3" rsrq="-11"/>
        <radio op="I TIM" rat="LTE" q="13.50" rsrp="-98" sinr="0" rsrq="-14"/>
      </extensions>
    </trkpt>
    <trkpt lat="45.7539945" lon="10.7511755">
      <ele>1.895925152055753</ele>
      <time>2026-09-13T15:59:38.131+02:00</time>
      <extensions>
        <activity type="STILL" conf="76" state="still" tsMs="1789307977365"/>
        <radio op="vodafone IT" rat="LTE" q="15.40" rsrp="-103" sinr="2" rsrq="-10"/>
        <radio op="I TIM" rat="LTE" rsrp="-97" rsrq="-15"/>
      </extensions>
    </trkpt>
    <trkpt lat="45.7542866" lon="10.7511342">
      <ele>2.9442683108634355</ele>
      <time>2026-09-13T16:00:11.512+02:00</time>
      <extensions>
        <activity type="STILL" conf="55" state="still" tsMs="1789308009501"/>
        <radio op="vodafone IT" rat="LTE" q="24.20" rsrp="-103" sinr="6" rsrq="-9"/>
        <radio op="I TIM" rat="LTE" q="20.30" rsrp="-96" sinr="2" rsrq="-14"/>
      </extensions>
    </trkpt>
    <trkpt lat="45.7540161" lon="10.7511615">
      <ele>-2.3568299073342587</ele>
      <time>2026-09-13T16:00:56.422+02:00</time>
      <extensions>
        <activity type="STILL" conf="99" state="still" tsMs="1789308053904"/>
        <radio op="vodafone IT" rat="LTE" q="11.00" rsrp="-103" sinr="0" rsrq="-11"/>
        <radio op="I TIM" rat="LTE" rsrp="-102" rsrq="-15"/>
      </extensions>
    </trkpt>
    <trkpt lat="45.7541304" lon="10.7511548">
      <ele>12.882246689532721</ele>
      <time>2026-09-13T16:01:35.07+02:00</time>
      <extensions>
        <activity type="UNKNOWN" conf="40" state="unknown" tsMs="1789308094477"/>
        <radio op="vodafone IT" rat="LTE" q="33.00" rsrp="-92" sinr="5" rsrq="-10"/>
        <radio op="I TIM" rat="LTE" q="16.50" rsrp="-92" sinr="0" rsrq="-14"/>
      </extensions>
    </trkpt>
    <trkpt lat="45.7540278" lon="10.7511644">
      <ele>14.421265191831552</ele>
      <time>2026-09-13T16:02:14.905+02:00</time>
      <extensions>
        <activity type="UNKNOWN" conf="40" state="unknown" tsMs="1789308132929"/>
        <radio op="vodafone IT" rat="LTE" q="34.80" rsrp="-96" sinr="7" rsrq="-11"/>
        <radio op="I TIM" rat="LTE" rsrp="-91" rsrq="-14"/>
      </extensions>
    </trkpt>
    <trkpt lat="45.7540753" lon="10.7513942">
      <ele>3.7219519068767966</ele>
      <time>2026-09-13T16:03:07.34+02:00</time>
      <extensions>
        <activity type="STILL" conf="56" state="still" tsMs="1789308183890"/>
        <radio op="vodafone IT" rat="LTE" q="20.80" rsrp="-99" sinr="3" rsrq="-9"/>
        <radio op="I TIM" rat="LTE" rsrp="-94" rsrq="-15"/>
      </extensions>
    </trkpt>
    <trkpt lat="45.7541161" lon="10.7513075">
      <ele>116.80000305175781</ele>
      <time>2026-09-13T16:03:36.04+02:00</time>
      <extensions>
        <activity type="UNKNOWN" conf="40" state="unknown" tsMs="1789308209705"/>
        <radio op="vodafone IT" rat="LTE" q="31.00" rsrp="-94" sinr="5" rsrq="-12"/>
        <radio op="I TIM" rat="LTE" rsrp="-96" rsrq="-15"/>
      </extensions>
    </trkpt>
    <trkpt lat="45.7541156" lon="10.7513079">
      <ele>2.3594343915285947</ele>
      <time>2026-09-13T16:04:10.846+02:00</time>
      <extensions>
        <activity type="UNKNOWN" conf="40" state="unknown" tsMs="1789308249469"/>
        <radio op="vodafone IT" rat="LTE" q="26.00" rsrp="-99" sinr="5" rsrq="-10"/>
        <radio op="I TIM" rat="LTE" rsrp="-89" rsrq="-14"/>
      </extensions>
    </trkpt>
    <trkpt lat="45.7541273" lon="10.7513222">
      <ele>2.8149466108634726</ele>
      <time>2026-09-13T16:04:48.039+02:00</time>
      <extensions>
        <activity type="UNKNOWN" conf="40" state="unknown" tsMs="1789308281833"/>
        <radio op="vodafone IT" rat="LTE" q="25.30" rsrp="-102" sinr="6" rsrq="-10"/>
        <radio op="I TIM" rat="LTE" rsrp="-89" rsrq="-14"/>
      </extensions>
    </trkpt>
    <trkpt lat="45.7541277" lon="10.7513221">
      <ele>6.640781044056297</ele>
      <time>2026-09-13T16:05:25.077+02:00</time>
      <extensions>
        <activity type="UNKNOWN" conf="40" state="unknown" tsMs="1789308323728"/>
        <radio op="vodafone IT" rat="LTE" rsrp="-104" rsrq="-12"/>
        <radio op="I TIM" rat="LTE" rsrp="-91" rsrq="-15"/>
      </extensions>
    </trkpt>
    <trkpt lat="45.7545468" lon="10.7511227">
      <ele>7.054208706251359</ele>
      <time>2026-09-13T16:05:56.301+02:00</time>
      <extensions>
        <activity type="UNKNOWN" conf="40" state="unknown" tsMs="1789308356018"/>
        <radio op="vodafone IT" rat="LTE" q="21.60" rsrp="-98" sinr="3" rsrq="-9"/>
        <radio op="I TIM" rat="LTE" rsrp="-90" rsrq="-15"/>
      </extensions>
    </trkpt>
    <trkpt lat="45.7545105" lon="10.7508544">
      <ele>10.594200853233929</ele>
      <time>2026-09-13T16:06:27.479+02:00</time>
      <extensions>
        <activity type="UNKNOWN" conf="40" state="unknown" tsMs="1789308381903"/>
        <radio op="vodafone IT" rat="LTE" q="13.80" rsrp="-102" sinr="1" rsrq="-9"/>
        <radio op="I TIM" rat="LTE" q="17.40" rsrp="-96" sinr="1" rsrq="-13"/>
      </extensions>
    </trkpt>
    <trkpt lat="45.7545514" lon="10.7511206">
      <ele>4.761843600893826</ele>
      <time>2026-09-13T16:06:58.973+02:00</time>
      <extensions>
        <activity type="UNKNOWN" conf="40" state="unknown" tsMs="1789308412969"/>
        <radio op="vodafone IT" rat="LTE" q="10.00" rsrp="-105" sinr="0" rsrq="-10"/>
        <radio op="I TIM" rat="LTE" rsrp="-99" rsrq="-15"/>
      </extensions>
    </trkpt>
    <trkpt lat="45.7541084" lon="10.7513202">
      <ele>17.991541500351417</ele>
      <time>2026-09-13T16:07:43.039+02:00</time>
      <extensions>
        <activity type="UNKNOWN" conf="40" state="unknown" tsMs="1789308454990"/>
        <radio op="vodafone IT" rat="LTE" q="27.00" rsrp="-98" sinr="5" rsrq="-11"/>
        <radio op="I TIM" rat="LTE" rsrp="-95" rsrq="-15"/>
      </extensions>
    </trkpt>
    <trkpt lat="45.7541067" lon="10.7513203">
      <ele>38.77477501613944</ele>
      <time>2026-09-13T16:08:35.088+02:00</time>
      <extensions>
        <activity type="STILL" conf="78" state="still" tsMs="1789308503884"/>
        <radio op="vodafone IT" rat="LTE" q="15.60" rsrp="-99" sinr="1" rsrq="-11"/>
        <radio op="I TIM" rat="LTE" rsrp="-96" rsrq="-14"/>
      </extensions>
    </trkpt>
    <trkpt lat="45.7541175" lon="10.7513741">
      <ele>32.78149322406679</ele>
      <time>2026-09-13T16:09:11.039+02:00</time>
      <extensions>
        <activity type="STILL" conf="100" state="still" tsMs="1789308551028"/>
        <radio op="vodafone IT" rat="LTE" q="40.60" rsrp="-96" sinr="9" rsrq="-12"/>
        <radio op="I TIM" rat="LTE" q="15.00" rsrp="-95" sinr="0" rsrq="-14"/>
      </extensions>
    </trkpt>
    <trkpt lat="45.7541161" lon="10.7513751">
      <ele>50.561589913677096</ele>
      <time>2026-09-13T16:09:42.818+02:00</time>
      <extensions>
        <activity type="UNKNOWN" conf="40" state="unknown" tsMs="1789308581182"/>
        <radio op="vodafone IT" rat="LTE" q="27.00" rsrp="-98" sinr="5" rsrq="-10"/>
        <radio op="I TIM" rat="LTE" q="36.00" rsrp="-95" sinr="7" rsrq="-14"/>
      </extensions>
    </trkpt>
    <trkpt lat="45.7546031" lon="10.7510425">
      <ele>44.38552483236887</ele>
      <time>2026-09-13T16:10:18.094+02:00</time>
      <extensions>
        <activity type="STILL" conf="43" state="still" tsMs="1789308613874"/>
        <radio op="vodafone IT" rat="LTE" q="26.40" rsrp="-101" sinr="6" rsrq="-11"/>
        <radio op="I TIM" rat="LTE" rsrp="-93" rsrq="-14"/>
      </extensions>
    </trkpt>
    <trkpt lat="45.754511" lon="10.7510182">
      <ele>60.21788608431817</ele>
      <time>2026-09-13T16:10:57.048+02:00</time>
      <extensions>
        <activity type="UNKNOWN" conf="40" state="unknown" tsMs="1789308651895"/>
        <radio op="vodafone IT" rat="LTE" q="33.60" rsrp="-97" sinr="7" rsrq="-12"/>
        <radio op="I TIM" rat="LTE" rsrp="-95" rsrq="-14"/>
      </extensions>
    </trkpt>
    <trkpt lat="45.7544563" lon="10.7506267">
      <ele>91.84950587219902</ele>
      <time>2026-09-13T16:11:33.988+02:00</time>
      <extensions>
        <activity type="ON_FOOT" conf="90" state="moving" tsMs="1789308691343"/>
        <radio op="vodafone IT" rat="LTE" rsrp="-120" rsrq="-15"/>
        <radio op="I TIM" rat="LTE" rsrp="-113" rsrq="-16"/>
      </extensions>
    </trkpt>
    <trkpt lat="45.754388" lon="10.7506935">
      <ele>112.28839567158602</ele>
      <time>2026-09-13T16:12:09.944+02:00</time>
      <extensions>
        <activity type="ON_FOOT" conf="96" state="moving" tsMs="1789308724924"/>
        <radio op="vodafone IT" rat="LTE" q="10.00" rsrp="-105" sinr="0" rsrq="-12"/>
        <radio op="I TIM" rat="LTE" rsrp="-110" rsrq="-16"/>
      </extensions>
    </trkpt>
    <trkpt lat="45.7547455" lon="10.7502145">
      <ele>130.0988994948388</ele>
      <time>2026-09-13T16:13:16.7+02:00</time>
      <extensions>
        <activity type="ON_FOOT" conf="95" state="moving" tsMs="1789308790911"/>
        <radio op="vodafone IT" rat="LTE" rsrp="-113" rsrq="-14"/>
        <radio op="I TIM" rat="LTE" rsrp="-111" rsrq="-15"/>
      </extensions>
    </trkpt>
    <trkpt lat="45.7549185" lon="10.7503349">
      <ele>116.05408390979744</ele>
      <time>2026-09-13T16:14:05.155+02:00</time>
      <extensions>
        <activity type="STILL" conf="99" state="still" tsMs="1789308843202"/>
        <radio op="vodafone IT" rat="LTE" rsrp="-121" rsrq="-14"/>
        <radio op="I TIM" rat="LTE" rsrp="-121" rsrq="-17"/>
      </extensions>
    </trkpt>
    <trkpt lat="45.7549336" lon="10.7503473">
      <ele>109.60576548998961</ele>
      <time>2026-09-13T16:14:48.677+02:00</time>
      <extensions>
        <activity type="STILL" conf="99" state="still" tsMs="1789308887927"/>
        <radio op="vodafone IT" rat="LTE" rsrp="-121" rsrq="-16"/>
        <radio op="I TIM" rat="LTE" rsrp="-120" rsrq="-17"/>
      </extensions>
    </trkpt>
    <trkpt lat="45.7548868" lon="10.7503402">
      <ele>119.9000015258789</ele>
      <time>2026-09-13T16:15:38.39+02:00</time>
      <extensions>
        <activity type="STILL" conf="56" state="still" tsMs="1789308925905"/>
        <radio op="vodafone IT" rat="LTE" rsrp="-122" rsrq="-16"/>
        <radio op="I TIM" rat="LTE" rsrp="-121" rsrq="-16"/>
      </extensions>
    </trkpt>
    <trkpt lat="45.7548884" lon="10.7503761">
      <ele>101.87278852786923</ele>
      <time>2026-09-13T16:16:35.632+02:00</time>
      <extensions>
        <activity type="STILL" conf="41" state="still" tsMs="1789308994909"/>
        <radio op="vodafone IT" rat="LTE" rsrp="-121" rsrq="-15"/>
        <radio op="I TIM" rat="LTE" rsrp="-116" rsrq="-13"/>
      </extensions>
    </trkpt>
    <trkpt lat="45.7549696" lon="10.750332">
      <ele>100.26035768060808</ele>
      <time>2026-09-13T16:17:09.596+02:00</time>
      <extensions>
        <activity type="STILL" conf="99" state="still" tsMs="1789309023909"/>
        <radio op="vodafone IT" rat="LTE" rsrp="-119" rsrq="-18"/>
        <radio op="I TIM" rat="LTE" rsrp="-120" rsrq="-17"/>
      </extensions>
    </trkpt>
    <trkpt lat="45.7547815" lon="10.7502162">
      <ele>119.9000015258789</ele>
      <time>2026-09-13T16:19:37.279+02:00</time>
      <extensions>
        <activity type="UNKNOWN" conf="40" state="unknown" tsMs="1789309183252"/>
        <radio op="vodafone IT" rat="LTE" rsrp="-119" rsrq="-20"/>
        <radio op="I TIM" rat="LTE" rsrp="-120" rsrq="-17"/>
      </extensions>
    </trkpt>
    <trkpt lat="45.75498" lon="10.7503472">
      <ele>109.01017795551215</ele>
      <time>2026-09-13T16:20:08.382+02:00</time>
      <extensions>
        <activity type="UNKNOWN" conf="40" state="unknown" tsMs="1789309205019"/>
        <radio op="vodafone IT" rat="LTE" rsrp="-122" rsrq="-17"/>
        <radio op="I TIM" rat="LTE" rsrp="-118" rsrq="-16"/>
      </extensions>
    </trkpt>
    <trkpt lat="45.7549804" lon="10.750343">
      <ele>113.45875318208707</ele>
      <time>2026-09-13T16:20:39.604+02:00</time>
      <extensions>
        <activity type="STILL" conf="54" state="still" tsMs="1789309236258"/>
        <radio op="vodafone IT" rat="LTE" rsrp="-122" rsrq="-19"/>
        <radio op="I TIM" rat="LTE" rsrp="-119" rsrq="-17"/>
      </extensions>
    </trkpt>
    <trkpt lat="45.7550117" lon="10.7503406">
      <ele>117.52819433433359</ele>
      <time>2026-09-13T16:21:16.845+02:00</time>
      <extensions>
        <activity type="IN_VEHICLE" conf="75" state="moving" tsMs="1789309272039"/>
        <radio op="vodafone IT" rat="LTE" rsrp="-123" rsrq="-17"/>
        <radio op="I TIM" rat="LTE" rsrp="-121" rsrq="-17"/>
      </extensions>
    </trkpt>
    <trkpt lat="45.7549892" lon="10.7503537">
      <ele>113.31077212982765</ele>
      <time>2026-09-13T16:22:00.417+02:00</time>
      <extensions>
        <activity type="IN_VEHICLE" conf="77" state="moving" tsMs="1789309319915"/>
        <radio op="vodafone IT" rat="LTE" rsrp="-120" rsrq="-18"/>
        <radio op="I TIM" rat="LTE" rsrp="-120" rsrq="-17"/>
      </extensions>
    </trkpt>
    <trkpt lat="45.754881" lon="10.7503138">
      <ele>106.79654821385256</ele>
      <time>2026-09-13T16:22:39.362+02:00</time>
      <extensions>
        <activity type="STILL" conf="98" state="still" tsMs="1789309354486"/>
        <radio op="vodafone IT" rat="LTE" rsrp="-122" rsrq="-17"/>
        <radio op="I TIM" rat="LTE" rsrp="-122" rsrq="-17"/>
      </extensions>
    </trkpt>
    <trkpt lat="45.7549129" lon="10.7503875">
      <ele>87.60012494769023</ele>
      <time>2026-09-13T16:23:15.521+02:00</time>
      <extensions>
        <activity type="UNKNOWN" conf="40" state="unknown" tsMs="1789309386884"/>
        <radio op="vodafone IT" rat="LTE" rsrp="-121" rsrq="-15"/>
        <radio op="I TIM" rat="LTE" rsrp="-121" rsrq="-16"/>
      </extensions>
    </trkpt>
    <trkpt lat="45.7549591" lon="10.7503693">
      <ele>95.89045015376553</ele>
      <time>2026-09-13T16:24:00.81+02:00</time>
      <extensions>
        <activity type="UNKNOWN" conf="40" state="unknown" tsMs="1789309439922"/>
        <radio op="vodafone IT" rat="LTE" rsrp="-118" rsrq="-15"/>
        <radio op="I TIM" rat="LTE" rsrp="-121" rsrq="-17"/>
      </extensions>
    </trkpt>
    <trkpt lat="45.7549777" lon="10.7503631">
      <ele>96.24427269312329</ele>
      <time>2026-09-13T16:24:33.943+02:00</time>
      <extensions>
        <activity type="STILL" conf="88" state="still" tsMs="1789309469498"/>
        <radio op="vodafone IT" rat="LTE" rsrp="-119" rsrq="-16"/>
        <radio op="I TIM" rat="LTE" rsrp="-121" rsrq="-17"/>
      </extensions>
    </trkpt>
    <trkpt lat="45.754969" lon="10.7503545">
      <ele>97.46341431498539</ele>
      <time>2026-09-13T16:25:18.046+02:00</time>
      <extensions>
        <activity type="STILL" conf="99" state="still" tsMs="1789309512495"/>
        <radio op="vodafone IT" rat="LTE" rsrp="-118" rsrq="-16"/>
        <radio op="I TIM" rat="LTE" rsrp="-120" rsrq="-17"/>
      </extensions>
    </trkpt>
    <trkpt lat="45.7548422" lon="10.7503361">
      <ele>101.99446573483056</ele>
      <time>2026-09-13T16:25:53.006+02:00</time>
      <extensions>
        <activity type="UNKNOWN" conf="40" state="unknown" tsMs="1789309552691"/>
        <radio op="vodafone IT" rat="LTE" q="0.00" rsrp="-125" sinr="3" rsrq="-17"/>
        <radio op="I TIM" rat="LTE" rsrp="-124" rsrq="-17"/>
      </extensions>
    </trkpt>
    <trkpt lat="45.7550047" lon="10.7503821">
      <ele>104.8338069161517</ele>
      <time>2026-09-13T16:27:03.084+02:00</time>
      <extensions>
        <activity type="STILL" conf="99" state="still" tsMs="1789309622522"/>
        <radio op="vodafone IT" rat="LTE" q="3.60" rsrp="-121" sinr="4" rsrq="-15"/>
        <radio op="I TIM" rat="LTE" q="4.80" rsrp="-117" sinr="1" rsrq="-14"/>
      </extensions>
    </trkpt>
    <trkpt lat="45.7549612" lon="10.7503673">
      <ele>105.38701993607202</ele>
      <time>2026-09-13T16:27:51.788+02:00</time>
      <extensions>
        <activity type="STILL" conf="97" state="still" tsMs="1789309666509"/>
        <radio op="vodafone IT" rat="LTE" rsrp="-120" rsrq="-15"/>
        <radio op="I TIM" rat="LTE" rsrp="-116" rsrq="-14"/>
      </extensions>
    </trkpt>
    <trkpt lat="45.755024" lon="10.7503279">
      <ele>219.99862804203346</ele>
      <time>2026-09-13T16:28:36.859+02:00</time>
      <extensions>
        <activity type="UNKNOWN" conf="40" state="unknown" tsMs="1789309715126"/>
        <radio op="vodafone IT" rat="LTE" rsrp="-122" rsrq="-16"/>
        <radio op="I TIM" rat="LTE" rsrp="-117" rsrq="-14"/>
      </extensions>
    </trkpt>
    <trkpt lat="45.7549957" lon="10.7503684">
      <ele>251.5793714316227</ele>
      <time>2026-09-13T16:29:07.295+02:00</time>
      <extensions>
        <activity type="UNKNOWN" conf="40" state="unknown" tsMs="1789309720204"/>
        <radio op="vodafone IT" rat="LTE" rsrp="-121" rsrq="-14"/>
        <radio op="I TIM" rat="LTE" rsrp="-117" rsrq="-14"/>
      </extensions>
    </trkpt>
    <trkpt lat="45.7550315" lon="10.7503616">
      <ele>252.35684536327506</ele>
      <time>2026-09-13T16:29:41.049+02:00</time>
      <extensions>
        <activity type="UNKNOWN" conf="40" state="unknown" tsMs="1789309780328"/>
        <radio op="vodafone IT" rat="LTE" rsrp="-118" rsrq="-15"/>
        <radio op="I TIM" rat="LTE" rsrp="-121" rsrq="-18"/>
      </extensions>
    </trkpt>
    <trkpt lat="45.7549154" lon="10.7503421">
      <ele>260.78146641805006</ele>
      <time>2026-09-13T16:37:00.816+02:00</time>
      <extensions>
        <activity type="UNKNOWN" conf="40" state="unknown" tsMs="1789310218478"/>
        <radio op="vodafone IT" rat="LTE" rsrp="-124" rsrq="-17"/>
        <radio op="I TIM" rat="LTE" rsrp="-117" rsrq="-14"/>
      </extensions>
    </trkpt>
    <trkpt lat="45.7549979" lon="10.7503417">
      <ele>259.34005861357406</ele>
      <time>2026-09-13T16:37:31.999+02:00</time>
      <extensions>
        <activity type="IN_VEHICLE" conf="77" state="moving" tsMs="1789310246504"/>
        <radio op="vodafone IT" rat="LTE" rsrp="-122" rsrq="-15"/>
        <radio op="I TIM" rat="LTE" rsrp="-117" rsrq="-12"/>
      </extensions>
    </trkpt>
    <trkpt lat="45.754981" lon="10.7503728">
      <ele>258.0955568196126</ele>
      <time>2026-09-13T16:38:03.281+02:00</time>
      <extensions>
        <activity type="STILL" conf="98" state="still" tsMs="1789310278834"/>
        <radio op="vodafone IT" rat="LTE" rsrp="-120" rsrq="-15"/>
        <radio op="I TIM" rat="LTE" rsrp="-116" rsrq="-13"/>
      </extensions>
    </trkpt>
    <trkpt lat="45.7548832" lon="10.7503236">
      <ele>260.4394637307303</ele>
      <time>2026-09-13T16:38:38.603+02:00</time>
      <extensions>
        <activity type="STILL" conf="99" state="still" tsMs="1789310316263"/>
        <radio op="vodafone IT" rat="LTE" rsrp="-120" rsrq="-15"/>
        <radio op="I TIM" rat="LTE" rsrp="-121" rsrq="-17"/>
      </extensions>
    </trkpt>
    <trkpt lat="45.7549975" lon="10.7503773">
      <ele>259.78451472952435</ele>
      <time>2026-09-13T16:39:10.466+02:00</time>
      <extensions>
        <activity type="STILL" conf="99" state="still" tsMs="1789310346499"/>
        <radio op="vodafone IT" rat="LTE" rsrp="-123" rsrq="-17"/>
        <radio op="I TIM" rat="LTE" rsrp="-123" rsrq="-18"/>
      </extensions>
    </trkpt>
    <trkpt lat="45.7549739" lon="10.7503937">
      <ele>258.30012793400994</ele>
      <time>2026-09-13T16:39:44.049+02:00</time>
      <extensions>
        <activity type="STILL" conf="99" state="still" tsMs="1789310383578"/>
        <radio op="vodafone IT" rat="LTE" rsrp="-123" rsrq="-16"/>
        <radio op="I TIM" rat="LTE" rsrp="-122" rsrq="-16"/>
      </extensions>
    </trkpt>
    <trkpt lat="45.7548702" lon="10.7503432">
      <ele>259.44228488666744</ele>
      <time>2026-09-13T16:40:25.129+02:00</time>
      <extensions>
        <activity type="UNKNOWN" conf="40" state="unknown" tsMs="1789310420342"/>
        <radio op="vodafone IT" rat="LTE" rsrp="-123" rsrq="-16"/>
        <radio op="I TIM" rat="LTE" rsrp="-111" rsrq="-14"/>
      </extensions>
    </trkpt>
    <trkpt lat="45.7550237" lon="10.7503344">
      <ele>119.9000015258789</ele>
      <time>2026-09-13T16:50:04.161+02:00</time>
      <extensions>
        <activity type="UNKNOWN" conf="40" state="unknown" tsMs="1789311003195"/>
        <radio op="vodafone IT" rat="LTE" rsrp="-119" rsrq="-16"/>
        <radio op="I TIM" rat="LTE" rsrp="-123" rsrq="-18"/>
      </extensions>
    </trkpt>
    <trkpt lat="45.754983" lon="10.7503518">
      <ele>119.80000305175781</ele>
      <time>2026-09-13T16:50:37.305+02:00</time>
      <extensions>
        <activity type="STILL" conf="60" state="still" tsMs="1789311032201"/>
        <radio op="vodafone IT" rat="LTE" rsrp="-120" rsrq="-17"/>
        <radio op="I TIM" rat="LTE" rsrp="-122" rsrq="-18"/>
      </extensions>
    </trkpt>
    <trkpt lat="45.7548765" lon="10.7503255">
      <ele>119.9000015258789</ele>
      <time>2026-09-13T16:51:15.147+02:00</time>
      <extensions>
        <activity type="STILL" conf="47" state="still" tsMs="1789311069733"/>
        <radio op="vodafone IT" rat="LTE" rsrp="-118" rsrq="-16"/>
        <radio op="I TIM" rat="LTE" rsrp="-120" rsrq="-15"/>
      </extensions>
    </trkpt>
    <trkpt lat="45.7549619" lon="10.7503957">
      <ele>119.9000015258789</ele>
      <time>2026-09-13T16:51:49.861+02:00</time>
      <extensions>
        <activity type="UNKNOWN" conf="40" state="unknown" tsMs="1789311085923"/>
        <radio op="vodafone IT" rat="LTE" rsrp="-123" rsrq="-16"/>
        <radio op="I TIM" rat="LTE" rsrp="-118" rsrq="-14"/>
      </extensions>
    </trkpt>
    <trkpt lat="45.7549341" lon="10.7503876">
      <ele>119.80000305175781</ele>
      <time>2026-09-13T16:52:20.914+02:00</time>
      <extensions>
        <activity type="STILL" conf="52" state="still" tsMs="1789311137833"/>
        <radio op="vodafone IT" rat="LTE" rsrp="-119" rsrq="-17"/>
        <radio op="I TIM" rat="LTE" rsrp="-118" rsrq="-15"/>
      </extensions>
    </trkpt>
    <trkpt lat="45.7549392" lon="10.7503731">
      <ele>119.9000015258789</ele>
      <time>2026-09-13T16:52:52.074+02:00</time>
      <extensions>
        <activity type="UNKNOWN" conf="40" state="unknown" tsMs="1789311166493"/>
        <radio op="vodafone IT" rat="LTE" rsrp="-121" rsrq="-16"/>
        <radio op="I TIM" rat="LTE" rsrp="-115" rsrq="-13"/>
      </extensions>
    </trkpt>
    <trkpt lat="45.7549726" lon="10.7503754">
      <ele>119.9000015258789</ele>
      <time>2026-09-13T16:53:31.752+02:00</time>
      <extensions>
        <activity type="STILL" conf="54" state="still" tsMs="1789311207273"/>
        <radio op="vodafone IT" rat="LTE" rsrp="-118" rsrq="-16"/>
        <radio op="I TIM" rat="LTE" rsrp="-122" rsrq="-18"/>
      </extensions>
    </trkpt>
    <trkpt lat="45.7549699" lon="10.7504041">
      <ele>119.9000015258789</ele>
      <time>2026-09-13T16:54:08.722+02:00</time>
      <extensions>
        <activity type="UNKNOWN" conf="40" state="unknown" tsMs="1789311244130"/>
        <radio op="vodafone IT" rat="LTE" rsrp="-121" rsrq="-16"/>
        <radio op="I TIM" rat="LTE" rsrp="-115" rsrq="-12"/>
      </extensions>
    </trkpt>
    <trkpt lat="45.754979" lon="10.7503663">
      <ele>119.80000305175781</ele>
      <time>2026-09-13T16:54:46.609+02:00</time>
      <extensions>
        <activity type="UNKNOWN" conf="40" state="unknown" tsMs="1789311281525"/>
        <radio op="vodafone IT" rat="LTE" rsrp="-118" rsrq="-17"/>
        <radio op="I TIM" rat="LTE" rsrp="-120" rsrq="-14"/>
      </extensions>
    </trkpt>
    <trkpt lat="45.7549511" lon="10.7503211">
      <ele>119.9000015258789</ele>
      <time>2026-09-13T16:55:28.081+02:00</time>
      <extensions>
        <activity type="STILL" conf="99" state="still" tsMs="1789311324366"/>
        <radio op="vodafone IT" rat="LTE" rsrp="-123" rsrq="-16"/>
        <radio op="I TIM" rat="LTE" rsrp="-118" rsrq="-13"/>
      </extensions>
    </trkpt>
    <trkpt lat="45.7548381" lon="10.7502895">
      <ele>119.9000015258789</ele>
      <time>2026-09-13T16:59:16.171+02:00</time>
      <extensions>
        <activity type="UNKNOWN" conf="40" state="unknown" tsMs="1789311561429"/>
        <radio op="vodafone IT" rat="LTE" rsrp="-120" rsrq="-16"/>
        <radio op="I TIM" rat="LTE" rsrp="-116" rsrq="-13"/>
      </extensions>
    </trkpt>
    <trkpt lat="45.754874" lon="10.7503384">
      <ele>119.9000015258789</ele>
      <time>2026-09-13T16:59:49.255+02:00</time>
      <extensions>
        <activity type="UNKNOWN" conf="40" state="unknown" tsMs="1789311588521"/>
        <radio op="vodafone IT" rat="LTE" rsrp="-117" rsrq="-14"/>
        <radio op="I TIM" rat="LTE" rsrp="-120" rsrq="-18"/>
      </extensions>
    </trkpt>
    <trkpt lat="45.7549569" lon="10.7503229">
      <ele>119.9000015258789</ele>
      <time>2026-09-13T17:00:23.494+02:00</time>
      <extensions>
        <activity type="UNKNOWN" conf="40" state="unknown" tsMs="1789311620410"/>
        <radio op="vodafone IT" rat="LTE" rsrp="-123" rsrq="-17"/>
        <radio op="I TIM" rat="LTE" rsrp="-118" rsrq="-13"/>
      </extensions>
    </trkpt>
    <trkpt lat="45.7550053" lon="10.7503968">
      <ele>119.9000015258789</ele>
      <time>2026-09-13T17:01:09.537+02:00</time>
      <extensions>
        <activity type="STILL" conf="97" state="still" tsMs="1789311669431"/>
        <radio op="vodafone IT" rat="LTE" rsrp="-118" rsrq="-19"/>
        <radio op="I TIM" rat="LTE" rsrp="-117" rsrq="-13"/>
      </extensions>
    </trkpt>
    <trkpt lat="45.7547655" lon="10.7502932">
      <ele>119.80000305175781</ele>
      <time>2026-09-13T17:01:42.678+02:00</time>
      <extensions>
        <activity type="UNKNOWN" conf="40" state="unknown" tsMs="1789311701879"/>
        <radio op="vodafone IT" rat="LTE" rsrp="-119" rsrq="-15"/>
        <radio op="I TIM" rat="LTE" rsrp="-113" rsrq="-16"/>
      </extensions>
    </trkpt>
    <trkpt lat="45.7546012" lon="10.7506777">
      <ele>120.0999984741211</ele>
      <time>2026-09-13T17:02:14.079+02:00</time>
      <extensions>
        <activity type="ON_FOOT" conf="96" state="moving" tsMs="1789311730671"/>
        <radio op="vodafone IT" rat="LTE" rsrp="-107" rsrq="-12"/>
        <radio op="I TIM" rat="LTE" rsrp="-103" rsrq="-15"/>
      </extensions>
    </trkpt>
    <trkpt lat="45.7545124" lon="10.7508639">
      <ele>120.0999984741211</ele>
      <time>2026-09-13T17:03:03.43+02:00</time>
      <extensions>
        <activity type="ON_FOOT" conf="96" state="moving" tsMs="1789311782539"/>
        <radio op="vodafone IT" rat="LTE" q="23.40" rsrp="-107" sinr="8" rsrq="-12"/>
        <radio op="I TIM" rat="LTE" rsrp="-116" rsrq="-17"/>
      </extensions>
    </trkpt>
    <trkpt lat="45.754678" lon="10.7512051">
      <ele>118.0</ele>
      <time>2026-09-13T17:03:44.258+02:00</time>
      <extensions>
        <activity type="ON_FOOT" conf="93" state="moving" tsMs="1789311822329"/>
        <radio op="vodafone IT" rat="LTE" rsrp="-98" rsrq="-15"/>
        <radio op="I TIM" rat="LTE" q="14.00" rsrp="-97" sinr="0" rsrq="-15"/>
      </extensions>
    </trkpt>
    <trkpt lat="45.7539272" lon="10.7515258">
      <ele>118.0</ele>
      <time>2026-09-13T17:04:41.037+02:00</time>
      <extensions>
        <activity type="UNKNOWN" conf="40" state="unknown" tsMs="1789311886486"/>
        <radio op="vodafone IT" rat="LTE" q="34.00" rsrp="-91" sinr="5" rsrq="-10"/>
        <radio op="I TIM" rat="LTE" rsrp="-88" rsrq="-14"/>
      </extensions>
    </trkpt>
    <trkpt lat="45.7539157" lon="10.751596">
      <ele>117.9000015258789</ele>
      <time>2026-09-13T17:05:07.04+02:00</time>
      <extensions>
        <activity type="UNKNOWN" conf="40" state="unknown" tsMs="1789311912693"/>
        <radio op="vodafone IT" rat="LTE" q="52.80" rsrp="-92" sinr="11" rsrq="-11"/>
        <radio op="I TIM" rat="LTE" rsrp="-90" rsrq="-15"/>
      </extensions>
    </trkpt>
    <trkpt lat="45.7529996" lon="10.7509501">
      <ele>117.80000305175781</ele>
      <time>2026-09-13T17:06:09.013+02:00</time>
      <extensions>
        <activity type="STILL" conf="96" state="still" tsMs="1789311985256"/>
        <radio op="vodafone IT" rat="LTE" q="17.60" rsrp="-103" sinr="3" rsrq="-11"/>
        <radio op="I TIM" rat="LTE" q="34.20" rsrp="-107" sinr="14" rsrq="-6"/>
      </extensions>
    </trkpt>
    <trkpt lat="45.7541494" lon="10.7511535">
      <ele>117.9000015258789</ele>
      <time>2026-09-13T17:06:58.041+02:00</time>
      <extensions>
        <activity type="STILL" conf="100" state="still" tsMs="1789312018623"/>
        <radio op="vodafone IT" rat="LTE" q="20.70" rsrp="-102" sinr="4" rsrq="-11"/>
        <radio op="I TIM" rat="LTE" q="38.00" rsrp="-106" sinr="15" rsrq="-6"/>
      </extensions>
    </trkpt>
    <trkpt lat="45.7541443" lon="10.7512172">
      <ele>118.0</ele>
      <time>2026-09-13T17:07:30.818+02:00</time>
      <extensions>
        <activity type="STILL" conf="70" state="still" tsMs="1789312050528"/>
        <radio op="vodafone IT" rat="LTE" q="36.00" rsrp="-95" sinr="7" rsrq="-11"/>
        <radio op="I TIM" rat="LTE" q="57.50" rsrp="-102" sinr="20" rsrq="-7"/>
      </extensions>
    </trkpt>
    <trkpt lat="45.7546532" lon="10.7511362">
      <ele>117.80000305175781</ele>
      <time>2026-09-13T17:08:16.921+02:00</time>
      <extensions>
        <activity type="UNKNOWN" conf="40" state="unknown" tsMs="1789312096204"/>
        <radio op="vodafone IT" rat="LTE" rsrp="-103" rsrq="-14"/>
        <radio op="I TIM" rat="LTE" q="15.40" rsrp="-103" sinr="2" rsrq="-6"/>
      </extensions>
    </trkpt>
    <trkpt lat="45.7545928" lon="10.7510906">
      <ele>118.0</ele>
      <time>2026-09-13T17:08:48.203+02:00</time>
      <extensions>
        <activity type="ON_FOOT" conf="93" state="moving" tsMs="1789312122540"/>
        <radio op="vodafone IT" rat="LTE" q="31.00" rsrp="-94" sinr="5" rsrq="-11"/>
        <radio op="I TIM" rat="LTE" rsrp="-93" rsrq="-15"/>
      </extensions>
    </trkpt>
    <trkpt lat="45.7548489" lon="10.7512038">
      <ele>117.9000015258789</ele>
      <time>2026-09-13T17:09:46.133+02:00</time>
      <extensions>
        <activity type="UNKNOWN" conf="40" state="unknown" tsMs="1789312183935"/>
        <radio op="vodafone IT" rat="LTE" q="24.00" rsrp="-95" sinr="3" rsrq="-10"/>
        <radio op="I TIM" rat="LTE" rsrp="-92" rsrq="-14"/>
      </extensions>
    </trkpt>
    <trkpt lat="45.7547221" lon="10.7511502">
      <ele>117.9000015258789</ele>
      <time>2026-09-13T17:10:17.75+02:00</time>
      <extensions>
        <activity type="UNKNOWN" conf="40" state="unknown" tsMs="1789312212409"/>
        <radio op="vodafone IT" rat="LTE" q="23.40" rsrp="-99" sinr="4" rsrq="-9"/>
        <radio op="I TIM" rat="LTE" rsrp="-90" rsrq="-14"/>
      </extensions>
    </trkpt>
    <trkpt lat="45.7546737" lon="10.7509849">
      <ele>118.19999694824219</ele>
      <time>2026-09-13T17:10:56.751+02:00</time>
      <extensions>
        <activity type="UNKNOWN" conf="40" state="unknown" tsMs="1789312251543"/>
        <radio op="vodafone IT" rat="LTE" q="15.00" rsrp="-100" sinr="1" rsrq="-9"/>
        <radio op="I TIM" rat="LTE" rsrp="-101" rsrq="-16"/>
      </extensions>
    </trkpt>
    <trkpt lat="45.7545671" lon="10.7510905">
      <ele>120.86691594778418</ele>
      <time>2026-09-13T17:12:08.879+02:00</time>
      <extensions>
        <activity type="UNKNOWN" conf="40" state="unknown" tsMs="1789312326614"/>
        <radio op="vodafone IT" rat="LTE" q="13.80" rsrp="-102" sinr="1" rsrq="-9"/>
        <radio op="I TIM" rat="LTE" q="20.80" rsrp="-99" sinr="3" rsrq="-15"/>
      </extensions>
    </trkpt>
    <trkpt lat="45.7546266" lon="10.7509759">
      <ele>117.9000015258789</ele>
      <time>2026-09-13T17:12:49.291+02:00</time>
      <extensions>
        <activity type="ON_FOOT" conf="81" state="moving" tsMs="1789312366264"/>
        <radio op="vodafone IT" rat="LTE" q="19.00" rsrp="-106" sinr="5" rsrq="-10"/>
        <radio op="I TIM" rat="LTE" q="10.50" rsrp="-104" sinr="0" rsrq="-16"/>
      </extensions>
    </trkpt>
    <trkpt lat="45.7545667" lon="10.7511279">
      <ele>118.0</ele>
      <time>2026-09-13T17:13:24.379+02:00</time>
      <extensions>
        <activity type="UNKNOWN" conf="40" state="unknown" tsMs="1789312401542"/>
        <radio op="vodafone IT" rat="LTE" q="23.00" rsrp="-102" sinr="5" rsrq="-12"/>
        <radio op="I TIM" rat="LTE" rsrp="-100" rsrq="-14"/>
      </extensions>
    </trkpt>
    <trkpt lat="45.7546707" lon="10.7510264">
      <ele>116.69999694824219</ele>
      <time>2026-09-13T17:14:12.407+02:00</time>
      <extensions>
        <activity type="STILL" conf="51" state="still" tsMs="1789312446998"/>
        <radio op="vodafone IT" rat="LTE" q="21.00" rsrp="-104" sinr="5" rsrq="-12"/>
        <radio op="I TIM" rat="LTE" q="13.80" rsrp="-102" sinr="1" rsrq="-16"/>
      </extensions>
    </trkpt>
    <trkpt lat="45.7545621" lon="10.7511087">
      <ele>118.0</ele>
      <time>2026-09-13T17:14:43.064+02:00</time>
      <extensions>
        <activity type="UNKNOWN" conf="40" state="unknown" tsMs="1789312481553"/>
        <radio op="vodafone IT" rat="LTE" q="23.40" rsrp="-99" sinr="4" rsrq="-12"/>
        <radio op="I TIM" rat="LTE" rsrp="-99" rsrq="-15"/>
      </extensions>
    </trkpt>
    <trkpt lat="45.7545794" lon="10.7510346">
      <ele>118.19999694824219</ele>
      <time>2026-09-13T17:15:46.39+02:00</time>
      <extensions>
        <activity type="UNKNOWN" conf="40" state="unknown" tsMs="1789312526540"/>
        <radio op="vodafone IT" rat="LTE" q="24.00" rsrp="-101" sinr="5" rsrq="-11"/>
        <radio op="I TIM" rat="LTE" rsrp="-100" rsrq="-16"/>
      </extensions>
    </trkpt>
    <trkpt lat="45.7545719" lon="10.7510981">
      <ele>118.0</ele>
      <time>2026-09-13T17:16:19.324+02:00</time>
      <extensions>
        <activity type="UNKNOWN" conf="40" state="unknown" tsMs="1789312577398"/>
        <radio op="vodafone IT" rat="LTE" q="16.80" rsrp="-104" sinr="3" rsrq="-12"/>
        <radio op="I TIM" rat="LTE" rsrp="-99" rsrq="-16"/>
      </extensions>
    </trkpt>
    <trkpt lat="45.7546668" lon="10.7511605">
      <ele>122.03299050658651</ele>
      <time>2026-09-13T17:16:52.903+02:00</time>
      <extensions>
        <activity type="UNKNOWN" conf="40" state="unknown" tsMs="1789312610920"/>
        <radio op="vodafone IT" rat="LTE" q="52.80" rsrp="-92" sinr="11" rsrq="-9"/>
        <radio op="I TIM" rat="LTE" q="19.80" rsrp="-92" sinr="1" rsrq="-15"/>
      </extensions>
    </trkpt>
    <trkpt lat="45.7544755" lon="10.7508623">
      <ele>117.9000015258789</ele>
      <time>2026-09-13T17:17:44.953+02:00</time>
      <extensions>
        <activity type="UNKNOWN" conf="40" state="unknown" tsMs="1789312662894"/>
        <radio op="vodafone IT" rat="LTE" q="21.00" rsrp="-104" sinr="5" rsrq="-11"/>
        <radio op="I TIM" rat="LTE" rsrp="-99" rsrq="-15"/>
      </extensions>
    </trkpt>
    <trkpt lat="45.7544707" lon="10.7505398">
      <ele>117.9000015258789</ele>
      <time>2026-09-13T17:18:20.876+02:00</time>
      <extensions>
        <activity type="ON_FOOT" conf="86" state="moving" tsMs="1789312695972"/>
        <radio op="vodafone IT" rat="LTE" rsrp="-109" rsrq="-13"/>
        <radio op="I TIM" rat="LTE" rsrp="-107" rsrq="-15"/>
      </extensions>
    </trkpt>
    <trkpt lat="45.7538587" lon="10.7500082">
      <ele>119.69999694824219</ele>
      <time>2026-09-13T17:19:26.041+02:00</time>
      <extensions>
        <activity type="ON_FOOT" conf="94" state="moving" tsMs="1789312756549"/>
        <radio op="vodafone IT" rat="LTE" rsrp="-125" rsrq="-17"/>
        <radio op="I TIM" rat="LTE" rsrp="-119" rsrq="-16"/>
      </extensions>
    </trkpt>
    <trkpt lat="45.7538553" lon="10.7500096">
      <ele>119.69999694824219</ele>
      <time>2026-09-13T17:20:03.858+02:00</time>
      <extensions>
        <activity type="ON_FOOT" conf="86" state="moving" tsMs="1789312779212"/>
        <radio op="vodafone IT" rat="LTE" rsrp="-119" rsrq="-15"/>
        <radio op="I TIM" rat="LTE" rsrp="-117" rsrq="-17"/>
      </extensions>
    </trkpt>
    <trkpt lat="45.7539744" lon="10.7499259">
      <ele>119.80000305175781</ele>
      <time>2026-09-13T17:21:22.042+02:00</time>
      <extensions>
        <activity type="UNKNOWN" conf="40" state="unknown" tsMs="1789312899558"/>
        <radio op="vodafone IT" rat="LTE" q="7.00" rsrp="-115" sinr="2" rsrq="-14"/>
        <radio op="I TIM" rat="LTE" rsrp="-116" rsrq="-17"/>
      </extensions>
    </trkpt>
    <trkpt lat="45.7538285" lon="10.7500411">
      <ele>120.19999694824219</ele>
      <time>2026-09-13T17:22:05.043+02:00</time>
      <extensions>
        <activity type="UNKNOWN" conf="40" state="unknown" tsMs="1789312921284"/>
        <radio op="vodafone IT" rat="LTE" rsrp="-114" rsrq="-16"/>
        <radio op="I TIM" rat="LTE" rsrp="-113" rsrq="-16"/>
      </extensions>
    </trkpt>
    <trkpt lat="45.7538285" lon="10.7500411">
      <ele>118.03727729956069</ele>
      <time>2026-09-13T17:22:56.038+02:00</time>
      <extensions>
        <activity type="ON_FOOT" conf="95" state="moving" tsMs="1789312970687"/>
        <radio op="vodafone IT" rat="LTE" q="18.40" rsrp="-102" sinr="3" rsrq="-13"/>
        <radio op="I TIM" rat="LTE" rsrp="-113" rsrq="-16"/>
      </extensions>
    </trkpt>
    <trkpt lat="45.7545996" lon="10.7511002">
      <ele>118.0</ele>
      <time>2026-09-13T17:23:42.167+02:00</time>
      <extensions>
        <activity type="ON_FOOT" conf="87" state="moving" tsMs="1789313020265"/>
        <radio op="vodafone IT" rat="LTE" q="11.50" rsrp="-102" sinr="0" rsrq="-13"/>
        <radio op="I TIM" rat="LTE" rsrp="-98" rsrq="-15"/>
      </extensions>
    </trkpt>
    <trkpt lat="45.7539958" lon="10.7511346">
      <ele>118.0</ele>
      <time>2026-09-13T17:24:01.044+02:00</time>
      <extensions>
        <activity type="UNKNOWN" conf="40" state="unknown" tsMs="1789313025375"/>
        <radio op="vodafone IT" rat="LTE" rsrp="-96" rsrq="-11"/>
        <radio op="I TIM" rat="LTE" rsrp="-91" rsrq="-14"/>
      </extensions>
    </trkpt>
    <trkpt lat="45.7539954" lon="10.7511341">
      <ele>118.0</ele>
      <time>2026-09-13T17:24:33.269+02:00</time>
      <extensions>
        <activity type="UNKNOWN" conf="40" state="unknown" tsMs="1789313068328"/>
        <radio op="vodafone IT" rat="LTE" q="13.00" rsrp="-99" sinr="0" rsrq="-11"/>
        <radio op="I TIM" rat="LTE" rsrp="-100" rsrq="-15"/>
      </extensions>
    </trkpt>
    <trkpt lat="45.7546761" lon="10.7510316">
      <ele>118.19999694824219</ele>
      <time>2026-09-13T17:25:05.653+02:00</time>
      <extensions>
        <activity type="STILL" conf="50" state="still" tsMs="1789313100621"/>
        <radio op="vodafone IT" rat="LTE" q="15.00" rsrp="-95" sinr="0" rsrq="-12"/>
        <radio op="I TIM" rat="LTE" rsrp="-96" rsrq="-14"/>
      </extensions>
    </trkpt>
    <trkpt lat="45.7547306" lon="10.7510878">
      <ele>118.30000305175781</ele>
      <time>2026-09-13T17:25:34.294+02:00</time>
      <extensions>
        <activity type="UNKNOWN" conf="40" state="unknown" tsMs="1789313132938"/>
        <radio op="vodafone IT" rat="LTE" rsrp="-94" rsrq="-12"/>
        <radio op="I TIM" rat="LTE" rsrp="-100" rsrq="-15"/>
      </extensions>
    </trkpt>
    <trkpt lat="45.7539978" lon="10.7511352">
      <ele>118.30000305175781</ele>
      <time>2026-09-13T17:26:15.043+02:00</time>
      <extensions>
        <activity type="UNKNOWN" conf="40" state="unknown" tsMs="1789313177470"/>
        <radio op="vodafone IT" rat="LTE" q="16.20" rsrp="-107" sinr="4" rsrq="-13"/>
        <radio op="I TIM" rat="LTE" rsrp="-103" rsrq="-15"/>
      </extensions>
    </trkpt>
    <trkpt lat="45.7539995" lon="10.7509391">
      <ele>118.30000305175781</ele>
      <time>2026-09-13T17:26:59.043+02:00</time>
      <extensions>
        <activity type="UNKNOWN" conf="40" state="unknown" tsMs="1789313199011"/>
        <radio op="vodafone IT" rat="LTE" rsrp="-110" rsrq="-13"/>
        <radio op="I TIM" rat="LTE" rsrp="-104" rsrq="-16"/>
      </extensions>
    </trkpt>
    <trkpt lat="45.7544258" lon="10.7506732">
      <ele>120.19999694824219</ele>
      <time>2026-09-13T17:27:35.891+02:00</time>
      <extensions>
        <activity type="ON_FOOT" conf="93" state="moving" tsMs="1789313252225"/>
        <radio op="vodafone IT" rat="LTE" q="6.00" rsrp="-113" sinr="0" rsrq="-16"/>
        <radio op="I TIM" rat="LTE" rsrp="-108" rsrq="-15"/>
      </extensions>
    </trkpt>
    <trkpt lat="45.7531738" lon="10.7498653">
      <ele>120.19999694824219</ele>
      <time>2026-09-13T17:28:15.986+02:00</time>
      <extensions>
        <activity type="ON_FOOT" conf="96" state="moving" tsMs="1789313294338"/>
        <radio op="vodafone IT" rat="LTE" rsrp="-115" rsrq="-18"/>
        <radio op="I TIM" rat="LTE" rsrp="-111" rsrq="-16"/>
      </extensions>
    </trkpt>
    <trkpt lat="45.7529108" lon="10.7496054">
      <ele>120.19999694824219</ele>
      <time>2026-09-13T17:30:02.059+02:00</time>
      <extensions>
        <activity type="ON_FOOT" conf="94" state="moving" tsMs="1789313378986"/>
        <radio op="vodafone IT" rat="LTE" q="4.50" rsrp="-116" sinr="0" rsrq="-15"/>
        <radio op="I TIM" rat="LTE" q="8.00" rsrp="-109" sinr="0" rsrq="-15"/>
      </extensions>
    </trkpt>
    <trkpt lat="45.7526196" lon="10.7499772">
      <ele>120.36564836548011</ele>
      <time>2026-09-13T17:30:33.254+02:00</time>
      <extensions>
        <activity type="ON_FOOT" conf="96" state="moving" tsMs="1789313427718"/>
        <radio op="vodafone IT" rat="LTE" q="12.60" rsrp="-111" sinr="4" rsrq="-10"/>
        <radio op="I TIM" rat="LTE" rsrp="-116" rsrq="-16"/>
      </extensions>
    </trkpt>
    <trkpt lat="45.7527158" lon="10.7501733">
      <ele>118.30000305175781</ele>
      <time>2026-09-13T17:31:18.899+02:00</time>
      <extensions>
        <activity type="ON_FOOT" conf="85" state="moving" tsMs="1789313474587"/>
        <radio op="vodafone IT" rat="LTE" q="14.40" rsrp="-101" sinr="1" rsrq="-13"/>
        <radio op="I TIM" rat="LTE" rsrp="-106" rsrq="-14"/>
      </extensions>
    </trkpt>
    <trkpt lat="45.7527158" lon="10.7501733">
      <ele>117.80000305175781</ele>
      <time>2026-09-13T17:32:04.748+02:00</time>
      <extensions>
        <activity type="UNKNOWN" conf="40" state="unknown" tsMs="1789313523584"/>
        <radio op="vodafone IT" rat="LTE" rsrp="-95" rsrq="-12"/>
        <radio op="I TIM" rat="LTE" rsrp="-108" rsrq="-10"/>
      </extensions>
    </trkpt>
    <trkpt lat="45.7525818" lon="10.7505357">
      <ele>117.80000305175781</ele>
      <time>2026-09-13T17:32:11.044+02:00</time>
      <extensions>
        <activity type="UNKNOWN" conf="40" state="unknown" tsMs="1789313523584"/>
        <radio op="vodafone IT" rat="LTE" rsrp="-106" rsrq="-17"/>
        <radio op="I TIM" rat="LTE" rsrp="-101" rsrq="-14"/>
      </extensions>
    </trkpt>
    <trkpt lat="45.7527429" lon="10.750482">
      <ele>117.5999984741211</ele>
      <time>2026-09-13T17:32:41.413+02:00</time>
      <extensions>
        <activity type="UNKNOWN" conf="40" state="unknown" tsMs="1789313555843"/>
        <radio op="vodafone IT" rat="LTE" q="11.20" rsrp="-109" sinr="2" rsrq="-13"/>
        <radio op="I TIM" rat="LTE" rsrp="-112" rsrq="-16"/>
      </extensions>
    </trkpt>
    <trkpt lat="45.7539746" lon="10.7511828">
      <ele>117.5999984741211</ele>
      <time>2026-09-13T17:33:46.417+02:00</time>
      <extensions>
        <activity type="ON_FOOT" conf="96" state="moving" tsMs="1789313603962"/>
        <radio op="vodafone IT" rat="LTE" rsrp="-114" rsrq="-13"/>
        <radio op="I TIM" rat="LTE" rsrp="-116" rsrq="-13"/>
      </extensions>
    </trkpt>
    <trkpt lat="45.7544126" lon="10.7509899">
      <ele>121.05278001567791</ele>
      <time>2026-09-13T17:34:17.616+02:00</time>
      <extensions>
        <activity type="UNKNOWN" conf="40" state="unknown" tsMs="1789313651956"/>
        <radio op="vodafone IT" rat="LTE" rsrp="-99" rsrq="-16"/>
        <radio op="I TIM" rat="LTE" q="8.00" rsrp="-109" sinr="0" rsrq="-12"/>
      </extensions>
    </trkpt>
    <trkpt lat="45.7545464" lon="10.750946">
      <ele>122.259481694942</ele>
      <time>2026-09-13T17:34:48.825+02:00</time>
      <extensions>
        <activity type="ON_FOOT" conf="87" state="moving" tsMs="1789313683223"/>
        <radio op="vodafone IT" rat="LTE" q="20.80" rsrp="-99" sinr="3" rsrq="-11"/>
        <radio op="I TIM" rat="LTE" rsrp="-106" rsrq="-18"/>
      </extensions>
    </trkpt>
    <trkpt lat="45.7546859" lon="10.7508686">
      <ele>121.0250418670863</ele>
      <time>2026-09-13T17:35:19.974+02:00</time>
      <extensions>
        <activity type="ON_FOOT" conf="98" state="moving" tsMs="1789313716578"/>
        <radio op="vodafone IT" rat="LTE" q="18.20" rsrp="-99" sinr="2" rsrq="-12"/>
        <radio op="I TIM" rat="LTE" rsrp="-106" rsrq="-10"/>
      </extensions>
    </trkpt>
    <trkpt lat="45.7546784" lon="10.7509296">
      <ele>118.19999694824219</ele>
      <time>2026-09-13T17:35:50.982+02:00</time>
      <extensions>
        <activity type="ON_FOOT" conf="95" state="moving" tsMs="1789313747280"/>
        <radio op="vodafone IT" rat="LTE" rsrp="-102" rsrq="-13"/>
        <radio op="I TIM" rat="LTE" rsrp="-114" rsrq="-13"/>
      </extensions>
    </trkpt>
    <trkpt lat="45.7550541" lon="10.7513812">
      <ele>117.80000305175781</ele>
      <time>2026-09-13T17:36:22.056+02:00</time>
      <extensions>
        <activity type="ON_FOOT" conf="97" state="moving" tsMs="1789313778252"/>
        <radio op="vodafone IT" rat="LTE" rsrp="-101" rsrq="-15"/>
        <radio op="I TIM" rat="LTE" q="10.20" rsrp="-108" sinr="1" rsrq="-10"/>
      </extensions>
    </trkpt>
    <trkpt lat="45.7550632" lon="10.7513904">
      <ele>117.80000305175781</ele>
      <time>2026-09-13T17:36:53.302+02:00</time>
      <extensions>
        <activity type="ON_FOOT" conf="98" state="moving" tsMs="1789313809496"/>
        <radio op="vodafone IT" rat="LTE" rsrp="-89" rsrq="-15"/>
        <radio op="I TIM" rat="LTE" q="16.80" rsrp="-104" sinr="3" rsrq="-8"/>
      </extensions>
    </trkpt>
    <trkpt lat="45.7556718" lon="10.7508869">
      <ele>117.4000015258789</ele>
      <time>2026-09-13T17:37:24.483+02:00</time>
      <extensions>
        <activity type="ON_FOOT" conf="97" state="moving" tsMs="1789313840766"/>
        <radio op="vodafone IT" rat="LTE" rsrp="-91" rsrq="-16"/>
        <radio op="I TIM" rat="LTE" q="12.60" rsrp="-107" sinr="2" rsrq="-10"/>
      </extensions>
    </trkpt>
    <trkpt lat="45.755155" lon="10.7513673">
      <ele>117.80000305175781</ele>
      <time>2026-09-13T17:37:55.648+02:00</time>
      <extensions>
        <activity type="STILL" conf="48" state="still" tsMs="1789313871815"/>
        <radio op="vodafone IT" rat="LTE" rsrp="-91" rsrq="-16"/>
        <radio op="I TIM" rat="LTE" q="17.60" rsrp="-103" sinr="3" rsrq="-8"/>
      </extensions>
    </trkpt>
    <trkpt lat="45.7549167" lon="10.7512538">
      <ele>117.80000305175781</ele>
      <time>2026-09-13T17:38:26.95+02:00</time>
      <extensions>
        <activity type="STILL" conf="53" state="still" tsMs="1789313903110"/>
        <radio op="vodafone IT" rat="LTE" rsrp="-96" rsrq="-15"/>
        <radio op="I TIM" rat="LTE" q="8.40" rsrp="-111" sinr="1" rsrq="-13"/>
      </extensions>
    </trkpt>
    <trkpt lat="45.7549347" lon="10.7511454">
      <ele>118.0</ele>
      <time>2026-09-13T17:38:58.217+02:00</time>
      <extensions>
        <activity type="ON_FOOT" conf="97" state="moving" tsMs="1789313934587"/>
        <radio op="vodafone IT" rat="LTE" rsrp="-92" rsrq="-14"/>
        <radio op="I TIM" rat="LTE" rsrp="-94" rsrq="-13"/>
      </extensions>
    </trkpt>
    <trkpt lat="45.754722" lon="10.7510573">
      <ele>117.9000015258789</ele>
      <time>2026-09-13T17:39:29.403+02:00</time>
      <extensions>
        <activity type="ON_FOOT" conf="98" state="moving" tsMs="1789313965670"/>
        <radio op="vodafone IT" rat="LTE" q="23.80" rsrp="-91" sinr="2" rsrq="-10"/>
        <radio op="I TIM" rat="LTE" rsrp="-97" rsrq="-16"/>
      </extensions>
    </trkpt>
    <trkpt lat="45.7546283" lon="10.7510549">
      <ele>117.4000015258789</ele>
      <time>2026-09-13T17:40:00.551+02:00</time>
      <extensions>
        <activity type="ON_FOOT" conf="97" state="moving" tsMs="1789313996726"/>
        <radio op="vodafone IT" rat="LTE" q="19.20" rsrp="-101" sinr="3" rsrq="-9"/>
        <radio op="I TIM" rat="LTE" rsrp="-110" rsrq="-17"/>
      </extensions>
    </trkpt>
    <trkpt lat="45.7546432" lon="10.7510443">
      <ele>117.4000015258789</ele>
      <time>2026-09-13T17:40:32.609+02:00</time>
      <extensions>
        <activity type="STILL" conf="36" state="still" tsMs="1789314028031"/>
        <radio op="vodafone IT" rat="LTE" q="22.00" rsrp="-103" sinr="5" rsrq="-12"/>
        <radio op="I TIM" rat="LTE" q="7.20" rsrp="-116" sinr="3" rsrq="-8"/>
      </extensions>
    </trkpt>
    <trkpt lat="45.7547341" lon="10.7511368">
      <ele>118.0</ele>
      <time>2026-09-13T17:41:12.734+02:00</time>
      <extensions>
        <activity type="UNKNOWN" conf="40" state="unknown" tsMs="1789314071042"/>
        <radio op="vodafone IT" rat="LTE" q="28.60" rsrp="-103" sinr="8" rsrq="-11"/>
        <radio op="I TIM" rat="LTE" rsrp="-110" rsrq="-16"/>
      </extensions>
    </trkpt>
    <trkpt lat="45.7546766" lon="10.7510833">
      <ele>118.0999984741211</ele>
      <time>2026-09-13T17:41:46.941+02:00</time>
      <extensions>
        <activity type="STILL" conf="45" state="still" tsMs="1789314101576"/>
        <radio op="vodafone IT" rat="LTE" q="16.80" rsrp="-104" sinr="3" rsrq="-11"/>
        <radio op="I TIM" rat="LTE" q="15.60" rsrp="-112" sinr="7" rsrq="-7"/>
      </extensions>
    </trkpt>
    <trkpt lat="45.7547297" lon="10.7510659">
      <ele>118.0</ele>
      <time>2026-09-13T17:42:19.285+02:00</time>
      <extensions>
        <activity type="STILL" conf="57" state="still" tsMs="1789314134717"/>
        <radio op="vodafone IT" rat="LTE" q="21.60" rsrp="-107" sinr="7" rsrq="-10"/>
        <radio op="I TIM" rat="LTE" q="19.60" rsrp="-111" sinr="9" rsrq="-7"/>
      </extensions>
    </trkpt>
    <trkpt lat="45.7547243" lon="10.7510819">
      <ele>117.9000015258789</ele>
      <time>2026-09-13T17:42:59.084+02:00</time>
      <extensions>
        <activity type="UNKNOWN" conf="40" state="unknown" tsMs="1789314177907"/>
        <radio op="vodafone IT" rat="LTE" q="11.20" rsrp="-111" sinr="3" rsrq="-10"/>
        <radio op="I TIM" rat="LTE" q="25.20" rsrp="-111" sinr="13" rsrq="-8"/>
      </extensions>
    </trkpt>
    <trkpt lat="45.754724" lon="10.7510615">
      <ele>117.9000015258789</ele>
      <time>2026-09-13T17:43:30.558+02:00</time>
      <extensions>
        <activity type="STILL" conf="99" state="still" tsMs="1789314207031"/>
        <radio op="vodafone IT" rat="LTE" q="16.20" rsrp="-107" sinr="4" rsrq="-11"/>
        <radio op="I TIM" rat="LTE" q="23.80" rsrp="-111" sinr="12" rsrq="-6"/>
      </extensions>
    </trkpt>
    <trkpt lat="45.7547639" lon="10.7510953">
      <ele>117.9000015258789</ele>
      <time>2026-09-13T17:44:09.809+02:00</time>
      <extensions>
        <activity type="STILL" conf="46" state="still" tsMs="1789314244592"/>
        <radio op="vodafone IT" rat="LTE" q="21.60" rsrp="-107" sinr="7" rsrq="-12"/>
        <radio op="I TIM" rat="LTE" q="14.00" rsrp="-111" sinr="5" rsrq="-6"/>
      </extensions>
    </trkpt>
    <trkpt lat="45.7546898" lon="10.7509798">
      <ele>118.0</ele>
      <time>2026-09-13T17:48:28.705+02:00</time>
      <extensions>
        <activity type="UNKNOWN" conf="40" state="unknown" tsMs="1789314508032"/>
        <radio op="vodafone IT" rat="LTE" q="11.20" rsrp="-111" sinr="3" rsrq="-12"/>
        <radio op="I TIM" rat="LTE" q="3.60" rsrp="-119" sinr="1" rsrq="-11"/>
      </extensions>
    </trkpt>
    <trkpt lat="45.7547026" lon="10.7510176">
      <ele>117.9000015258789</ele>
      <time>2026-09-13T17:49:06.78+02:00</time>
      <extensions>
        <activity type="STILL" conf="99" state="still" tsMs="1789314542701"/>
        <radio op="vodafone IT" rat="LTE" q="9.60" rsrp="-113" sinr="3" rsrq="-12"/>
        <radio op="I TIM" rat="LTE" rsrp="-115" rsrq="-17"/>
      </extensions>
    </trkpt>
    <trkpt lat="45.7546887" lon="10.7510054">
      <ele>118.0</ele>
      <time>2026-09-13T17:49:58.524+02:00</time>
      <extensions>
        <activity type="STILL" conf="46" state="still" tsMs="1789314596442"/>
        <radio op="vodafone IT" rat="LTE" q="9.60" rsrp="-113" sinr="3" rsrq="-13"/>
        <radio op="I TIM" rat="LTE" q="2.10" rsrp="-122" sinr="2" rsrq="-11"/>
      </extensions>
    </trkpt>
    <trkpt lat="45.7546981" lon="10.7510247">
      <ele>117.9000015258789</ele>
      <time>2026-09-13T17:50:28.234+02:00</time>
      <extensions>
        <activity type="STILL" conf="48" state="still" tsMs="1789314628090"/>
        <radio op="vodafone IT" rat="LTE" q="13.50" rsrp="-110" sinr="4" rsrq="-12"/>
        <radio op="I TIM" rat="LTE" rsrp="-112" rsrq="-14"/>
      </extensions>
    </trkpt>
    <trkpt lat="45.7547" lon="10.7510253">
      <ele>117.9000015258789</ele>
      <time>2026-09-13T17:51:18.405+02:00</time>
      <extensions>
        <activity type="STILL" conf="91" state="still" tsMs="1789314673241"/>
        <radio op="vodafone IT" rat="LTE" q="18.20" rsrp="-111" sinr="8" rsrq="-12"/>
        <radio op="I TIM" rat="LTE" rsrp="-114" rsrq="-14"/>
      </extensions>
    </trkpt>
    <trkpt lat="45.7552101" lon="10.7513278">
      <ele>118.0999984741211</ele>
      <time>2026-09-13T17:52:57.652+02:00</time>
      <extensions>
        <activity type="ON_FOOT" conf="96" state="moving" tsMs="1789314777030"/>
        <radio op="vodafone IT" rat="LTE" q="18.40" rsrp="-102" sinr="3" rsrq="-13"/>
        <radio op="I TIM" rat="LTE" q="30.40" rsrp="-109" sinr="14" rsrq="-6"/>
      </extensions>
    </trkpt>
    <trkpt lat="45.7556512" lon="10.751758">
      <ele>118.0999984741211</ele>
      <time>2026-09-13T17:53:51.045+02:00</time>
      <extensions>
        <activity type="UNKNOWN" conf="40" state="unknown" tsMs="1789314839223"/>
        <radio op="vodafone IT" rat="LTE" q="17.60" rsrp="-103" sinr="3" rsrq="-13"/>
        <radio op="I TIM" rat="LTE" q="32.20" rsrp="-111" sinr="18" rsrq="-7"/>
      </extensions>
    </trkpt>
    <trkpt lat="45.7554388" lon="10.7510977">
      <ele>117.80000305175781</ele>
      <time>2026-09-13T17:54:50.78+02:00</time>
      <extensions>
        <activity type="UNKNOWN" conf="40" state="unknown" tsMs="1789314884602"/>
        <radio op="vodafone IT" rat="LTE" q="15.30" rsrp="-108" sinr="4" rsrq="-11"/>
        <radio op="I TIM" rat="LTE" q="13.00" rsrp="-115" sinr="8" rsrq="-8"/>
      </extensions>
    </trkpt>
    <trkpt lat="45.7553324" lon="10.7513771">
      <ele>117.4000015258789</ele>
      <time>2026-09-13T17:55:43.108+02:00</time>
      <extensions>
        <activity type="IN_VEHICLE" conf="79" state="moving" tsMs="1789314937598"/>
        <radio op="vodafone IT" rat="LTE" q="7.80" rsrp="-112" sinr="1" rsrq="-12"/>
        <radio op="I TIM" rat="LTE" q="7.00" rsrp="-111" sinr="0" rsrq="-7"/>
      </extensions>
    </trkpt>
    <trkpt lat="45.7551596" lon="10.7512605">
      <ele>124.30718009757032</ele>
      <time>2026-09-13T17:57:16.922+02:00</time>
      <extensions>
        <activity type="IN_VEHICLE" conf="80" state="moving" tsMs="1789315031993"/>
        <radio op="vodafone IT" rat="LTE" q="15.00" rsrp="-110" sinr="5" rsrq="-13"/>
        <radio op="I TIM" rat="LTE" rsrp="-116" rsrq="-18"/>
      </extensions>
    </trkpt>
    <trkpt lat="45.7554395" lon="10.7515474">
      <ele>117.19999694824219</ele>
      <time>2026-09-13T17:58:11.047+02:00</time>
      <extensions>
        <activity type="UNKNOWN" conf="40" state="unknown" tsMs="1789315080622"/>
        <radio op="vodafone IT" rat="LTE" q="11.90" rsrp="-108" sinr="2" rsrq="-13"/>
        <radio op="I TIM" rat="LTE" q="14.40" rsrp="-113" sinr="7" rsrq="-7"/>
      </extensions>
    </trkpt>
    <trkpt lat="45.7551126" lon="10.7513512">
      <ele>117.80000305175781</ele>
      <time>2026-09-13T17:58:50.67+02:00</time>
      <extensions>
        <activity type="TILTING" conf="100" state="moving" tsMs="1789315119704"/>
        <radio op="vodafone IT" rat="LTE" rsrp="-94" rsrq="-13"/>
        <radio op="I TIM" rat="LTE" q="11.20" rsrp="-109" sinr="2" rsrq="-8"/>
      </extensions>
    </trkpt>
    <trkpt lat="45.756274" lon="10.7499587">
      <ele>117.80000305175781</ele>
      <time>2026-09-13T17:59:24.137+02:00</time>
      <extensions>
        <activity type="UNKNOWN" conf="40" state="unknown" tsMs="1789315161067"/>
        <radio op="vodafone IT" rat="LTE" q="10.80" rsrp="-107" sinr="1" rsrq="-13"/>
        <radio op="I TIM" rat="LTE" rsrp="-107" rsrq="-16"/>
      </extensions>
    </trkpt>
    <trkpt lat="45.7552514" lon="10.7514064">
      <ele>117.80000305175781</ele>
      <time>2026-09-13T18:00:24.069+02:00</time>
      <extensions>
        <activity type="STILL" conf="99" state="still" tsMs="1789315223007"/>
        <radio op="vodafone IT" rat="LTE" rsrp="-108" rsrq="-15"/>
        <radio op="I TIM" rat="LTE" rsrp="-109" rsrq="-16"/>
      </extensions>
    </trkpt>
    <trkpt lat="45.7552" lon="10.7513415">
      <ele>117.4000015258789</ele>
      <time>2026-09-13T18:01:32.031+02:00</time>
      <extensions>
        <activity type="STILL" conf="75" state="still" tsMs="1789315272994"/>
        <radio op="vodafone IT" rat="LTE" q="14.40" rsrp="-107" sinr="3" rsrq="-14"/>
        <radio op="I TIM" rat="LTE" rsrp="-108" rsrq="-16"/>
      </extensions>
    </trkpt>
    <trkpt lat="45.7555766" lon="10.7509271">
      <ele>117.30000305175781</ele>
      <time>2026-09-13T18:02:26.665+02:00</time>
      <extensions>
        <activity type="STILL" conf="99" state="still" tsMs="1789315341615"/>
        <radio op="vodafone IT" rat="LTE" q="20.70" rsrp="-102" sinr="4" rsrq="-10"/>
        <radio op="I TIM" rat="LTE" q="15.00" rsrp="-110" sinr="5" rsrq="-7"/>
      </extensions>
    </trkpt>
    <trkpt lat="45.7555525" lon="10.7509504">
      <ele>117.30000305175781</ele>
      <time>2026-09-13T18:03:26.017+02:00</time>
      <extensions>
        <activity type="UNKNOWN" conf="40" state="unknown" tsMs="1789315402995"/>
        <radio op="vodafone IT" rat="LTE" q="19.00" rsrp="-106" sinr="5" rsrq="-12"/>
        <radio op="I TIM" rat="LTE" q="19.80" rsrp="-107" sinr="6" rsrq="-7"/>
      </extensions>
    </trkpt>
    <trkpt lat="45.7556439" lon="10.7508414">
      <ele>117.4000015258789</ele>
      <time>2026-09-13T18:03:57.365+02:00</time>
      <extensions>
        <activity type="STILL" conf="69" state="still" tsMs="1789315436536"/>
        <radio op="vodafone IT" rat="LTE" q="18.60" rsrp="-94" sinr="1" rsrq="-13"/>
        <radio op="I TIM" rat="LTE" q="46.80" rsrp="-99" sinr="13" rsrq="-7"/>
      </extensions>
    </trkpt>
    <trkpt lat="45.7559251" lon="10.7502463">
      <ele>117.80000305175781</ele>
      <time>2026-09-13T18:04:28.393+02:00</time>
      <extensions>
        <activity type="STILL" conf="43" state="still" tsMs="1789315467889"/>
        <radio op="vodafone IT" rat="LTE" q="15.00" rsrp="-95" sinr="0" rsrq="-14"/>
        <radio op="I TIM" rat="LTE" q="46.80" rsrp="-99" sinr="13" rsrq="-6"/>
      </extensions>
    </trkpt>
    <trkpt lat="45.7556146" lon="10.750912">
      <ele>117.4000015258789</ele>
      <time>2026-09-13T18:04:59.576+02:00</time>
      <extensions>
        <activity type="UNKNOWN" conf="40" state="unknown" tsMs="1789315495541"/>
        <radio op="vodafone IT" rat="LTE" rsrp="-96" rsrq="-15"/>
        <radio op="I TIM" rat="LTE" q="44.20" rsrp="-99" sinr="12" rsrq="-7"/>
      </extensions>
    </trkpt>
    <trkpt lat="45.7552447" lon="10.7513657">
      <ele>117.4000015258789</ele>
      <time>2026-09-13T18:05:30.84+02:00</time>
      <extensions>
        <activity type="STILL" conf="97" state="still" tsMs="1789315527927"/>
        <radio op="vodafone IT" rat="LTE" q="15.50" rsrp="-94" sinr="0" rsrq="-12"/>
        <radio op="I TIM" rat="LTE" q="36.00" rsrp="-101" sinr="10" rsrq="-7"/>
      </extensions>
    </trkpt>
    <trkpt lat="45.755242" lon="10.7513323">
      <ele>117.80000305175781</ele>
      <time>2026-09-13T18:05:59.338+02:00</time>
      <extensions>
        <activity type="STILL" conf="97" state="still" tsMs="1789315558780"/>
        <radio op="vodafone IT" rat="LTE" q="16.00" rsrp="-93" sinr="0" rsrq="-13"/>
        <radio op="I TIM" rat="LTE" q="41.60" rsrp="-99" sinr="11" rsrq="-8"/>
      </extensions>
    </trkpt>
    <trkpt lat="45.755197" lon="10.7513224">
      <ele>117.5</ele>
      <time>2026-09-13T18:06:32.736+02:00</time>
      <extensions>
        <activity type="STILL" conf="96" state="still" tsMs="1789315588905"/>
        <radio op="vodafone IT" rat="LTE" rsrp="-94" rsrq="-12"/>
        <radio op="I TIM" rat="LTE" q="40.00" rsrp="-100" sinr="11" rsrq="-7"/>
      </extensions>
    </trkpt>
    <trkpt lat="45.755214" lon="10.7512988">
      <ele>117.5</ele>
      <time>2026-09-13T18:07:03.762+02:00</time>
      <extensions>
        <activity type="STILL" conf="97" state="still" tsMs="1789315619378"/>
        <radio op="vodafone IT" rat="LTE" q="21.60" rsrp="-89" sinr="1" rsrq="-11"/>
        <radio op="I TIM" rat="LTE" q="45.60" rsrp="-101" sinr="14" rsrq="-6"/>
      </extensions>
    </trkpt>
    <trkpt lat="45.7552238" lon="10.7513267">
      <ele>117.80000305175781</ele>
      <time>2026-09-13T18:07:34.921+02:00</time>
      <extensions>
        <activity type="STILL" conf="96" state="still" tsMs="1789315650348"/>
        <radio op="vodafone IT" rat="LTE" rsrp="-90" rsrq="-13"/>
        <radio op="I TIM" rat="LTE" q="42.50" rsrp="-100" sinr="12" rsrq="-8"/>
      </extensions>
    </trkpt>
    <trkpt lat="45.755393" lon="10.7511948">
      <ele>117.5</ele>
      <time>2026-09-13T18:08:06.037+02:00</time>
      <extensions>
        <activity type="STILL" conf="99" state="still" tsMs="1789315681643"/>
        <radio op="vodafone IT" rat="LTE" rsrp="-94" rsrq="-10"/>
        <radio op="I TIM" rat="LTE" q="40.80" rsrp="-101" sinr="12" rsrq="-7"/>
      </extensions>
    </trkpt>
    <trkpt lat="45.7558318" lon="10.7506685">
      <ele>117.4000015258789</ele>
      <time>2026-09-13T18:08:37.237+02:00</time>
      <extensions>
        <activity type="STILL" conf="97" state="still" tsMs="1789315712694"/>
        <radio op="vodafone IT" rat="LTE" rsrp="-94" rsrq="-13"/>
        <radio op="I TIM" rat="LTE" q="41.40" rsrp="-102" sinr="13" rsrq="-6"/>
      </extensions>
    </trkpt>
    <trkpt lat="45.755256" lon="10.7513141">
      <ele>117.80000305175781</ele>
      <time>2026-09-13T18:09:17.402+02:00</time>
      <extensions>
        <activity type="STILL" conf="99" state="still" tsMs="1789315752704"/>
        <radio op="vodafone IT" rat="LTE" q="23.00" rsrp="-102" sinr="5" rsrq="-11"/>
        <radio op="I TIM" rat="LTE" q="16.20" rsrp="-107" sinr="4" rsrq="-6"/>
      </extensions>
    </trkpt>
    <trkpt lat="45.7552846" lon="10.7513437">
      <ele>118.0</ele>
      <time>2026-09-13T18:09:54.889+02:00</time>
      <extensions>
        <activity type="IN_VEHICLE" conf="96" state="moving" tsMs="1789315794601"/>
        <radio op="vodafone IT" rat="LTE" q="9.10" rsrp="-112" sinr="2" rsrq="-13"/>
        <radio op="I TIM" rat="LTE" rsrp="-112" rsrq="-16"/>
      </extensions>
    </trkpt>
    <trkpt lat="45.7552198" lon="10.7512786">
      <ele>117.19999694824219</ele>
      <time>2026-09-13T18:11:03.987+02:00</time>
      <extensions>
        <activity type="STILL" conf="99" state="still" tsMs="1789315852994"/>
        <radio op="vodafone IT" rat="LTE" q="15.20" rsrp="-106" sinr="3" rsrq="-13"/>
        <radio op="I TIM" rat="LTE" q="23.80" rsrp="-108" sinr="9" rsrq="-7"/>
      </extensions>
    </trkpt>
    <trkpt lat="45.7552109" lon="10.7513752">
      <ele>117.80000305175781</ele>
      <time>2026-09-13T18:12:06.494+02:00</time>
      <extensions>
        <activity type="UNKNOWN" conf="40" state="unknown" tsMs="1789315925823"/>
        <radio op="vodafone IT" rat="LTE" q="7.80" rsrp="-112" sinr="1" rsrq="-13"/>
        <radio op="I TIM" rat="LTE" rsrp="-122" rsrq="-10"/>
      </extensions>
    </trkpt>
    <trkpt lat="45.755281" lon="10.7514069">
      <ele>118.0999984741211</ele>
      <time>2026-09-13T18:13:32.009+02:00</time>
      <extensions>
        <activity type="STILL" conf="99" state="still" tsMs="1789315988007"/>
        <radio op="vodafone IT" rat="LTE" q="28.00" rsrp="-105" sinr="9" rsrq="-10"/>
        <radio op="I TIM" rat="LTE" rsrp="-108" rsrq="-16"/>
      </extensions>
    </trkpt>
    <trkpt lat="45.755312" lon="10.7512074">
      <ele>117.80000305175781</ele>
      <time>2026-09-13T18:14:15.332+02:00</time>
      <extensions>
        <activity type="IN_VEHICLE" conf="95" state="moving" tsMs="1789316053340"/>
        <radio op="vodafone IT" rat="LTE" q="16.50" rsrp="-110" sinr="6" rsrq="-9"/>
        <radio op="I TIM" rat="LTE" rsrp="-110" rsrq="-17"/>
      </extensions>
    </trkpt>
    <trkpt lat="45.7553805" lon="10.7511748">
      <ele>118.0</ele>
      <time>2026-09-13T18:14:46.58+02:00</time>
      <extensions>
        <activity type="STILL" conf="34" state="still" tsMs="1789316085969"/>
        <radio op="vodafone IT" rat="LTE" q="17.60" rsrp="-103" sinr="3" rsrq="-11"/>
        <radio op="I TIM" rat="LTE" q="14.40" rsrp="-107" sinr="3" rsrq="-8"/>
      </extensions>
    </trkpt>
    <trkpt lat="45.7552891" lon="10.7513537">
      <ele>117.4000015258789</ele>
      <time>2026-09-13T18:15:17.845+02:00</time>
      <extensions>
        <activity type="STILL" conf="59" state="still" tsMs="1789316113854"/>
        <radio op="vodafone IT" rat="LTE" q="16.80" rsrp="-101" sinr="2" rsrq="-8"/>
        <radio op="I TIM" rat="LTE" q="19.80" rsrp="-107" sinr="6" rsrq="-8"/>
      </extensions>
    </trkpt>
    <trkpt lat="45.7554674" lon="10.7509782">
      <ele>118.0999984741211</ele>
      <time>2026-09-13T18:15:48.926+02:00</time>
      <extensions>
        <activity type="STILL" conf="99" state="still" tsMs="1789316143608"/>
        <radio op="vodafone IT" rat="LTE" rsrp="-103" rsrq="-12"/>
        <radio op="I TIM" rat="LTE" q="22.80" rsrp="-106" sinr="7" rsrq="-8"/>
      </extensions>
    </trkpt>
    <trkpt lat="45.755302" lon="10.7512117">
      <ele>117.4000015258789</ele>
      <time>2026-09-13T18:16:24.713+02:00</time>
      <extensions>
        <activity type="STILL" conf="99" state="still" tsMs="1789316182635"/>
        <radio op="vodafone IT" rat="LTE" q="13.20" rsrp="-103" sinr="1" rsrq="-11"/>
        <radio op="I TIM" rat="LTE" q="19.80" rsrp="-107" sinr="6" rsrq="-8"/>
      </extensions>
    </trkpt>
    <trkpt lat="45.7552762" lon="10.7512915">
      <ele>117.4000015258789</ele>
      <time>2026-09-13T18:17:17.183+02:00</time>
      <extensions>
        <activity type="IN_VEHICLE" conf="75" state="moving" tsMs="1789316234620"/>
        <radio op="vodafone IT" rat="LTE" q="11.90" rsrp="-108" sinr="2" rsrq="-13"/>
        <radio op="I TIM" rat="LTE" rsrp="-108" rsrq="-16"/>
      </extensions>
    </trkpt>
    <trkpt lat="45.7552288" lon="10.7513875">
      <ele>117.80000305175781</ele>
      <time>2026-09-13T18:17:51.55+02:00</time>
      <extensions>
        <activity type="UNKNOWN" conf="40" state="unknown" tsMs="1789316269838"/>
        <radio op="vodafone IT" rat="LTE" q="17.10" rsrp="-106" sinr="4" rsrq="-13"/>
        <radio op="I TIM" rat="LTE" rsrp="-107" rsrq="-17"/>
      </extensions>
    </trkpt>
    <trkpt lat="45.7554258" lon="10.7515984">
      <ele>117.4000015258789</ele>
      <time>2026-09-13T18:18:37.354+02:00</time>
      <extensions>
        <activity type="TILTING" conf="100" state="moving" tsMs="1789316312039"/>
        <radio op="vodafone IT" rat="LTE" q="15.50" rsrp="-94" sinr="0" rsrq="-13"/>
        <radio op="I TIM" rat="LTE" rsrp="-93" rsrq="-15"/>
      </extensions>
    </trkpt>
    <trkpt lat="45.7554192" lon="10.7515465">
      <ele>117.4000015258789</ele>
      <time>2026-09-13T18:18:39.05+02:00</time>
      <extensions>
        <activity type="TILTING" conf="100" state="moving" tsMs="1789316312039"/>
        <radio op="vodafone IT" rat="LTE" rsrp="-95" rsrq="-14"/>
        <radio op="I TIM" rat="LTE" rsrp="-94" rsrq="-14"/>
      </extensions>
    </trkpt>
    <trkpt lat="45.7558987" lon="10.7505816">
      <ele>117.30000305175781</ele>
      <time>2026-09-13T18:19:19.162+02:00</time>
      <extensions>
        <activity type="STILL" conf="96" state="still" tsMs="1789316358034"/>
        <radio op="vodafone IT" rat="LTE" q="35.20" rsrp="-93" sinr="6" rsrq="-13"/>
        <radio op="I TIM" rat="LTE" rsrp="-89" rsrq="-14"/>
      </extensions>
    </trkpt>
    <trkpt lat="45.7556855" lon="10.7507884">
      <ele>117.4000015258789</ele>
      <time>2026-09-13T18:19:50.393+02:00</time>
      <extensions>
        <activity type="STILL" conf="90" state="still" tsMs="1789316386370"/>
        <radio op="vodafone IT" rat="LTE" q="30.60" rsrp="-91" sinr="4" rsrq="-12"/>
        <radio op="I TIM" rat="LTE" rsrp="-88" rsrq="-14"/>
      </extensions>
    </trkpt>
    <trkpt lat="45.7556455" lon="10.7508524">
      <ele>117.4000015258789</ele>
      <time>2026-09-13T18:20:21.637+02:00</time>
      <extensions>
        <activity type="STILL" conf="96" state="still" tsMs="1789316419383"/>
        <radio op="vodafone IT" rat="LTE" q="33.00" rsrp="-95" sinr="6" rsrq="-12"/>
        <radio op="I TIM" rat="LTE" q="18.50" rsrp="-88" sinr="0" rsrq="-13"/>
      </extensions>
    </trkpt>
    <trkpt lat="45.7552794" lon="10.7514353">
      <ele>118.0999984741211</ele>
      <time>2026-09-13T18:20:52.872+02:00</time>
      <extensions>
        <activity type="STILL" conf="70" state="still" tsMs="1789316449588"/>
        <radio op="vodafone IT" rat="LTE" q="42.00" rsrp="-95" sinr="9" rsrq="-12"/>
        <radio op="I TIM" rat="LTE" rsrp="-89" rsrq="-15"/>
      </extensions>
    </trkpt>
    <trkpt lat="45.7553179" lon="10.7512727">
      <ele>118.0</ele>
      <time>2026-09-13T18:21:24.079+02:00</time>
      <extensions>
        <activity type="STILL" conf="96" state="still" tsMs="1789316480913"/>
        <radio op="vodafone IT" rat="LTE" q="29.70" rsrp="-92" sinr="4" rsrq="-11"/>
        <radio op="I TIM" rat="LTE" rsrp="-90" rsrq="-13"/>
      </extensions>
    </trkpt>
    <trkpt lat="45.7552948" lon="10.7513297">
      <ele>117.19999694824219</ele>
      <time>2026-09-13T18:21:55.349+02:00</time>
      <extensions>
        <activity type="STILL" conf="98" state="still" tsMs="1789316509783"/>
        <radio op="vodafone IT" rat="LTE" q="21.70" rsrp="-94" sinr="2" rsrq="-14"/>
        <radio op="I TIM" rat="LTE" rsrp="-89" rsrq="-13"/>
      </extensions>
    </trkpt>
    <trkpt lat="45.7552412" lon="10.7513384">
      <ele>117.80000305175781</ele>
      <time>2026-09-13T18:22:26.605+02:00</time>
      <extensions>
        <activity type="STILL" conf="98" state="still" tsMs="1789316543207"/>
        <radio op="vodafone IT" rat="LTE" q="15.50" rsrp="-94" sinr="0" rsrq="-12"/>
        <radio op="I TIM" rat="LTE" rsrp="-90" rsrq="-17"/>
      </extensions>
    </trkpt>
    <trkpt lat="45.7554388" lon="10.7511551">
      <ele>117.4000015258789</ele>
      <time>2026-09-13T18:22:57.839+02:00</time>
      <extensions>
        <activity type="STILL" conf="97" state="still" tsMs="1789316573388"/>
        <radio op="vodafone IT" rat="LTE" q="29.70" rsrp="-98" sinr="6" rsrq="-11"/>
        <radio op="I TIM" rat="LTE" rsrp="-91" rsrq="-16"/>
      </extensions>
    </trkpt>
    <trkpt lat="45.7553025" lon="10.7513039">
      <ele>117.4000015258789</ele>
      <time>2026-09-13T18:23:28.968+02:00</time>
      <extensions>
        <activity type="STILL" conf="96" state="still" tsMs="1789316604582"/>
        <radio op="vodafone IT" rat="LTE" q="18.20" rsrp="-99" sinr="2" rsrq="-12"/>
        <radio op="I TIM" rat="LTE" rsrp="-90" rsrq="-16"/>
      </extensions>
    </trkpt>
    <trkpt lat="45.7555754" lon="10.7509517">
      <ele>117.4000015258789</ele>
      <time>2026-09-13T18:24:00.041+02:00</time>
      <extensions>
        <activity type="STILL" conf="96" state="still" tsMs="1789316635669"/>
        <radio op="vodafone IT" rat="LTE" rsrp="-93" rsrq="-13"/>
        <radio op="I TIM" rat="LTE" rsrp="-89" rsrq="-15"/>
      </extensions>
    </trkpt>
    <trkpt lat="45.7555805" lon="10.7509694">
      <ele>117.4000015258789</ele>
      <time>2026-09-13T18:24:31.151+02:00</time>
      <extensions>
        <activity type="STILL" conf="69" state="still" tsMs="1789316666755"/>
        <radio op="vodafone IT" rat="LTE" rsrp="-94" rsrq="-16"/>
        <radio op="I TIM" rat="LTE" rsrp="-90" rsrq="-15"/>
      </extensions>
    </trkpt>
    <trkpt lat="45.7553261" lon="10.75128">
      <ele>117.4000015258789</ele>
      <time>2026-09-13T18:25:02.256+02:00</time>
      <extensions>
        <activity type="STILL" conf="73" state="still" tsMs="1789316697863"/>
        <radio op="vodafone IT" rat="LTE" rsrp="-93" rsrq="-13"/>
        <radio op="I TIM" rat="LTE" rsrp="-93" rsrq="-15"/>
      </extensions>
    </trkpt>
    <trkpt lat="45.7555608" lon="10.7509617">
      <ele>117.4000015258789</ele>
      <time>2026-09-13T18:25:33.396+02:00</time>
      <extensions>
        <activity type="STILL" conf="86" state="still" tsMs="1789316729001"/>
        <radio op="vodafone IT" rat="LTE" q="23.10" rsrp="-92" sinr="2" rsrq="-13"/>
        <radio op="I TIM" rat="LTE" rsrp="-87" rsrq="-14"/>
      </extensions>
    </trkpt>
    <trkpt lat="45.755498" lon="10.7510564">
      <ele>117.4000015258789</ele>
      <time>2026-09-13T18:26:04.524+02:00</time>
      <extensions>
        <activity type="UNKNOWN" conf="40" state="unknown" tsMs="1789316760093"/>
        <radio op="vodafone IT" rat="LTE" q="24.80" rsrp="-94" sinr="3" rsrq="-11"/>
        <radio op="I TIM" rat="LTE" rsrp="-87" rsrq="-15"/>
      </extensions>
    </trkpt>
    <trkpt lat="45.7556409" lon="10.7508653">
      <ele>117.4000015258789</ele>
      <time>2026-09-13T18:26:35.621+02:00</time>
      <extensions>
        <activity type="STILL" conf="42" state="still" tsMs="1789316791222"/>
        <radio op="vodafone IT" rat="LTE" q="22.40" rsrp="-93" sinr="2" rsrq="-12"/>
        <radio op="I TIM" rat="LTE" rsrp="-87" rsrq="-15"/>
      </extensions>
    </trkpt>
    <trkpt lat="45.7550907" lon="10.7512315">
      <ele>117.80000305175781</ele>
      <time>2026-09-13T18:27:06.773+02:00</time>
      <extensions>
        <activity type="UNKNOWN" conf="40" state="unknown" tsMs="1789316823040"/>
        <radio op="vodafone IT" rat="LTE" q="22.40" rsrp="-93" sinr="2" rsrq="-10"/>
        <radio op="I TIM" rat="LTE" rsrp="-88" rsrq="-13"/>
      </extensions>
    </trkpt>
    <trkpt lat="45.7555252" lon="10.7509844">
      <ele>118.0</ele>
      <time>2026-09-13T18:27:37.965+02:00</time>
      <extensions>
        <activity type="STILL" conf="45" state="still" tsMs="1789316854166"/>
        <radio op="vodafone IT" rat="LTE" rsrp="-93" rsrq="-12"/>
        <radio op="I TIM" rat="LTE" rsrp="-88" rsrq="-16"/>
      </extensions>
    </trkpt>
    <trkpt lat="45.7551709" lon="10.7514017">
      <ele>118.0999984741211</ele>
      <time>2026-09-13T18:28:27.944+02:00</time>
      <extensions>
        <activity type="STILL" conf="99" state="still" tsMs="1789316902625"/>
        <radio op="vodafone IT" rat="LTE" q="20.70" rsrp="-102" sinr="4" rsrq="-9"/>
        <radio op="I TIM" rat="LTE" rsrp="-107" rsrq="-16"/>
      </extensions>
    </trkpt>
    <trkpt lat="45.7554189" lon="10.7514927">
      <ele>117.80000305175781</ele>
      <time>2026-09-13T18:29:05.05+02:00</time>
      <extensions>
        <activity type="STILL" conf="99" state="still" tsMs="1789316950496"/>
        <radio op="vodafone IT" rat="LTE" q="20.00" rsrp="-100" sinr="3" rsrq="-10"/>
        <radio op="I TIM" rat="LTE" rsrp="-107" rsrq="-12"/>
      </extensions>
    </trkpt>
    <trkpt lat="45.7550767" lon="10.7513246">
      <ele>117.80000305175781</ele>
      <time>2026-09-13T18:30:27.566+02:00</time>
      <extensions>
        <activity type="ON_FOOT" conf="92" state="moving" tsMs="1789317023873"/>
        <radio op="vodafone IT" rat="LTE" q="45.00" rsrp="-95" sinr="10" rsrq="-10"/>
        <radio op="I TIM" rat="LTE" rsrp="-94" rsrq="-14"/>
      </extensions>
    </trkpt>
    <trkpt lat="45.7546803" lon="10.7507982">
      <ele>119.80000305175781</ele>
      <time>2026-09-13T18:31:14.664+02:00</time>
      <extensions>
        <activity type="ON_FOOT" conf="96" state="moving" tsMs="1789317068993"/>
        <radio op="vodafone IT" rat="LTE" rsrp="-119" rsrq="-16"/>
        <radio op="I TIM" rat="LTE" rsrp="-109" rsrq="-15"/>
      </extensions>
    </trkpt>
    <trkpt lat="45.7543811" lon="10.7506634">
      <ele>122.79856297410292</ele>
      <time>2026-09-13T18:31:53.211+02:00</time>
      <extensions>
        <activity type="ON_FOOT" conf="96" state="moving" tsMs="1789317111403"/>
        <radio op="vodafone IT" rat="LTE" q="13.60" rsrp="-108" sinr="3" rsrq="-11"/>
        <radio op="I TIM" rat="LTE" rsrp="-108" rsrq="-16"/>
      </extensions>
    </trkpt>
    <trkpt lat="45.7539987" lon="10.751156">
      <ele>117.80000305175781</ele>
      <time>2026-09-13T18:32:56.049+02:00</time>
      <extensions>
        <activity type="ON_FOOT" conf="96" state="moving" tsMs="1789317165640"/>
        <radio op="vodafone IT" rat="LTE" q="14.00" rsrp="-105" sinr="2" rsrq="-10"/>
        <radio op="I TIM" rat="LTE" rsrp="-100" rsrq="-14"/>
      </extensions>
    </trkpt>
    <trkpt lat="45.7539985" lon="10.7511555">
      <ele>117.80000305175781</ele>
      <time>2026-09-13T18:33:30.864+02:00</time>
      <extensions>
        <activity type="ON_FOOT" conf="94" state="moving" tsMs="1789317204625"/>
        <radio op="vodafone IT" rat="LTE" q="10.40" rsrp="-112" sinr="3" rsrq="-12"/>
        <radio op="I TIM" rat="LTE" rsrp="-106" rsrq="-15"/>
      </extensions>
    </trkpt>
    <trkpt lat="45.7543607" lon="10.750635">
      <ele>120.19999694824219</ele>
      <time>2026-09-13T18:34:15.296+02:00</time>
      <extensions>
        <activity type="ON_FOOT" conf="96" state="moving" tsMs="1789317251645"/>
        <radio op="vodafone IT" rat="LTE" q="5.00" rsrp="-115" sinr="0" rsrq="-12"/>
        <radio op="I TIM" rat="LTE" rsrp="-115" rsrq="-17"/>
      </extensions>
    </trkpt>
    <trkpt lat="45.7544052" lon="10.7505763">
      <ele>121.0999984741211</ele>
      <time>2026-09-13T18:35:04.216+02:00</time>
      <extensions>
        <activity type="STILL" conf="99" state="still" tsMs="1789317299269"/>
        <radio op="vodafone IT" rat="LTE" q="6.30" rsrp="-116" sinr="2" rsrq="-12"/>
        <radio op="I TIM" rat="LTE" rsrp="-118" rsrq="-16"/>
      </extensions>
    </trkpt>
    <trkpt lat="45.75323" lon="10.7499608">
      <ele>118.4000015258789</ele>
      <time>2026-09-13T18:35:51.972+02:00</time>
      <extensions>
        <activity type="ON_FOOT" conf="97" state="moving" tsMs="1789317350085"/>
        <radio op="vodafone IT" rat="LTE" rsrp="-114" rsrq="-14"/>
        <radio op="I TIM" rat="LTE" rsrp="-112" rsrq="-17"/>
      </extensions>
    </trkpt>
    <trkpt lat="45.75323" lon="10.7499608">
      <ele>118.4000015258789</ele>
      <time>2026-09-13T18:36:25.723+02:00</time>
      <extensions>
        <activity type="ON_FOOT" conf="90" state="moving" tsMs="1789317380525"/>
        <radio op="vodafone IT" rat="LTE" rsrp="-119" rsrq="-18"/>
        <radio op="I TIM" rat="LTE" rsrp="-122" rsrq="-17"/>
      </extensions>
    </trkpt>
    <trkpt lat="45.7538723" lon="10.7500166">
      <ele>118.4000015258789</ele>
      <time>2026-09-13T18:36:33.05+02:00</time>
      <extensions>
        <activity type="UNKNOWN" conf="40" state="unknown" tsMs="1789317391715"/>
        <radio op="vodafone IT" rat="LTE" rsrp="-113" rsrq="-19"/>
        <radio op="I TIM" rat="LTE" rsrp="-112" rsrq="-15"/>
      </extensions>
    </trkpt>
    <trkpt lat="45.7538712" lon="10.7500155">
      <ele>118.30000305175781</ele>
      <time>2026-09-13T18:37:06.953+02:00</time>
      <extensions>
        <activity type="STILL" conf="65" state="still" tsMs="1789317423884"/>
        <radio op="vodafone IT" rat="LTE" rsrp="-111" rsrq="-16"/>
        <radio op="I TIM" rat="LTE" rsrp="-115" rsrq="-15"/>
      </extensions>
    </trkpt>
    <trkpt lat="45.7537651" lon="10.7499913">
      <ele>118.30000305175781</ele>
      <time>2026-09-13T18:37:40.05+02:00</time>
      <extensions>
        <activity type="IN_VEHICLE" conf="97" state="moving" tsMs="1789317457847"/>
        <radio op="vodafone IT" rat="LTE" rsrp="-105" rsrq="-15"/>
        <radio op="I TIM" rat="LTE" rsrp="-111" rsrq="-17"/>
      </extensions>
    </trkpt>
    <trkpt lat="45.7532352" lon="10.7498236">
      <ele>122.44192449549107</ele>
      <time>2026-09-13T18:38:13.051+02:00</time>
      <extensions>
        <activity type="IN_VEHICLE" conf="97" state="moving" tsMs="1789317501241"/>
        <radio op="vodafone IT" rat="LTE" rsrp="-108" rsrq="-17"/>
        <radio op="I TIM" rat="LTE" q="12.00" rsrp="-105" sinr="1" rsrq="-14"/>
      </extensions>
    </trkpt>
    <trkpt lat="45.7527468" lon="10.7505509">
      <ele>122.85921593833007</ele>
      <time>2026-09-13T18:38:43.443+02:00</time>
      <extensions>
        <activity type="IN_VEHICLE" conf="97" state="moving" tsMs="1789317522621"/>
        <radio op="vodafone IT" rat="LTE" rsrp="-100" rsrq="-16"/>
        <radio op="I TIM" rat="LTE" rsrp="-99" rsrq="-15"/>
      </extensions>
    </trkpt>
    <trkpt lat="45.7367434" lon="10.7346519">
      <ele>138.80113364743565</ele>
      <time>2026-09-13T18:40:42.956+02:00</time>
      <extensions>
        <activity type="IN_VEHICLE" conf="96" state="moving" tsMs="1789317634014"/>
        <radio op="vodafone IT" rat="LTE" rsrp="-119" rsrq="-20"/>
        <radio op="I TIM" rat="LTE" rsrp="-113" rsrq="-15"/>
      </extensions>
    </trkpt>
    <trkpt lat="45.7357731" lon="10.734116">
      <ele>131.568264676677</ele>
      <time>2026-09-13T18:41:37.055+02:00</time>
      <extensions>
        <activity type="IN_VEHICLE" conf="97" state="moving" tsMs="1789317706595"/>
        <radio op="vodafone IT" rat="LTE" rsrp="-123" rsrq="-15"/>
        <radio op="I TIM" rat="LTE" q="12.60" rsrp="-111" sinr="4" rsrq="-12"/>
      </extensions>
    </trkpt>
    <trkpt lat="45.7331323" lon="10.7285899">
      <ele>131.8728715546996</ele>
      <time>2026-09-13T18:42:14.117+02:00</time>
      <extensions>
        <activity type="IN_VEHICLE" conf="97" state="moving" tsMs="1789317727999"/>
        <radio op="vodafone IT" rat="LTE" rsrp="-109" rsrq="-10"/>
        <radio op="I TIM" rat="LTE" rsrp="-109" rsrq="-23"/>
      </extensions>
    </trkpt>
    <trkpt lat="45.7307751" lon="10.7238865">
      <ele>132.1366031726145</ele>
      <time>2026-09-13T18:42:48.061+02:00</time>
      <extensions>
        <activity type="IN_VEHICLE" conf="96" state="moving" tsMs="1789317767887"/>
        <radio op="vodafone IT" rat="LTE" q="23.00" rsrp="-102" sinr="5" rsrq="-10"/>
        <radio op="I TIM" rat="LTE" rsrp="-105" rsrq="-16"/>
      </extensions>
    </trkpt>
    <trkpt lat="45.7267041" lon="10.7166299">
      <ele>122.9000015258789</ele>
      <time>2026-09-13T18:43:27.51+02:00</time>
      <extensions>
        <activity type="IN_VEHICLE" conf="97" state="moving" tsMs="1789317803049"/>
        <radio op="vodafone IT" rat="LTE" q="16.50" rsrp="-92" sinr="0" rsrq="-10"/>
        <radio op="I TIM" rat="LTE" rsrp="-106" rsrq="-18"/>
      </extensions>
    </trkpt>
    <trkpt lat="45.7181038" lon="10.7061444">
      <ele>192.14833872792397</ele>
      <time>2026-09-13T18:44:55.552+02:00</time>
      <extensions>
        <activity type="IN_VEHICLE" conf="98" state="moving" tsMs="1789317895117"/>
        <radio op="vodafone IT" rat="LTE" q="37.40" rsrp="-103" sinr="12" rsrq="-12"/>
        <radio op="I TIM" rat="LTE" q="14.40" rsrp="-107" sinr="3" rsrq="-13"/>
      </extensions>
    </trkpt>
    <trkpt lat="45.7144485" lon="10.7020625">
      <ele>214.18489809500062</ele>
      <time>2026-09-13T18:45:34.774+02:00</time>
      <extensions>
        <activity type="IN_VEHICLE" conf="97" state="moving" tsMs="1789317933396"/>
        <radio op="vodafone IT" rat="LTE" q="25.20" rsrp="-107" sinr="9" rsrq="-12"/>
        <radio op="I TIM" rat="LTE" q="8.80" rsrp="-114" sinr="3" rsrq="-15"/>
      </extensions>
    </trkpt>
    <trkpt lat="45.7144485" lon="10.7020625">
      <ele>233.45450178158865</ele>
      <time>2026-09-13T18:46:11.475+02:00</time>
      <extensions>
        <activity type="IN_VEHICLE" conf="97" state="moving" tsMs="1789317971345"/>
        <radio op="vodafone IT" rat="LTE" q="2.10" rsrp="-122" sinr="2" rsrq="-11"/>
        <radio op="I TIM" rat="LTE" q="3.50" rsrp="-118" sinr="0" rsrq="-11"/>
      </extensions>
    </trkpt>
    <trkpt lat="45.7144485" lon="10.7020625">
      <ele>237.58091979150515</ele>
      <time>2026-09-13T18:46:22.21+02:00</time>
      <extensions>
        <activity type="IN_VEHICLE" conf="96" state="moving" tsMs="1789317974899"/>
        <radio op="vodafone IT" rat="LTE" q="1.30" rsrp="-124" sinr="8" rsrq="-12"/>
        <radio op="I TIM" rat="LTE" q="14.00" rsrp="-115" sinr="9" rsrq="-11"/>
      </extensions>
    </trkpt>
    <trkpt lat="45.7144485" lon="10.7020625">
      <ele>230.98141066730224</ele>
      <time>2026-09-13T18:47:05.886+02:00</time>
      <extensions>
        <activity type="IN_VEHICLE" conf="96" state="moving" tsMs="1789318022338"/>
        <radio op="vodafone IT" rat="LTE" rsrp="-118" rsrq="-19"/>
        <radio op="I TIM" rat="LTE" rsrp="-125" rsrq="-17"/>
      </extensions>
    </trkpt>
    <trkpt lat="45.7144485" lon="10.7020625">
      <ele>227.0126169149662</ele>
      <time>2026-09-13T18:47:16.605+02:00</time>
      <extensions>
        <activity type="IN_VEHICLE" conf="96" state="moving" tsMs="1789318034653"/>
        <radio op="vodafone IT" rat="LTE" rsrp="-105" rsrq="-19"/>
        <radio op="I TIM" rat="LTE" rsrp="-115" rsrq="-19"/>
      </extensions>
    </trkpt>
    <trkpt lat="45.7031217" lon="10.6813149">
      <ele>214.8658167996309</ele>
      <time>2026-09-13T18:48:06.051+02:00</time>
      <extensions>
        <activity type="IN_VEHICLE" conf="97" state="moving" tsMs="1789318102041"/>
        <radio op="vodafone IT" rat="LTE" rsrp="-102" rsrq="-18"/>
        <radio op="I TIM" rat="LTE" q="14.00" rsrp="-105" sinr="2" rsrq="-13"/>
      </extensions>
    </trkpt>
    <trkpt lat="45.6995971" lon="10.6766772">
      <ele>193.80441751630923</ele>
      <time>2026-09-13T18:48:48.047+02:00</time>
      <extensions>
        <activity type="IN_VEHICLE" conf="96" state="moving" tsMs="1789318128463"/>
        <radio op="vodafone IT" rat="LTE" q="22.00" rsrp="-103" sinr="5" rsrq="-8"/>
        <radio op="I TIM" rat="LTE" q="19.20" rsrp="-109" sinr="7" rsrq="-13"/>
      </extensions>
    </trkpt>
    <trkpt lat="45.6938268" lon="10.6676576">
      <ele>161.06510465789577</ele>
      <time>2026-09-13T18:49:59.365+02:00</time>
      <extensions>
        <activity type="IN_VEHICLE" conf="97" state="moving" tsMs="1789318215289"/>
        <radio op="vodafone IT" rat="LTE" q="68.00" rsrp="-84" sinr="12" rsrq="-8"/>
        <radio op="I TIM" rat="LTE" q="32.40" rsrp="-89" sinr="4" rsrq="-14"/>
      </extensions>
    </trkpt>
    <trkpt lat="45.6921878" lon="10.6669007">
      <ele>150.54997099066972</ele>
      <time>2026-09-13T18:50:30.943+02:00</time>
      <extensions>
        <activity type="IN_VEHICLE" conf="97" state="moving" tsMs="1789318225962"/>
        <radio op="vodafone IT" rat="LTE" q="38.40" rsrp="-93" sinr="7" rsrq="-9"/>
        <radio op="I TIM" rat="LTE" q="51.80" rsrp="-88" sinr="9" rsrq="-11"/>
      </extensions>
    </trkpt>
    <trkpt lat="45.6903402" lon="10.6640772">
      <ele>146.10920693658605</ele>
      <time>2026-09-13T18:51:02.217+02:00</time>
      <extensions>
        <activity type="IN_VEHICLE" conf="83" state="moving" tsMs="1789318257505"/>
        <radio op="vodafone IT" rat="LTE" q="100.00" rsrp="-80" sinr="20" rsrq="-6"/>
        <radio op="I TIM" rat="LTE" q="68.00" rsrp="-75" sinr="12" rsrq="-12"/>
      </extensions>
    </trkpt>
    <trkpt lat="45.6894989" lon="10.6632226">
      <ele>141.3000030517578</ele>
      <time>2026-09-13T18:51:33.512+02:00</time>
      <extensions>
        <activity type="IN_VEHICLE" conf="97" state="moving" tsMs="1789318288818"/>
        <radio op="vodafone IT" rat="LTE" q="28.80" rsrp="-89" sinr="3" rsrq="-10"/>
        <radio op="I TIM" rat="LTE" q="20.00" rsrp="-82" sinr="0" rsrq="-14"/>
      </extensions>
    </trkpt>
    <trkpt lat="45.6857425" lon="10.6594844">
      <ele>128.8551661972845</ele>
      <time>2026-09-13T18:52:08.05+02:00</time>
      <extensions>
        <activity type="IN_VEHICLE" conf="97" state="moving" tsMs="1789318335365"/>
        <radio op="vodafone IT" rat="LTE" q="13.30" rsrp="-106" sinr="2" rsrq="-12"/>
        <radio op="I TIM" rat="LTE" rsrp="-109" rsrq="-16"/>
      </extensions>
    </trkpt>
    <trkpt lat="45.6809179" lon="10.6545722">
      <ele>129.41550963521317</ele>
      <time>2026-09-13T18:52:47.677+02:00</time>
      <extensions>
        <activity type="IN_VEHICLE" conf="97" state="moving" tsMs="1789318367445"/>
        <radio op="vodafone IT" rat="LTE" rsrp="-116" rsrq="-21"/>
        <radio op="I TIM" rat="LTE" q="12.00" rsrp="-113" sinr="5" rsrq="-13"/>
      </extensions>
    </trkpt>
    <trkpt lat="45.6755022" lon="10.6513965">
      <ele>122.0</ele>
      <time>2026-09-13T18:53:50.28+02:00</time>
      <extensions>
        <activity type="IN_VEHICLE" conf="96" state="moving" tsMs="1789318440908"/>
        <radio op="vodafone IT" rat="LTE" rsrp="-113" rsrq="-14"/>
        <radio op="I TIM" rat="LTE" rsrp="-108" rsrq="-17"/>
      </extensions>
    </trkpt>
    <trkpt lat="45.6742949" lon="10.6502539">
      <ele>125.75504719550774</ele>
      <time>2026-09-13T18:54:21.6+02:00</time>
      <extensions>
        <activity type="IN_VEHICLE" conf="97" state="moving" tsMs="1789318456923"/>
        <radio op="vodafone IT" rat="LTE" rsrp="-108" rsrq="-16"/>
        <radio op="I TIM" rat="LTE" q="50.60" rsrp="-102" sinr="17" rsrq="-12"/>
      </extensions>
    </trkpt>
    <trkpt lat="45.6671913" lon="10.6477046">
      <ele>143.32775159984016</ele>
      <time>2026-09-13T18:55:24.454+02:00</time>
      <extensions>
        <activity type="IN_VEHICLE" conf="97" state="moving" tsMs="1789318540444"/>
        <radio op="vodafone IT" rat="LTE" q="27.50" rsrp="-100" sinr="6" rsrq="-10"/>
        <radio op="I TIM" rat="LTE" q="58.00" rsrp="-96" sinr="15" rsrq="-12"/>
      </extensions>
    </trkpt>
    <trkpt lat="45.6632547" lon="10.6444845">
      <ele>139.09880631132197</ele>
      <time>2026-09-13T18:55:59.048+02:00</time>
      <extensions>
        <activity type="IN_VEHICLE" conf="97" state="moving" tsMs="1789318566289"/>
        <radio op="vodafone IT" rat="LTE" rsrp="-106" rsrq="-19"/>
        <radio op="I TIM" rat="LTE" rsrp="-102" rsrq="-13"/>
      </extensions>
    </trkpt>
    <trkpt lat="45.6587088" lon="10.6382154">
      <ele>128.76275250027544</ele>
      <time>2026-09-13T18:56:42.048+02:00</time>
      <extensions>
        <activity type="IN_VEHICLE" conf="96" state="moving" tsMs="1789318601948"/>
        <radio op="vodafone IT" rat="LTE" q="14.40" rsrp="-109" sinr="4" rsrq="-14"/>
        <radio op="I TIM" rat="LTE" rsrp="-107" rsrq="-19"/>
      </extensions>
    </trkpt>
    <trkpt lat="45.6544621" lon="10.6324645">
      <ele>134.90000915527344</ele>
      <time>2026-09-13T18:57:21.524+02:00</time>
      <extensions>
        <activity type="IN_VEHICLE" conf="97" state="moving" tsMs="1789318637170"/>
        <radio op="vodafone IT" rat="LTE" q="10.50" rsrp="-104" sinr="0" rsrq="-14"/>
        <radio op="I TIM" rat="LTE" rsrp="-102" rsrq="-16"/>
      </extensions>
    </trkpt>
    <trkpt lat="45.6503704" lon="10.6256736">
      <ele>133.1629342851151</ele>
      <time>2026-09-13T18:58:02.048+02:00</time>
      <extensions>
        <activity type="IN_VEHICLE" conf="97" state="moving" tsMs="1789318683502"/>
        <radio op="vodafone IT" rat="LTE" rsrp="-104" rsrq="-14"/>
        <radio op="I TIM" rat="LTE" rsrp="-104" rsrq="-15"/>
      </extensions>
    </trkpt>
    <trkpt lat="45.6432118" lon="10.6195899">
      <ele>137.4913043513328</ele>
      <time>2026-09-13T18:58:35.878+02:00</time>
      <extensions>
        <activity type="IN_VEHICLE" conf="98" state="moving" tsMs="1789318715548"/>
        <radio op="vodafone IT" rat="LTE" q="61.20" rsrp="-89" sinr="12" rsrq="-11"/>
        <radio op="I TIM" rat="LTE" q="48.00" rsrp="-83" sinr="7" rsrq="-12"/>
      </extensions>
    </trkpt>
    <trkpt lat="45.6449048" lon="10.6169277">
      <ele>129.10000610351562</ele>
      <time>2026-09-13T18:59:07.132+02:00</time>
      <extensions>
        <activity type="IN_VEHICLE" conf="97" state="moving" tsMs="1789318743656"/>
        <radio op="vodafone IT" rat="LTE" q="24.00" rsrp="-101" sinr="5" rsrq="-14"/>
        <radio op="I TIM" rat="LTE" q="13.80" rsrp="-102" sinr="1" rsrq="-14"/>
      </extensions>
    </trkpt>
    <trkpt lat="45.6454975" lon="10.6169471">
      <ele>129.1999969482422</ele>
      <time>2026-09-13T18:59:38.426+02:00</time>
      <extensions>
        <activity type="IN_VEHICLE" conf="86" state="moving" tsMs="1789318773789"/>
        <radio op="vodafone IT" rat="LTE" q="18.40" rsrp="-102" sinr="3" rsrq="-14"/>
        <radio op="I TIM" rat="LTE" q="12.00" rsrp="-105" sinr="1" rsrq="-13"/>
      </extensions>
    </trkpt>
    <trkpt lat="45.6454543" lon="10.6170348">
      <ele>129.10000610351562</ele>
      <time>2026-09-13T19:00:09.716+02:00</time>
      <extensions>
        <activity type="IN_VEHICLE" conf="92" state="moving" tsMs="1789318805125"/>
        <radio op="vodafone IT" rat="LTE" q="23.40" rsrp="-99" sinr="4" rsrq="-13"/>
        <radio op="I TIM" rat="LTE" q="10.00" rsrp="-105" sinr="0" rsrq="-14"/>
      </extensions>
    </trkpt>
    <trkpt lat="45.6449682" lon="10.6168913">
      <ele>127.5</ele>
      <time>2026-09-13T19:00:41.04+02:00</time>
      <extensions>
        <activity type="STILL" conf="97" state="still" tsMs="1789318836419"/>
        <radio op="vodafone IT" rat="LTE" q="19.20" rsrp="-101" sinr="3" rsrq="-14"/>
        <radio op="I TIM" rat="LTE" q="10.50" rsrp="-104" sinr="0" rsrq="-13"/>
      </extensions>
    </trkpt>
    <trkpt lat="45.6446787" lon="10.6169231">
      <ele>127.4000015258789</ele>
      <time>2026-09-13T19:01:10.416+02:00</time>
      <extensions>
        <activity type="IN_VEHICLE" conf="97" state="moving" tsMs="1789318867735"/>
        <radio op="vodafone IT" rat="LTE" q="39.00" rsrp="-95" sinr="8" rsrq="-11"/>
        <radio op="I TIM" rat="LTE" q="16.80" rsrp="-101" sinr="2" rsrq="-12"/>
      </extensions>
    </trkpt>
    <trkpt lat="45.6445575" lon="10.6169487">
      <ele>127.4000015258789</ele>
      <time>2026-09-13T19:01:15.048+02:00</time>
      <extensions>
        <activity type="IN_VEHICLE" conf="96" state="moving" tsMs="1789318873748"/>
        <radio op="vodafone IT" rat="LTE" q="22.40" rsrp="-97" sinr="3" rsrq="-13"/>
        <radio op="I TIM" rat="LTE" q="19.60" rsrp="-97" sinr="2" rsrq="-11"/>
      </extensions>
    </trkpt>
    <trkpt lat="45.6437835" lon="10.6162814">
      <ele>128.1999969482422</ele>
      <time>2026-09-13T19:01:52.827+02:00</time>
      <extensions>
        <activity type="IN_VEHICLE" conf="97" state="moving" tsMs="1789318908977"/>
        <radio op="vodafone IT" rat="LTE" rsrp="-104" rsrq="-15"/>
        <radio op="I TIM" rat="LTE" rsrp="-107" rsrq="-12"/>
      </extensions>
    </trkpt>
    <trkpt lat="45.6437501" lon="10.6160318">
      <ele>128.3000030517578</ele>
      <time>2026-09-13T19:02:24.136+02:00</time>
      <extensions>
        <activity type="IN_VEHICLE" conf="97" state="moving" tsMs="1789318939556"/>
        <radio op="vodafone IT" rat="LTE" q="52.80" rsrp="-101" sinr="17" rsrq="-10"/>
        <radio op="I TIM" rat="LTE" rsrp="-111" rsrq="-15"/>
      </extensions>
    </trkpt>
    <trkpt lat="45.6436701" lon="10.6158718">
      <ele>128.60000610351562</ele>
      <time>2026-09-13T19:02:45.048+02:00</time>
      <extensions>
        <activity type="IN_VEHICLE" conf="97" state="moving" tsMs="1789318960256"/>
        <radio op="vodafone IT" rat="LTE" q="22.50" rsrp="-100" sinr="4" rsrq="-10"/>
        <radio op="I TIM" rat="LTE" rsrp="-111" rsrq="-15"/>
      </extensions>
    </trkpt>
    <trkpt lat="45.6436446" lon="10.6158255">
      <ele>128.60000610351562</ele>
      <time>2026-09-13T19:02:55.048+02:00</time>
      <extensions>
        <activity type="IN_VEHICLE" conf="97" state="moving" tsMs="1789318965469"/>
        <radio op="vodafone IT" rat="LTE" q="26.00" rsrp="-99" sinr="5" rsrq="-9"/>
        <radio op="I TIM" rat="LTE" q="9.00" rsrp="-110" sinr="1" rsrq="-14"/>
      </extensions>
    </trkpt>
    <trkpt lat="45.6435426" lon="10.6156473">
      <ele>128.60000610351562</ele>
      <time>2026-09-13T19:03:05.047+02:00</time>
      <extensions>
        <activity type="IN_VEHICLE" conf="96" state="moving" tsMs="1789318983660"/>
        <radio op="vodafone IT" rat="LTE" rsrp="-102" rsrq="-12"/>
        <radio op="I TIM" rat="LTE" rsrp="-111" rsrq="-16"/>
      </extensions>
    </trkpt>
    <trkpt lat="45.6434273" lon="10.6154571">
      <ele>128.60000610351562</ele>
      <time>2026-09-13T19:03:15.047+02:00</time>
      <extensions>
        <activity type="IN_VEHICLE" conf="96" state="moving" tsMs="1789318994336"/>
        <radio op="vodafone IT" rat="LTE" rsrp="-101" rsrq="-13"/>
        <radio op="I TIM" rat="LTE" rsrp="-109" rsrq="-16"/>
      </extensions>
    </trkpt>
    <trkpt lat="45.6433616" lon="10.6153634">
      <ele>128.60000610351562</ele>
      <time>2026-09-13T19:03:25.048+02:00</time>
      <extensions>
        <activity type="IN_VEHICLE" conf="96" state="moving" tsMs="1789319005037"/>
        <radio op="vodafone IT" rat="LTE" q="15.60" rsrp="-99" sinr="1" rsrq="-14"/>
        <radio op="I TIM" rat="LTE" rsrp="-109" rsrq="-14"/>
      </extensions>
    </trkpt>
    <trkpt lat="45.6432847" lon="10.6152437">
      <ele>128.60000610351562</ele>
      <time>2026-09-13T19:03:35.049+02:00</time>
      <extensions>
        <activity type="IN_VEHICLE" conf="96" state="moving" tsMs="1789319010427"/>
        <radio op="vodafone IT" rat="LTE" q="21.60" rsrp="-98" sinr="3" rsrq="-12"/>
        <radio op="I TIM" rat="LTE" rsrp="-104" rsrq="-15"/>
      </extensions>
    </trkpt>
    <trkpt lat="45.6432157" lon="10.6151451">
      <ele>128.60000610351562</ele>
      <time>2026-09-13T19:03:45.048+02:00</time>
      <extensions>
        <activity type="IN_VEHICLE" conf="96" state="moving" tsMs="1789319021132"/>
        <radio op="vodafone IT" rat="LTE" q="12.50" rsrp="-100" sinr="0" rsrq="-13"/>
        <radio op="I TIM" rat="LTE" rsrp="-98" rsrq="-14"/>
      </extensions>
    </trkpt>
    <trkpt lat="45.6431124" lon="10.6149724">
      <ele>128.60000610351562</ele>
      <time>2026-09-13T19:03:55.048+02:00</time>
      <extensions>
        <activity type="IN_VEHICLE" conf="96" state="moving" tsMs="1789319031814"/>
        <radio op="vodafone IT" rat="LTE" rsrp="-101" rsrq="-13"/>
        <radio op="I TIM" rat="LTE" q="19.80" rsrp="-103" sinr="4" rsrq="-14"/>
      </extensions>
    </trkpt>
    <trkpt lat="45.643006" lon="10.6148149">
      <ele>128.60000610351562</ele>
      <time>2026-09-13T19:04:05.047+02:00</time>
      <extensions>
        <activity type="IN_VEHICLE" conf="96" state="moving" tsMs="1789319042491"/>
        <radio op="vodafone IT" rat="LTE" rsrp="-102" rsrq="-15"/>
        <radio op="I TIM" rat="LTE" rsrp="-98" rsrq="-13"/>
      </extensions>
    </trkpt>
    <trkpt lat="45.6429744" lon="10.6147764">
      <ele>119.0</ele>
      <time>2026-09-13T19:04:16.047+02:00</time>
      <extensions>
        <activity type="IN_VEHICLE" conf="96" state="moving" tsMs="1789319053148"/>
        <radio op="vodafone IT" rat="LTE" rsrp="-101" rsrq="-16"/>
        <radio op="I TIM" rat="LTE" rsrp="-105" rsrq="-16"/>
      </extensions>
    </trkpt>
    <trkpt lat="45.6429744" lon="10.6147764">
      <ele>119.0</ele>
      <time>2026-09-13T19:04:26.048+02:00</time>
      <extensions>
        <activity type="IN_VEHICLE" conf="98" state="moving" tsMs="1789319063869"/>
        <radio op="vodafone IT" rat="LTE" rsrp="-102" rsrq="-15"/>
        <radio op="I TIM" rat="LTE" rsrp="-107" rsrq="-13"/>
      </extensions>
    </trkpt>
    <trkpt lat="45.6429587" lon="10.6147596">
      <ele>119.0</ele>
      <time>2026-09-13T19:04:36.047+02:00</time>
      <extensions>
        <activity type="IN_VEHICLE" conf="96" state="moving" tsMs="1789319074562"/>
        <radio op="vodafone IT" rat="LTE" rsrp="-102" rsrq="-16"/>
        <radio op="I TIM" rat="LTE" q="12.60" rsrp="-104" sinr="1" rsrq="-10"/>
      </extensions>
    </trkpt>
    <trkpt lat="45.6429587" lon="10.6147596">
      <ele>130.50001525878906</ele>
      <time>2026-09-13T19:04:46.048+02:00</time>
      <extensions>
        <activity type="IN_VEHICLE" conf="96" state="moving" tsMs="1789319079919"/>
        <radio op="vodafone IT" rat="LTE" rsrp="-102" rsrq="-15"/>
        <radio op="I TIM" rat="LTE" q="13.30" rsrp="-106" sinr="2" rsrq="-14"/>
      </extensions>
    </trkpt>
    <trkpt lat="45.6429398" lon="10.6147402">
      <ele>130.50001525878906</ele>
      <time>2026-09-13T19:04:56.047+02:00</time>
      <extensions>
        <activity type="IN_VEHICLE" conf="96" state="moving" tsMs="1789319085016"/>
        <radio op="vodafone IT" rat="LTE" rsrp="-102" rsrq="-16"/>
        <radio op="I TIM" rat="LTE" q="11.50" rsrp="-102" sinr="0" rsrq="-14"/>
      </extensions>
    </trkpt>
    <trkpt lat="45.6428099" lon="10.6145508">
      <ele>130.50001525878906</ele>
      <time>2026-09-13T19:05:06.048+02:00</time>
      <extensions>
        <activity type="IN_VEHICLE" conf="96" state="moving" tsMs="1789319104051"/>
        <radio op="vodafone IT" rat="LTE" q="18.90" rsrp="-98" sinr="2" rsrq="-14"/>
        <radio op="I TIM" rat="LTE" rsrp="-104" rsrq="-15"/>
      </extensions>
    </trkpt>
    <trkpt lat="45.642658" lon="10.6143125">
      <ele>130.50001525878906</ele>
      <time>2026-09-13T19:05:16.047+02:00</time>
      <extensions>
        <activity type="IN_VEHICLE" conf="96" state="moving" tsMs="1789319114712"/>
        <radio op="vodafone IT" rat="LTE" q="33.00" rsrp="-92" sinr="5" rsrq="-10"/>
        <radio op="I TIM" rat="LTE" rsrp="-106" rsrq="-15"/>
      </extensions>
    </trkpt>
    <trkpt lat="45.6425115" lon="10.6140479">
      <ele>130.50001525878906</ele>
      <time>2026-09-13T19:05:26.048+02:00</time>
      <extensions>
        <activity type="IN_VEHICLE" conf="96" state="moving" tsMs="1789319125377"/>
        <radio op="vodafone IT" rat="LTE" q="56.00" rsrp="-90" sinr="11" rsrq="-9"/>
        <radio op="I TIM" rat="LTE" rsrp="-107" rsrq="-16"/>
      </extensions>
    </trkpt>
    <trkpt lat="45.6423296" lon="10.6136378">
      <ele>130.50001525878906</ele>
      <time>2026-09-13T19:05:37.048+02:00</time>
      <extensions>
        <activity type="IN_VEHICLE" conf="96" state="moving" tsMs="1789319135865"/>
        <radio op="vodafone IT" rat="LTE" q="27.20" rsrp="-91" sinr="3" rsrq="-9"/>
        <radio op="I TIM" rat="LTE" rsrp="-101" rsrq="-16"/>
      </extensions>
    </trkpt>
    <trkpt lat="45.642247" lon="10.6133546">
      <ele>130.50001525878906</ele>
      <time>2026-09-13T19:05:47.048+02:00</time>
      <extensions>
        <activity type="IN_VEHICLE" conf="96" state="moving" tsMs="1789319146585"/>
        <radio op="vodafone IT" rat="LTE" q="16.20" rsrp="-98" sinr="1" rsrq="-13"/>
        <radio op="I TIM" rat="LTE" rsrp="-103" rsrq="-18"/>
      </extensions>
    </trkpt>
    <trkpt lat="45.6422401" lon="10.613307">
      <ele>130.50001525878906</ele>
      <time>2026-09-13T19:05:57.047+02:00</time>
      <extensions>
        <activity type="IN_VEHICLE" conf="96" state="moving" tsMs="1789319157229"/>
        <radio op="vodafone IT" rat="LTE" q="27.90" rsrp="-94" sinr="4" rsrq="-12"/>
        <radio op="I TIM" rat="LTE" rsrp="-102" rsrq="-17"/>
      </extensions>
    </trkpt>
    <trkpt lat="45.6421874" lon="10.6130894">
      <ele>130.50001525878906</ele>
      <time>2026-09-13T19:06:07.048+02:00</time>
      <extensions>
        <activity type="IN_VEHICLE" conf="96" state="moving" tsMs="1789319162551"/>
        <radio op="vodafone IT" rat="LTE" q="17.40" rsrp="-96" sinr="1" rsrq="-11"/>
        <radio op="I TIM" rat="LTE" rsrp="-101" rsrq="-17"/>
      </extensions>
    </trkpt>
    <trkpt lat="45.6420982" lon="10.6128421">
      <ele>119.0</ele>
      <time>2026-09-13T19:06:17.047+02:00</time>
      <extensions>
        <activity type="IN_VEHICLE" conf="96" state="moving" tsMs="1789319173222"/>
        <radio op="vodafone IT" rat="LTE" q="30.60" rsrp="-91" sinr="4" rsrq="-10"/>
        <radio op="I TIM" rat="LTE" q="22.40" rsrp="-97" sinr="3" rsrq="-13"/>
      </extensions>
    </trkpt>
    <trkpt lat="45.6420276" lon="10.6126628">
      <ele>119.0</ele>
      <time>2026-09-13T19:06:27.048+02:00</time>
      <extensions>
        <activity type="IN_VEHICLE" conf="96" state="moving" tsMs="1789319183913"/>
        <radio op="vodafone IT" rat="LTE" rsrp="-89" rsrq="-11"/>
        <radio op="I TIM" rat="LTE" q="33.60" rsrp="-97" sinr="7" rsrq="-13"/>
      </extensions>
    </trkpt>
    <trkpt lat="45.6419144" lon="10.6123067">
      <ele>120.0</ele>
      <time>2026-09-13T19:06:37.047+02:00</time>
      <extensions>
        <activity type="IN_VEHICLE" conf="97" state="moving" tsMs="1789319194621"/>
        <radio op="vodafone IT" rat="LTE" rsrp="-94" rsrq="-15"/>
        <radio op="I TIM" rat="LTE" q="37.70" rsrp="-96" sinr="8" rsrq="-13"/>
      </extensions>
    </trkpt>
    <trkpt lat="45.6418501" lon="10.612071">
      <ele>119.0</ele>
      <time>2026-09-13T19:06:47.047+02:00</time>
      <extensions>
        <activity type="IN_VEHICLE" conf="96" state="moving" tsMs="1789319205293"/>
        <radio op="vodafone IT" rat="LTE" q="37.40" rsrp="-91" sinr="6" rsrq="-12"/>
        <radio op="I TIM" rat="LTE" q="22.50" rsrp="-100" sinr="4" rsrq="-13"/>
      </extensions>
    </trkpt>
    <trkpt lat="45.6418063" lon="10.6119223">
      <ele>117.0</ele>
      <time>2026-09-13T19:06:58.047+02:00</time>
      <extensions>
        <activity type="IN_VEHICLE" conf="96" state="moving" tsMs="1789319215952"/>
        <radio op="vodafone IT" rat="LTE" rsrp="-96" rsrq="-15"/>
        <radio op="I TIM" rat="LTE" q="24.00" rsrp="-95" sinr="3" rsrq="-14"/>
      </extensions>
    </trkpt>
    <trkpt lat="45.6417742" lon="10.6118344">
      <ele>117.0</ele>
      <time>2026-09-13T19:07:08.048+02:00</time>
      <extensions>
        <activity type="IN_VEHICLE" conf="96" state="moving" tsMs="1789319226692"/>
        <radio op="vodafone IT" rat="LTE" rsrp="-97" rsrq="-15"/>
        <radio op="I TIM" rat="LTE" q="27.00" rsrp="-95" sinr="4" rsrq="-13"/>
      </extensions>
    </trkpt>
    <trkpt lat="45.6417" lon="10.6116462">
      <ele>121.0</ele>
      <time>2026-09-13T19:07:18.047+02:00</time>
      <extensions>
        <activity type="IN_VEHICLE" conf="96" state="moving" tsMs="1789319237544"/>
        <radio op="vodafone IT" rat="LTE" q="30.00" rsrp="-95" sinr="5" rsrq="-12"/>
        <radio op="I TIM" rat="LTE" q="22.40" rsrp="-97" sinr="3" rsrq="-13"/>
      </extensions>
    </trkpt>
    <trkpt lat="45.6416424" lon="10.6113998">
      <ele>114.0</ele>
      <time>2026-09-13T19:07:28.047+02:00</time>
      <extensions>
        <activity type="IN_VEHICLE" conf="97" state="moving" tsMs="1789319248237"/>
        <radio op="vodafone IT" rat="LTE" q="24.80" rsrp="-94" sinr="3" rsrq="-12"/>
        <radio op="I TIM" rat="LTE" q="27.00" rsrp="-95" sinr="4" rsrq="-13"/>
      </extensions>
    </trkpt>
    <trkpt lat="45.6414938" lon="10.611046">
      <ele>118.0</ele>
      <time>2026-09-13T19:07:38.047+02:00</time>
      <extensions>
        <activity type="IN_VEHICLE" conf="96" state="moving" tsMs="1789319253549"/>
        <radio op="vodafone IT" rat="LTE" q="57.80" rsrp="-91" sinr="12" rsrq="-11"/>
        <radio op="I TIM" rat="LTE" q="19.80" rsrp="-103" sinr="4" rsrq="-14"/>
      </extensions>
    </trkpt>
    <trkpt lat="45.6414207" lon="10.6108577">
      <ele>109.0</ele>
      <time>2026-09-13T19:07:48.047+02:00</time>
      <extensions>
        <activity type="IN_VEHICLE" conf="96" state="moving" tsMs="1789319264230"/>
        <radio op="vodafone IT" rat="LTE" q="69.30" rsrp="-92" sinr="16" rsrq="-11"/>
        <radio op="I TIM" rat="LTE" q="13.30" rsrp="-106" sinr="2" rsrq="-13"/>
      </extensions>
    </trkpt>
    <trkpt lat="45.6413901" lon="10.6106849">
      <ele>103.0</ele>
      <time>2026-09-13T19:07:58.047+02:00</time>
      <extensions>
        <activity type="IN_VEHICLE" conf="96" state="moving" tsMs="1789319275009"/>
        <radio op="vodafone IT" rat="LTE" q="26.40" rsrp="-92" sinr="3" rsrq="-10"/>
        <radio op="I TIM" rat="LTE" q="8.50" rsrp="-108" sinr="0" rsrq="-14"/>
      </extensions>
    </trkpt>
    <trkpt lat="45.6413638" lon="10.6105479">
      <ele>109.0</ele>
      <time>2026-09-13T19:08:08.048+02:00</time>
      <extensions>
        <activity type="IN_VEHICLE" conf="96" state="moving" tsMs="1789319285725"/>
        <radio op="vodafone IT" rat="LTE" q="72.20" rsrp="-87" sinr="14" rsrq="-8"/>
        <radio op="I TIM" rat="LTE" q="26.40" rsrp="-103" sinr="7" rsrq="-13"/>
      </extensions>
    </trkpt>
    <trkpt lat="45.6413486" lon="10.6104903">
      <ele>112.0</ele>
      <time>2026-09-13T19:08:19.048+02:00</time>
      <extensions>
        <activity type="IN_VEHICLE" conf="96" state="moving" tsMs="1789319296391"/>
        <radio op="vodafone IT" rat="LTE" q="66.60" rsrp="-88" sinr="13" rsrq="-8"/>
        <radio op="I TIM" rat="LTE" rsrp="-104" rsrq="-16"/>
      </extensions>
    </trkpt>
    <trkpt lat="45.6412803" lon="10.6102429">
      <ele>114.0</ele>
      <time>2026-09-13T19:08:29.047+02:00</time>
      <extensions>
        <activity type="IN_VEHICLE" conf="96" state="moving" tsMs="1789319307044"/>
        <radio op="vodafone IT" rat="LTE" q="62.40" rsrp="-86" sinr="11" rsrq="-9"/>
        <radio op="I TIM" rat="LTE" q="21.00" rsrp="-104" sinr="5" rsrq="-12"/>
      </extensions>
    </trkpt>
    <trkpt lat="45.64126" lon="10.6101692">
      <ele>118.0</ele>
      <time>2026-09-13T19:08:39.048+02:00</time>
      <extensions>
        <activity type="IN_VEHICLE" conf="96" state="moving" tsMs="1789319317690"/>
        <radio op="vodafone IT" rat="LTE" q="49.40" rsrp="-87" sinr="8" rsrq="-8"/>
        <radio op="I TIM" rat="LTE" q="12.80" rsrp="-109" sinr="3" rsrq="-13"/>
      </extensions>
    </trkpt>
    <trkpt lat="45.64126" lon="10.6101692">
      <ele>118.0</ele>
      <time>2026-09-13T19:08:49.047+02:00</time>
      <extensions>
        <activity type="IN_VEHICLE" conf="96" state="moving" tsMs="1789319328111"/>
        <radio op="vodafone IT" rat="LTE" q="49.40" rsrp="-87" sinr="8" rsrq="-9"/>
        <radio op="I TIM" rat="LTE" q="14.40" rsrp="-109" sinr="4" rsrq="-14"/>
      </extensions>
    </trkpt>
    <trkpt lat="45.6412175" lon="10.6100211">
      <ele>119.0</ele>
      <time>2026-09-13T19:08:59.047+02:00</time>
      <extensions>
        <activity type="IN_VEHICLE" conf="96" state="moving" tsMs="1789319338823"/>
        <radio op="vodafone IT" rat="LTE" q="74.10" rsrp="-86" sinr="14" rsrq="-7"/>
        <radio op="I TIM" rat="LTE" q="18.70" rsrp="-108" sinr="6" rsrq="-13"/>
      </extensions>
    </trkpt>
    <trkpt lat="45.6412175" lon="10.6100211">
      <ele>119.0</ele>
      <time>2026-09-13T19:09:09.048+02:00</time>
      <extensions>
        <activity type="UNKNOWN" conf="40" state="unknown" tsMs="1789319349550"/>
        <radio op="vodafone IT" rat="LTE" q="70.20" rsrp="-86" sinr="13" rsrq="-9"/>
        <radio op="I TIM" rat="LTE" q="21.60" rsrp="-107" sinr="7" rsrq="-12"/>
      </extensions>
    </trkpt>
    <trkpt lat="45.6411824" lon="10.6099396">
      <ele>113.0</ele>
      <time>2026-09-13T19:09:19.047+02:00</time>
      <extensions>
        <activity type="IN_VEHICLE" conf="94" state="moving" tsMs="1789319354907"/>
        <radio op="vodafone IT" rat="LTE" q="55.50" rsrp="-88" sinr="10" rsrq="-8"/>
        <radio op="I TIM" rat="LTE" q="17.60" rsrp="-109" sinr="6" rsrq="-13"/>
      </extensions>
    </trkpt>
    <trkpt lat="45.6411637" lon="10.6098759">
      <ele>112.0</ele>
      <time>2026-09-13T19:09:29.048+02:00</time>
      <extensions>
        <activity type="IN_VEHICLE" conf="96" state="moving" tsMs="1789319365610"/>
        <radio op="vodafone IT" rat="LTE" q="68.00" rsrp="-84" sinr="12" rsrq="-7"/>
        <radio op="I TIM" rat="LTE" q="22.80" rsrp="-106" sinr="7" rsrq="-13"/>
      </extensions>
    </trkpt>
    <trkpt lat="45.6410961" lon="10.6097188">
      <ele>117.0</ele>
      <time>2026-09-13T19:09:40.047+02:00</time>
      <extensions>
        <activity type="IN_VEHICLE" conf="96" state="moving" tsMs="1789319376265"/>
        <radio op="vodafone IT" rat="LTE" q="46.80" rsrp="-86" sinr="7" rsrq="-10"/>
        <radio op="I TIM" rat="LTE" q="28.00" rsrp="-105" sinr="9" rsrq="-13"/>
      </extensions>
    </trkpt>
    <trkpt lat="45.6410052" lon="10.609385">
      <ele>120.0</ele>
      <time>2026-09-13T19:09:50.047+02:00</time>
      <extensions>
        <activity type="IN_VEHICLE" conf="97" state="moving" tsMs="1789319386956"/>
        <radio op="vodafone IT" rat="LTE" q="72.00" rsrp="-81" sinr="13" rsrq="-6"/>
        <radio op="I TIM" rat="LTE" q="28.80" rsrp="-101" sinr="7" rsrq="-12"/>
      </extensions>
    </trkpt>
    <trkpt lat="45.6409152" lon="10.609124">
      <ele>118.0</ele>
      <time>2026-09-13T19:10:00.047+02:00</time>
      <extensions>
        <activity type="IN_VEHICLE" conf="96" state="moving" tsMs="1789319397656"/>
        <radio op="vodafone IT" rat="LTE" q="56.00" rsrp="-81" sinr="9" rsrq="-9"/>
        <radio op="I TIM" rat="LTE" q="22.50" rsrp="-100" sinr="4" rsrq="-13"/>
      </extensions>
    </trkpt>
    <trkpt lat="45.6408597" lon="10.6089289">
      <ele>120.0</ele>
      <time>2026-09-13T19:10:10.048+02:00</time>
      <extensions>
        <activity type="IN_VEHICLE" conf="96" state="moving" tsMs="1789319408439"/>
        <radio op="vodafone IT" rat="LTE" q="84.00" rsrp="-73" sinr="16" rsrq="-8"/>
        <radio op="I TIM" rat="LTE" q="36.40" rsrp="-97" sinr="8" rsrq="-13"/>
      </extensions>
    </trkpt>
    <trkpt lat="45.640848" lon="10.6087032">
      <ele>123.0</ele>
      <time>2026-09-13T19:10:20.047+02:00</time>
      <extensions>
        <activity type="IN_VEHICLE" conf="96" state="moving" tsMs="1789319419048"/>
        <radio op="vodafone IT" rat="LTE" q="24.00" rsrp="-80" sinr="1" rsrq="-8"/>
        <radio op="I TIM" rat="LTE" q="30.80" rsrp="-97" sinr="6" rsrq="-12"/>
      </extensions>
    </trkpt>
    <trkpt lat="45.6408092" lon="10.6086197">
      <ele>124.0</ele>
      <time>2026-09-13T19:10:30.047+02:00</time>
      <extensions>
        <activity type="IN_VEHICLE" conf="96" state="moving" tsMs="1789319429689"/>
        <radio op="vodafone IT" rat="LTE" q="64.00" rsrp="-76" sinr="11" rsrq="-9"/>
        <radio op="I TIM" rat="LTE" q="30.60" rsrp="-91" sinr="4" rsrq="-11"/>
      </extensions>
    </trkpt>
    <trkpt lat="45.6406405" lon="10.6085155">
      <ele>125.0</ele>
      <time>2026-09-13T19:10:40.046+02:00</time>
      <extensions>
        <activity type="IN_VEHICLE" conf="97" state="moving" tsMs="1789319440310"/>
        <radio op="vodafone IT" rat="LTE" q="80.00" rsrp="-72" sinr="15" rsrq="-8"/>
        <radio op="I TIM" rat="LTE" rsrp="-97" rsrq="-14"/>
      </extensions>
    </trkpt>
    <trkpt lat="45.6404349" lon="10.6083592">
      <ele>125.0</ele>
      <time>2026-09-13T19:10:50.047+02:00</time>
      <extensions>
        <activity type="IN_VEHICLE" conf="96" state="moving" tsMs="1789319445644"/>
        <radio op="vodafone IT" rat="LTE" q="64.00" rsrp="-70" sinr="11" rsrq="-6"/>
        <radio op="I TIM" rat="LTE" q="19.20" rsrp="-101" sinr="3" rsrq="-14"/>
      </extensions>
    </trkpt>
    <trkpt lat="45.6403179" lon="10.6082642">
      <ele>125.0</ele>
      <time>2026-09-13T19:11:01.047+02:00</time>
      <extensions>
        <activity type="IN_VEHICLE" conf="96" state="moving" tsMs="1789319456442"/>
        <radio op="vodafone IT" rat="LTE" q="96.00" rsrp="-67" sinr="19" rsrq="-7"/>
        <radio op="I TIM" rat="LTE" q="13.80" rsrp="-102" sinr="1" rsrq="-18"/>
      </extensions>
    </trkpt>
    <trkpt lat="45.6400902" lon="10.6081071">
      <ele>128.0</ele>
      <time>2026-09-13T19:11:11.047+02:00</time>
      <extensions>
        <activity type="IN_VEHICLE" conf="96" state="moving" tsMs="1789319467138"/>
        <radio op="vodafone IT" rat="LTE" q="92.00" rsrp="-64" sinr="18" rsrq="-8"/>
        <radio op="I TIM" rat="LTE" rsrp="-101" rsrq="-17"/>
      </extensions>
    </trkpt>
    <trkpt lat="45.6395142" lon="10.6078378">
      <ele>127.0</ele>
      <time>2026-09-13T19:11:21.047+02:00</time>
      <extensions>
        <activity type="IN_VEHICLE" conf="96" state="moving" tsMs="1789319477854"/>
        <radio op="vodafone IT" rat="LTE" q="100.00" rsrp="-64" sinr="21" rsrq="-6"/>
        <radio op="I TIM" rat="LTE" rsrp="-106" rsrq="-20"/>
      </extensions>
    </trkpt>
    <trkpt lat="45.6389373" lon="10.6075652">
      <ele>124.0</ele>
      <time>2026-09-13T19:11:31.046+02:00</time>
      <extensions>
        <activity type="IN_VEHICLE" conf="99" state="moving" tsMs="1789319488534"/>
        <radio op="vodafone IT" rat="LTE" q="88.00" rsrp="-65" sinr="17" rsrq="-6"/>
        <radio op="I TIM" rat="LTE" rsrp="-107" rsrq="-22"/>
      </extensions>
    </trkpt>
    <trkpt lat="45.6386455" lon="10.6074605">
      <ele>122.0</ele>
      <time>2026-09-13T19:11:41.047+02:00</time>
      <extensions>
        <activity type="IN_VEHICLE" conf="96" state="moving" tsMs="1789319499213"/>
        <radio op="vodafone IT" rat="LTE" q="100.00" rsrp="-62" sinr="20" rsrq="-8"/>
        <radio op="I TIM" rat="LTE" rsrp="-108" rsrq="-22"/>
      </extensions>
    </trkpt>
    <trkpt lat="45.6385366" lon="10.6073871">
      <ele>119.0</ele>
      <time>2026-09-13T19:11:51.047+02:00</time>
      <extensions>
        <activity type="IN_VEHICLE" conf="97" state="moving" tsMs="1789319509865"/>
        <radio op="vodafone IT" rat="LTE" q="96.00" rsrp="-59" sinr="19" rsrq="-7"/>
        <radio op="I TIM" rat="LTE" rsrp="-101" rsrq="-22"/>
      </extensions>
    </trkpt>
    <trkpt lat="45.6385366" lon="10.6073871">
      <ele>119.0</ele>
      <time>2026-09-13T19:12:01.046+02:00</time>
      <extensions>
        <activity type="IN_VEHICLE" conf="96" state="moving" tsMs="1789319520591"/>
        <radio op="vodafone IT" rat="LTE" q="92.00" rsrp="-59" sinr="18" rsrq="-10"/>
        <radio op="I TIM" rat="LTE" rsrp="-102" rsrq="-23"/>
      </extensions>
    </trkpt>
    <trkpt lat="45.6385229" lon="10.6073705">
      <ele>117.0</ele>
      <time>2026-09-13T19:12:11.046+02:00</time>
      <extensions>
        <activity type="IN_VEHICLE" conf="96" state="moving" tsMs="1789319531284"/>
        <radio op="vodafone IT" rat="LTE" q="96.00" rsrp="-58" sinr="19" rsrq="-10"/>
        <radio op="I TIM" rat="LTE" rsrp="-103" rsrq="-23"/>
      </extensions>
    </trkpt>
    <trkpt lat="45.6383159" lon="10.6072609">
      <ele>116.0</ele>
      <time>2026-09-13T19:12:21.047+02:00</time>
      <extensions>
        <activity type="IN_VEHICLE" conf="96" state="moving" tsMs="1789319541915"/>
        <radio op="vodafone IT" rat="LTE" q="84.00" rsrp="-58" sinr="16" rsrq="-8"/>
        <radio op="I TIM" rat="LTE" rsrp="-99" rsrq="-22"/>
      </extensions>
    </trkpt>
    <trkpt lat="45.6380734" lon="10.6070297">
      <ele>116.0</ele>
      <time>2026-09-13T19:12:32.046+02:00</time>
      <extensions>
        <activity type="IN_VEHICLE" conf="97" state="moving" tsMs="1789319547281"/>
        <radio op="vodafone IT" rat="LTE" q="88.00" rsrp="-57" sinr="17" rsrq="-8"/>
        <radio op="I TIM" rat="LTE" rsrp="-106" rsrq="-22"/>
      </extensions>
    </trkpt>
    <trkpt lat="45.63792" lon="10.6067992">
      <ele>113.0</ele>
      <time>2026-09-13T19:12:42.046+02:00</time>
      <extensions>
        <activity type="IN_VEHICLE" conf="96" state="moving" tsMs="1789319558004"/>
        <radio op="vodafone IT" rat="LTE" q="44.00" rsrp="-63" sinr="6" rsrq="-9"/>
        <radio op="I TIM" rat="LTE" rsrp="-109" rsrq="-22"/>
      </extensions>
    </trkpt>
    <trkpt lat="45.6378172" lon="10.6066667">
      <ele>114.0</ele>
      <time>2026-09-13T19:12:52.047+02:00</time>
      <extensions>
        <activity type="IN_VEHICLE" conf="96" state="moving" tsMs="1789319568686"/>
        <radio op="vodafone IT" rat="LTE" q="52.00" rsrp="-70" sinr="8" rsrq="-9"/>
        <radio op="I TIM" rat="LTE" rsrp="-111" rsrq="-20"/>
      </extensions>
    </trkpt>
    <trkpt lat="45.6375648" lon="10.6063609">
      <ele>118.0</ele>
      <time>2026-09-13T19:13:02.046+02:00</time>
      <extensions>
        <activity type="IN_VEHICLE" conf="96" state="moving" tsMs="1789319579407"/>
        <radio op="vodafone IT" rat="LTE" rsrp="-70" rsrq="-12"/>
        <radio op="I TIM" rat="LTE" rsrp="-110" rsrq="-20"/>
      </extensions>
    </trkpt>
    <trkpt lat="45.6373069" lon="10.6059755">
      <ele>121.0</ele>
      <time>2026-09-13T19:13:12.047+02:00</time>
      <extensions>
        <activity type="IN_VEHICLE" conf="96" state="moving" tsMs="1789319590039"/>
        <radio op="vodafone IT" rat="LTE" q="36.00" rsrp="-66" sinr="4" rsrq="-9"/>
        <radio op="I TIM" rat="LTE" rsrp="-113" rsrq="-21"/>
      </extensions>
    </trkpt>
    <trkpt lat="45.6371212" lon="10.6056475">
      <ele>119.0</ele>
      <time>2026-09-13T19:13:22.046+02:00</time>
      <extensions>
        <activity type="IN_VEHICLE" conf="95" state="moving" tsMs="1789319600723"/>
        <radio op="vodafone IT" rat="LTE" q="60.00" rsrp="-64" sinr="10" rsrq="-9"/>
        <radio op="I TIM" rat="LTE" rsrp="-113" rsrq="-21"/>
      </extensions>
    </trkpt>
    <trkpt lat="45.6370031" lon="10.6054136">
      <ele>117.0</ele>
      <time>2026-09-13T19:13:32.047+02:00</time>
      <extensions>
        <activity type="IN_VEHICLE" conf="96" state="moving" tsMs="1789319611392"/>
        <radio op="vodafone IT" rat="LTE" q="44.00" rsrp="-60" sinr="6" rsrq="-9"/>
        <radio op="I TIM" rat="LTE" rsrp="-114" rsrq="-22"/>
      </extensions>
    </trkpt>
    <trkpt lat="45.6369301" lon="10.6052509">
      <ele>114.0</ele>
      <time>2026-09-13T19:13:42.047+02:00</time>
      <extensions>
        <activity type="IN_VEHICLE" conf="96" state="moving" tsMs="1789319622222"/>
        <radio op="vodafone IT" rat="LTE" q="52.00" rsrp="-59" sinr="8" rsrq="-8"/>
        <radio op="I TIM" rat="LTE" rsrp="-111" rsrq="-21"/>
      </extensions>
    </trkpt>
    <trkpt lat="45.6368281" lon="10.6049943">
      <ele>114.0</ele>
      <time>2026-09-13T19:13:52.047+02:00</time>
      <extensions>
        <activity type="IN_VEHICLE" conf="96" state="moving" tsMs="1789319632874"/>
        <radio op="vodafone IT" rat="LTE" q="52.00" rsrp="-61" sinr="8" rsrq="-6"/>
        <radio op="I TIM" rat="LTE" rsrp="-115" rsrq="-20"/>
      </extensions>
    </trkpt>
    <trkpt lat="45.6366519" lon="10.6046835">
      <ele>113.0</ele>
      <time>2026-09-13T19:14:03.047+02:00</time>
      <extensions>
        <activity type="IN_VEHICLE" conf="96" state="moving" tsMs="1789319638233"/>
        <radio op="vodafone IT" rat="LTE" q="40.00" rsrp="-72" sinr="5" rsrq="-7"/>
        <radio op="I TIM" rat="LTE" rsrp="-112" rsrq="-16"/>
      </extensions>
    </trkpt>
    <trkpt lat="45.6364205" lon="10.6043243">
      <ele>119.0</ele>
      <time>2026-09-13T19:14:13.046+02:00</time>
      <extensions>
        <activity type="IN_VEHICLE" conf="96" state="moving" tsMs="1789319648932"/>
        <radio op="vodafone IT" rat="LTE" q="56.00" rsrp="-70" sinr="9" rsrq="-8"/>
        <radio op="I TIM" rat="LTE" rsrp="-113" rsrq="-17"/>
      </extensions>
    </trkpt>
    <trkpt lat="45.6361805" lon="10.6038724">
      <ele>118.0</ele>
      <time>2026-09-13T19:14:23.047+02:00</time>
      <extensions>
        <activity type="IN_VEHICLE" conf="96" state="moving" tsMs="1789319659672"/>
        <radio op="vodafone IT" rat="LTE" q="40.00" rsrp="-74" sinr="5" rsrq="-7"/>
        <radio op="I TIM" rat="LTE" rsrp="-115" rsrq="-19"/>
      </extensions>
    </trkpt>
    <trkpt lat="45.6358566" lon="10.6032551">
      <ele>118.0</ele>
      <time>2026-09-13T19:14:33.046+02:00</time>
      <extensions>
        <activity type="IN_VEHICLE" conf="96" state="moving" tsMs="1789319670337"/>
        <radio op="vodafone IT" rat="LTE" q="68.00" rsrp="-75" sinr="12" rsrq="-8"/>
        <radio op="I TIM" rat="LTE" rsrp="-117" rsrq="-19"/>
      </extensions>
    </trkpt>
    <trkpt lat="45.635453" lon="10.6024733">
      <ele>118.0</ele>
      <time>2026-09-13T19:14:43.047+02:00</time>
      <extensions>
        <activity type="IN_VEHICLE" conf="96" state="moving" tsMs="1789319681006"/>
        <radio op="vodafone IT" rat="LTE" q="20.00" rsrp="-78" sinr="0" rsrq="-10"/>
        <radio op="I TIM" rat="LTE" rsrp="-117" rsrq="-18"/>
      </extensions>
    </trkpt>
    <trkpt lat="45.6350034" lon="10.6015901">
      <ele>120.82197910893716</ele>
      <time>2026-09-13T19:14:53.046+02:00</time>
      <extensions>
        <activity type="IN_VEHICLE" conf="96" state="moving" tsMs="1789319681006"/>
        <radio op="vodafone IT" rat="LTE" q="56.00" rsrp="-80" sinr="9" rsrq="-8"/>
        <radio op="I TIM" rat="LTE" rsrp="-114" rsrq="-19"/>
      </extensions>
    </trkpt>
    <trkpt lat="45.6349652" lon="10.600655">
      <ele>118.69999694824219</ele>
      <time>2026-09-13T19:15:03.047+02:00</time>
      <extensions>
        <activity type="IN_VEHICLE" conf="98" state="moving" tsMs="1789319699573"/>
        <radio op="vodafone IT" rat="LTE" q="68.40" rsrp="-87" sinr="13" rsrq="-9"/>
        <radio op="I TIM" rat="LTE" rsrp="-115" rsrq="-18"/>
      </extensions>
    </trkpt>
    <trkpt lat="45.635089" lon="10.6002757">
      <ele>118.69999694824219</ele>
      <time>2026-09-13T19:15:13.047+02:00</time>
      <extensions>
        <activity type="IN_VEHICLE" conf="96" state="moving" tsMs="1789319710314"/>
        <radio op="vodafone IT" rat="LTE" q="57.00" rsrp="-87" sinr="10" rsrq="-8"/>
        <radio op="I TIM" rat="LTE" rsrp="-109" rsrq="-14"/>
      </extensions>
    </trkpt>
    <trkpt lat="45.6351177" lon="10.6001986">
      <ele>118.69999694824219</ele>
      <time>2026-09-13T19:15:23.047+02:00</time>
      <extensions>
        <activity type="IN_VEHICLE" conf="95" state="moving" tsMs="1789319721012"/>
        <radio op="vodafone IT" rat="LTE" q="50.70" rsrp="-86" sinr="8" rsrq="-10"/>
        <radio op="I TIM" rat="LTE" rsrp="-112" rsrq="-16"/>
      </extensions>
    </trkpt>
    <trkpt lat="45.6351235" lon="10.6001743">
      <ele>118.69999694824219</ele>
      <time>2026-09-13T19:15:34.046+02:00</time>
      <extensions>
        <activity type="IN_VEHICLE" conf="94" state="moving" tsMs="1789319731726"/>
        <radio op="vodafone IT" rat="LTE" q="52.00" rsrp="-84" sinr="8" rsrq="-7"/>
        <radio op="I TIM" rat="LTE" rsrp="-103" rsrq="-14"/>
      </extensions>
    </trkpt>
    <trkpt lat="45.6351675" lon="10.6000603">
      <ele>115.0</ele>
      <time>2026-09-13T19:15:44.046+02:00</time>
      <extensions>
        <activity type="IN_VEHICLE" conf="96" state="moving" tsMs="1789319742408"/>
        <radio op="vodafone IT" rat="LTE" q="41.60" rsrp="-93" sinr="8" rsrq="-10"/>
        <radio op="I TIM" rat="LTE" rsrp="-103" rsrq="-13"/>
      </extensions>
    </trkpt>
    <trkpt lat="45.6352121" lon="10.5999613">
      <ele>116.0</ele>
      <time>2026-09-13T19:15:54.046+02:00</time>
      <extensions>
        <activity type="IN_VEHICLE" conf="96" state="moving" tsMs="1789319753078"/>
        <radio op="vodafone IT" rat="LTE" q="33.60" rsrp="-97" sinr="7" rsrq="-9"/>
        <radio op="I TIM" rat="LTE" rsrp="-107" rsrq="-15"/>
      </extensions>
    </trkpt>
    <trkpt lat="45.6355918" lon="10.5991668">
      <ele>119.0</ele>
      <time>2026-09-13T19:16:04.046+02:00</time>
      <extensions>
        <activity type="IN_VEHICLE" conf="96" state="moving" tsMs="1789319763741"/>
        <radio op="vodafone IT" rat="LTE" q="14.00" rsrp="-97" sinr="0" rsrq="-11"/>
        <radio op="I TIM" rat="LTE" rsrp="-113" rsrq="-22"/>
      </extensions>
    </trkpt>
    <trkpt lat="45.6357228" lon="10.5978534">
      <ele>117.0</ele>
      <time>2026-09-13T19:16:14.047+02:00</time>
      <extensions>
        <activity type="IN_VEHICLE" conf="96" state="moving" tsMs="1789319774456"/>
        <radio op="vodafone IT" rat="LTE" q="16.80" rsrp="-101" sinr="2" rsrq="-10"/>
        <radio op="I TIM" rat="LTE" rsrp="-115" rsrq="-23"/>
      </extensions>
    </trkpt>
    <trkpt lat="45.6353276" lon="10.5965917">
      <ele>117.0</ele>
      <time>2026-09-13T19:16:24.047+02:00</time>
      <extensions>
        <activity type="IN_VEHICLE" conf="96" state="moving" tsMs="1789319779811"/>
        <radio op="vodafone IT" rat="LTE" q="21.70" rsrp="-94" sinr="2" rsrq="-8"/>
        <radio op="I TIM" rat="LTE" rsrp="-109" rsrq="-20"/>
      </extensions>
    </trkpt>
    <trkpt lat="45.6347905" lon="10.5953278">
      <ele>116.0</ele>
      <time>2026-09-13T19:16:34.046+02:00</time>
      <extensions>
        <activity type="IN_VEHICLE" conf="96" state="moving" tsMs="1789319790449"/>
        <radio op="vodafone IT" rat="LTE" q="42.00" rsrp="-90" sinr="7" rsrq="-7"/>
        <radio op="I TIM" rat="LTE" rsrp="-111" rsrq="-19"/>
      </extensions>
    </trkpt>
    <trkpt lat="45.6344315" lon="10.5945187">
      <ele>116.0</ele>
      <time>2026-09-13T19:16:45.046+02:00</time>
      <extensions>
        <activity type="IN_VEHICLE" conf="96" state="moving" tsMs="1789319801133"/>
        <radio op="vodafone IT" rat="LTE" q="57.00" rsrp="-87" sinr="10" rsrq="-9"/>
        <radio op="I TIM" rat="LTE" rsrp="-111" rsrq="-20"/>
      </extensions>
    </trkpt>
    <trkpt lat="45.6340733" lon="10.5938235">
      <ele>116.0</ele>
      <time>2026-09-13T19:16:55.047+02:00</time>
      <extensions>
        <activity type="IN_VEHICLE" conf="96" state="moving" tsMs="1789319811860"/>
        <radio op="vodafone IT" rat="LTE" q="43.20" rsrp="-89" sinr="7" rsrq="-10"/>
        <radio op="I TIM" rat="LTE" rsrp="-112" rsrq="-16"/>
      </extensions>
    </trkpt>
    <trkpt lat="45.6338932" lon="10.5934737">
      <ele>115.0</ele>
      <time>2026-09-13T19:17:05.047+02:00</time>
      <extensions>
        <activity type="IN_VEHICLE" conf="96" state="moving" tsMs="1789319822529"/>
        <radio op="vodafone IT" rat="LTE" q="50.40" rsrp="-89" sinr="9" rsrq="-7"/>
        <radio op="I TIM" rat="LTE" rsrp="-113" rsrq="-16"/>
      </extensions>
    </trkpt>
    <trkpt lat="45.6338321" lon="10.5933413">
      <ele>115.0</ele>
      <time>2026-09-13T19:17:15.046+02:00</time>
      <extensions>
        <activity type="IN_VEHICLE" conf="96" state="moving" tsMs="1789319833308"/>
        <radio op="vodafone IT" rat="LTE" q="46.80" rsrp="-89" sinr="8" rsrq="-8"/>
        <radio op="I TIM" rat="LTE" rsrp="-108" rsrq="-16"/>
      </extensions>
    </trkpt>
    <trkpt lat="45.6338338" lon="10.5933423">
      <ele>115.0</ele>
      <time>2026-09-13T19:17:25.046+02:00</time>
      <extensions>
        <activity type="IN_VEHICLE" conf="98" state="moving" tsMs="1789319844037"/>
        <radio op="vodafone IT" rat="LTE" q="45.50" rsrp="-90" sinr="8" rsrq="-7"/>
        <radio op="I TIM" rat="LTE" rsrp="-108" rsrq="-16"/>
      </extensions>
    </trkpt>
    <trkpt lat="45.6338372" lon="10.5933374">
      <ele>115.0</ele>
      <time>2026-09-13T19:17:35.046+02:00</time>
      <extensions>
        <activity type="IN_VEHICLE" conf="96" state="moving" tsMs="1789319854751"/>
        <radio op="vodafone IT" rat="LTE" q="45.50" rsrp="-90" sinr="8" rsrq="-9"/>
        <radio op="I TIM" rat="LTE" rsrp="-109" rsrq="-17"/>
      </extensions>
    </trkpt>
    <trkpt lat="45.6338373" lon="10.5933333">
      <ele>115.0</ele>
      <time>2026-09-13T19:17:45.047+02:00</time>
      <extensions>
        <activity type="IN_VEHICLE" conf="98" state="moving" tsMs="1789319865526"/>
        <radio op="vodafone IT" rat="LTE" q="45.50" rsrp="-90" sinr="8" rsrq="-7"/>
        <radio op="I TIM" rat="LTE" rsrp="-109" rsrq="-17"/>
      </extensions>
    </trkpt>
    <trkpt lat="45.6338364" lon="10.5933378">
      <ele>115.0</ele>
      <time>2026-09-13T19:17:56.045+02:00</time>
      <extensions>
        <activity type="IN_VEHICLE" conf="96" state="moving" tsMs="1789319876170"/>
        <radio op="vodafone IT" rat="LTE" q="42.00" rsrp="-90" sinr="7" rsrq="-8"/>
        <radio op="I TIM" rat="LTE" rsrp="-108" rsrq="-15"/>
      </extensions>
    </trkpt>
    <trkpt lat="45.6338359" lon="10.5933378">
      <ele>116.0</ele>
      <time>2026-09-13T19:18:06.046+02:00</time>
      <extensions>
        <activity type="IN_VEHICLE" conf="96" state="moving" tsMs="1789319881507"/>
        <radio op="vodafone IT" rat="LTE" q="45.50" rsrp="-90" sinr="8" rsrq="-8"/>
        <radio op="I TIM" rat="LTE" rsrp="-108" rsrq="-16"/>
      </extensions>
    </trkpt>
    <trkpt lat="45.6338372" lon="10.5933407">
      <ele>115.0</ele>
      <time>2026-09-13T19:18:16.045+02:00</time>
      <extensions>
        <activity type="IN_VEHICLE" conf="98" state="moving" tsMs="1789319892172"/>
        <radio op="vodafone IT" rat="LTE" q="42.00" rsrp="-90" sinr="7" rsrq="-9"/>
        <radio op="I TIM" rat="LTE" rsrp="-109" rsrq="-16"/>
      </extensions>
    </trkpt>
    <trkpt lat="45.6338389" lon="10.593346">
      <ele>115.0</ele>
      <time>2026-09-13T19:18:26.045+02:00</time>
      <extensions>
        <activity type="IN_VEHICLE" conf="94" state="moving" tsMs="1789319902863"/>
        <radio op="vodafone IT" rat="LTE" q="48.10" rsrp="-88" sinr="8" rsrq="-12"/>
        <radio op="I TIM" rat="LTE" rsrp="-109" rsrq="-16"/>
      </extensions>
    </trkpt>
    <trkpt lat="45.6336984" lon="10.5930842">
      <ele>115.0</ele>
      <time>2026-09-13T19:18:36.045+02:00</time>
      <extensions>
        <activity type="IN_VEHICLE" conf="96" state="moving" tsMs="1789319913400"/>
        <radio op="vodafone IT" rat="LTE" q="37.40" rsrp="-91" sinr="6" rsrq="-7"/>
        <radio op="I TIM" rat="LTE" rsrp="-111" rsrq="-17"/>
      </extensions>
    </trkpt>
    <trkpt lat="45.6335876" lon="10.5928714">
      <ele>114.0</ele>
      <time>2026-09-13T19:18:46.045+02:00</time>
      <extensions>
        <activity type="IN_VEHICLE" conf="96" state="moving" tsMs="1789319924100"/>
        <radio op="vodafone IT" rat="LTE" q="33.30" rsrp="-88" sinr="4" rsrq="-10"/>
        <radio op="I TIM" rat="LTE" rsrp="-111" rsrq="-17"/>
      </extensions>
    </trkpt>
    <trkpt lat="45.6335772" lon="10.5928444">
      <ele>114.0</ele>
      <time>2026-09-13T19:18:56.045+02:00</time>
      <extensions>
        <activity type="IN_VEHICLE" conf="93" state="moving" tsMs="1789319934802"/>
        <radio op="vodafone IT" rat="LTE" q="29.70" rsrp="-92" sinr="4" rsrq="-11"/>
        <radio op="I TIM" rat="LTE" rsrp="-108" rsrq="-17"/>
      </extensions>
    </trkpt>
    <trkpt lat="45.6334745" lon="10.5926477">
      <ele>113.0</ele>
      <time>2026-09-13T19:19:06.045+02:00</time>
      <extensions>
        <activity type="IN_VEHICLE" conf="96" state="moving" tsMs="1789319945546"/>
        <radio op="vodafone IT" rat="LTE" q="60.00" rsrp="-85" sinr="10" rsrq="-7"/>
        <radio op="I TIM" rat="LTE" rsrp="-111" rsrq="-18"/>
      </extensions>
    </trkpt>
    <trkpt lat="45.6332552" lon="10.5922371">
      <ele>111.0</ele>
      <time>2026-09-13T19:19:17.046+02:00</time>
      <extensions>
        <activity type="IN_VEHICLE" conf="96" state="moving" tsMs="1789319956212"/>
        <radio op="vodafone IT" rat="LTE" q="20.00" rsrp="-84" sinr="0" rsrq="-10"/>
        <radio op="I TIM" rat="LTE" rsrp="-111" rsrq="-18"/>
      </extensions>
    </trkpt>
    <trkpt lat="45.6329982" lon="10.5918872">
      <ele>110.0</ele>
      <time>2026-09-13T19:19:27.045+02:00</time>
      <extensions>
        <activity type="IN_VEHICLE" conf="96" state="moving" tsMs="1789319966921"/>
        <radio op="vodafone IT" rat="LTE" q="54.60" rsrp="-86" sinr="9" rsrq="-8"/>
        <radio op="I TIM" rat="LTE" rsrp="-112" rsrq="-22"/>
      </extensions>
    </trkpt>
    <trkpt lat="45.6326612" lon="10.5915531">
      <ele>111.0</ele>
      <time>2026-09-13T19:19:37.045+02:00</time>
      <extensions>
        <activity type="IN_VEHICLE" conf="96" state="moving" tsMs="1789319972253"/>
        <radio op="vodafone IT" rat="LTE" q="39.60" rsrp="-89" sinr="6" rsrq="-8"/>
        <radio op="I TIM" rat="LTE" rsrp="-110" rsrq="-22"/>
      </extensions>
    </trkpt>
    <trkpt lat="45.6323751" lon="10.5910356">
      <ele>112.0</ele>
      <time>2026-09-13T19:19:47.046+02:00</time>
      <extensions>
        <activity type="IN_VEHICLE" conf="96" state="moving" tsMs="1789319982944"/>
        <radio op="vodafone IT" rat="LTE" q="32.00" rsrp="-93" sinr="5" rsrq="-8"/>
        <radio op="I TIM" rat="LTE" rsrp="-106" rsrq="-16"/>
      </extensions>
    </trkpt>
    <trkpt lat="45.6320283" lon="10.5902329">
      <ele>112.0</ele>
      <time>2026-09-13T19:19:57.045+02:00</time>
      <extensions>
        <activity type="IN_VEHICLE" conf="96" state="moving" tsMs="1789319993638"/>
        <radio op="vodafone IT" rat="LTE" q="36.30" rsrp="-92" sinr="6" rsrq="-6"/>
        <radio op="I TIM" rat="LTE" rsrp="-104" rsrq="-14"/>
      </extensions>
    </trkpt>
    <trkpt lat="45.6315535" lon="10.5893679">
      <ele>112.0</ele>
      <time>2026-09-13T19:20:07.046+02:00</time>
      <extensions>
        <activity type="IN_VEHICLE" conf="96" state="moving" tsMs="1789320004441"/>
        <radio op="vodafone IT" rat="LTE" q="14.50" rsrp="-96" sinr="0" rsrq="-11"/>
        <radio op="I TIM" rat="LTE" rsrp="-110" rsrq="-18"/>
      </extensions>
    </trkpt>
    <trkpt lat="45.6310434" lon="10.5885418">
      <ele>113.0</ele>
      <time>2026-09-13T19:20:17.046+02:00</time>
      <extensions>
        <activity type="IN_VEHICLE" conf="96" state="moving" tsMs="1789320015075"/>
        <radio op="vodafone IT" rat="LTE" rsrp="-102" rsrq="-18"/>
        <radio op="I TIM" rat="LTE" rsrp="-107" rsrq="-16"/>
      </extensions>
    </trkpt>
    <trkpt lat="45.6306523" lon="10.5879811">
      <ele>115.0</ele>
      <time>2026-09-13T19:20:27.045+02:00</time>
      <extensions>
        <activity type="IN_VEHICLE" conf="96" state="moving" tsMs="1789320025738"/>
        <radio op="vodafone IT" rat="LTE" q="12.50" rsrp="-100" sinr="0" rsrq="-12"/>
        <radio op="I TIM" rat="LTE" rsrp="-105" rsrq="-17"/>
      </extensions>
    </trkpt>
    <trkpt lat="45.6303458" lon="10.5875447">
      <ele>116.0</ele>
      <time>2026-09-13T19:20:38.045+02:00</time>
      <extensions>
        <activity type="IN_VEHICLE" conf="96" state="moving" tsMs="1789320036427"/>
        <radio op="vodafone IT" rat="LTE" q="25.20" rsrp="-97" sinr="4" rsrq="-10"/>
        <radio op="I TIM" rat="LTE" rsrp="-100" rsrq="-16"/>
      </extensions>
    </trkpt>
    <trkpt lat="45.6301014" lon="10.5872303">
      <ele>117.0</ele>
      <time>2026-09-13T19:20:48.046+02:00</time>
      <extensions>
        <activity type="IN_VEHICLE" conf="96" state="moving" tsMs="1789320047141"/>
        <radio op="vodafone IT" rat="LTE" rsrp="-96" rsrq="-10"/>
        <radio op="I TIM" rat="LTE" rsrp="-102" rsrq="-18"/>
      </extensions>
    </trkpt>
    <trkpt lat="45.6297878" lon="10.5868545">
      <ele>119.0</ele>
      <time>2026-09-13T19:20:58.045+02:00</time>
      <extensions>
        <activity type="IN_VEHICLE" conf="96" state="moving" tsMs="1789320057829"/>
        <radio op="vodafone IT" rat="LTE" q="31.00" rsrp="-94" sinr="5" rsrq="-9"/>
        <radio op="I TIM" rat="LTE" rsrp="-103" rsrq="-14"/>
      </extensions>
    </trkpt>
    <trkpt lat="45.629527" lon="10.5866708">
      <ele>119.0</ele>
      <time>2026-09-13T19:21:08.045+02:00</time>
      <extensions>
        <activity type="IN_VEHICLE" conf="96" state="moving" tsMs="1789320068470"/>
        <radio op="vodafone IT" rat="LTE" q="19.60" rsrp="-97" sinr="2" rsrq="-10"/>
        <radio op="I TIM" rat="LTE" rsrp="-105" rsrq="-15"/>
      </extensions>
    </trkpt>
    <trkpt lat="45.6293269" lon="10.5865915">
      <ele>122.1240007533666</ele>
      <time>2026-09-13T19:21:18.045+02:00</time>
      <extensions>
        <activity type="IN_VEHICLE" conf="96" state="moving" tsMs="1789320078809"/>
        <radio op="vodafone IT" rat="LTE" q="15.40" rsrp="-103" sinr="2" rsrq="-10"/>
        <radio op="I TIM" rat="LTE" rsrp="-113" rsrq="-14"/>
      </extensions>
    </trkpt>
    <trkpt lat="45.6289839" lon="10.5865692">
      <ele>120.19999694824219</ele>
      <time>2026-09-13T19:21:28.045+02:00</time>
      <extensions>
        <activity type="IN_VEHICLE" conf="96" state="moving" tsMs="1789320084145"/>
        <radio op="vodafone IT" rat="LTE" q="13.30" rsrp="-106" sinr="2" rsrq="-11"/>
        <radio op="I TIM" rat="LTE" q="4.00" rsrp="-117" sinr="0" rsrq="-15"/>
      </extensions>
    </trkpt>
    <trkpt lat="45.6288706" lon="10.5865766">
      <ele>120.19999694824219</ele>
      <time>2026-09-13T19:21:38.046+02:00</time>
      <extensions>
        <activity type="IN_VEHICLE" conf="96" state="moving" tsMs="1789320094783"/>
        <radio op="vodafone IT" rat="LTE" rsrp="-107" rsrq="-12"/>
        <radio op="I TIM" rat="LTE" q="6.00" rsrp="-115" sinr="1" rsrq="-14"/>
      </extensions>
    </trkpt>
    <trkpt lat="45.6288465" lon="10.5865765">
      <ele>120.19999694824219</ele>
      <time>2026-09-13T19:21:48.045+02:00</time>
      <extensions>
        <activity type="IN_VEHICLE" conf="96" state="moving" tsMs="1789320105489"/>
        <radio op="vodafone IT" rat="LTE" rsrp="-104" rsrq="-10"/>
        <radio op="I TIM" rat="LTE" q="6.60" rsrp="-114" sinr="1" rsrq="-13"/>
      </extensions>
    </trkpt>
    <trkpt lat="45.6285481" lon="10.5865971">
      <ele>120.19999694824219</ele>
      <time>2026-09-13T19:21:59.046+02:00</time>
      <extensions>
        <activity type="IN_VEHICLE" conf="96" state="moving" tsMs="1789320116226"/>
        <radio op="vodafone IT" rat="LTE" rsrp="-102" rsrq="-11"/>
        <radio op="I TIM" rat="LTE" q="7.00" rsrp="-115" sinr="2" rsrq="-14"/>
      </extensions>
    </trkpt>
    <trkpt lat="45.628265" lon="10.5866193">
      <ele>120.19999694824219</ele>
      <time>2026-09-13T19:22:09.046+02:00</time>
      <extensions>
        <activity type="IN_VEHICLE" conf="96" state="moving" tsMs="1789320126889"/>
        <radio op="vodafone IT" rat="LTE" rsrp="-109" rsrq="-13"/>
        <radio op="I TIM" rat="LTE" rsrp="-115" rsrq="-16"/>
      </extensions>
    </trkpt>
    <trkpt lat="45.6281079" lon="10.5866201">
      <ele>120.19999694824219</ele>
      <time>2026-09-13T19:22:19.045+02:00</time>
      <extensions>
        <activity type="IN_VEHICLE" conf="96" state="moving" tsMs="1789320137653"/>
        <radio op="vodafone IT" rat="LTE" rsrp="-105" rsrq="-10"/>
        <radio op="I TIM" rat="LTE" rsrp="-115" rsrq="-16"/>
      </extensions>
    </trkpt>
    <trkpt lat="45.6278359" lon="10.5865965">
      <ele>124.0</ele>
      <time>2026-09-13T19:22:29.046+02:00</time>
      <extensions>
        <activity type="IN_VEHICLE" conf="96" state="moving" tsMs="1789320148317"/>
        <radio op="vodafone IT" rat="LTE" rsrp="-100" rsrq="-12"/>
        <radio op="I TIM" rat="LTE" q="7.00" rsrp="-111" sinr="0" rsrq="-14"/>
      </extensions>
    </trkpt>
    <trkpt lat="45.627573" lon="10.5864412">
      <ele>123.0</ele>
      <time>2026-09-13T19:22:39.045+02:00</time>
      <extensions>
        <activity type="IN_VEHICLE" conf="96" state="moving" tsMs="1789320159048"/>
        <radio op="vodafone IT" rat="LTE" q="16.80" rsrp="-101" sinr="2" rsrq="-9"/>
        <radio op="I TIM" rat="LTE" rsrp="-112" rsrq="-16"/>
      </extensions>
    </trkpt>
    <trkpt lat="45.6272591" lon="10.5861383">
      <ele>122.0</ele>
      <time>2026-09-13T19:22:49.046+02:00</time>
      <extensions>
        <activity type="IN_VEHICLE" conf="97" state="moving" tsMs="1789320169728"/>
        <radio op="vodafone IT" rat="LTE" q="15.60" rsrp="-99" sinr="1" rsrq="-12"/>
        <radio op="I TIM" rat="LTE" rsrp="-109" rsrq="-17"/>
      </extensions>
    </trkpt>
    <trkpt lat="45.6270294" lon="10.5859213">
      <ele>122.0</ele>
      <time>2026-09-13T19:22:59.045+02:00</time>
      <extensions>
        <activity type="IN_VEHICLE" conf="96" state="moving" tsMs="1789320175065"/>
        <radio op="vodafone IT" rat="LTE" rsrp="-98" rsrq="-11"/>
        <radio op="I TIM" rat="LTE" rsrp="-110" rsrq="-19"/>
      </extensions>
    </trkpt>
    <trkpt lat="45.6267234" lon="10.5856286">
      <ele>121.0</ele>
      <time>2026-09-13T19:23:09.046+02:00</time>
      <extensions>
        <activity type="IN_VEHICLE" conf="96" state="moving" tsMs="1789320185734"/>
        <radio op="vodafone IT" rat="LTE" q="32.00" rsrp="-93" sinr="5" rsrq="-8"/>
        <radio op="I TIM" rat="LTE" q="19.20" rsrp="-101" sinr="3" rsrq="-11"/>
      </extensions>
    </trkpt>
    <trkpt lat="45.6263585" lon="10.5852152">
      <ele>121.0</ele>
      <time>2026-09-13T19:23:20.045+02:00</time>
      <extensions>
        <activity type="IN_VEHICLE" conf="95" state="moving" tsMs="1789320196459"/>
        <radio op="vodafone IT" rat="LTE" q="33.30" rsrp="-88" sinr="4" rsrq="-8"/>
        <radio op="I TIM" rat="LTE" q="27.90" rsrp="-94" sinr="4" rsrq="-11"/>
      </extensions>
    </trkpt>
    <trkpt lat="45.6262656" lon="10.5850613">
      <ele>121.0</ele>
      <time>2026-09-13T19:23:30.046+02:00</time>
      <extensions>
        <activity type="IN_VEHICLE" conf="96" state="moving" tsMs="1789320207090"/>
        <radio op="vodafone IT" rat="LTE" q="54.60" rsrp="-86" sinr="9" rsrq="-8"/>
        <radio op="I TIM" rat="LTE" q="20.40" rsrp="-91" sinr="1" rsrq="-9"/>
      </extensions>
    </trkpt>
    <trkpt lat="45.6261414" lon="10.584813">
      <ele>121.0</ele>
      <time>2026-09-13T19:23:40.045+02:00</time>
      <extensions>
        <activity type="IN_VEHICLE" conf="98" state="moving" tsMs="1789320217784"/>
        <radio op="vodafone IT" rat="LTE" q="24.50" rsrp="-90" sinr="2" rsrq="-10"/>
        <radio op="I TIM" rat="LTE" q="25.60" rsrp="-93" sinr="3" rsrq="-12"/>
      </extensions>
    </trkpt>
    <trkpt lat="45.6260997" lon="10.5846794">
      <ele>122.0</ele>
      <time>2026-09-13T19:23:50.046+02:00</time>
      <extensions>
        <activity type="IN_VEHICLE" conf="94" state="moving" tsMs="1789320228459"/>
        <radio op="vodafone IT" rat="LTE" q="28.00" rsrp="-97" sinr="5" rsrq="-11"/>
        <radio op="I TIM" rat="LTE" rsrp="-101" rsrq="-14"/>
      </extensions>
    </trkpt>
    <trkpt lat="45.6260302" lon="10.5841805">
      <ele>122.0</ele>
      <time>2026-09-13T19:24:00.045+02:00</time>
      <extensions>
        <activity type="IN_VEHICLE" conf="96" state="moving" tsMs="1789320239297"/>
        <radio op="vodafone IT" rat="LTE" q="21.60" rsrp="-98" sinr="3" rsrq="-12"/>
        <radio op="I TIM" rat="LTE" rsrp="-103" rsrq="-16"/>
      </extensions>
    </trkpt>
    <trkpt lat="45.6261035" lon="10.5835551">
      <ele>123.0</ele>
      <time>2026-09-13T19:24:10.046+02:00</time>
      <extensions>
        <activity type="IN_VEHICLE" conf="96" state="moving" tsMs="1789320249959"/>
        <radio op="vodafone IT" rat="LTE" q="15.00" rsrp="-100" sinr="1" rsrq="-12"/>
        <radio op="I TIM" rat="LTE" rsrp="-104" rsrq="-18"/>
      </extensions>
    </trkpt>
    <trkpt lat="45.6261713" lon="10.5829548">
      <ele>122.0</ele>
      <time>2026-09-13T19:24:20.045+02:00</time>
      <extensions>
        <activity type="IN_VEHICLE" conf="96" state="moving" tsMs="1789320260636"/>
        <radio op="vodafone IT" rat="LTE" q="23.10" rsrp="-92" sinr="2" rsrq="-11"/>
        <radio op="I TIM" rat="LTE" rsrp="-99" rsrq="-18"/>
      </extensions>
    </trkpt>
    <trkpt lat="45.6262018" lon="10.582181">
      <ele>121.0</ele>
      <time>2026-09-13T19:24:30.046+02:00</time>
      <extensions>
        <activity type="IN_VEHICLE" conf="96" state="moving" tsMs="1789320271299"/>
        <radio op="vodafone IT" rat="LTE" q="26.40" rsrp="-92" sinr="3" rsrq="-11"/>
        <radio op="I TIM" rat="LTE" rsrp="-102" rsrq="-17"/>
      </extensions>
    </trkpt>
    <trkpt lat="45.6262007" lon="10.5817252">
      <ele>121.0</ele>
      <time>2026-09-13T19:24:41.044+02:00</time>
      <extensions>
        <activity type="IN_VEHICLE" conf="96" state="moving" tsMs="1789320276637"/>
        <radio op="vodafone IT" rat="LTE" q="12.00" rsrp="-101" sinr="0" rsrq="-12"/>
        <radio op="I TIM" rat="LTE" rsrp="-102" rsrq="-14"/>
      </extensions>
    </trkpt>
    <trkpt lat="45.6261887" lon="10.5807532">
      <ele>122.0</ele>
      <time>2026-09-13T19:24:51.044+02:00</time>
      <extensions>
        <activity type="IN_VEHICLE" conf="96" state="moving" tsMs="1789320287332"/>
        <radio op="vodafone IT" rat="LTE" q="44.20" rsrp="-99" sinr="12" rsrq="-8"/>
        <radio op="I TIM" rat="LTE" q="12.80" rsrp="-109" sinr="3" rsrq="-14"/>
      </extensions>
    </trkpt>
    <trkpt lat="45.6261921" lon="10.5797275">
      <ele>121.0</ele>
      <time>2026-09-13T19:25:01.045+02:00</time>
      <extensions>
        <activity type="IN_VEHICLE" conf="96" state="moving" tsMs="1789320298000"/>
        <radio op="vodafone IT" rat="LTE" q="17.60" rsrp="-109" sinr="6" rsrq="-11"/>
        <radio op="I TIM" rat="LTE" rsrp="-106" rsrq="-10"/>
      </extensions>
    </trkpt>
    <trkpt lat="45.6261537" lon="10.5790391">
      <ele>122.0</ele>
      <time>2026-09-13T19:25:11.044+02:00</time>
      <extensions>
        <activity type="IN_VEHICLE" conf="96" state="moving" tsMs="1789320308681"/>
        <radio op="vodafone IT" rat="LTE" rsrp="-107" rsrq="-16"/>
        <radio op="I TIM" rat="LTE" rsrp="-108" rsrq="-11"/>
      </extensions>
    </trkpt>
    <trkpt lat="45.6261051" lon="10.5784811">
      <ele>122.0</ele>
      <time>2026-09-13T19:25:21.045+02:00</time>
      <extensions>
        <activity type="IN_VEHICLE" conf="96" state="moving" tsMs="1789320319353"/>
        <radio op="vodafone IT" rat="LTE" rsrp="-110" rsrq="-14"/>
        <radio op="I TIM" rat="LTE" q="19.50" rsrp="-110" sinr="8" rsrq="-13"/>
      </extensions>
    </trkpt>
    <trkpt lat="45.6260716" lon="10.5782199">
      <ele>123.0</ele>
      <time>2026-09-13T19:25:31.045+02:00</time>
      <extensions>
        <activity type="IN_VEHICLE" conf="96" state="moving" tsMs="1789320330048"/>
        <radio op="vodafone IT" rat="LTE" rsrp="-113" rsrq="-14"/>
        <radio op="I TIM" rat="LTE" q="23.10" rsrp="-104" sinr="6" rsrq="-12"/>
      </extensions>
    </trkpt>
    <trkpt lat="45.6260721" lon="10.578217">
      <ele>123.0</ele>
      <time>2026-09-13T19:25:41.045+02:00</time>
      <extensions>
        <activity type="IN_VEHICLE" conf="89" state="moving" tsMs="1789320340790"/>
        <radio op="vodafone IT" rat="LTE" rsrp="-113" rsrq="-14"/>
        <radio op="I TIM" rat="LTE" q="25.20" rsrp="-104" sinr="7" rsrq="-12"/>
      </extensions>
    </trkpt>
    <trkpt lat="45.6260724" lon="10.5782253">
      <ele>123.0</ele>
      <time>2026-09-13T19:25:52.045+02:00</time>
      <extensions>
        <activity type="IN_VEHICLE" conf="95" state="moving" tsMs="1789320351455"/>
        <radio op="vodafone IT" rat="LTE" rsrp="-112" rsrq="-14"/>
        <radio op="I TIM" rat="LTE" q="26.40" rsrp="-103" sinr="7" rsrq="-13"/>
      </extensions>
    </trkpt>
    <trkpt lat="45.6260583" lon="10.5781214">
      <ele>123.0</ele>
      <time>2026-09-13T19:26:02.045+02:00</time>
      <extensions>
        <activity type="IN_VEHICLE" conf="96" state="moving" tsMs="1789320362184"/>
        <radio op="vodafone IT" rat="LTE" q="12.60" rsrp="-107" sinr="2" rsrq="-11"/>
        <radio op="I TIM" rat="LTE" q="15.40" rsrp="-103" sinr="2" rsrq="-13"/>
      </extensions>
    </trkpt>
    <trkpt lat="45.6260236" lon="10.5777817">
      <ele>124.0</ele>
      <time>2026-09-13T19:26:12.045+02:00</time>
      <extensions>
        <activity type="IN_VEHICLE" conf="96" state="moving" tsMs="1789320367585"/>
        <radio op="vodafone IT" rat="LTE" q="9.60" rsrp="-109" sinr="1" rsrq="-13"/>
        <radio op="I TIM" rat="LTE" q="9.60" rsrp="-109" sinr="1" rsrq="-12"/>
      </extensions>
    </trkpt>
    <trkpt lat="45.6259898" lon="10.5775223">
      <ele>125.0</ele>
      <time>2026-09-13T19:26:22.044+02:00</time>
      <extensions>
        <activity type="IN_VEHICLE" conf="96" state="moving" tsMs="1789320378265"/>
        <radio op="vodafone IT" rat="LTE" q="35.00" rsrp="-100" sinr="9" rsrq="-11"/>
        <radio op="I TIM" rat="LTE" rsrp="-113" rsrq="-15"/>
      </extensions>
    </trkpt>
    <trkpt lat="45.6259832" lon="10.577484">
      <ele>124.0</ele>
      <time>2026-09-13T19:26:32.044+02:00</time>
      <extensions>
        <activity type="IN_VEHICLE" conf="96" state="moving" tsMs="1789320388911"/>
        <radio op="vodafone IT" rat="LTE" q="27.60" rsrp="-102" sinr="7" rsrq="-11"/>
        <radio op="I TIM" rat="LTE" rsrp="-108" rsrq="-15"/>
      </extensions>
    </trkpt>
    <trkpt lat="45.6259799" lon="10.577479">
      <ele>124.0</ele>
      <time>2026-09-13T19:26:42.044+02:00</time>
      <extensions>
        <activity type="IN_VEHICLE" conf="96" state="moving" tsMs="1789320399599"/>
        <radio op="vodafone IT" rat="LTE" q="40.50" rsrp="-98" sinr="10" rsrq="-11"/>
        <radio op="I TIM" rat="LTE" rsrp="-107" rsrq="-14"/>
      </extensions>
    </trkpt>
    <trkpt lat="45.6259351" lon="10.5772966">
      <ele>122.0</ele>
      <time>2026-09-13T19:26:52.045+02:00</time>
      <extensions>
        <activity type="IN_VEHICLE" conf="96" state="moving" tsMs="1789320410348"/>
        <radio op="vodafone IT" rat="LTE" q="19.60" rsrp="-97" sinr="2" rsrq="-13"/>
        <radio op="I TIM" rat="LTE" rsrp="-104" rsrq="-14"/>
      </extensions>
    </trkpt>
    <trkpt lat="45.6258939" lon="10.5770206">
      <ele>120.0</ele>
      <time>2026-09-13T19:27:02.045+02:00</time>
      <extensions>
        <activity type="IN_VEHICLE" conf="96" state="moving" tsMs="1789320420998"/>
        <radio op="vodafone IT" rat="LTE" rsrp="-103" rsrq="-14"/>
        <radio op="I TIM" rat="LTE" rsrp="-105" rsrq="-16"/>
      </extensions>
    </trkpt>
    <trkpt lat="45.6257963" lon="10.5765453">
      <ele>119.0</ele>
      <time>2026-09-13T19:27:13.044+02:00</time>
      <extensions>
        <activity type="IN_VEHICLE" conf="98" state="moving" tsMs="1789320431673"/>
        <radio op="vodafone IT" rat="LTE" q="9.00" rsrp="-107" sinr="0" rsrq="-14"/>
        <radio op="I TIM" rat="LTE" rsrp="-107" rsrq="-20"/>
      </extensions>
    </trkpt>
    <trkpt lat="45.625712" lon="10.5761498">
      <ele>117.0</ele>
      <time>2026-09-13T19:27:23.044+02:00</time>
      <extensions>
        <activity type="IN_VEHICLE" conf="96" state="moving" tsMs="1789320442382"/>
        <radio op="vodafone IT" rat="LTE" rsrp="-105" rsrq="-13"/>
        <radio op="I TIM" rat="LTE" rsrp="-114" rsrq="-24"/>
      </extensions>
    </trkpt>
    <trkpt lat="45.6256431" lon="10.5758641">
      <ele>117.0</ele>
      <time>2026-09-13T19:27:33.045+02:00</time>
      <extensions>
        <activity type="IN_VEHICLE" conf="98" state="moving" tsMs="1789320453102"/>
        <radio op="vodafone IT" rat="LTE" rsrp="-101" rsrq="-14"/>
        <radio op="I TIM" rat="LTE" rsrp="-98" rsrq="-16"/>
      </extensions>
    </trkpt>
    <trkpt lat="45.6255893" lon="10.5756497">
      <ele>118.0</ele>
      <time>2026-09-13T19:27:43.045+02:00</time>
      <extensions>
        <activity type="IN_VEHICLE" conf="97" state="moving" tsMs="1789320458465"/>
        <radio op="vodafone IT" rat="LTE" rsrp="-103" rsrq="-15"/>
        <radio op="I TIM" rat="LTE" rsrp="-97" rsrq="-15"/>
      </extensions>
    </trkpt>
    <trkpt lat="45.6255893" lon="10.5756584">
      <ele>119.0</ele>
      <time>2026-09-13T19:27:53.045+02:00</time>
      <extensions>
        <activity type="IN_VEHICLE" conf="96" state="moving" tsMs="1789320469118"/>
        <radio op="vodafone IT" rat="LTE" rsrp="-103" rsrq="-14"/>
        <radio op="I TIM" rat="LTE" rsrp="-98" rsrq="-15"/>
      </extensions>
    </trkpt>
    <trkpt lat="45.6255895" lon="10.575659">
      <ele>120.0</ele>
      <time>2026-09-13T19:28:03.044+02:00</time>
      <extensions>
        <activity type="IN_VEHICLE" conf="97" state="moving" tsMs="1789320479788"/>
        <radio op="vodafone IT" rat="LTE" rsrp="-106" rsrq="-14"/>
        <radio op="I TIM" rat="LTE" rsrp="-99" rsrq="-15"/>
      </extensions>
    </trkpt>
    <trkpt lat="45.6255317" lon="10.5754679">
      <ele>120.0</ele>
      <time>2026-09-13T19:28:13.044+02:00</time>
      <extensions>
        <activity type="IN_VEHICLE" conf="96" state="moving" tsMs="1789320490433"/>
        <radio op="vodafone IT" rat="LTE" rsrp="-108" rsrq="-15"/>
        <radio op="I TIM" rat="LTE" rsrp="-101" rsrq="-15"/>
      </extensions>
    </trkpt>
    <trkpt lat="45.6254339" lon="10.5751949">
      <ele>120.0</ele>
      <time>2026-09-13T19:28:23.045+02:00</time>
      <extensions>
        <activity type="IN_VEHICLE" conf="96" state="moving" tsMs="1789320501086"/>
        <radio op="vodafone IT" rat="LTE" rsrp="-114" rsrq="-15"/>
        <radio op="I TIM" rat="LTE" rsrp="-112" rsrq="-20"/>
      </extensions>
    </trkpt>
    <trkpt lat="45.6253696" lon="10.5750145">
      <ele>120.0</ele>
      <time>2026-09-13T19:28:33.044+02:00</time>
      <extensions>
        <activity type="IN_VEHICLE" conf="96" state="moving" tsMs="1789320511754"/>
        <radio op="vodafone IT" rat="LTE" rsrp="-112" rsrq="-12"/>
        <radio op="I TIM" rat="LTE" rsrp="-112" rsrq="-15"/>
      </extensions>
    </trkpt>
    <trkpt lat="45.6251935" lon="10.5746137">
      <ele>120.0</ele>
      <time>2026-09-13T19:28:44.045+02:00</time>
      <extensions>
        <activity type="UNKNOWN" conf="40" state="unknown" tsMs="1789320522425"/>
        <radio op="vodafone IT" rat="LTE" rsrp="-110" rsrq="-12"/>
        <radio op="I TIM" rat="LTE" rsrp="-113" rsrq="-15"/>
      </extensions>
    </trkpt>
    <trkpt lat="45.6249291" lon="10.5741872">
      <ele>119.0</ele>
      <time>2026-09-13T19:28:54.044+02:00</time>
      <extensions>
        <activity type="IN_VEHICLE" conf="96" state="moving" tsMs="1789320533120"/>
        <radio op="vodafone IT" rat="LTE" q="6.50" rsrp="-112" sinr="0" rsrq="-11"/>
        <radio op="I TIM" rat="LTE" rsrp="-117" rsrq="-18"/>
      </extensions>
    </trkpt>
    <trkpt lat="45.62459" lon="10.5737689">
      <ele>119.0</ele>
      <time>2026-09-13T19:29:04.044+02:00</time>
      <extensions>
        <activity type="IN_VEHICLE" conf="96" state="moving" tsMs="1789320543827"/>
        <radio op="vodafone IT" rat="LTE" q="18.00" rsrp="-107" sinr="5" rsrq="-8"/>
        <radio op="I TIM" rat="LTE" rsrp="-109" rsrq="-14"/>
      </extensions>
    </trkpt>
    <trkpt lat="45.624283" lon="10.5733041">
      <ele>119.0</ele>
      <time>2026-09-13T19:29:14.045+02:00</time>
      <extensions>
        <activity type="IN_VEHICLE" conf="96" state="moving" tsMs="1789320554525"/>
        <radio op="vodafone IT" rat="LTE" q="26.60" rsrp="-106" sinr="9" rsrq="-10"/>
        <radio op="I TIM" rat="LTE" rsrp="-104" rsrq="-13"/>
      </extensions>
    </trkpt>
    <trkpt lat="45.6240997" lon="10.5728497">
      <ele>119.0</ele>
      <time>2026-09-13T19:29:24.045+02:00</time>
      <extensions>
        <activity type="IN_VEHICLE" conf="96" state="moving" tsMs="1789320559937"/>
        <radio op="vodafone IT" rat="LTE" rsrp="-106" rsrq="-16"/>
        <radio op="I TIM" rat="LTE" rsrp="-106" rsrq="-15"/>
      </extensions>
    </trkpt>
    <trkpt lat="45.623932" lon="10.5723207">
      <ele>118.0</ele>
      <time>2026-09-13T19:29:34.045+02:00</time>
      <extensions>
        <activity type="IN_VEHICLE" conf="96" state="moving" tsMs="1789320570668"/>
        <radio op="vodafone IT" rat="LTE" q="17.00" rsrp="-108" sinr="5" rsrq="-8"/>
        <radio op="I TIM" rat="LTE" rsrp="-100" rsrq="-11"/>
      </extensions>
    </trkpt>
    <trkpt lat="45.6238069" lon="10.5719221">
      <ele>119.0</ele>
      <time>2026-09-13T19:29:44.044+02:00</time>
      <extensions>
        <activity type="IN_VEHICLE" conf="96" state="moving" tsMs="1789320581343"/>
        <radio op="vodafone IT" rat="LTE" q="10.50" rsrp="-110" sinr="2" rsrq="-10"/>
        <radio op="I TIM" rat="LTE" q="11.50" rsrp="-102" sinr="0" rsrq="-14"/>
      </extensions>
    </trkpt>
    <trkpt lat="45.6236254" lon="10.5714847">
      <ele>120.0</ele>
      <time>2026-09-13T19:29:55.044+02:00</time>
      <extensions>
        <activity type="IN_VEHICLE" conf="96" state="moving" tsMs="1789320592075"/>
        <radio op="vodafone IT" rat="LTE" rsrp="-110" rsrq="-11"/>
        <radio op="I TIM" rat="LTE" q="12.00" rsrp="-101" sinr="0" rsrq="-13"/>
      </extensions>
    </trkpt>
    <trkpt lat="45.6233624" lon="10.5710643">
      <ele>120.0</ele>
      <time>2026-09-13T19:30:05.045+02:00</time>
      <extensions>
        <activity type="IN_VEHICLE" conf="96" state="moving" tsMs="1789320602737"/>
        <radio op="vodafone IT" rat="LTE" q="14.40" rsrp="-107" sinr="3" rsrq="-10"/>
        <radio op="I TIM" rat="LTE" q="15.60" rsrp="-99" sinr="1" rsrq="-11"/>
      </extensions>
    </trkpt>
    <trkpt lat="45.6230506" lon="10.5707156">
      <ele>120.0</ele>
      <time>2026-09-13T19:30:15.045+02:00</time>
      <extensions>
        <activity type="IN_VEHICLE" conf="96" state="moving" tsMs="1789320613426"/>
        <radio op="vodafone IT" rat="LTE" q="22.80" rsrp="-106" sinr="7" rsrq="-9"/>
        <radio op="I TIM" rat="LTE" rsrp="-105" rsrq="-16"/>
      </extensions>
    </trkpt>
    <trkpt lat="45.6229971" lon="10.5706507">
      <ele>121.0</ele>
      <time>2026-09-13T19:30:25.044+02:00</time>
      <extensions>
        <activity type="IN_VEHICLE" conf="95" state="moving" tsMs="1789320624108"/>
        <radio op="vodafone IT" rat="LTE" q="14.70" rsrp="-104" sinr="2" rsrq="-8"/>
        <radio op="I TIM" rat="LTE" rsrp="-107" rsrq="-18"/>
      </extensions>
    </trkpt>
    <trkpt lat="45.6227798" lon="10.5703671">
      <ele>119.0</ele>
      <time>2026-09-13T19:30:35.044+02:00</time>
      <extensions>
        <activity type="IN_VEHICLE" conf="96" state="moving" tsMs="1789320634807"/>
        <radio op="vodafone IT" rat="LTE" q="16.00" rsrp="-105" sinr="3" rsrq="-8"/>
        <radio op="I TIM" rat="LTE" rsrp="-103" rsrq="-17"/>
      </extensions>
    </trkpt>
    <trkpt lat="45.6226763" lon="10.5702163">
      <ele>118.0</ele>
      <time>2026-09-13T19:30:45.045+02:00</time>
      <extensions>
        <activity type="IN_VEHICLE" conf="96" state="moving" tsMs="1789320645461"/>
        <radio op="vodafone IT" rat="LTE" rsrp="-104" rsrq="-11"/>
        <radio op="I TIM" rat="LTE" rsrp="-101" rsrq="-16"/>
      </extensions>
    </trkpt>
    <trkpt lat="45.6224773" lon="10.5698853">
      <ele>117.0</ele>
      <time>2026-09-13T19:30:55.045+02:00</time>
      <extensions>
        <activity type="IN_VEHICLE" conf="96" state="moving" tsMs="1789320656143"/>
        <radio op="vodafone IT" rat="LTE" rsrp="-108" rsrq="-13"/>
        <radio op="I TIM" rat="LTE" q="17.50" rsrp="-100" sinr="2" rsrq="-14"/>
      </extensions>
    </trkpt>
    <trkpt lat="45.6223022" lon="10.5695779">
      <ele>117.0</ele>
      <time>2026-09-13T19:31:05.045+02:00</time>
      <extensions>
        <activity type="IN_VEHICLE" conf="96" state="moving" tsMs="1789320661476"/>
        <radio op="vodafone IT" rat="LTE" rsrp="-106" rsrq="-14"/>
        <radio op="I TIM" rat="LTE" q="23.40" rsrp="-99" sinr="4" rsrq="-15"/>
      </extensions>
    </trkpt>
    <trkpt lat="45.622108" lon="10.5691095">
      <ele>120.19999694824219</ele>
      <time>2026-09-13T19:31:16.043+02:00</time>
      <extensions>
        <activity type="IN_VEHICLE" conf="96" state="moving" tsMs="1789320672156"/>
        <radio op="vodafone IT" rat="LTE" q="9.60" rsrp="-109" sinr="1" rsrq="-10"/>
        <radio op="I TIM" rat="LTE" q="36.40" rsrp="-97" sinr="8" rsrq="-13"/>
      </extensions>
    </trkpt>
    <trkpt lat="45.6218813" lon="10.5685429">
      <ele>120.19999694824219</ele>
      <time>2026-09-13T19:31:26.044+02:00</time>
      <extensions>
        <activity type="IN_VEHICLE" conf="96" state="moving" tsMs="1789320677512"/>
        <radio op="vodafone IT" rat="LTE" q="10.20" rsrp="-108" sinr="1" rsrq="-7"/>
        <radio op="I TIM" rat="LTE" q="52.70" rsrp="-94" sinr="12" rsrq="-12"/>
      </extensions>
    </trkpt>
    <trkpt lat="45.6217262" lon="10.5682643">
      <ele>115.0</ele>
      <time>2026-09-13T19:31:36.043+02:00</time>
      <extensions>
        <activity type="IN_VEHICLE" conf="96" state="moving" tsMs="1789320696562"/>
        <radio op="vodafone IT" rat="LTE" q="19.00" rsrp="-106" sinr="5" rsrq="-8"/>
        <radio op="I TIM" rat="LTE" q="49.60" rsrp="-94" sinr="11" rsrq="-13"/>
      </extensions>
    </trkpt>
    <trkpt lat="45.6217239" lon="10.5682621">
      <ele>114.0</ele>
      <time>2026-09-13T19:31:46.044+02:00</time>
      <extensions>
        <activity type="IN_VEHICLE" conf="96" state="moving" tsMs="1789320701923"/>
        <radio op="vodafone IT" rat="LTE" q="19.00" rsrp="-106" sinr="5" rsrq="-7"/>
        <radio op="I TIM" rat="LTE" q="51.00" rsrp="-91" sinr="10" rsrq="-12"/>
      </extensions>
    </trkpt>
    <trkpt lat="45.6215659" lon="10.5679941">
      <ele>115.0</ele>
      <time>2026-09-13T19:31:56.044+02:00</time>
      <extensions>
        <activity type="IN_VEHICLE" conf="96" state="moving" tsMs="1789320712605"/>
        <radio op="vodafone IT" rat="LTE" q="22.00" rsrp="-105" sinr="6" rsrq="-7"/>
        <radio op="I TIM" rat="LTE" q="68.00" rsrp="-91" sinr="15" rsrq="-13"/>
      </extensions>
    </trkpt>
    <trkpt lat="45.6214238" lon="10.5677366">
      <ele>115.0</ele>
      <time>2026-09-13T19:32:06.044+02:00</time>
      <extensions>
        <activity type="IN_VEHICLE" conf="96" state="moving" tsMs="1789320723263"/>
        <radio op="vodafone IT" rat="LTE" q="33.00" rsrp="-95" sinr="6" rsrq="-8"/>
        <radio op="I TIM" rat="LTE" q="47.60" rsrp="-91" sinr="9" rsrq="-12"/>
      </extensions>
    </trkpt>
    <trkpt lat="45.6211959" lon="10.5673631">
      <ele>114.0</ele>
      <time>2026-09-13T19:32:16.044+02:00</time>
      <extensions>
        <activity type="IN_VEHICLE" conf="96" state="moving" tsMs="1789320733915"/>
        <radio op="vodafone IT" rat="LTE" q="47.60" rsrp="-97" sinr="12" rsrq="-7"/>
        <radio op="I TIM" rat="LTE" q="55.50" rsrp="-88" sinr="10" rsrq="-12"/>
      </extensions>
    </trkpt>
    <trkpt lat="45.6208342" lon="10.5668162">
      <ele>113.0</ele>
      <time>2026-09-13T19:32:26.043+02:00</time>
      <extensions>
        <activity type="IN_VEHICLE" conf="96" state="moving" tsMs="1789320744572"/>
        <radio op="vodafone IT" rat="LTE" q="64.00" rsrp="-93" sinr="15" rsrq="-9"/>
        <radio op="I TIM" rat="LTE" q="45.50" rsrp="-90" sinr="8" rsrq="-13"/>
      </extensions>
    </trkpt>
    <trkpt lat="45.6206678" lon="10.5665825">
      <ele>113.0</ele>
      <time>2026-09-13T19:32:37.044+02:00</time>
      <extensions>
        <activity type="IN_VEHICLE" conf="96" state="moving" tsMs="1789320755221"/>
        <radio op="vodafone IT" rat="LTE" q="42.90" rsrp="-92" sinr="8" rsrq="-8"/>
        <radio op="I TIM" rat="LTE" q="46.20" rsrp="-92" sinr="9" rsrq="-13"/>
      </extensions>
    </trkpt>
    <trkpt lat="45.6205915" lon="10.5664849">
      <ele>113.0</ele>
      <time>2026-09-13T19:32:47.043+02:00</time>
      <extensions>
        <activity type="IN_VEHICLE" conf="96" state="moving" tsMs="1789320765873"/>
        <radio op="vodafone IT" rat="LTE" q="95.00" rsrp="-87" sinr="22" rsrq="-6"/>
        <radio op="I TIM" rat="LTE" q="39.60" rsrp="-92" sinr="7" rsrq="-13"/>
      </extensions>
    </trkpt>
    <trkpt lat="45.6202701" lon="10.566003">
      <ele>112.0</ele>
      <time>2026-09-13T19:32:57.043+02:00</time>
      <extensions>
        <activity type="IN_VEHICLE" conf="96" state="moving" tsMs="1789320776511"/>
        <radio op="vodafone IT" rat="LTE" q="88.00" rsrp="-85" sinr="17" rsrq="-6"/>
        <radio op="I TIM" rat="LTE" q="64.80" rsrp="-89" sinr="13" rsrq="-13"/>
      </extensions>
    </trkpt>
    <trkpt lat="45.6200365" lon="10.5656616">
      <ele>112.0</ele>
      <time>2026-09-13T19:33:07.044+02:00</time>
      <extensions>
        <activity type="IN_VEHICLE" conf="96" state="moving" tsMs="1789320787153"/>
        <radio op="vodafone IT" rat="LTE" q="76.00" rsrp="-87" sinr="15" rsrq="-6"/>
        <radio op="I TIM" rat="LTE" q="55.50" rsrp="-88" sinr="10" rsrq="-13"/>
      </extensions>
    </trkpt>
    <trkpt lat="45.6198491" lon="10.5653952">
      <ele>114.0</ele>
      <time>2026-09-13T19:33:17.043+02:00</time>
      <extensions>
        <activity type="IN_VEHICLE" conf="96" state="moving" tsMs="1789320797825"/>
        <radio op="vodafone IT" rat="LTE" q="71.30" rsrp="-94" sinr="18" rsrq="-7"/>
        <radio op="I TIM" rat="LTE" q="31.90" rsrp="-96" sinr="6" rsrq="-13"/>
      </extensions>
    </trkpt>
    <trkpt lat="45.619761" lon="10.5652501">
      <ele>115.0</ele>
      <time>2026-09-13T19:33:27.044+02:00</time>
      <extensions>
        <activity type="IN_VEHICLE" conf="96" state="moving" tsMs="1789320803121"/>
        <radio op="vodafone IT" rat="LTE" q="71.40" rsrp="-91" sinr="16" rsrq="-9"/>
        <radio op="I TIM" rat="LTE" rsrp="-95" rsrq="-14"/>
      </extensions>
    </trkpt>
    <trkpt lat="45.6196479" lon="10.5651068">
      <ele>117.0</ele>
      <time>2026-09-13T19:33:37.044+02:00</time>
      <extensions>
        <activity type="IN_VEHICLE" conf="96" state="moving" tsMs="1789320813796"/>
        <radio op="vodafone IT" rat="LTE" q="62.90" rsrp="-88" sinr="12" rsrq="-6"/>
        <radio op="I TIM" rat="LTE" q="19.20" rsrp="-93" sinr="1" rsrq="-14"/>
      </extensions>
    </trkpt>
    <trkpt lat="45.6195125" lon="10.5648957">
      <ele>117.0</ele>
      <time>2026-09-13T19:33:47.044+02:00</time>
      <extensions>
        <activity type="IN_VEHICLE" conf="96" state="moving" tsMs="1789320824434"/>
        <radio op="vodafone IT" rat="LTE" q="100.00" rsrp="-85" sinr="21" rsrq="-5"/>
        <radio op="I TIM" rat="LTE" rsrp="-95" rsrq="-16"/>
      </extensions>
    </trkpt>
    <trkpt lat="45.6193911" lon="10.5646167">
      <ele>117.0</ele>
      <time>2026-09-13T19:33:57.043+02:00</time>
      <extensions>
        <activity type="IN_VEHICLE" conf="96" state="moving" tsMs="1789320835103"/>
        <radio op="vodafone IT" rat="LTE" q="55.80" rsrp="-94" sinr="13" rsrq="-9"/>
        <radio op="I TIM" rat="LTE" q="24.80" rsrp="-94" sinr="3" rsrq="-14"/>
      </extensions>
    </trkpt>
    <trkpt lat="45.619247" lon="10.5641685">
      <ele>115.0</ele>
      <time>2026-09-13T19:34:08.044+02:00</time>
      <extensions>
        <activity type="IN_VEHICLE" conf="96" state="moving" tsMs="1789320845774"/>
        <radio op="vodafone IT" rat="LTE" q="27.00" rsrp="-98" sinr="5" rsrq="-11"/>
        <radio op="I TIM" rat="LTE" q="34.20" rsrp="-87" sinr="4" rsrq="-12"/>
      </extensions>
    </trkpt>
    <trkpt lat="45.6191145" lon="10.5636981">
      <ele>114.0</ele>
      <time>2026-09-13T19:34:18.044+02:00</time>
      <extensions>
        <activity type="IN_VEHICLE" conf="96" state="moving" tsMs="1789320856390"/>
        <radio op="vodafone IT" rat="LTE" q="41.60" rsrp="-99" sinr="11" rsrq="-11"/>
        <radio op="I TIM" rat="LTE" q="52.70" rsrp="-94" sinr="12" rsrq="-13"/>
      </extensions>
    </trkpt>
    <trkpt lat="45.6189842" lon="10.5632388">
      <ele>113.0</ele>
      <time>2026-09-13T19:34:28.043+02:00</time>
      <extensions>
        <activity type="IN_VEHICLE" conf="96" state="moving" tsMs="1789320867066"/>
        <radio op="vodafone IT" rat="LTE" q="52.20" rsrp="-96" sinr="13" rsrq="-10"/>
        <radio op="I TIM" rat="LTE" q="57.60" rsrp="-89" sinr="11" rsrq="-13"/>
      </extensions>
    </trkpt>
    <trkpt lat="45.6188616" lon="10.5627684">
      <ele>112.0</ele>
      <time>2026-09-13T19:34:38.044+02:00</time>
      <extensions>
        <activity type="IN_VEHICLE" conf="96" state="moving" tsMs="1789320877734"/>
        <radio op="vodafone IT" rat="LTE" q="45.90" rsrp="-98" sinr="12" rsrq="-9"/>
        <radio op="I TIM" rat="LTE" q="59.50" rsrp="-90" sinr="12" rsrq="-12"/>
      </extensions>
    </trkpt>
    <trkpt lat="45.6187701" lon="10.5623156">
      <ele>113.0</ele>
      <time>2026-09-13T19:34:48.044+02:00</time>
      <extensions>
        <activity type="IN_VEHICLE" conf="96" state="moving" tsMs="1789320888368"/>
        <radio op="vodafone IT" rat="LTE" q="57.60" rsrp="-93" sinr="13" rsrq="-8"/>
        <radio op="I TIM" rat="LTE" q="87.50" rsrp="-90" sinr="21" rsrq="-12"/>
      </extensions>
    </trkpt>
    <trkpt lat="45.6186692" lon="10.5618643">
      <ele>115.0</ele>
      <time>2026-09-13T19:34:58.044+02:00</time>
      <extensions>
        <activity type="IN_VEHICLE" conf="95" state="moving" tsMs="1789320893670"/>
        <radio op="vodafone IT" rat="LTE" q="74.80" rsrp="-91" sinr="17" rsrq="-5"/>
        <radio op="I TIM" rat="LTE" q="79.80" rsrp="-87" sinr="16" rsrq="-12"/>
      </extensions>
    </trkpt>
    <trkpt lat="45.6185723" lon="10.5614475">
      <ele>118.0</ele>
      <time>2026-09-13T19:35:08.044+02:00</time>
      <extensions>
        <activity type="IN_VEHICLE" conf="97" state="moving" tsMs="1789320904314"/>
        <radio op="vodafone IT" rat="LTE" q="80.00" rsrp="-93" sinr="20" rsrq="-8"/>
        <radio op="I TIM" rat="LTE" q="95.00" rsrp="-87" sinr="22" rsrq="-12"/>
      </extensions>
    </trkpt>
    <trkpt lat="45.6184666" lon="10.5608626">
      <ele>120.0</ele>
      <time>2026-09-13T19:35:18.044+02:00</time>
      <extensions>
        <activity type="IN_VEHICLE" conf="96" state="moving" tsMs="1789320914965"/>
        <radio op="vodafone IT" rat="LTE" q="82.50" rsrp="-92" sinr="22" rsrq="-7"/>
        <radio op="I TIM" rat="LTE" q="92.50" rsrp="-88" sinr="22" rsrq="-12"/>
      </extensions>
    </trkpt>
    <trkpt lat="45.6183601" lon="10.560336">
      <ele>121.0</ele>
      <time>2026-09-13T19:35:28.044+02:00</time>
      <extensions>
        <activity type="IN_VEHICLE" conf="92" state="moving" tsMs="1789320925614"/>
        <radio op="vodafone IT" rat="LTE" q="60.00" rsrp="-95" sinr="15" rsrq="-10"/>
        <radio op="I TIM" rat="LTE" q="87.50" rsrp="-90" sinr="20" rsrq="-12"/>
      </extensions>
    </trkpt>
    <trkpt lat="45.6182513" lon="10.5597063">
      <ele>120.0</ele>
      <time>2026-09-13T19:35:39.043+02:00</time>
      <extensions>
        <activity type="IN_VEHICLE" conf="95" state="moving" tsMs="1789320936257"/>
        <radio op="vodafone IT" rat="LTE" q="75.90" rsrp="-92" sinr="18" rsrq="-10"/>
        <radio op="I TIM" rat="LTE" q="70.30" rsrp="-88" sinr="14" rsrq="-13"/>
      </extensions>
    </trkpt>
    <trkpt lat="45.6181872" lon="10.5593877">
      <ele>120.0</ele>
      <time>2026-09-13T19:35:49.043+02:00</time>
      <extensions>
        <activity type="IN_VEHICLE" conf="96" state="moving" tsMs="1789320946891"/>
        <radio op="vodafone IT" rat="LTE" q="87.50" rsrp="-90" sinr="23" rsrq="-8"/>
        <radio op="I TIM" rat="LTE" q="97.50" rsrp="-86" sinr="23" rsrq="-13"/>
      </extensions>
    </trkpt>
    <trkpt lat="45.6181247" lon="10.5590691">
      <ele>119.0</ele>
      <time>2026-09-13T19:35:59.043+02:00</time>
      <extensions>
        <activity type="IN_VEHICLE" conf="96" state="moving" tsMs="1789320957542"/>
        <radio op="vodafone IT" rat="LTE" q="87.50" rsrp="-90" sinr="23" rsrq="-9"/>
        <radio op="I TIM" rat="LTE" q="100.00" rsrp="-82" sinr="22" rsrq="-12"/>
      </extensions>
    </trkpt>
    <trkpt lat="45.6180697" lon="10.5587672">
      <ele>120.0</ele>
      <time>2026-09-13T19:36:09.044+02:00</time>
      <extensions>
        <activity type="IN_VEHICLE" conf="96" state="moving" tsMs="1789320968212"/>
        <radio op="vodafone IT" rat="LTE" q="100.00" rsrp="-71" sinr="25" rsrq="-5"/>
        <radio op="I TIM" rat="LTE" q="100.00" rsrp="-72" sinr="27" rsrq="-11"/>
      </extensions>
    </trkpt>
    <trkpt lat="45.6179583" lon="10.5582909">
      <ele>120.0</ele>
      <time>2026-09-13T19:36:19.043+02:00</time>
      <extensions>
        <activity type="IN_VEHICLE" conf="96" state="moving" tsMs="1789320978897"/>
        <radio op="vodafone IT" rat="LTE" q="80.00" rsrp="-83" sinr="15" rsrq="-7"/>
        <radio op="I TIM" rat="LTE" q="84.00" rsrp="-80" sinr="16" rsrq="-12"/>
      </extensions>
    </trkpt>
    <trkpt lat="45.617709" lon="10.5578007">
      <ele>120.0</ele>
      <time>2026-09-13T19:36:29.044+02:00</time>
      <extensions>
        <activity type="IN_VEHICLE" conf="96" state="moving" tsMs="1789320989551"/>
        <radio op="vodafone IT" rat="LTE" q="76.80" rsrp="-93" sinr="19" rsrq="-6"/>
        <radio op="I TIM" rat="LTE" q="87.50" rsrp="-90" sinr="21" rsrq="-12"/>
      </extensions>
    </trkpt>
    <trkpt lat="45.6173845" lon="10.5572028">
      <ele>118.0</ele>
      <time>2026-09-13T19:36:39.043+02:00</time>
      <extensions>
        <activity type="IN_VEHICLE" conf="96" state="moving" tsMs="1789320994877"/>
        <radio op="vodafone IT" rat="LTE" q="100.00" rsrp="-85" sinr="22" rsrq="-4"/>
        <radio op="I TIM" rat="LTE" q="97.50" rsrp="-86" sinr="20" rsrq="-12"/>
      </extensions>
    </trkpt>
    <trkpt lat="45.6172431" lon="10.5569703">
      <ele>119.0</ele>
      <time>2026-09-13T19:36:49.044+02:00</time>
      <extensions>
        <activity type="IN_VEHICLE" conf="96" state="moving" tsMs="1789321005519"/>
        <radio op="vodafone IT" rat="LTE" q="96.00" rsrp="-85" sinr="19" rsrq="-6"/>
        <radio op="I TIM" rat="LTE" q="100.00" rsrp="-84" sinr="23" rsrq="-12"/>
      </extensions>
    </trkpt>
    <trkpt lat="45.6172429" lon="10.5569695">
      <ele>119.0</ele>
      <time>2026-09-13T19:36:59.044+02:00</time>
      <extensions>
        <activity type="IN_VEHICLE" conf="96" state="moving" tsMs="1789321016170"/>
        <radio op="vodafone IT" rat="LTE" q="97.50" rsrp="-86" sinr="24" rsrq="-5"/>
        <radio op="I TIM" rat="LTE" q="100.00" rsrp="-84" sinr="23" rsrq="-12"/>
      </extensions>
    </trkpt>
    <trkpt lat="45.617241" lon="10.5569668">
      <ele>120.0</ele>
      <time>2026-09-13T19:37:10.044+02:00</time>
      <extensions>
        <activity type="IN_VEHICLE" conf="96" state="moving" tsMs="1789321026850"/>
        <radio op="vodafone IT" rat="LTE" q="77.70" rsrp="-88" sinr="16" rsrq="-10"/>
        <radio op="I TIM" rat="LTE" q="100.00" rsrp="-84" sinr="23" rsrq="-12"/>
      </extensions>
    </trkpt>
    <trkpt lat="45.6172404" lon="10.5569665">
      <ele>120.0</ele>
      <time>2026-09-13T19:37:20.044+02:00</time>
      <extensions>
        <activity type="IN_VEHICLE" conf="96" state="moving" tsMs="1789321037508"/>
        <radio op="vodafone IT" rat="LTE" q="92.50" rsrp="-88" sinr="23" rsrq="-7"/>
        <radio op="I TIM" rat="LTE" q="100.00" rsrp="-84" sinr="24" rsrq="-12"/>
      </extensions>
    </trkpt>
    <trkpt lat="45.6172362" lon="10.5569582">
      <ele>120.0</ele>
      <time>2026-09-13T19:37:30.043+02:00</time>
      <extensions>
        <activity type="IN_VEHICLE" conf="96" state="moving" tsMs="1789321048179"/>
        <radio op="vodafone IT" rat="LTE" q="88.80" rsrp="-88" sinr="19" rsrq="-6"/>
        <radio op="I TIM" rat="LTE" q="100.00" rsrp="-83" sinr="23" rsrq="-11"/>
      </extensions>
    </trkpt>
    <trkpt lat="45.6169265" lon="10.5563261">
      <ele>120.0</ele>
      <time>2026-09-13T19:37:40.043+02:00</time>
      <extensions>
        <activity type="IN_VEHICLE" conf="96" state="moving" tsMs="1789321058819"/>
        <radio op="vodafone IT" rat="LTE" q="100.00" rsrp="-77" sinr="21" rsrq="-7"/>
        <radio op="I TIM" rat="LTE" q="100.00" rsrp="-81" sinr="23" rsrq="-12"/>
      </extensions>
    </trkpt>
    <trkpt lat="45.6164033" lon="10.5553509">
      <ele>121.0</ele>
      <time>2026-09-13T19:37:50.044+02:00</time>
      <extensions>
        <activity type="IN_VEHICLE" conf="96" state="moving" tsMs="1789321069509"/>
        <radio op="vodafone IT" rat="LTE" q="100.00" rsrp="-79" sinr="22" rsrq="-7"/>
        <radio op="I TIM" rat="LTE" q="100.00" rsrp="-75" sinr="21" rsrq="-12"/>
      </extensions>
    </trkpt>
    <trkpt lat="45.6160107" lon="10.5545223">
      <ele>121.0</ele>
      <time>2026-09-13T19:38:00.044+02:00</time>
      <extensions>
        <activity type="IN_VEHICLE" conf="96" state="moving" tsMs="1789321080182"/>
        <radio op="vodafone IT" rat="LTE" q="87.50" rsrp="-90" sinr="20" rsrq="-11"/>
        <radio op="I TIM" rat="LTE" q="79.80" rsrp="-87" sinr="16" rsrq="-12"/>
      </extensions>
    </trkpt>
    <trkpt lat="45.6157183" lon="10.553903">
      <ele>121.0</ele>
      <time>2026-09-13T19:38:10.044+02:00</time>
      <extensions>
        <activity type="IN_VEHICLE" conf="96" state="moving" tsMs="1789321090809"/>
        <radio op="vodafone IT" rat="LTE" q="51.30" rsrp="-98" sinr="14" rsrq="-9"/>
        <radio op="I TIM" rat="LTE" q="51.00" rsrp="-91" sinr="10" rsrq="-13"/>
      </extensions>
    </trkpt>
    <trkpt lat="45.6155106" lon="10.5534455">
      <ele>122.0</ele>
      <time>2026-09-13T19:38:20.043+02:00</time>
      <extensions>
        <activity type="IN_VEHICLE" conf="96" state="moving" tsMs="1789321096118"/>
        <radio op="vodafone IT" rat="LTE" q="62.00" rsrp="-94" sinr="15" rsrq="-8"/>
        <radio op="I TIM" rat="LTE" q="46.20" rsrp="-92" sinr="9" rsrq="-12"/>
      </extensions>
    </trkpt>
    <trkpt lat="45.615193" lon="10.552686">
      <ele>121.0</ele>
      <time>2026-09-13T19:38:30.044+02:00</time>
      <extensions>
        <activity type="IN_VEHICLE" conf="96" state="moving" tsMs="1789321106773"/>
        <radio op="vodafone IT" rat="LTE" q="36.00" rsrp="-101" sinr="10" rsrq="-8"/>
        <radio op="I TIM" rat="LTE" q="37.70" rsrp="-96" sinr="8" rsrq="-13"/>
      </extensions>
    </trkpt>
    <trkpt lat="45.6147521" lon="10.5515775">
      <ele>120.0</ele>
      <time>2026-09-13T19:38:40.043+02:00</time>
      <extensions>
        <activity type="IN_VEHICLE" conf="96" state="moving" tsMs="1789321117433"/>
        <radio op="vodafone IT" rat="LTE" rsrp="-105" rsrq="-10"/>
        <radio op="I TIM" rat="LTE" rsrp="-103" rsrq="-15"/>
      </extensions>
    </trkpt>
    <trkpt lat="45.614358" lon="10.5503672">
      <ele>120.0</ele>
      <time>2026-09-13T19:38:51.043+02:00</time>
      <extensions>
        <activity type="IN_VEHICLE" conf="98" state="moving" tsMs="1789321128088"/>
        <radio op="vodafone IT" rat="LTE" rsrp="-107" rsrq="-14"/>
        <radio op="I TIM" rat="LTE" rsrp="-102" rsrq="-16"/>
      </extensions>
    </trkpt>
    <trkpt lat="45.614125" lon="10.54914">
      <ele>119.0</ele>
      <time>2026-09-13T19:39:01.044+02:00</time>
      <extensions>
        <activity type="IN_VEHICLE" conf="98" state="moving" tsMs="1789321138779"/>
        <radio op="vodafone IT" rat="LTE" q="22.40" rsrp="-97" sinr="3" rsrq="-13"/>
        <radio op="I TIM" rat="LTE" rsrp="-97" rsrq="-14"/>
      </extensions>
    </trkpt>
    <trkpt lat="45.6138876" lon="10.5478486">
      <ele>117.0</ele>
      <time>2026-09-13T19:39:11.044+02:00</time>
      <extensions>
        <activity type="IN_VEHICLE" conf="99" state="moving" tsMs="1789321149433"/>
        <radio op="vodafone IT" rat="LTE" q="20.70" rsrp="-102" sinr="4" rsrq="-12"/>
        <radio op="I TIM" rat="LTE" q="21.60" rsrp="-98" sinr="3" rsrq="-11"/>
      </extensions>
    </trkpt>
    <trkpt lat="45.6136019" lon="10.5463916">
      <ele>115.0</ele>
      <time>2026-09-13T19:39:21.043+02:00</time>
      <extensions>
        <activity type="IN_VEHICLE" conf="96" state="moving" tsMs="1789321160094"/>
        <radio op="vodafone IT" rat="LTE" q="21.60" rsrp="-107" sinr="7" rsrq="-11"/>
        <radio op="I TIM" rat="LTE" q="20.80" rsrp="-99" sinr="3" rsrq="-11"/>
      </extensions>
    </trkpt>
    <trkpt lat="45.6131537" lon="10.5447276">
      <ele>117.0</ele>
      <time>2026-09-13T19:39:31.044+02:00</time>
      <extensions>
        <activity type="IN_VEHICLE" conf="96" state="moving" tsMs="1789321170777"/>
        <radio op="vodafone IT" rat="LTE" rsrp="-103" rsrq="-11"/>
        <radio op="I TIM" rat="LTE" q="21.60" rsrp="-101" sinr="4" rsrq="-10"/>
      </extensions>
    </trkpt>
    <trkpt lat="45.6126748" lon="10.5429608">
      <ele>119.0</ele>
      <time>2026-09-13T19:39:41.043+02:00</time>
      <extensions>
        <activity type="IN_VEHICLE" conf="96" state="moving" tsMs="1789321181441"/>
        <radio op="vodafone IT" rat="LTE" rsrp="-105" rsrq="-14"/>
        <radio op="I TIM" rat="LTE" rsrp="-100" rsrq="-12"/>
      </extensions>
    </trkpt>
    <trkpt lat="45.6121516" lon="10.5412492">
      <ele>123.0</ele>
      <time>2026-09-13T19:39:51.043+02:00</time>
      <extensions>
        <activity type="IN_VEHICLE" conf="96" state="moving" tsMs="1789321192098"/>
        <radio op="vodafone IT" rat="LTE" q="16.10" rsrp="-102" sinr="2" rsrq="-7"/>
        <radio op="I TIM" rat="LTE" q="24.00" rsrp="-95" sinr="3" rsrq="-12"/>
      </extensions>
    </trkpt>
    <trkpt lat="45.6115478" lon="10.5395889">
      <ele>129.0</ele>
      <time>2026-09-13T19:40:01.043+02:00</time>
      <extensions>
        <activity type="IN_VEHICLE" conf="96" state="moving" tsMs="1789321197421"/>
        <radio op="vodafone IT" rat="LTE" rsrp="-99" rsrq="-7"/>
        <radio op="I TIM" rat="LTE" q="46.80" rsrp="-89" sinr="8" rsrq="-11"/>
      </extensions>
    </trkpt>
    <trkpt lat="45.6111231" lon="10.5384818">
      <ele>133.0</ele>
      <time>2026-09-13T19:40:12.044+02:00</time>
      <extensions>
        <activity type="IN_VEHICLE" conf="96" state="moving" tsMs="1789321208082"/>
        <radio op="vodafone IT" rat="LTE" q="37.70" rsrp="-96" sinr="8" rsrq="-6"/>
        <radio op="I TIM" rat="LTE" q="49.00" rsrp="-90" sinr="9" rsrq="-12"/>
      </extensions>
    </trkpt>
    <trkpt lat="45.6107785" lon="10.5371193">
      <ele>140.0</ele>
      <time>2026-09-13T19:40:22.044+02:00</time>
      <extensions>
        <activity type="IN_VEHICLE" conf="96" state="moving" tsMs="1789321218751"/>
        <radio op="vodafone IT" rat="LTE" q="87.50" rsrp="-90" sinr="20" rsrq="-8"/>
        <radio op="I TIM" rat="LTE" q="84.00" rsrp="-84" sinr="16" rsrq="-9"/>
      </extensions>
    </trkpt>
    <trkpt lat="45.6104818" lon="10.5357758">
      <ele>144.0</ele>
      <time>2026-09-13T19:40:32.043+02:00</time>
      <extensions>
        <activity type="IN_VEHICLE" conf="96" state="moving" tsMs="1789321229424"/>
        <radio op="vodafone IT" rat="LTE" q="33.60" rsrp="-97" sinr="7" rsrq="-9"/>
        <radio op="I TIM" rat="LTE" q="20.30" rsrp="-96" sinr="2" rsrq="-11"/>
      </extensions>
    </trkpt>
    <trkpt lat="45.609862" lon="10.5344351">
      <ele>149.0</ele>
      <time>2026-09-13T19:40:42.043+02:00</time>
      <extensions>
        <activity type="IN_VEHICLE" conf="96" state="moving" tsMs="1789321240085"/>
        <radio op="vodafone IT" rat="LTE" q="43.40" rsrp="-94" sinr="9" rsrq="-9"/>
        <radio op="I TIM" rat="LTE" q="36.00" rsrp="-89" sinr="5" rsrq="-11"/>
      </extensions>
    </trkpt>
    <trkpt lat="45.6095084" lon="10.5330139">
      <ele>153.0</ele>
      <time>2026-09-13T19:40:52.044+02:00</time>
      <extensions>
        <activity type="IN_VEHICLE" conf="96" state="moving" tsMs="1789321250715"/>
        <radio op="vodafone IT" rat="LTE" q="28.60" rsrp="-103" sinr="8" rsrq="-10"/>
        <radio op="I TIM" rat="LTE" rsrp="-94" rsrq="-12"/>
      </extensions>
    </trkpt>
    <trkpt lat="45.6097955" lon="10.5315793">
      <ele>156.0</ele>
      <time>2026-09-13T19:41:02.044+02:00</time>
      <extensions>
        <activity type="IN_VEHICLE" conf="98" state="moving" tsMs="1789321261439"/>
        <radio op="vodafone IT" rat="LTE" q="16.80" rsrp="-101" sinr="2" rsrq="-13"/>
        <radio op="I TIM" rat="LTE" rsrp="-98" rsrq="-14"/>
      </extensions>
    </trkpt>
    <trkpt lat="45.6092121" lon="10.5302412">
      <ele>159.0</ele>
      <time>2026-09-13T19:41:12.043+02:00</time>
      <extensions>
        <activity type="IN_VEHICLE" conf="96" state="moving" tsMs="1789321272081"/>
        <radio op="vodafone IT" rat="LTE" q="26.40" rsrp="-101" sinr="6" rsrq="-11"/>
        <radio op="I TIM" rat="LTE" rsrp="-100" rsrq="-19"/>
      </extensions>
    </trkpt>
    <trkpt lat="45.608797" lon="10.5285583">
      <ele>162.0</ele>
      <time>2026-09-13T19:41:22.043+02:00</time>
      <extensions>
        <activity type="IN_VEHICLE" conf="96" state="moving" tsMs="1789321272081"/>
        <radio op="vodafone IT" rat="LTE" q="22.50" rsrp="-100" sinr="4" rsrq="-12"/>
        <radio op="I TIM" rat="LTE" q="27.90" rsrp="-94" sinr="4" rsrq="-14"/>
      </extensions>
    </trkpt>
    <trkpt lat="45.6086322" lon="10.5266265">
      <ele>166.0</ele>
      <time>2026-09-13T19:41:32.043+02:00</time>
      <extensions>
        <activity type="IN_VEHICLE" conf="96" state="moving" tsMs="1789321291734"/>
        <radio op="vodafone IT" rat="LTE" rsrp="-108" rsrq="-17"/>
        <radio op="I TIM" rat="LTE" rsrp="-98" rsrq="-17"/>
      </extensions>
    </trkpt>
    <trkpt lat="45.6086966" lon="10.5245533">
      <ele>166.0</ele>
      <time>2026-09-13T19:41:43.044+02:00</time>
      <extensions>
        <activity type="IN_VEHICLE" conf="96" state="moving" tsMs="1789321302390"/>
        <radio op="vodafone IT" rat="LTE" q="15.60" rsrp="-99" sinr="1" rsrq="-12"/>
        <radio op="I TIM" rat="LTE" q="68.40" rsrp="-89" sinr="14" rsrq="-12"/>
      </extensions>
    </trkpt>
    <trkpt lat="45.6085835" lon="10.5227324">
      <ele>165.0</ele>
      <time>2026-09-13T19:41:53.044+02:00</time>
      <extensions>
        <activity type="IN_VEHICLE" conf="96" state="moving" tsMs="1789321313038"/>
        <radio op="vodafone IT" rat="LTE" rsrp="-105" rsrq="-16"/>
        <radio op="I TIM" rat="LTE" q="34.20" rsrp="-87" sinr="4" rsrq="-13"/>
      </extensions>
    </trkpt>
    <trkpt lat="45.6089227" lon="10.5212799">
      <ele>164.0</ele>
      <time>2026-09-13T19:42:03.043+02:00</time>
      <extensions>
        <activity type="IN_VEHICLE" conf="96" state="moving" tsMs="1789321318365"/>
        <radio op="vodafone IT" rat="LTE" q="22.40" rsrp="-93" sinr="2" rsrq="-12"/>
        <radio op="I TIM" rat="LTE" q="56.00" rsrp="-84" sinr="9" rsrq="-12"/>
      </extensions>
    </trkpt>
    <trkpt lat="45.6097471" lon="10.5199957">
      <ele>164.0</ele>
      <time>2026-09-13T19:42:13.043+02:00</time>
      <extensions>
        <activity type="IN_VEHICLE" conf="96" state="moving" tsMs="1789321329039"/>
        <radio op="vodafone IT" rat="LTE" q="34.20" rsrp="-87" sinr="4" rsrq="-11"/>
        <radio op="I TIM" rat="LTE" q="56.00" rsrp="-84" sinr="9" rsrq="-12"/>
      </extensions>
    </trkpt>
    <trkpt lat="45.6102787" lon="10.5185976">
      <ele>163.0</ele>
      <time>2026-09-13T19:42:23.044+02:00</time>
      <extensions>
        <activity type="IN_VEHICLE" conf="98" state="moving" tsMs="1789321339704"/>
        <radio op="vodafone IT" rat="LTE" rsrp="-93" rsrq="-12"/>
        <radio op="I TIM" rat="LTE" q="17.40" rsrp="-96" sinr="1" rsrq="-14"/>
      </extensions>
    </trkpt>
    <trkpt lat="45.61063" lon="10.5170471">
      <ele>163.0</ele>
      <time>2026-09-13T19:42:33.043+02:00</time>
      <extensions>
        <activity type="IN_VEHICLE" conf="99" state="moving" tsMs="1789321350357"/>
        <radio op="vodafone IT" rat="LTE" rsrp="-105" rsrq="-16"/>
        <radio op="I TIM" rat="LTE" rsrp="-97" rsrq="-15"/>
      </extensions>
    </trkpt>
    <trkpt lat="45.6109747" lon="10.5154414">
      <ele>162.0</ele>
      <time>2026-09-13T19:42:43.044+02:00</time>
      <extensions>
        <activity type="IN_VEHICLE" conf="96" state="moving" tsMs="1789321361050"/>
        <radio op="vodafone IT" rat="LTE" q="16.10" rsrp="-102" sinr="2" rsrq="-13"/>
        <radio op="I TIM" rat="LTE" rsrp="-101" rsrq="-19"/>
      </extensions>
    </trkpt>
    <trkpt lat="45.6113319" lon="10.513828">
      <ele>164.0</ele>
      <time>2026-09-13T19:42:53.044+02:00</time>
      <extensions>
        <activity type="IN_VEHICLE" conf="95" state="moving" tsMs="1789321371701"/>
        <radio op="vodafone IT" rat="LTE" q="13.50" rsrp="-98" sinr="0" rsrq="-14"/>
        <radio op="I TIM" rat="LTE" rsrp="-97" rsrq="-15"/>
      </extensions>
    </trkpt>
    <trkpt lat="45.6116377" lon="10.5124556">
      <ele>164.0</ele>
      <time>2026-09-13T19:43:03.042+02:00</time>
      <extensions>
        <activity type="IN_VEHICLE" conf="96" state="moving" tsMs="1789321382370"/>
        <radio op="vodafone IT" rat="LTE" q="27.30" rsrp="-104" sinr="8" rsrq="-13"/>
        <radio op="I TIM" rat="LTE" rsrp="-102" rsrq="-18"/>
      </extensions>
    </trkpt>
    <trkpt lat="45.6118902" lon="10.5111554">
      <ele>164.0</ele>
      <time>2026-09-13T19:43:14.042+02:00</time>
      <extensions>
        <activity type="IN_VEHICLE" conf="95" state="moving" tsMs="1789321393058"/>
        <radio op="vodafone IT" rat="LTE" q="15.40" rsrp="-103" sinr="2" rsrq="-11"/>
        <radio op="I TIM" rat="LTE" rsrp="-101" rsrq="-18"/>
      </extensions>
    </trkpt>
    <trkpt lat="45.6120464" lon="10.5101693">
      <ele>165.0</ele>
      <time>2026-09-13T19:43:24.043+02:00</time>
      <extensions>
        <activity type="IN_VEHICLE" conf="96" state="moving" tsMs="1789321403694"/>
        <radio op="vodafone IT" rat="LTE" q="38.40" rsrp="-93" sinr="7" rsrq="-12"/>
        <radio op="I TIM" rat="LTE" rsrp="-92" rsrq="-15"/>
      </extensions>
    </trkpt>
    <trkpt lat="45.6116" lon="10.5090695">
      <ele>164.07670103398289</ele>
      <time>2026-09-13T19:43:34.042+02:00</time>
      <extensions>
        <activity type="IN_VEHICLE" conf="96" state="moving" tsMs="1789321414335"/>
        <radio op="vodafone IT" rat="LTE" q="46.50" rsrp="-94" sinr="10" rsrq="-9"/>
        <radio op="I TIM" rat="LTE" q="26.40" rsrp="-92" sinr="3" rsrq="-13"/>
      </extensions>
    </trkpt>
    <trkpt lat="45.6115458" lon="10.5089336">
      <ele>164.23719053179627</ele>
      <time>2026-09-13T19:43:35.042+02:00</time>
      <extensions>
        <activity type="IN_VEHICLE" conf="95" state="moving" tsMs="1789321423577"/>
        <radio op="vodafone IT" rat="LTE" q="54.40" rsrp="-93" sinr="12" rsrq="-12"/>
        <radio op="I TIM" rat="LTE" q="23.10" rsrp="-92" sinr="2" rsrq="-15"/>
      </extensions>
    </trkpt>
    <trkpt lat="45.6107996" lon="10.5042492">
      <ele>178.71119940805897</ele>
      <time>2026-09-13T19:44:15.351+02:00</time>
      <extensions>
        <activity type="IN_VEHICLE" conf="97" state="moving" tsMs="1789321454901"/>
        <radio op="vodafone IT" rat="LTE" q="92.00" rsrp="-85" sinr="18" rsrq="-8"/>
        <radio op="I TIM" rat="LTE" q="64.80" rsrp="-89" sinr="13" rsrq="-13"/>
      </extensions>
    </trkpt>
    <trkpt lat="45.6098911" lon="10.4993834">
      <ele>196.60193265167186</ele>
      <time>2026-09-13T19:44:46.789+02:00</time>
      <extensions>
        <activity type="IN_VEHICLE" conf="97" state="moving" tsMs="1789321483426"/>
        <radio op="vodafone IT" rat="LTE" q="60.80" rsrp="-93" sinr="14" rsrq="-7"/>
        <radio op="I TIM" rat="LTE" rsrp="-91" rsrq="-15"/>
      </extensions>
    </trkpt>
    <trkpt lat="45.6097472" lon="10.4983116">
      <ele>191.60950626279157</ele>
      <time>2026-09-13T19:44:53.042+02:00</time>
      <extensions>
        <activity type="IN_VEHICLE" conf="97" state="moving" tsMs="1789321483426"/>
        <radio op="vodafone IT" rat="LTE" rsrp="-108" rsrq="-14"/>
        <radio op="I TIM" rat="LTE" rsrp="-102" rsrq="-16"/>
      </extensions>
    </trkpt>
    <trkpt lat="45.6119135" lon="10.4918408">
      <ele>228.3000030517578</ele>
      <time>2026-09-13T19:45:28.446+02:00</time>
      <extensions>
        <activity type="IN_VEHICLE" conf="97" state="moving" tsMs="1789321525673"/>
        <radio op="vodafone IT" rat="LTE" q="28.60" rsrp="-103" sinr="8" rsrq="-10"/>
        <radio op="I TIM" rat="LTE" q="18.20" rsrp="-99" sinr="2" rsrq="-11"/>
      </extensions>
    </trkpt>
    <trkpt lat="45.6059794" lon="10.4680478">
      <ele>255.06230988790242</ele>
      <time>2026-09-13T19:46:58.138+02:00</time>
      <extensions>
        <activity type="IN_VEHICLE" conf="96" state="moving" tsMs="1789321616474"/>
        <radio op="vodafone IT" rat="LTE" q="60.00" rsrp="-101" sinr="27" rsrq="-6"/>
        <radio op="I TIM" rat="LTE" q="14.40" rsrp="-107" sinr="3" rsrq="-7"/>
      </extensions>
    </trkpt>
    <trkpt lat="45.6051919" lon="10.4668388">
      <ele>271.05294394746113</ele>
      <time>2026-09-13T19:47:49.353+02:00</time>
      <extensions>
        <activity type="IN_VEHICLE" conf="97" state="moving" tsMs="1789321683564"/>
        <radio op="vodafone IT" rat="LTE" q="72.50" rsrp="-96" sinr="20" rsrq="-6"/>
        <radio op="I TIM" rat="LTE" q="61.60" rsrp="-97" sinr="17" rsrq="-9"/>
      </extensions>
    </trkpt>
    <trkpt lat="45.6046474" lon="10.4645908">
      <ele>267.70001220703125</ele>
      <time>2026-09-13T19:48:29.388+02:00</time>
      <extensions>
        <activity type="IN_VEHICLE" conf="97" state="moving" tsMs="1789321705075"/>
        <radio op="vodafone IT" rat="LTE" rsrp="-73" rsrq="-5"/>
        <radio op="I TIM" rat="LTE" q="46.20" rsrp="-92" sinr="9" rsrq="-7"/>
      </extensions>
    </trkpt>
    <trkpt lat="45.6051767" lon="10.4650998">
      <ele>267.70001220703125</ele>
      <time>2026-09-13T19:48:36.042+02:00</time>
      <extensions>
        <activity type="IN_VEHICLE" conf="97" state="moving" tsMs="1789321720095"/>
        <radio op="vodafone IT" rat="LTE" q="100.00" rsrp="-69" sinr="27" rsrq="-7"/>
        <radio op="I TIM" rat="LTE" q="38.50" rsrp="-90" sinr="6" rsrq="-9"/>
      </extensions>
    </trkpt>
    <trkpt lat="45.6041091" lon="10.4601334">
      <ele>264.20001220703125</ele>
      <time>2026-09-13T19:49:11.012+02:00</time>
      <extensions>
        <activity type="IN_VEHICLE" conf="97" state="moving" tsMs="1789321747049"/>
        <radio op="vodafone IT" rat="LTE" q="100.00" rsrp="-79" sinr="25" rsrq="-8"/>
        <radio op="I TIM" rat="LTE" q="11.00" rsrp="-103" sinr="0" rsrq="-15"/>
      </extensions>
    </trkpt>
    <trkpt lat="45.6029155" lon="10.4566854">
      <ele>262.8000183105469</ele>
      <time>2026-09-13T19:49:42.464+02:00</time>
      <extensions>
        <activity type="IN_VEHICLE" conf="97" state="moving" tsMs="1789321777876"/>
        <radio op="vodafone IT" rat="LTE" q="90.00" rsrp="-89" sinr="23" rsrq="-10"/>
        <radio op="I TIM" rat="LTE" rsrp="-102" rsrq="-13"/>
      </extensions>
    </trkpt>
    <trkpt lat="45.6012246" lon="10.4537066">
      <ele>256.47002011268296</ele>
      <time>2026-09-13T19:50:13.839+02:00</time>
      <extensions>
        <activity type="IN_VEHICLE" conf="97" state="moving" tsMs="1789321809266"/>
        <radio op="vodafone IT" rat="LTE" q="17.60" rsrp="-103" sinr="3" rsrq="-11"/>
        <radio op="I TIM" rat="LTE" rsrp="-101" rsrq="-14"/>
      </extensions>
    </trkpt>
    <trkpt lat="45.6029392" lon="10.4535135">
      <ele>261.1000061035156</ele>
      <time>2026-09-13T19:50:52.45+02:00</time>
      <extensions>
        <activity type="IN_VEHICLE" conf="97" state="moving" tsMs="1789321851638"/>
        <radio op="vodafone IT" rat="LTE" q="40.60" rsrp="-96" sinr="9" rsrq="-7"/>
        <radio op="I TIM" rat="LTE" q="52.90" rsrp="-102" sinr="18" rsrq="-12"/>
      </extensions>
    </trkpt>
    <trkpt lat="45.6029798" lon="10.4535884">
      <ele>261.1000061035156</ele>
      <time>2026-09-13T19:50:58.044+02:00</time>
      <extensions>
        <activity type="IN_VEHICLE" conf="97" state="moving" tsMs="1789321851638"/>
        <radio op="vodafone IT" rat="LTE" q="46.40" rsrp="-96" sinr="11" rsrq="-9"/>
        <radio op="I TIM" rat="LTE" q="51.00" rsrp="-95" sinr="12" rsrq="-11"/>
      </extensions>
    </trkpt>
    <trkpt lat="45.6026415" lon="10.4539722">
      <ele>256.08443382239534</ele>
      <time>2026-09-13T19:51:33.87+02:00</time>
      <extensions>
        <activity type="IN_VEHICLE" conf="97" state="moving" tsMs="1789321888919"/>
        <radio op="vodafone IT" rat="LTE" q="11.40" rsrp="-106" sinr="1" rsrq="-8"/>
        <radio op="I TIM" rat="LTE" q="10.80" rsrp="-107" sinr="1" rsrq="-13"/>
      </extensions>
    </trkpt>
    <trkpt lat="45.602603" lon="10.4539389">
      <ele>252.26066698285518</ele>
      <time>2026-09-13T19:52:15.023+02:00</time>
      <extensions>
        <activity type="IN_VEHICLE" conf="97" state="moving" tsMs="1789321932159"/>
        <radio op="vodafone IT" rat="LTE" q="10.20" rsrp="-108" sinr="1" rsrq="-11"/>
        <radio op="I TIM" rat="LTE" q="20.40" rsrp="-108" sinr="7" rsrq="-12"/>
      </extensions>
    </trkpt>
    <trkpt lat="45.6026135" lon="10.4539025">
      <ele>254.37266170011844</ele>
      <time>2026-09-13T19:52:58.023+02:00</time>
      <extensions>
        <activity type="UNKNOWN" conf="40" state="unknown" tsMs="1789321972096"/>
        <radio op="vodafone IT" rat="LTE" q="22.80" rsrp="-106" sinr="7" rsrq="-11"/>
        <radio op="I TIM" rat="LTE" q="12.00" rsrp="-113" sinr="5" rsrq="-14"/>
      </extensions>
    </trkpt>
    <trkpt lat="45.6025572" lon="10.4536919">
      <ele>257.57116036234163</ele>
      <time>2026-09-13T19:53:49.951+02:00</time>
      <extensions>
        <activity type="ON_FOOT" conf="82" state="moving" tsMs="1789322029706"/>
        <radio op="vodafone IT" rat="LTE" q="6.30" rsrp="-116" sinr="2" rsrq="-15"/>
        <radio op="I TIM" rat="LTE" rsrp="-117" rsrq="-15"/>
      </extensions>
    </trkpt>
    <trkpt lat="45.6027155" lon="10.4547609">
      <ele>255.0885871379039</ele>
      <time>2026-09-13T19:54:02.044+02:00</time>
      <extensions>
        <activity type="ON_FOOT" conf="82" state="moving" tsMs="1789322029706"/>
        <radio op="vodafone IT" rat="LTE" q="6.00" rsrp="-113" sinr="0" rsrq="-14"/>
        <radio op="I TIM" rat="LTE" q="8.00" rsrp="-115" sinr="3" rsrq="-15"/>
      </extensions>
    </trkpt>
    <trkpt lat="45.6025154" lon="10.4541594">
      <ele>261.5</ele>
      <time>2026-09-13T19:54:12.043+02:00</time>
      <extensions>
        <activity type="UNKNOWN" conf="40" state="unknown" tsMs="1789322033254"/>
        <radio op="vodafone IT" rat="LTE" q="15.00" rsrp="-110" sinr="5" rsrq="-12"/>
        <radio op="I TIM" rat="LTE" q="0.00" rsrp="-125" sinr="0" rsrq="-14"/>
      </extensions>
    </trkpt>
    <trkpt lat="45.6026712" lon="10.453848">
      <ele>261.5</ele>
      <time>2026-09-13T19:54:22.098+02:00</time>
      <extensions>
        <activity type="UNKNOWN" conf="40" state="unknown" tsMs="1789322052405"/>
        <radio op="vodafone IT" rat="LTE" q="25.20" rsrp="-104" sinr="7" rsrq="-13"/>
        <radio op="I TIM" rat="LTE" q="12.00" rsrp="-113" sinr="5" rsrq="-12"/>
      </extensions>
    </trkpt>
    <trkpt lat="45.6026746" lon="10.453856">
      <ele>256.2819656228876</ele>
      <time>2026-09-13T19:54:32.094+02:00</time>
      <extensions>
        <activity type="UNKNOWN" conf="40" state="unknown" tsMs="1789322052405"/>
        <radio op="vodafone IT" rat="LTE" q="11.40" rsrp="-106" sinr="1" rsrq="-11"/>
        <radio op="I TIM" rat="LTE" q="9.10" rsrp="-112" sinr="2" rsrq="-13"/>
      </extensions>
    </trkpt>
    <trkpt lat="45.6026751" lon="10.453855">
      <ele>259.5489687933478</ele>
      <time>2026-09-13T19:54:42.046+02:00</time>
      <extensions>
        <activity type="STILL" conf="98" state="still" tsMs="1789322078163"/>
        <radio op="vodafone IT" rat="LTE" q="16.20" rsrp="-107" sinr="4" rsrq="-12"/>
        <radio op="I TIM" rat="LTE" q="8.80" rsrp="-114" sinr="3" rsrq="-13"/>
      </extensions>
    </trkpt>
    <trkpt lat="45.6026737" lon="10.453845">
      <ele>261.5</ele>
      <time>2026-09-13T19:54:52.412+02:00</time>
      <extensions>
        <activity type="UNKNOWN" conf="40" state="unknown" tsMs="1789322083649"/>
        <radio op="vodafone IT" rat="LTE" q="11.90" rsrp="-108" sinr="2" rsrq="-12"/>
        <radio op="I TIM" rat="LTE" q="6.60" rsrp="-114" sinr="1" rsrq="-12"/>
      </extensions>
    </trkpt>
    <trkpt lat="45.602674" lon="10.4538541">
      <ele>257.5382757580905</ele>
      <time>2026-09-13T19:55:02.051+02:00</time>
      <extensions>
        <activity type="UNKNOWN" conf="40" state="unknown" tsMs="1789322088702"/>
        <radio op="vodafone IT" rat="LTE" q="15.30" rsrp="-108" sinr="4" rsrq="-12"/>
        <radio op="I TIM" rat="LTE" q="9.00" rsrp="-115" sinr="4" rsrq="-12"/>
      </extensions>
    </trkpt>
    <trkpt lat="45.6026734" lon="10.4538576">
      <ele>259.462582867455</ele>
      <time>2026-09-13T19:55:13.044+02:00</time>
      <extensions>
        <activity type="UNKNOWN" conf="40" state="unknown" tsMs="1789322110281"/>
        <radio op="vodafone IT" rat="LTE" q="14.00" rsrp="-105" sinr="2" rsrq="-15"/>
        <radio op="I TIM" rat="LTE" rsrp="-114" rsrq="-13"/>
      </extensions>
    </trkpt>
    <trkpt lat="45.6025968" lon="10.4538142">
      <ele>261.5</ele>
      <time>2026-09-13T19:55:23.098+02:00</time>
      <extensions>
        <activity type="UNKNOWN" conf="40" state="unknown" tsMs="1789322110281"/>
        <radio op="vodafone IT" rat="LTE" q="5.50" rsrp="-114" sinr="0" rsrq="-15"/>
        <radio op="I TIM" rat="LTE" q="4.90" rsrp="-118" sinr="2" rsrq="-11"/>
      </extensions>
    </trkpt>
    <trkpt lat="45.6025965" lon="10.4538171">
      <ele>261.5</ele>
      <time>2026-09-13T19:55:28.986+02:00</time>
      <extensions>
        <activity type="UNKNOWN" conf="40" state="unknown" tsMs="1789322115324"/>
        <radio op="vodafone IT" rat="LTE" q="4.50" rsrp="-116" sinr="0" rsrq="-14"/>
        <radio op="I TIM" rat="LTE" q="6.30" rsrp="-118" sinr="4" rsrq="-12"/>
      </extensions>
    </trkpt>
    <trkpt lat="45.6025912" lon="10.453804">
      <ele>261.5</ele>
      <time>2026-09-13T19:55:35.021+02:00</time>
      <extensions>
        <activity type="STILL" conf="100" state="still" tsMs="1789322139127"/>
        <radio op="vodafone IT" rat="LTE" q="5.00" rsrp="-115" sinr="0" rsrq="-14"/>
        <radio op="I TIM" rat="LTE" q="5.00" rsrp="-120" sinr="5" rsrq="-13"/>
      </extensions>
    </trkpt>
    <trkpt lat="45.6025579" lon="10.4536895">
      <ele>261.5</ele>
      <time>2026-09-13T19:55:46.6+02:00</time>
      <extensions>
        <activity type="STILL" conf="100" state="still" tsMs="1789322139127"/>
        <radio op="vodafone IT" rat="LTE" q="7.20" rsrp="-117" sinr="4" rsrq="-13"/>
        <radio op="I TIM" rat="LTE" q="10.50" rsrp="-118" sinr="10" rsrq="-11"/>
      </extensions>
    </trkpt>
    <trkpt lat="45.6025586" lon="10.4536885">
      <ele>261.5</ele>
      <time>2026-09-13T19:55:53.924+02:00</time>
      <extensions>
        <activity type="UNKNOWN" conf="40" state="unknown" tsMs="1789322162725"/>
        <radio op="vodafone IT" rat="LTE" q="8.00" rsrp="-115" sinr="3" rsrq="-10"/>
        <radio op="I TIM" rat="LTE" rsrp="-120" rsrq="-12"/>
      </extensions>
    </trkpt>
    <trkpt lat="45.6025576" lon="10.4536902">
      <ele>261.5</ele>
      <time>2026-09-13T19:56:01.04+02:00</time>
      <extensions>
        <activity type="UNKNOWN" conf="40" state="unknown" tsMs="1789322173514"/>
        <radio op="vodafone IT" rat="LTE" rsrp="-107" rsrq="-15"/>
        <radio op="I TIM" rat="LTE" q="34.20" rsrp="-106" sinr="13" rsrq="-11"/>
      </extensions>
    </trkpt>
    <trkpt lat="45.6025497" lon="10.4536964">
      <ele>261.5</ele>
      <time>2026-09-13T19:56:34.628+02:00</time>
      <extensions>
        <activity type="STILL" conf="43" state="still" tsMs="1789322189771"/>
        <radio op="vodafone IT" rat="LTE" q="8.40" rsrp="-111" sinr="1" rsrq="-15"/>
        <radio op="I TIM" rat="LTE" q="20.90" rsrp="-106" sinr="6" rsrq="-11"/>
      </extensions>
    </trkpt>
    <trkpt lat="45.6025531" lon="10.4536939">
      <ele>261.5</ele>
      <time>2026-09-13T19:57:06.206+02:00</time>
      <extensions>
        <activity type="STILL" conf="99" state="still" tsMs="1789322221310"/>
        <radio op="vodafone IT" rat="LTE" q="11.20" rsrp="-109" sinr="2" rsrq="-11"/>
        <radio op="I TIM" rat="LTE" q="30.40" rsrp="-106" sinr="11" rsrq="-11"/>
      </extensions>
    </trkpt>
    <trkpt lat="45.602554" lon="10.4537012">
      <ele>261.5</ele>
      <time>2026-09-13T19:57:37.982+02:00</time>
      <extensions>
        <activity type="STILL" conf="99" state="still" tsMs="1789322252902"/>
        <radio op="vodafone IT" rat="LTE" q="12.60" rsrp="-107" sinr="2" rsrq="-11"/>
        <radio op="I TIM" rat="LTE" q="17.60" rsrp="-103" sinr="3" rsrq="-11"/>
      </extensions>
    </trkpt>
    <trkpt lat="45.6025622" lon="10.4537178">
      <ele>261.5</ele>
      <time>2026-09-13T19:58:09.745+02:00</time>
      <extensions>
        <activity type="STILL" conf="99" state="still" tsMs="1789322284829"/>
        <radio op="vodafone IT" rat="LTE" q="32.30" rsrp="-106" sinr="12" rsrq="-11"/>
        <radio op="I TIM" rat="LTE" q="31.50" rsrp="-104" sinr="10" rsrq="-12"/>
      </extensions>
    </trkpt>
    <trkpt lat="45.6025536" lon="10.4536964">
      <ele>261.5</ele>
      <time>2026-09-13T19:58:41.361+02:00</time>
      <extensions>
        <activity type="STILL" conf="99" state="still" tsMs="1789322316532"/>
        <radio op="vodafone IT" rat="LTE" rsrp="-107" rsrq="-12"/>
        <radio op="I TIM" rat="LTE" q="23.10" rsrp="-104" sinr="6" rsrq="-10"/>
      </extensions>
    </trkpt>
  </trkseg></trk>
</gpx>
