<?xml version="1.0" encoding="UTF-8"?>
<gpx version="1.1" creator="CellGPX" xmlns="http://www.topografix.com/GPX/1/1">
  <trk><name>CellGPX</name><trkseg>
    <trkpt lat="45.6025486" lon="10.4536498">
      <ele>261.5</ele>
      <time>2026-09-16T10:59:03.833+02:00</time>
      <extensions>
        <activity type="ON_FOOT" conf="98" state="moving" tsMs="1789549155094"/>
        <radio op="vodafone IT" rat="LTE" q="14.40" rsrp="-109" sinr="4" rsrq="-13"/>
        <radio op="I TIM" rat="LTE" q="13.80" rsrp="-102" sinr="1" rsrq="-10"/>
      </extensions>
    </trkpt>
    <trkpt lat="45.6025486" lon="10.4536498">
      <ele>261.5</ele>
      <time>2026-09-16T10:59:35.329+02:00</time>
      <extensions>
        <activity type="ON_FOOT" conf="98" state="moving" tsMs="1789549168163"/>
        <radio op="vodafone IT" rat="LTE" rsrp="-105" rsrq="-12"/>
        <radio op="I TIM" rat="LTE" rsrp="-100" rsrq="-13"/>
      </extensions>
    </trkpt>
    <trkpt lat="45.602014" lon="10.4532062">
      <ele>261.5</ele>
      <time>2026-09-16T10:59:51.008+02:00</time>
      <extensions>
        <activity type="ON_FOOT" conf="96" state="moving" tsMs="1789549210019"/>
        <radio op="vodafone IT" rat="LTE" q="24.00" rsrp="-105" sinr="7" rsrq="-10"/>
        <radio op="I TIM" rat="LTE" q="39.10" rsrp="-102" sinr="12" rsrq="-9"/>
      </extensions>
    </trkpt>
    <trkpt lat="45.6021646" lon="10.4533877">
      <ele>261.1000061035156</ele>
      <time>2026-09-16T11:00:30.149+02:00</time>
      <extensions>
        <activity type="ON_FOOT" conf="94" state="moving" tsMs="1789549216074"/>
        <radio op="vodafone IT" rat="LTE" q="57.60" rsrp="-93" sinr="13" rsrq="-8"/>
        <radio op="I TIM" rat="LTE" q="70.00" rsrp="-90" sinr="15" rsrq="-10"/>
      </extensions>
    </trkpt>
    <trkpt lat="45.6013386" lon="10.4536945">
      <ele>261.0</ele>
      <time>2026-09-16T11:01:01.32+02:00</time>
      <extensions>
        <activity type="ON_FOOT" conf="96" state="moving" tsMs="1789549254959"/>
        <radio op="vodafone IT" rat="LTE" q="41.60" rsrp="-93" sinr="8" rsrq="-12"/>
        <radio op="I TIM" rat="LTE" q="57.60" rsrp="-89" sinr="11" rsrq="-11"/>
      </extensions>
    </trkpt>
    <trkpt lat="45.6010863" lon="10.4533441">
      <ele>260.5</ele>
      <time>2026-09-16T11:01:32.694+02:00</time>
      <extensions>
        <activity type="ON_FOOT" conf="98" state="moving" tsMs="1789549277334"/>
        <radio op="vodafone IT" rat="LTE" q="41.60" rsrp="-93" sinr="8" rsrq="-6"/>
        <radio op="I TIM" rat="LTE" q="97.50" rsrp="-86" sinr="20" rsrq="-11"/>
      </extensions>
    </trkpt>
    <trkpt lat="45.6014284" lon="10.4522266">
      <ele>261.1000061035156</ele>
      <time>2026-09-16T11:02:03.81+02:00</time>
      <extensions>
        <activity type="ON_FOOT" conf="97" state="moving" tsMs="1789549319457"/>
        <radio op="vodafone IT" rat="LTE" q="25.00" rsrp="-100" sinr="5" rsrq="-9"/>
        <radio op="I TIM" rat="LTE" q="58.90" rsrp="-94" sinr="14" rsrq="-12"/>
      </extensions>
    </trkpt>
    <trkpt lat="45.6007007" lon="10.4520741">
      <ele>259.20001220703125</ele>
      <time>2026-09-16T11:02:35.023+02:00</time>
      <extensions>
        <activity type="ON_FOOT" conf="97" state="moving" tsMs="1789549349892"/>
        <radio op="vodafone IT" rat="LTE" q="38.40" rsrp="-101" sinr="11" rsrq="-11"/>
        <radio op="I TIM" rat="LTE" q="16.00" rsrp="-93" sinr="0" rsrq="-10"/>
      </extensions>
    </trkpt>
    <trkpt lat="45.6005192" lon="10.452105">
      <ele>259.20001220703125</ele>
      <time>2026-09-16T11:02:43.009+02:00</time>
      <extensions>
        <activity type="ON_FOOT" conf="97" state="moving" tsMs="1789549358689"/>
        <radio op="vodafone IT" rat="LTE" q="16.80" rsrp="-104" sinr="3" rsrq="-10"/>
        <radio op="I TIM" rat="LTE" q="26.10" rsrp="-96" sinr="4" rsrq="-12"/>
      </extensions>
    </trkpt>
    <trkpt lat="45.6005089" lon="10.4521269">
      <ele>258.8000183105469</ele>
      <time>2026-09-16T11:03:16.73+02:00</time>
      <extensions>
        <activity type="ON_FOOT" conf="97" state="moving" tsMs="1789549387091"/>
        <radio op="vodafone IT" rat="LTE" q="25.30" rsrp="-102" sinr="6" rsrq="-8"/>
        <radio op="I TIM" rat="LTE" q="29.70" rsrp="-92" sinr="4" rsrq="-12"/>
      </extensions>
    </trkpt>
    <trkpt lat="45.5998989" lon="10.4513573">
      <ele>258.20001220703125</ele>
      <time>2026-09-16T11:03:47.826+02:00</time>
      <extensions>
        <activity type="ON_FOOT" conf="98" state="moving" tsMs="1789549415626"/>
        <radio op="vodafone IT" rat="LTE" q="37.50" rsrp="-100" sinr="10" rsrq="-8"/>
        <radio op="I TIM" rat="LTE" q="31.00" rsrp="-94" sinr="5" rsrq="-11"/>
      </extensions>
    </trkpt>
    <trkpt lat="45.5999318" lon="10.4514348">
      <ele>258.20001220703125</ele>
      <time>2026-09-16T11:03:54.011+02:00</time>
      <extensions>
        <activity type="ON_FOOT" conf="94" state="moving" tsMs="1789549428578"/>
        <radio op="vodafone IT" rat="LTE" q="21.60" rsrp="-98" sinr="3" rsrq="-9"/>
        <radio op="I TIM" rat="LTE" q="33.00" rsrp="-92" sinr="5" rsrq="-10"/>
      </extensions>
    </trkpt>
    <trkpt lat="45.5999786" lon="10.4515101">
      <ele>258.3000183105469</ele>
      <time>2026-09-16T11:04:29.33+02:00</time>
      <extensions>
        <activity type="UNKNOWN" conf="40" state="unknown" tsMs="1789549454468"/>
        <radio op="vodafone IT" rat="LTE" q="48.00" rsrp="-101" sinr="15" rsrq="-12"/>
        <radio op="I TIM" rat="LTE" q="12.60" rsrp="-111" sinr="4" rsrq="-9"/>
      </extensions>
    </trkpt>
    <trkpt lat="45.5999421" lon="10.4515441">
      <ele>258.3000183105469</ele>
      <time>2026-09-16T11:05:02.895+02:00</time>
      <extensions>
        <activity type="UNKNOWN" conf="40" state="unknown" tsMs="1789549501959"/>
        <radio op="vodafone IT" rat="LTE" q="40.80" rsrp="-91" sinr="7" rsrq="-12"/>
        <radio op="I TIM" rat="LTE" q="30.00" rsrp="-105" sinr="10" rsrq="-11"/>
      </extensions>
    </trkpt>
    <trkpt lat="45.599964" lon="10.4515225">
      <ele>258.3000183105469</ele>
      <time>2026-09-16T11:05:32.948+02:00</time>
      <extensions>
        <activity type="UNKNOWN" conf="40" state="unknown" tsMs="1789549525508"/>
        <radio op="vodafone IT" rat="LTE" q="4.00" rsrp="-117" sinr="0" rsrq="-10"/>
        <radio op="I TIM" rat="LTE" rsrp="-106" rsrq="-12"/>
      </extensions>
    </trkpt>
    <trkpt lat="45.5999542" lon="10.4515251">
      <ele>258.3000183105469</ele>
      <time>2026-09-16T11:06:06.179+02:00</time>
      <extensions>
        <activity type="STILL" conf="49" state="still" tsMs="1789549551036"/>
        <radio op="vodafone IT" rat="LTE" q="13.20" rsrp="-114" sinr="7" rsrq="-9"/>
        <radio op="I TIM" rat="LTE" q="28.00" rsrp="-105" sinr="9" rsrq="-10"/>
      </extensions>
    </trkpt>
    <trkpt lat="45.5999648" lon="10.4515283">
      <ele>258.3000183105469</ele>
      <time>2026-09-16T11:06:37.488+02:00</time>
      <extensions>
        <activity type="STILL" conf="100" state="still" tsMs="1789549589795"/>
        <radio op="vodafone IT" rat="LTE" q="13.20" rsrp="-113" sinr="6" rsrq="-10"/>
        <radio op="I TIM" rat="LTE" rsrp="-105" rsrq="-10"/>
      </extensions>
    </trkpt>
    <trkpt lat="45.5999577" lon="10.451526">
      <ele>258.3000183105469</ele>
      <time>2026-09-16T11:07:08.703+02:00</time>
      <extensions>
        <activity type="STILL" conf="100" state="still" tsMs="1789549625247"/>
        <radio op="vodafone IT" rat="LTE" q="8.40" rsrp="-111" sinr="1" rsrq="-12"/>
        <radio op="I TIM" rat="LTE" q="20.40" rsrp="-108" sinr="7" rsrq="-11"/>
      </extensions>
    </trkpt>
    <trkpt lat="45.60019" lon="10.4514811">
      <ele>258.3000183105469</ele>
      <time>2026-09-16T11:33:26.006+02:00</time>
      <extensions>
        <activity type="ON_FOOT" conf="94" state="moving" tsMs="1789551209660"/>
        <radio op="vodafone IT" rat="LTE" q="55.80" rsrp="-94" sinr="13" rsrq="-9"/>
        <radio op="I TIM" rat="LTE" q="14.00" rsrp="-97" sinr="0" rsrq="-8"/>
      </extensions>
    </trkpt>
    <trkpt lat="45.60019" lon="10.4514811">
      <ele>260.5</ele>
      <time>2026-09-16T11:34:15.492+02:00</time>
      <extensions>
        <activity type="ON_FOOT" conf="96" state="moving" tsMs="1789551251324"/>
        <radio op="vodafone IT" rat="LTE" q="49.40" rsrp="-99" sinr="14" rsrq="-8"/>
        <radio op="I TIM" rat="LTE" q="17.40" rsrp="-96" sinr="1" rsrq="-11"/>
      </extensions>
    </trkpt>
    <trkpt lat="45.601065" lon="10.4526542">
      <ele>260.4000244140625</ele>
      <time>2026-09-16T11:34:46.701+02:00</time>
      <extensions>
        <activity type="ON_FOOT" conf="97" state="moving" tsMs="1789551281816"/>
        <radio op="vodafone IT" rat="LTE" q="42.50" rsrp="-100" sinr="12" rsrq="-6"/>
        <radio op="I TIM" rat="LTE" q="60.90" rsrp="-96" sinr="16" rsrq="-12"/>
      </extensions>
    </trkpt>
    <trkpt lat="45.6021127" lon="10.453405">
      <ele>261.1000061035156</ele>
      <time>2026-09-16T11:35:39.763+02:00</time>
      <extensions>
        <activity type="ON_FOOT" conf="96" state="moving" tsMs="1789551335038"/>
        <radio op="vodafone IT" rat="LTE" q="57.60" rsrp="-101" sinr="19" rsrq="-8"/>
        <radio op="I TIM" rat="LTE" q="44.80" rsrp="-97" sinr="11" rsrq="-12"/>
      </extensions>
    </trkpt>
    <trkpt lat="45.6021647" lon="10.4532729">
      <ele>261.1000061035156</ele>
      <time>2026-09-16T11:36:17.13+02:00</time>
      <extensions>
        <activity type="ON_FOOT" conf="98" state="moving" tsMs="1789551362473"/>
        <radio op="vodafone IT" rat="LTE" q="48.30" rsrp="-102" sinr="16" rsrq="-10"/>
        <radio op="I TIM" rat="LTE" q="36.00" rsrp="-95" sinr="7" rsrq="-12"/>
      </extensions>
    </trkpt>
    <trkpt lat="45.6021271" lon="10.4530801">
      <ele>261.1000061035156</ele>
      <time>2026-09-16T11:37:02.007+02:00</time>
      <extensions>
        <activity type="UNKNOWN" conf="40" state="unknown" tsMs="1789551420633"/>
        <radio op="vodafone IT" rat="LTE" q="11.90" rsrp="-108" sinr="2" rsrq="-8"/>
        <radio op="I TIM" rat="LTE" q="17.50" rsrp="-100" sinr="2" rsrq="-10"/>
      </extensions>
    </trkpt>
    <trkpt lat="45.6022233" lon="10.4534723">
      <ele>261.20001220703125</ele>
      <time>2026-09-16T11:37:35.509+02:00</time>
      <extensions>
        <activity type="UNKNOWN" conf="40" state="unknown" tsMs="1789551438762"/>
        <radio op="vodafone IT" rat="LTE" rsrp="-116" rsrq="-12"/>
        <radio op="I TIM" rat="LTE" q="12.00" rsrp="-110" sinr="3" rsrq="-14"/>
      </extensions>
    </trkpt>
    <trkpt lat="45.6013146" lon="10.4538497">
      <ele>260.70001220703125</ele>
      <time>2026-09-16T11:38:06.776+02:00</time>
      <extensions>
        <activity type="IN_VEHICLE" conf="97" state="moving" tsMs="1789551467626"/>
        <radio op="vodafone IT" rat="LTE" q="16.80" rsrp="-104" sinr="3" rsrq="-11"/>
        <radio op="I TIM" rat="LTE" rsrp="-110" rsrq="-15"/>
      </extensions>
    </trkpt>
    <trkpt lat="45.6017801" lon="10.4538833">
      <ele>261.1000061035156</ele>
      <time>2026-09-16T11:38:38.077+02:00</time>
      <extensions>
        <activity type="UNKNOWN" conf="40" state="unknown" tsMs="1789551500528"/>
        <radio op="vodafone IT" rat="LTE" q="6.30" rsrp="-116" sinr="2" rsrq="-14"/>
        <radio op="I TIM" rat="LTE" q="15.20" rsrp="-106" sinr="3" rsrq="-11"/>
      </extensions>
    </trkpt>
    <trkpt lat="45.601568" lon="10.4542548">
      <ele>261.0</ele>
      <time>2026-09-16T11:39:09.334+02:00</time>
      <extensions>
        <activity type="UNKNOWN" conf="40" state="unknown" tsMs="1789551536194"/>
        <radio op="vodafone IT" rat="LTE" q="24.00" rsrp="-109" sinr="10" rsrq="-11"/>
        <radio op="I TIM" rat="LTE" q="19.00" rsrp="-106" sinr="5" rsrq="-11"/>
      </extensions>
    </trkpt>
    <trkpt lat="45.6018685" lon="10.4552496">
      <ele>262.20001220703125</ele>
      <time>2026-09-16T11:39:40.739+02:00</time>
      <extensions>
        <activity type="IN_VEHICLE" conf="87" state="moving" tsMs="1789551562176"/>
        <radio op="vodafone IT" rat="LTE" q="25.60" rsrp="-109" sinr="11" rsrq="-8"/>
        <radio op="I TIM" rat="LTE" q="30.60" rsrp="-108" sinr="13" rsrq="-13"/>
      </extensions>
    </trkpt>
    <trkpt lat="45.6019125" lon="10.4565777">
      <ele>263.8000183105469</ele>
      <time>2026-09-16T11:40:11.88+02:00</time>
      <extensions>
        <activity type="UNKNOWN" conf="40" state="unknown" tsMs="1789551601542"/>
        <radio op="vodafone IT" rat="LTE" q="55.80" rsrp="-94" sinr="13" rsrq="-7"/>
        <radio op="I TIM" rat="LTE" q="38.00" rsrp="-105" sinr="14" rsrq="-12"/>
      </extensions>
    </trkpt>
    <trkpt lat="45.6020999" lon="10.4573788">
      <ele>263.8000183105469</ele>
      <time>2026-09-16T11:40:18.013+02:00</time>
      <extensions>
        <activity type="IN_VEHICLE" conf="87" state="moving" tsMs="1789551614593"/>
        <radio op="vodafone IT" rat="LTE" q="100.00" rsrp="-84" sinr="27" rsrq="-7"/>
        <radio op="I TIM" rat="LTE" q="72.60" rsrp="-92" sinr="17" rsrq="-12"/>
      </extensions>
    </trkpt>
    <trkpt lat="45.6035729" lon="10.4592047">
      <ele>263.8000183105469</ele>
      <time>2026-09-16T11:40:53.642+02:00</time>
      <extensions>
        <activity type="UNKNOWN" conf="40" state="unknown" tsMs="1789551640809"/>
        <radio op="vodafone IT" rat="LTE" rsrp="-69" rsrq="-5"/>
        <radio op="I TIM" rat="LTE" q="97.50" rsrp="-86" sinr="26" rsrq="-6"/>
      </extensions>
    </trkpt>
    <trkpt lat="45.604809" lon="10.4635127">
      <ele>267.6000061035156</ele>
      <time>2026-09-16T11:41:24.667+02:00</time>
      <extensions>
        <activity type="UNKNOWN" conf="40" state="unknown" tsMs="1789551666819"/>
        <radio op="vodafone IT" rat="LTE" q="80.00" rsrp="-79" sinr="15" rsrq="-7"/>
        <radio op="I TIM" rat="LTE" rsrp="-102" rsrq="-15"/>
      </extensions>
    </trkpt>
    <trkpt lat="45.604787" lon="10.4682075">
      <ele>273.77232805141796</ele>
      <time>2026-09-16T11:42:04.005+02:00</time>
      <extensions>
        <activity type="IN_VEHICLE" conf="97" state="moving" tsMs="1789551715482"/>
        <radio op="vodafone IT" rat="LTE" q="63.80" rsrp="-96" sinr="17" rsrq="-6"/>
        <radio op="I TIM" rat="LTE" q="41.80" rsrp="-106" sinr="17" rsrq="-9"/>
      </extensions>
    </trkpt>
    <trkpt lat="45.6123063" lon="10.4883303">
      <ele>246.01221429294006</ele>
      <time>2026-09-16T11:43:33.006+02:00</time>
      <extensions>
        <activity type="IN_VEHICLE" conf="95" state="moving" tsMs="1789551819042"/>
        <radio op="vodafone IT" rat="LTE" q="12.00" rsrp="-113" sinr="5" rsrq="-13"/>
        <radio op="I TIM" rat="LTE" rsrp="-119" rsrq="-13"/>
      </extensions>
    </trkpt>
    <trkpt lat="45.6121703" lon="10.4897892">
      <ele>237.79174547536024</ele>
      <time>2026-09-16T11:44:20.817+02:00</time>
      <extensions>
        <activity type="UNKNOWN" conf="40" state="unknown" tsMs="1789551861069"/>
        <radio op="vodafone IT" rat="LTE" q="8.00" rsrp="-115" sinr="3" rsrq="-12"/>
        <radio op="I TIM" rat="LTE" q="6.40" rsrp="-117" sinr="3" rsrq="-15"/>
      </extensions>
    </trkpt>
    <trkpt lat="45.6122012" lon="10.4898565">
      <ele>237.68199530394818</ele>
      <time>2026-09-16T11:44:32.006+02:00</time>
      <extensions>
        <activity type="UNKNOWN" conf="40" state="unknown" tsMs="1789551864670"/>
        <radio op="vodafone IT" rat="LTE" q="10.00" rsrp="-105" sinr="0" rsrq="-14"/>
        <radio op="I TIM" rat="LTE" q="11.70" rsrp="-112" sinr="4" rsrq="-13"/>
      </extensions>
    </trkpt>
    <trkpt lat="45.6121678" lon="10.489815">
      <ele>234.10000610351562</ele>
      <time>2026-09-16T11:44:34.006+02:00</time>
      <extensions>
        <activity type="ON_FOOT" conf="95" state="moving" tsMs="1789551875257"/>
        <radio op="vodafone IT" rat="LTE" q="5.60" rsrp="-118" sinr="3" rsrq="-11"/>
        <radio op="I TIM" rat="LTE" q="32.00" rsrp="-105" sinr="11" rsrq="-11"/>
      </extensions>
    </trkpt>
    <trkpt lat="45.6120353" lon="10.4900159">
      <ele>239.32223434729772</ele>
      <time>2026-09-16T11:45:17.484+02:00</time>
      <extensions>
        <activity type="ON_FOOT" conf="83" state="moving" tsMs="1789551916349"/>
        <radio op="vodafone IT" rat="LTE" rsrp="-121" rsrq="-12"/>
        <radio op="I TIM" rat="LTE" q="11.70" rsrp="-112" sinr="4" rsrq="-12"/>
      </extensions>
    </trkpt>
    <trkpt lat="45.612162" lon="10.4900211">
      <ele>239.32223434729772</ele>
      <time>2026-09-16T11:45:24.006+02:00</time>
      <extensions>
        <activity type="UNKNOWN" conf="40" state="unknown" tsMs="1789551921202"/>
        <radio op="vodafone IT" rat="LTE" q="34.80" rsrp="-96" sinr="7" rsrq="-12"/>
        <radio op="I TIM" rat="LTE" q="26.40" rsrp="-101" sinr="6" rsrq="-12"/>
      </extensions>
    </trkpt>
    <trkpt lat="45.6120408" lon="10.4900179">
      <ele>237.59981996307312</ele>
      <time>2026-09-16T11:45:58.888+02:00</time>
      <extensions>
        <activity type="STILL" conf="100" state="still" tsMs="1789551953129"/>
        <radio op="vodafone IT" rat="LTE" q="24.00" rsrp="-95" sinr="3" rsrq="-10"/>
        <radio op="I TIM" rat="LTE" q="27.50" rsrp="-100" sinr="6" rsrq="-11"/>
      </extensions>
    </trkpt>
    <trkpt lat="45.6120335" lon="10.4900101">
      <ele>237.42199392308015</ele>
      <time>2026-09-16T11:46:27.678+02:00</time>
      <extensions>
        <activity type="STILL" conf="100" state="still" tsMs="1789551981482"/>
        <radio op="vodafone IT" rat="LTE" q="37.20" rsrp="-94" sinr="7" rsrq="-12"/>
        <radio op="I TIM" rat="LTE" q="32.40" rsrp="-98" sinr="7" rsrq="-11"/>
      </extensions>
    </trkpt>
    <trkpt lat="45.6120332" lon="10.4900095">
      <ele>237.61617445154303</ele>
      <time>2026-09-16T11:47:00.982+02:00</time>
      <extensions>
        <activity type="STILL" conf="100" state="still" tsMs="1789552009972"/>
        <radio op="vodafone IT" rat="LTE" q="27.90" rsrp="-94" sinr="4" rsrq="-9"/>
        <radio op="I TIM" rat="LTE" q="32.40" rsrp="-98" sinr="7" rsrq="-12"/>
      </extensions>
    </trkpt>
    <trkpt lat="45.6120695" lon="10.489998">
      <ele>237.58240360990354</ele>
      <time>2026-09-16T11:47:32.273+02:00</time>
      <extensions>
        <activity type="STILL" conf="99" state="still" tsMs="1789552041936"/>
        <radio op="vodafone IT" rat="LTE" q="39.00" rsrp="-95" sinr="8" rsrq="-10"/>
        <radio op="I TIM" rat="LTE" q="20.00" rsrp="-100" sinr="3" rsrq="-12"/>
      </extensions>
    </trkpt>
    <trkpt lat="45.6120431" lon="10.4900294">
      <ele>237.4609118704541</ele>
      <time>2026-09-16T11:48:03.429+02:00</time>
      <extensions>
        <activity type="STILL" conf="100" state="still" tsMs="1789552079922"/>
        <radio op="vodafone IT" rat="LTE" q="32.40" rsrp="-98" sinr="7" rsrq="-7"/>
        <radio op="I TIM" rat="LTE" q="19.80" rsrp="-103" sinr="4" rsrq="-12"/>
      </extensions>
    </trkpt>
    <trkpt lat="45.6120475" lon="10.4900239">
      <ele>237.6424317035261</ele>
      <time>2026-09-16T11:48:34.754+02:00</time>
      <extensions>
        <activity type="STILL" conf="100" state="still" tsMs="1789552106157"/>
        <radio op="vodafone IT" rat="LTE" q="28.80" rsrp="-101" sinr="7" rsrq="-8"/>
        <radio op="I TIM" rat="LTE" q="37.40" rsrp="-103" sinr="12" rsrq="-11"/>
      </extensions>
    </trkpt>
    <trkpt lat="45.6120634" lon="10.4900257">
      <ele>237.31032813257877</ele>
      <time>2026-09-16T11:49:05.888+02:00</time>
      <extensions>
        <activity type="STILL" conf="100" state="still" tsMs="1789552134515"/>
        <radio op="vodafone IT" rat="LTE" q="23.00" rsrp="-102" sinr="5" rsrq="-10"/>
        <radio op="I TIM" rat="LTE" q="35.20" rsrp="-103" sinr="11" rsrq="-8"/>
      </extensions>
    </trkpt>
    <trkpt lat="45.6121737" lon="10.4898032">
      <ele>234.10000610351562</ele>
      <time>2026-09-16T12:27:27.015+02:00</time>
      <extensions>
        <activity type="ON_FOOT" conf="96" state="moving" tsMs="1789554443212"/>
        <radio op="vodafone IT" rat="LTE" rsrp="-107" rsrq="-10"/>
        <radio op="I TIM" rat="LTE" rsrp="-109" rsrq="-13"/>
      </extensions>
    </trkpt>
    <trkpt lat="45.6122052" lon="10.4898101">
      <ele>234.10000610351562</ele>
      <time>2026-09-16T12:27:37.085+02:00</time>
      <extensions>
        <activity type="ON_FOOT" conf="96" state="moving" tsMs="1789554443212"/>
        <radio op="vodafone IT" rat="LTE" rsrp="-117" rsrq="-13"/>
        <radio op="I TIM" rat="LTE" rsrp="-115" rsrq="-14"/>
      </extensions>
    </trkpt>
    <trkpt lat="45.6122084" lon="10.4898104">
      <ele>234.10000610351562</ele>
      <time>2026-09-16T12:27:47.047+02:00</time>
      <extensions>
        <activity type="UNKNOWN" conf="40" state="unknown" tsMs="1789554452501"/>
        <radio op="vodafone IT" rat="LTE" q="4.20" rsrp="-118" sinr="1" rsrq="-13"/>
        <radio op="I TIM" rat="LTE" rsrp="-117" rsrq="-14"/>
      </extensions>
    </trkpt>
    <trkpt lat="45.6122099" lon="10.4898135">
      <ele>234.10000610351562</ele>
      <time>2026-09-16T12:27:57.123+02:00</time>
      <extensions>
        <activity type="STILL" conf="97" state="still" tsMs="1789554473398"/>
        <radio op="vodafone IT" rat="LTE" q="8.40" rsrp="-118" sinr="7" rsrq="-12"/>
        <radio op="I TIM" rat="LTE" rsrp="-113" rsrq="-13"/>
      </extensions>
    </trkpt>
    <trkpt lat="45.6122166" lon="10.4898069">
      <ele>234.10000610351562</ele>
      <time>2026-09-16T12:28:07.085+02:00</time>
      <extensions>
        <activity type="STILL" conf="97" state="still" tsMs="1789554473398"/>
        <radio op="vodafone IT" rat="LTE" q="6.40" rsrp="-117" sinr="3" rsrq="-11"/>
        <radio op="I TIM" rat="LTE" rsrp="-118" rsrq="-15"/>
      </extensions>
    </trkpt>
    <trkpt lat="45.6122285" lon="10.4898037">
      <ele>234.10000610351562</ele>
      <time>2026-09-16T12:28:17.157+02:00</time>
      <extensions>
        <activity type="UNKNOWN" conf="40" state="unknown" tsMs="1789554482691"/>
        <radio op="vodafone IT" rat="LTE" q="1.80" rsrp="-122" sinr="1" rsrq="-12"/>
        <radio op="I TIM" rat="LTE" q="8.10" rsrp="-116" sinr="4" rsrq="-14"/>
      </extensions>
    </trkpt>
    <trkpt lat="45.612228" lon="10.4898184">
      <ele>229.27731537124805</ele>
      <time>2026-09-16T12:28:27.117+02:00</time>
      <extensions>
        <activity type="UNKNOWN" conf="40" state="unknown" tsMs="1789554493313"/>
        <radio op="vodafone IT" rat="LTE" q="3.00" rsrp="-119" sinr="0" rsrq="-12"/>
        <radio op="I TIM" rat="LTE" rsrp="-117" rsrq="-14"/>
      </extensions>
    </trkpt>
    <trkpt lat="45.6122159" lon="10.4898077">
      <ele>229.0831672559539</ele>
      <time>2026-09-16T12:28:37.078+02:00</time>
      <extensions>
        <activity type="UNKNOWN" conf="40" state="unknown" tsMs="1789554503426"/>
        <radio op="vodafone IT" rat="LTE" rsrp="-116" rsrq="-10"/>
        <radio op="I TIM" rat="LTE" q="9.90" rsrp="-114" sinr="4" rsrq="-13"/>
      </extensions>
    </trkpt>
    <trkpt lat="45.6121628" lon="10.4897596">
      <ele>228.87847235928956</ele>
      <time>2026-09-16T12:28:47.692+02:00</time>
      <extensions>
        <activity type="UNKNOWN" conf="40" state="unknown" tsMs="1789554513552"/>
        <radio op="vodafone IT" rat="LTE" q="0.50" rsrp="-124" sinr="0" rsrq="-14"/>
        <radio op="I TIM" rat="LTE" q="3.00" rsrp="-120" sinr="1" rsrq="-14"/>
      </extensions>
    </trkpt>
    <trkpt lat="45.6121528" lon="10.4902811">
      <ele>228.488088382582</ele>
      <time>2026-09-16T12:28:58.001+02:00</time>
      <extensions>
        <activity type="UNKNOWN" conf="40" state="unknown" tsMs="1789554523668"/>
        <radio op="vodafone IT" rat="LTE" q="1.00" rsrp="-123" sinr="0" rsrq="-15"/>
        <radio op="I TIM" rat="LTE" q="2.50" rsrp="-120" sinr="0" rsrq="-14"/>
      </extensions>
    </trkpt>
    <trkpt lat="45.6117958" lon="10.4915833">
      <ele>225.88879397085185</ele>
      <time>2026-09-16T12:29:08.001+02:00</time>
      <extensions>
        <activity type="STILL" conf="33" state="still" tsMs="1789554533768"/>
        <radio op="vodafone IT" rat="LTE" q="13.00" rsrp="-112" sinr="5" rsrq="-9"/>
        <radio op="I TIM" rat="LTE" q="12.00" rsrp="-113" sinr="5" rsrq="-13"/>
      </extensions>
    </trkpt>
    <trkpt lat="45.6115268" lon="10.4932722">
      <ele>219.68910479865818</ele>
      <time>2026-09-16T12:29:18.001+02:00</time>
      <extensions>
        <activity type="IN_VEHICLE" conf="90" state="moving" tsMs="1789554546567"/>
        <radio op="vodafone IT" rat="LTE" q="20.40" rsrp="-108" sinr="7" rsrq="-10"/>
        <radio op="I TIM" rat="LTE" rsrp="-128" rsrq="-18"/>
      </extensions>
    </trkpt>
    <trkpt lat="45.6112819" lon="10.4944548">
      <ele>216.3928591324463</ele>
      <time>2026-09-16T12:29:28.001+02:00</time>
      <extensions>
        <activity type="IN_VEHICLE" conf="94" state="moving" tsMs="1789554559507"/>
        <radio op="vodafone IT" rat="LTE" q="15.30" rsrp="-108" sinr="4" rsrq="-11"/>
        <radio op="I TIM" rat="LTE" rsrp="-124" rsrq="-17"/>
      </extensions>
    </trkpt>
    <trkpt lat="45.6111627" lon="10.4951896">
      <ele>212.4680969281869</ele>
      <time>2026-09-16T12:29:38.001+02:00</time>
      <extensions>
        <activity type="IN_VEHICLE" conf="94" state="moving" tsMs="1789554559507"/>
        <radio op="vodafone IT" rat="LTE" q="16.90" rsrp="-112" sinr="8" rsrq="-11"/>
        <radio op="I TIM" rat="LTE" rsrp="-120" rsrq="-16"/>
      </extensions>
    </trkpt>
    <trkpt lat="45.6111611" lon="10.4951639">
      <ele>212.21114330783612</ele>
      <time>2026-09-16T12:29:48.001+02:00</time>
      <extensions>
        <activity type="UNKNOWN" conf="40" state="unknown" tsMs="1789554572650"/>
        <radio op="vodafone IT" rat="LTE" q="28.80" rsrp="-109" sinr="13" rsrq="-10"/>
        <radio op="I TIM" rat="LTE" rsrp="-118" rsrq="-15"/>
      </extensions>
    </trkpt>
    <trkpt lat="45.6116262" lon="10.4956376">
      <ele>211.7309554825284</ele>
      <time>2026-09-16T12:29:58+02:00</time>
      <extensions>
        <activity type="UNKNOWN" conf="40" state="unknown" tsMs="1789554582796"/>
        <radio op="vodafone IT" rat="LTE" q="32.00" rsrp="-109" sinr="15" rsrq="-10"/>
        <radio op="I TIM" rat="LTE" rsrp="-119" rsrq="-14"/>
      </extensions>
    </trkpt>
    <trkpt lat="45.612478" lon="10.4964357">
      <ele>214.17640182619257</ele>
      <time>2026-09-16T12:30:08+02:00</time>
      <extensions>
        <activity type="UNKNOWN" conf="40" state="unknown" tsMs="1789554592933"/>
        <radio op="vodafone IT" rat="LTE" q="30.80" rsrp="-103" sinr="9" rsrq="-10"/>
        <radio op="I TIM" rat="LTE" rsrp="-116" rsrq="-16"/>
      </extensions>
    </trkpt>
    <trkpt lat="45.6134471" lon="10.4972354">
      <ele>217.3000030517578</ele>
      <time>2026-09-16T12:30:19.001+02:00</time>
      <extensions>
        <activity type="UNKNOWN" conf="40" state="unknown" tsMs="1789554605848"/>
        <radio op="vodafone IT" rat="LTE" q="77.50" rsrp="-94" sinr="23" rsrq="-9"/>
        <radio op="I TIM" rat="LTE" rsrp="-120" rsrq="-19"/>
      </extensions>
    </trkpt>
    <trkpt lat="45.6146441" lon="10.4972399">
      <ele>217.3000030517578</ele>
      <time>2026-09-16T12:30:29.001+02:00</time>
      <extensions>
        <activity type="IN_VEHICLE" conf="90" state="moving" tsMs="1789554618891"/>
        <radio op="vodafone IT" rat="LTE" q="32.40" rsrp="-98" sinr="7" rsrq="-9"/>
        <radio op="I TIM" rat="LTE" q="57.50" rsrp="-102" sinr="22" rsrq="-13"/>
      </extensions>
    </trkpt>
    <trkpt lat="45.6155546" lon="10.4959977">
      <ele>219.51677933125688</ele>
      <time>2026-09-16T12:30:39.001+02:00</time>
      <extensions>
        <activity type="IN_VEHICLE" conf="95" state="moving" tsMs="1789554631844"/>
        <radio op="vodafone IT" rat="LTE" q="46.80" rsrp="-99" sinr="13" rsrq="-11"/>
        <radio op="I TIM" rat="LTE" q="59.40" rsrp="-98" sinr="17" rsrq="-12"/>
      </extensions>
    </trkpt>
    <trkpt lat="45.6159978" lon="10.4942117">
      <ele>217.3000030517578</ele>
      <time>2026-09-16T12:30:49.001+02:00</time>
      <extensions>
        <activity type="IN_VEHICLE" conf="95" state="moving" tsMs="1789554631844"/>
        <radio op="vodafone IT" rat="LTE" q="82.50" rsrp="-92" sinr="23" rsrq="-9"/>
        <radio op="I TIM" rat="LTE" q="43.70" rsrp="-102" sinr="14" rsrq="-12"/>
      </extensions>
    </trkpt>
    <trkpt lat="45.6167125" lon="10.4937992">
      <ele>217.3000030517578</ele>
      <time>2026-09-16T12:30:59+02:00</time>
      <extensions>
        <activity type="IN_VEHICLE" conf="96" state="moving" tsMs="1789554644910"/>
        <radio op="vodafone IT" rat="LTE" q="62.40" rsrp="-99" sinr="19" rsrq="-11"/>
        <radio op="I TIM" rat="LTE" q="60.00" rsrp="-100" sinr="19" rsrq="-12"/>
      </extensions>
    </trkpt>
    <trkpt lat="45.6174765" lon="10.4927618">
      <ele>217.3000030517578</ele>
      <time>2026-09-16T12:31:09.001+02:00</time>
      <extensions>
        <activity type="IN_VEHICLE" conf="93" state="moving" tsMs="1789554657975"/>
        <radio op="vodafone IT" rat="LTE" q="48.00" rsrp="-105" sinr="19" rsrq="-11"/>
        <radio op="I TIM" rat="LTE" q="26.00" rsrp="-112" sinr="15" rsrq="-12"/>
      </extensions>
    </trkpt>
    <trkpt lat="45.6181095" lon="10.4929614">
      <ele>217.3000030517578</ele>
      <time>2026-09-16T12:31:19.001+02:00</time>
      <extensions>
        <activity type="UNKNOWN" conf="40" state="unknown" tsMs="1789554671016"/>
        <radio op="vodafone IT" rat="LTE" q="12.60" rsrp="-107" sinr="2" rsrq="-10"/>
        <radio op="I TIM" rat="LTE" q="19.50" rsrp="-110" sinr="8" rsrq="-12"/>
      </extensions>
    </trkpt>
    <trkpt lat="45.6178078" lon="10.4933773">
      <ele>217.3000030517578</ele>
      <time>2026-09-16T12:31:29+02:00</time>
      <extensions>
        <activity type="UNKNOWN" conf="40" state="unknown" tsMs="1789554671016"/>
        <radio op="vodafone IT" rat="LTE" q="39.20" rsrp="-97" sinr="9" rsrq="-8"/>
        <radio op="I TIM" rat="LTE" q="52.50" rsrp="-104" sinr="25" rsrq="-12"/>
      </extensions>
    </trkpt>
    <trkpt lat="45.617557" lon="10.4933806">
      <ele>216.30962631601273</ele>
      <time>2026-09-16T12:31:40+02:00</time>
      <extensions>
        <activity type="IN_VEHICLE" conf="92" state="moving" tsMs="1789554683892"/>
        <radio op="vodafone IT" rat="LTE" rsrp="-106" rsrq="-14"/>
        <radio op="I TIM" rat="LTE" q="42.00" rsrp="-105" sinr="16" rsrq="-13"/>
      </extensions>
    </trkpt>
    <trkpt lat="45.617557" lon="10.4933806">
      <ele>221.47896428488997</ele>
      <time>2026-09-16T12:31:48+02:00</time>
      <extensions>
        <activity type="UNKNOWN" conf="40" state="unknown" tsMs="1789554696608"/>
        <radio op="vodafone IT" rat="LTE" q="33.80" rsrp="-99" sinr="8" rsrq="-12"/>
        <radio op="I TIM" rat="LTE" q="57.50" rsrp="-102" sinr="22" rsrq="-11"/>
      </extensions>
    </trkpt>
    <trkpt lat="45.6176208" lon="10.4942122">
      <ele>224.20001220703125</ele>
      <time>2026-09-16T12:32:31.507+02:00</time>
      <extensions>
        <activity type="ON_FOOT" conf="96" state="moving" tsMs="1789554747098"/>
        <radio op="vodafone IT" rat="LTE" q="17.50" rsrp="-100" sinr="2" rsrq="-9"/>
        <radio op="I TIM" rat="LTE" q="40.00" rsrp="-100" sinr="11" rsrq="-12"/>
      </extensions>
    </trkpt>
    <trkpt lat="45.6176643" lon="10.494169">
      <ele>221.94431276423217</ele>
      <time>2026-09-16T12:33:12.101+02:00</time>
      <extensions>
        <activity type="ON_FOOT" conf="83" state="moving" tsMs="1789554790739"/>
        <radio op="vodafone IT" rat="LTE" q="74.40" rsrp="-94" sinr="19" rsrq="-7"/>
        <radio op="I TIM" rat="LTE" q="40.50" rsrp="-98" sinr="10" rsrq="-12"/>
      </extensions>
    </trkpt>
    <trkpt lat="45.617654" lon="10.4941906">
      <ele>224.20001220703125</ele>
      <time>2026-09-16T12:33:42.112+02:00</time>
      <extensions>
        <activity type="STILL" conf="99" state="still" tsMs="1789554810096"/>
        <radio op="vodafone IT" rat="LTE" q="67.50" rsrp="-98" sinr="20" rsrq="-8"/>
        <radio op="I TIM" rat="LTE" q="78.20" rsrp="-91" sinr="18" rsrq="-11"/>
      </extensions>
    </trkpt>
    <trkpt lat="45.6176175" lon="10.4942111">
      <ele>222.37087078562453</ele>
      <time>2026-09-16T12:34:15.83+02:00</time>
      <extensions>
        <activity type="STILL" conf="99" state="still" tsMs="1789554848945"/>
        <radio op="vodafone IT" rat="LTE" q="50.40" rsrp="-101" sinr="16" rsrq="-11"/>
        <radio op="I TIM" rat="LTE" q="90.00" rsrp="-89" sinr="24" rsrq="-12"/>
      </extensions>
    </trkpt>
    <trkpt lat="45.6176337" lon="10.4943154">
      <ele>221.8500536253766</ele>
      <time>2026-09-16T12:34:47.025+02:00</time>
      <extensions>
        <activity type="STILL" conf="99" state="still" tsMs="1789554880882"/>
        <radio op="vodafone IT" rat="LTE" q="48.60" rsrp="-98" sinr="13" rsrq="-9"/>
        <radio op="I TIM" rat="LTE" q="87.50" rsrp="-90" sinr="22" rsrq="-11"/>
      </extensions>
    </trkpt>
    <trkpt lat="45.6176916" lon="10.4941571">
      <ele>222.26122244652805</ele>
      <time>2026-09-16T12:35:18.283+02:00</time>
      <extensions>
        <activity type="UNKNOWN" conf="40" state="unknown" tsMs="1789554909372"/>
        <radio op="vodafone IT" rat="LTE" q="57.20" rsrp="-99" sinr="17" rsrq="-11"/>
        <radio op="I TIM" rat="LTE" q="84.00" rsrp="-90" sinr="19" rsrq="-11"/>
      </extensions>
    </trkpt>
    <trkpt lat="45.6176809" lon="10.4941515">
      <ele>222.0356043004758</ele>
      <time>2026-09-16T12:35:49.457+02:00</time>
      <extensions>
        <activity type="STILL" conf="99" state="still" tsMs="1789554944364"/>
        <radio op="vodafone IT" rat="LTE" q="55.10" rsrp="-96" sinr="14" rsrq="-8"/>
        <radio op="I TIM" rat="LTE" rsrp="-92" rsrq="-12"/>
      </extensions>
    </trkpt>
    <trkpt lat="45.6176444" lon="10.494208">
      <ele>220.4812139751578</ele>
      <time>2026-09-16T12:40:11.485+02:00</time>
      <extensions>
        <activity type="ON_FOOT" conf="85" state="moving" tsMs="1789555229170"/>
        <radio op="vodafone IT" rat="LTE" q="60.00" rsrp="-101" sinr="23" rsrq="-11"/>
        <radio op="I TIM" rat="LTE" q="75.00" rsrp="-95" sinr="23" rsrq="-12"/>
      </extensions>
    </trkpt>
    <trkpt lat="45.6176106" lon="10.4943178">
      <ele>224.20001220703125</ele>
      <time>2026-09-16T12:40:46.511+02:00</time>
      <extensions>
        <activity type="ON_FOOT" conf="88" state="moving" tsMs="1789555239218"/>
        <radio op="vodafone IT" rat="LTE" q="62.50" rsrp="-100" sinr="22" rsrq="-10"/>
        <radio op="I TIM" rat="LTE" q="90.00" rsrp="-89" sinr="26" rsrq="-12"/>
      </extensions>
    </trkpt>
    <trkpt lat="45.6174848" lon="10.4944041">
      <ele>224.20001220703125</ele>
      <time>2026-09-16T12:41:18.001+02:00</time>
      <extensions>
        <activity type="UNKNOWN" conf="40" state="unknown" tsMs="1789555258374"/>
        <radio op="vodafone IT" rat="LTE" q="48.00" rsrp="-101" sinr="15" rsrq="-10"/>
        <radio op="I TIM" rat="LTE" q="82.80" rsrp="-89" sinr="18" rsrq="-11"/>
      </extensions>
    </trkpt>
    <trkpt lat="45.6176579" lon="10.4941538">
      <ele>222.49686267056748</ele>
      <time>2026-09-16T12:41:48.702+02:00</time>
      <extensions>
        <activity type="UNKNOWN" conf="40" state="unknown" tsMs="1789555294499"/>
        <radio op="vodafone IT" rat="LTE" q="62.00" rsrp="-94" sinr="15" rsrq="-10"/>
        <radio op="I TIM" rat="LTE" q="76.80" rsrp="-93" sinr="19" rsrq="-11"/>
      </extensions>
    </trkpt>
    <trkpt lat="45.6176103" lon="10.4943577">
      <ele>223.60000610351562</ele>
      <time>2026-09-16T12:42:19.972+02:00</time>
      <extensions>
        <activity type="UNKNOWN" conf="40" state="unknown" tsMs="1789555320361"/>
        <radio op="vodafone IT" rat="LTE" q="59.40" rsrp="-98" sinr="17" rsrq="-7"/>
        <radio op="I TIM" rat="LTE" q="37.40" rsrp="-91" sinr="6" rsrq="-12"/>
      </extensions>
    </trkpt>
    <trkpt lat="45.6176263" lon="10.494255">
      <ele>222.5574870386547</ele>
      <time>2026-09-16T12:42:51.07+02:00</time>
      <extensions>
        <activity type="UNKNOWN" conf="40" state="unknown" tsMs="1789555356580"/>
        <radio op="vodafone IT" rat="LTE" q="42.00" rsrp="-104" sinr="15" rsrq="-10"/>
        <radio op="I TIM" rat="LTE" q="90.00" rsrp="-89" sinr="23" rsrq="-11"/>
      </extensions>
    </trkpt>
    <trkpt lat="45.6176765" lon="10.4941956">
      <ele>224.20001220703125</ele>
      <time>2026-09-16T12:43:18.924+02:00</time>
      <extensions>
        <activity type="UNKNOWN" conf="40" state="unknown" tsMs="1789555395366"/>
        <radio op="vodafone IT" rat="LTE" q="48.40" rsrp="-103" sinr="17" rsrq="-8"/>
        <radio op="I TIM" rat="LTE" q="92.50" rsrp="-88" sinr="22" rsrq="-12"/>
      </extensions>
    </trkpt>
    <trkpt lat="45.6176337" lon="10.4942148">
      <ele>222.2285390774505</ele>
      <time>2026-09-16T12:43:52.524+02:00</time>
      <extensions>
        <activity type="UNKNOWN" conf="40" state="unknown" tsMs="1789555418789"/>
        <radio op="vodafone IT" rat="LTE" q="59.40" rsrp="-98" sinr="17" rsrq="-9"/>
        <radio op="I TIM" rat="LTE" q="92.50" rsrp="-88" sinr="23" rsrq="-11"/>
      </extensions>
    </trkpt>
    <trkpt lat="45.6176529" lon="10.4941957">
      <ele>222.28968870789757</ele>
      <time>2026-09-16T12:44:23.66+02:00</time>
      <extensions>
        <activity type="UNKNOWN" conf="40" state="unknown" tsMs="1789555444559"/>
        <radio op="vodafone IT" rat="LTE" q="36.80" rsrp="-102" sinr="11" rsrq="-11"/>
        <radio op="I TIM" rat="LTE" q="82.50" rsrp="-92" sinr="24" rsrq="-12"/>
      </extensions>
    </trkpt>
    <trkpt lat="45.6176517" lon="10.4942596">
      <ele>224.20001220703125</ele>
      <time>2026-09-16T12:44:54.714+02:00</time>
      <extensions>
        <activity type="UNKNOWN" conf="40" state="unknown" tsMs="1789555480724"/>
        <radio op="vodafone IT" rat="LTE" q="57.60" rsrp="-101" sinr="19" rsrq="-10"/>
        <radio op="I TIM" rat="LTE" q="82.50" rsrp="-92" sinr="25" rsrq="-12"/>
      </extensions>
    </trkpt>
    <trkpt lat="45.6176695" lon="10.494194">
      <ele>224.20001220703125</ele>
      <time>2026-09-16T12:45:25.944+02:00</time>
      <extensions>
        <activity type="UNKNOWN" conf="40" state="unknown" tsMs="1789555506630"/>
        <radio op="vodafone IT" rat="LTE" q="52.50" rsrp="-100" sinr="16" rsrq="-9"/>
        <radio op="I TIM" rat="LTE" q="85.00" rsrp="-91" sinr="22" rsrq="-12"/>
      </extensions>
    </trkpt>
    <trkpt lat="45.6176559" lon="10.4942381">
      <ele>224.20001220703125</ele>
      <time>2026-09-16T12:45:57.001+02:00</time>
      <extensions>
        <activity type="UNKNOWN" conf="40" state="unknown" tsMs="1789555542753"/>
        <radio op="vodafone IT" rat="LTE" q="62.10" rsrp="-98" sinr="18" rsrq="-6"/>
        <radio op="I TIM" rat="LTE" q="45.50" rsrp="-90" sinr="8" rsrq="-12"/>
      </extensions>
    </trkpt>
    <trkpt lat="45.6176757" lon="10.4941791">
      <ele>224.20001220703125</ele>
      <time>2026-09-16T12:46:28.081+02:00</time>
      <extensions>
        <activity type="UNKNOWN" conf="40" state="unknown" tsMs="1789555568603"/>
        <radio op="vodafone IT" rat="LTE" q="50.00" rsrp="-100" sinr="15" rsrq="-7"/>
        <radio op="I TIM" rat="LTE" q="87.50" rsrp="-90" sinr="21" rsrq="-12"/>
      </extensions>
    </trkpt>
    <trkpt lat="45.6176551" lon="10.4945681">
      <ele>224.20001220703125</ele>
      <time>2026-09-16T12:49:02.858+02:00</time>
      <extensions>
        <activity type="UNKNOWN" conf="40" state="unknown" tsMs="1789555740413"/>
        <radio op="vodafone IT" rat="LTE" q="50.00" rsrp="-100" sinr="15" rsrq="-10"/>
        <radio op="I TIM" rat="LTE" q="90.00" rsrp="-89" sinr="20" rsrq="-12"/>
      </extensions>
    </trkpt>
    <trkpt lat="45.6176325" lon="10.494227">
      <ele>223.60000610351562</ele>
      <time>2026-09-16T12:49:33.943+02:00</time>
      <extensions>
        <activity type="STILL" conf="97" state="still" tsMs="1789555766140"/>
        <radio op="vodafone IT" rat="LTE" q="58.00" rsrp="-96" sinr="15" rsrq="-9"/>
        <radio op="I TIM" rat="LTE" q="34.20" rsrp="-87" sinr="4" rsrq="-11"/>
      </extensions>
    </trkpt>
    <trkpt lat="45.6176194" lon="10.49424">
      <ele>224.20001220703125</ele>
      <time>2026-09-16T12:50:05.268+02:00</time>
      <extensions>
        <activity type="STILL" conf="100" state="still" tsMs="1789555796599"/>
        <radio op="vodafone IT" rat="LTE" q="41.80" rsrp="-103" sinr="14" rsrq="-7"/>
        <radio op="I TIM" rat="LTE" q="89.70" rsrp="-86" sinr="18" rsrq="-13"/>
      </extensions>
    </trkpt>
    <trkpt lat="45.6176253" lon="10.4942842">
      <ele>228.1473469448196</ele>
      <time>2026-09-16T12:50:36.424+02:00</time>
      <extensions>
        <activity type="UNKNOWN" conf="40" state="unknown" tsMs="1789555818350"/>
        <radio op="vodafone IT" rat="LTE" q="50.00" rsrp="-100" sinr="15" rsrq="-9"/>
        <radio op="I TIM" rat="LTE" q="86.40" rsrp="-89" sinr="19" rsrq="-13"/>
      </extensions>
    </trkpt>
    <trkpt lat="45.6175858" lon="10.4942111">
      <ele>227.41164523008595</ele>
      <time>2026-09-16T12:51:22.149+02:00</time>
      <extensions>
        <activity type="STILL" conf="100" state="still" tsMs="1789555882118"/>
        <radio op="vodafone IT" rat="LTE" q="52.00" rsrp="-99" sinr="15" rsrq="-10"/>
        <radio op="I TIM" rat="LTE" q="51.30" rsrp="-98" sinr="14" rsrq="-12"/>
      </extensions>
    </trkpt>
    <trkpt lat="45.6176177" lon="10.4942062">
      <ele>224.20001220703125</ele>
      <time>2026-09-16T12:52:00.229+02:00</time>
      <extensions>
        <activity type="STILL" conf="99" state="still" tsMs="1789555907114"/>
        <radio op="vodafone IT" rat="LTE" q="62.50" rsrp="-100" sinr="20" rsrq="-12"/>
        <radio op="I TIM" rat="LTE" q="80.00" rsrp="-93" sinr="21" rsrq="-12"/>
      </extensions>
    </trkpt>
    <trkpt lat="45.6180973" lon="10.4935904">
      <ele>224.50001525878906</ele>
      <time>2026-09-16T13:39:19.647+02:00</time>
      <extensions>
        <activity type="ON_FOOT" conf="98" state="moving" tsMs="1789558761646"/>
        <radio op="vodafone IT" rat="LTE" q="61.60" rsrp="-97" sinr="17" rsrq="-11"/>
        <radio op="I TIM" rat="LTE" q="62.10" rsrp="-98" sinr="18" rsrq="-12"/>
      </extensions>
    </trkpt>
    <trkpt lat="45.6177454" lon="10.4937905">
      <ele>224.20001220703125</ele>
      <time>2026-09-16T13:39:57.251+02:00</time>
      <extensions>
        <activity type="ON_FOOT" conf="96" state="moving" tsMs="1789558796315"/>
        <radio op="vodafone IT" rat="LTE" q="16.80" rsrp="-101" sinr="2" rsrq="-12"/>
        <radio op="I TIM" rat="LTE" q="72.50" rsrp="-96" sinr="24" rsrq="-11"/>
      </extensions>
    </trkpt>
    <trkpt lat="45.6177394" lon="10.4935926">
      <ele>224.20001220703125</ele>
      <time>2026-09-16T13:40:40.012+02:00</time>
      <extensions>
        <activity type="UNKNOWN" conf="40" state="unknown" tsMs="1789558831199"/>
        <radio op="vodafone IT" rat="LTE" q="20.70" rsrp="-102" sinr="4" rsrq="-10"/>
        <radio op="I TIM" rat="LTE" q="65.00" rsrp="-99" sinr="24" rsrq="-11"/>
      </extensions>
    </trkpt>
    <trkpt lat="45.6177243" lon="10.493479">
      <ele>218.499058799766</ele>
      <time>2026-09-16T13:41:11.298+02:00</time>
      <extensions>
        <activity type="IN_VEHICLE" conf="95" state="moving" tsMs="1789558862787"/>
        <radio op="vodafone IT" rat="LTE" q="28.60" rsrp="-103" sinr="8" rsrq="-12"/>
        <radio op="I TIM" rat="LTE" q="39.00" rsrp="-95" sinr="8" rsrq="-11"/>
      </extensions>
    </trkpt>
    <trkpt lat="45.6177816" lon="10.4934224">
      <ele>222.35200847039422</ele>
      <time>2026-09-16T13:41:42.594+02:00</time>
      <extensions>
        <activity type="IN_VEHICLE" conf="93" state="moving" tsMs="1789558888196"/>
        <radio op="vodafone IT" rat="LTE" rsrp="-107" rsrq="-13"/>
        <radio op="I TIM" rat="LTE" q="67.50" rsrp="-98" sinr="24" rsrq="-12"/>
      </extensions>
    </trkpt>
    <trkpt lat="45.6163667" lon="10.4938231">
      <ele>221.99975145191564</ele>
      <time>2026-09-16T13:42:15.401+02:00</time>
      <extensions>
        <activity type="UNKNOWN" conf="40" state="unknown" tsMs="1789558914304"/>
        <radio op="vodafone IT" rat="LTE" q="40.30" rsrp="-94" sinr="8" rsrq="-11"/>
        <radio op="I TIM" rat="LTE" q="44.80" rsrp="-93" sinr="9" rsrq="-12"/>
      </extensions>
    </trkpt>
    <trkpt lat="45.6161302" lon="10.4938984">
      <ele>222.00186073244097</ele>
      <time>2026-09-16T13:42:18.027+02:00</time>
      <extensions>
        <activity type="IN_VEHICLE" conf="91" state="moving" tsMs="1789558927354"/>
        <radio op="vodafone IT" rat="LTE" q="64.60" rsrp="-91" sinr="14" rsrq="-12"/>
        <radio op="I TIM" rat="LTE" q="62.70" rsrp="-92" sinr="14" rsrq="-13"/>
      </extensions>
    </trkpt>
    <trkpt lat="45.6124844" lon="10.4964175">
      <ele>221.43026463621774</ele>
      <time>2026-09-16T13:42:58.018+02:00</time>
      <extensions>
        <activity type="IN_VEHICLE" conf="98" state="moving" tsMs="1789558966511"/>
        <radio op="vodafone IT" rat="LTE" q="20.00" rsrp="-100" sinr="3" rsrq="-12"/>
        <radio op="I TIM" rat="LTE" rsrp="-111" rsrq="-17"/>
      </extensions>
    </trkpt>
    <trkpt lat="45.6111018" lon="10.4955463">
      <ele>217.3000030517578</ele>
      <time>2026-09-16T13:43:28.795+02:00</time>
      <extensions>
        <activity type="UNKNOWN" conf="40" state="unknown" tsMs="1789558998608"/>
        <radio op="vodafone IT" rat="LTE" q="30.00" rsrp="-105" sinr="10" rsrq="-12"/>
        <radio op="I TIM" rat="LTE" rsrp="-114" rsrq="-18"/>
      </extensions>
    </trkpt>
    <trkpt lat="45.6113295" lon="10.4943575">
      <ele>217.3000030517578</ele>
      <time>2026-09-16T13:43:35.027+02:00</time>
      <extensions>
        <activity type="IN_VEHICLE" conf="94" state="moving" tsMs="1789559011602"/>
        <radio op="vodafone IT" rat="LTE" q="22.40" rsrp="-111" sinr="11" rsrq="-11"/>
        <radio op="I TIM" rat="LTE" q="4.50" rsrp="-116" sinr="0" rsrq="-17"/>
      </extensions>
    </trkpt>
    <trkpt lat="45.6119775" lon="10.4910589">
      <ele>229.40000915527344</ele>
      <time>2026-09-16T13:44:10.318+02:00</time>
      <extensions>
        <activity type="IN_VEHICLE" conf="96" state="moving" tsMs="1789559037654"/>
        <radio op="vodafone IT" rat="LTE" q="7.20" rsrp="-113" sinr="1" rsrq="-12"/>
        <radio op="I TIM" rat="LTE" q="22.10" rsrp="-108" sinr="8" rsrq="-13"/>
      </extensions>
    </trkpt>
    <trkpt lat="45.6123198" lon="10.489773">
      <ele>229.40000915527344</ele>
      <time>2026-09-16T13:44:24.027+02:00</time>
      <extensions>
        <activity type="UNKNOWN" conf="40" state="unknown" tsMs="1789559060238"/>
        <radio op="vodafone IT" rat="LTE" rsrp="-115" rsrq="-13"/>
        <radio op="I TIM" rat="LTE" rsrp="-119" rsrq="-19"/>
      </extensions>
    </trkpt>
    <trkpt lat="45.6135026" lon="10.4899551">
      <ele>240.74730735258655</ele>
      <time>2026-09-16T13:45:06.917+02:00</time>
      <extensions>
        <activity type="IN_VEHICLE" conf="93" state="moving" tsMs="1789559099276"/>
        <radio op="vodafone IT" rat="LTE" rsrp="-137" rsrq="-20"/>
        <radio op="I TIM" rat="LTE" rsrq="-24"/>
      </extensions>
    </trkpt>
    <trkpt lat="45.6050124" lon="10.467382">
      <ele>272.38875806864326</ele>
      <time>2026-09-16T13:46:43.026+02:00</time>
      <extensions>
        <activity type="IN_VEHICLE" conf="96" state="moving" tsMs="1789559211142"/>
        <radio op="vodafone IT" rat="LTE" q="87.50" rsrp="-90" sinr="27" rsrq="-7"/>
        <radio op="I TIM" rat="LTE" q="57.80" rsrp="-91" sinr="12" rsrq="-7"/>
      </extensions>
    </trkpt>
    <trkpt lat="45.6052535" lon="10.465905">
      <ele>264.82513480741136</ele>
      <time>2026-09-16T13:47:19.025+02:00</time>
      <extensions>
        <activity type="IN_VEHICLE" conf="98" state="moving" tsMs="1789559239267"/>
        <radio op="vodafone IT" rat="LTE" q="62.90" rsrp="-88" sinr="12" rsrq="-7"/>
        <radio op="I TIM" rat="LTE" q="52.50" rsrp="-90" sinr="10" rsrq="-6"/>
      </extensions>
    </trkpt>
    <trkpt lat="45.6026243" lon="10.4560305">
      <ele>262.4000244140625</ele>
      <time>2026-09-16T13:48:25.922+02:00</time>
      <extensions>
        <activity type="IN_VEHICLE" conf="92" state="moving" tsMs="1789559303207"/>
        <radio op="vodafone IT" rat="LTE" q="95.00" rsrp="-87" sinr="26" rsrq="-6"/>
        <radio op="I TIM" rat="LTE" q="30.60" rsrp="-91" sinr="4" rsrq="-12"/>
      </extensions>
    </trkpt>
    <trkpt lat="45.6024323" lon="10.4555422">
      <ele>262.4000244140625</ele>
      <time>2026-09-16T13:48:30.027+02:00</time>
      <extensions>
        <activity type="UNKNOWN" conf="40" state="unknown" tsMs="1789559309770"/>
        <radio op="vodafone IT" rat="LTE" q="45.00" rsrp="-95" sinr="10" rsrq="-8"/>
        <radio op="I TIM" rat="LTE" q="32.50" rsrp="-100" sinr="8" rsrq="-14"/>
      </extensions>
    </trkpt>
    <trkpt lat="45.6012568" lon="10.4536675">
      <ele>259.34622039774956</ele>
      <time>2026-09-16T13:49:01.38+02:00</time>
      <extensions>
        <activity type="IN_VEHICLE" conf="96" state="moving" tsMs="1789559338658"/>
        <radio op="vodafone IT" rat="LTE" q="20.80" rsrp="-99" sinr="3" rsrq="-9"/>
        <radio op="I TIM" rat="LTE" rsrp="-102" rsrq="-17"/>
      </extensions>
    </trkpt>
    <trkpt lat="45.6020746" lon="10.4531113">
      <ele>261.1000061035156</ele>
      <time>2026-09-16T13:49:32.649+02:00</time>
      <extensions>
        <activity type="IN_VEHICLE" conf="86" state="moving" tsMs="1789559357906"/>
        <radio op="vodafone IT" rat="LTE" q="45.60" rsrp="-101" sinr="14" rsrq="-12"/>
        <radio op="I TIM" rat="LTE" q="20.00" rsrp="-100" sinr="3" rsrq="-13"/>
      </extensions>
    </trkpt>
    <trkpt lat="45.6021078" lon="10.453056">
      <ele>261.1000061035156</ele>
      <time>2026-09-16T13:49:39.027+02:00</time>
      <extensions>
        <activity type="STILL" conf="100" state="still" tsMs="1789559370992"/>
        <radio op="vodafone IT" rat="LTE" q="23.00" rsrp="-102" sinr="5" rsrq="-11"/>
        <radio op="I TIM" rat="LTE" q="33.80" rsrp="-99" sinr="8" rsrq="-10"/>
      </extensions>
    </trkpt>
    <trkpt lat="45.602111" lon="10.4531204">
      <ele>261.1000061035156</ele>
      <time>2026-09-16T13:50:14.099+02:00</time>
      <extensions>
        <activity type="UNKNOWN" conf="40" state="unknown" tsMs="1789559401383"/>
        <radio op="vodafone IT" rat="LTE" rsrp="-106" rsrq="-7"/>
        <radio op="I TIM" rat="LTE" q="18.90" rsrp="-104" sinr="4" rsrq="-13"/>
      </extensions>
    </trkpt>
    <trkpt lat="45.6020899" lon="10.4531059">
      <ele>261.1000061035156</ele>
      <time>2026-09-16T13:50:45.377+02:00</time>
      <extensions>
        <activity type="STILL" conf="100" state="still" tsMs="1789559439939"/>
        <radio op="vodafone IT" rat="LTE" q="34.00" rsrp="-105" sinr="12" rsrq="-8"/>
        <radio op="I TIM" rat="LTE" q="41.40" rsrp="-102" sinr="13" rsrq="-11"/>
      </extensions>
    </trkpt>
    <trkpt lat="45.6021045" lon="10.4531067">
      <ele>261.1000061035156</ele>
      <time>2026-09-16T13:51:21.348+02:00</time>
      <extensions>
        <activity type="STILL" conf="100" state="still" tsMs="1789559468206"/>
        <radio op="vodafone IT" rat="LTE" q="28.00" rsrp="-105" sinr="9" rsrq="-7"/>
        <radio op="I TIM" rat="LTE" q="29.90" rsrp="-102" sinr="8" rsrq="-9"/>
      </extensions>
    </trkpt>
    <trkpt lat="45.6021727" lon="10.4532268">
      <ele>261.1000061035156</ele>
      <time>2026-09-16T13:51:58.207+02:00</time>
      <extensions>
        <activity type="UNKNOWN" conf="40" state="unknown" tsMs="1789559501458"/>
        <radio op="vodafone IT" rat="LTE" q="50.00" rsrp="-100" sinr="15" rsrq="-11"/>
        <radio op="I TIM" rat="LTE" q="42.00" rsrp="-97" sinr="10" rsrq="-12"/>
      </extensions>
    </trkpt>
    <trkpt lat="45.60255" lon="10.4535755">
      <ele>261.5</ele>
      <time>2026-09-16T13:52:31.134+02:00</time>
      <extensions>
        <activity type="ON_FOOT" conf="97" state="moving" tsMs="1789559548216"/>
        <radio op="vodafone IT" rat="LTE" q="15.00" rsrp="-110" sinr="5" rsrq="-11"/>
        <radio op="I TIM" rat="LTE" q="30.80" rsrp="-103" sinr="9" rsrq="-12"/>
      </extensions>
    </trkpt>
    <trkpt lat="45.6025783" lon="10.453709">
      <ele>261.6000061035156</ele>
      <time>2026-09-16T13:53:13.382+02:00</time>
      <extensions>
        <activity type="UNKNOWN" conf="40" state="unknown" tsMs="1789559592665"/>
        <radio op="vodafone IT" rat="LTE" q="18.40" rsrp="-102" sinr="3" rsrq="-10"/>
        <radio op="I TIM" rat="LTE" q="9.00" rsrp="-110" sinr="1" rsrq="-10"/>
      </extensions>
    </trkpt>
    <trkpt lat="45.6025621" lon="10.4536852">
      <ele>261.6000061035156</ele>
      <time>2026-09-16T13:53:46.626+02:00</time>
      <extensions>
        <activity type="UNKNOWN" conf="40" state="unknown" tsMs="1789559618440"/>
        <radio op="vodafone IT" rat="LTE" q="11.00" rsrp="-103" sinr="0" rsrq="-11"/>
        <radio op="I TIM" rat="LTE" q="8.10" rsrp="-116" sinr="4" rsrq="-10"/>
      </extensions>
    </trkpt>
    <trkpt lat="45.6025623" lon="10.4536843">
      <ele>261.6000061035156</ele>
      <time>2026-09-16T13:54:18.305+02:00</time>
      <extensions>
        <activity type="UNKNOWN" conf="40" state="unknown" tsMs="1789559643144"/>
        <radio op="vodafone IT" rat="LTE" q="13.80" rsrp="-102" sinr="1" rsrq="-14"/>
        <radio op="I TIM" rat="LTE" q="8.10" rsrp="-116" sinr="4" rsrq="-12"/>
      </extensions>
    </trkpt>
    <trkpt lat="45.6025734" lon="10.4537059">
      <ele>261.6000061035156</ele>
      <time>2026-09-16T13:54:49.791+02:00</time>
      <extensions>
        <activity type="STILL" conf="100" state="still" tsMs="1789559681861"/>
        <radio op="vodafone IT" rat="LTE" q="20.90" rsrp="-106" sinr="6" rsrq="-10"/>
        <radio op="I TIM" rat="LTE" q="30.60" rsrp="-108" sinr="13" rsrq="-11"/>
      </extensions>
    </trkpt>
    <trkpt lat="45.6025735" lon="10.4537038">
      <ele>261.6000061035156</ele>
      <time>2026-09-16T13:55:21.429+02:00</time>
      <extensions>
        <activity type="STILL" conf="100" state="still" tsMs="1789559710368"/>
        <radio op="vodafone IT" rat="LTE" q="28.50" rsrp="-106" sinr="10" rsrq="-10"/>
        <radio op="I TIM" rat="LTE" q="10.50" rsrp="-110" sinr="2" rsrq="-10"/>
      </extensions>
    </trkpt>
    <trkpt lat="45.6025748" lon="10.4537096">
      <ele>261.6000061035156</ele>
      <time>2026-09-16T13:55:53.026+02:00</time>
      <extensions>
        <activity type="STILL" conf="100" state="still" tsMs="1789559748178"/>
        <radio op="vodafone IT" rat="LTE" q="15.30" rsrp="-108" sinr="4" rsrq="-9"/>
        <radio op="I TIM" rat="LTE" q="23.40" rsrp="-107" sinr="8" rsrq="-10"/>
      </extensions>
    </trkpt>
    <trkpt lat="45.6025709" lon="10.4536994">
      <ele>261.6000061035156</ele>
      <time>2026-09-16T13:56:24.727+02:00</time>
      <extensions>
        <activity type="STILL" conf="100" state="still" tsMs="1789559775544"/>
        <radio op="vodafone IT" rat="LTE" q="21.60" rsrp="-107" sinr="7" rsrq="-11"/>
        <radio op="I TIM" rat="LTE" q="21.60" rsrp="-107" sinr="7" rsrq="-9"/>
      </extensions>
    </trkpt>
    <trkpt lat="45.6023811" lon="10.4533895">
      <ele>261.20001220703125</ele>
      <time>2026-09-16T14:04:58.08+02:00</time>
      <extensions>
        <activity type="ON_FOOT" conf="97" state="moving" tsMs="1789560301279"/>
        <radio op="vodafone IT" rat="LTE" q="32.00" rsrp="-93" sinr="5" rsrq="-12"/>
        <radio op="I TIM" rat="LTE" q="41.40" rsrp="-102" sinr="13" rsrq="-11"/>
      </extensions>
    </trkpt>
    <trkpt lat="45.6021906" lon="10.4533569">
      <ele>261.1000061035156</ele>
      <time>2026-09-16T14:05:26.772+02:00</time>
      <extensions>
        <activity type="ON_FOOT" conf="96" state="moving" tsMs="1789560320242"/>
        <radio op="vodafone IT" rat="LTE" q="19.80" rsrp="-92" sinr="1" rsrq="-12"/>
        <radio op="I TIM" rat="LTE" q="46.40" rsrp="-96" sinr="11" rsrq="-8"/>
      </extensions>
    </trkpt>
    <trkpt lat="45.6020899" lon="10.4530329">
      <ele>261.1000061035156</ele>
      <time>2026-09-16T14:05:47.821+02:00</time>
      <extensions>
        <activity type="ON_FOOT" conf="97" state="moving" tsMs="1789560339086"/>
        <radio op="vodafone IT" rat="LTE" q="23.10" rsrp="-92" sinr="2" rsrq="-8"/>
        <radio op="I TIM" rat="LTE" q="43.20" rsrp="-98" sinr="11" rsrq="-10"/>
      </extensions>
    </trkpt>
    <trkpt lat="45.6020589" lon="10.453067">
      <ele>261.1000061035156</ele>
      <time>2026-09-16T14:05:59.047+02:00</time>
      <extensions>
        <activity type="UNKNOWN" conf="40" state="unknown" tsMs="1789560348531"/>
        <radio op="vodafone IT" rat="LTE" q="17.00" rsrp="-91" sinr="0" rsrq="-8"/>
        <radio op="I TIM" rat="LTE" q="58.90" rsrp="-94" sinr="14" rsrq="-9"/>
      </extensions>
    </trkpt>
    <trkpt lat="45.6020742" lon="10.4530893">
      <ele>261.1000061035156</ele>
      <time>2026-09-16T14:06:10.026+02:00</time>
      <extensions>
        <activity type="UNKNOWN" conf="40" state="unknown" tsMs="1789560359753"/>
        <radio op="vodafone IT" rat="LTE" q="24.00" rsrp="-95" sinr="3" rsrq="-11"/>
        <radio op="I TIM" rat="LTE" q="30.80" rsrp="-97" sinr="6" rsrq="-10"/>
      </extensions>
    </trkpt>
    <trkpt lat="45.6020742" lon="10.4530893">
      <ele>261.1000061035156</ele>
      <time>2026-09-16T14:06:20.025+02:00</time>
      <extensions>
        <activity type="UNKNOWN" conf="40" state="unknown" tsMs="1789560372288"/>
        <radio op="vodafone IT" rat="LTE" q="17.40" rsrp="-96" sinr="1" rsrq="-11"/>
        <radio op="I TIM" rat="LTE" q="50.40" rsrp="-97" sinr="13" rsrq="-10"/>
      </extensions>
    </trkpt>
    <trkpt lat="45.602074" lon="10.4530885">
      <ele>261.1000061035156</ele>
      <time>2026-09-16T14:06:30.026+02:00</time>
      <extensions>
        <activity type="UNKNOWN" conf="40" state="unknown" tsMs="1789560372288"/>
        <radio op="vodafone IT" rat="LTE" q="24.30" rsrp="-98" sinr="4" rsrq="-10"/>
        <radio op="I TIM" rat="LTE" q="27.00" rsrp="-98" sinr="5" rsrq="-12"/>
      </extensions>
    </trkpt>
    <trkpt lat="45.6020739" lon="10.4530883">
      <ele>261.1000061035156</ele>
      <time>2026-09-16T14:06:40.026+02:00</time>
      <extensions>
        <activity type="UNKNOWN" conf="40" state="unknown" tsMs="1789560384743"/>
        <radio op="vodafone IT" rat="LTE" q="21.60" rsrp="-98" sinr="3" rsrq="-10"/>
        <radio op="I TIM" rat="LTE" q="44.20" rsrp="-99" sinr="12" rsrq="-13"/>
      </extensions>
    </trkpt>
    <trkpt lat="45.6020739" lon="10.4530883">
      <ele>261.1000061035156</ele>
      <time>2026-09-16T14:06:50.026+02:00</time>
      <extensions>
        <activity type="STILL" conf="35" state="still" tsMs="1789560397180"/>
        <radio op="vodafone IT" rat="LTE" q="13.50" rsrp="-98" sinr="0" rsrq="-10"/>
        <radio op="I TIM" rat="LTE" q="29.70" rsrp="-98" sinr="6" rsrq="-10"/>
      </extensions>
    </trkpt>
    <trkpt lat="45.6020739" lon="10.4530883">
      <ele>261.1000061035156</ele>
      <time>2026-09-16T14:07:00.025+02:00</time>
      <extensions>
        <activity type="STILL" conf="40" state="still" tsMs="1789560409621"/>
        <radio op="vodafone IT" rat="LTE" q="18.00" rsrp="-95" sinr="1" rsrq="-9"/>
        <radio op="I TIM" rat="LTE" q="22.50" rsrp="-100" sinr="4" rsrq="-11"/>
      </extensions>
    </trkpt>
    <trkpt lat="45.6020742" lon="10.4530888">
      <ele>261.1000061035156</ele>
      <time>2026-09-16T14:07:10.026+02:00</time>
      <extensions>
        <activity type="UNKNOWN" conf="40" state="unknown" tsMs="1789560422103"/>
        <radio op="vodafone IT" rat="LTE" q="18.50" rsrp="-88" sinr="0" rsrq="-11"/>
        <radio op="I TIM" rat="LTE" q="41.60" rsrp="-99" sinr="11" rsrq="-9"/>
      </extensions>
    </trkpt>
    <trkpt lat="45.6020753" lon="10.4530875">
      <ele>261.1000061035156</ele>
      <time>2026-09-16T14:07:20.026+02:00</time>
      <extensions>
        <activity type="STILL" conf="100" state="still" tsMs="1789560434649"/>
        <radio op="vodafone IT" rat="LTE" q="19.00" rsrp="-87" sinr="0" rsrq="-11"/>
        <radio op="I TIM" rat="LTE" q="36.00" rsrp="-95" sinr="7" rsrq="-9"/>
      </extensions>
    </trkpt>
    <trkpt lat="45.6020753" lon="10.4530875">
      <ele>261.1000061035156</ele>
      <time>2026-09-16T14:07:30.026+02:00</time>
      <extensions>
        <activity type="STILL" conf="100" state="still" tsMs="1789560443868"/>
        <radio op="vodafone IT" rat="LTE" q="19.00" rsrp="-87" sinr="0" rsrq="-9"/>
        <radio op="I TIM" rat="LTE" q="33.00" rsrp="-95" sinr="6" rsrq="-11"/>
      </extensions>
    </trkpt>
    <trkpt lat="45.6020748" lon="10.4530877">
      <ele>261.1000061035156</ele>
      <time>2026-09-16T14:07:40.026+02:00</time>
      <extensions>
        <activity type="IN_VEHICLE" conf="98" state="moving" tsMs="1789560453052"/>
        <radio op="vodafone IT" rat="LTE" q="19.00" rsrp="-87" sinr="0" rsrq="-12"/>
        <radio op="I TIM" rat="LTE" q="56.00" rsrp="-97" sinr="15" rsrq="-12"/>
      </extensions>
    </trkpt>
    <trkpt lat="45.6021282" lon="10.4531794">
      <ele>261.1000061035156</ele>
      <time>2026-09-16T14:07:51.026+02:00</time>
      <extensions>
        <activity type="IN_VEHICLE" conf="98" state="moving" tsMs="1789560453052"/>
        <radio op="vodafone IT" rat="LTE" q="37.00" rsrp="-88" sinr="5" rsrq="-11"/>
        <radio op="I TIM" rat="LTE" q="60.90" rsrp="-96" sinr="16" rsrq="-11"/>
      </extensions>
    </trkpt>
    <trkpt lat="45.6023507" lon="10.4536424">
      <ele>261.1000061035156</ele>
      <time>2026-09-16T14:08:01.026+02:00</time>
      <extensions>
        <activity type="IN_VEHICLE" conf="98" state="moving" tsMs="1789560465603"/>
        <radio op="vodafone IT" rat="LTE" q="37.40" rsrp="-91" sinr="6" rsrq="-12"/>
        <radio op="I TIM" rat="LTE" q="35.00" rsrp="-100" sinr="9" rsrq="-9"/>
      </extensions>
    </trkpt>
    <trkpt lat="45.6020372" lon="10.4539804">
      <ele>261.1000061035156</ele>
      <time>2026-09-16T14:08:11.026+02:00</time>
      <extensions>
        <activity type="IN_VEHICLE" conf="96" state="moving" tsMs="1789560487346"/>
        <radio op="vodafone IT" rat="LTE" q="26.40" rsrp="-92" sinr="3" rsrq="-11"/>
        <radio op="I TIM" rat="LTE" q="54.00" rsrp="-98" sinr="15" rsrq="-10"/>
      </extensions>
    </trkpt>
    <trkpt lat="45.6017632" lon="10.4541371">
      <ele>253.0</ele>
      <time>2026-09-16T14:08:21.026+02:00</time>
      <extensions>
        <activity type="IN_VEHICLE" conf="96" state="moving" tsMs="1789560496554"/>
        <radio op="vodafone IT" rat="LTE" q="21.60" rsrp="-89" sinr="1" rsrq="-11"/>
        <radio op="I TIM" rat="LTE" q="18.90" rsrp="-98" sinr="2" rsrq="-13"/>
      </extensions>
    </trkpt>
    <trkpt lat="45.6017528" lon="10.4541357">
      <ele>253.0</ele>
      <time>2026-09-16T14:08:31.025+02:00</time>
      <extensions>
        <activity type="STILL" conf="100" state="still" tsMs="1789560505715"/>
        <radio op="vodafone IT" rat="LTE" rsrp="-90" rsrq="-11"/>
        <radio op="I TIM" rat="LTE" q="26.10" rsrp="-96" sinr="4" rsrq="-12"/>
      </extensions>
    </trkpt>
    <trkpt lat="45.6017528" lon="10.4541357">
      <ele>253.0</ele>
      <time>2026-09-16T14:08:41.026+02:00</time>
      <extensions>
        <activity type="STILL" conf="100" state="still" tsMs="1789560514963"/>
        <radio op="vodafone IT" rat="LTE" rsrp="-89" rsrq="-11"/>
        <radio op="I TIM" rat="LTE" q="42.00" rsrp="-95" sinr="9" rsrq="-12"/>
      </extensions>
    </trkpt>
    <trkpt lat="45.6017405" lon="10.4541532">
      <ele>253.0</ele>
      <time>2026-09-16T14:08:51.026+02:00</time>
      <extensions>
        <activity type="STILL" conf="100" state="still" tsMs="1789560524189"/>
        <radio op="vodafone IT" rat="LTE" q="17.00" rsrp="-91" sinr="0" rsrq="-13"/>
        <radio op="I TIM" rat="LTE" q="31.90" rsrp="-96" sinr="6" rsrq="-12"/>
      </extensions>
    </trkpt>
    <trkpt lat="45.6017317" lon="10.4542408">
      <ele>252.0</ele>
      <time>2026-09-16T14:09:01.026+02:00</time>
      <extensions>
        <activity type="STILL" conf="100" state="still" tsMs="1789560533390"/>
        <radio op="vodafone IT" rat="LTE" q="22.20" rsrp="-88" sinr="1" rsrq="-9"/>
        <radio op="I TIM" rat="LTE" q="34.80" rsrp="-96" sinr="7" rsrq="-12"/>
      </extensions>
    </trkpt>
    <trkpt lat="45.6022034" lon="10.4549496">
      <ele>255.0</ele>
      <time>2026-09-16T14:09:11.025+02:00</time>
      <extensions>
        <activity type="IN_VEHICLE" conf="96" state="moving" tsMs="1789560542609"/>
        <radio op="vodafone IT" rat="LTE" q="70.00" rsrp="-90" sinr="15" rsrq="-11"/>
        <radio op="I TIM" rat="LTE" q="41.60" rsrp="-99" sinr="11" rsrq="-10"/>
      </extensions>
    </trkpt>
    <trkpt lat="45.6026648" lon="10.456159">
      <ele>254.0</ele>
      <time>2026-09-16T14:09:22.026+02:00</time>
      <extensions>
        <activity type="IN_VEHICLE" conf="97" state="moving" tsMs="1789560551846"/>
        <radio op="vodafone IT" rat="LTE" q="92.00" rsrp="-85" sinr="18" rsrq="-7"/>
        <radio op="I TIM" rat="LTE" q="24.00" rsrp="-101" sinr="5" rsrq="-11"/>
      </extensions>
    </trkpt>
    <trkpt lat="45.6029916" lon="10.4572482">
      <ele>254.0</ele>
      <time>2026-09-16T14:09:32.026+02:00</time>
      <extensions>
        <activity type="IN_VEHICLE" conf="96" state="moving" tsMs="1789560561045"/>
        <radio op="vodafone IT" rat="LTE" rsrp="-72" rsrq="-5"/>
        <radio op="I TIM" rat="LTE" q="15.40" rsrp="-111" sinr="6" rsrq="-12"/>
      </extensions>
    </trkpt>
    <trkpt lat="45.6032151" lon="10.4580165">
      <ele>258.0</ele>
      <time>2026-09-16T14:09:42.026+02:00</time>
      <extensions>
        <activity type="IN_VEHICLE" conf="96" state="moving" tsMs="1789560570273"/>
        <radio op="vodafone IT" rat="LTE" rsrp="-67" rsrq="-7"/>
        <radio op="I TIM" rat="LTE" rsrp="-113" rsrq="-15"/>
      </extensions>
    </trkpt>
    <trkpt lat="45.6033106" lon="10.4583422">
      <ele>258.0</ele>
      <time>2026-09-16T14:09:52.026+02:00</time>
      <extensions>
        <activity type="IN_VEHICLE" conf="97" state="moving" tsMs="1789560588727"/>
        <radio op="vodafone IT" rat="LTE" q="100.00" rsrp="-59" sinr="25" rsrq="-9"/>
        <radio op="I TIM" rat="LTE" rsrp="-110" rsrq="-16"/>
      </extensions>
    </trkpt>
    <trkpt lat="45.603329" lon="10.4584151">
      <ele>257.0</ele>
      <time>2026-09-16T14:09:53.026+02:00</time>
      <extensions>
        <activity type="IN_VEHICLE" conf="96" state="moving" tsMs="1789560597911"/>
        <radio op="vodafone IT" rat="LTE" q="100.00" rsrp="-65" sinr="25" rsrq="-9"/>
        <radio op="I TIM" rat="LTE" rsrp="-114" rsrq="-17"/>
      </extensions>
    </trkpt>
    <trkpt lat="45.604508" lon="10.4622396">
      <ele>261.0</ele>
      <time>2026-09-16T14:10:32.026+02:00</time>
      <extensions>
        <activity type="IN_VEHICLE" conf="96" state="moving" tsMs="1789560625561"/>
        <radio op="vodafone IT" rat="LTE" q="64.00" rsrp="-78" sinr="11" rsrq="-10"/>
        <radio op="I TIM" rat="LTE" rsrp="-111" rsrq="-14"/>
      </extensions>
    </trkpt>
    <trkpt lat="45.6048917" lon="10.4635309">
      <ele>263.4788035817493</ele>
      <time>2026-09-16T14:10:42.026+02:00</time>
      <extensions>
        <activity type="IN_VEHICLE" conf="96" state="moving" tsMs="1789560634760"/>
        <radio op="vodafone IT" rat="LTE" q="72.00" rsrp="-66" sinr="13" rsrq="-9"/>
        <radio op="I TIM" rat="LTE" rsrp="-112" rsrq="-16"/>
      </extensions>
    </trkpt>
    <trkpt lat="45.6051304" lon="10.4644655">
      <ele>267.5</ele>
      <time>2026-09-16T14:10:52.025+02:00</time>
      <extensions>
        <activity type="IN_VEHICLE" conf="97" state="moving" tsMs="1789560643945"/>
        <radio op="vodafone IT" rat="LTE" q="92.00" rsrp="-66" sinr="18" rsrq="-8"/>
        <radio op="I TIM" rat="LTE" q="8.00" rsrp="-109" sinr="0" rsrq="-15"/>
      </extensions>
    </trkpt>
    <trkpt lat="45.6046402" lon="10.4650617">
      <ele>267.5</ele>
      <time>2026-09-16T14:11:03.026+02:00</time>
      <extensions>
        <activity type="IN_VEHICLE" conf="95" state="moving" tsMs="1789560653123"/>
        <radio op="vodafone IT" rat="LTE" q="96.00" rsrp="-68" sinr="19" rsrq="-8"/>
        <radio op="I TIM" rat="LTE" rsrp="-110" rsrq="-14"/>
      </extensions>
    </trkpt>
    <trkpt lat="45.6037675" lon="10.4649287">
      <ele>267.5</ele>
      <time>2026-09-16T14:11:13.026+02:00</time>
      <extensions>
        <activity type="IN_VEHICLE" conf="90" state="moving" tsMs="1789560665658"/>
        <radio op="vodafone IT" rat="LTE" q="92.00" rsrp="-77" sinr="18" rsrq="-7"/>
        <radio op="I TIM" rat="LTE" q="28.60" rsrp="-103" sinr="8" rsrq="-12"/>
      </extensions>
    </trkpt>
    <trkpt lat="45.6028956" lon="10.4638347">
      <ele>267.5</ele>
      <time>2026-09-16T14:11:23.024+02:00</time>
      <extensions>
        <activity type="IN_VEHICLE" conf="96" state="moving" tsMs="1789560678160"/>
        <radio op="vodafone IT" rat="LTE" q="33.30" rsrp="-88" sinr="4" rsrq="-12"/>
        <radio op="I TIM" rat="LTE" q="52.50" rsrp="-90" sinr="10" rsrq="-7"/>
      </extensions>
    </trkpt>
    <trkpt lat="45.6017784" lon="10.4623428">
      <ele>267.5</ele>
      <time>2026-09-16T14:11:33.024+02:00</time>
      <extensions>
        <activity type="IN_VEHICLE" conf="96" state="moving" tsMs="1789560687407"/>
        <radio op="vodafone IT" rat="LTE" q="60.00" rsrp="-78" sinr="10" rsrq="-8"/>
        <radio op="I TIM" rat="LTE" q="64.60" rsrp="-91" sinr="14" rsrq="-12"/>
      </extensions>
    </trkpt>
    <trkpt lat="45.6002933" lon="10.461112">
      <ele>267.5</ele>
      <time>2026-09-16T14:11:43.025+02:00</time>
      <extensions>
        <activity type="IN_VEHICLE" conf="96" state="moving" tsMs="1789560696620"/>
        <radio op="vodafone IT" rat="LTE" q="40.00" rsrp="-80" sinr="5" rsrq="-9"/>
        <radio op="I TIM" rat="LTE" q="28.80" rsrp="-93" sinr="4" rsrq="-12"/>
      </extensions>
    </trkpt>
    <trkpt lat="45.5985076" lon="10.4605859">
      <ele>267.5</ele>
      <time>2026-09-16T14:11:53.025+02:00</time>
      <extensions>
        <activity type="IN_VEHICLE" conf="96" state="moving" tsMs="1789560705884"/>
        <radio op="vodafone IT" rat="LTE" rsrp="-84" rsrq="-9"/>
        <radio op="I TIM" rat="LTE" q="64.00" rsrp="-85" sinr="11" rsrq="-11"/>
      </extensions>
    </trkpt>
    <trkpt lat="45.5966486" lon="10.4603138">
      <ele>285.0</ele>
      <time>2026-09-16T14:12:03.025+02:00</time>
      <extensions>
        <activity type="IN_VEHICLE" conf="96" state="moving" tsMs="1789560715132"/>
        <radio op="vodafone IT" rat="LTE" q="68.00" rsrp="-91" sinr="15" rsrq="-6"/>
        <radio op="I TIM" rat="LTE" q="28.00" rsrp="-90" sinr="3" rsrq="-10"/>
      </extensions>
    </trkpt>
    <trkpt lat="45.5947363" lon="10.4600149">
      <ele>287.0</ele>
      <time>2026-09-16T14:12:13.025+02:00</time>
      <extensions>
        <activity type="IN_VEHICLE" conf="96" state="moving" tsMs="1789560724364"/>
        <radio op="vodafone IT" rat="LTE" q="56.10" rsrp="-92" sinr="12" rsrq="-7"/>
        <radio op="I TIM" rat="LTE" q="14.00" rsrp="-105" sinr="2" rsrq="-13"/>
      </extensions>
    </trkpt>
    <trkpt lat="45.5928084" lon="10.4594702">
      <ele>289.0</ele>
      <time>2026-09-16T14:12:23.025+02:00</time>
      <extensions>
        <activity type="IN_VEHICLE" conf="96" state="moving" tsMs="1789560733570"/>
        <radio op="vodafone IT" rat="LTE" q="48.00" rsrp="-80" sinr="7" rsrq="-10"/>
        <radio op="I TIM" rat="LTE" q="19.60" rsrp="-97" sinr="2" rsrq="-12"/>
      </extensions>
    </trkpt>
    <trkpt lat="45.5914297" lon="10.4584266">
      <ele>291.0</ele>
      <time>2026-09-16T14:12:31.025+02:00</time>
      <extensions>
        <activity type="IN_VEHICLE" conf="96" state="moving" tsMs="1789560742758"/>
        <radio op="vodafone IT" rat="LTE" q="8.40" rsrp="-113" sinr="2" rsrq="-15"/>
        <radio op="I TIM" rat="LTE" rsrp="-108" rsrq="-17"/>
      </extensions>
    </trkpt>
    <trkpt lat="45.5551528" lon="10.4339009">
      <ele>239.0</ele>
      <time>2026-09-16T14:16:41.025+02:00</time>
      <extensions>
        <activity type="IN_VEHICLE" conf="96" state="moving" tsMs="1789561005599"/>
        <radio op="vodafone IT" rat="LTE" rsrp="-86" rsrq="-13"/>
        <radio op="I TIM" rat="LTE" q="36.30" rsrp="-92" sinr="6" rsrq="-13"/>
      </extensions>
    </trkpt>
    <trkpt lat="45.5494705" lon="10.4305144">
      <ele>233.0</ele>
      <time>2026-09-16T14:17:16.025+02:00</time>
      <extensions>
        <activity type="IN_VEHICLE" conf="96" state="moving" tsMs="1789561033232"/>
        <radio op="vodafone IT" rat="LTE" q="88.00" rsrp="-76" sinr="17" rsrq="-11"/>
        <radio op="I TIM" rat="LTE" q="24.00" rsrp="-79" sinr="1" rsrq="-12"/>
      </extensions>
    </trkpt>
    <trkpt lat="45.547874" lon="10.4292879">
      <ele>229.0</ele>
      <time>2026-09-16T14:17:27.025+02:00</time>
      <extensions>
        <activity type="IN_VEHICLE" conf="97" state="moving" tsMs="1789561042454"/>
        <radio op="vodafone IT" rat="LTE" q="72.00" rsrp="-77" sinr="13" rsrq="-11"/>
        <radio op="I TIM" rat="LTE" q="33.30" rsrp="-88" sinr="4" rsrq="-13"/>
      </extensions>
    </trkpt>
    <trkpt lat="45.5464892" lon="10.428036">
      <ele>228.0</ele>
      <time>2026-09-16T14:17:37.024+02:00</time>
      <extensions>
        <activity type="IN_VEHICLE" conf="96" state="moving" tsMs="1789561051653"/>
        <radio op="vodafone IT" rat="LTE" q="22.50" rsrp="-110" sinr="10" rsrq="-10"/>
        <radio op="I TIM" rat="LTE" q="10.80" rsrp="-107" sinr="1" rsrq="-15"/>
      </extensions>
    </trkpt>
    <trkpt lat="45.5455667" lon="10.4269689">
      <ele>229.0</ele>
      <time>2026-09-16T14:17:45.488+02:00</time>
      <extensions>
        <activity type="IN_VEHICLE" conf="96" state="moving" tsMs="1789561060904"/>
        <radio op="vodafone IT" rat="LTE" q="67.20" rsrp="-93" sinr="16" rsrq="-10"/>
        <radio op="I TIM" rat="LTE" q="31.20" rsrp="-101" sinr="8" rsrq="-11"/>
      </extensions>
    </trkpt>
    <trkpt lat="45.5437068" lon="10.4248459">
      <ele>227.0</ele>
      <time>2026-09-16T14:17:57.025+02:00</time>
      <extensions>
        <activity type="IN_VEHICLE" conf="96" state="moving" tsMs="1789561068751"/>
        <radio op="vodafone IT" rat="LTE" q="92.00" rsrp="-77" sinr="18" rsrq="-9"/>
        <radio op="I TIM" rat="LTE" q="100.00" rsrp="-74" sinr="23" rsrq="-12"/>
      </extensions>
    </trkpt>
    <trkpt lat="45.5424712" lon="10.4233809">
      <ele>229.0</ele>
      <time>2026-09-16T14:18:07.025+02:00</time>
      <extensions>
        <activity type="IN_VEHICLE" conf="96" state="moving" tsMs="1789561077988"/>
        <radio op="vodafone IT" rat="LTE" q="100.00" rsrp="-81" sinr="23" rsrq="-10"/>
        <radio op="I TIM" rat="LTE" q="100.00" rsrp="-80" sinr="25" rsrq="-10"/>
      </extensions>
    </trkpt>
    <trkpt lat="45.541272" lon="10.4219177">
      <ele>232.0</ele>
      <time>2026-09-16T14:18:17.025+02:00</time>
      <extensions>
        <activity type="IN_VEHICLE" conf="96" state="moving" tsMs="1789561087205"/>
        <radio op="vodafone IT" rat="LTE" q="64.00" rsrp="-82" sinr="11" rsrq="-10"/>
        <radio op="I TIM" rat="LTE" q="68.00" rsrp="-84" sinr="12" rsrq="-10"/>
      </extensions>
    </trkpt>
    <trkpt lat="45.5400517" lon="10.4204253">
      <ele>232.0</ele>
      <time>2026-09-16T14:18:27.025+02:00</time>
      <extensions>
        <activity type="IN_VEHICLE" conf="97" state="moving" tsMs="1789561096414"/>
        <radio op="vodafone IT" rat="LTE" q="15.00" rsrp="-95" sinr="0" rsrq="-10"/>
        <radio op="I TIM" rat="LTE" q="88.00" rsrp="-85" sinr="17" rsrq="-10"/>
      </extensions>
    </trkpt>
    <trkpt lat="45.538768" lon="10.4186367">
      <ele>232.0</ele>
      <time>2026-09-16T14:18:37.025+02:00</time>
      <extensions>
        <activity type="IN_VEHICLE" conf="96" state="moving" tsMs="1789561105588"/>
        <radio op="vodafone IT" rat="LTE" rsrp="-98" rsrq="-12"/>
        <radio op="I TIM" rat="LTE" q="21.60" rsrp="-101" sinr="4" rsrq="-12"/>
      </extensions>
    </trkpt>
    <trkpt lat="45.5376827" lon="10.4169584">
      <ele>231.0</ele>
      <time>2026-09-16T14:18:47.025+02:00</time>
      <extensions>
        <activity type="IN_VEHICLE" conf="96" state="moving" tsMs="1789561123993"/>
        <radio op="vodafone IT" rat="LTE" rsrp="-103" rsrq="-15"/>
        <radio op="I TIM" rat="LTE" rsrp="-109" rsrq="-14"/>
      </extensions>
    </trkpt>
    <trkpt lat="45.5369887" lon="10.4148464">
      <ele>231.0</ele>
      <time>2026-09-16T14:18:58.025+02:00</time>
      <extensions>
        <activity type="IN_VEHICLE" conf="96" state="moving" tsMs="1789561123993"/>
        <radio op="vodafone IT" rat="LTE" rsrp="-104" rsrq="-16"/>
        <radio op="I TIM" rat="LTE" q="11.90" rsrp="-108" sinr="2" rsrq="-14"/>
      </extensions>
    </trkpt>
    <trkpt lat="45.5367406" lon="10.412526">
      <ele>229.0</ele>
      <time>2026-09-16T14:19:08.025+02:00</time>
      <extensions>
        <activity type="IN_VEHICLE" conf="95" state="moving" tsMs="1789561133251"/>
        <radio op="vodafone IT" rat="LTE" rsrp="-103" rsrq="-15"/>
        <radio op="I TIM" rat="LTE" rsrp="-107" rsrq="-14"/>
      </extensions>
    </trkpt>
    <trkpt lat="45.5363764" lon="10.4108881">
      <ele>227.0</ele>
      <time>2026-09-16T14:19:15.025+02:00</time>
      <extensions>
        <activity type="IN_VEHICLE" conf="97" state="moving" tsMs="1789561145796"/>
        <radio op="vodafone IT" rat="LTE" q="27.00" rsrp="-98" sinr="5" rsrq="-12"/>
        <radio op="I TIM" rat="LTE" rsrp="-107" rsrq="-14"/>
      </extensions>
    </trkpt>
    <trkpt lat="45.5335053" lon="10.4036597">
      <ele>220.0</ele>
      <time>2026-09-16T14:19:48.025+02:00</time>
      <extensions>
        <activity type="IN_VEHICLE" conf="96" state="moving" tsMs="1789561176812"/>
        <radio op="vodafone IT" rat="LTE" rsrp="-105" rsrq="-22"/>
        <radio op="I TIM" rat="LTE" rsrp="-105" rsrq="-11"/>
      </extensions>
    </trkpt>
    <trkpt lat="45.5326715" lon="10.4014167">
      <ele>219.0</ele>
      <time>2026-09-16T14:19:58.023+02:00</time>
      <extensions>
        <activity type="IN_VEHICLE" conf="96" state="moving" tsMs="1789561195235"/>
        <radio op="vodafone IT" rat="LTE" q="17.40" rsrp="-96" sinr="1" rsrq="-14"/>
        <radio op="I TIM" rat="LTE" rsrp="-101" rsrq="-13"/>
      </extensions>
    </trkpt>
    <trkpt lat="45.5318567" lon="10.3991756">
      <ele>218.0</ele>
      <time>2026-09-16T14:20:08.024+02:00</time>
      <extensions>
        <activity type="IN_VEHICLE" conf="96" state="moving" tsMs="1789561204472"/>
        <radio op="vodafone IT" rat="LTE" rsrp="-101" rsrq="-15"/>
        <radio op="I TIM" rat="LTE" rsrp="-103" rsrq="-13"/>
      </extensions>
    </trkpt>
    <trkpt lat="45.530989" lon="10.3967236">
      <ele>216.0</ele>
      <time>2026-09-16T14:20:19.024+02:00</time>
      <extensions>
        <activity type="IN_VEHICLE" conf="96" state="moving" tsMs="1789561213677"/>
        <radio op="vodafone IT" rat="LTE" q="37.40" rsrp="-91" sinr="6" rsrq="-10"/>
        <radio op="I TIM" rat="LTE" q="10.50" rsrp="-104" sinr="0" rsrq="-12"/>
      </extensions>
    </trkpt>
    <trkpt lat="45.5301501" lon="10.394371">
      <ele>216.0</ele>
      <time>2026-09-16T14:20:29.023+02:00</time>
      <extensions>
        <activity type="IN_VEHICLE" conf="96" state="moving" tsMs="1789561213677"/>
        <radio op="vodafone IT" rat="LTE" q="32.00" rsrp="-85" sinr="3" rsrq="-14"/>
        <radio op="I TIM" rat="LTE" q="17.60" rsrp="-103" sinr="3" rsrq="-10"/>
      </extensions>
    </trkpt>
    <trkpt lat="45.529332" lon="10.3920389">
      <ele>215.0</ele>
      <time>2026-09-16T14:20:39.024+02:00</time>
      <extensions>
        <activity type="IN_VEHICLE" conf="96" state="moving" tsMs="1789561235415"/>
        <radio op="vodafone IT" rat="LTE" q="60.00" rsrp="-85" sinr="10" rsrq="-9"/>
        <radio op="I TIM" rat="LTE" q="13.80" rsrp="-102" sinr="1" rsrq="-11"/>
      </extensions>
    </trkpt>
    <trkpt lat="45.5285437" lon="10.3897084">
      <ele>214.0</ele>
      <time>2026-09-16T14:20:49.024+02:00</time>
      <extensions>
        <activity type="IN_VEHICLE" conf="96" state="moving" tsMs="1789561235415"/>
        <radio op="vodafone IT" rat="LTE" q="23.80" rsrp="-91" sinr="2" rsrq="-11"/>
        <radio op="I TIM" rat="LTE" rsrp="-98" rsrq="-14"/>
      </extensions>
    </trkpt>
    <trkpt lat="45.5278021" lon="10.387376">
      <ele>213.0</ele>
      <time>2026-09-16T14:20:59.023+02:00</time>
      <extensions>
        <activity type="IN_VEHICLE" conf="97" state="moving" tsMs="1789561244668"/>
        <radio op="vodafone IT" rat="LTE" q="30.40" rsrp="-87" sinr="3" rsrq="-10"/>
        <radio op="I TIM" rat="LTE" q="40.50" rsrp="-98" sinr="10" rsrq="-10"/>
      </extensions>
    </trkpt>
    <trkpt lat="45.5270635" lon="10.3849867">
      <ele>212.0</ele>
      <time>2026-09-16T14:21:09.024+02:00</time>
      <extensions>
        <activity type="IN_VEHICLE" conf="96" state="moving" tsMs="1789561266455"/>
        <radio op="vodafone IT" rat="LTE" q="40.00" rsrp="-85" sinr="5" rsrq="-12"/>
        <radio op="I TIM" rat="LTE" q="20.30" rsrp="-96" sinr="2" rsrq="-13"/>
      </extensions>
    </trkpt>
    <trkpt lat="45.5262801" lon="10.3825392">
      <ele>212.0</ele>
      <time>2026-09-16T14:21:19.024+02:00</time>
      <extensions>
        <activity type="IN_VEHICLE" conf="96" state="moving" tsMs="1789561275666"/>
        <radio op="vodafone IT" rat="LTE" q="100.00" rsrp="-77" sinr="21" rsrq="-8"/>
        <radio op="I TIM" rat="LTE" q="8.00" rsrp="-109" sinr="0" rsrq="-18"/>
      </extensions>
    </trkpt>
    <trkpt lat="45.5252518" lon="10.3801976">
      <ele>210.0</ele>
      <time>2026-09-16T14:21:29.023+02:00</time>
      <extensions>
        <activity type="IN_VEHICLE" conf="96" state="moving" tsMs="1789561275666"/>
        <radio op="vodafone IT" rat="LTE" q="80.00" rsrp="-81" sinr="15" rsrq="-8"/>
        <radio op="I TIM" rat="LTE" q="37.20" rsrp="-94" sinr="7" rsrq="-12"/>
      </extensions>
    </trkpt>
    <trkpt lat="45.5241254" lon="10.3777108">
      <ele>209.0</ele>
      <time>2026-09-16T14:21:40.024+02:00</time>
      <extensions>
        <activity type="IN_VEHICLE" conf="98" state="moving" tsMs="1789561284868"/>
        <radio op="vodafone IT" rat="LTE" q="68.00" rsrp="-84" sinr="12" rsrq="-9"/>
        <radio op="I TIM" rat="LTE" q="20.00" rsrp="-84" sinr="0" rsrq="-11"/>
      </extensions>
    </trkpt>
    <trkpt lat="45.5234219" lon="10.3761218">
      <ele>209.0</ele>
      <time>2026-09-16T14:21:47.024+02:00</time>
      <extensions>
        <activity type="IN_VEHICLE" conf="97" state="moving" tsMs="1789561297369"/>
        <radio op="vodafone IT" rat="LTE" q="42.90" rsrp="-86" sinr="6" rsrq="-10"/>
        <radio op="I TIM" rat="LTE" rsrp="-110" rsrq="-11"/>
      </extensions>
    </trkpt>
    <trkpt lat="45.5216372" lon="10.372717">
      <ele>208.0</ele>
      <time>2026-09-16T14:22:20.023+02:00</time>
      <extensions>
        <activity type="IN_VEHICLE" conf="97" state="moving" tsMs="1789561331681"/>
        <radio op="vodafone IT" rat="LTE" q="39.20" rsrp="-97" sinr="9" rsrq="-12"/>
        <radio op="I TIM" rat="LTE" q="12.80" rsrp="-109" sinr="3" rsrq="-14"/>
      </extensions>
    </trkpt>
    <trkpt lat="45.5215162" lon="10.3725228">
      <ele>209.50001525878906</ele>
      <time>2026-09-16T14:22:30.023+02:00</time>
      <extensions>
        <activity type="IN_VEHICLE" conf="95" state="moving" tsMs="1789561340886"/>
        <radio op="vodafone IT" rat="LTE" q="47.60" rsrp="-91" sinr="9" rsrq="-14"/>
        <radio op="I TIM" rat="LTE" rsrp="-100" rsrq="-12"/>
      </extensions>
    </trkpt>
    <trkpt lat="45.5213164" lon="10.3721981">
      <ele>209.50001525878906</ele>
      <time>2026-09-16T14:22:40.023+02:00</time>
      <extensions>
        <activity type="IN_VEHICLE" conf="98" state="moving" tsMs="1789561353442"/>
        <radio op="vodafone IT" rat="LTE" q="51.20" rsrp="-93" sinr="11" rsrq="-14"/>
        <radio op="I TIM" rat="LTE" q="8.50" rsrp="-108" sinr="0" rsrq="-15"/>
      </extensions>
    </trkpt>
    <trkpt lat="45.5208777" lon="10.3714968">
      <ele>209.50001525878906</ele>
      <time>2026-09-16T14:22:50.023+02:00</time>
      <extensions>
        <activity type="IN_VEHICLE" conf="96" state="moving" tsMs="1789561366001"/>
        <radio op="vodafone IT" rat="LTE" q="41.60" rsrp="-93" sinr="8" rsrq="-13"/>
        <radio op="I TIM" rat="LTE" q="11.90" rsrp="-108" sinr="2" rsrq="-14"/>
      </extensions>
    </trkpt>
    <trkpt lat="45.5202821" lon="10.3705718">
      <ele>209.50001525878906</ele>
      <time>2026-09-16T14:23:00.024+02:00</time>
      <extensions>
        <activity type="IN_VEHICLE" conf="96" state="moving" tsMs="1789561366001"/>
        <radio op="vodafone IT" rat="LTE" rsrp="-92" rsrq="-10"/>
        <radio op="I TIM" rat="LTE" q="20.00" rsrp="-105" sinr="5" rsrq="-14"/>
      </extensions>
    </trkpt>
    <trkpt lat="45.5194262" lon="10.36923">
      <ele>209.50001525878906</ele>
      <time>2026-09-16T14:23:11.024+02:00</time>
      <extensions>
        <activity type="IN_VEHICLE" conf="96" state="moving" tsMs="1789561375201"/>
        <radio op="vodafone IT" rat="LTE" q="33.30" rsrp="-88" sinr="4" rsrq="-13"/>
        <radio op="I TIM" rat="LTE" rsrp="-99" rsrq="-16"/>
      </extensions>
    </trkpt>
    <trkpt lat="45.5186407" lon="10.3680874">
      <ele>209.50001525878906</ele>
      <time>2026-09-16T14:23:21.024+02:00</time>
      <extensions>
        <activity type="IN_VEHICLE" conf="98" state="moving" tsMs="1789561387737"/>
        <radio op="vodafone IT" rat="LTE" q="35.20" rsrp="-93" sinr="6" rsrq="-15"/>
        <radio op="I TIM" rat="LTE" rsrp="-110" rsrq="-16"/>
      </extensions>
    </trkpt>
    <trkpt lat="45.5178621" lon="10.3671913">
      <ele>209.50001525878906</ele>
      <time>2026-09-16T14:23:31.024+02:00</time>
      <extensions>
        <activity type="IN_VEHICLE" conf="96" state="moving" tsMs="1789561400246"/>
        <radio op="vodafone IT" rat="LTE" q="56.00" rsrp="-80" sinr="9" rsrq="-9"/>
        <radio op="I TIM" rat="LTE" rsrp="-111" rsrq="-19"/>
      </extensions>
    </trkpt>
    <trkpt lat="45.5170415" lon="10.3663576">
      <ele>207.0</ele>
      <time>2026-09-16T14:23:41.023+02:00</time>
      <extensions>
        <activity type="IN_VEHICLE" conf="98" state="moving" tsMs="1789561409458"/>
        <radio op="vodafone IT" rat="LTE" q="28.80" rsrp="-93" sinr="4" rsrq="-14"/>
        <radio op="I TIM" rat="LTE" rsrp="-109" rsrq="-16"/>
      </extensions>
    </trkpt>
    <trkpt lat="45.5161178" lon="10.365419">
      <ele>206.0</ele>
      <time>2026-09-16T14:23:51.024+02:00</time>
      <extensions>
        <activity type="IN_VEHICLE" conf="97" state="moving" tsMs="1789561421996"/>
        <radio op="vodafone IT" rat="LTE" q="60.00" rsrp="-79" sinr="10" rsrq="-11"/>
        <radio op="I TIM" rat="LTE" rsrp="-111" rsrq="-19"/>
      </extensions>
    </trkpt>
    <trkpt lat="45.5151102" lon="10.3643943">
      <ele>205.0</ele>
      <time>2026-09-16T14:24:01.024+02:00</time>
      <extensions>
        <activity type="IN_VEHICLE" conf="96" state="moving" tsMs="1789561434556"/>
        <radio op="vodafone IT" rat="LTE" q="58.50" rsrp="-86" sinr="10" rsrq="-11"/>
        <radio op="I TIM" rat="LTE" rsrp="-112" rsrq="-21"/>
      </extensions>
    </trkpt>
    <trkpt lat="45.5142532" lon="10.3632322">
      <ele>206.0</ele>
      <time>2026-09-16T14:24:11.023+02:00</time>
      <extensions>
        <activity type="IN_VEHICLE" conf="95" state="moving" tsMs="1789561443775"/>
        <radio op="vodafone IT" rat="LTE" q="53.20" rsrp="-87" sinr="9" rsrq="-8"/>
        <radio op="I TIM" rat="LTE" q="17.60" rsrp="-103" sinr="3" rsrq="-10"/>
      </extensions>
    </trkpt>
    <trkpt lat="45.5138023" lon="10.3618717">
      <ele>203.0</ele>
      <time>2026-09-16T14:24:19.024+02:00</time>
      <extensions>
        <activity type="IN_VEHICLE" conf="96" state="moving" tsMs="1789561456295"/>
        <radio op="vodafone IT" rat="LTE" q="56.00" rsrp="-84" sinr="9" rsrq="-11"/>
        <radio op="I TIM" rat="LTE" q="23.10" rsrp="-104" sinr="6" rsrq="-9"/>
      </extensions>
    </trkpt>
    <trkpt lat="45.5131311" lon="10.355726">
      <ele>198.0</ele>
      <time>2026-09-16T14:24:52.024+02:00</time>
      <extensions>
        <activity type="IN_VEHICLE" conf="96" state="moving" tsMs="1789561487319"/>
        <radio op="vodafone IT" rat="LTE" q="22.20" rsrp="-88" sinr="1" rsrq="-14"/>
        <radio op="I TIM" rat="LTE" q="39.60" rsrp="-89" sinr="6" rsrq="-8"/>
      </extensions>
    </trkpt>
    <trkpt lat="45.5128367" lon="10.3537394">
      <ele>196.0</ele>
      <time>2026-09-16T14:25:02.022+02:00</time>
      <extensions>
        <activity type="IN_VEHICLE" conf="96" state="moving" tsMs="1789561496084"/>
        <radio op="vodafone IT" rat="LTE" rsrp="-96" rsrq="-15"/>
        <radio op="I TIM" rat="LTE" q="96.00" rsrp="-81" sinr="19" rsrq="-11"/>
      </extensions>
    </trkpt>
    <trkpt lat="45.5125362" lon="10.3517242">
      <ele>197.0</ele>
      <time>2026-09-16T14:25:12.023+02:00</time>
      <extensions>
        <activity type="IN_VEHICLE" conf="96" state="moving" tsMs="1789561505318"/>
        <radio op="vodafone IT" rat="LTE" q="100.00" rsrp="-66" sinr="25" rsrq="-4"/>
        <radio op="I TIM" rat="LTE" q="96.00" rsrp="-76" sinr="19" rsrq="-7"/>
      </extensions>
    </trkpt>
    <trkpt lat="45.5121463" lon="10.3493693">
      <ele>197.0</ele>
      <time>2026-09-16T14:25:22.023+02:00</time>
      <extensions>
        <activity type="IN_VEHICLE" conf="96" state="moving" tsMs="1789561514526"/>
        <radio op="vodafone IT" rat="LTE" q="72.00" rsrp="-82" sinr="13" rsrq="-6"/>
        <radio op="I TIM" rat="LTE" q="76.00" rsrp="-83" sinr="14" rsrq="-8"/>
      </extensions>
    </trkpt>
    <trkpt lat="45.5115053" lon="10.3471676">
      <ele>196.0</ele>
      <time>2026-09-16T14:25:32.023+02:00</time>
      <extensions>
        <activity type="IN_VEHICLE" conf="97" state="moving" tsMs="1789561523751"/>
        <radio op="vodafone IT" rat="LTE" q="35.00" rsrp="-90" sinr="5" rsrq="-7"/>
        <radio op="I TIM" rat="LTE" q="96.00" rsrp="-77" sinr="19" rsrq="-5"/>
      </extensions>
    </trkpt>
    <trkpt lat="45.5106747" lon="10.3450508">
      <ele>195.0</ele>
      <time>2026-09-16T14:25:42.023+02:00</time>
      <extensions>
        <activity type="IN_VEHICLE" conf="96" state="moving" tsMs="1789561536243"/>
        <radio op="vodafone IT" rat="LTE" q="33.00" rsrp="-95" sinr="6" rsrq="-10"/>
        <radio op="I TIM" rat="LTE" q="77.70" rsrp="-88" sinr="16" rsrq="-7"/>
      </extensions>
    </trkpt>
    <trkpt lat="45.5097103" lon="10.3427471">
      <ele>194.0</ele>
      <time>2026-09-16T14:25:53.023+02:00</time>
      <extensions>
        <activity type="IN_VEHICLE" conf="96" state="moving" tsMs="1789561545464"/>
        <radio op="vodafone IT" rat="LTE" q="60.00" rsrp="-84" sinr="10" rsrq="-7"/>
        <radio op="I TIM" rat="LTE" q="40.00" rsrp="-83" sinr="5" rsrq="-6"/>
      </extensions>
    </trkpt>
    <trkpt lat="45.5086084" lon="10.3411979">
      <ele>194.0</ele>
      <time>2026-09-16T14:26:03.023+02:00</time>
      <extensions>
        <activity type="IN_VEHICLE" conf="98" state="moving" tsMs="1789561554688"/>
        <radio op="vodafone IT" rat="LTE" q="64.00" rsrp="-78" sinr="11" rsrq="-4"/>
        <radio op="I TIM" rat="LTE" rsrp="-86" rsrq="-9"/>
      </extensions>
    </trkpt>
    <trkpt lat="45.507592" lon="10.340181">
      <ele>195.0</ele>
      <time>2026-09-16T14:26:13.023+02:00</time>
      <extensions>
        <activity type="IN_VEHICLE" conf="96" state="moving" tsMs="1789561567238"/>
        <radio op="vodafone IT" rat="LTE" q="28.80" rsrp="-93" sinr="4" rsrq="-8"/>
        <radio op="I TIM" rat="LTE" rsrp="-88" rsrq="-10"/>
      </extensions>
    </trkpt>
    <trkpt lat="45.5065066" lon="10.3390731">
      <ele>198.0</ele>
      <time>2026-09-16T14:26:23.023+02:00</time>
      <extensions>
        <activity type="IN_VEHICLE" conf="96" state="moving" tsMs="1789561576476"/>
        <radio op="vodafone IT" rat="LTE" rsrp="-90" rsrq="-10"/>
        <radio op="I TIM" rat="LTE" rsrp="-92" rsrq="-11"/>
      </extensions>
    </trkpt>
    <trkpt lat="45.505622" lon="10.3379642">
      <ele>195.0</ele>
      <time>2026-09-16T14:26:33.023+02:00</time>
      <extensions>
        <activity type="IN_VEHICLE" conf="96" state="moving" tsMs="1789561585718"/>
        <radio op="vodafone IT" rat="LTE" q="52.80" rsrp="-92" sinr="11" rsrq="-6"/>
        <radio op="I TIM" rat="LTE" rsrp="-100" rsrq="-14"/>
      </extensions>
    </trkpt>
    <trkpt lat="45.505252" lon="10.3373939">
      <ele>196.0</ele>
      <time>2026-09-16T14:26:43.022+02:00</time>
      <extensions>
        <activity type="IN_VEHICLE" conf="96" state="moving" tsMs="1789561594915"/>
        <radio op="vodafone IT" rat="LTE" q="80.00" rsrp="-77" sinr="15" rsrq="-7"/>
        <radio op="I TIM" rat="LTE" q="60.00" rsrp="-83" sinr="10" rsrq="-6"/>
      </extensions>
    </trkpt>
    <trkpt lat="45.5050353" lon="10.3370002">
      <ele>196.0</ele>
      <time>2026-09-16T14:26:51.022+02:00</time>
      <extensions>
        <activity type="IN_VEHICLE" conf="96" state="moving" tsMs="1789561604055"/>
        <radio op="vodafone IT" rat="LTE" rsrp="-92" rsrq="-13"/>
        <radio op="I TIM" rat="LTE" q="16.50" rsrp="-92" sinr="0" rsrq="-14"/>
      </extensions>
    </trkpt>
    <trkpt lat="45.5046681" lon="10.3382196">
      <ele>195.20001220703125</ele>
      <time>2026-09-16T14:27:03.023+02:00</time>
      <extensions>
        <activity type="IN_VEHICLE" conf="96" state="moving" tsMs="1789561613241"/>
        <radio op="vodafone IT" rat="LTE" q="64.80" rsrp="-89" sinr="13" rsrq="-6"/>
        <radio op="I TIM" rat="LTE" q="95.00" rsrp="-87" sinr="20" rsrq="-6"/>
      </extensions>
    </trkpt>
    <trkpt lat="45.5044197" lon="10.338937">
      <ele>195.20001220703125</ele>
      <time>2026-09-16T14:27:13.023+02:00</time>
      <extensions>
        <activity type="IN_VEHICLE" conf="99" state="moving" tsMs="1789561622452"/>
        <radio op="vodafone IT" rat="LTE" q="100.00" rsrp="-76" sinr="24" rsrq="-5"/>
        <radio op="I TIM" rat="LTE" q="100.00" rsrp="-75" sinr="24" rsrq="-5"/>
      </extensions>
    </trkpt>
    <trkpt lat="45.5041558" lon="10.339743">
      <ele>195.20001220703125</ele>
      <time>2026-09-16T14:27:23.022+02:00</time>
      <extensions>
        <activity type="IN_VEHICLE" conf="98" state="moving" tsMs="1789561634974"/>
        <radio op="vodafone IT" rat="LTE" q="100.00" rsrp="-84" sinr="25" rsrq="-7"/>
        <radio op="I TIM" rat="LTE" q="100.00" rsrp="-81" sinr="22" rsrq="-5"/>
      </extensions>
    </trkpt>
    <trkpt lat="45.5040115" lon="10.3402753">
      <ele>195.20001220703125</ele>
      <time>2026-09-16T14:27:34.023+02:00</time>
      <extensions>
        <activity type="IN_VEHICLE" conf="98" state="moving" tsMs="1789561647566"/>
        <radio op="vodafone IT" rat="LTE" q="100.00" rsrp="-83" sinr="27" rsrq="-5"/>
        <radio op="I TIM" rat="LTE" q="100.00" rsrp="-84" sinr="20" rsrq="-9"/>
      </extensions>
    </trkpt>
    <trkpt lat="45.5040039" lon="10.3403114">
      <ele>195.20001220703125</ele>
      <time>2026-09-16T14:27:44.022+02:00</time>
      <extensions>
        <activity type="IN_VEHICLE" conf="98" state="moving" tsMs="1789561647566"/>
        <radio op="vodafone IT" rat="LTE" q="100.00" rsrp="-85" sinr="25" rsrq="-6"/>
        <radio op="I TIM" rat="LTE" q="100.00" rsrp="-83" sinr="23" rsrq="-7"/>
      </extensions>
    </trkpt>
    <trkpt lat="45.5041662" lon="10.339936">
      <ele>193.0</ele>
      <time>2026-09-16T14:27:54.022+02:00</time>
      <extensions>
        <activity type="IN_VEHICLE" conf="97" state="moving" tsMs="1789561660126"/>
        <radio op="vodafone IT" rat="LTE" q="100.00" rsrp="-82" sinr="22" rsrq="-6"/>
        <radio op="I TIM" rat="LTE" q="100.00" rsrp="-81" sinr="22" rsrq="-7"/>
      </extensions>
    </trkpt>
    <trkpt lat="45.5043788" lon="10.3397957">
      <ele>194.0</ele>
      <time>2026-09-16T14:28:04.023+02:00</time>
      <extensions>
        <activity type="IN_VEHICLE" conf="98" state="moving" tsMs="1789561672655"/>
        <radio op="vodafone IT" rat="LTE" q="100.00" rsrp="-78" sinr="25" rsrq="-9"/>
        <radio op="I TIM" rat="LTE" q="100.00" rsrp="-80" sinr="21" rsrq="-7"/>
      </extensions>
    </trkpt>
    <trkpt lat="45.5043624" lon="10.3397838">
      <ele>195.0</ele>
      <time>2026-09-16T14:28:14.023+02:00</time>
      <extensions>
        <activity type="IN_VEHICLE" conf="94" state="moving" tsMs="1789561685189"/>
        <radio op="vodafone IT" rat="LTE" q="100.00" rsrp="-77" sinr="26" rsrq="-7"/>
        <radio op="I TIM" rat="LTE" q="100.00" rsrp="-76" sinr="22" rsrq="-7"/>
      </extensions>
    </trkpt>
    <trkpt lat="45.5043605" lon="10.3397821">
      <ele>195.0</ele>
      <time>2026-09-16T14:28:24.023+02:00</time>
      <extensions>
        <activity type="UNKNOWN" conf="40" state="unknown" tsMs="1789561697749"/>
        <radio op="vodafone IT" rat="LTE" q="80.00" rsrp="-81" sinr="15" rsrq="-8"/>
        <radio op="I TIM" rat="LTE" q="100.00" rsrp="-74" sinr="22" rsrq="-5"/>
      </extensions>
    </trkpt>
    <trkpt lat="45.5043589" lon="10.3397829">
      <ele>195.0</ele>
      <time>2026-09-16T14:28:34.022+02:00</time>
      <extensions>
        <activity type="UNKNOWN" conf="40" state="unknown" tsMs="1789561697749"/>
        <radio op="vodafone IT" rat="LTE" q="100.00" rsrp="-81" sinr="22" rsrq="-7"/>
        <radio op="I TIM" rat="LTE" q="100.00" rsrp="-74" sinr="22" rsrq="-8"/>
      </extensions>
    </trkpt>
    <trkpt lat="45.5043877" lon="10.3396793">
      <ele>195.0</ele>
      <time>2026-09-16T14:28:44.022+02:00</time>
      <extensions>
        <activity type="IN_VEHICLE" conf="95" state="moving" tsMs="1789561710268"/>
        <radio op="vodafone IT" rat="LTE" q="100.00" rsrp="-81" sinr="20" rsrq="-5"/>
        <radio op="I TIM" rat="LTE" q="96.00" rsrp="-82" sinr="19" rsrq="-7"/>
      </extensions>
    </trkpt>
    <trkpt lat="45.5044407" lon="10.3396714">
      <ele>195.0</ele>
      <time>2026-09-16T14:28:53.023+02:00</time>
      <extensions>
        <activity type="IN_VEHICLE" conf="90" state="moving" tsMs="1789561722804"/>
        <radio op="vodafone IT" rat="LTE" q="74.00" rsrp="-88" sinr="15" rsrq="-6"/>
        <radio op="I TIM" rat="LTE" q="100.00" rsrp="-85" sinr="22" rsrq="-8"/>
      </extensions>
    </trkpt>
    <trkpt lat="45.5044408" lon="10.3396728">
      <ele>195.0</ele>
      <time>2026-09-16T14:29:25.023+02:00</time>
      <extensions>
        <activity type="STILL" conf="97" state="still" tsMs="1789561755488"/>
        <radio op="vodafone IT" rat="LTE" q="76.00" rsrp="-84" sinr="14" rsrq="-8"/>
        <radio op="I TIM" rat="LTE" q="92.50" rsrp="-88" sinr="21" rsrq="-5"/>
      </extensions>
    </trkpt>
    <trkpt lat="45.5044408" lon="10.3396728">
      <ele>194.70001220703125</ele>
      <time>2026-09-16T14:29:35.023+02:00</time>
      <extensions>
        <activity type="UNKNOWN" conf="40" state="unknown" tsMs="1789561762192"/>
        <radio op="vodafone IT" rat="LTE" q="81.90" rsrp="-86" sinr="16" rsrq="-6"/>
        <radio op="I TIM" rat="LTE" q="87.40" rsrp="-87" sinr="18" rsrq="-8"/>
      </extensions>
    </trkpt>
    <trkpt lat="45.5044408" lon="10.3396728">
      <ele>194.70001220703125</ele>
      <time>2026-09-16T14:29:45.022+02:00</time>
      <extensions>
        <activity type="STILL" conf="99" state="still" tsMs="1789561782327"/>
        <radio op="vodafone IT" rat="LTE" q="78.20" rsrp="-91" sinr="18" rsrq="-8"/>
        <radio op="I TIM" rat="LTE" q="87.50" rsrp="-90" sinr="21" rsrq="-8"/>
      </extensions>
    </trkpt>
    <trkpt lat="45.5044408" lon="10.3396728">
      <ele>194.70001220703125</ele>
      <time>2026-09-16T14:29:55.022+02:00</time>
      <extensions>
        <activity type="UNKNOWN" conf="40" state="unknown" tsMs="1789561789074"/>
        <radio op="vodafone IT" rat="LTE" q="87.50" rsrp="-90" sinr="21" rsrq="-6"/>
        <radio op="I TIM" rat="LTE" q="95.00" rsrp="-87" sinr="21" rsrq="-5"/>
      </extensions>
    </trkpt>
    <trkpt lat="45.5044918" lon="10.3396764">
      <ele>194.70001220703125</ele>
      <time>2026-09-16T14:30:05.023+02:00</time>
      <extensions>
        <activity type="UNKNOWN" conf="40" state="unknown" tsMs="1789561799083"/>
        <radio op="vodafone IT" rat="LTE" q="100.00" rsrp="-85" sinr="21" rsrq="-6"/>
        <radio op="I TIM" rat="LTE" q="100.00" rsrp="-85" sinr="24" rsrq="-5"/>
      </extensions>
    </trkpt>
    <trkpt lat="45.5044921" lon="10.339678">
      <ele>194.70001220703125</ele>
      <time>2026-09-16T14:30:16.023+02:00</time>
      <extensions>
        <activity type="STILL" conf="96" state="still" tsMs="1789561809055"/>
        <radio op="vodafone IT" rat="LTE" q="88.00" rsrp="-85" sinr="17" rsrq="-5"/>
        <radio op="I TIM" rat="LTE" q="92.50" rsrp="-88" sinr="26" rsrq="-8"/>
      </extensions>
    </trkpt>
    <trkpt lat="45.5044921" lon="10.339678">
      <ele>194.70001220703125</ele>
      <time>2026-09-16T14:30:26.023+02:00</time>
      <extensions>
        <activity type="UNKNOWN" conf="40" state="unknown" tsMs="1789561815737"/>
        <radio op="vodafone IT" rat="LTE" q="85.10" rsrp="-88" sinr="18" rsrq="-9"/>
        <radio op="I TIM" rat="LTE" q="92.50" rsrp="-88" sinr="23" rsrq="-7"/>
      </extensions>
    </trkpt>
    <trkpt lat="45.5044077" lon="10.3396635">
      <ele>194.70001220703125</ele>
      <time>2026-09-16T14:30:36.023+02:00</time>
      <extensions>
        <activity type="UNKNOWN" conf="40" state="unknown" tsMs="1789561825784"/>
        <radio op="vodafone IT" rat="LTE" q="100.00" rsrp="-84" sinr="21" rsrq="-9"/>
        <radio op="I TIM" rat="LTE" q="100.00" rsrp="-83" sinr="22" rsrq="-6"/>
      </extensions>
    </trkpt>
    <trkpt lat="45.5044733" lon="10.3396614">
      <ele>194.70001220703125</ele>
      <time>2026-09-16T14:30:46.023+02:00</time>
      <extensions>
        <activity type="UNKNOWN" conf="40" state="unknown" tsMs="1789561835844"/>
        <radio op="vodafone IT" rat="LTE" q="85.80" rsrp="-86" sinr="17" rsrq="-10"/>
        <radio op="I TIM" rat="LTE" q="76.00" rsrp="-84" sinr="14" rsrq="-8"/>
      </extensions>
    </trkpt>
    <trkpt lat="45.5044906" lon="10.3396773">
      <ele>179.0</ele>
      <time>2026-09-16T14:30:56.022+02:00</time>
      <extensions>
        <activity type="STILL" conf="56" state="still" tsMs="1789561845818"/>
        <radio op="vodafone IT" rat="LTE" q="56.00" rsrp="-82" sinr="9" rsrq="-11"/>
        <radio op="I TIM" rat="LTE" q="64.00" rsrp="-84" sinr="11" rsrq="-10"/>
      </extensions>
    </trkpt>
    <trkpt lat="45.504491" lon="10.3396776">
      <ele>179.0</ele>
      <time>2026-09-16T14:31:07.022+02:00</time>
      <extensions>
        <activity type="STILL" conf="100" state="still" tsMs="1789561855802"/>
        <radio op="vodafone IT" rat="LTE" q="78.00" rsrp="-86" sinr="15" rsrq="-9"/>
        <radio op="I TIM" rat="LTE" q="72.00" rsrp="-85" sinr="13" rsrq="-7"/>
      </extensions>
    </trkpt>
    <trkpt lat="45.504491" lon="10.3396776">
      <ele>179.0</ele>
      <time>2026-09-16T14:31:17.023+02:00</time>
      <extensions>
        <activity type="UNKNOWN" conf="40" state="unknown" tsMs="1789561865794"/>
        <radio op="vodafone IT" rat="LTE" q="100.00" rsrp="-85" sinr="21" rsrq="-9"/>
        <radio op="I TIM" rat="LTE" q="95.00" rsrp="-87" sinr="20" rsrq="-6"/>
      </extensions>
    </trkpt>
    <trkpt lat="45.5044863" lon="10.339688">
      <ele>178.0</ele>
      <time>2026-09-16T14:31:24.022+02:00</time>
      <extensions>
        <activity type="IN_VEHICLE" conf="86" state="moving" tsMs="1789561875794"/>
        <radio op="vodafone IT" rat="LTE" q="100.00" rsrp="-83" sinr="20" rsrq="-9"/>
        <radio op="I TIM" rat="LTE" q="85.80" rsrp="-86" sinr="17" rsrq="-6"/>
      </extensions>
    </trkpt>
    <trkpt lat="45.5045014" lon="10.339713">
      <ele>180.0</ele>
      <time>2026-09-16T14:31:57.022+02:00</time>
      <extensions>
        <activity type="UNKNOWN" conf="40" state="unknown" tsMs="1789561908378"/>
        <radio op="vodafone IT" rat="LTE" q="48.00" rsrp="-85" sinr="7" rsrq="-7"/>
        <radio op="I TIM" rat="LTE" q="91.20" rsrp="-87" sinr="19" rsrq="-5"/>
      </extensions>
    </trkpt>
    <trkpt lat="45.504497" lon="10.3396682">
      <ele>194.70001220703125</ele>
      <time>2026-09-16T14:32:07.022+02:00</time>
      <extensions>
        <activity type="UNKNOWN" conf="40" state="unknown" tsMs="1789561920966"/>
        <radio op="vodafone IT" rat="LTE" q="60.00" rsrp="-85" sinr="10" rsrq="-6"/>
        <radio op="I TIM" rat="LTE" q="91.20" rsrp="-87" sinr="19" rsrq="-11"/>
      </extensions>
    </trkpt>
    <trkpt lat="45.5045031" lon="10.3396875">
      <ele>194.70001220703125</ele>
      <time>2026-09-16T14:32:17.021+02:00</time>
      <extensions>
        <activity type="STILL" conf="100" state="still" tsMs="1789561933496"/>
        <radio op="vodafone IT" rat="LTE" q="72.00" rsrp="-83" sinr="13" rsrq="-10"/>
        <radio op="I TIM" rat="LTE" q="96.00" rsrp="-85" sinr="19" rsrq="-6"/>
      </extensions>
    </trkpt>
    <trkpt lat="45.5044558" lon="10.3397008">
      <ele>194.70001220703125</ele>
      <time>2026-09-16T14:32:28.021+02:00</time>
      <extensions>
        <activity type="STILL" conf="100" state="still" tsMs="1789561933496"/>
        <radio op="vodafone IT" rat="LTE" q="74.00" rsrp="-88" sinr="15" rsrq="-8"/>
        <radio op="I TIM" rat="LTE" q="49.40" rsrp="-87" sinr="8" rsrq="-7"/>
      </extensions>
    </trkpt>
    <trkpt lat="45.5044513" lon="10.3396927">
      <ele>194.70001220703125</ele>
      <time>2026-09-16T14:32:38.022+02:00</time>
      <extensions>
        <activity type="UNKNOWN" conf="40" state="unknown" tsMs="1789561942796"/>
        <radio op="vodafone IT" rat="LTE" q="72.00" rsrp="-89" sinr="15" rsrq="-7"/>
        <radio op="I TIM" rat="LTE" q="70.30" rsrp="-88" sinr="14" rsrq="-6"/>
      </extensions>
    </trkpt>
    <trkpt lat="45.5044409" lon="10.3396905">
      <ele>194.70001220703125</ele>
      <time>2026-09-16T14:32:48.021+02:00</time>
      <extensions>
        <activity type="STILL" conf="98" state="still" tsMs="1789561955340"/>
        <radio op="vodafone IT" rat="LTE" q="88.00" rsrp="-81" sinr="17" rsrq="-9"/>
        <radio op="I TIM" rat="LTE" q="76.00" rsrp="-82" sinr="14" rsrq="-6"/>
      </extensions>
    </trkpt>
    <trkpt lat="45.5044443" lon="10.3396575">
      <ele>194.70001220703125</ele>
      <time>2026-09-16T14:32:58.022+02:00</time>
      <extensions>
        <activity type="UNKNOWN" conf="40" state="unknown" tsMs="1789561964585"/>
        <radio op="vodafone IT" rat="LTE" q="92.00" rsrp="-82" sinr="18" rsrq="-8"/>
        <radio op="I TIM" rat="LTE" q="68.00" rsrp="-83" sinr="12" rsrq="-6"/>
      </extensions>
    </trkpt>
    <trkpt lat="45.5044549" lon="10.3396695">
      <ele>194.70001220703125</ele>
      <time>2026-09-16T14:33:08.022+02:00</time>
      <extensions>
        <activity type="STILL" conf="33" state="still" tsMs="1789561977037"/>
        <radio op="vodafone IT" rat="LTE" q="72.00" rsrp="-81" sinr="13" rsrq="-9"/>
        <radio op="I TIM" rat="LTE" q="64.00" rsrp="-82" sinr="11" rsrq="-7"/>
      </extensions>
    </trkpt>
    <trkpt lat="45.5044549" lon="10.3396695">
      <ele>194.70001220703125</ele>
      <time>2026-09-16T14:33:18.022+02:00</time>
      <extensions>
        <activity type="UNKNOWN" conf="40" state="unknown" tsMs="1789561989569"/>
        <radio op="vodafone IT" rat="LTE" q="88.00" rsrp="-81" sinr="17" rsrq="-8"/>
        <radio op="I TIM" rat="LTE" q="100.00" rsrp="-83" sinr="20" rsrq="-7"/>
      </extensions>
    </trkpt>
    <trkpt lat="45.5044929" lon="10.3396968">
      <ele>181.0</ele>
      <time>2026-09-16T14:33:28.022+02:00</time>
      <extensions>
        <activity type="UNKNOWN" conf="40" state="unknown" tsMs="1789562002028"/>
        <radio op="vodafone IT" rat="LTE" q="83.60" rsrp="-87" sinr="17" rsrq="-6"/>
        <radio op="I TIM" rat="LTE" q="100.00" rsrp="-84" sinr="21" rsrq="-10"/>
      </extensions>
    </trkpt>
    <trkpt lat="45.5045448" lon="10.3395572">
      <ele>189.0</ele>
      <time>2026-09-16T14:33:38.021+02:00</time>
      <extensions>
        <activity type="IN_VEHICLE" conf="96" state="moving" tsMs="1789562014571"/>
        <radio op="vodafone IT" rat="LTE" q="85.80" rsrp="-86" sinr="17" rsrq="-6"/>
        <radio op="I TIM" rat="LTE" q="88.00" rsrp="-85" sinr="17" rsrq="-6"/>
      </extensions>
    </trkpt>
    <trkpt lat="45.5043873" lon="10.3392353">
      <ele>193.0</ele>
      <time>2026-09-16T14:33:48.022+02:00</time>
      <extensions>
        <activity type="IN_VEHICLE" conf="97" state="moving" tsMs="1789562023758"/>
        <radio op="vodafone IT" rat="LTE" q="100.00" rsrp="-70" sinr="28" rsrq="-6"/>
        <radio op="I TIM" rat="LTE" q="100.00" rsrp="-76" sinr="22" rsrq="-6"/>
      </extensions>
    </trkpt>
    <trkpt lat="45.5046073" lon="10.3387109">
      <ele>193.0</ele>
      <time>2026-09-16T14:33:56.022+02:00</time>
      <extensions>
        <activity type="IN_VEHICLE" conf="97" state="moving" tsMs="1789562023758"/>
        <radio op="vodafone IT" rat="LTE" q="84.00" rsrp="-81" sinr="16" rsrq="-10"/>
        <radio op="I TIM" rat="LTE" q="92.00" rsrp="-80" sinr="18" rsrq="-6"/>
      </extensions>
    </trkpt>
    <trkpt lat="45.505471" lon="10.3364591">
      <ele>192.0</ele>
      <time>2026-09-16T14:34:29.021+02:00</time>
      <extensions>
        <activity type="IN_VEHICLE" conf="91" state="moving" tsMs="1789562054732"/>
        <radio op="vodafone IT" rat="LTE" q="26.10" rsrp="-96" sinr="4" rsrq="-8"/>
        <radio op="I TIM" rat="LTE" q="48.00" rsrp="-93" sinr="10" rsrq="-9"/>
      </extensions>
    </trkpt>
    <trkpt lat="45.5062588" lon="10.3349533">
      <ele>192.0</ele>
      <time>2026-09-16T14:34:39.021+02:00</time>
      <extensions>
        <activity type="IN_VEHICLE" conf="96" state="moving" tsMs="1789562067262"/>
        <radio op="vodafone IT" rat="LTE" q="79.80" rsrp="-87" sinr="16" rsrq="-8"/>
        <radio op="I TIM" rat="LTE" q="53.20" rsrp="-87" sinr="9" rsrq="-6"/>
      </extensions>
    </trkpt>
    <trkpt lat="45.5069204" lon="10.3336307">
      <ele>193.0</ele>
      <time>2026-09-16T14:34:49.021+02:00</time>
      <extensions>
        <activity type="IN_VEHICLE" conf="97" state="moving" tsMs="1789562085671"/>
        <radio op="vodafone IT" rat="LTE" q="29.70" rsrp="-98" sinr="6" rsrq="-9"/>
        <radio op="I TIM" rat="LTE" q="39.60" rsrp="-92" sinr="7" rsrq="-6"/>
      </extensions>
    </trkpt>
    <trkpt lat="45.5073996" lon="10.3325844">
      <ele>193.0</ele>
      <time>2026-09-16T14:34:59.021+02:00</time>
      <extensions>
        <activity type="IN_VEHICLE" conf="96" state="moving" tsMs="1789562094915"/>
        <radio op="vodafone IT" rat="LTE" rsrp="-105" rsrq="-15"/>
        <radio op="I TIM" rat="LTE" q="15.20" rsrp="-106" sinr="3" rsrq="-9"/>
      </extensions>
    </trkpt>
    <trkpt lat="45.5074637" lon="10.3314437">
      <ele>191.0</ele>
      <time>2026-09-16T14:35:09.022+02:00</time>
      <extensions>
        <activity type="IN_VEHICLE" conf="96" state="moving" tsMs="1789562104069"/>
        <radio op="vodafone IT" rat="LTE" rsrp="-105" rsrq="-14"/>
        <radio op="I TIM" rat="LTE" q="20.00" rsrp="-105" sinr="5" rsrq="-10"/>
      </extensions>
    </trkpt>
    <trkpt lat="45.5078135" lon="10.3298301">
      <ele>192.0</ele>
      <time>2026-09-16T14:35:19.021+02:00</time>
      <extensions>
        <activity type="IN_VEHICLE" conf="97" state="moving" tsMs="1789562113308"/>
        <radio op="vodafone IT" rat="LTE" q="64.60" rsrp="-87" sinr="12" rsrq="-5"/>
        <radio op="I TIM" rat="LTE" rsrp="-89" rsrq="-12"/>
      </extensions>
    </trkpt>
    <trkpt lat="45.5082982" lon="10.3278471">
      <ele>191.0</ele>
      <time>2026-09-16T14:35:30.021+02:00</time>
      <extensions>
        <activity type="IN_VEHICLE" conf="97" state="moving" tsMs="1789562113308"/>
        <radio op="vodafone IT" rat="LTE" q="100.00" rsrp="-72" sinr="23" rsrq="-8"/>
        <radio op="I TIM" rat="LTE" q="88.00" rsrp="-75" sinr="17" rsrq="-12"/>
      </extensions>
    </trkpt>
    <trkpt lat="45.5087573" lon="10.325866">
      <ele>191.0</ele>
      <time>2026-09-16T14:35:40.021+02:00</time>
      <extensions>
        <activity type="IN_VEHICLE" conf="97" state="moving" tsMs="1789562125822"/>
        <radio op="vodafone IT" rat="LTE" q="100.00" rsrp="-71" sinr="30" rsrq="-8"/>
        <radio op="I TIM" rat="LTE" rsrp="-74" rsrq="-14"/>
      </extensions>
    </trkpt>
    <trkpt lat="45.5091789" lon="10.3240689">
      <ele>190.0</ele>
      <time>2026-09-16T14:35:50.022+02:00</time>
      <extensions>
        <activity type="IN_VEHICLE" conf="96" state="moving" tsMs="1789562138340"/>
        <radio op="vodafone IT" rat="LTE" q="90.00" rsrp="-89" sinr="20" rsrq="-11"/>
        <radio op="I TIM" rat="LTE" q="80.00" rsrp="-64" sinr="15" rsrq="-12"/>
      </extensions>
    </trkpt>
    <trkpt lat="45.5095623" lon="10.3224202">
      <ele>191.0</ele>
      <time>2026-09-16T14:36:00.021+02:00</time>
      <extensions>
        <activity type="IN_VEHICLE" conf="97" state="moving" tsMs="1789562156838"/>
        <radio op="vodafone IT" rat="LTE" q="16.00" rsrp="-105" sinr="3" rsrq="-11"/>
        <radio op="I TIM" rat="LTE" q="88.00" rsrp="-77" sinr="17" rsrq="-12"/>
      </extensions>
    </trkpt>
    <trkpt lat="45.5098122" lon="10.3217187">
      <ele>190.0</ele>
      <time>2026-09-16T14:36:10.021+02:00</time>
      <extensions>
        <activity type="IN_VEHICLE" conf="97" state="moving" tsMs="1789562166038"/>
        <radio op="vodafone IT" rat="LTE" q="8.50" rsrp="-108" sinr="0" rsrq="-18"/>
        <radio op="I TIM" rat="LTE" q="72.00" rsrp="-77" sinr="13" rsrq="-12"/>
      </extensions>
    </trkpt>
    <trkpt lat="45.5100013" lon="10.3205608">
      <ele>189.0</ele>
      <time>2026-09-16T14:36:20.022+02:00</time>
      <extensions>
        <activity type="IN_VEHICLE" conf="96" state="moving" tsMs="1789562175259"/>
        <radio op="vodafone IT" rat="LTE" q="12.00" rsrp="-105" sinr="1" rsrq="-12"/>
        <radio op="I TIM" rat="LTE" q="68.00" rsrp="-80" sinr="12" rsrq="-12"/>
      </extensions>
    </trkpt>
    <trkpt lat="45.5102745" lon="10.3193855">
      <ele>189.0</ele>
      <time>2026-09-16T14:36:29.021+02:00</time>
      <extensions>
        <activity type="IN_VEHICLE" conf="96" state="moving" tsMs="1789562175259"/>
        <radio op="vodafone IT" rat="LTE" q="27.60" rsrp="-102" sinr="7" rsrq="-9"/>
        <radio op="I TIM" rat="LTE" q="64.00" rsrp="-85" sinr="11" rsrq="-12"/>
      </extensions>
    </trkpt>
    <trkpt lat="45.5111098" lon="10.3158892">
      <ele>187.0</ele>
      <time>2026-09-16T14:37:01.022+02:00</time>
      <extensions>
        <activity type="IN_VEHICLE" conf="96" state="moving" tsMs="1789562215508"/>
        <radio op="vodafone IT" rat="LTE" q="53.20" rsrp="-97" sinr="14" rsrq="-8"/>
        <radio op="I TIM" rat="LTE" rsrp="-87" rsrq="-16"/>
      </extensions>
    </trkpt>
    <trkpt lat="45.5114819" lon="10.3143281">
      <ele>193.40000915527344</ele>
      <time>2026-09-16T14:37:11.02+02:00</time>
      <extensions>
        <activity type="IN_VEHICLE" conf="96" state="moving" tsMs="1789562224510"/>
        <radio op="vodafone IT" rat="LTE" q="60.80" rsrp="-93" sinr="14" rsrq="-5"/>
        <radio op="I TIM" rat="LTE" q="32.00" rsrp="-82" sinr="3" rsrq="-13"/>
      </extensions>
    </trkpt>
    <trkpt lat="45.5116166" lon="10.3137547">
      <ele>193.40000915527344</ele>
      <time>2026-09-16T14:37:21.021+02:00</time>
      <extensions>
        <activity type="IN_VEHICLE" conf="97" state="moving" tsMs="1789562233720"/>
        <radio op="vodafone IT" rat="LTE" q="55.80" rsrp="-94" sinr="13" rsrq="-5"/>
        <radio op="I TIM" rat="LTE" q="36.00" rsrp="-77" sinr="4" rsrq="-12"/>
      </extensions>
    </trkpt>
    <trkpt lat="45.5116166" lon="10.3137547">
      <ele>193.40000915527344</ele>
      <time>2026-09-16T14:37:31.021+02:00</time>
      <extensions>
        <activity type="STILL" conf="100" state="still" tsMs="1789562246256"/>
        <radio op="vodafone IT" rat="LTE" q="51.00" rsrp="-95" sinr="12" rsrq="-5"/>
        <radio op="I TIM" rat="LTE" q="40.00" rsrp="-76" sinr="5" rsrq="-9"/>
      </extensions>
    </trkpt>
    <trkpt lat="45.5116166" lon="10.3137547">
      <ele>193.40000915527344</ele>
      <time>2026-09-16T14:37:41.021+02:00</time>
      <extensions>
        <activity type="STILL" conf="100" state="still" tsMs="1789562255489"/>
        <radio op="vodafone IT" rat="LTE" rsrp="-115" rsrq="-13"/>
        <radio op="I TIM" rat="LTE" q="40.00" rsrp="-75" sinr="5" rsrq="-9"/>
      </extensions>
    </trkpt>
    <trkpt lat="45.5116166" lon="10.3137547">
      <ele>193.40000915527344</ele>
      <time>2026-09-16T14:37:51.021+02:00</time>
      <extensions>
        <activity type="STILL" conf="50" state="still" tsMs="1789562264705"/>
        <radio op="vodafone IT" rat="LTE" q="64.00" rsrp="-79" sinr="11" rsrq="-8"/>
        <radio op="I TIM" rat="LTE" q="68.00" rsrp="-75" sinr="12" rsrq="-11"/>
      </extensions>
    </trkpt>
    <trkpt lat="45.5116256" lon="10.3137421">
      <ele>193.40000915527344</ele>
      <time>2026-09-16T14:38:01.02+02:00</time>
      <extensions>
        <activity type="STILL" conf="50" state="still" tsMs="1789562264705"/>
        <radio op="vodafone IT" rat="LTE" q="56.00" rsrp="-80" sinr="9" rsrq="-8"/>
        <radio op="I TIM" rat="LTE" q="60.00" rsrp="-77" sinr="10" rsrq="-9"/>
      </extensions>
    </trkpt>
    <trkpt lat="45.5118455" lon="10.3127842">
      <ele>193.40000915527344</ele>
      <time>2026-09-16T14:38:11.021+02:00</time>
      <extensions>
        <activity type="IN_VEHICLE" conf="90" state="moving" tsMs="1789562277258"/>
        <radio op="vodafone IT" rat="LTE" q="60.00" rsrp="-82" sinr="10" rsrq="-12"/>
        <radio op="I TIM" rat="LTE" q="48.00" rsrp="-85" sinr="7" rsrq="-12"/>
      </extensions>
    </trkpt>
    <trkpt lat="45.5122552" lon="10.3109974">
      <ele>186.0</ele>
      <time>2026-09-16T14:38:21.021+02:00</time>
      <extensions>
        <activity type="IN_VEHICLE" conf="91" state="moving" tsMs="1789562289782"/>
        <radio op="vodafone IT" rat="LTE" q="80.00" rsrp="-73" sinr="15" rsrq="-7"/>
        <radio op="I TIM" rat="LTE" q="72.00" rsrp="-74" sinr="13" rsrq="-9"/>
      </extensions>
    </trkpt>
    <trkpt lat="45.5127133" lon="10.3090206">
      <ele>187.0</ele>
      <time>2026-09-16T14:38:31.021+02:00</time>
      <extensions>
        <activity type="IN_VEHICLE" conf="96" state="moving" tsMs="1789562302329"/>
        <radio op="vodafone IT" rat="LTE" q="68.00" rsrp="-79" sinr="12" rsrq="-7"/>
        <radio op="I TIM" rat="LTE" q="72.00" rsrp="-79" sinr="13" rsrq="-9"/>
      </extensions>
    </trkpt>
    <trkpt lat="45.5131952" lon="10.3070069">
      <ele>187.0</ele>
      <time>2026-09-16T14:38:42.02+02:00</time>
      <extensions>
        <activity type="IN_VEHICLE" conf="96" state="moving" tsMs="1789562311555"/>
        <radio op="vodafone IT" rat="LTE" q="64.00" rsrp="-82" sinr="11" rsrq="-7"/>
        <radio op="I TIM" rat="LTE" q="52.00" rsrp="-79" sinr="8" rsrq="-12"/>
      </extensions>
    </trkpt>
    <trkpt lat="45.5134523" lon="10.3059478">
      <ele>186.0</ele>
      <time>2026-09-16T14:38:52.021+02:00</time>
      <extensions>
        <activity type="IN_VEHICLE" conf="96" state="moving" tsMs="1789562320757"/>
        <radio op="vodafone IT" rat="LTE" q="52.00" rsrp="-83" sinr="8" rsrq="-8"/>
        <radio op="I TIM" rat="LTE" q="21.60" rsrp="-89" sinr="1" rsrq="-17"/>
      </extensions>
    </trkpt>
    <trkpt lat="45.5137682" lon="10.3046302">
      <ele>184.0</ele>
      <time>2026-09-16T14:39:00.021+02:00</time>
      <extensions>
        <activity type="IN_VEHICLE" conf="96" state="moving" tsMs="1789562329957"/>
        <radio op="vodafone IT" rat="LTE" q="28.00" rsrp="-90" sinr="3" rsrq="-10"/>
        <radio op="I TIM" rat="LTE" q="48.00" rsrp="-77" sinr="7" rsrq="-10"/>
      </extensions>
    </trkpt>
    <trkpt lat="45.5153094" lon="10.2981386">
      <ele>185.0</ele>
      <time>2026-09-16T14:39:32.021+02:00</time>
      <extensions>
        <activity type="IN_VEHICLE" conf="96" state="moving" tsMs="1789562366794"/>
        <radio op="vodafone IT" rat="LTE" rsrp="-91" rsrq="-12"/>
        <radio op="I TIM" rat="LTE" rsrp="-87" rsrq="-14"/>
      </extensions>
    </trkpt>
    <trkpt lat="45.5156525" lon="10.2965687">
      <ele>184.0</ele>
      <time>2026-09-16T14:39:42.021+02:00</time>
      <extensions>
        <activity type="IN_VEHICLE" conf="98" state="moving" tsMs="1789562375989"/>
        <radio op="vodafone IT" rat="LTE" q="17.40" rsrp="-96" sinr="1" rsrq="-12"/>
        <radio op="I TIM" rat="LTE" rsrp="-92" rsrq="-13"/>
      </extensions>
    </trkpt>
    <trkpt lat="45.5160604" lon="10.2948597">
      <ele>183.0</ele>
      <time>2026-09-16T14:39:52.021+02:00</time>
      <extensions>
        <activity type="IN_VEHICLE" conf="96" state="moving" tsMs="1789562388541"/>
        <radio op="vodafone IT" rat="LTE" rsrp="-98" rsrq="-16"/>
        <radio op="I TIM" rat="LTE" rsrp="-97" rsrq="-17"/>
      </extensions>
    </trkpt>
    <trkpt lat="45.5165203" lon="10.2928371">
      <ele>183.0</ele>
      <time>2026-09-16T14:40:02.021+02:00</time>
      <extensions>
        <activity type="IN_VEHICLE" conf="96" state="moving" tsMs="1789562397730"/>
        <radio op="vodafone IT" rat="LTE" rsrp="-100" rsrq="-13"/>
        <radio op="I TIM" rat="LTE" rsrp="-87" rsrq="-9"/>
      </extensions>
    </trkpt>
    <trkpt lat="45.5169985" lon="10.2908369">
      <ele>182.0</ele>
      <time>2026-09-16T14:40:12.021+02:00</time>
      <extensions>
        <activity type="IN_VEHICLE" conf="96" state="moving" tsMs="1789562406920"/>
        <radio op="vodafone IT" rat="LTE" rsrp="-87" rsrq="-14"/>
        <radio op="I TIM" rat="LTE" q="62.90" rsrp="-88" sinr="12" rsrq="-10"/>
      </extensions>
    </trkpt>
    <trkpt lat="45.5170967" lon="10.2904075">
      <ele>181.0</ele>
      <time>2026-09-16T14:40:22.021+02:00</time>
      <extensions>
        <activity type="IN_VEHICLE" conf="96" state="moving" tsMs="1789562416126"/>
        <radio op="vodafone IT" rat="LTE" q="32.00" rsrp="-85" sinr="3" rsrq="-11"/>
        <radio op="I TIM" rat="LTE" q="40.00" rsrp="-77" sinr="5" rsrq="-10"/>
      </extensions>
    </trkpt>
    <trkpt lat="45.5171019" lon="10.2899628">
      <ele>182.0</ele>
      <time>2026-09-16T14:40:33.021+02:00</time>
      <extensions>
        <activity type="IN_VEHICLE" conf="96" state="moving" tsMs="1789562425323"/>
        <radio op="vodafone IT" rat="LTE" q="24.00" rsrp="-80" sinr="1" rsrq="-12"/>
        <radio op="I TIM" rat="LTE" q="52.00" rsrp="-73" sinr="8" rsrq="-8"/>
      </extensions>
    </trkpt>
    <trkpt lat="45.5163482" lon="10.2899411">
      <ele>183.0</ele>
      <time>2026-09-16T14:40:43.021+02:00</time>
      <extensions>
        <activity type="IN_VEHICLE" conf="96" state="moving" tsMs="1789562434541"/>
        <radio op="vodafone IT" rat="LTE" q="28.80" rsrp="-89" sinr="3" rsrq="-12"/>
        <radio op="I TIM" rat="LTE" q="84.00" rsrp="-82" sinr="16" rsrq="-8"/>
      </extensions>
    </trkpt>
    <trkpt lat="45.5153522" lon="10.289559">
      <ele>185.0</ele>
      <time>2026-09-16T14:40:53.021+02:00</time>
      <extensions>
        <activity type="IN_VEHICLE" conf="97" state="moving" tsMs="1789562443715"/>
        <radio op="vodafone IT" rat="LTE" q="96.00" rsrp="-63" sinr="19" rsrq="-8"/>
        <radio op="I TIM" rat="LTE" q="96.00" rsrp="-74" sinr="19" rsrq="-9"/>
      </extensions>
    </trkpt>
    <trkpt lat="45.5143404" lon="10.289153">
      <ele>183.0</ele>
      <time>2026-09-16T14:41:03.021+02:00</time>
      <extensions>
        <activity type="IN_VEHICLE" conf="96" state="moving" tsMs="1789562452903"/>
        <radio op="vodafone IT" rat="LTE" q="88.00" rsrp="-84" sinr="17" rsrq="-8"/>
        <radio op="I TIM" rat="LTE" q="80.00" rsrp="-82" sinr="15" rsrq="-9"/>
      </extensions>
    </trkpt>
    <trkpt lat="45.5139632" lon="10.2892974">
      <ele>182.0</ele>
      <time>2026-09-16T14:41:13.021+02:00</time>
      <extensions>
        <activity type="IN_VEHICLE" conf="96" state="moving" tsMs="1789562462133"/>
        <radio op="vodafone IT" rat="LTE" q="92.00" rsrp="-80" sinr="18" rsrq="-7"/>
        <radio op="I TIM" rat="LTE" q="92.00" rsrp="-79" sinr="18" rsrq="-8"/>
      </extensions>
    </trkpt>
    <trkpt lat="45.5136008" lon="10.2903206">
      <ele>181.0</ele>
      <time>2026-09-16T14:41:23.021+02:00</time>
      <extensions>
        <activity type="IN_VEHICLE" conf="96" state="moving" tsMs="1789562471308"/>
        <radio op="vodafone IT" rat="LTE" q="89.70" rsrp="-86" sinr="18" rsrq="-7"/>
        <radio op="I TIM" rat="LTE" q="100.00" rsrp="-81" sinr="22" rsrq="-8"/>
      </extensions>
    </trkpt>
    <trkpt lat="45.5132512" lon="10.2904827">
      <ele>180.0</ele>
      <time>2026-09-16T14:41:31.022+02:00</time>
      <extensions>
        <activity type="IN_VEHICLE" conf="95" state="moving" tsMs="1789562480518"/>
        <radio op="vodafone IT" rat="LTE" q="64.60" rsrp="-91" sinr="14" rsrq="-7"/>
        <radio op="I TIM" rat="LTE" q="74.10" rsrp="-86" sinr="14" rsrq="-9"/>
      </extensions>
    </trkpt>
    <trkpt lat="45.5129141" lon="10.2903534">
      <ele>180.0</ele>
      <time>2026-09-16T14:42:04.022+02:00</time>
      <extensions>
        <activity type="STILL" conf="38" state="still" tsMs="1789562514863"/>
        <radio op="vodafone IT" rat="LTE" q="52.20" rsrp="-96" sinr="13" rsrq="-7"/>
        <radio op="I TIM" rat="LTE" q="49.00" rsrp="-90" sinr="9" rsrq="-7"/>
      </extensions>
    </trkpt>
    <trkpt lat="45.5129141" lon="10.2903534">
      <ele>180.0</ele>
      <time>2026-09-16T14:42:05.022+02:00</time>
      <extensions>
        <activity type="UNKNOWN" conf="40" state="unknown" tsMs="1789562524920"/>
        <radio op="vodafone IT" rat="LTE" q="52.70" rsrp="-94" sinr="12" rsrq="-8"/>
        <radio op="I TIM" rat="LTE" q="40.70" rsrp="-88" sinr="6" rsrq="-11"/>
      </extensions>
    </trkpt>
    <trkpt lat="45.5130292" lon="10.2900429">
      <ele>182.8000030517578</ele>
      <time>2026-09-16T14:42:45.11+02:00</time>
      <extensions>
        <activity type="STILL" conf="29" state="still" tsMs="1789562552631"/>
        <radio op="vodafone IT" rat="LTE" q="47.60" rsrp="-97" sinr="12" rsrq="-9"/>
        <radio op="I TIM" rat="LTE" q="37.20" rsrp="-94" sinr="7" rsrq="-8"/>
      </extensions>
    </trkpt>
    <trkpt lat="45.5130872" lon="10.290725">
      <ele>182.90000915527344</ele>
      <time>2026-09-16T14:43:18.875+02:00</time>
      <extensions>
        <activity type="ON_FOOT" conf="97" state="moving" tsMs="1789562594089"/>
        <radio op="vodafone IT" rat="LTE" q="21.00" rsrp="-111" sinr="10" rsrq="-11"/>
        <radio op="I TIM" rat="LTE" q="23.40" rsrp="-107" sinr="8" rsrq="-7"/>
      </extensions>
    </trkpt>
    <trkpt lat="45.5131617" lon="10.2906952">
      <ele>182.90000915527344</ele>
      <time>2026-09-16T14:43:47.74+02:00</time>
      <extensions>
        <activity type="UNKNOWN" conf="40" state="unknown" tsMs="1789562620348"/>
        <radio op="vodafone IT" rat="LTE" q="21.00" rsrp="-110" sinr="9" rsrq="-7"/>
        <radio op="I TIM" rat="LTE" q="36.00" rsrp="-101" sinr="10" rsrq="-8"/>
      </extensions>
    </trkpt>
    <trkpt lat="45.5130969" lon="10.2907126">
      <ele>182.90000915527344</ele>
      <time>2026-09-16T14:44:05.927+02:00</time>
      <extensions>
        <activity type="UNKNOWN" conf="40" state="unknown" tsMs="1789562633163"/>
        <radio op="vodafone IT" rat="LTE" q="22.10" rsrp="-108" sinr="8" rsrq="-10"/>
        <radio op="I TIM" rat="LTE" q="34.50" rsrp="-102" sinr="10" rsrq="-7"/>
      </extensions>
    </trkpt>
    <trkpt lat="45.5130846" lon="10.2907186">
      <ele>182.90000915527344</ele>
      <time>2026-09-16T14:44:42.935+02:00</time>
      <extensions>
        <activity type="UNKNOWN" conf="40" state="unknown" tsMs="1789562668415"/>
        <radio op="vodafone IT" rat="LTE" q="22.40" rsrp="-109" sinr="9" rsrq="-8"/>
        <radio op="I TIM" rat="LTE" q="20.90" rsrp="-106" sinr="6" rsrq="-8"/>
      </extensions>
    </trkpt>
    <trkpt lat="45.5131158" lon="10.2907084">
      <ele>182.90000915527344</ele>
      <time>2026-09-16T14:45:13.974+02:00</time>
      <extensions>
        <activity type="STILL" conf="44" state="still" tsMs="1789562703855"/>
        <radio op="vodafone IT" rat="LTE" q="18.00" rsrp="-107" sinr="5" rsrq="-6"/>
        <radio op="I TIM" rat="LTE" q="36.40" rsrp="-99" sinr="9" rsrq="-7"/>
      </extensions>
    </trkpt>
    <trkpt lat="45.5131233" lon="10.2907083">
      <ele>182.90000915527344</ele>
      <time>2026-09-16T14:45:45.271+02:00</time>
      <extensions>
        <activity type="STILL" conf="55" state="still" tsMs="1789562729754"/>
        <radio op="vodafone IT" rat="LTE" q="20.40" rsrp="-108" sinr="7" rsrq="-8"/>
        <radio op="I TIM" rat="LTE" rsrp="-104" rsrq="-9"/>
      </extensions>
    </trkpt>
    <trkpt lat="45.5131159" lon="10.2907094">
      <ele>182.90000915527344</ele>
      <time>2026-09-16T14:45:52.459+02:00</time>
      <extensions>
        <activity type="STILL" conf="96" state="still" tsMs="1789562752054"/>
        <radio op="vodafone IT" rat="LTE" q="18.70" rsrp="-108" sinr="6" rsrq="-8"/>
        <radio op="I TIM" rat="LTE" q="27.30" rsrp="-104" sinr="8" rsrq="-8"/>
      </extensions>
    </trkpt>
    <trkpt lat="45.5131131" lon="10.2907069">
      <ele>182.90000915527344</ele>
      <time>2026-09-16T14:46:05.926+02:00</time>
      <extensions>
        <activity type="UNKNOWN" conf="40" state="unknown" tsMs="1789562774484"/>
        <radio op="vodafone IT" rat="LTE" q="20.40" rsrp="-108" sinr="7" rsrq="-8"/>
        <radio op="I TIM" rat="LTE" q="30.00" rsrp="-105" sinr="10" rsrq="-7"/>
      </extensions>
    </trkpt>
    <trkpt lat="45.5130004" lon="10.2908074">
      <ele>182.90000915527344</ele>
      <time>2026-09-16T14:55:51.77+02:00</time>
      <extensions>
        <activity type="UNKNOWN" conf="40" state="unknown" tsMs="1789563368753"/>
        <radio op="vodafone IT" rat="LTE" q="19.50" rsrp="-112" sinr="10" rsrq="-8"/>
        <radio op="I TIM" rat="LTE" q="24.00" rsrp="-101" sinr="5" rsrq="-6"/>
      </extensions>
    </trkpt>
    <trkpt lat="45.5130826" lon="10.2907104">
      <ele>182.90000915527344</ele>
      <time>2026-09-16T14:56:25.976+02:00</time>
      <extensions>
        <activity type="ON_FOOT" conf="83" state="moving" tsMs="1789563379567"/>
        <radio op="vodafone IT" rat="LTE" q="18.00" rsrp="-113" sinr="10" rsrq="-8"/>
        <radio op="I TIM" rat="LTE" q="39.60" rsrp="-107" sinr="17" rsrq="-7"/>
      </extensions>
    </trkpt>
    <trkpt lat="45.5129679" lon="10.2907767">
      <ele>182.90000915527344</ele>
      <time>2026-09-16T14:57:01.359+02:00</time>
      <extensions>
        <activity type="UNKNOWN" conf="40" state="unknown" tsMs="1789563408103"/>
        <radio op="vodafone IT" rat="LTE" q="32.40" rsrp="-107" sinr="13" rsrq="-7"/>
        <radio op="I TIM" rat="LTE" q="40.00" rsrp="-100" sinr="11" rsrq="-7"/>
      </extensions>
    </trkpt>
    <trkpt lat="45.5133848" lon="10.2901345">
      <ele>183.60000610351562</ele>
      <time>2026-09-16T14:57:41.623+02:00</time>
      <extensions>
        <activity type="IN_VEHICLE" conf="86" state="moving" tsMs="1789563461073"/>
        <radio op="vodafone IT" rat="LTE" q="53.20" rsrp="-97" sinr="14" rsrq="-8"/>
        <radio op="I TIM" rat="LTE" q="77.50" rsrp="-94" sinr="20" rsrq="-8"/>
      </extensions>
    </trkpt>
    <trkpt lat="45.5169133" lon="10.2909905">
      <ele>182.70001220703125</ele>
      <time>2026-09-16T14:58:42.017+02:00</time>
      <extensions>
        <activity type="UNKNOWN" conf="40" state="unknown" tsMs="1789563520955"/>
        <radio op="vodafone IT" rat="LTE" rsrp="-109" rsrq="-12"/>
        <radio op="I TIM" rat="LTE" q="50.60" rsrp="-102" sinr="17" rsrq="-6"/>
      </extensions>
    </trkpt>
    <trkpt lat="45.5154041" lon="10.2958875">
      <ele>185.40000915527344</ele>
      <time>2026-09-16T14:59:15.266+02:00</time>
      <extensions>
        <activity type="UNKNOWN" conf="40" state="unknown" tsMs="1789563550649"/>
        <radio op="vodafone IT" rat="LTE" rsrp="-100" rsrq="-14"/>
        <radio op="I TIM" rat="LTE" q="80.50" rsrp="-90" sinr="18" rsrq="-7"/>
      </extensions>
    </trkpt>
    <trkpt lat="45.5148851" lon="10.2986663">
      <ele>186.50001525878906</ele>
      <time>2026-09-16T15:00:12.301+02:00</time>
      <extensions>
        <activity type="IN_VEHICLE" conf="91" state="moving" tsMs="1789563609735"/>
        <radio op="vodafone IT" rat="LTE" q="16.10" rsrp="-102" sinr="2" rsrq="-13"/>
        <radio op="I TIM" rat="LTE" q="88.00" rsrp="-79" sinr="17" rsrq="-7"/>
      </extensions>
    </trkpt>
    <trkpt lat="45.5146022" lon="10.2978908">
      <ele>186.3000030517578</ele>
      <time>2026-09-16T15:00:49.69+02:00</time>
      <extensions>
        <activity type="UNKNOWN" conf="40" state="unknown" tsMs="1789563635893"/>
        <radio op="vodafone IT" rat="LTE" rsrp="-99" rsrq="-16"/>
        <radio op="I TIM" rat="LTE" q="88.00" rsrp="-77" sinr="17" rsrq="-8"/>
      </extensions>
    </trkpt>
    <trkpt lat="45.5151758" lon="10.2979119">
      <ele>185.40000915527344</ele>
      <time>2026-09-16T15:01:42.017+02:00</time>
      <extensions>
        <activity type="UNKNOWN" conf="40" state="unknown" tsMs="1789563702067"/>
        <radio op="vodafone IT" rat="LTE" q="43.40" rsrp="-94" sinr="9" rsrq="-12"/>
        <radio op="I TIM" rat="LTE" q="96.00" rsrp="-63" sinr="19" rsrq="-7"/>
      </extensions>
    </trkpt>
    <trkpt lat="45.514626" lon="10.2978335">
      <ele>186.40000915527344</ele>
      <time>2026-09-16T15:03:46.023+02:00</time>
      <extensions>
        <activity type="UNKNOWN" conf="40" state="unknown" tsMs="1789563829340"/>
        <radio op="vodafone IT" rat="LTE" q="24.00" rsrp="-95" sinr="3" rsrq="-12"/>
        <radio op="I TIM" rat="LTE" q="92.00" rsrp="-74" sinr="18" rsrq="-7"/>
      </extensions>
    </trkpt>
    <trkpt lat="45.5146461" lon="10.2978673">
      <ele>186.40000915527344</ele>
      <time>2026-09-16T15:04:44.303+02:00</time>
      <extensions>
        <activity type="UNKNOWN" conf="40" state="unknown" tsMs="1789563883764"/>
        <radio op="vodafone IT" rat="LTE" q="40.00" rsrp="-100" sinr="11" rsrq="-10"/>
        <radio op="I TIM" rat="LTE" q="100.00" rsrp="-72" sinr="23" rsrq="-7"/>
      </extensions>
    </trkpt>
    <trkpt lat="45.5150085" lon="10.2978731">
      <ele>186.40000915527344</ele>
      <time>2026-09-16T15:05:31.02+02:00</time>
      <extensions>
        <activity type="UNKNOWN" conf="40" state="unknown" tsMs="1789563929916"/>
        <radio op="vodafone IT" rat="LTE" q="31.20" rsrp="-99" sinr="7" rsrq="-9"/>
        <radio op="I TIM" rat="LTE" q="84.00" rsrp="-78" sinr="16" rsrq="-8"/>
      </extensions>
    </trkpt>
    <trkpt lat="45.5150207" lon="10.2979423">
      <ele>186.40000915527344</ele>
      <time>2026-09-16T15:06:23.024+02:00</time>
      <extensions>
        <activity type="UNKNOWN" conf="40" state="unknown" tsMs="1789563978583"/>
        <radio op="vodafone IT" rat="LTE" rsrp="-98" rsrq="-12"/>
        <radio op="I TIM" rat="LTE" q="92.00" rsrp="-68" sinr="18" rsrq="-7"/>
      </extensions>
    </trkpt>
    <trkpt lat="45.5145576" lon="10.2991875">
      <ele>186.10000610351562</ele>
      <time>2026-09-16T15:06:57.005+02:00</time>
      <extensions>
        <activity type="IN_VEHICLE" conf="78" state="moving" tsMs="1789564010773"/>
        <radio op="vodafone IT" rat="LTE" rsrp="-101" rsrq="-14"/>
        <radio op="I TIM" rat="LTE" q="96.00" rsrp="-69" sinr="19" rsrq="-7"/>
      </extensions>
    </trkpt>
    <trkpt lat="45.5146009" lon="10.2991184">
      <ele>186.3000030517578</ele>
      <time>2026-09-16T15:07:42.99+02:00</time>
      <extensions>
        <activity type="UNKNOWN" conf="40" state="unknown" tsMs="1789564057803"/>
        <radio op="vodafone IT" rat="LTE" rsrp="-98" rsrq="-14"/>
        <radio op="I TIM" rat="LTE" q="100.00" rsrp="-71" sinr="21" rsrq="-8"/>
      </extensions>
    </trkpt>
    <trkpt lat="45.5146084" lon="10.2979734">
      <ele>186.40000915527344</ele>
      <time>2026-09-16T15:08:42.449+02:00</time>
      <extensions>
        <activity type="UNKNOWN" conf="40" state="unknown" tsMs="1789564117773"/>
        <radio op="vodafone IT" rat="LTE" rsrp="-98" rsrq="-13"/>
        <radio op="I TIM" rat="LTE" q="100.00" rsrp="-59" sinr="23" rsrq="-8"/>
      </extensions>
    </trkpt>
    <trkpt lat="45.5149136" lon="10.2977928">
      <ele>186.40000915527344</ele>
      <time>2026-09-16T15:09:11.027+02:00</time>
      <extensions>
        <activity type="ON_FOOT" conf="90" state="moving" tsMs="1789564144764"/>
        <radio op="vodafone IT" rat="LTE" q="27.00" rsrp="-95" sinr="4" rsrq="-11"/>
        <radio op="I TIM" rat="LTE" q="100.00" rsrp="-69" sinr="21" rsrq="-10"/>
      </extensions>
    </trkpt>
    <trkpt lat="45.5149205" lon="10.2978089">
      <ele>186.40000915527344</ele>
      <time>2026-09-16T15:09:13.331+02:00</time>
      <extensions>
        <activity type="ON_FOOT" conf="91" state="moving" tsMs="1789564150815"/>
        <radio op="vodafone IT" rat="LTE" rsrp="-94" rsrq="-15"/>
        <radio op="I TIM" rat="LTE" q="100.00" rsrp="-79" sinr="22" rsrq="-9"/>
      </extensions>
    </trkpt>
    <trkpt lat="45.5146181" lon="10.2976191">
      <ele>188.00001525878906</ele>
      <time>2026-09-16T15:09:52.328+02:00</time>
      <extensions>
        <activity type="ON_FOOT" conf="97" state="moving" tsMs="1789564176770"/>
        <radio op="vodafone IT" rat="LTE" q="40.70" rsrp="-88" sinr="6" rsrq="-10"/>
        <radio op="I TIM" rat="LTE" q="96.00" rsrp="-74" sinr="19" rsrq="-5"/>
      </extensions>
    </trkpt>
    <trkpt lat="45.5146164" lon="10.2969986">
      <ele>186.60000610351562</ele>
      <time>2026-09-16T15:10:23.519+02:00</time>
      <extensions>
        <activity type="ON_FOOT" conf="95" state="moving" tsMs="1789564212187"/>
        <radio op="vodafone IT" rat="LTE" q="33.00" rsrp="-92" sinr="5" rsrq="-10"/>
        <radio op="I TIM" rat="LTE" q="92.00" rsrp="-70" sinr="18" rsrq="-8"/>
      </extensions>
    </trkpt>
    <trkpt lat="45.5145275" lon="10.297357">
      <ele>186.60000610351562</ele>
      <time>2026-09-16T15:11:12.355+02:00</time>
      <extensions>
        <activity type="UNKNOWN" conf="40" state="unknown" tsMs="1789564271460"/>
        <radio op="vodafone IT" rat="LTE" rsrp="-113" rsrq="-14"/>
        <radio op="I TIM" rat="LTE" q="68.20" rsrp="-94" sinr="17" rsrq="-9"/>
      </extensions>
    </trkpt>
    <trkpt lat="45.5144537" lon="10.2973398">
      <ele>186.60000610351562</ele>
      <time>2026-09-16T15:11:54.8+02:00</time>
      <extensions>
        <activity type="UNKNOWN" conf="40" state="unknown" tsMs="1789564314128"/>
        <radio op="vodafone IT" rat="LTE" q="9.50" rsrp="-106" sinr="0" rsrq="-12"/>
        <radio op="I TIM" rat="LTE" q="75.90" rsrp="-92" sinr="18" rsrq="-7"/>
      </extensions>
    </trkpt>
    <trkpt lat="45.5144786" lon="10.2974206">
      <ele>186.60000610351562</ele>
      <time>2026-09-16T15:12:24.82+02:00</time>
      <extensions>
        <activity type="ON_FOOT" conf="98" state="moving" tsMs="1789564332410"/>
        <radio op="vodafone IT" rat="LTE" rsrp="-104" rsrq="-13"/>
        <radio op="I TIM" rat="LTE" q="68.40" rsrp="-89" sinr="14" rsrq="-8"/>
      </extensions>
    </trkpt>
    <trkpt lat="45.5145092" lon="10.2975063">
      <ele>188.34447128643166</ele>
      <time>2026-09-16T15:12:58.472+02:00</time>
      <extensions>
        <activity type="ON_FOOT" conf="97" state="moving" tsMs="1789564364482"/>
        <radio op="vodafone IT" rat="LTE" q="12.00" rsrp="-105" sinr="1" rsrq="-14"/>
        <radio op="I TIM" rat="LTE" q="82.80" rsrp="-89" sinr="18" rsrq="-7"/>
      </extensions>
    </trkpt>
    <trkpt lat="45.5145077" lon="10.2975296">
      <ele>188.41597972037601</ele>
      <time>2026-09-16T15:13:29.663+02:00</time>
      <extensions>
        <activity type="ON_FOOT" conf="96" state="moving" tsMs="1789564399956"/>
        <radio op="vodafone IT" rat="LTE" q="16.80" rsrp="-104" sinr="3" rsrq="-12"/>
        <radio op="I TIM" rat="LTE" q="68.00" rsrp="-91" sinr="15" rsrq="-7"/>
      </extensions>
    </trkpt>
    <trkpt lat="45.514488" lon="10.2976285">
      <ele>188.53586284067347</ele>
      <time>2026-09-16T15:14:01.004+02:00</time>
      <extensions>
        <activity type="ON_FOOT" conf="86" state="moving" tsMs="1789564428379"/>
        <radio op="vodafone IT" rat="LTE" q="35.00" rsrp="-100" sinr="9" rsrq="-8"/>
        <radio op="I TIM" rat="LTE" q="46.20" rsrp="-92" sinr="9" rsrq="-7"/>
      </extensions>
    </trkpt>
    <trkpt lat="45.5144361" lon="10.2976807">
      <ele>188.90180282977838</ele>
      <time>2026-09-16T15:14:32.19+02:00</time>
      <extensions>
        <activity type="ON_FOOT" conf="59" state="moving" tsMs="1789564463710"/>
        <radio op="vodafone IT" rat="LTE" q="16.00" rsrp="-109" sinr="5" rsrq="-12"/>
        <radio op="I TIM" rat="LTE" q="72.50" rsrp="-96" sinr="20" rsrq="-7"/>
      </extensions>
    </trkpt>
    <trkpt lat="45.5144789" lon="10.2976456">
      <ele>186.60000610351562</ele>
      <time>2026-09-16T15:15:16.779+02:00</time>
      <extensions>
        <activity type="UNKNOWN" conf="40" state="unknown" tsMs="1789564511076"/>
        <radio op="vodafone IT" rat="LTE" q="33.00" rsrp="-103" sinr="10" rsrq="-9"/>
        <radio op="I TIM" rat="LTE" q="86.40" rsrp="-89" sinr="19" rsrq="-6"/>
      </extensions>
    </trkpt>
    <trkpt lat="45.5144151" lon="10.2975139">
      <ele>186.60000610351562</ele>
      <time>2026-09-16T15:15:44.811+02:00</time>
      <extensions>
        <activity type="ON_FOOT" conf="93" state="moving" tsMs="1789564533082"/>
        <radio op="vodafone IT" rat="LTE" q="17.60" rsrp="-103" sinr="3" rsrq="-13"/>
        <radio op="I TIM" rat="LTE" q="64.80" rsrp="-89" sinr="13" rsrq="-8"/>
      </extensions>
    </trkpt>
    <trkpt lat="45.5144304" lon="10.2973162">
      <ele>188.81086420645374</ele>
      <time>2026-09-16T15:16:18.438+02:00</time>
      <extensions>
        <activity type="STILL" conf="96" state="still" tsMs="1789564571964"/>
        <radio op="vodafone IT" rat="LTE" q="30.80" rsrp="-103" sinr="9" rsrq="-11"/>
        <radio op="I TIM" rat="LTE" q="56.10" rsrp="-92" sinr="12" rsrq="-7"/>
      </extensions>
    </trkpt>
    <trkpt lat="45.514406" lon="10.2974201">
      <ele>186.60000610351562</ele>
      <time>2026-09-16T15:16:44.849+02:00</time>
      <extensions>
        <activity type="STILL" conf="99" state="still" tsMs="1789564603902"/>
        <radio op="vodafone IT" rat="LTE" q="14.70" rsrp="-104" sinr="2" rsrq="-10"/>
        <radio op="I TIM" rat="LTE" q="52.20" rsrp="-96" sinr="13" rsrq="-8"/>
      </extensions>
    </trkpt>
    <trkpt lat="45.5143993" lon="10.2974041">
      <ele>188.66646866776003</ele>
      <time>2026-09-16T15:17:20.377+02:00</time>
      <extensions>
        <activity type="STILL" conf="98" state="still" tsMs="1789564635455"/>
        <radio op="vodafone IT" rat="LTE" rsrp="-104" rsrq="-12"/>
        <radio op="I TIM" rat="LTE" q="73.50" rsrp="-90" sinr="16" rsrq="-5"/>
      </extensions>
    </trkpt>
    <trkpt lat="45.5144419" lon="10.2971842">
      <ele>186.60000610351562</ele>
      <time>2026-09-16T15:17:51.774+02:00</time>
      <extensions>
        <activity type="UNKNOWN" conf="40" state="unknown" tsMs="1789564662609"/>
        <radio op="vodafone IT" rat="LTE" q="11.20" rsrp="-111" sinr="3" rsrq="-10"/>
        <radio op="I TIM" rat="LTE" q="57.50" rsrp="-100" sinr="18" rsrq="-7"/>
      </extensions>
    </trkpt>
    <trkpt lat="45.5144156" lon="10.2972995">
      <ele>186.60000610351562</ele>
      <time>2026-09-16T15:18:29.937+02:00</time>
      <extensions>
        <activity type="STILL" conf="43" state="still" tsMs="1789564710424"/>
        <radio op="vodafone IT" rat="LTE" q="10.00" rsrp="-105" sinr="0" rsrq="-12"/>
        <radio op="I TIM" rat="LTE" q="41.60" rsrp="-99" sinr="11" rsrq="-5"/>
      </extensions>
    </trkpt>
    <trkpt lat="45.5144156" lon="10.2971919">
      <ele>186.60000610351562</ele>
      <time>2026-09-16T15:18:59.987+02:00</time>
      <extensions>
        <activity type="UNKNOWN" conf="40" state="unknown" tsMs="1789564729175"/>
        <radio op="vodafone IT" rat="LTE" rsrp="-105" rsrq="-10"/>
        <radio op="I TIM" rat="LTE" q="51.00" rsrp="-95" sinr="12" rsrq="-8"/>
      </extensions>
    </trkpt>
    <trkpt lat="45.5144362" lon="10.2973563">
      <ele>186.60000610351562</ele>
      <time>2026-09-16T15:19:34.071+02:00</time>
      <extensions>
        <activity type="UNKNOWN" conf="40" state="unknown" tsMs="1789564755062"/>
        <radio op="vodafone IT" rat="LTE" rsrp="-107" rsrq="-12"/>
        <radio op="I TIM" rat="LTE" q="63.00" rsrp="-95" sinr="16" rsrq="-7"/>
      </extensions>
    </trkpt>
    <trkpt lat="45.5144626" lon="10.2973032">
      <ele>186.60000610351562</ele>
      <time>2026-09-16T15:20:05.342+02:00</time>
      <extensions>
        <activity type="STILL" conf="100" state="still" tsMs="1789564790485"/>
        <radio op="vodafone IT" rat="LTE" q="11.90" rsrp="-108" sinr="2" rsrq="-12"/>
        <radio op="I TIM" rat="LTE" q="39.00" rsrp="-95" sinr="8" rsrq="-7"/>
      </extensions>
    </trkpt>
    <trkpt lat="45.5143403" lon="10.2973106">
      <ele>186.60000610351562</ele>
      <time>2026-09-16T15:20:36.634+02:00</time>
      <extensions>
        <activity type="ON_FOOT" conf="97" state="moving" tsMs="1789564829350"/>
        <radio op="vodafone IT" rat="LTE" rsrp="-108" rsrq="-16"/>
        <radio op="I TIM" rat="LTE" q="65.10" rsrp="-94" sinr="16" rsrq="-6"/>
      </extensions>
    </trkpt>
    <trkpt lat="45.5142929" lon="10.2973758">
      <ele>186.60000610351562</ele>
      <time>2026-09-16T15:21:08.035+02:00</time>
      <extensions>
        <activity type="UNKNOWN" conf="40" state="unknown" tsMs="1789564851854"/>
        <radio op="vodafone IT" rat="LTE" rsrp="-112" rsrq="-12"/>
        <radio op="I TIM" rat="LTE" q="66.00" rsrp="-95" sinr="17" rsrq="-6"/>
      </extensions>
    </trkpt>
    <trkpt lat="45.5142926" lon="10.2975009">
      <ele>186.60000610351562</ele>
      <time>2026-09-16T15:21:42.556+02:00</time>
      <extensions>
        <activity type="ON_FOOT" conf="81" state="moving" tsMs="1789564896763"/>
        <radio op="vodafone IT" rat="LTE" q="14.00" rsrp="-111" sinr="5" rsrq="-10"/>
        <radio op="I TIM" rat="LTE" q="69.60" rsrp="-96" sinr="19" rsrq="-7"/>
      </extensions>
    </trkpt>
    <trkpt lat="45.514286" lon="10.2975538">
      <ele>186.60000610351562</ele>
      <time>2026-09-16T15:22:36.492+02:00</time>
      <extensions>
        <activity type="UNKNOWN" conf="40" state="unknown" tsMs="1789564954454"/>
        <radio op="vodafone IT" rat="LTE" q="9.00" rsrp="-110" sinr="1" rsrq="-12"/>
        <radio op="I TIM" rat="LTE" q="48.60" rsrp="-98" sinr="13" rsrq="-7"/>
      </extensions>
    </trkpt>
    <trkpt lat="45.514202" lon="10.2975274">
      <ele>186.60000610351562</ele>
      <time>2026-09-16T15:23:13.356+02:00</time>
      <extensions>
        <activity type="UNKNOWN" conf="40" state="unknown" tsMs="1789564990426"/>
        <radio op="vodafone IT" rat="LTE" rsrp="-103" rsrq="-13"/>
        <radio op="I TIM" rat="LTE" q="46.20" rsrp="-92" sinr="9" rsrq="-8"/>
      </extensions>
    </trkpt>
    <trkpt lat="45.5141953" lon="10.2974369">
      <ele>186.60000610351562</ele>
      <time>2026-09-16T15:23:43.339+02:00</time>
      <extensions>
        <activity type="STILL" conf="99" state="still" tsMs="1789565022461"/>
        <radio op="vodafone IT" rat="LTE" q="12.00" rsrp="-105" sinr="1" rsrq="-12"/>
        <radio op="I TIM" rat="LTE" q="33.00" rsrp="-95" sinr="6" rsrq="-8"/>
      </extensions>
    </trkpt>
    <trkpt lat="45.5142213" lon="10.2975174">
      <ele>186.60000610351562</ele>
      <time>2026-09-16T15:24:17.009+02:00</time>
      <extensions>
        <activity type="STILL" conf="100" state="still" tsMs="1789565042674"/>
        <radio op="vodafone IT" rat="LTE" q="19.80" rsrp="-103" sinr="4" rsrq="-9"/>
        <radio op="I TIM" rat="LTE" q="57.60" rsrp="-93" sinr="13" rsrq="-10"/>
      </extensions>
    </trkpt>
    <trkpt lat="45.5142015" lon="10.2974276">
      <ele>186.60000610351562</ele>
      <time>2026-09-16T15:24:54.767+02:00</time>
      <extensions>
        <activity type="ON_FOOT" conf="84" state="moving" tsMs="1789565090766"/>
        <radio op="vodafone IT" rat="LTE" rsrp="-112" rsrq="-11"/>
        <radio op="I TIM" rat="LTE" q="48.60" rsrp="-98" sinr="13" rsrq="-9"/>
      </extensions>
    </trkpt>
    <trkpt lat="45.51417" lon="10.2975597">
      <ele>186.60000610351562</ele>
      <time>2026-09-16T15:26:04.014+02:00</time>
      <extensions>
        <activity type="ON_FOOT" conf="90" state="moving" tsMs="1789565157839"/>
        <radio op="vodafone IT" rat="LTE" q="24.00" rsrp="-109" sinr="10" rsrq="-10"/>
        <radio op="I TIM" rat="LTE" q="84.00" rsrp="-90" sinr="19" rsrq="-11"/>
      </extensions>
    </trkpt>
    <trkpt lat="45.5141375" lon="10.2974305">
      <ele>186.50001525878906</ele>
      <time>2026-09-16T15:26:41.862+02:00</time>
      <extensions>
        <activity type="ON_FOOT" conf="87" state="moving" tsMs="1789565200769"/>
        <radio op="vodafone IT" rat="LTE" q="19.20" rsrp="-109" sinr="7" rsrq="-9"/>
        <radio op="I TIM" rat="LTE" q="63.80" rsrp="-96" sinr="17" rsrq="-6"/>
      </extensions>
    </trkpt>
    <trkpt lat="45.5140923" lon="10.2974578">
      <ele>186.60000610351562</ele>
      <time>2026-09-16T15:27:13.208+02:00</time>
      <extensions>
        <activity type="UNKNOWN" conf="40" state="unknown" tsMs="1789565218002"/>
        <radio op="vodafone IT" rat="LTE" q="14.00" rsrp="-111" sinr="5" rsrq="-8"/>
        <radio op="I TIM" rat="LTE" q="60.00" rsrp="-101" sinr="20" rsrq="-12"/>
      </extensions>
    </trkpt>
    <trkpt lat="45.5139881" lon="10.2975082">
      <ele>186.60000610351562</ele>
      <time>2026-09-16T15:27:58.073+02:00</time>
      <extensions>
        <activity type="UNKNOWN" conf="40" state="unknown" tsMs="1789565277783"/>
        <radio op="vodafone IT" rat="LTE" q="4.50" rsrp="-120" sinr="4" rsrq="-12"/>
        <radio op="I TIM" rat="LTE" q="72.50" rsrp="-96" sinr="20" rsrq="-5"/>
      </extensions>
    </trkpt>
    <trkpt lat="45.5139559" lon="10.2974791">
      <ele>186.60000610351562</ele>
      <time>2026-09-16T15:28:31.029+02:00</time>
      <extensions>
        <activity type="UNKNOWN" conf="40" state="unknown" tsMs="1789565298649"/>
        <radio op="vodafone IT" rat="LTE" q="1.20" rsrp="-123" sinr="1" rsrq="-14"/>
        <radio op="I TIM" rat="LTE" q="39.90" rsrp="-104" sinr="14" rsrq="-12"/>
      </extensions>
    </trkpt>
    <trkpt lat="45.5139585" lon="10.2974946">
      <ele>186.60000610351562</ele>
      <time>2026-09-16T15:29:02.316+02:00</time>
      <extensions>
        <activity type="UNKNOWN" conf="40" state="unknown" tsMs="1789565324413"/>
        <radio op="vodafone IT" rat="LTE" rsrp="-125" rsrq="-14"/>
        <radio op="I TIM" rat="LTE" q="46.20" rsrp="-103" sinr="16" rsrq="-10"/>
      </extensions>
    </trkpt>
    <trkpt lat="45.5139637" lon="10.2974915">
      <ele>186.60000610351562</ele>
      <time>2026-09-16T15:29:33.596+02:00</time>
      <extensions>
        <activity type="UNKNOWN" conf="40" state="unknown" tsMs="1789565363797"/>
        <radio op="vodafone IT" rat="LTE" q="7.20" rsrp="-113" sinr="1" rsrq="-14"/>
        <radio op="I TIM" rat="LTE" q="48.00" rsrp="-101" sinr="15" rsrq="-12"/>
      </extensions>
    </trkpt>
    <trkpt lat="45.5139414" lon="10.2974821">
      <ele>186.60000610351562</ele>
      <time>2026-09-16T15:30:04.873+02:00</time>
      <extensions>
        <activity type="UNKNOWN" conf="40" state="unknown" tsMs="1789565389802"/>
        <radio op="vodafone IT" rat="LTE" rsrp="-127" rsrq="-15"/>
        <radio op="I TIM" rat="LTE" q="41.80" rsrp="-103" sinr="14" rsrq="-8"/>
      </extensions>
    </trkpt>
    <trkpt lat="45.5139652" lon="10.2975096">
      <ele>186.60000610351562</ele>
      <time>2026-09-16T15:30:57.522+02:00</time>
      <extensions>
        <activity type="UNKNOWN" conf="40" state="unknown" tsMs="1789565451775"/>
        <radio op="vodafone IT" rat="LTE" q="1.80" rsrp="-122" sinr="1" rsrq="-11"/>
        <radio op="I TIM" rat="LTE" q="39.90" rsrp="-104" sinr="14" rsrq="-12"/>
      </extensions>
    </trkpt>
    <trkpt lat="45.5140781" lon="10.2973909">
      <ele>186.60000610351562</ele>
      <time>2026-09-16T15:32:25.648+02:00</time>
      <extensions>
        <activity type="UNKNOWN" conf="40" state="unknown" tsMs="1789565547835"/>
        <radio op="vodafone IT" rat="LTE" q="2.80" rsrp="-121" sinr="2" rsrq="-10"/>
        <radio op="I TIM" rat="LTE" q="22.10" rsrp="-108" sinr="8" rsrq="-13"/>
      </extensions>
    </trkpt>
    <trkpt lat="45.5139541" lon="10.2975115">
      <ele>186.60000610351562</ele>
      <time>2026-09-16T15:33:00.514+02:00</time>
      <extensions>
        <activity type="UNKNOWN" conf="40" state="unknown" tsMs="1789565566994"/>
        <radio op="vodafone IT" rat="LTE" q="1.80" rsrp="-122" sinr="1" rsrq="-11"/>
        <radio op="I TIM" rat="LTE" q="39.60" rsrp="-103" sinr="13" rsrq="-7"/>
      </extensions>
    </trkpt>
    <trkpt lat="45.5139562" lon="10.2974941">
      <ele>186.60000610351562</ele>
      <time>2026-09-16T15:33:31.817+02:00</time>
      <extensions>
        <activity type="UNKNOWN" conf="40" state="unknown" tsMs="1789565593028"/>
        <radio op="vodafone IT" rat="LTE" rsrp="-129" rsrq="-16"/>
        <radio op="I TIM" rat="LTE" q="36.00" rsrp="-101" sinr="10" rsrq="-12"/>
      </extensions>
    </trkpt>
    <trkpt lat="45.5139548" lon="10.297496">
      <ele>186.60000610351562</ele>
      <time>2026-09-16T15:34:03.144+02:00</time>
      <extensions>
        <activity type="STILL" conf="100" state="still" tsMs="1789565632229"/>
        <radio op="vodafone IT" rat="LTE" q="1.00" rsrp="-123" sinr="0" rsrq="-15"/>
        <radio op="I TIM" rat="LTE" q="40.00" rsrp="-105" sinr="15" rsrq="-8"/>
      </extensions>
    </trkpt>
    <trkpt lat="45.5139981" lon="10.2974242">
      <ele>186.60000610351562</ele>
      <time>2026-09-16T15:34:34.525+02:00</time>
      <extensions>
        <activity type="ON_FOOT" conf="87" state="moving" tsMs="1789565654863"/>
        <radio op="vodafone IT" rat="LTE" q="1.60" rsrp="-123" sinr="3" rsrq="-13"/>
        <radio op="I TIM" rat="LTE" q="52.50" rsrp="-104" sinr="20" rsrq="-10"/>
      </extensions>
    </trkpt>
    <trkpt lat="45.5139534" lon="10.2974834">
      <ele>186.60000610351562</ele>
      <time>2026-09-16T15:35:05.748+02:00</time>
      <extensions>
        <activity type="UNKNOWN" conf="40" state="unknown" tsMs="1789565691256"/>
        <radio op="vodafone IT" rat="LTE" rsrp="-122" rsrq="-13"/>
        <radio op="I TIM" rat="LTE" q="49.40" rsrp="-99" sinr="14" rsrq="-12"/>
      </extensions>
    </trkpt>
    <trkpt lat="45.5139824" lon="10.2974963">
      <ele>186.60000610351562</ele>
      <time>2026-09-16T15:35:52.499+02:00</time>
      <extensions>
        <activity type="UNKNOWN" conf="40" state="unknown" tsMs="1789565751797"/>
        <radio op="vodafone IT" rat="LTE" q="0.00" rsrp="-125" sinr="1" rsrq="-15"/>
        <radio op="I TIM" rat="LTE" q="44.00" rsrp="-103" sinr="15" rsrq="-13"/>
      </extensions>
    </trkpt>
    <trkpt lat="45.5138647" lon="10.2974472">
      <ele>186.60000610351562</ele>
      <time>2026-09-16T15:36:35.322+02:00</time>
      <extensions>
        <activity type="ON_FOOT" conf="89" state="moving" tsMs="1789565798561"/>
        <radio op="vodafone IT" rat="LTE" q="16.00" rsrp="-109" sinr="5" rsrq="-12"/>
        <radio op="I TIM" rat="LTE" q="90.00" rsrp="-89" sinr="23" rsrq="-11"/>
      </extensions>
    </trkpt>
    <trkpt lat="45.5139581" lon="10.2975063">
      <ele>186.60000610351562</ele>
      <time>2026-09-16T15:37:05.39+02:00</time>
      <extensions>
        <activity type="UNKNOWN" conf="40" state="unknown" tsMs="1789565811509"/>
        <radio op="vodafone IT" rat="LTE" rsrp="-113" rsrq="-12"/>
        <radio op="I TIM" rat="LTE" q="59.40" rsrp="-98" sinr="17" rsrq="-12"/>
      </extensions>
    </trkpt>
    <trkpt lat="45.5139652" lon="10.2975014">
      <ele>186.60000610351562</ele>
      <time>2026-09-16T15:37:39.708+02:00</time>
      <extensions>
        <activity type="UNKNOWN" conf="40" state="unknown" tsMs="1789565850517"/>
        <radio op="vodafone IT" rat="LTE" rsrp="-112" rsrq="-15"/>
        <radio op="I TIM" rat="LTE" q="60.00" rsrp="-95" sinr="15" rsrq="-11"/>
      </extensions>
    </trkpt>
    <trkpt lat="45.5140036" lon="10.2973218">
      <ele>186.60000610351562</ele>
      <time>2026-09-16T15:38:06.316+02:00</time>
      <extensions>
        <activity type="STILL" conf="100" state="still" tsMs="1789565875749"/>
        <radio op="vodafone IT" rat="LTE" q="5.40" rsrp="-116" sinr="1" rsrq="-14"/>
        <radio op="I TIM" rat="LTE" q="58.00" rsrp="-96" sinr="15" rsrq="-12"/>
      </extensions>
    </trkpt>
    <trkpt lat="45.5139711" lon="10.2972512">
      <ele>186.60000610351562</ele>
      <time>2026-09-16T15:38:36.417+02:00</time>
      <extensions>
        <activity type="STILL" conf="100" state="still" tsMs="1789565907604"/>
        <radio op="vodafone IT" rat="LTE" q="6.50" rsrp="-112" sinr="0" rsrq="-13"/>
        <radio op="I TIM" rat="LTE" q="63.00" rsrp="-95" sinr="16" rsrq="-11"/>
      </extensions>
    </trkpt>
    <trkpt lat="45.5139601" lon="10.2974941">
      <ele>186.60000610351562</ele>
      <time>2026-09-16T15:39:11.979+02:00</time>
      <extensions>
        <activity type="STILL" conf="99" state="still" tsMs="1789565939568"/>
        <radio op="vodafone IT" rat="LTE" q="9.10" rsrp="-112" sinr="2" rsrq="-12"/>
        <radio op="I TIM" rat="LTE" q="77.50" rsrp="-94" sinr="20" rsrq="-12"/>
      </extensions>
    </trkpt>
    <trkpt lat="45.5138299" lon="10.2974965">
      <ele>186.60000610351562</ele>
      <time>2026-09-16T15:39:43.343+02:00</time>
      <extensions>
        <activity type="UNKNOWN" conf="40" state="unknown" tsMs="1789565965509"/>
        <radio op="vodafone IT" rat="LTE" q="0.00" rsrp="-125" sinr="1" rsrq="-12"/>
        <radio op="I TIM" rat="LTE" q="32.30" rsrp="-108" sinr="14" rsrq="-10"/>
      </extensions>
    </trkpt>
    <trkpt lat="45.5136962" lon="10.2976461">
      <ele>186.70001220703125</ele>
      <time>2026-09-16T15:40:16.025+02:00</time>
      <extensions>
        <activity type="ON_FOOT" conf="94" state="moving" tsMs="1789566002781"/>
        <radio op="vodafone IT" rat="LTE" q="4.00" rsrp="-120" sinr="3" rsrq="-15"/>
        <radio op="I TIM" rat="LTE" q="34.00" rsrp="-105" sinr="12" rsrq="-8"/>
      </extensions>
    </trkpt>
    <trkpt lat="45.5137082" lon="10.2976565">
      <ele>186.70001220703125</ele>
      <time>2026-09-16T15:40:59.607+02:00</time>
      <extensions>
        <activity type="STILL" conf="99" state="still" tsMs="1789566057482"/>
        <radio op="vodafone IT" rat="LTE" rsrp="-121" rsrq="-12"/>
        <radio op="I TIM" rat="LTE" rsrp="-99" rsrq="-8"/>
      </extensions>
    </trkpt>
    <trkpt lat="45.5136298" lon="10.2973563">
      <ele>186.70001220703125</ele>
      <time>2026-09-16T15:41:57.559+02:00</time>
      <extensions>
        <activity type="ON_FOOT" conf="83" state="moving" tsMs="1789566111795"/>
        <radio op="vodafone IT" rat="LTE" rsrp="-119" rsrq="-12"/>
        <radio op="I TIM" rat="LTE" q="30.60" rsrp="-107" sinr="12" rsrq="-6"/>
      </extensions>
    </trkpt>
    <trkpt lat="45.5136222" lon="10.2974237">
      <ele>186.70001220703125</ele>
      <time>2026-09-16T15:42:35.442+02:00</time>
      <extensions>
        <activity type="UNKNOWN" conf="40" state="unknown" tsMs="1789566144564"/>
        <radio op="vodafone IT" rat="LTE" q="3.60" rsrp="-121" sinr="4" rsrq="-10"/>
        <radio op="I TIM" rat="LTE" q="52.80" rsrp="-101" sinr="17" rsrq="-9"/>
      </extensions>
    </trkpt>
    <trkpt lat="45.5136299" lon="10.2974062">
      <ele>186.70001220703125</ele>
      <time>2026-09-16T15:43:26.048+02:00</time>
      <extensions>
        <activity type="ON_FOOT" conf="82" state="moving" tsMs="1789566199530"/>
        <radio op="vodafone IT" rat="LTE" q="9.00" rsrp="-115" sinr="4" rsrq="-10"/>
        <radio op="I TIM" rat="LTE" q="55.00" rsrp="-100" sinr="17" rsrq="-11"/>
      </extensions>
    </trkpt>
    <trkpt lat="45.5136912" lon="10.2976296">
      <ele>186.70001220703125</ele>
      <time>2026-09-16T15:44:23.246+02:00</time>
      <extensions>
        <activity type="UNKNOWN" conf="40" state="unknown" tsMs="1789566262453"/>
        <radio op="vodafone IT" rat="LTE" q="19.20" rsrp="-113" sinr="11" rsrq="-8"/>
        <radio op="I TIM" rat="LTE" q="42.90" rsrp="-92" sinr="8" rsrq="-11"/>
      </extensions>
    </trkpt>
    <trkpt lat="45.5136739" lon="10.2975813">
      <ele>186.70001220703125</ele>
      <time>2026-09-16T15:45:13.354+02:00</time>
      <extensions>
        <activity type="STILL" conf="99" state="still" tsMs="1789566308818"/>
        <radio op="vodafone IT" rat="LTE" q="1.00" rsrp="-123" sinr="0" rsrq="-13"/>
        <radio op="I TIM" rat="LTE" q="54.60" rsrp="-99" sinr="16" rsrq="-7"/>
      </extensions>
    </trkpt>
    <trkpt lat="45.5136224" lon="10.2973989">
      <ele>186.70001220703125</ele>
      <time>2026-09-16T15:46:20.225+02:00</time>
      <extensions>
        <activity type="UNKNOWN" conf="40" state="unknown" tsMs="1789566378289"/>
        <radio op="vodafone IT" rat="LTE" rsrp="-120" rsrq="-11"/>
        <radio op="I TIM" rat="LTE" q="40.80" rsrp="-101" sinr="12" rsrq="-10"/>
      </extensions>
    </trkpt>
    <trkpt lat="45.5136537" lon="10.2974833">
      <ele>186.60000610351562</ele>
      <time>2026-09-16T15:46:51.428+02:00</time>
      <extensions>
        <activity type="UNKNOWN" conf="40" state="unknown" tsMs="1789566396340"/>
        <radio op="vodafone IT" rat="LTE" q="3.60" rsrp="-119" sinr="1" rsrq="-11"/>
        <radio op="I TIM" rat="LTE" q="39.10" rsrp="-102" sinr="12" rsrq="-7"/>
      </extensions>
    </trkpt>
    <trkpt lat="45.5136606" lon="10.2973658">
      <ele>188.89197841323056</ele>
      <time>2026-09-16T15:47:22.665+02:00</time>
      <extensions>
        <activity type="UNKNOWN" conf="40" state="unknown" tsMs="1789566435328"/>
        <radio op="vodafone IT" rat="LTE" q="7.20" rsrp="-117" sinr="4" rsrq="-10"/>
        <radio op="I TIM" rat="LTE" q="15.00" rsrp="-115" sinr="10" rsrq="-10"/>
      </extensions>
    </trkpt>
    <trkpt lat="45.5136731" lon="10.2971565">
      <ele>188.76574100553205</ele>
      <time>2026-09-16T15:47:53.842+02:00</time>
      <extensions>
        <activity type="UNKNOWN" conf="40" state="unknown" tsMs="1789566458830"/>
        <radio op="vodafone IT" rat="LTE" q="2.10" rsrp="-122" sinr="2" rsrq="-11"/>
        <radio op="I TIM" rat="LTE" q="11.70" rsrp="-116" sinr="8" rsrq="-12"/>
      </extensions>
    </trkpt>
    <trkpt lat="45.5137338" lon="10.2970582">
      <ele>188.63316809141688</ele>
      <time>2026-09-16T15:48:25.094+02:00</time>
      <extensions>
        <activity type="UNKNOWN" conf="40" state="unknown" tsMs="1789566497711"/>
        <radio op="vodafone IT" rat="LTE" q="5.40" rsrp="-116" sinr="1" rsrq="-10"/>
        <radio op="I TIM" rat="LTE" q="6.30" rsrp="-116" sinr="2" rsrq="-10"/>
      </extensions>
    </trkpt>
    <trkpt lat="45.5137432" lon="10.2970379">
      <ele>188.52068160770654</ele>
      <time>2026-09-16T15:49:29.621+02:00</time>
      <extensions>
        <activity type="UNKNOWN" conf="40" state="unknown" tsMs="1789566568815"/>
        <radio op="vodafone IT" rat="LTE" q="12.60" rsrp="-116" sinr="9" rsrq="-8"/>
        <radio op="I TIM" rat="LTE" q="8.00" rsrp="-115" sinr="3" rsrq="-11"/>
      </extensions>
    </trkpt>
    <trkpt lat="45.5137408" lon="10.2970984">
      <ele>186.60000610351562</ele>
      <time>2026-09-16T15:50:31.508+02:00</time>
      <extensions>
        <activity type="UNKNOWN" conf="40" state="unknown" tsMs="1789566628801"/>
        <radio op="vodafone IT" rat="LTE" rsrp="-125" rsrq="-14"/>
        <radio op="I TIM" rat="LTE" q="8.00" rsrp="-115" sinr="3" rsrq="-9"/>
      </extensions>
    </trkpt>
    <trkpt lat="45.5137952" lon="10.2972595">
      <ele>188.42863507143176</ele>
      <time>2026-09-16T15:51:02.562+02:00</time>
      <extensions>
        <activity type="UNKNOWN" conf="40" state="unknown" tsMs="1789566653613"/>
        <radio op="vodafone IT" rat="LTE" q="7.20" rsrp="-116" sinr="3" rsrq="-12"/>
        <radio op="I TIM" rat="LTE" q="25.60" rsrp="-109" sinr="11" rsrq="-9"/>
      </extensions>
    </trkpt>
    <trkpt lat="45.5137534" lon="10.2970088">
      <ele>186.60000610351562</ele>
      <time>2026-09-16T15:51:33.942+02:00</time>
      <extensions>
        <activity type="UNKNOWN" conf="40" state="unknown" tsMs="1789566685968"/>
        <radio op="vodafone IT" rat="LTE" rsrp="-126" rsrq="-15"/>
        <radio op="I TIM" rat="LTE" q="7.20" rsrp="-117" sinr="4" rsrq="-10"/>
      </extensions>
    </trkpt>
    <trkpt lat="45.5137826" lon="10.297015">
      <ele>186.60000610351562</ele>
      <time>2026-09-16T15:52:06.426+02:00</time>
      <extensions>
        <activity type="UNKNOWN" conf="40" state="unknown" tsMs="1789566697097"/>
        <radio op="vodafone IT" rat="LTE" q="1.00" rsrp="-123" sinr="0" rsrq="-12"/>
        <radio op="I TIM" rat="LTE" q="9.10" rsrp="-118" sinr="8" rsrq="-11"/>
      </extensions>
    </trkpt>
    <trkpt lat="45.5139187" lon="10.2971339">
      <ele>186.60000610351562</ele>
      <time>2026-09-16T15:52:53.602+02:00</time>
      <extensions>
        <activity type="UNKNOWN" conf="40" state="unknown" tsMs="1789566773196"/>
        <radio op="vodafone IT" rat="LTE" q="0.60" rsrp="-124" sinr="1" rsrq="-11"/>
        <radio op="I TIM" rat="LTE" q="7.70" rsrp="-118" sinr="6" rsrq="-12"/>
      </extensions>
    </trkpt>
    <trkpt lat="45.5139507" lon="10.2974838">
      <ele>186.60000610351562</ele>
      <time>2026-09-16T15:53:48.191+02:00</time>
      <extensions>
        <activity type="ON_FOOT" conf="93" state="moving" tsMs="1789566823807"/>
        <radio op="vodafone IT" rat="LTE" q="5.20" rsrp="-121" sinr="8" rsrq="-12"/>
        <radio op="I TIM" rat="LTE" q="45.00" rsrp="-100" sinr="13" rsrq="-11"/>
      </extensions>
    </trkpt>
    <trkpt lat="45.5137599" lon="10.2975213">
      <ele>186.60000610351562</ele>
      <time>2026-09-16T15:54:21.546+02:00</time>
      <extensions>
        <activity type="ON_FOOT" conf="94" state="moving" tsMs="1789566854469"/>
        <radio op="vodafone IT" rat="LTE" rsrp="-125" rsrq="-14"/>
        <radio op="I TIM" rat="LTE" q="69.00" rsrp="-95" sinr="18" rsrq="-12"/>
      </extensions>
    </trkpt>
    <trkpt lat="45.5137074" lon="10.2976401">
      <ele>186.70001220703125</ele>
      <time>2026-09-16T15:55:02.518+02:00</time>
      <extensions>
        <activity type="UNKNOWN" conf="40" state="unknown" tsMs="1789566900045"/>
        <radio op="vodafone IT" rat="LTE" q="9.00" rsrp="-115" sinr="4" rsrq="-11"/>
        <radio op="I TIM" rat="LTE" q="52.80" rsrp="-92" sinr="11" rsrq="-7"/>
      </extensions>
    </trkpt>
    <trkpt lat="45.5137076" lon="10.2976357">
      <ele>186.70001220703125</ele>
      <time>2026-09-16T15:55:33.679+02:00</time>
      <extensions>
        <activity type="UNKNOWN" conf="40" state="unknown" tsMs="1789566918635"/>
        <radio op="vodafone IT" rat="LTE" q="4.20" rsrp="-118" sinr="1" rsrq="-12"/>
        <radio op="I TIM" rat="LTE" q="61.20" rsrp="-91" sinr="13" rsrq="-9"/>
      </extensions>
    </trkpt>
    <trkpt lat="45.5136878" lon="10.2976468">
      <ele>186.70001220703125</ele>
      <time>2026-09-16T15:56:04.967+02:00</time>
      <extensions>
        <activity type="UNKNOWN" conf="40" state="unknown" tsMs="1789566944812"/>
        <radio op="vodafone IT" rat="LTE" q="3.00" rsrp="-120" sinr="1" rsrq="-14"/>
        <radio op="I TIM" rat="LTE" q="52.80" rsrp="-101" sinr="17" rsrq="-9"/>
      </extensions>
    </trkpt>
    <trkpt lat="45.5140089" lon="10.2972987">
      <ele>186.60000610351562</ele>
      <time>2026-09-16T15:57:00.184+02:00</time>
      <extensions>
        <activity type="ON_FOOT" conf="88" state="moving" tsMs="1789567004568"/>
        <radio op="vodafone IT" rat="OTHER"/>
        <radio op="I TIM" rat="LTE" q="20.80" rsrp="-109" sinr="8" rsrq="-8"/>
      </extensions>
    </trkpt>
    <trkpt lat="45.5139262" lon="10.2970613">
      <ele>186.60000610351562</ele>
      <time>2026-09-16T15:57:32.368+02:00</time>
      <extensions>
        <activity type="UNKNOWN" conf="40" state="unknown" tsMs="1789567041183"/>
        <radio op="vodafone IT" rat="LTE" q="3.60" rsrp="-121" sinr="4" rsrq="-10"/>
        <radio op="I TIM" rat="LTE" q="9.00" rsrp="-116" sinr="5" rsrq="-9"/>
      </extensions>
    </trkpt>
    <trkpt lat="45.5140639" lon="10.2969578">
      <ele>186.60000610351562</ele>
      <time>2026-09-16T15:58:03.735+02:00</time>
      <extensions>
        <activity type="UNKNOWN" conf="40" state="unknown" tsMs="1789567067329"/>
        <radio op="vodafone IT" rat="LTE" q="22.00" rsrp="-105" sinr="6" rsrq="-6"/>
        <radio op="I TIM" rat="LTE" q="37.80" rsrp="-104" sinr="13" rsrq="-7"/>
      </extensions>
    </trkpt>
    <trkpt lat="45.5140637" lon="10.2969443">
      <ele>186.60000610351562</ele>
      <time>2026-09-16T15:58:34.998+02:00</time>
      <extensions>
        <activity type="UNKNOWN" conf="40" state="unknown" tsMs="1789567106411"/>
        <radio op="vodafone IT" rat="LTE" q="32.30" rsrp="-108" sinr="14" rsrq="-7"/>
        <radio op="I TIM" rat="LTE" q="46.00" rsrp="-105" sinr="18" rsrq="-6"/>
      </extensions>
    </trkpt>
    <trkpt lat="45.5140406" lon="10.2969192">
      <ele>186.60000610351562</ele>
      <time>2026-09-16T15:59:06.149+02:00</time>
      <extensions>
        <activity type="STILL" conf="100" state="still" tsMs="1789567131160"/>
        <radio op="vodafone IT" rat="LTE" q="27.30" rsrp="-104" sinr="8" rsrq="-10"/>
        <radio op="I TIM" rat="LTE" q="32.40" rsrp="-98" sinr="7" rsrq="-7"/>
      </extensions>
    </trkpt>
    <trkpt lat="45.5140384" lon="10.2969094">
      <ele>188.2651606075758</ele>
      <time>2026-09-16T15:59:37.472+02:00</time>
      <extensions>
        <activity type="UNKNOWN" conf="40" state="unknown" tsMs="1789567163102"/>
        <radio op="vodafone IT" rat="LTE" q="32.20" rsrp="-102" sinr="9" rsrq="-9"/>
        <radio op="I TIM" rat="LTE" q="77.50" rsrp="-94" sinr="20" rsrq="-5"/>
      </extensions>
    </trkpt>
    <trkpt lat="45.5140131" lon="10.2969367">
      <ele>186.50001525878906</ele>
      <time>2026-09-16T16:00:08.831+02:00</time>
      <extensions>
        <activity type="UNKNOWN" conf="40" state="unknown" tsMs="1789567189139"/>
        <radio op="vodafone IT" rat="LTE" q="16.80" rsrp="-104" sinr="3" rsrq="-11"/>
        <radio op="I TIM" rat="LTE" q="57.50" rsrp="-100" sinr="18" rsrq="-7"/>
      </extensions>
    </trkpt>
    <trkpt lat="45.5140641" lon="10.2970023">
      <ele>186.50001525878906</ele>
      <time>2026-09-16T16:00:38.273+02:00</time>
      <extensions>
        <activity type="STILL" conf="41" state="still" tsMs="1789567225520"/>
        <radio op="vodafone IT" rat="LTE" q="19.00" rsrp="-106" sinr="5" rsrq="-11"/>
        <radio op="I TIM" rat="LTE" q="43.70" rsrp="-102" sinr="14" rsrq="-7"/>
      </extensions>
    </trkpt>
    <trkpt lat="45.5142417" lon="10.2969827">
      <ele>186.50001525878906</ele>
      <time>2026-09-16T16:01:11.691+02:00</time>
      <extensions>
        <activity type="ON_FOOT" conf="96" state="moving" tsMs="1789567264487"/>
        <radio op="vodafone IT" rat="LTE" rsrp="-110" rsrq="-15"/>
        <radio op="I TIM" rat="LTE" q="33.80" rsrp="-99" sinr="8" rsrq="-10"/>
      </extensions>
    </trkpt>
    <trkpt lat="45.5142688" lon="10.2969694">
      <ele>182.55205942011594</ele>
      <time>2026-09-16T16:01:43.045+02:00</time>
      <extensions>
        <activity type="UNKNOWN" conf="40" state="unknown" tsMs="1789567287042"/>
        <radio op="vodafone IT" rat="LTE" q="16.20" rsrp="-107" sinr="4" rsrq="-12"/>
        <radio op="I TIM" rat="LTE" q="23.00" rsrp="-102" sinr="5" rsrq="-9"/>
      </extensions>
    </trkpt>
    <trkpt lat="45.5142404" lon="10.2969713">
      <ele>186.60000610351562</ele>
      <time>2026-09-16T16:02:14.895+02:00</time>
      <extensions>
        <activity type="UNKNOWN" conf="40" state="unknown" tsMs="1789567324529"/>
        <radio op="vodafone IT" rat="LTE" q="13.80" rsrp="-102" sinr="1" rsrq="-13"/>
        <radio op="I TIM" rat="LTE" q="37.80" rsrp="-98" sinr="9" rsrq="-13"/>
      </extensions>
    </trkpt>
    <trkpt lat="45.5142586" lon="10.2969602">
      <ele>186.60000610351562</ele>
      <time>2026-09-16T16:02:45.208+02:00</time>
      <extensions>
        <activity type="STILL" conf="49" state="still" tsMs="1789567354046"/>
        <radio op="vodafone IT" rat="LTE" q="22.00" rsrp="-103" sinr="5" rsrq="-11"/>
        <radio op="I TIM" rat="LTE" q="43.20" rsrp="-98" sinr="11" rsrq="-7"/>
      </extensions>
    </trkpt>
    <trkpt lat="45.5142281" lon="10.296984">
      <ele>186.60000610351562</ele>
      <time>2026-09-16T16:03:01.879+02:00</time>
      <extensions>
        <activity type="STILL" conf="34" state="still" tsMs="1789567379996"/>
        <radio op="vodafone IT" rat="LTE" q="14.70" rsrp="-104" sinr="2" rsrq="-10"/>
        <radio op="I TIM" rat="LTE" q="26.40" rsrp="-101" sinr="6" rsrq="-7"/>
      </extensions>
    </trkpt>
    <trkpt lat="45.5142746" lon="10.2969774">
      <ele>186.60000610351562</ele>
      <time>2026-09-16T16:03:43.69+02:00</time>
      <extensions>
        <activity type="UNKNOWN" conf="40" state="unknown" tsMs="1789567420608"/>
        <radio op="vodafone IT" rat="LTE" rsrp="-116" rsrq="-14"/>
        <radio op="I TIM" rat="LTE" q="21.60" rsrp="-107" sinr="7" rsrq="-8"/>
      </extensions>
    </trkpt>
    <trkpt lat="45.5150491" lon="10.2977159">
      <ele>188.00001525878906</ele>
      <time>2026-09-16T16:23:35.022+02:00</time>
      <extensions>
        <activity type="ON_FOOT" conf="97" state="moving" tsMs="1789568625847"/>
        <radio op="vodafone IT" rat="LTE" q="20.30" rsrp="-96" sinr="2" rsrq="-11"/>
        <radio op="I TIM" rat="LTE" q="84.00" rsrp="-74" sinr="16" rsrq="-6"/>
      </extensions>
    </trkpt>
    <trkpt lat="45.5150544" lon="10.2979013">
      <ele>186.50001525878906</ele>
      <time>2026-09-16T16:24:41.03+02:00</time>
      <extensions>
        <activity type="UNKNOWN" conf="40" state="unknown" tsMs="1789568668949"/>
        <radio op="vodafone IT" rat="LTE" rsrp="-104" rsrq="-12"/>
        <radio op="I TIM" rat="LTE" q="100.00" rsrp="-81" sinr="26" rsrq="-6"/>
      </extensions>
    </trkpt>
    <trkpt lat="45.5150549" lon="10.2978833">
      <ele>186.50001525878906</ele>
      <time>2026-09-16T16:24:42.03+02:00</time>
      <extensions>
        <activity type="UNKNOWN" conf="40" state="unknown" tsMs="1789568691881"/>
        <radio op="vodafone IT" rat="LTE" rsrp="-95" rsrq="-13"/>
        <radio op="I TIM" rat="LTE" q="60.00" rsrp="-75" sinr="10" rsrq="-5"/>
      </extensions>
    </trkpt>
    <trkpt lat="45.5146183" lon="10.2981783">
      <ele>186.3000030517578</ele>
      <time>2026-09-16T16:25:16.109+02:00</time>
      <extensions>
        <activity type="IN_VEHICLE" conf="96" state="moving" tsMs="1789568710935"/>
        <radio op="vodafone IT" rat="LTE" rsrp="-93" rsrq="-13"/>
        <radio op="I TIM" rat="LTE" q="100.00" rsrp="-66" sinr="20" rsrq="-6"/>
      </extensions>
    </trkpt>
    <trkpt lat="45.5150564" lon="10.297937">
      <ele>186.3000030517578</ele>
      <time>2026-09-16T16:25:48.87+02:00</time>
      <extensions>
        <activity type="IN_VEHICLE" conf="96" state="moving" tsMs="1789568741705"/>
        <radio op="vodafone IT" rat="LTE" q="22.40" rsrp="-93" sinr="2" rsrq="-12"/>
        <radio op="I TIM" rat="LTE" q="100.00" rsrp="-67" sinr="20" rsrq="-6"/>
      </extensions>
    </trkpt>
    <trkpt lat="45.5150458" lon="10.2979307">
      <ele>186.50001525878906</ele>
      <time>2026-09-16T16:26:21.234+02:00</time>
      <extensions>
        <activity type="IN_VEHICLE" conf="96" state="moving" tsMs="1789568769570"/>
        <radio op="vodafone IT" rat="LTE" rsrp="-93" rsrq="-12"/>
        <radio op="I TIM" rat="LTE" q="100.00" rsrp="-65" sinr="20" rsrq="-6"/>
      </extensions>
    </trkpt>
    <trkpt lat="45.5150772" lon="10.297898">
      <ele>186.50001525878906</ele>
      <time>2026-09-16T16:26:54.029+02:00</time>
      <extensions>
        <activity type="IN_VEHICLE" conf="96" state="moving" tsMs="1789568805044"/>
        <radio op="vodafone IT" rat="LTE" q="16.00" rsrp="-93" sinr="0" rsrq="-11"/>
        <radio op="I TIM" rat="LTE" q="100.00" rsrp="-65" sinr="20" rsrq="-8"/>
      </extensions>
    </trkpt>
    <trkpt lat="45.5151818" lon="10.2974777">
      <ele>186.50001525878906</ele>
      <time>2026-09-16T16:27:26.234+02:00</time>
      <extensions>
        <activity type="IN_VEHICLE" conf="96" state="moving" tsMs="1789568833495"/>
        <radio op="vodafone IT" rat="LTE" q="14.50" rsrp="-96" sinr="0" rsrq="-12"/>
        <radio op="I TIM" rat="LTE" q="100.00" rsrp="-70" sinr="21" rsrq="-6"/>
      </extensions>
    </trkpt>
    <trkpt lat="45.515255" lon="10.2963836">
      <ele>185.50001525878906</ele>
      <time>2026-09-16T16:27:57.088+02:00</time>
      <extensions>
        <activity type="IN_VEHICLE" conf="96" state="moving" tsMs="1789568861993"/>
        <radio op="vodafone IT" rat="LTE" q="13.00" rsrp="-99" sinr="0" rsrq="-12"/>
        <radio op="I TIM" rat="LTE" q="96.00" rsrp="-79" sinr="19" rsrq="-6"/>
      </extensions>
    </trkpt>
    <trkpt lat="45.5149054" lon="10.297955">
      <ele>188.00001525878906</ele>
      <time>2026-09-16T16:28:28.477+02:00</time>
      <extensions>
        <activity type="IN_VEHICLE" conf="96" state="moving" tsMs="1789568894023"/>
        <radio op="vodafone IT" rat="LTE" rsrp="-96" rsrq="-16"/>
        <radio op="I TIM" rat="LTE" q="100.00" rsrp="-66" sinr="21" rsrq="-5"/>
      </extensions>
    </trkpt>
    <trkpt lat="45.5138809" lon="10.3039337">
      <ele>188.00001525878906</ele>
      <time>2026-09-16T16:29:01.525+02:00</time>
      <extensions>
        <activity type="IN_VEHICLE" conf="96" state="moving" tsMs="1789568935465"/>
        <radio op="vodafone IT" rat="LTE" q="48.00" rsrp="-83" sinr="7" rsrq="-11"/>
        <radio op="I TIM" rat="LTE" q="100.00" rsrp="-73" sinr="23" rsrq="-6"/>
      </extensions>
    </trkpt>
    <trkpt lat="45.513798" lon="10.3042849">
      <ele>189.64403865247738</ele>
      <time>2026-09-16T16:29:06.03+02:00</time>
      <extensions>
        <activity type="IN_VEHICLE" conf="96" state="moving" tsMs="1789568943258"/>
        <radio op="vodafone IT" rat="LTE" q="48.00" rsrp="-84" sinr="7" rsrq="-11"/>
        <radio op="I TIM" rat="LTE" q="100.00" rsrp="-77" sinr="22" rsrq="-6"/>
      </extensions>
    </trkpt>
    <trkpt lat="45.5135398" lon="10.3065683">
      <ele>189.3000030517578</ele>
      <time>2026-09-16T16:29:42.371+02:00</time>
      <extensions>
        <activity type="IN_VEHICLE" conf="95" state="moving" tsMs="1789568975202"/>
        <radio op="vodafone IT" rat="LTE" q="60.00" rsrp="-79" sinr="10" rsrq="-12"/>
        <radio op="I TIM" rat="LTE" q="100.00" rsrp="-84" sinr="23" rsrq="-6"/>
      </extensions>
    </trkpt>
    <trkpt lat="45.5134166" lon="10.3063268">
      <ele>189.00001525878906</ele>
      <time>2026-09-16T16:30:13.783+02:00</time>
      <extensions>
        <activity type="IN_VEHICLE" conf="96" state="moving" tsMs="1789569004675"/>
        <radio op="vodafone IT" rat="LTE" q="54.60" rsrp="-86" sinr="9" rsrq="-9"/>
        <radio op="I TIM" rat="LTE" q="100.00" rsrp="-85" sinr="20" rsrq="-8"/>
      </extensions>
    </trkpt>
    <trkpt lat="45.5121198" lon="10.3113129">
      <ele>191.20001220703125</ele>
      <time>2026-09-16T16:30:58.717+02:00</time>
      <extensions>
        <activity type="IN_VEHICLE" conf="96" state="moving" tsMs="1789569044904"/>
        <radio op="vodafone IT" rat="LTE" q="64.00" rsrp="-77" sinr="11" rsrq="-11"/>
        <radio op="I TIM" rat="LTE" q="58.00" rsrp="-96" sinr="15" rsrq="-7"/>
      </extensions>
    </trkpt>
    <trkpt lat="45.5118859" lon="10.3120168">
      <ele>192.93359010647663</ele>
      <time>2026-09-16T16:31:36.313+02:00</time>
      <extensions>
        <activity type="IN_VEHICLE" conf="96" state="moving" tsMs="1789569091919"/>
        <radio op="vodafone IT" rat="LTE" q="100.00" rsrp="-67" sinr="21" rsrq="-6"/>
        <radio op="I TIM" rat="LTE" q="86.40" rsrp="-89" sinr="19" rsrq="-6"/>
      </extensions>
    </trkpt>
    <trkpt lat="45.5117404" lon="10.3133148">
      <ele>191.3000030517578</ele>
      <time>2026-09-16T16:32:07.807+02:00</time>
      <extensions>
        <activity type="IN_VEHICLE" conf="96" state="moving" tsMs="1789569118545"/>
        <radio op="vodafone IT" rat="LTE" q="52.00" rsrp="-80" sinr="8" rsrq="-8"/>
        <radio op="I TIM" rat="LTE" q="92.50" rsrp="-88" sinr="23" rsrq="-6"/>
      </extensions>
    </trkpt>
    <trkpt lat="45.5114977" lon="10.3139922">
      <ele>193.5767849784111</ele>
      <time>2026-09-16T16:33:02.283+02:00</time>
      <extensions>
        <activity type="IN_VEHICLE" conf="96" state="moving" tsMs="1789569162124"/>
        <radio op="vodafone IT" rat="LTE" q="68.00" rsrp="-80" sinr="12" rsrq="-7"/>
        <radio op="I TIM" rat="LTE" q="40.50" rsrp="-98" sinr="10" rsrq="-7"/>
      </extensions>
    </trkpt>
    <trkpt lat="45.5104399" lon="10.3181263">
      <ele>194.06105508661338</ele>
      <time>2026-09-16T16:33:34.041+02:00</time>
      <extensions>
        <activity type="IN_VEHICLE" conf="97" state="moving" tsMs="1789569210857"/>
        <radio op="vodafone IT" rat="LTE" q="92.00" rsrp="-77" sinr="18" rsrq="-9"/>
        <radio op="I TIM" rat="LTE" rsrp="-84" rsrq="-17"/>
      </extensions>
    </trkpt>
    <trkpt lat="45.5100993" lon="10.3199711">
      <ele>193.8000030517578</ele>
      <time>2026-09-16T16:34:06.238+02:00</time>
      <extensions>
        <activity type="IN_VEHICLE" conf="97" state="moving" tsMs="1789569241968"/>
        <radio op="vodafone IT" rat="LTE" q="100.00" rsrp="-82" sinr="20" rsrq="-7"/>
        <radio op="I TIM" rat="LTE" q="68.00" rsrp="-81" sinr="12" rsrq="-11"/>
      </extensions>
    </trkpt>
    <trkpt lat="45.5098956" lon="10.3218262">
      <ele>193.50001525878906</ele>
      <time>2026-09-16T16:34:40.083+02:00</time>
      <extensions>
        <activity type="IN_VEHICLE" conf="97" state="moving" tsMs="1789569272703"/>
        <radio op="vodafone IT" rat="LTE" q="100.00" rsrp="-74" sinr="25" rsrq="-8"/>
        <radio op="I TIM" rat="LTE" q="56.00" rsrp="-71" sinr="9" rsrq="-12"/>
      </extensions>
    </trkpt>
    <trkpt lat="45.5083553" lon="10.3264072">
      <ele>196.02684006186706</ele>
      <time>2026-09-16T16:35:11.824+02:00</time>
      <extensions>
        <activity type="IN_VEHICLE" conf="96" state="moving" tsMs="1789569296310"/>
        <radio op="vodafone IT" rat="LTE" q="80.00" rsrp="-72" sinr="15" rsrq="-12"/>
        <radio op="I TIM" rat="LTE" q="40.00" rsrp="-68" sinr="5" rsrq="-13"/>
      </extensions>
    </trkpt>
    <trkpt lat="45.5082673" lon="10.3277586">
      <ele>196.02684006186706</ele>
      <time>2026-09-16T16:35:18.03+02:00</time>
      <extensions>
        <activity type="UNKNOWN" conf="40" state="unknown" tsMs="1789569305857"/>
        <radio op="vodafone IT" rat="LTE" q="48.00" rsrp="-80" sinr="7" rsrq="-13"/>
        <radio op="I TIM" rat="LTE" q="60.00" rsrp="-72" sinr="10" rsrq="-12"/>
      </extensions>
    </trkpt>
    <trkpt lat="45.5075182" lon="10.3310555">
      <ele>194.90000915527344</ele>
      <time>2026-09-16T16:35:51.23+02:00</time>
      <extensions>
        <activity type="IN_VEHICLE" conf="97" state="moving" tsMs="1789569343867"/>
        <radio op="vodafone IT" rat="LTE" q="16.80" rsrp="-97" sinr="1" rsrq="-14"/>
        <radio op="I TIM" rat="LTE" q="18.60" rsrp="-94" sinr="1" rsrq="-14"/>
      </extensions>
    </trkpt>
    <trkpt lat="45.5070062" lon="10.3332008">
      <ele>197.3000030517578</ele>
      <time>2026-09-16T16:36:22.03+02:00</time>
      <extensions>
        <activity type="IN_VEHICLE" conf="92" state="moving" tsMs="1789569372332"/>
        <radio op="vodafone IT" rat="LTE" q="25.60" rsrp="-93" sinr="3" rsrq="-11"/>
        <radio op="I TIM" rat="LTE" rsrp="-101" rsrq="-17"/>
      </extensions>
    </trkpt>
    <trkpt lat="45.5064735" lon="10.3344137">
      <ele>197.3000030517578</ele>
      <time>2026-09-16T16:36:32.03+02:00</time>
      <extensions>
        <activity type="IN_VEHICLE" conf="96" state="moving" tsMs="1789569382759"/>
        <radio op="vodafone IT" rat="LTE" q="80.00" rsrp="-74" sinr="15" rsrq="-8"/>
        <radio op="I TIM" rat="LTE" q="100.00" rsrp="-85" sinr="22" rsrq="-7"/>
      </extensions>
    </trkpt>
    <trkpt lat="45.505801" lon="10.3357008">
      <ele>197.3000030517578</ele>
      <time>2026-09-16T16:36:42.03+02:00</time>
      <extensions>
        <activity type="IN_VEHICLE" conf="96" state="moving" tsMs="1789569392317"/>
        <radio op="vodafone IT" rat="LTE" q="84.00" rsrp="-78" sinr="16" rsrq="-9"/>
        <radio op="I TIM" rat="LTE" q="100.00" rsrp="-80" sinr="22" rsrq="-8"/>
      </extensions>
    </trkpt>
    <trkpt lat="45.5053231" lon="10.3366348">
      <ele>197.3000030517578</ele>
      <time>2026-09-16T16:36:52.029+02:00</time>
      <extensions>
        <activity type="IN_VEHICLE" conf="97" state="moving" tsMs="1789569401864"/>
        <radio op="vodafone IT" rat="LTE" q="36.00" rsrp="-85" sinr="4" rsrq="-9"/>
        <radio op="I TIM" rat="LTE" q="85.10" rsrp="-88" sinr="18" rsrq="-8"/>
      </extensions>
    </trkpt>
    <trkpt lat="45.5050655" lon="10.3369798">
      <ele>197.3000030517578</ele>
      <time>2026-09-16T16:37:03.03+02:00</time>
      <extensions>
        <activity type="IN_VEHICLE" conf="96" state="moving" tsMs="1789569414897"/>
        <radio op="vodafone IT" rat="LTE" q="44.00" rsrp="-85" sinr="6" rsrq="-12"/>
        <radio op="I TIM" rat="LTE" q="51.00" rsrp="-91" sinr="10" rsrq="-6"/>
      </extensions>
    </trkpt>
    <trkpt lat="45.5047874" lon="10.337942">
      <ele>197.3000030517578</ele>
      <time>2026-09-16T16:37:13.03+02:00</time>
      <extensions>
        <activity type="IN_VEHICLE" conf="96" state="moving" tsMs="1789569424443"/>
        <radio op="vodafone IT" rat="LTE" q="44.00" rsrp="-82" sinr="6" rsrq="-9"/>
        <radio op="I TIM" rat="LTE" q="100.00" rsrp="-82" sinr="21" rsrq="-6"/>
      </extensions>
    </trkpt>
    <trkpt lat="45.50426" lon="10.3393212">
      <ele>197.3000030517578</ele>
      <time>2026-09-16T16:37:23.03+02:00</time>
      <extensions>
        <activity type="IN_VEHICLE" conf="96" state="moving" tsMs="1789569437502"/>
        <radio op="vodafone IT" rat="LTE" q="100.00" rsrp="-73" sinr="21" rsrq="-6"/>
        <radio op="I TIM" rat="LTE" q="100.00" rsrp="-74" sinr="22" rsrq="-6"/>
      </extensions>
    </trkpt>
    <trkpt lat="45.5040004" lon="10.3402468">
      <ele>197.3000030517578</ele>
      <time>2026-09-16T16:37:33.03+02:00</time>
      <extensions>
        <activity type="IN_VEHICLE" conf="96" state="moving" tsMs="1789569447251"/>
        <radio op="vodafone IT" rat="LTE" q="100.00" rsrp="-77" sinr="22" rsrq="-7"/>
        <radio op="I TIM" rat="LTE" q="96.00" rsrp="-79" sinr="19" rsrq="-7"/>
      </extensions>
    </trkpt>
    <trkpt lat="45.5040901" lon="10.3402834">
      <ele>197.3000030517578</ele>
      <time>2026-09-16T16:37:44.03+02:00</time>
      <extensions>
        <activity type="IN_VEHICLE" conf="96" state="moving" tsMs="1789569456806"/>
        <radio op="vodafone IT" rat="LTE" q="92.00" rsrp="-81" sinr="18" rsrq="-10"/>
        <radio op="I TIM" rat="LTE" q="100.00" rsrp="-79" sinr="20" rsrq="-5"/>
      </extensions>
    </trkpt>
    <trkpt lat="45.5040901" lon="10.3402834">
      <ele>191.0</ele>
      <time>2026-09-16T16:37:51.03+02:00</time>
      <extensions>
        <activity type="IN_VEHICLE" conf="96" state="moving" tsMs="1789569466525"/>
        <radio op="vodafone IT" rat="LTE" q="100.00" rsrp="-80" sinr="20" rsrq="-10"/>
        <radio op="I TIM" rat="LTE" q="84.00" rsrp="-81" sinr="16" rsrq="-9"/>
      </extensions>
    </trkpt>
    <trkpt lat="45.5041934" lon="10.3399043">
      <ele>192.0</ele>
      <time>2026-09-16T16:38:19.031+02:00</time>
      <extensions>
        <activity type="IN_VEHICLE" conf="96" state="moving" tsMs="1789569498917"/>
        <radio op="vodafone IT" rat="LTE" q="80.00" rsrp="-83" sinr="15" rsrq="-10"/>
        <radio op="I TIM" rat="LTE" q="48.00" rsrp="-84" sinr="7" rsrq="-7"/>
      </extensions>
    </trkpt>
    <trkpt lat="45.5041934" lon="10.3399043">
      <ele>194.60000610351562</ele>
      <time>2026-09-16T16:38:25.137+02:00</time>
      <extensions>
        <activity type="IN_VEHICLE" conf="96" state="moving" tsMs="1789569508366"/>
        <radio op="vodafone IT" rat="LTE" q="72.00" rsrp="-81" sinr="13" rsrq="-8"/>
        <radio op="I TIM" rat="LTE" q="100.00" rsrp="-85" sinr="23" rsrq="-7"/>
      </extensions>
    </trkpt>
    <trkpt lat="45.5043684" lon="10.3395501">
      <ele>194.70001220703125</ele>
      <time>2026-09-16T16:38:55.775+02:00</time>
      <extensions>
        <activity type="IN_VEHICLE" conf="96" state="moving" tsMs="1789569527516"/>
        <radio op="vodafone IT" rat="LTE" q="100.00" rsrp="-81" sinr="21" rsrq="-10"/>
        <radio op="I TIM" rat="LTE" q="100.00" rsrp="-83" sinr="22" rsrq="-6"/>
      </extensions>
    </trkpt>
    <trkpt lat="45.5043917" lon="10.3395344">
      <ele>194.70001220703125</ele>
      <time>2026-09-16T16:39:27.122+02:00</time>
      <extensions>
        <activity type="IN_VEHICLE" conf="96" state="moving" tsMs="1789569556238"/>
        <radio op="vodafone IT" rat="LTE" q="56.00" rsrp="-81" sinr="9" rsrq="-8"/>
        <radio op="I TIM" rat="LTE" q="100.00" rsrp="-84" sinr="21" rsrq="-6"/>
      </extensions>
    </trkpt>
    <trkpt lat="45.5043742" lon="10.3395552">
      <ele>194.70001220703125</ele>
      <time>2026-09-16T16:39:58.341+02:00</time>
      <extensions>
        <activity type="IN_VEHICLE" conf="96" state="moving" tsMs="1789569594288"/>
        <radio op="vodafone IT" rat="LTE" q="80.00" rsrp="-82" sinr="15" rsrq="-7"/>
        <radio op="I TIM" rat="LTE" q="48.00" rsrp="-84" sinr="7" rsrq="-7"/>
      </extensions>
    </trkpt>
    <trkpt lat="45.5043946" lon="10.3395535">
      <ele>194.70001220703125</ele>
      <time>2026-09-16T16:40:29.664+02:00</time>
      <extensions>
        <activity type="IN_VEHICLE" conf="96" state="moving" tsMs="1789569620694"/>
        <radio op="vodafone IT" rat="LTE" q="84.00" rsrp="-80" sinr="16" rsrq="-9"/>
        <radio op="I TIM" rat="LTE" q="76.00" rsrp="-84" sinr="14" rsrq="-6"/>
      </extensions>
    </trkpt>
    <trkpt lat="45.5043741" lon="10.3395149">
      <ele>194.70001220703125</ele>
      <time>2026-09-16T16:41:05.181+02:00</time>
      <extensions>
        <activity type="IN_VEHICLE" conf="96" state="moving" tsMs="1789569649280"/>
        <radio op="vodafone IT" rat="LTE" q="80.00" rsrp="-80" sinr="15" rsrq="-8"/>
        <radio op="I TIM" rat="LTE" q="100.00" rsrp="-83" sinr="22" rsrq="-6"/>
      </extensions>
    </trkpt>
    <trkpt lat="45.504412" lon="10.3394925">
      <ele>194.70001220703125</ele>
      <time>2026-09-16T16:41:33.692+02:00</time>
      <extensions>
        <activity type="UNKNOWN" conf="40" state="unknown" tsMs="1789569681712"/>
        <radio op="vodafone IT" rat="LTE" q="64.00" rsrp="-83" sinr="11" rsrq="-10"/>
        <radio op="I TIM" rat="LTE" q="64.00" rsrp="-85" sinr="11" rsrq="-9"/>
      </extensions>
    </trkpt>
    <trkpt lat="45.5043542" lon="10.3394899">
      <ele>194.70001220703125</ele>
      <time>2026-09-16T16:42:06.933+02:00</time>
      <extensions>
        <activity type="STILL" conf="100" state="still" tsMs="1789569713353"/>
        <radio op="vodafone IT" rat="LTE" q="92.00" rsrp="-84" sinr="18" rsrq="-9"/>
        <radio op="I TIM" rat="LTE" q="68.40" rsrp="-89" sinr="14" rsrq="-7"/>
      </extensions>
    </trkpt>
    <trkpt lat="45.5043854" lon="10.3395045">
      <ele>194.70001220703125</ele>
      <time>2026-09-16T16:42:48.12+02:00</time>
      <extensions>
        <activity type="STILL" conf="99" state="still" tsMs="1789569761872"/>
        <radio op="vodafone IT" rat="LTE" q="68.20" rsrp="-94" sinr="17" rsrq="-9"/>
        <radio op="I TIM" rat="LTE" q="69.60" rsrp="-96" sinr="19" rsrq="-7"/>
      </extensions>
    </trkpt>
    <trkpt lat="45.5043648" lon="10.339453">
      <ele>194.70001220703125</ele>
      <time>2026-09-16T16:43:29.474+02:00</time>
      <extensions>
        <activity type="UNKNOWN" conf="40" state="unknown" tsMs="1789569802846"/>
        <radio op="vodafone IT" rat="LTE" q="77.70" rsrp="-88" sinr="16" rsrq="-8"/>
        <radio op="I TIM" rat="LTE" q="85.00" rsrp="-91" sinr="22" rsrq="-7"/>
      </extensions>
    </trkpt>
    <trkpt lat="45.5047175" lon="10.3385499">
      <ele>194.70001220703125</ele>
      <time>2026-09-16T16:44:31.032+02:00</time>
      <extensions>
        <activity type="IN_VEHICLE" conf="86" state="moving" tsMs="1789569871683"/>
        <radio op="vodafone IT" rat="LTE" q="95.00" rsrp="-87" sinr="20" rsrq="-9"/>
        <radio op="I TIM" rat="LTE" q="95.00" rsrp="-87" sinr="21" rsrq="-7"/>
      </extensions>
    </trkpt>
    <trkpt lat="45.5076436" lon="10.3403348">
      <ele>197.85555567129654</ele>
      <time>2026-09-16T16:45:05.032+02:00</time>
      <extensions>
        <activity type="UNKNOWN" conf="40" state="unknown" tsMs="1789569897853"/>
        <radio op="vodafone IT" rat="LTE" q="30.00" rsrp="-95" sinr="5" rsrq="-12"/>
        <radio op="I TIM" rat="LTE" rsrp="-99" rsrq="-11"/>
      </extensions>
    </trkpt>
    <trkpt lat="45.5122039" lon="10.3499266">
      <ele>201.33261052551103</ele>
      <time>2026-09-16T16:45:54.032+02:00</time>
      <extensions>
        <activity type="IN_VEHICLE" conf="86" state="moving" tsMs="1789569954420"/>
        <radio op="vodafone IT" rat="LTE" q="90.00" rsrp="-89" sinr="23" rsrq="-6"/>
        <radio op="I TIM" rat="LTE" q="100.00" rsrp="-84" sinr="22" rsrq="-8"/>
      </extensions>
    </trkpt>
    <trkpt lat="45.5136823" lon="10.3612039">
      <ele>204.27923826583125</ele>
      <time>2026-09-16T16:46:43.032+02:00</time>
      <extensions>
        <activity type="IN_VEHICLE" conf="85" state="moving" tsMs="1789570024499"/>
        <radio op="vodafone IT" rat="LTE" q="51.30" rsrp="-98" sinr="14" rsrq="-7"/>
        <radio op="I TIM" rat="LTE" rsrp="-126" rsrq="-20"/>
      </extensions>
    </trkpt>
    <trkpt lat="45.5181538" lon="10.3673435">
      <ele>206.92587835261824</ele>
      <time>2026-09-16T16:47:24.032+02:00</time>
      <extensions>
        <activity type="UNKNOWN" conf="40" state="unknown" tsMs="1789570030532"/>
        <radio op="vodafone IT" rat="LTE" q="25.50" rsrp="-108" sinr="10" rsrq="-11"/>
        <radio op="I TIM" rat="LTE" q="45.90" rsrp="-98" sinr="12" rsrq="-13"/>
      </extensions>
    </trkpt>
    <trkpt lat="45.5245164" lon="10.3769168">
      <ele>210.20001220703125</ele>
      <time>2026-09-16T16:48:27.559+02:00</time>
      <extensions>
        <activity type="UNKNOWN" conf="40" state="unknown" tsMs="1789570101588"/>
        <radio op="vodafone IT" rat="LTE" q="81.40" rsrp="-88" sinr="17" rsrq="-9"/>
        <radio op="I TIM" rat="LTE" q="21.00" rsrp="-110" sinr="9" rsrq="-12"/>
      </extensions>
    </trkpt>
    <trkpt lat="45.5279777" lon="10.3880445">
      <ele>215.15679000803647</ele>
      <time>2026-09-16T16:49:15.032+02:00</time>
      <extensions>
        <activity type="IN_VEHICLE" conf="90" state="moving" tsMs="1789570151986"/>
        <radio op="vodafone IT" rat="LTE" q="12.00" rsrp="-113" sinr="5" rsrq="-10"/>
        <radio op="I TIM" rat="LTE" q="7.00" rsrp="-111" sinr="0" rsrq="-8"/>
      </extensions>
    </trkpt>
    <trkpt lat="45.5287121" lon="10.3903036">
      <ele>216.00001525878906</ele>
      <time>2026-09-16T16:49:26.032+02:00</time>
      <extensions>
        <activity type="IN_VEHICLE" conf="90" state="moving" tsMs="1789570151986"/>
        <radio op="vodafone IT" rat="LTE" q="24.70" rsrp="-106" sinr="8" rsrq="-13"/>
        <radio op="I TIM" rat="LTE" q="17.10" rsrp="-106" sinr="4" rsrq="-10"/>
      </extensions>
    </trkpt>
    <trkpt lat="45.5322005" lon="10.4001775">
      <ele>221.536420161533</ele>
      <time>2026-09-16T16:50:12.032+02:00</time>
      <extensions>
        <activity type="UNKNOWN" conf="40" state="unknown" tsMs="1789570205742"/>
        <radio op="vodafone IT" rat="LTE" q="9.60" rsrp="-109" sinr="1" rsrq="-17"/>
        <radio op="I TIM" rat="LTE" rsrp="-119" rsrq="-14"/>
      </extensions>
    </trkpt>
    <trkpt lat="45.5361318" lon="10.4102515">
      <ele>226.21016250986887</ele>
      <time>2026-09-16T16:51:02.032+02:00</time>
      <extensions>
        <activity type="IN_VEHICLE" conf="83" state="moving" tsMs="1789570244734"/>
        <radio op="vodafone IT" rat="LTE" rsrp="-102" rsrq="-8"/>
        <radio op="I TIM" rat="LTE" rsrp="-109" rsrq="-15"/>
      </extensions>
    </trkpt>
    <trkpt lat="45.5635751" lon="10.4409908">
      <ele>246.50190829105495</ele>
      <time>2026-09-16T16:54:37.021+02:00</time>
      <extensions>
        <activity type="IN_VEHICLE" conf="73" state="moving" tsMs="1789570485501"/>
        <radio op="vodafone IT" rat="LTE" rsrp="-104" rsrq="-9"/>
        <radio op="I TIM" rat="LTE" q="24.20" rsrp="-103" sinr="6" rsrq="-11"/>
      </extensions>
    </trkpt>
    <trkpt lat="45.5698327" lon="10.4419565">
      <ele>245.72280834152505</ele>
      <time>2026-09-16T16:55:13.335+02:00</time>
      <extensions>
        <activity type="UNKNOWN" conf="40" state="unknown" tsMs="1789570498488"/>
        <radio op="vodafone IT" rat="LTE" rsrp="-98" rsrq="-10"/>
        <radio op="I TIM" rat="LTE" q="33.80" rsrp="-99" sinr="8" rsrq="-10"/>
      </extensions>
    </trkpt>
    <trkpt lat="45.5771732" lon="10.444538">
      <ele>254.1767470913676</ele>
      <time>2026-09-16T16:56:01.038+02:00</time>
      <extensions>
        <activity type="IN_VEHICLE" conf="82" state="moving" tsMs="1789570560895"/>
        <radio op="vodafone IT" rat="LTE" q="64.60" rsrp="-91" sinr="14" rsrq="-6"/>
        <radio op="I TIM" rat="LTE" q="85.00" rsrp="-91" sinr="27" rsrq="-7"/>
      </extensions>
    </trkpt>
    <trkpt lat="45.590137" lon="10.4574182">
      <ele>286.7795644634983</ele>
      <time>2026-09-16T16:57:34.68+02:00</time>
      <extensions>
        <activity type="IN_VEHICLE" conf="88" state="moving" tsMs="1789570680884"/>
        <radio op="vodafone IT" rat="LTE" q="67.50" rsrp="-98" sinr="21" rsrq="-9"/>
        <radio op="I TIM" rat="LTE" rsrp="-125" rsrq="-19"/>
      </extensions>
    </trkpt>
    <trkpt lat="45.6035755" lon="10.4649058">
      <ele>276.73603820449</ele>
      <time>2026-09-16T16:58:54.034+02:00</time>
      <extensions>
        <activity type="IN_VEHICLE" conf="89" state="moving" tsMs="1789570746613"/>
        <radio op="vodafone IT" rat="LTE" q="45.90" rsrp="-98" sinr="12" rsrq="-8"/>
        <radio op="I TIM" rat="LTE" q="46.20" rsrp="-104" sinr="17" rsrq="-10"/>
      </extensions>
    </trkpt>
    <trkpt lat="45.6052837" lon="10.46583">
      <ele>262.1389522039554</ele>
      <time>2026-09-16T16:59:29.036+02:00</time>
      <extensions>
        <activity type="IN_VEHICLE" conf="96" state="moving" tsMs="1789570765030"/>
        <radio op="vodafone IT" rat="LTE" q="100.00" rsrp="-85" sinr="27" rsrq="-4"/>
        <radio op="I TIM" rat="LTE" q="30.80" rsrp="-103" sinr="9" rsrq="-9"/>
      </extensions>
    </trkpt>
    <trkpt lat="45.6043174" lon="10.4616309">
      <ele>261.9797511662801</ele>
      <time>2026-09-16T17:00:14.035+02:00</time>
      <extensions>
        <activity type="UNKNOWN" conf="40" state="unknown" tsMs="1789570814262"/>
        <radio op="vodafone IT" rat="LTE" rsrp="-79" rsrq="-6"/>
        <radio op="I TIM" rat="LTE" q="46.20" rsrp="-103" sinr="16" rsrq="-11"/>
      </extensions>
    </trkpt>
    <trkpt lat="45.6031237" lon="10.4578242">
      <ele>258.79285819239635</ele>
      <time>2026-09-16T17:00:47.411+02:00</time>
      <extensions>
        <activity type="UNKNOWN" conf="40" state="unknown" tsMs="1789570832938"/>
        <radio op="vodafone IT" rat="LTE" q="92.50" rsrp="-88" sinr="24" rsrq="-8"/>
        <radio op="I TIM" rat="LTE" q="97.50" rsrp="-86" sinr="24" rsrq="-12"/>
      </extensions>
    </trkpt>
    <trkpt lat="45.6023383" lon="10.4535675">
      <ele>257.33923694255054</ele>
      <time>2026-09-16T17:02:05.541+02:00</time>
      <extensions>
        <activity type="IN_VEHICLE" conf="84" state="moving" tsMs="1789570920550"/>
        <radio op="vodafone IT" rat="LTE" q="29.40" rsrp="-104" sinr="9" rsrq="-10"/>
        <radio op="I TIM" rat="LTE" rsrp="-107" rsrq="-14"/>
      </extensions>
    </trkpt>
    <trkpt lat="45.6029524" lon="10.45353">
      <ele>255.0918551309297</ele>
      <time>2026-09-16T17:02:41.355+02:00</time>
      <extensions>
        <activity type="IN_VEHICLE" conf="90" state="moving" tsMs="1789570951885"/>
        <radio op="vodafone IT" rat="LTE" q="14.30" rsrp="-112" sinr="6" rsrq="-10"/>
        <radio op="I TIM" rat="LTE" q="23.40" rsrp="-107" sinr="8" rsrq="-10"/>
      </extensions>
    </trkpt>
    <trkpt lat="45.6025824" lon="10.4537142">
      <ele>255.736640650038</ele>
      <time>2026-09-16T17:03:15.086+02:00</time>
      <extensions>
        <activity type="IN_VEHICLE" conf="91" state="moving" tsMs="1789570989542"/>
        <radio op="vodafone IT" rat="LTE" q="19.80" rsrp="-107" sinr="6" rsrq="-10"/>
        <radio op="I TIM" rat="LTE" q="2.50" rsrp="-120" sinr="0" rsrq="-14"/>
      </extensions>
    </trkpt>
    <trkpt lat="45.6026006" lon="10.4541606">
      <ele>256.3072313116238</ele>
      <time>2026-09-16T17:03:49.675+02:00</time>
      <extensions>
        <activity type="UNKNOWN" conf="40" state="unknown" tsMs="1789571018365"/>
        <radio op="vodafone IT" rat="LTE" q="12.60" rsrp="-107" sinr="2" rsrq="-12"/>
        <radio op="I TIM" rat="LTE" q="13.20" rsrp="-114" sinr="7" rsrq="-13"/>
      </extensions>
    </trkpt>
    <trkpt lat="45.6025823" lon="10.4537145">
      <ele>256.1099596264859</ele>
      <time>2026-09-16T17:04:22.508+02:00</time>
      <extensions>
        <activity type="UNKNOWN" conf="40" state="unknown" tsMs="1789571048860"/>
        <radio op="vodafone IT" rat="LTE" q="20.00" rsrp="-105" sinr="5" rsrq="-11"/>
        <radio op="I TIM" rat="LTE" q="15.40" rsrp="-114" sinr="9" rsrq="-13"/>
      </extensions>
    </trkpt>
    <trkpt lat="45.6025985" lon="10.4540562">
      <ele>259.89574017873343</ele>
      <time>2026-09-16T17:05:54.32+02:00</time>
      <extensions>
        <activity type="UNKNOWN" conf="40" state="unknown" tsMs="1789571142934"/>
        <radio op="vodafone IT" rat="LTE" q="22.00" rsrp="-103" sinr="5" rsrq="-11"/>
        <radio op="I TIM" rat="LTE" q="8.40" rsrp="-113" sinr="2" rsrq="-13"/>
      </extensions>
    </trkpt>
    <trkpt lat="45.6025585" lon="10.4536767">
      <ele>261.6000061035156</ele>
      <time>2026-09-16T17:06:45.359+02:00</time>
      <extensions>
        <activity type="UNKNOWN" conf="40" state="unknown" tsMs="1789571200910"/>
        <radio op="vodafone IT" rat="LTE" q="7.70" rsrp="-114" sinr="2" rsrq="-14"/>
        <radio op="I TIM" rat="LTE" q="8.50" rsrp="-120" sinr="12" rsrq="-11"/>
      </extensions>
    </trkpt>
    <trkpt lat="45.6025595" lon="10.4536784">
      <ele>261.6000061035156</ele>
      <time>2026-09-16T17:07:40.291+02:00</time>
      <extensions>
        <activity type="UNKNOWN" conf="40" state="unknown" tsMs="1789571257907"/>
        <radio op="vodafone IT" rat="LTE" q="10.00" rsrp="-115" sinr="5" rsrq="-11"/>
        <radio op="I TIM" rat="LTE" rsrp="-114" rsrq="-15"/>
      </extensions>
    </trkpt>
    <trkpt lat="45.6025572" lon="10.4536845">
      <ele>261.6000061035156</ele>
      <time>2026-09-16T17:08:13.243+02:00</time>
      <extensions>
        <activity type="UNKNOWN" conf="40" state="unknown" tsMs="1789571284218"/>
        <radio op="vodafone IT" rat="LTE" q="4.20" rsrp="-118" sinr="1" rsrq="-13"/>
        <radio op="I TIM" rat="LTE" rsrp="-121" rsrq="-15"/>
      </extensions>
    </trkpt>
    <trkpt lat="45.6025558" lon="10.4536817">
      <ele>261.6000061035156</ele>
      <time>2026-09-16T17:08:59.527+02:00</time>
      <extensions>
        <activity type="STILL" conf="56" state="still" tsMs="1789571338911"/>
        <radio op="vodafone IT" rat="LTE" q="5.60" rsrp="-117" sinr="2" rsrq="-13"/>
        <radio op="I TIM" rat="LTE" rsrp="-114" rsrq="-15"/>
      </extensions>
    </trkpt>
    <trkpt lat="45.6025575" lon="10.4536828">
      <ele>261.6000061035156</ele>
      <time>2026-09-16T17:09:33.238+02:00</time>
      <extensions>
        <activity type="STILL" conf="99" state="still" tsMs="1789571355717"/>
        <radio op="vodafone IT" rat="LTE" q="3.50" rsrp="-118" sinr="0" rsrq="-12"/>
        <radio op="I TIM" rat="LTE" q="15.60" rsrp="-113" sinr="8" rsrq="-14"/>
      </extensions>
    </trkpt>
    <trkpt lat="45.6025867" lon="10.4538995">
      <ele>262.0</ele>
      <time>2026-09-16T17:12:09.998+02:00</time>
      <extensions>
        <activity type="ON_FOOT" conf="92" state="moving" tsMs="1789571540924"/>
        <radio op="vodafone IT" rat="LTE" q="11.70" rsrp="-112" sinr="4" rsrq="-9"/>
        <radio op="I TIM" rat="LTE" q="3.60" rsrp="-119" sinr="1" rsrq="-15"/>
      </extensions>
    </trkpt>
    <trkpt lat="45.6025561" lon="10.453675">
      <ele>261.6000061035156</ele>
      <time>2026-09-16T17:12:58.86+02:00</time>
      <extensions>
        <activity type="ON_FOOT" conf="91" state="moving" tsMs="1789571573334"/>
        <radio op="vodafone IT" rat="LTE" q="2.40" rsrp="-121" sinr="1" rsrq="-14"/>
        <radio op="I TIM" rat="LTE" rsrp="-125" rsrq="-15"/>
      </extensions>
    </trkpt>
    <trkpt lat="45.6025556" lon="10.4536761">
      <ele>261.6000061035156</ele>
      <time>2026-09-16T17:13:30.817+02:00</time>
      <extensions>
        <activity type="UNKNOWN" conf="40" state="unknown" tsMs="1789571601041"/>
        <radio op="vodafone IT" rat="LTE" q="4.80" rsrp="-119" sinr="3" rsrq="-12"/>
        <radio op="I TIM" rat="LTE" rsrp="-137" rsrq="-21"/>
      </extensions>
    </trkpt>
    <trkpt lat="45.6025558" lon="10.4536741">
      <ele>261.6000061035156</ele>
      <time>2026-09-16T17:13:33.313+02:00</time>
      <extensions>
        <activity type="UNKNOWN" conf="40" state="unknown" tsMs="1789571613237"/>
        <radio op="vodafone IT" rat="LTE" rsrp="-121" rsrq="-13"/>
        <radio op="I TIM" rat="LTE" q="1.80" rsrp="-122" sinr="1" rsrq="-13"/>
      </extensions>
    </trkpt>
    <trkpt lat="45.6025518" lon="10.4536744">
      <ele>261.6000061035156</ele>
      <time>2026-09-16T17:14:04.21+02:00</time>
      <extensions>
        <activity type="UNKNOWN" conf="40" state="unknown" tsMs="1789571626241"/>
        <radio op="vodafone IT" rat="LTE" q="4.80" rsrp="-119" sinr="3" rsrq="-11"/>
        <radio op="I TIM" rat="LTE" q="5.50" rsrp="-120" sinr="6" rsrq="-12"/>
      </extensions>
    </trkpt>
    <trkpt lat="45.6025564" lon="10.4536702">
      <ele>261.6000061035156</ele>
      <time>2026-09-16T17:14:43.815+02:00</time>
      <extensions>
        <activity type="UNKNOWN" conf="40" state="unknown" tsMs="1789571677917"/>
        <radio op="vodafone IT" rat="LTE" q="0.00" rsrp="-125" sinr="5" rsrq="-13"/>
        <radio op="I TIM" rat="LTE" rsrp="-123" rsrq="-14"/>
      </extensions>
    </trkpt>
    <trkpt lat="45.6025558" lon="10.4536705">
      <ele>261.6000061035156</ele>
      <time>2026-09-16T17:15:35.144+02:00</time>
      <extensions>
        <activity type="STILL" conf="48" state="still" tsMs="1789571733947"/>
        <radio op="vodafone IT" rat="LTE" rsrp="-125" rsrq="-13"/>
        <radio op="I TIM" rat="LTE" q="1.20" rsrp="-123" sinr="1" rsrq="-12"/>
      </extensions>
    </trkpt>
  </trkseg></trk>
</gpx>
