<?xml version="1.0" encoding="UTF-8"?>
<gpx version="1.1" creator="CellGPX" xmlns="http://www.topografix.com/GPX/1/1">
  <trk><name>CellGPX</name><trkseg>
    <trkpt lat="45.6025926" lon="10.4536635">
      <ele>262.0</ele>
      <time>2026-03-28T10:00:17.354+01:00</time>
      <extensions>
        <activity type="UNKNOWN" conf="40" state="unknown" tsMs="1774688414048"/>
        <radio op="vodafone IT" rat="LTE" q="9.90" rsrp="-114" sinr="4" rsrq="-9"/>
        <radio op="I TIM" rat="LTE" q="13.20" rsrp="-114" sinr="7" rsrq="-10"/>
      </extensions>
    </trkpt>
    <trkpt lat="45.6025823" lon="10.4536469">
      <ele>262.0</ele>
      <time>2026-03-28T10:00:48.936+01:00</time>
      <extensions>
        <activity type="ON_BICYCLE" conf="75" state="moving" tsMs="1774688444808"/>
        <radio op="vodafone IT" rat="LTE" q="13.00" rsrp="-112" sinr="5" rsrq="-10"/>
        <radio op="I TIM" rat="LTE" q="22.10" rsrp="-112" sinr="12" rsrq="-10"/>
      </extensions>
    </trkpt>
    <trkpt lat="45.6026008" lon="10.4536681">
      <ele>262.0</ele>
      <time>2026-03-28T10:01:20.451+01:00</time>
      <extensions>
        <activity type="UNKNOWN" conf="40" state="unknown" tsMs="1774688476479"/>
        <radio op="vodafone IT" rat="LTE" q="10.80" rsrp="-113" sinr="4" rsrq="-12"/>
        <radio op="I TIM" rat="LTE" q="10.40" rsrp="-117" sinr="8" rsrq="-12"/>
      </extensions>
    </trkpt>
    <trkpt lat="45.6025784" lon="10.453647">
      <ele>262.0</ele>
      <time>2026-03-28T10:01:51.957+01:00</time>
      <extensions>
        <activity type="IN_VEHICLE" conf="76" state="moving" tsMs="1774688507953"/>
        <radio op="vodafone IT" rat="LTE" q="2.50" rsrp="-120" sinr="0" rsrq="-12"/>
        <radio op="I TIM" rat="LTE" rsrp="-111" rsrq="-13"/>
      </extensions>
    </trkpt>
    <trkpt lat="45.6025823" lon="10.4536434">
      <ele>262.0</ele>
      <time>2026-03-28T10:02:23.537+01:00</time>
      <extensions>
        <activity type="UNKNOWN" conf="40" state="unknown" tsMs="1774688539454"/>
        <radio op="vodafone IT" rat="LTE" q="16.80" rsrp="-113" sinr="9" rsrq="-13"/>
        <radio op="I TIM" rat="LTE" rsrp="-121" rsrq="-11"/>
      </extensions>
    </trkpt>
    <trkpt lat="45.602581" lon="10.4536499">
      <ele>262.0</ele>
      <time>2026-03-28T10:02:55.022+01:00</time>
      <extensions>
        <activity type="UNKNOWN" conf="40" state="unknown" tsMs="1774688570963"/>
        <radio op="vodafone IT" rat="LTE" q="0.60" rsrp="-124" sinr="1" rsrq="-14"/>
        <radio op="I TIM" rat="LTE" q="18.00" rsrp="-113" sinr="10" rsrq="-10"/>
      </extensions>
    </trkpt>
    <trkpt lat="45.6024802" lon="10.453635">
      <ele>261.9000244140625</ele>
      <time>2026-03-28T10:03:58.001+01:00</time>
      <extensions>
        <activity type="ON_FOOT" conf="88" state="moving" tsMs="1774688645103"/>
        <radio op="vodafone IT" rat="LTE" q="12.60" rsrp="-104" sinr="1" rsrq="-14"/>
        <radio op="I TIM" rat="LTE" q="37.80" rsrp="-98" sinr="9" rsrq="-9"/>
      </extensions>
    </trkpt>
    <trkpt lat="45.6020381" lon="10.4531051">
      <ele>262.0</ele>
      <time>2026-03-28T10:04:37.528+01:00</time>
      <extensions>
        <activity type="ON_FOOT" conf="97" state="moving" tsMs="1774688680234"/>
        <radio op="vodafone IT" rat="LTE" q="19.80" rsrp="-103" sinr="4" rsrq="-10"/>
        <radio op="I TIM" rat="LTE" q="20.80" rsrp="-99" sinr="3" rsrq="-10"/>
      </extensions>
    </trkpt>
    <trkpt lat="45.6021966" lon="10.4532786">
      <ele>261.8000183105469</ele>
      <time>2026-03-28T10:05:11.308+01:00</time>
      <extensions>
        <activity type="ON_FOOT" conf="85" state="moving" tsMs="1774688711102"/>
        <radio op="vodafone IT" rat="LTE" q="25.20" rsrp="-107" sinr="9" rsrq="-8"/>
        <radio op="I TIM" rat="LTE" rsrp="-109" rsrq="-12"/>
      </extensions>
    </trkpt>
    <trkpt lat="45.6022129" lon="10.4532987">
      <ele>261.8000183105469</ele>
      <time>2026-03-28T10:05:24.02+01:00</time>
      <extensions>
        <activity type="ON_FOOT" conf="85" state="moving" tsMs="1774688711102"/>
        <radio op="vodafone IT" rat="LTE" q="18.00" rsrp="-107" sinr="5" rsrq="-8"/>
        <radio op="I TIM" rat="LTE" rsrp="-106" rsrq="-13"/>
      </extensions>
    </trkpt>
    <trkpt lat="45.6021664" lon="10.4531903">
      <ele>261.8000183105469</ele>
      <time>2026-03-28T10:05:34.027+01:00</time>
      <extensions>
        <activity type="UNKNOWN" conf="40" state="unknown" tsMs="1774688716510"/>
        <radio op="vodafone IT" rat="LTE" q="26.00" rsrp="-105" sinr="8" rsrq="-11"/>
        <radio op="I TIM" rat="LTE" rsrp="-105" rsrq="-12"/>
      </extensions>
    </trkpt>
    <trkpt lat="45.6021535" lon="10.453115">
      <ele>261.8000183105469</ele>
      <time>2026-03-28T10:05:44.026+01:00</time>
      <extensions>
        <activity type="STILL" conf="100" state="still" tsMs="1774688736276"/>
        <radio op="vodafone IT" rat="LTE" q="22.00" rsrp="-105" sinr="6" rsrq="-13"/>
        <radio op="I TIM" rat="LTE" rsrp="-106" rsrq="-13"/>
      </extensions>
    </trkpt>
    <trkpt lat="45.6021522" lon="10.4531022">
      <ele>261.70001220703125</ele>
      <time>2026-03-28T10:05:54.024+01:00</time>
      <extensions>
        <activity type="STILL" conf="100" state="still" tsMs="1774688736276"/>
        <radio op="vodafone IT" rat="LTE" q="25.20" rsrp="-104" sinr="7" rsrq="-9"/>
        <radio op="I TIM" rat="LTE" rsrp="-105" rsrq="-11"/>
      </extensions>
    </trkpt>
    <trkpt lat="45.6021491" lon="10.453089">
      <ele>261.8000183105469</ele>
      <time>2026-03-28T10:06:04.026+01:00</time>
      <extensions>
        <activity type="UNKNOWN" conf="40" state="unknown" tsMs="1774688748744"/>
        <radio op="vodafone IT" rat="LTE" q="22.80" rsrp="-106" sinr="7" rsrq="-9"/>
        <radio op="I TIM" rat="LTE" rsrp="-107" rsrq="-11"/>
      </extensions>
    </trkpt>
    <trkpt lat="45.6021167" lon="10.4530243">
      <ele>261.8000183105469</ele>
      <time>2026-03-28T10:06:14.023+01:00</time>
      <extensions>
        <activity type="UNKNOWN" conf="40" state="unknown" tsMs="1774688748744"/>
        <radio op="vodafone IT" rat="LTE" q="27.30" rsrp="-104" sinr="8" rsrq="-11"/>
        <radio op="I TIM" rat="LTE" rsrp="-103" rsrq="-13"/>
      </extensions>
    </trkpt>
    <trkpt lat="45.6021182" lon="10.4530242">
      <ele>261.8000183105469</ele>
      <time>2026-03-28T10:06:24.023+01:00</time>
      <extensions>
        <activity type="UNKNOWN" conf="40" state="unknown" tsMs="1774688764912"/>
        <radio op="vodafone IT" rat="LTE" q="10.00" rsrp="-105" sinr="0" rsrq="-9"/>
        <radio op="I TIM" rat="LTE" q="11.00" rsrp="-103" sinr="0" rsrq="-9"/>
      </extensions>
    </trkpt>
    <trkpt lat="45.6021185" lon="10.4530242">
      <ele>261.8000183105469</ele>
      <time>2026-03-28T10:06:34.023+01:00</time>
      <extensions>
        <activity type="UNKNOWN" conf="40" state="unknown" tsMs="1774688792570"/>
        <radio op="vodafone IT" rat="LTE" q="30.80" rsrp="-103" sinr="9" rsrq="-11"/>
        <radio op="I TIM" rat="LTE" rsrp="-103" rsrq="-12"/>
      </extensions>
    </trkpt>
    <trkpt lat="45.6021185" lon="10.4530219">
      <ele>261.8000183105469</ele>
      <time>2026-03-28T10:06:44.023+01:00</time>
      <extensions>
        <activity type="UNKNOWN" conf="40" state="unknown" tsMs="1774688803280"/>
        <radio op="vodafone IT" rat="LTE" q="16.20" rsrp="-107" sinr="4" rsrq="-9"/>
        <radio op="I TIM" rat="LTE" q="9.50" rsrp="-106" sinr="0" rsrq="-11"/>
      </extensions>
    </trkpt>
    <trkpt lat="45.6021185" lon="10.4530219">
      <ele>261.8000183105469</ele>
      <time>2026-03-28T10:06:55.023+01:00</time>
      <extensions>
        <activity type="UNKNOWN" conf="40" state="unknown" tsMs="1774688813921"/>
        <radio op="vodafone IT" rat="LTE" q="15.30" rsrp="-108" sinr="4" rsrq="-9"/>
        <radio op="I TIM" rat="LTE" rsrp="-105" rsrq="-10"/>
      </extensions>
    </trkpt>
    <trkpt lat="45.6021185" lon="10.4530219">
      <ele>261.8000183105469</ele>
      <time>2026-03-28T10:07:05.024+01:00</time>
      <extensions>
        <activity type="STILL" conf="45" state="still" tsMs="1774688824596"/>
        <radio op="vodafone IT" rat="LTE" q="13.60" rsrp="-108" sinr="3" rsrq="-10"/>
        <radio op="I TIM" rat="LTE" rsrp="-105" rsrq="-9"/>
      </extensions>
    </trkpt>
    <trkpt lat="45.6021185" lon="10.4530219">
      <ele>261.8000183105469</ele>
      <time>2026-03-28T10:07:15.023+01:00</time>
      <extensions>
        <activity type="STILL" conf="90" state="still" tsMs="1774688835281"/>
        <radio op="vodafone IT" rat="LTE" q="12.80" rsrp="-109" sinr="3" rsrq="-9"/>
        <radio op="I TIM" rat="LTE" q="10.00" rsrp="-105" sinr="0" rsrq="-11"/>
      </extensions>
    </trkpt>
    <trkpt lat="45.6021185" lon="10.4530239">
      <ele>261.8000183105469</ele>
      <time>2026-03-28T10:07:25.024+01:00</time>
      <extensions>
        <activity type="STILL" conf="85" state="still" tsMs="1774688845993"/>
        <radio op="vodafone IT" rat="LTE" q="17.60" rsrp="-109" sinr="6" rsrq="-12"/>
        <radio op="I TIM" rat="LTE" rsrp="-105" rsrq="-10"/>
      </extensions>
    </trkpt>
    <trkpt lat="45.6021184" lon="10.453024">
      <ele>265.0</ele>
      <time>2026-03-28T10:07:35.023+01:00</time>
      <extensions>
        <activity type="STILL" conf="96" state="still" tsMs="1774688851315"/>
        <radio op="vodafone IT" rat="LTE" rsrp="-108" rsrq="-12"/>
        <radio op="I TIM" rat="LTE" q="16.00" rsrp="-105" sinr="3" rsrq="-11"/>
      </extensions>
    </trkpt>
    <trkpt lat="45.6021184" lon="10.453024">
      <ele>265.0</ele>
      <time>2026-03-28T10:07:45.024+01:00</time>
      <extensions>
        <activity type="STILL" conf="97" state="still" tsMs="1774688862015"/>
        <radio op="vodafone IT" rat="LTE" rsrp="-106" rsrq="-8"/>
        <radio op="I TIM" rat="LTE" rsrp="-105" rsrq="-8"/>
      </extensions>
    </trkpt>
    <trkpt lat="45.6021184" lon="10.453024">
      <ele>265.0</ele>
      <time>2026-03-28T10:07:55.023+01:00</time>
      <extensions>
        <activity type="STILL" conf="99" state="still" tsMs="1774688872702"/>
        <radio op="vodafone IT" rat="LTE" q="20.90" rsrp="-106" sinr="6" rsrq="-11"/>
        <radio op="I TIM" rat="LTE" rsrp="-103" rsrq="-10"/>
      </extensions>
    </trkpt>
    <trkpt lat="45.6021243" lon="10.4530348">
      <ele>267.0</ele>
      <time>2026-03-28T10:08:05.023+01:00</time>
      <extensions>
        <activity type="UNKNOWN" conf="40" state="unknown" tsMs="1774688883340"/>
        <radio op="vodafone IT" rat="LTE" q="10.00" rsrp="-105" sinr="0" rsrq="-12"/>
        <radio op="I TIM" rat="LTE" q="14.00" rsrp="-105" sinr="2" rsrq="-12"/>
      </extensions>
    </trkpt>
    <trkpt lat="45.6021591" lon="10.4531879">
      <ele>261.0</ele>
      <time>2026-03-28T10:08:15.024+01:00</time>
      <extensions>
        <activity type="IN_VEHICLE" conf="97" state="moving" tsMs="1774688894042"/>
        <radio op="vodafone IT" rat="LTE" q="25.20" rsrp="-104" sinr="7" rsrq="-10"/>
        <radio op="I TIM" rat="LTE" q="22.50" rsrp="-100" sinr="4" rsrq="-8"/>
      </extensions>
    </trkpt>
    <trkpt lat="45.6023689" lon="10.4537186">
      <ele>257.0</ele>
      <time>2026-03-28T10:08:25.023+01:00</time>
      <extensions>
        <activity type="IN_VEHICLE" conf="97" state="moving" tsMs="1774688904733"/>
        <radio op="vodafone IT" rat="LTE" q="30.60" rsrp="-107" sinr="12" rsrq="-8"/>
        <radio op="I TIM" rat="LTE" rsrp="-107" rsrq="-14"/>
      </extensions>
    </trkpt>
    <trkpt lat="45.6018751" lon="10.4540862">
      <ele>259.0</ele>
      <time>2026-03-28T10:08:35.023+01:00</time>
      <extensions>
        <activity type="IN_VEHICLE" conf="97" state="moving" tsMs="1774688915425"/>
        <radio op="vodafone IT" rat="LTE" q="47.50" rsrp="-100" sinr="14" rsrq="-7"/>
        <radio op="I TIM" rat="LTE" rsrp="-102" rsrq="-17"/>
      </extensions>
    </trkpt>
    <trkpt lat="45.6017712" lon="10.4541581">
      <ele>259.0</ele>
      <time>2026-03-28T10:08:46.024+01:00</time>
      <extensions>
        <activity type="IN_VEHICLE" conf="97" state="moving" tsMs="1774688926055"/>
        <radio op="vodafone IT" rat="LTE" q="52.00" rsrp="-99" sinr="15" rsrq="-6"/>
        <radio op="I TIM" rat="LTE" rsrp="-97" rsrq="-7"/>
      </extensions>
    </trkpt>
    <trkpt lat="45.6017712" lon="10.4541581">
      <ele>259.0</ele>
      <time>2026-03-28T10:08:56.023+01:00</time>
      <extensions>
        <activity type="IN_VEHICLE" conf="97" state="moving" tsMs="1774688936690"/>
        <radio op="vodafone IT" rat="LTE" q="22.50" rsrp="-100" sinr="4" rsrq="-7"/>
        <radio op="I TIM" rat="LTE" rsrp="-99" rsrq="-13"/>
      </extensions>
    </trkpt>
    <trkpt lat="45.6017712" lon="10.4541581">
      <ele>259.0</ele>
      <time>2026-03-28T10:09:06.023+01:00</time>
      <extensions>
        <activity type="IN_VEHICLE" conf="97" state="moving" tsMs="1774688942051"/>
        <radio op="vodafone IT" rat="LTE" q="38.40" rsrp="-101" sinr="11" rsrq="-10"/>
        <radio op="I TIM" rat="LTE" q="18.20" rsrp="-99" sinr="2" rsrq="-13"/>
      </extensions>
    </trkpt>
    <trkpt lat="45.6017712" lon="10.4541581">
      <ele>259.0</ele>
      <time>2026-03-28T10:09:16.023+01:00</time>
      <extensions>
        <activity type="IN_VEHICLE" conf="97" state="moving" tsMs="1774688952778"/>
        <radio op="vodafone IT" rat="LTE" q="37.50" rsrp="-100" sinr="10" rsrq="-10"/>
        <radio op="I TIM" rat="LTE" q="18.20" rsrp="-99" sinr="2" rsrq="-10"/>
      </extensions>
    </trkpt>
    <trkpt lat="45.6017662" lon="10.4541613">
      <ele>260.0</ele>
      <time>2026-03-28T10:09:26.023+01:00</time>
      <extensions>
        <activity type="IN_VEHICLE" conf="97" state="moving" tsMs="1774688963499"/>
        <radio op="vodafone IT" rat="LTE" q="16.80" rsrp="-101" sinr="2" rsrq="-8"/>
        <radio op="I TIM" rat="LTE" q="28.00" rsrp="-97" sinr="5" rsrq="-12"/>
      </extensions>
    </trkpt>
    <trkpt lat="45.6020169" lon="10.4546495">
      <ele>257.0</ele>
      <time>2026-03-28T10:09:36.023+01:00</time>
      <extensions>
        <activity type="IN_VEHICLE" conf="97" state="moving" tsMs="1774688974196"/>
        <radio op="vodafone IT" rat="LTE" q="40.80" rsrp="-101" sinr="12" rsrq="-8"/>
        <radio op="I TIM" rat="LTE" q="24.30" rsrp="-98" sinr="4" rsrq="-10"/>
      </extensions>
    </trkpt>
    <trkpt lat="45.6024231" lon="10.4554146">
      <ele>256.0</ele>
      <time>2026-03-28T10:09:46.024+01:00</time>
      <extensions>
        <activity type="IN_VEHICLE" conf="97" state="moving" tsMs="1774688984884"/>
        <radio op="vodafone IT" rat="LTE" q="50.40" rsrp="-101" sinr="16" rsrq="-7"/>
        <radio op="I TIM" rat="LTE" q="29.70" rsrp="-98" sinr="6" rsrq="-13"/>
      </extensions>
    </trkpt>
    <trkpt lat="45.602724" lon="10.4563218">
      <ele>263.0</ele>
      <time>2026-03-28T10:09:56.023+01:00</time>
      <extensions>
        <activity type="IN_VEHICLE" conf="97" state="moving" tsMs="1774688995549"/>
        <radio op="vodafone IT" rat="LTE" q="60.00" rsrp="-81" sinr="10" rsrq="-10"/>
        <radio op="I TIM" rat="LTE" q="77.50" rsrp="-94" sinr="22" rsrq="-10"/>
      </extensions>
    </trkpt>
    <trkpt lat="45.6030158" lon="10.4572544">
      <ele>267.0</ele>
      <time>2026-03-28T10:10:07.023+01:00</time>
      <extensions>
        <activity type="IN_VEHICLE" conf="97" state="moving" tsMs="1774689006249"/>
        <radio op="vodafone IT" rat="LTE" q="100.00" rsrp="-73" sinr="23" rsrq="-9"/>
        <radio op="I TIM" rat="LTE" q="100.00" rsrp="-80" sinr="23" rsrq="-9"/>
      </extensions>
    </trkpt>
    <trkpt lat="45.6031243" lon="10.4577205">
      <ele>264.0</ele>
      <time>2026-03-28T10:10:17.023+01:00</time>
      <extensions>
        <activity type="IN_VEHICLE" conf="97" state="moving" tsMs="1774689016880"/>
        <radio op="vodafone IT" rat="LTE" q="100.00" rsrp="-69" sinr="24" rsrq="-7"/>
        <radio op="I TIM" rat="LTE" q="100.00" rsrp="-72" sinr="27" rsrq="-10"/>
      </extensions>
    </trkpt>
    <trkpt lat="45.603342" lon="10.4584115">
      <ele>260.0</ele>
      <time>2026-03-28T10:10:26.023+01:00</time>
      <extensions>
        <activity type="IN_VEHICLE" conf="97" state="moving" tsMs="1774689027683"/>
        <radio op="vodafone IT" rat="LTE" rsrp="-61" rsrq="-8"/>
        <radio op="I TIM" rat="LTE" q="100.00" rsrp="-70" sinr="25" rsrq="-9"/>
      </extensions>
    </trkpt>
    <trkpt lat="45.6038447" lon="10.4600594">
      <ele>259.0</ele>
      <time>2026-03-28T10:10:37.023+01:00</time>
      <extensions>
        <activity type="IN_VEHICLE" conf="97" state="moving" tsMs="1774689033009"/>
        <radio op="vodafone IT" rat="LTE" rsrp="-55" rsrq="-9"/>
        <radio op="I TIM" rat="LTE" q="100.00" rsrp="-74" sinr="22" rsrq="-10"/>
      </extensions>
    </trkpt>
    <trkpt lat="45.6043772" lon="10.4618317">
      <ele>260.0</ele>
      <time>2026-03-28T10:10:47.023+01:00</time>
      <extensions>
        <activity type="IN_VEHICLE" conf="97" state="moving" tsMs="1774689043689"/>
        <radio op="vodafone IT" rat="LTE" q="96.00" rsrp="-63" sinr="19" rsrq="-9"/>
        <radio op="I TIM" rat="LTE" q="44.00" rsrp="-82" sinr="6" rsrq="-11"/>
      </extensions>
    </trkpt>
    <trkpt lat="45.6048998" lon="10.4635254">
      <ele>262.0</ele>
      <time>2026-03-28T10:10:57.023+01:00</time>
      <extensions>
        <activity type="IN_VEHICLE" conf="97" state="moving" tsMs="1774689054326"/>
        <radio op="vodafone IT" rat="LTE" q="96.00" rsrp="-68" sinr="19" rsrq="-8"/>
        <radio op="I TIM" rat="LTE" q="66.30" rsrp="-86" sinr="12" rsrq="-9"/>
      </extensions>
    </trkpt>
    <trkpt lat="45.6050107" lon="10.4647787">
      <ele>263.0</ele>
      <time>2026-03-28T10:11:07.023+01:00</time>
      <extensions>
        <activity type="IN_VEHICLE" conf="98" state="moving" tsMs="1774689064960"/>
        <radio op="vodafone IT" rat="LTE" q="100.00" rsrp="-61" sinr="25" rsrq="-5"/>
        <radio op="I TIM" rat="LTE" q="42.90" rsrp="-92" sinr="8" rsrq="-7"/>
      </extensions>
    </trkpt>
    <trkpt lat="45.6054362" lon="10.4654268">
      <ele>261.0</ele>
      <time>2026-03-28T10:11:17.023+01:00</time>
      <extensions>
        <activity type="IN_VEHICLE" conf="97" state="moving" tsMs="1774689075640"/>
        <radio op="vodafone IT" rat="LTE" q="100.00" rsrp="-64" sinr="24" rsrq="-7"/>
        <radio op="I TIM" rat="LTE" q="38.40" rsrp="-93" sinr="7" rsrq="-7"/>
      </extensions>
    </trkpt>
    <trkpt lat="45.6059259" lon="10.4669939">
      <ele>262.0</ele>
      <time>2026-03-28T10:11:27.023+01:00</time>
      <extensions>
        <activity type="IN_VEHICLE" conf="97" state="moving" tsMs="1774689086305"/>
        <radio op="vodafone IT" rat="LTE" q="40.00" rsrp="-77" sinr="5" rsrq="-6"/>
        <radio op="I TIM" rat="LTE" q="64.00" rsrp="-93" sinr="15" rsrq="-7"/>
      </extensions>
    </trkpt>
    <trkpt lat="45.6064876" lon="10.4688937">
      <ele>263.0</ele>
      <time>2026-03-28T10:11:37.023+01:00</time>
      <extensions>
        <activity type="IN_VEHICLE" conf="97" state="moving" tsMs="1774689097028"/>
        <radio op="vodafone IT" rat="LTE" q="60.00" rsrp="-77" sinr="10" rsrq="-8"/>
        <radio op="I TIM" rat="LTE" q="100.00" rsrp="-83" sinr="22" rsrq="-7"/>
      </extensions>
    </trkpt>
    <trkpt lat="45.6071437" lon="10.4710756">
      <ele>266.0</ele>
      <time>2026-03-28T10:11:48.024+01:00</time>
      <extensions>
        <activity type="IN_VEHICLE" conf="97" state="moving" tsMs="1774689107722"/>
        <radio op="vodafone IT" rat="LTE" q="68.00" rsrp="-72" sinr="12" rsrq="-7"/>
        <radio op="I TIM" rat="LTE" q="92.50" rsrp="-88" sinr="21" rsrq="-9"/>
      </extensions>
    </trkpt>
    <trkpt lat="45.6076765" lon="10.4730515">
      <ele>267.0</ele>
      <time>2026-03-28T10:11:58.023+01:00</time>
      <extensions>
        <activity type="IN_VEHICLE" conf="97" state="moving" tsMs="1774689118438"/>
        <radio op="vodafone IT" rat="LTE" q="68.00" rsrp="-71" sinr="12" rsrq="-5"/>
        <radio op="I TIM" rat="LTE" q="88.00" rsrp="-85" sinr="17" rsrq="-6"/>
      </extensions>
    </trkpt>
    <trkpt lat="45.6081953" lon="10.4751621">
      <ele>268.0</ele>
      <time>2026-03-28T10:12:08.024+01:00</time>
      <extensions>
        <activity type="IN_VEHICLE" conf="97" state="moving" tsMs="1774689129063"/>
        <radio op="vodafone IT" rat="LTE" q="100.00" rsrp="-75" sinr="20" rsrq="-6"/>
        <radio op="I TIM" rat="LTE" q="87.40" rsrp="-87" sinr="18" rsrq="-8"/>
      </extensions>
    </trkpt>
    <trkpt lat="45.6089982" lon="10.4768428">
      <ele>270.0</ele>
      <time>2026-03-28T10:12:18.023+01:00</time>
      <extensions>
        <activity type="IN_VEHICLE" conf="97" state="moving" tsMs="1774689134399"/>
        <radio op="vodafone IT" rat="LTE" q="52.00" rsrp="-84" sinr="8" rsrq="-12"/>
        <radio op="I TIM" rat="LTE" q="58.90" rsrp="-94" sinr="14" rsrq="-7"/>
      </extensions>
    </trkpt>
    <trkpt lat="45.6101263" lon="10.4781488">
      <ele>270.0</ele>
      <time>2026-03-28T10:12:28.024+01:00</time>
      <extensions>
        <activity type="IN_VEHICLE" conf="97" state="moving" tsMs="1774689145130"/>
        <radio op="vodafone IT" rat="LTE" q="35.10" rsrp="-86" sinr="4" rsrq="-13"/>
        <radio op="I TIM" rat="LTE" q="35.00" rsrp="-100" sinr="9" rsrq="-9"/>
      </extensions>
    </trkpt>
    <trkpt lat="45.6110932" lon="10.4796516">
      <ele>269.0</ele>
      <time>2026-03-28T10:12:38.023+01:00</time>
      <extensions>
        <activity type="IN_VEHICLE" conf="97" state="moving" tsMs="1774689155777"/>
        <radio op="vodafone IT" rat="LTE" q="56.00" rsrp="-90" sinr="11" rsrq="-12"/>
        <radio op="I TIM" rat="LTE" q="17.10" rsrp="-106" sinr="4" rsrq="-10"/>
      </extensions>
    </trkpt>
    <trkpt lat="45.6114611" lon="10.4802563">
      <ele>269.0</ele>
      <time>2026-03-28T10:12:48.022+01:00</time>
      <extensions>
        <activity type="IN_VEHICLE" conf="97" state="moving" tsMs="1774689166463"/>
        <radio op="vodafone IT" rat="LTE" q="88.00" rsrp="-84" sinr="17" rsrq="-12"/>
        <radio op="I TIM" rat="LTE" q="18.00" rsrp="-107" sinr="5" rsrq="-10"/>
      </extensions>
    </trkpt>
    <trkpt lat="45.6116747" lon="10.4806705">
      <ele>270.0</ele>
      <time>2026-03-28T10:12:58.022+01:00</time>
      <extensions>
        <activity type="IN_VEHICLE" conf="97" state="moving" tsMs="1774689177214"/>
        <radio op="vodafone IT" rat="LTE" q="24.80" rsrp="-94" sinr="3" rsrq="-12"/>
        <radio op="I TIM" rat="LTE" rsrp="-110" rsrq="-12"/>
      </extensions>
    </trkpt>
    <trkpt lat="45.6114408" lon="10.4819424">
      <ele>270.0</ele>
      <time>2026-03-28T10:13:09.022+01:00</time>
      <extensions>
        <activity type="IN_VEHICLE" conf="97" state="moving" tsMs="1774689187886"/>
        <radio op="vodafone IT" rat="LTE" rsrp="-102" rsrq="-15"/>
        <radio op="I TIM" rat="LTE" rsrp="-107" rsrq="-13"/>
      </extensions>
    </trkpt>
    <trkpt lat="45.6112274" lon="10.4837386">
      <ele>265.0</ele>
      <time>2026-03-28T10:13:19.022+01:00</time>
      <extensions>
        <activity type="IN_VEHICLE" conf="97" state="moving" tsMs="1774689198519"/>
        <radio op="vodafone IT" rat="LTE" q="16.50" rsrp="-92" sinr="0" rsrq="-9"/>
        <radio op="I TIM" rat="LTE" q="16.00" rsrp="-105" sinr="3" rsrq="-13"/>
      </extensions>
    </trkpt>
    <trkpt lat="45.6119523" lon="10.4852662">
      <ele>257.0</ele>
      <time>2026-03-28T10:13:29.022+01:00</time>
      <extensions>
        <activity type="IN_VEHICLE" conf="98" state="moving" tsMs="1774689209272"/>
        <radio op="vodafone IT" rat="LTE" q="22.80" rsrp="-87" sinr="1" rsrq="-9"/>
        <radio op="I TIM" rat="LTE" q="8.50" rsrp="-108" sinr="0" rsrq="-13"/>
      </extensions>
    </trkpt>
    <trkpt lat="45.6121207" lon="10.4871338">
      <ele>245.0</ele>
      <time>2026-03-28T10:13:39.022+01:00</time>
      <extensions>
        <activity type="IN_VEHICLE" conf="97" state="moving" tsMs="1774689219926"/>
        <radio op="vodafone IT" rat="LTE" q="19.80" rsrp="-92" sinr="1" rsrq="-12"/>
        <radio op="I TIM" rat="LTE" rsrp="-110" rsrq="-18"/>
      </extensions>
    </trkpt>
    <trkpt lat="45.6123395" lon="10.4887363">
      <ele>240.0</ele>
      <time>2026-03-28T10:13:49.022+01:00</time>
      <extensions>
        <activity type="IN_VEHICLE" conf="97" state="moving" tsMs="1774689230573"/>
        <radio op="vodafone IT" rat="LTE" rsrp="-106" rsrq="-17"/>
        <radio op="I TIM" rat="LTE" rsrp="-112" rsrq="-15"/>
      </extensions>
    </trkpt>
    <trkpt lat="45.6121303" lon="10.4903426">
      <ele>234.0</ele>
      <time>2026-03-28T10:13:59.022+01:00</time>
      <extensions>
        <activity type="IN_VEHICLE" conf="97" state="moving" tsMs="1774689236076"/>
        <radio op="vodafone IT" rat="LTE" rsrp="-96" rsrq="-13"/>
        <radio op="I TIM" rat="LTE" q="3.50" rsrp="-118" sinr="0" rsrq="-16"/>
      </extensions>
    </trkpt>
    <trkpt lat="45.611382" lon="10.4920802">
      <ele>227.0</ele>
      <time>2026-03-28T10:14:09.022+01:00</time>
      <extensions>
        <activity type="IN_VEHICLE" conf="97" state="moving" tsMs="1774689246772"/>
        <radio op="vodafone IT" rat="LTE" rsrp="-90" rsrq="-14"/>
        <radio op="I TIM" rat="LTE" rsrp="-120" rsrq="-17"/>
      </extensions>
    </trkpt>
    <trkpt lat="45.6105825" lon="10.4939361">
      <ele>218.0</ele>
      <time>2026-03-28T10:14:19.023+01:00</time>
      <extensions>
        <activity type="IN_VEHICLE" conf="97" state="moving" tsMs="1774689257385"/>
        <radio op="vodafone IT" rat="LTE" q="16.00" rsrp="-93" sinr="0" rsrq="-13"/>
        <radio op="I TIM" rat="LTE" rsrp="-113" rsrq="-13"/>
      </extensions>
    </trkpt>
    <trkpt lat="45.6098884" lon="10.496174">
      <ele>210.0</ele>
      <time>2026-03-28T10:14:30.022+01:00</time>
      <extensions>
        <activity type="IN_VEHICLE" conf="97" state="moving" tsMs="1774689268116"/>
        <radio op="vodafone IT" rat="LTE" q="54.40" rsrp="-91" sinr="11" rsrq="-9"/>
        <radio op="I TIM" rat="LTE" rsrp="-111" rsrq="-14"/>
      </extensions>
    </trkpt>
    <trkpt lat="45.6097096" lon="10.4982644">
      <ele>202.0</ele>
      <time>2026-03-28T10:14:40.023+01:00</time>
      <extensions>
        <activity type="IN_VEHICLE" conf="97" state="moving" tsMs="1774689278789"/>
        <radio op="vodafone IT" rat="LTE" q="40.00" rsrp="-85" sinr="5" rsrq="-13"/>
        <radio op="I TIM" rat="LTE" q="23.00" rsrp="-102" sinr="5" rsrq="-10"/>
      </extensions>
    </trkpt>
    <trkpt lat="45.6099511" lon="10.499138">
      <ele>197.0</ele>
      <time>2026-03-28T10:14:50.022+01:00</time>
      <extensions>
        <activity type="IN_VEHICLE" conf="97" state="moving" tsMs="1774689289459"/>
        <radio op="vodafone IT" rat="LTE" q="26.60" rsrp="-87" sinr="2" rsrq="-12"/>
        <radio op="I TIM" rat="LTE" q="19.20" rsrp="-101" sinr="3" rsrq="-12"/>
      </extensions>
    </trkpt>
    <trkpt lat="45.6103459" lon="10.5002373">
      <ele>191.0</ele>
      <time>2026-03-28T10:15:00.023+01:00</time>
      <extensions>
        <activity type="IN_VEHICLE" conf="97" state="moving" tsMs="1774689300175"/>
        <radio op="vodafone IT" rat="LTE" q="76.00" rsrp="-83" sinr="14" rsrq="-10"/>
        <radio op="I TIM" rat="LTE" q="21.60" rsrp="-98" sinr="3" rsrq="-14"/>
      </extensions>
    </trkpt>
    <trkpt lat="45.6106232" lon="10.5012468">
      <ele>187.0</ele>
      <time>2026-03-28T10:15:10.022+01:00</time>
      <extensions>
        <activity type="IN_VEHICLE" conf="97" state="moving" tsMs="1774689310874"/>
        <radio op="vodafone IT" rat="LTE" q="72.00" rsrp="-85" sinr="13" rsrq="-13"/>
        <radio op="I TIM" rat="LTE" q="11.00" rsrp="-103" sinr="0" rsrq="-12"/>
      </extensions>
    </trkpt>
    <trkpt lat="45.6107595" lon="10.5027128">
      <ele>176.0</ele>
      <time>2026-03-28T10:15:20.022+01:00</time>
      <extensions>
        <activity type="TILTING" conf="100" state="moving" tsMs="1774689316362"/>
        <radio op="vodafone IT" rat="LTE" q="20.00" rsrp="-83" sinr="0" rsrq="-13"/>
        <radio op="I TIM" rat="LTE" rsrp="-91" rsrq="-13"/>
      </extensions>
    </trkpt>
    <trkpt lat="45.6105175" lon="10.5044837">
      <ele>176.0</ele>
      <time>2026-03-28T10:15:30.023+01:00</time>
      <extensions>
        <activity type="TILTING" conf="100" state="moving" tsMs="1774689316362"/>
        <radio op="vodafone IT" rat="LTE" q="28.00" rsrp="-83" sinr="2" rsrq="-11"/>
        <radio op="I TIM" rat="LTE" q="69.60" rsrp="-96" sinr="19" rsrq="-13"/>
      </extensions>
    </trkpt>
    <trkpt lat="45.6105325" lon="10.5064446">
      <ele>171.0</ele>
      <time>2026-03-28T10:15:40.022+01:00</time>
      <extensions>
        <activity type="IN_VEHICLE" conf="93" state="moving" tsMs="1774689319818"/>
        <radio op="vodafone IT" rat="LTE" q="40.00" rsrp="-81" sinr="5" rsrq="-13"/>
        <radio op="I TIM" rat="LTE" q="15.00" rsrp="-95" sinr="0" rsrq="-12"/>
      </extensions>
    </trkpt>
    <trkpt lat="45.6113353" lon="10.5085319">
      <ele>159.0</ele>
      <time>2026-03-28T10:15:51.022+01:00</time>
      <extensions>
        <activity type="IN_VEHICLE" conf="97" state="moving" tsMs="1774689347238"/>
        <radio op="vodafone IT" rat="LTE" q="32.00" rsrp="-82" sinr="3" rsrq="-12"/>
        <radio op="I TIM" rat="LTE" q="18.60" rsrp="-94" sinr="1" rsrq="-12"/>
      </extensions>
    </trkpt>
    <trkpt lat="45.6117614" lon="10.5101109">
      <ele>158.0</ele>
      <time>2026-03-28T10:16:01.022+01:00</time>
      <extensions>
        <activity type="IN_VEHICLE" conf="97" state="moving" tsMs="1774689357951"/>
        <radio op="vodafone IT" rat="LTE" rsrp="-92" rsrq="-14"/>
        <radio op="I TIM" rat="LTE" q="21.00" rsrp="-104" sinr="5" rsrq="-15"/>
      </extensions>
    </trkpt>
    <trkpt lat="45.6118439" lon="10.5114254">
      <ele>162.0</ele>
      <time>2026-03-28T10:16:11.023+01:00</time>
      <extensions>
        <activity type="IN_VEHICLE" conf="98" state="moving" tsMs="1774689368593"/>
        <radio op="vodafone IT" rat="LTE" rsrp="-88" rsrq="-14"/>
        <radio op="I TIM" rat="LTE" rsrp="-100" rsrq="-12"/>
      </extensions>
    </trkpt>
    <trkpt lat="45.6114587" lon="10.5132253">
      <ele>160.0</ele>
      <time>2026-03-28T10:16:21.022+01:00</time>
      <extensions>
        <activity type="IN_VEHICLE" conf="97" state="moving" tsMs="1774689379294"/>
        <radio op="vodafone IT" rat="LTE" rsrp="-86" rsrq="-15"/>
        <radio op="I TIM" rat="LTE" rsrp="-105" rsrq="-15"/>
      </extensions>
    </trkpt>
    <trkpt lat="45.6110366" lon="10.515126">
      <ele>161.0</ele>
      <time>2026-03-28T10:16:31.023+01:00</time>
      <extensions>
        <activity type="IN_VEHICLE" conf="97" state="moving" tsMs="1774689389996"/>
        <radio op="vodafone IT" rat="LTE" rsrp="-86" rsrq="-13"/>
        <radio op="I TIM" rat="LTE" q="24.00" rsrp="-105" sinr="7" rsrq="-14"/>
      </extensions>
    </trkpt>
    <trkpt lat="45.6106167" lon="10.5170605">
      <ele>159.0</ele>
      <time>2026-03-28T10:16:41.022+01:00</time>
      <extensions>
        <activity type="IN_VEHICLE" conf="97" state="moving" tsMs="1774689400714"/>
        <radio op="vodafone IT" rat="LTE" rsrp="-86" rsrq="-12"/>
        <radio op="I TIM" rat="LTE" rsrp="-101" rsrq="-13"/>
      </extensions>
    </trkpt>
    <trkpt lat="45.6101934" lon="10.5189192">
      <ele>159.0</ele>
      <time>2026-03-28T10:16:51.022+01:00</time>
      <extensions>
        <activity type="IN_VEHICLE" conf="97" state="moving" tsMs="1774689411411"/>
        <radio op="vodafone IT" rat="LTE" q="24.00" rsrp="-84" sinr="1" rsrq="-13"/>
        <radio op="I TIM" rat="LTE" q="26.40" rsrp="-101" sinr="6" rsrq="-13"/>
      </extensions>
    </trkpt>
    <trkpt lat="45.6097106" lon="10.5200703">
      <ele>159.0</ele>
      <time>2026-03-28T10:17:01.023+01:00</time>
      <extensions>
        <activity type="IN_VEHICLE" conf="97" state="moving" tsMs="1774689422106"/>
        <radio op="vodafone IT" rat="LTE" rsrp="-72" rsrq="-13"/>
        <radio op="I TIM" rat="LTE" q="80.00" rsrp="-81" sinr="15" rsrq="-12"/>
      </extensions>
    </trkpt>
    <trkpt lat="45.6096842" lon="10.5201371">
      <ele>159.0</ele>
      <time>2026-03-28T10:17:12.023+01:00</time>
      <extensions>
        <activity type="IN_VEHICLE" conf="96" state="moving" tsMs="1774689432842"/>
        <radio op="vodafone IT" rat="LTE" rsrp="-74" rsrq="-12"/>
        <radio op="I TIM" rat="LTE" q="88.00" rsrp="-82" sinr="17" rsrq="-11"/>
      </extensions>
    </trkpt>
    <trkpt lat="45.6092526" lon="10.5207853">
      <ele>160.0</ele>
      <time>2026-03-28T10:17:22.022+01:00</time>
      <extensions>
        <activity type="IN_VEHICLE" conf="96" state="moving" tsMs="1774689438152"/>
        <radio op="vodafone IT" rat="LTE" rsrp="-83" rsrq="-13"/>
        <radio op="I TIM" rat="LTE" q="59.50" rsrp="-90" sinr="12" rsrq="-10"/>
      </extensions>
    </trkpt>
    <trkpt lat="45.6085253" lon="10.5220849">
      <ele>163.0</ele>
      <time>2026-03-28T10:17:32.023+01:00</time>
      <extensions>
        <activity type="IN_VEHICLE" conf="96" state="moving" tsMs="1774689448833"/>
        <radio op="vodafone IT" rat="LTE" q="20.00" rsrp="-74" sinr="0" rsrq="-9"/>
        <radio op="I TIM" rat="LTE" q="60.80" rsrp="-87" sinr="11" rsrq="-11"/>
      </extensions>
    </trkpt>
    <trkpt lat="45.6087526" lon="10.5238785">
      <ele>161.0</ele>
      <time>2026-03-28T10:17:42.022+01:00</time>
      <extensions>
        <activity type="IN_VEHICLE" conf="97" state="moving" tsMs="1774689459558"/>
        <radio op="vodafone IT" rat="LTE" q="24.00" rsrp="-69" sinr="1" rsrq="-12"/>
        <radio op="I TIM" rat="LTE" q="60.00" rsrp="-84" sinr="10" rsrq="-10"/>
      </extensions>
    </trkpt>
    <trkpt lat="45.60863" lon="10.5259679">
      <ele>162.0</ele>
      <time>2026-03-28T10:17:52.022+01:00</time>
      <extensions>
        <activity type="IN_VEHICLE" conf="96" state="moving" tsMs="1774689470296"/>
        <radio op="vodafone IT" rat="LTE" q="20.00" rsrp="-78" sinr="0" rsrq="-13"/>
        <radio op="I TIM" rat="LTE" q="64.80" rsrp="-89" sinr="13" rsrq="-11"/>
      </extensions>
    </trkpt>
    <trkpt lat="45.6087863" lon="10.5281731">
      <ele>160.0</ele>
      <time>2026-03-28T10:18:02.022+01:00</time>
      <extensions>
        <activity type="IN_VEHICLE" conf="97" state="moving" tsMs="1774689481007"/>
        <radio op="vodafone IT" rat="LTE" q="44.00" rsrp="-84" sinr="6" rsrq="-11"/>
        <radio op="I TIM" rat="LTE" q="36.40" rsrp="-99" sinr="9" rsrq="-11"/>
      </extensions>
    </trkpt>
    <trkpt lat="45.6092308" lon="10.5302876">
      <ele>157.0</ele>
      <time>2026-03-28T10:18:12.022+01:00</time>
      <extensions>
        <activity type="IN_VEHICLE" conf="97" state="moving" tsMs="1774689491643"/>
        <radio op="vodafone IT" rat="LTE" q="64.00" rsrp="-80" sinr="11" rsrq="-9"/>
        <radio op="I TIM" rat="LTE" q="13.00" rsrp="-99" sinr="0" rsrq="-13"/>
      </extensions>
    </trkpt>
    <trkpt lat="45.6098048" lon="10.5321028">
      <ele>156.0</ele>
      <time>2026-03-28T10:18:22.022+01:00</time>
      <extensions>
        <activity type="IN_VEHICLE" conf="97" state="moving" tsMs="1774689502298"/>
        <radio op="vodafone IT" rat="LTE" rsrp="-96" rsrq="-15"/>
        <radio op="I TIM" rat="LTE" rsrp="-110" rsrq="-14"/>
      </extensions>
    </trkpt>
    <trkpt lat="45.6095983" lon="10.5339667">
      <ele>155.0</ele>
      <time>2026-03-28T10:18:32.022+01:00</time>
      <extensions>
        <activity type="IN_VEHICLE" conf="97" state="moving" tsMs="1774689512925"/>
        <radio op="vodafone IT" rat="LTE" q="28.00" rsrp="-84" sinr="2" rsrq="-8"/>
        <radio op="I TIM" rat="LTE" rsrp="-102" rsrq="-12"/>
      </extensions>
    </trkpt>
    <trkpt lat="45.61037" lon="10.5355384">
      <ele>147.0</ele>
      <time>2026-03-28T10:18:42.022+01:00</time>
      <extensions>
        <activity type="IN_VEHICLE" conf="97" state="moving" tsMs="1774689523586"/>
        <radio op="vodafone IT" rat="LTE" q="39.00" rsrp="-95" sinr="8" rsrq="-8"/>
        <radio op="I TIM" rat="LTE" rsrp="-95" rsrq="-12"/>
      </extensions>
    </trkpt>
    <trkpt lat="45.6107782" lon="10.5373589">
      <ele>140.0</ele>
      <time>2026-03-28T10:18:53.023+01:00</time>
      <extensions>
        <activity type="IN_VEHICLE" conf="97" state="moving" tsMs="1774689528922"/>
        <radio op="vodafone IT" rat="LTE" q="72.00" rsrp="-80" sinr="13" rsrq="-7"/>
        <radio op="I TIM" rat="LTE" q="68.40" rsrp="-89" sinr="14" rsrq="-12"/>
      </extensions>
    </trkpt>
    <trkpt lat="45.6113391" lon="10.5391076">
      <ele>135.0</ele>
      <time>2026-03-28T10:19:03.022+01:00</time>
      <extensions>
        <activity type="IN_VEHICLE" conf="97" state="moving" tsMs="1774689539583"/>
        <radio op="vodafone IT" rat="LTE" q="37.20" rsrp="-94" sinr="7" rsrq="-8"/>
        <radio op="I TIM" rat="LTE" q="65.00" rsrp="-99" sinr="22" rsrq="-12"/>
      </extensions>
    </trkpt>
    <trkpt lat="45.6118527" lon="10.5405649">
      <ele>130.0</ele>
      <time>2026-03-28T10:19:13.023+01:00</time>
      <extensions>
        <activity type="IN_VEHICLE" conf="97" state="moving" tsMs="1774689550296"/>
        <radio op="vodafone IT" rat="LTE" q="32.50" rsrp="-100" sinr="8" rsrq="-10"/>
        <radio op="I TIM" rat="LTE" q="43.20" rsrp="-101" sinr="13" rsrq="-12"/>
      </extensions>
    </trkpt>
    <trkpt lat="45.6122829" lon="10.5417043">
      <ele>124.0</ele>
      <time>2026-03-28T10:19:23.022+01:00</time>
      <extensions>
        <activity type="IN_VEHICLE" conf="97" state="moving" tsMs="1774689560981"/>
        <radio op="vodafone IT" rat="LTE" q="46.80" rsrp="-89" sinr="8" rsrq="-8"/>
        <radio op="I TIM" rat="LTE" q="39.00" rsrp="-99" sinr="10" rsrq="-11"/>
      </extensions>
    </trkpt>
    <trkpt lat="45.6126512" lon="10.5428975">
      <ele>122.0</ele>
      <time>2026-03-28T10:19:33.023+01:00</time>
      <extensions>
        <activity type="IN_VEHICLE" conf="97" state="moving" tsMs="1774689571699"/>
        <radio op="vodafone IT" rat="LTE" q="13.00" rsrp="-99" sinr="0" rsrq="-14"/>
        <radio op="I TIM" rat="LTE" q="10.50" rsrp="-104" sinr="0" rsrq="-13"/>
      </extensions>
    </trkpt>
    <trkpt lat="45.613048" lon="10.5444595">
      <ele>119.0</ele>
      <time>2026-03-28T10:19:43.022+01:00</time>
      <extensions>
        <activity type="IN_VEHICLE" conf="97" state="moving" tsMs="1774689582365"/>
        <radio op="vodafone IT" rat="LTE" rsrp="-103" rsrq="-15"/>
        <radio op="I TIM" rat="LTE" q="25.20" rsrp="-104" sinr="7" rsrq="-13"/>
      </extensions>
    </trkpt>
    <trkpt lat="45.6134757" lon="10.5458015">
      <ele>117.0</ele>
      <time>2026-03-28T10:19:53.022+01:00</time>
      <extensions>
        <activity type="IN_VEHICLE" conf="97" state="moving" tsMs="1774689593054"/>
        <radio op="vodafone IT" rat="LTE" rsrp="-104" rsrq="-13"/>
        <radio op="I TIM" rat="LTE" q="7.50" rsrp="-110" sinr="0" rsrq="-13"/>
      </extensions>
    </trkpt>
    <trkpt lat="45.6137169" lon="10.5469265">
      <ele>117.0</ele>
      <time>2026-03-28T10:20:04.022+01:00</time>
      <extensions>
        <activity type="IN_VEHICLE" conf="97" state="moving" tsMs="1774689603775"/>
        <radio op="vodafone IT" rat="LTE" q="32.40" rsrp="-98" sinr="7" rsrq="-12"/>
        <radio op="I TIM" rat="LTE" q="28.80" rsrp="-107" sinr="11" rsrq="-13"/>
      </extensions>
    </trkpt>
    <trkpt lat="45.6138553" lon="10.5476856">
      <ele>119.0</ele>
      <time>2026-03-28T10:20:14.022+01:00</time>
      <extensions>
        <activity type="IN_VEHICLE" conf="97" state="moving" tsMs="1774689614414"/>
        <radio op="vodafone IT" rat="LTE" rsrp="-98" rsrq="-13"/>
        <radio op="I TIM" rat="LTE" q="21.60" rsrp="-107" sinr="7" rsrq="-14"/>
      </extensions>
    </trkpt>
    <trkpt lat="45.6139597" lon="10.5482695">
      <ele>121.0</ele>
      <time>2026-03-28T10:20:24.023+01:00</time>
      <extensions>
        <activity type="IN_VEHICLE" conf="97" state="moving" tsMs="1774689624304"/>
        <radio op="vodafone IT" rat="LTE" rsrp="-98" rsrq="-11"/>
        <radio op="I TIM" rat="LTE" q="12.80" rsrp="-109" sinr="3" rsrq="-11"/>
      </extensions>
    </trkpt>
    <trkpt lat="45.6140532" lon="10.5487287">
      <ele>122.0</ele>
      <time>2026-03-28T10:20:34.022+01:00</time>
      <extensions>
        <activity type="IN_VEHICLE" conf="97" state="moving" tsMs="1774689629642"/>
        <radio op="vodafone IT" rat="LTE" rsrp="-101" rsrq="-14"/>
        <radio op="I TIM" rat="LTE" q="23.40" rsrp="-107" sinr="8" rsrq="-11"/>
      </extensions>
    </trkpt>
    <trkpt lat="45.6141167" lon="10.5490775">
      <ele>125.0</ele>
      <time>2026-03-28T10:20:44.022+01:00</time>
      <extensions>
        <activity type="IN_VEHICLE" conf="97" state="moving" tsMs="1774689640345"/>
        <radio op="vodafone IT" rat="LTE" q="16.80" rsrp="-104" sinr="3" rsrq="-10"/>
        <radio op="I TIM" rat="LTE" q="11.20" rsrp="-109" sinr="2" rsrq="-12"/>
      </extensions>
    </trkpt>
    <trkpt lat="45.6141908" lon="10.5494487">
      <ele>126.0</ele>
      <time>2026-03-28T10:20:54.023+01:00</time>
      <extensions>
        <activity type="IN_VEHICLE" conf="97" state="moving" tsMs="1774689651037"/>
        <radio op="vodafone IT" rat="LTE" rsrp="-107" rsrq="-15"/>
        <radio op="I TIM" rat="LTE" rsrp="-102" rsrq="-11"/>
      </extensions>
    </trkpt>
    <trkpt lat="45.6142222" lon="10.5496109">
      <ele>125.0</ele>
      <time>2026-03-28T10:21:04.022+01:00</time>
      <extensions>
        <activity type="IN_VEHICLE" conf="97" state="moving" tsMs="1774689661753"/>
        <radio op="vodafone IT" rat="LTE" q="28.60" rsrp="-99" sinr="6" rsrq="-8"/>
        <radio op="I TIM" rat="LTE" rsrp="-100" rsrq="-13"/>
      </extensions>
    </trkpt>
    <trkpt lat="45.6142305" lon="10.5496836">
      <ele>124.0</ele>
      <time>2026-03-28T10:21:14.022+01:00</time>
      <extensions>
        <activity type="IN_VEHICLE" conf="96" state="moving" tsMs="1774689672437"/>
        <radio op="vodafone IT" rat="LTE" q="31.20" rsrp="-101" sinr="8" rsrq="-9"/>
        <radio op="I TIM" rat="LTE" q="39.20" rsrp="-97" sinr="9" rsrq="-7"/>
      </extensions>
    </trkpt>
    <trkpt lat="45.6143229" lon="10.550166">
      <ele>125.0</ele>
      <time>2026-03-28T10:21:25.022+01:00</time>
      <extensions>
        <activity type="IN_VEHICLE" conf="97" state="moving" tsMs="1774689683296"/>
        <radio op="vodafone IT" rat="LTE" q="29.90" rsrp="-102" sinr="8" rsrq="-10"/>
        <radio op="I TIM" rat="LTE" q="25.20" rsrp="-97" sinr="4" rsrq="-8"/>
      </extensions>
    </trkpt>
    <trkpt lat="45.6143927" lon="10.5505357">
      <ele>124.0</ele>
      <time>2026-03-28T10:21:35.023+01:00</time>
      <extensions>
        <activity type="IN_VEHICLE" conf="97" state="moving" tsMs="1774689693610"/>
        <radio op="vodafone IT" rat="LTE" q="12.00" rsrp="-105" sinr="1" rsrq="-11"/>
        <radio op="I TIM" rat="LTE" q="16.80" rsrp="-104" sinr="3" rsrq="-12"/>
      </extensions>
    </trkpt>
    <trkpt lat="45.6144671" lon="10.550869">
      <ele>120.0</ele>
      <time>2026-03-28T10:21:45.021+01:00</time>
      <extensions>
        <activity type="IN_VEHICLE" conf="97" state="moving" tsMs="1774689704299"/>
        <radio op="vodafone IT" rat="LTE" q="12.60" rsrp="-104" sinr="1" rsrq="-11"/>
        <radio op="I TIM" rat="LTE" rsrp="-98" rsrq="-7"/>
      </extensions>
    </trkpt>
    <trkpt lat="45.6147067" lon="10.5515498">
      <ele>120.0</ele>
      <time>2026-03-28T10:21:55.021+01:00</time>
      <extensions>
        <activity type="IN_VEHICLE" conf="97" state="moving" tsMs="1774689714969"/>
        <radio op="vodafone IT" rat="LTE" q="16.20" rsrp="-107" sinr="4" rsrq="-12"/>
        <radio op="I TIM" rat="LTE" q="24.30" rsrp="-98" sinr="4" rsrq="-10"/>
      </extensions>
    </trkpt>
    <trkpt lat="45.614875" lon="10.5520243">
      <ele>120.68961539134334</ele>
      <time>2026-03-28T10:22:05.021+01:00</time>
      <extensions>
        <activity type="IN_VEHICLE" conf="97" state="moving" tsMs="1774689714969"/>
        <radio op="vodafone IT" rat="LTE" q="16.80" rsrp="-104" sinr="3" rsrq="-10"/>
        <radio op="I TIM" rat="LTE" q="40.50" rsrp="-98" sinr="10" rsrq="-8"/>
      </extensions>
    </trkpt>
    <trkpt lat="45.6150675" lon="10.5525081">
      <ele>123.0999984741211</ele>
      <time>2026-03-28T10:22:15.022+01:00</time>
      <extensions>
        <activity type="IN_VEHICLE" conf="97" state="moving" tsMs="1774689714969"/>
        <radio op="vodafone IT" rat="LTE" q="23.10" rsrp="-104" sinr="6" rsrq="-9"/>
        <radio op="I TIM" rat="LTE" q="36.40" rsrp="-97" sinr="8" rsrq="-11"/>
      </extensions>
    </trkpt>
    <trkpt lat="45.6152964" lon="10.5530181">
      <ele>123.0999984741211</ele>
      <time>2026-03-28T10:22:25.021+01:00</time>
      <extensions>
        <activity type="IN_VEHICLE" conf="96" state="moving" tsMs="1774689743766"/>
        <radio op="vodafone IT" rat="LTE" q="37.70" rsrp="-96" sinr="8" rsrq="-11"/>
        <radio op="I TIM" rat="LTE" q="51.00" rsrp="-91" sinr="10" rsrq="-8"/>
      </extensions>
    </trkpt>
    <trkpt lat="45.6155898" lon="10.5537095">
      <ele>123.0999984741211</ele>
      <time>2026-03-28T10:22:35.021+01:00</time>
      <extensions>
        <activity type="IN_VEHICLE" conf="97" state="moving" tsMs="1774689754524"/>
        <radio op="vodafone IT" rat="LTE" q="66.50" rsrp="-90" sinr="14" rsrq="-10"/>
        <radio op="I TIM" rat="LTE" q="89.70" rsrp="-86" sinr="18" rsrq="-11"/>
      </extensions>
    </trkpt>
    <trkpt lat="45.6158992" lon="10.5543725">
      <ele>123.0999984741211</ele>
      <time>2026-03-28T10:22:45.021+01:00</time>
      <extensions>
        <activity type="IN_VEHICLE" conf="97" state="moving" tsMs="1774689765231"/>
        <radio op="vodafone IT" rat="LTE" q="95.00" rsrp="-87" sinr="21" rsrq="-6"/>
        <radio op="I TIM" rat="LTE" q="100.00" rsrp="-81" sinr="20" rsrq="-4"/>
      </extensions>
    </trkpt>
    <trkpt lat="45.6160837" lon="10.5547542">
      <ele>123.0999984741211</ele>
      <time>2026-03-28T10:22:55.021+01:00</time>
      <extensions>
        <activity type="IN_VEHICLE" conf="97" state="moving" tsMs="1774689775914"/>
        <radio op="vodafone IT" rat="LTE" q="96.00" rsrp="-82" sinr="19" rsrq="-7"/>
        <radio op="I TIM" rat="LTE" q="96.00" rsrp="-76" sinr="19" rsrq="-8"/>
      </extensions>
    </trkpt>
    <trkpt lat="45.616267" lon="10.5551366">
      <ele>123.0999984741211</ele>
      <time>2026-03-28T10:23:06.021+01:00</time>
      <extensions>
        <activity type="IN_VEHICLE" conf="97" state="moving" tsMs="1774689781231"/>
        <radio op="vodafone IT" rat="LTE" q="95.00" rsrp="-87" sinr="21" rsrq="-10"/>
        <radio op="I TIM" rat="LTE" q="100.00" rsrp="-79" sinr="21" rsrq="-7"/>
      </extensions>
    </trkpt>
    <trkpt lat="45.6164725" lon="10.5555669">
      <ele>121.0</ele>
      <time>2026-03-28T10:23:16.021+01:00</time>
      <extensions>
        <activity type="IN_VEHICLE" conf="97" state="moving" tsMs="1774689792001"/>
        <radio op="vodafone IT" rat="LTE" q="88.00" rsrp="-85" sinr="17" rsrq="-8"/>
        <radio op="I TIM" rat="LTE" q="100.00" rsrp="-74" sinr="25" rsrq="-6"/>
      </extensions>
    </trkpt>
    <trkpt lat="45.6166831" lon="10.5559338">
      <ele>121.0</ele>
      <time>2026-03-28T10:23:26.021+01:00</time>
      <extensions>
        <activity type="IN_VEHICLE" conf="96" state="moving" tsMs="1774689802658"/>
        <radio op="vodafone IT" rat="LTE" q="100.00" rsrp="-77" sinr="25" rsrq="-10"/>
        <radio op="I TIM" rat="LTE" q="100.00" rsrp="-68" sinr="26" rsrq="-5"/>
      </extensions>
    </trkpt>
    <trkpt lat="45.616866" lon="10.5562741">
      <ele>120.0</ele>
      <time>2026-03-28T10:23:36.021+01:00</time>
      <extensions>
        <activity type="IN_VEHICLE" conf="97" state="moving" tsMs="1774689813326"/>
        <radio op="vodafone IT" rat="LTE" q="97.50" rsrp="-86" sinr="25" rsrq="-14"/>
        <radio op="I TIM" rat="LTE" q="100.00" rsrp="-66" sinr="25" rsrq="-5"/>
      </extensions>
    </trkpt>
    <trkpt lat="45.6169281" lon="10.5563921">
      <ele>121.0</ele>
      <time>2026-03-28T10:23:46.021+01:00</time>
      <extensions>
        <activity type="IN_VEHICLE" conf="97" state="moving" tsMs="1774689824073"/>
        <radio op="vodafone IT" rat="LTE" q="100.00" rsrp="-75" sinr="26" rsrq="-6"/>
        <radio op="I TIM" rat="LTE" q="100.00" rsrp="-67" sinr="23" rsrq="-8"/>
      </extensions>
    </trkpt>
    <trkpt lat="45.6171833" lon="10.5568832">
      <ele>120.0</ele>
      <time>2026-03-28T10:23:56.021+01:00</time>
      <extensions>
        <activity type="IN_VEHICLE" conf="97" state="moving" tsMs="1774689834720"/>
        <radio op="vodafone IT" rat="LTE" q="100.00" rsrp="-82" sinr="25" rsrq="-11"/>
        <radio op="I TIM" rat="LTE" q="100.00" rsrp="-68" sinr="25" rsrq="-6"/>
      </extensions>
    </trkpt>
    <trkpt lat="45.6174656" lon="10.5574442">
      <ele>120.0</ele>
      <time>2026-03-28T10:24:06.021+01:00</time>
      <extensions>
        <activity type="IN_VEHICLE" conf="97" state="moving" tsMs="1774689845360"/>
        <radio op="vodafone IT" rat="LTE" q="100.00" rsrp="-85" sinr="27" rsrq="-10"/>
        <radio op="I TIM" rat="LTE" q="100.00" rsrp="-75" sinr="24" rsrq="-8"/>
      </extensions>
    </trkpt>
    <trkpt lat="45.6177704" lon="10.5580109">
      <ele>121.0</ele>
      <time>2026-03-28T10:24:16.021+01:00</time>
      <extensions>
        <activity type="IN_VEHICLE" conf="97" state="moving" tsMs="1774689856006"/>
        <radio op="vodafone IT" rat="LTE" q="90.00" rsrp="-89" sinr="23" rsrq="-9"/>
        <radio op="I TIM" rat="LTE" q="100.00" rsrp="-85" sinr="20" rsrq="-8"/>
      </extensions>
    </trkpt>
    <trkpt lat="45.6181103" lon="10.5589837">
      <ele>120.0</ele>
      <time>2026-03-28T10:24:26.021+01:00</time>
      <extensions>
        <activity type="IN_VEHICLE" conf="97" state="moving" tsMs="1774689866693"/>
        <radio op="vodafone IT" rat="LTE" q="90.00" rsrp="-89" sinr="24" rsrq="-11"/>
        <radio op="I TIM" rat="LTE" q="100.00" rsrp="-70" sinr="21" rsrq="-8"/>
      </extensions>
    </trkpt>
    <trkpt lat="45.6182612" lon="10.5598561">
      <ele>118.0</ele>
      <time>2026-03-28T10:24:36.021+01:00</time>
      <extensions>
        <activity type="IN_VEHICLE" conf="97" state="moving" tsMs="1774689877232"/>
        <radio op="vodafone IT" rat="LTE" q="76.80" rsrp="-93" sinr="19" rsrq="-11"/>
        <radio op="I TIM" rat="LTE" q="92.00" rsrp="-84" sinr="18" rsrq="-10"/>
      </extensions>
    </trkpt>
    <trkpt lat="45.6183711" lon="10.5604285">
      <ele>119.0</ele>
      <time>2026-03-28T10:24:47.021+01:00</time>
      <extensions>
        <activity type="IN_VEHICLE" conf="97" state="moving" tsMs="1774689882561"/>
        <radio op="vodafone IT" rat="LTE" q="79.20" rsrp="-92" sinr="19" rsrq="-7"/>
        <radio op="I TIM" rat="LTE" q="88.00" rsrp="-85" sinr="17" rsrq="-8"/>
      </extensions>
    </trkpt>
    <trkpt lat="45.6185949" lon="10.5616003">
      <ele>119.0</ele>
      <time>2026-03-28T10:24:57.021+01:00</time>
      <extensions>
        <activity type="IN_VEHICLE" conf="97" state="moving" tsMs="1774689893254"/>
        <radio op="vodafone IT" rat="LTE" q="85.00" rsrp="-91" sinr="21" rsrq="-10"/>
        <radio op="I TIM" rat="LTE" q="97.50" rsrp="-86" sinr="24" rsrq="-6"/>
      </extensions>
    </trkpt>
    <trkpt lat="45.6189054" lon="10.5631218">
      <ele>121.0</ele>
      <time>2026-03-28T10:25:07.021+01:00</time>
      <extensions>
        <activity type="IN_VEHICLE" conf="96" state="moving" tsMs="1774689903978"/>
        <radio op="vodafone IT" rat="LTE" q="66.00" rsrp="-95" sinr="17" rsrq="-11"/>
        <radio op="I TIM" rat="LTE" q="60.00" rsrp="-85" sinr="10" rsrq="-6"/>
      </extensions>
    </trkpt>
    <trkpt lat="45.6193498" lon="10.5645529">
      <ele>125.0</ele>
      <time>2026-03-28T10:25:17.021+01:00</time>
      <extensions>
        <activity type="IN_VEHICLE" conf="93" state="moving" tsMs="1774689914743"/>
        <radio op="vodafone IT" rat="LTE" q="32.00" rsrp="-93" sinr="5" rsrq="-7"/>
        <radio op="I TIM" rat="LTE" q="23.10" rsrp="-92" sinr="2" rsrq="-10"/>
      </extensions>
    </trkpt>
    <trkpt lat="45.62008" lon="10.5657785">
      <ele>125.0</ele>
      <time>2026-03-28T10:25:27.021+01:00</time>
      <extensions>
        <activity type="IN_VEHICLE" conf="97" state="moving" tsMs="1774689925475"/>
        <radio op="vodafone IT" rat="LTE" q="100.00" rsrp="-85" sinr="23" rsrq="-7"/>
        <radio op="I TIM" rat="LTE" q="44.80" rsrp="-93" sinr="9" rsrq="-13"/>
      </extensions>
    </trkpt>
    <trkpt lat="45.6209174" lon="10.5670204">
      <ele>124.0</ele>
      <time>2026-03-28T10:25:37.021+01:00</time>
      <extensions>
        <activity type="IN_VEHICLE" conf="97" state="moving" tsMs="1774689936159"/>
        <radio op="vodafone IT" rat="LTE" q="54.00" rsrp="-98" sinr="15" rsrq="-6"/>
        <radio op="I TIM" rat="LTE" q="64.60" rsrp="-91" sinr="14" rsrq="-11"/>
      </extensions>
    </trkpt>
    <trkpt lat="45.621676" lon="10.5682199">
      <ele>125.0</ele>
      <time>2026-03-28T10:25:47.021+01:00</time>
      <extensions>
        <activity type="IN_VEHICLE" conf="96" state="moving" tsMs="1774689946788"/>
        <radio op="vodafone IT" rat="LTE" q="11.90" rsrp="-108" sinr="2" rsrq="-9"/>
        <radio op="I TIM" rat="LTE" q="34.10" rsrp="-94" sinr="6" rsrq="-12"/>
      </extensions>
    </trkpt>
    <trkpt lat="45.622284" lon="10.5695883">
      <ele>125.0</ele>
      <time>2026-03-28T10:25:57.021+01:00</time>
      <extensions>
        <activity type="IN_VEHICLE" conf="97" state="moving" tsMs="1774689957570"/>
        <radio op="vodafone IT" rat="LTE" rsrp="-105" rsrq="-13"/>
        <radio op="I TIM" rat="LTE" q="14.00" rsrp="-97" sinr="0" rsrq="-13"/>
      </extensions>
    </trkpt>
    <trkpt lat="45.6231922" lon="10.570947">
      <ele>126.0</ele>
      <time>2026-03-28T10:26:08.021+01:00</time>
      <extensions>
        <activity type="IN_VEHICLE" conf="97" state="moving" tsMs="1774689968239"/>
        <radio op="vodafone IT" rat="LTE" q="22.00" rsrp="-103" sinr="5" rsrq="-7"/>
        <radio op="I TIM" rat="LTE" rsrp="-98" rsrq="-12"/>
      </extensions>
    </trkpt>
    <trkpt lat="45.6238459" lon="10.5721391">
      <ele>126.0</ele>
      <time>2026-03-28T10:26:18.021+01:00</time>
      <extensions>
        <activity type="IN_VEHICLE" conf="97" state="moving" tsMs="1774689973620"/>
        <radio op="vodafone IT" rat="LTE" q="25.20" rsrp="-104" sinr="7" rsrq="-8"/>
        <radio op="I TIM" rat="LTE" q="11.50" rsrp="-102" sinr="0" rsrq="-13"/>
      </extensions>
    </trkpt>
    <trkpt lat="45.624182" lon="10.5731705">
      <ele>129.0</ele>
      <time>2026-03-28T10:26:28.021+01:00</time>
      <extensions>
        <activity type="IN_VEHICLE" conf="97" state="moving" tsMs="1774689984318"/>
        <radio op="vodafone IT" rat="LTE" q="25.30" rsrp="-102" sinr="6" rsrq="-7"/>
        <radio op="I TIM" rat="LTE" rsrp="-100" rsrq="-11"/>
      </extensions>
    </trkpt>
    <trkpt lat="45.6245277" lon="10.5737917">
      <ele>129.0</ele>
      <time>2026-03-28T10:26:38.021+01:00</time>
      <extensions>
        <activity type="IN_VEHICLE" conf="96" state="moving" tsMs="1774689994966"/>
        <radio op="vodafone IT" rat="LTE" q="34.50" rsrp="-102" sinr="10" rsrq="-7"/>
        <radio op="I TIM" rat="LTE" q="10.50" rsrp="-104" sinr="0" rsrq="-10"/>
      </extensions>
    </trkpt>
    <trkpt lat="45.6248903" lon="10.5742252">
      <ele>127.0</ele>
      <time>2026-03-28T10:26:48.021+01:00</time>
      <extensions>
        <activity type="IN_VEHICLE" conf="96" state="moving" tsMs="1774690005636"/>
        <radio op="vodafone IT" rat="LTE" rsrp="-117" rsrq="-22"/>
        <radio op="I TIM" rat="LTE" rsrp="-105" rsrq="-13"/>
      </extensions>
    </trkpt>
    <trkpt lat="45.6253698" lon="10.5750874">
      <ele>126.0</ele>
      <time>2026-03-28T10:26:58.021+01:00</time>
      <extensions>
        <activity type="IN_VEHICLE" conf="98" state="moving" tsMs="1774690016335"/>
        <radio op="vodafone IT" rat="LTE" rsrp="-113" rsrq="-15"/>
        <radio op="I TIM" rat="LTE" rsrp="-110" rsrq="-14"/>
      </extensions>
    </trkpt>
    <trkpt lat="45.6256651" lon="10.5760841">
      <ele>127.0</ele>
      <time>2026-03-28T10:27:08.021+01:00</time>
      <extensions>
        <activity type="IN_VEHICLE" conf="97" state="moving" tsMs="1774690027017"/>
        <radio op="vodafone IT" rat="LTE" rsrp="-102" rsrq="-13"/>
        <radio op="I TIM" rat="LTE" rsrp="-102" rsrq="-16"/>
      </extensions>
    </trkpt>
    <trkpt lat="45.6258879" lon="10.5770348">
      <ele>127.0</ele>
      <time>2026-03-28T10:27:18.021+01:00</time>
      <extensions>
        <activity type="IN_VEHICLE" conf="97" state="moving" tsMs="1774690037718"/>
        <radio op="vodafone IT" rat="LTE" rsrp="-108" rsrq="-14"/>
        <radio op="I TIM" rat="LTE" rsrp="-104" rsrq="-17"/>
      </extensions>
    </trkpt>
    <trkpt lat="45.6260482" lon="10.5781491">
      <ele>128.0</ele>
      <time>2026-03-28T10:27:28.021+01:00</time>
      <extensions>
        <activity type="IN_VEHICLE" conf="96" state="moving" tsMs="1774690048372"/>
        <radio op="vodafone IT" rat="LTE" rsrp="-110" rsrq="-16"/>
        <radio op="I TIM" rat="LTE" q="10.50" rsrp="-110" sinr="2" rsrq="-12"/>
      </extensions>
    </trkpt>
    <trkpt lat="45.626186" lon="10.5796529">
      <ele>130.0</ele>
      <time>2026-03-28T10:27:39.021+01:00</time>
      <extensions>
        <activity type="IN_VEHICLE" conf="97" state="moving" tsMs="1774690059034"/>
        <radio op="vodafone IT" rat="LTE" rsrp="-104" rsrq="-14"/>
        <radio op="I TIM" rat="LTE" rsrp="-113" rsrq="-17"/>
      </extensions>
    </trkpt>
    <trkpt lat="45.6261816" lon="10.5808062">
      <ele>129.0</ele>
      <time>2026-03-28T10:27:49.022+01:00</time>
      <extensions>
        <activity type="IN_VEHICLE" conf="97" state="moving" tsMs="1774690064387"/>
        <radio op="vodafone IT" rat="LTE" rsrp="-105" rsrq="-16"/>
        <radio op="I TIM" rat="LTE" q="18.00" rsrp="-105" sinr="4" rsrq="-14"/>
      </extensions>
    </trkpt>
    <trkpt lat="45.6261878" lon="10.582094">
      <ele>129.0</ele>
      <time>2026-03-28T10:27:59.022+01:00</time>
      <extensions>
        <activity type="IN_VEHICLE" conf="97" state="moving" tsMs="1774690075009"/>
        <radio op="vodafone IT" rat="LTE" rsrp="-92" rsrq="-10"/>
        <radio op="I TIM" rat="LTE" rsrp="-106" rsrq="-13"/>
      </extensions>
    </trkpt>
    <trkpt lat="45.6261424" lon="10.583165">
      <ele>128.0</ele>
      <time>2026-03-28T10:28:09.021+01:00</time>
      <extensions>
        <activity type="IN_VEHICLE" conf="97" state="moving" tsMs="1774690085660"/>
        <radio op="vodafone IT" rat="LTE" q="21.60" rsrp="-89" sinr="1" rsrq="-12"/>
        <radio op="I TIM" rat="LTE" q="18.90" rsrp="-98" sinr="2" rsrq="-13"/>
      </extensions>
    </trkpt>
    <trkpt lat="45.6260208" lon="10.5843968">
      <ele>128.0</ele>
      <time>2026-03-28T10:28:19.021+01:00</time>
      <extensions>
        <activity type="IN_VEHICLE" conf="97" state="moving" tsMs="1774690096300"/>
        <radio op="vodafone IT" rat="LTE" q="13.50" rsrp="-98" sinr="0" rsrq="-13"/>
        <radio op="I TIM" rat="LTE" rsrp="-100" rsrq="-14"/>
      </extensions>
    </trkpt>
    <trkpt lat="45.6266372" lon="10.5856649">
      <ele>128.0</ele>
      <time>2026-03-28T10:28:29.021+01:00</time>
      <extensions>
        <activity type="IN_VEHICLE" conf="97" state="moving" tsMs="1774690106955"/>
        <radio op="vodafone IT" rat="LTE" q="52.00" rsrp="-82" sinr="8" rsrq="-7"/>
        <radio op="I TIM" rat="LTE" rsrp="-96" rsrq="-12"/>
      </extensions>
    </trkpt>
    <trkpt lat="45.627496" lon="10.5864512">
      <ele>124.0</ele>
      <time>2026-03-28T10:28:39.021+01:00</time>
      <extensions>
        <activity type="IN_VEHICLE" conf="97" state="moving" tsMs="1774690117671"/>
        <radio op="vodafone IT" rat="LTE" q="21.70" rsrp="-94" sinr="2" rsrq="-9"/>
        <radio op="I TIM" rat="LTE" q="12.80" rsrp="-109" sinr="3" rsrq="-15"/>
      </extensions>
    </trkpt>
    <trkpt lat="45.6283701" lon="10.5866723">
      <ele>120.0</ele>
      <time>2026-03-28T10:28:49.021+01:00</time>
      <extensions>
        <activity type="IN_VEHICLE" conf="97" state="moving" tsMs="1774690128363"/>
        <radio op="vodafone IT" rat="LTE" q="16.80" rsrp="-101" sinr="2" rsrq="-12"/>
        <radio op="I TIM" rat="LTE" rsrp="-112" rsrq="-15"/>
      </extensions>
    </trkpt>
    <trkpt lat="45.6293706" lon="10.5866842">
      <ele>117.0</ele>
      <time>2026-03-28T10:28:59.021+01:00</time>
      <extensions>
        <activity type="IN_VEHICLE" conf="97" state="moving" tsMs="1774690138995"/>
        <radio op="vodafone IT" rat="LTE" rsrp="-96" rsrq="-13"/>
        <radio op="I TIM" rat="LTE" rsrp="-109" rsrq="-15"/>
      </extensions>
    </trkpt>
    <trkpt lat="45.6301365" lon="10.587277">
      <ele>113.0</ele>
      <time>2026-03-28T10:29:10.021+01:00</time>
      <extensions>
        <activity type="IN_VEHICLE" conf="97" state="moving" tsMs="1774690149674"/>
        <radio op="vodafone IT" rat="LTE" rsrp="-92" rsrq="-15"/>
        <radio op="I TIM" rat="LTE" rsrp="-101" rsrq="-16"/>
      </extensions>
    </trkpt>
    <trkpt lat="45.630686" lon="10.5880239">
      <ele>111.0</ele>
      <time>2026-03-28T10:29:20.021+01:00</time>
      <extensions>
        <activity type="IN_VEHICLE" conf="97" state="moving" tsMs="1774690155050"/>
        <radio op="vodafone IT" rat="LTE" q="30.60" rsrp="-91" sinr="4" rsrq="-9"/>
        <radio op="I TIM" rat="LTE" rsrp="-102" rsrq="-17"/>
      </extensions>
    </trkpt>
    <trkpt lat="45.631159" lon="10.5887022">
      <ele>111.0</ele>
      <time>2026-03-28T10:29:30.021+01:00</time>
      <extensions>
        <activity type="IN_VEHICLE" conf="98" state="moving" tsMs="1774690165746"/>
        <radio op="vodafone IT" rat="LTE" q="23.80" rsrp="-91" sinr="2" rsrq="-10"/>
        <radio op="I TIM" rat="LTE" rsrp="-101" rsrq="-14"/>
      </extensions>
    </trkpt>
    <trkpt lat="45.6317947" lon="10.5897911">
      <ele>111.0</ele>
      <time>2026-03-28T10:29:40.022+01:00</time>
      <extensions>
        <activity type="IN_VEHICLE" conf="97" state="moving" tsMs="1774690176450"/>
        <radio op="vodafone IT" rat="LTE" q="24.80" rsrp="-94" sinr="3" rsrq="-11"/>
        <radio op="I TIM" rat="LTE" rsrp="-102" rsrq="-15"/>
      </extensions>
    </trkpt>
    <trkpt lat="45.6323627" lon="10.5910281">
      <ele>111.0</ele>
      <time>2026-03-28T10:29:50.021+01:00</time>
      <extensions>
        <activity type="IN_VEHICLE" conf="98" state="moving" tsMs="1774690187157"/>
        <radio op="vodafone IT" rat="LTE" q="56.00" rsrp="-84" sinr="9" rsrq="-8"/>
        <radio op="I TIM" rat="LTE" rsrp="-107" rsrq="-16"/>
      </extensions>
    </trkpt>
    <trkpt lat="45.6330168" lon="10.5919788">
      <ele>111.0</ele>
      <time>2026-03-28T10:30:00.021+01:00</time>
      <extensions>
        <activity type="IN_VEHICLE" conf="97" state="moving" tsMs="1774690197891"/>
        <radio op="vodafone IT" rat="LTE" q="57.00" rsrp="-87" sinr="10" rsrq="-9"/>
        <radio op="I TIM" rat="LTE" rsrp="-107" rsrq="-17"/>
      </extensions>
    </trkpt>
    <trkpt lat="45.6336974" lon="10.5931047">
      <ele>111.0</ele>
      <time>2026-03-28T10:30:10.021+01:00</time>
      <extensions>
        <activity type="IN_VEHICLE" conf="97" state="moving" tsMs="1774690208554"/>
        <radio op="vodafone IT" rat="LTE" rsrp="-89" rsrq="-10"/>
        <radio op="I TIM" rat="LTE" rsrp="-109" rsrq="-18"/>
      </extensions>
    </trkpt>
    <trkpt lat="45.6342784" lon="10.5942277">
      <ele>111.0</ele>
      <time>2026-03-28T10:30:20.022+01:00</time>
      <extensions>
        <activity type="IN_VEHICLE" conf="97" state="moving" tsMs="1774690219257"/>
        <radio op="vodafone IT" rat="LTE" q="80.00" rsrp="-81" sinr="15" rsrq="-11"/>
        <radio op="I TIM" rat="LTE" rsrp="-109" rsrq="-17"/>
      </extensions>
    </trkpt>
    <trkpt lat="45.6347551" lon="10.5952373">
      <ele>111.0</ele>
      <time>2026-03-28T10:30:30.021+01:00</time>
      <extensions>
        <activity type="IN_VEHICLE" conf="97" state="moving" tsMs="1774690229932"/>
        <radio op="vodafone IT" rat="LTE" q="40.70" rsrp="-88" sinr="6" rsrq="-11"/>
        <radio op="I TIM" rat="LTE" rsrp="-108" rsrq="-16"/>
      </extensions>
    </trkpt>
    <trkpt lat="45.6352473" lon="10.5964256">
      <ele>111.0</ele>
      <time>2026-03-28T10:30:40.02+01:00</time>
      <extensions>
        <activity type="IN_VEHICLE" conf="96" state="moving" tsMs="1774690240616"/>
        <radio op="vodafone IT" rat="LTE" q="29.60" rsrp="-88" sinr="3" rsrq="-11"/>
        <radio op="I TIM" rat="LTE" rsrp="-112" rsrq="-18"/>
      </extensions>
    </trkpt>
    <trkpt lat="45.6357231" lon="10.5982012">
      <ele>112.0</ele>
      <time>2026-03-28T10:30:51.02+01:00</time>
      <extensions>
        <activity type="IN_VEHICLE" conf="97" state="moving" tsMs="1774690245979"/>
        <radio op="vodafone IT" rat="LTE" q="17.40" rsrp="-96" sinr="1" rsrq="-12"/>
        <radio op="I TIM" rat="LTE" rsrp="-108" rsrq="-12"/>
      </extensions>
    </trkpt>
    <trkpt lat="45.6354135" lon="10.5994988">
      <ele>113.0</ele>
      <time>2026-03-28T10:31:01.02+01:00</time>
      <extensions>
        <activity type="IN_VEHICLE" conf="98" state="moving" tsMs="1774690256673"/>
        <radio op="vodafone IT" rat="LTE" q="45.50" rsrp="-90" sinr="8" rsrq="-8"/>
        <radio op="I TIM" rat="LTE" rsrp="-114" rsrq="-16"/>
      </extensions>
    </trkpt>
    <trkpt lat="45.6350072" lon="10.6004779">
      <ele>115.0</ele>
      <time>2026-03-28T10:31:11.02+01:00</time>
      <extensions>
        <activity type="IN_VEHICLE" conf="97" state="moving" tsMs="1774690267335"/>
        <radio op="vodafone IT" rat="LTE" q="40.80" rsrp="-91" sinr="7" rsrq="-9"/>
        <radio op="I TIM" rat="LTE" rsrp="-112" rsrq="-13"/>
      </extensions>
    </trkpt>
    <trkpt lat="45.6349844" lon="10.601649">
      <ele>117.0</ele>
      <time>2026-03-28T10:31:21.02+01:00</time>
      <extensions>
        <activity type="IN_VEHICLE" conf="97" state="moving" tsMs="1774690278026"/>
        <radio op="vodafone IT" rat="LTE" q="42.90" rsrp="-86" sinr="6" rsrq="-9"/>
        <radio op="I TIM" rat="LTE" rsrp="-114" rsrq="-16"/>
      </extensions>
    </trkpt>
    <trkpt lat="45.6353185" lon="10.602314">
      <ele>117.0</ele>
      <time>2026-03-28T10:31:31.02+01:00</time>
      <extensions>
        <activity type="IN_VEHICLE" conf="97" state="moving" tsMs="1774690288713"/>
        <radio op="vodafone IT" rat="LTE" q="64.00" rsrp="-80" sinr="11" rsrq="-9"/>
        <radio op="I TIM" rat="LTE" rsrp="-113" rsrq="-14"/>
      </extensions>
    </trkpt>
    <trkpt lat="45.6358752" lon="10.6033933">
      <ele>118.0</ele>
      <time>2026-03-28T10:31:41.021+01:00</time>
      <extensions>
        <activity type="IN_VEHICLE" conf="97" state="moving" tsMs="1774690299382"/>
        <radio op="vodafone IT" rat="LTE" q="76.00" rsrp="-70" sinr="14" rsrq="-8"/>
        <radio op="I TIM" rat="LTE" q="7.70" rsrp="-114" sinr="2" rsrq="-16"/>
      </extensions>
    </trkpt>
    <trkpt lat="45.6364417" lon="10.6044825">
      <ele>120.0</ele>
      <time>2026-03-28T10:31:51.02+01:00</time>
      <extensions>
        <activity type="IN_VEHICLE" conf="97" state="moving" tsMs="1774690310077"/>
        <radio op="vodafone IT" rat="LTE" q="88.00" rsrp="-65" sinr="17" rsrq="-9"/>
        <radio op="I TIM" rat="LTE" q="6.50" rsrp="-112" sinr="0" rsrq="-16"/>
      </extensions>
    </trkpt>
    <trkpt lat="45.6367244" lon="10.6052633">
      <ele>120.80000305175781</ele>
      <time>2026-03-28T10:32:01.02+01:00</time>
      <extensions>
        <activity type="IN_VEHICLE" conf="97" state="moving" tsMs="1774690315424"/>
        <radio op="vodafone IT" rat="LTE" rsrp="-64" rsrq="-11"/>
        <radio op="I TIM" rat="LTE" rsrp="-109" rsrq="-16"/>
      </extensions>
    </trkpt>
    <trkpt lat="45.6372435" lon="10.6060021">
      <ele>120.80000305175781</ele>
      <time>2026-03-28T10:32:11.021+01:00</time>
      <extensions>
        <activity type="IN_VEHICLE" conf="96" state="moving" tsMs="1774690321521"/>
        <radio op="vodafone IT" rat="LTE" q="80.00" rsrp="-59" sinr="15" rsrq="-7"/>
        <radio op="I TIM" rat="LTE" rsrp="-109" rsrq="-19"/>
      </extensions>
    </trkpt>
    <trkpt lat="45.6379974" lon="10.6070755">
      <ele>120.80000305175781</ele>
      <time>2026-03-28T10:32:21.02+01:00</time>
      <extensions>
        <activity type="IN_VEHICLE" conf="97" state="moving" tsMs="1774690340727"/>
        <radio op="vodafone IT" rat="LTE" q="48.00" rsrp="-61" sinr="7" rsrq="-7"/>
        <radio op="I TIM" rat="LTE" rsrp="-110" rsrq="-14"/>
      </extensions>
    </trkpt>
    <trkpt lat="45.6391898" lon="10.6077488">
      <ele>120.80000305175781</ele>
      <time>2026-03-28T10:32:32.02+01:00</time>
      <extensions>
        <activity type="IN_VEHICLE" conf="96" state="moving" tsMs="1774690351455"/>
        <radio op="vodafone IT" rat="LTE" q="76.00" rsrp="-63" sinr="14" rsrq="-7"/>
        <radio op="I TIM" rat="LTE" q="20.00" rsrp="-105" sinr="5" rsrq="-19"/>
      </extensions>
    </trkpt>
    <trkpt lat="45.6402779" lon="10.6083247">
      <ele>120.80000305175781</ele>
      <time>2026-03-28T10:32:42.02+01:00</time>
      <extensions>
        <activity type="IN_VEHICLE" conf="97" state="moving" tsMs="1774690362125"/>
        <radio op="vodafone IT" rat="LTE" q="88.00" rsrp="-69" sinr="17" rsrq="-5"/>
        <radio op="I TIM" rat="LTE" q="26.00" rsrp="-99" sinr="5" rsrq="-15"/>
      </extensions>
    </trkpt>
    <trkpt lat="45.6408866" lon="10.6092207">
      <ele>120.80000305175781</ele>
      <time>2026-03-28T10:32:52.02+01:00</time>
      <extensions>
        <activity type="IN_VEHICLE" conf="97" state="moving" tsMs="1774690367492"/>
        <radio op="vodafone IT" rat="LTE" q="68.00" rsrp="-77" sinr="12" rsrq="-7"/>
        <radio op="I TIM" rat="LTE" q="25.60" rsrp="-93" sinr="3" rsrq="-10"/>
      </extensions>
    </trkpt>
    <trkpt lat="45.6412927" lon="10.610511">
      <ele>120.80000305175781</ele>
      <time>2026-03-28T10:33:02.02+01:00</time>
      <extensions>
        <activity type="IN_VEHICLE" conf="97" state="moving" tsMs="1774690378180"/>
        <radio op="vodafone IT" rat="LTE" q="49.40" rsrp="-87" sinr="8" rsrq="-6"/>
        <radio op="I TIM" rat="LTE" q="48.00" rsrp="-101" sinr="15" rsrq="-10"/>
      </extensions>
    </trkpt>
    <trkpt lat="45.6416777" lon="10.6116935">
      <ele>120.80000305175781</ele>
      <time>2026-03-28T10:33:12.02+01:00</time>
      <extensions>
        <activity type="IN_VEHICLE" conf="97" state="moving" tsMs="1774690388860"/>
        <radio op="vodafone IT" rat="LTE" q="16.50" rsrp="-92" sinr="0" rsrq="-12"/>
        <radio op="I TIM" rat="LTE" q="35.10" rsrp="-98" sinr="8" rsrq="-8"/>
      </extensions>
    </trkpt>
    <trkpt lat="45.6420879" lon="10.6129627">
      <ele>130.0</ele>
      <time>2026-03-28T10:33:22.02+01:00</time>
      <extensions>
        <activity type="IN_VEHICLE" conf="97" state="moving" tsMs="1774690399542"/>
        <radio op="vodafone IT" rat="LTE" q="46.80" rsrp="-89" sinr="8" rsrq="-11"/>
        <radio op="I TIM" rat="LTE" q="43.50" rsrp="-96" sinr="10" rsrq="-10"/>
      </extensions>
    </trkpt>
    <trkpt lat="45.6422037" lon="10.6137495">
      <ele>128.0</ele>
      <time>2026-03-28T10:33:32.02+01:00</time>
      <extensions>
        <activity type="IN_VEHICLE" conf="96" state="moving" tsMs="1774690410256"/>
        <radio op="vodafone IT" rat="LTE" q="28.80" rsrp="-93" sinr="4" rsrq="-9"/>
        <radio op="I TIM" rat="LTE" q="29.70" rsrp="-98" sinr="6" rsrq="-13"/>
      </extensions>
    </trkpt>
    <trkpt lat="45.6427401" lon="10.6145837">
      <ele>127.0</ele>
      <time>2026-03-28T10:33:42.02+01:00</time>
      <extensions>
        <activity type="IN_VEHICLE" conf="97" state="moving" tsMs="1774690420939"/>
        <radio op="vodafone IT" rat="LTE" q="31.90" rsrp="-96" sinr="6" rsrq="-10"/>
        <radio op="I TIM" rat="LTE" q="18.90" rsrp="-104" sinr="4" rsrq="-11"/>
      </extensions>
    </trkpt>
    <trkpt lat="45.6434902" lon="10.6156761">
      <ele>126.0</ele>
      <time>2026-03-28T10:33:52.02+01:00</time>
      <extensions>
        <activity type="IN_VEHICLE" conf="97" state="moving" tsMs="1774690431640"/>
        <radio op="vodafone IT" rat="LTE" q="14.00" rsrp="-97" sinr="0" rsrq="-9"/>
        <radio op="I TIM" rat="LTE" q="11.90" rsrp="-108" sinr="2" rsrq="-14"/>
      </extensions>
    </trkpt>
    <trkpt lat="45.6444539" lon="10.6169045">
      <ele>126.0</ele>
      <time>2026-03-28T10:34:03.02+01:00</time>
      <extensions>
        <activity type="IN_VEHICLE" conf="82" state="moving" tsMs="1774690442352"/>
        <radio op="vodafone IT" rat="LTE" q="13.50" rsrp="-98" sinr="0" rsrq="-11"/>
        <radio op="I TIM" rat="LTE" q="36.40" rsrp="-97" sinr="8" rsrq="-13"/>
      </extensions>
    </trkpt>
    <trkpt lat="45.6456756" lon="10.6174158">
      <ele>128.0</ele>
      <time>2026-03-28T10:34:13.02+01:00</time>
      <extensions>
        <activity type="IN_VEHICLE" conf="98" state="moving" tsMs="1774690453056"/>
        <radio op="vodafone IT" rat="LTE" rsrp="-99" rsrq="-15"/>
        <radio op="I TIM" rat="LTE" rsrp="-102" rsrq="-14"/>
      </extensions>
    </trkpt>
    <trkpt lat="45.646564" lon="10.6186761">
      <ele>131.0</ele>
      <time>2026-03-28T10:34:23.02+01:00</time>
      <extensions>
        <activity type="IN_VEHICLE" conf="96" state="moving" tsMs="1774690458374"/>
        <radio op="vodafone IT" rat="LTE" rsrp="-94" rsrq="-14"/>
        <radio op="I TIM" rat="LTE" q="36.30" rsrp="-92" sinr="6" rsrq="-13"/>
      </extensions>
    </trkpt>
    <trkpt lat="45.6473722" lon="10.6203203">
      <ele>129.0</ele>
      <time>2026-03-28T10:34:33.02+01:00</time>
      <extensions>
        <activity type="IN_VEHICLE" conf="97" state="moving" tsMs="1774690469040"/>
        <radio op="vodafone IT" rat="LTE" rsrp="-94" rsrq="-13"/>
        <radio op="I TIM" rat="LTE" q="40.00" rsrp="-82" sinr="5" rsrq="-10"/>
      </extensions>
    </trkpt>
    <trkpt lat="45.6481828" lon="10.6220103">
      <ele>126.0</ele>
      <time>2026-03-28T10:34:43.02+01:00</time>
      <extensions>
        <activity type="IN_VEHICLE" conf="97" state="moving" tsMs="1774690479709"/>
        <radio op="vodafone IT" rat="LTE" rsrp="-93" rsrq="-14"/>
        <radio op="I TIM" rat="LTE" rsrp="-96" rsrq="-12"/>
      </extensions>
    </trkpt>
    <trkpt lat="45.6491414" lon="10.6235762">
      <ele>123.0</ele>
      <time>2026-03-28T10:34:53.02+01:00</time>
      <extensions>
        <activity type="IN_VEHICLE" conf="96" state="moving" tsMs="1774690490366"/>
        <radio op="vodafone IT" rat="LTE" q="18.60" rsrp="-94" sinr="1" rsrq="-11"/>
        <radio op="I TIM" rat="LTE" rsrp="-99" rsrq="-13"/>
      </extensions>
    </trkpt>
    <trkpt lat="45.6500387" lon="10.6252438">
      <ele>123.0</ele>
      <time>2026-03-28T10:35:03.021+01:00</time>
      <extensions>
        <activity type="IN_VEHICLE" conf="97" state="moving" tsMs="1774690501050"/>
        <radio op="vodafone IT" rat="LTE" rsrp="-105" rsrq="-19"/>
        <radio op="I TIM" rat="LTE" rsrp="-102" rsrq="-11"/>
      </extensions>
    </trkpt>
    <trkpt lat="45.6509942" lon="10.6268257">
      <ele>125.0</ele>
      <time>2026-03-28T10:35:13.021+01:00</time>
      <extensions>
        <activity type="IN_VEHICLE" conf="97" state="moving" tsMs="1774690511736"/>
        <radio op="vodafone IT" rat="LTE" rsrp="-97" rsrq="-14"/>
        <radio op="I TIM" rat="LTE" q="24.00" rsrp="-95" sinr="3" rsrq="-11"/>
      </extensions>
    </trkpt>
    <trkpt lat="45.6520816" lon="10.6282311">
      <ele>130.0</ele>
      <time>2026-03-28T10:35:23.02+01:00</time>
      <extensions>
        <activity type="IN_VEHICLE" conf="97" state="moving" tsMs="1774690522412"/>
        <radio op="vodafone IT" rat="LTE" rsrp="-98" rsrq="-15"/>
        <radio op="I TIM" rat="LTE" q="15.00" rsrp="-100" sinr="1" rsrq="-11"/>
      </extensions>
    </trkpt>
    <trkpt lat="45.6533109" lon="10.6296373">
      <ele>132.0</ele>
      <time>2026-03-28T10:35:34.02+01:00</time>
      <extensions>
        <activity type="IN_VEHICLE" conf="97" state="moving" tsMs="1774690533052"/>
        <radio op="vodafone IT" rat="LTE" q="17.40" rsrp="-96" sinr="1" rsrq="-14"/>
        <radio op="I TIM" rat="LTE" q="16.80" rsrp="-101" sinr="2" rsrq="-13"/>
      </extensions>
    </trkpt>
    <trkpt lat="45.6541934" lon="10.6314748">
      <ele>130.0</ele>
      <time>2026-03-28T10:35:44.021+01:00</time>
      <extensions>
        <activity type="IN_VEHICLE" conf="97" state="moving" tsMs="1774690543786"/>
        <radio op="vodafone IT" rat="LTE" rsrp="-100" rsrq="-14"/>
        <radio op="I TIM" rat="LTE" q="22.50" rsrp="-100" sinr="4" rsrq="-9"/>
      </extensions>
    </trkpt>
    <trkpt lat="45.65506" lon="10.6333655">
      <ele>129.0</ele>
      <time>2026-03-28T10:35:54.02+01:00</time>
      <extensions>
        <activity type="IN_VEHICLE" conf="98" state="moving" tsMs="1774690554458"/>
        <radio op="vodafone IT" rat="LTE" rsrp="-99" rsrq="-14"/>
        <radio op="I TIM" rat="LTE" rsrp="-100" rsrq="-12"/>
      </extensions>
    </trkpt>
    <trkpt lat="45.6560321" lon="10.6349693">
      <ele>127.0</ele>
      <time>2026-03-28T10:36:04.02+01:00</time>
      <extensions>
        <activity type="IN_VEHICLE" conf="97" state="moving" tsMs="1774690559817"/>
        <radio op="vodafone IT" rat="LTE" rsrp="-104" rsrq="-19"/>
        <radio op="I TIM" rat="LTE" rsrp="-102" rsrq="-13"/>
      </extensions>
    </trkpt>
    <trkpt lat="45.6572034" lon="10.6361249">
      <ele>127.0</ele>
      <time>2026-03-28T10:36:14.02+01:00</time>
      <extensions>
        <activity type="IN_VEHICLE" conf="97" state="moving" tsMs="1774690570509"/>
        <radio op="vodafone IT" rat="LTE" q="24.70" rsrp="-106" sinr="8" rsrq="-12"/>
        <radio op="I TIM" rat="LTE" rsrp="-109" rsrq="-16"/>
      </extensions>
    </trkpt>
    <trkpt lat="45.6581142" lon="10.6373427">
      <ele>126.0</ele>
      <time>2026-03-28T10:36:24.02+01:00</time>
      <extensions>
        <activity type="IN_VEHICLE" conf="97" state="moving" tsMs="1774690581190"/>
        <radio op="vodafone IT" rat="LTE" q="40.50" rsrp="-98" sinr="10" rsrq="-11"/>
        <radio op="I TIM" rat="LTE" q="16.80" rsrp="-101" sinr="2" rsrq="-13"/>
      </extensions>
    </trkpt>
    <trkpt lat="45.6588707" lon="10.6383478">
      <ele>127.0</ele>
      <time>2026-03-28T10:36:34.021+01:00</time>
      <extensions>
        <activity type="IN_VEHICLE" conf="97" state="moving" tsMs="1774690591904"/>
        <radio op="vodafone IT" rat="LTE" q="39.00" rsrp="-95" sinr="8" rsrq="-9"/>
        <radio op="I TIM" rat="LTE" rsrp="-98" rsrq="-13"/>
      </extensions>
    </trkpt>
    <trkpt lat="45.6595017" lon="10.6393488">
      <ele>126.0</ele>
      <time>2026-03-28T10:36:44.02+01:00</time>
      <extensions>
        <activity type="IN_VEHICLE" conf="97" state="moving" tsMs="1774690602551"/>
        <radio op="vodafone IT" rat="LTE" q="24.00" rsrp="-95" sinr="3" rsrq="-8"/>
        <radio op="I TIM" rat="LTE" rsrp="-100" rsrq="-14"/>
      </extensions>
    </trkpt>
    <trkpt lat="45.6602374" lon="10.6406718">
      <ele>127.0</ele>
      <time>2026-03-28T10:36:54.02+01:00</time>
      <extensions>
        <activity type="IN_VEHICLE" conf="97" state="moving" tsMs="1774690613225"/>
        <radio op="vodafone IT" rat="LTE" q="24.20" rsrp="-103" sinr="6" rsrq="-13"/>
        <radio op="I TIM" rat="LTE" rsrp="-112" rsrq="-15"/>
      </extensions>
    </trkpt>
    <trkpt lat="45.6612596" lon="10.642215">
      <ele>130.0</ele>
      <time>2026-03-28T10:37:05.02+01:00</time>
      <extensions>
        <activity type="IN_VEHICLE" conf="91" state="moving" tsMs="1774690623922"/>
        <radio op="vodafone IT" rat="LTE" q="7.00" rsrp="-111" sinr="0" rsrq="-13"/>
        <radio op="I TIM" rat="LTE" q="6.00" rsrp="-115" sinr="1" rsrq="-14"/>
      </extensions>
    </trkpt>
    <trkpt lat="45.6624505" lon="10.6435398">
      <ele>131.0</ele>
      <time>2026-03-28T10:37:15.02+01:00</time>
      <extensions>
        <activity type="IN_VEHICLE" conf="97" state="moving" tsMs="1774690634650"/>
        <radio op="vodafone IT" rat="LTE" rsrp="-108" rsrq="-10"/>
        <radio op="I TIM" rat="LTE" rsrp="-105" rsrq="-13"/>
      </extensions>
    </trkpt>
    <trkpt lat="45.6636032" lon="10.6448757">
      <ele>132.0</ele>
      <time>2026-03-28T10:37:25.021+01:00</time>
      <extensions>
        <activity type="IN_VEHICLE" conf="98" state="moving" tsMs="1774690645392"/>
        <radio op="vodafone IT" rat="LTE" rsrp="-101" rsrq="-11"/>
        <radio op="I TIM" rat="LTE" rsrp="-100" rsrq="-15"/>
      </extensions>
    </trkpt>
    <trkpt lat="45.6648312" lon="10.6458">
      <ele>134.0</ele>
      <time>2026-03-28T10:37:35.02+01:00</time>
      <extensions>
        <activity type="IN_VEHICLE" conf="98" state="moving" tsMs="1774690650758"/>
        <radio op="vodafone IT" rat="LTE" q="17.50" rsrp="-100" sinr="2" rsrq="-11"/>
        <radio op="I TIM" rat="LTE" q="17.40" rsrp="-96" sinr="1" rsrq="-11"/>
      </extensions>
    </trkpt>
    <trkpt lat="45.6658582" lon="10.6472961">
      <ele>135.0</ele>
      <time>2026-03-28T10:37:45.02+01:00</time>
      <extensions>
        <activity type="IN_VEHICLE" conf="97" state="moving" tsMs="1774690661465"/>
        <radio op="vodafone IT" rat="LTE" rsrp="-110" rsrq="-17"/>
        <radio op="I TIM" rat="LTE" rsrp="-98" rsrq="-12"/>
      </extensions>
    </trkpt>
    <trkpt lat="45.6671464" lon="10.6483133">
      <ele>135.0</ele>
      <time>2026-03-28T10:37:55.02+01:00</time>
      <extensions>
        <activity type="IN_VEHICLE" conf="97" state="moving" tsMs="1774690672130"/>
        <radio op="vodafone IT" rat="LTE" rsrp="-109" rsrq="-14"/>
        <radio op="I TIM" rat="LTE" q="21.60" rsrp="-101" sinr="4" rsrq="-11"/>
      </extensions>
    </trkpt>
    <trkpt lat="45.6682273" lon="10.6494515">
      <ele>137.0</ele>
      <time>2026-03-28T10:38:05.02+01:00</time>
      <extensions>
        <activity type="IN_VEHICLE" conf="96" state="moving" tsMs="1774690682746"/>
        <radio op="vodafone IT" rat="LTE" q="38.00" rsrp="-87" sinr="5" rsrq="-9"/>
        <radio op="I TIM" rat="LTE" q="58.00" rsrp="-96" sinr="15" rsrq="-8"/>
      </extensions>
    </trkpt>
    <trkpt lat="45.6695751" lon="10.6501838">
      <ele>138.0</ele>
      <time>2026-03-28T10:38:15.02+01:00</time>
      <extensions>
        <activity type="IN_VEHICLE" conf="97" state="moving" tsMs="1774690693401"/>
        <radio op="vodafone IT" rat="LTE" q="39.60" rsrp="-89" sinr="6" rsrq="-10"/>
        <radio op="I TIM" rat="LTE" q="15.60" rsrp="-99" sinr="1" rsrq="-10"/>
      </extensions>
    </trkpt>
    <trkpt lat="45.6707009" lon="10.6512654">
      <ele>135.0</ele>
      <time>2026-03-28T10:38:25.02+01:00</time>
      <extensions>
        <activity type="IN_VEHICLE" conf="97" state="moving" tsMs="1774690704079"/>
        <radio op="vodafone IT" rat="LTE" q="48.00" rsrp="-84" sinr="7" rsrq="-10"/>
        <radio op="I TIM" rat="LTE" rsrp="-109" rsrq="-11"/>
      </extensions>
    </trkpt>
    <trkpt lat="45.6720596" lon="10.6515403">
      <ele>129.0</ele>
      <time>2026-03-28T10:38:35.02+01:00</time>
      <extensions>
        <activity type="IN_VEHICLE" conf="97" state="moving" tsMs="1774690714752"/>
        <radio op="vodafone IT" rat="LTE" q="40.70" rsrp="-88" sinr="6" rsrq="-10"/>
        <radio op="I TIM" rat="LTE" rsrp="-111" rsrq="-13"/>
      </extensions>
    </trkpt>
    <trkpt lat="45.6733576" lon="10.6508675">
      <ele>126.0</ele>
      <time>2026-03-28T10:38:46.02+01:00</time>
      <extensions>
        <activity type="IN_VEHICLE" conf="97" state="moving" tsMs="1774690725480"/>
        <radio op="vodafone IT" rat="LTE" rsrp="-99" rsrq="-13"/>
        <radio op="I TIM" rat="LTE" q="25.00" rsrp="-100" sinr="5" rsrq="-10"/>
      </extensions>
    </trkpt>
    <trkpt lat="45.6740061" lon="10.6505138">
      <ele>125.0</ele>
      <time>2026-03-28T10:38:56.02+01:00</time>
      <extensions>
        <activity type="IN_VEHICLE" conf="97" state="moving" tsMs="1774690736162"/>
        <radio op="vodafone IT" rat="LTE" rsrp="-108" rsrq="-17"/>
        <radio op="I TIM" rat="LTE" q="32.00" rsrp="-105" sinr="11" rsrq="-10"/>
      </extensions>
    </trkpt>
    <trkpt lat="45.6742547" lon="10.650426">
      <ele>124.0</ele>
      <time>2026-03-28T10:39:06.021+01:00</time>
      <extensions>
        <activity type="IN_VEHICLE" conf="97" state="moving" tsMs="1774690741513"/>
        <radio op="vodafone IT" rat="LTE" rsrp="-106" rsrq="-14"/>
        <radio op="I TIM" rat="LTE" q="27.20" rsrp="-108" sinr="11" rsrq="-11"/>
      </extensions>
    </trkpt>
    <trkpt lat="45.6748559" lon="10.6505354">
      <ele>124.0</ele>
      <time>2026-03-28T10:39:16.02+01:00</time>
      <extensions>
        <activity type="IN_VEHICLE" conf="97" state="moving" tsMs="1774690752210"/>
        <radio op="vodafone IT" rat="LTE" q="10.50" rsrp="-104" sinr="0" rsrq="-12"/>
        <radio op="I TIM" rat="LTE" q="8.40" rsrp="-111" sinr="1" rsrq="-11"/>
      </extensions>
    </trkpt>
    <trkpt lat="45.6756026" lon="10.6513366">
      <ele>122.0</ele>
      <time>2026-03-28T10:39:26.02+01:00</time>
      <extensions>
        <activity type="IN_VEHICLE" conf="97" state="moving" tsMs="1774690762972"/>
        <radio op="vodafone IT" rat="LTE" q="7.80" rsrp="-112" sinr="1" rsrq="-14"/>
        <radio op="I TIM" rat="LTE" rsrp="-116" rsrq="-16"/>
      </extensions>
    </trkpt>
    <trkpt lat="45.6764739" lon="10.652442">
      <ele>120.0</ele>
      <time>2026-03-28T10:39:36.021+01:00</time>
      <extensions>
        <activity type="IN_VEHICLE" conf="97" state="moving" tsMs="1774690773625"/>
        <radio op="vodafone IT" rat="LTE" rsrp="-109" rsrq="-16"/>
        <radio op="I TIM" rat="LTE" q="3.50" rsrp="-120" sinr="2" rsrq="-19"/>
      </extensions>
    </trkpt>
    <trkpt lat="45.6774132" lon="10.653213">
      <ele>122.0</ele>
      <time>2026-03-28T10:39:46.02+01:00</time>
      <extensions>
        <activity type="IN_VEHICLE" conf="97" state="moving" tsMs="1774690784344"/>
        <radio op="vodafone IT" rat="LTE" q="10.50" rsrp="-104" sinr="0" rsrq="-15"/>
        <radio op="I TIM" rat="LTE" rsrp="-111" rsrq="-14"/>
      </extensions>
    </trkpt>
    <trkpt lat="45.6784547" lon="10.6537489">
      <ele>126.0</ele>
      <time>2026-03-28T10:39:56.019+01:00</time>
      <extensions>
        <activity type="IN_VEHICLE" conf="96" state="moving" tsMs="1774690795011"/>
        <radio op="vodafone IT" rat="LTE" rsrp="-102" rsrq="-15"/>
        <radio op="I TIM" rat="LTE" q="7.80" rsrp="-112" sinr="1" rsrq="-15"/>
      </extensions>
    </trkpt>
    <trkpt lat="45.6797337" lon="10.654041">
      <ele>127.0</ele>
      <time>2026-03-28T10:40:07.019+01:00</time>
      <extensions>
        <activity type="IN_VEHICLE" conf="87" state="moving" tsMs="1774690805683"/>
        <radio op="vodafone IT" rat="LTE" q="21.60" rsrp="-101" sinr="4" rsrq="-15"/>
        <radio op="I TIM" rat="LTE" q="6.00" rsrp="-115" sinr="1" rsrq="-15"/>
      </extensions>
    </trkpt>
    <trkpt lat="45.6809547" lon="10.6543395">
      <ele>130.0</ele>
      <time>2026-03-28T10:40:17.02+01:00</time>
      <extensions>
        <activity type="IN_VEHICLE" conf="97" state="moving" tsMs="1774690816425"/>
        <radio op="vodafone IT" rat="LTE" rsrp="-115" rsrq="-21"/>
        <radio op="I TIM" rat="LTE" q="6.60" rsrp="-114" sinr="1" rsrq="-11"/>
      </extensions>
    </trkpt>
    <trkpt lat="45.6820174" lon="10.655172">
      <ele>132.0</ele>
      <time>2026-03-28T10:40:27.019+01:00</time>
      <extensions>
        <activity type="IN_VEHICLE" conf="97" state="moving" tsMs="1774690827107"/>
        <radio op="vodafone IT" rat="LTE" rsrp="-112" rsrq="-18"/>
        <radio op="I TIM" rat="LTE" q="12.10" rsrp="-114" sinr="6" rsrq="-12"/>
      </extensions>
    </trkpt>
    <trkpt lat="45.6828827" lon="10.6564003">
      <ele>130.0</ele>
      <time>2026-03-28T10:40:37.019+01:00</time>
      <extensions>
        <activity type="IN_VEHICLE" conf="97" state="moving" tsMs="1774690832455"/>
        <radio op="vodafone IT" rat="LTE" q="5.60" rsrp="-117" sinr="2" rsrq="-14"/>
        <radio op="I TIM" rat="LTE" rsrp="-113" rsrq="-13"/>
      </extensions>
    </trkpt>
    <trkpt lat="45.6836157" lon="10.6574286">
      <ele>129.0</ele>
      <time>2026-03-28T10:40:47.019+01:00</time>
      <extensions>
        <activity type="IN_VEHICLE" conf="97" state="moving" tsMs="1774690843159"/>
        <radio op="vodafone IT" rat="LTE" rsrp="-101" rsrq="-12"/>
        <radio op="I TIM" rat="LTE" rsrp="-112" rsrq="-13"/>
      </extensions>
    </trkpt>
    <trkpt lat="45.6844329" lon="10.6582571">
      <ele>128.0</ele>
      <time>2026-03-28T10:40:57.019+01:00</time>
      <extensions>
        <activity type="IN_VEHICLE" conf="97" state="moving" tsMs="1774690853849"/>
        <radio op="vodafone IT" rat="LTE" q="18.90" rsrp="-98" sinr="2" rsrq="-14"/>
        <radio op="I TIM" rat="LTE" rsrp="-112" rsrq="-16"/>
      </extensions>
    </trkpt>
    <trkpt lat="45.6853089" lon="10.6590869">
      <ele>126.0</ele>
      <time>2026-03-28T10:41:07.019+01:00</time>
      <extensions>
        <activity type="IN_VEHICLE" conf="97" state="moving" tsMs="1774690864542"/>
        <radio op="vodafone IT" rat="LTE" q="13.50" rsrp="-98" sinr="0" rsrq="-12"/>
        <radio op="I TIM" rat="LTE" rsrp="-111" rsrq="-16"/>
      </extensions>
    </trkpt>
    <trkpt lat="45.6862446" lon="10.6599496">
      <ele>125.0</ele>
      <time>2026-03-28T10:41:17.019+01:00</time>
      <extensions>
        <activity type="IN_VEHICLE" conf="97" state="moving" tsMs="1774690875201"/>
        <radio op="vodafone IT" rat="LTE" rsrp="-89" rsrq="-12"/>
        <radio op="I TIM" rat="LTE" rsrp="-95" rsrq="-8"/>
      </extensions>
    </trkpt>
    <trkpt lat="45.6872579" lon="10.6606182">
      <ele>125.0</ele>
      <time>2026-03-28T10:41:28.019+01:00</time>
      <extensions>
        <activity type="IN_VEHICLE" conf="97" state="moving" tsMs="1774690885837"/>
        <radio op="vodafone IT" rat="LTE" rsrp="-78" rsrq="-13"/>
        <radio op="I TIM" rat="LTE" q="28.80" rsrp="-93" sinr="4" rsrq="-7"/>
      </extensions>
    </trkpt>
    <trkpt lat="45.688103" lon="10.6612955">
      <ele>128.0</ele>
      <time>2026-03-28T10:41:38.019+01:00</time>
      <extensions>
        <activity type="IN_VEHICLE" conf="97" state="moving" tsMs="1774690896546"/>
        <radio op="vodafone IT" rat="LTE" q="28.00" rsrp="-90" sinr="3" rsrq="-11"/>
        <radio op="I TIM" rat="LTE" q="40.60" rsrp="-96" sinr="9" rsrq="-9"/>
      </extensions>
    </trkpt>
    <trkpt lat="45.688797" lon="10.6623674">
      <ele>134.0</ele>
      <time>2026-03-28T10:41:48.019+01:00</time>
      <extensions>
        <activity type="IN_VEHICLE" conf="96" state="moving" tsMs="1774690907219"/>
        <radio op="vodafone IT" rat="LTE" q="60.00" rsrp="-74" sinr="10" rsrq="-12"/>
        <radio op="I TIM" rat="LTE" q="31.50" rsrp="-90" sinr="4" rsrq="-8"/>
      </extensions>
    </trkpt>
    <trkpt lat="45.6893993" lon="10.6635507">
      <ele>138.8000030517578</ele>
      <time>2026-03-28T10:41:58.02+01:00</time>
      <extensions>
        <activity type="IN_VEHICLE" conf="96" state="moving" tsMs="1774690917969"/>
        <radio op="vodafone IT" rat="LTE" q="48.10" rsrp="-88" sinr="8" rsrq="-12"/>
        <radio op="I TIM" rat="LTE" rsrp="-90" rsrq="-12"/>
      </extensions>
    </trkpt>
    <trkpt lat="45.6900096" lon="10.6641549">
      <ele>141.0</ele>
      <time>2026-03-28T10:42:08.019+01:00</time>
      <extensions>
        <activity type="IN_VEHICLE" conf="96" state="moving" tsMs="1774690917969"/>
        <radio op="vodafone IT" rat="LTE" q="92.00" rsrp="-78" sinr="18" rsrq="-9"/>
        <radio op="I TIM" rat="LTE" q="52.00" rsrp="-79" sinr="8" rsrq="-11"/>
      </extensions>
    </trkpt>
    <trkpt lat="45.6903542" lon="10.6642714">
      <ele>138.8000030517578</ele>
      <time>2026-03-28T10:42:18.019+01:00</time>
      <extensions>
        <activity type="IN_VEHICLE" conf="97" state="moving" tsMs="1774690935312"/>
        <radio op="vodafone IT" rat="LTE" q="64.00" rsrp="-84" sinr="11" rsrq="-11"/>
        <radio op="I TIM" rat="LTE" q="56.00" rsrp="-85" sinr="9" rsrq="-10"/>
      </extensions>
    </trkpt>
    <trkpt lat="45.6904381" lon="10.6643061">
      <ele>138.8000030517578</ele>
      <time>2026-03-28T10:42:28.019+01:00</time>
      <extensions>
        <activity type="IN_VEHICLE" conf="97" state="moving" tsMs="1774690946022"/>
        <radio op="vodafone IT" rat="LTE" q="54.60" rsrp="-86" sinr="9" rsrq="-12"/>
        <radio op="I TIM" rat="LTE" q="54.60" rsrp="-86" sinr="9" rsrq="-7"/>
      </extensions>
    </trkpt>
    <trkpt lat="45.6904392" lon="10.6643067">
      <ele>138.8000030517578</ele>
      <time>2026-03-28T10:42:38.02+01:00</time>
      <extensions>
        <activity type="IN_VEHICLE" conf="90" state="moving" tsMs="1774690956696"/>
        <radio op="vodafone IT" rat="LTE" q="49.40" rsrp="-87" sinr="8" rsrq="-11"/>
        <radio op="I TIM" rat="LTE" q="54.60" rsrp="-86" sinr="9" rsrq="-7"/>
      </extensions>
    </trkpt>
    <trkpt lat="45.6904441" lon="10.6643066">
      <ele>144.0</ele>
      <time>2026-03-28T10:42:48.019+01:00</time>
      <extensions>
        <activity type="IN_VEHICLE" conf="96" state="moving" tsMs="1774690967389"/>
        <radio op="vodafone IT" rat="LTE" q="51.80" rsrp="-88" sinr="9" rsrq="-11"/>
        <radio op="I TIM" rat="LTE" q="50.70" rsrp="-86" sinr="8" rsrq="-10"/>
      </extensions>
    </trkpt>
    <trkpt lat="45.6905076" lon="10.6643366">
      <ele>144.0</ele>
      <time>2026-03-28T10:42:59.019+01:00</time>
      <extensions>
        <activity type="IN_VEHICLE" conf="96" state="moving" tsMs="1774690978110"/>
        <radio op="vodafone IT" rat="LTE" q="60.00" rsrp="-84" sinr="10" rsrq="-9"/>
        <radio op="I TIM" rat="LTE" q="52.00" rsrp="-84" sinr="8" rsrq="-8"/>
      </extensions>
    </trkpt>
    <trkpt lat="45.6910168" lon="10.66498">
      <ele>144.0</ele>
      <time>2026-03-28T10:43:09.019+01:00</time>
      <extensions>
        <activity type="IN_VEHICLE" conf="97" state="moving" tsMs="1774690988795"/>
        <radio op="vodafone IT" rat="LTE" q="50.40" rsrp="-89" sinr="9" rsrq="-7"/>
        <radio op="I TIM" rat="LTE" q="36.00" rsrp="-83" sinr="4" rsrq="-7"/>
      </extensions>
    </trkpt>
    <trkpt lat="45.6917861" lon="10.666246">
      <ele>149.0</ele>
      <time>2026-03-28T10:43:19.02+01:00</time>
      <extensions>
        <activity type="IN_VEHICLE" conf="97" state="moving" tsMs="1774690994156"/>
        <radio op="vodafone IT" rat="LTE" q="32.00" rsrp="-93" sinr="5" rsrq="-9"/>
        <radio op="I TIM" rat="LTE" q="18.50" rsrp="-88" sinr="0" rsrq="-6"/>
      </extensions>
    </trkpt>
    <trkpt lat="45.6927348" lon="10.667187">
      <ele>155.0</ele>
      <time>2026-03-28T10:43:29.02+01:00</time>
      <extensions>
        <activity type="IN_VEHICLE" conf="97" state="moving" tsMs="1774691004868"/>
        <radio op="vodafone IT" rat="LTE" rsrp="-99" rsrq="-13"/>
        <radio op="I TIM" rat="LTE" q="52.80" rsrp="-92" sinr="11" rsrq="-9"/>
      </extensions>
    </trkpt>
    <trkpt lat="45.6938332" lon="10.667743">
      <ele>157.0</ele>
      <time>2026-03-28T10:43:39.019+01:00</time>
      <extensions>
        <activity type="IN_VEHICLE" conf="98" state="moving" tsMs="1774691015554"/>
        <radio op="vodafone IT" rat="LTE" rsrp="-103" rsrq="-18"/>
        <radio op="I TIM" rat="LTE" q="57.60" rsrp="-93" sinr="13" rsrq="-9"/>
      </extensions>
    </trkpt>
    <trkpt lat="45.6949189" lon="10.6684887">
      <ele>161.0</ele>
      <time>2026-03-28T10:43:49.019+01:00</time>
      <extensions>
        <activity type="IN_VEHICLE" conf="97" state="moving" tsMs="1774691026192"/>
        <radio op="vodafone IT" rat="LTE" q="10.50" rsrp="-110" sinr="2" rsrq="-13"/>
        <radio op="I TIM" rat="LTE" q="11.50" rsrp="-102" sinr="0" rsrq="-10"/>
      </extensions>
    </trkpt>
    <trkpt lat="45.6956293" lon="10.6700918">
      <ele>167.0</ele>
      <time>2026-03-28T10:43:59.019+01:00</time>
      <extensions>
        <activity type="IN_VEHICLE" conf="96" state="moving" tsMs="1774691036912"/>
        <radio op="vodafone IT" rat="LTE" rsrp="-108" rsrq="-15"/>
        <radio op="I TIM" rat="LTE" rsrp="-112" rsrq="-14"/>
      </extensions>
    </trkpt>
    <trkpt lat="45.6963628" lon="10.6716423">
      <ele>174.0</ele>
      <time>2026-03-28T10:44:09.019+01:00</time>
      <extensions>
        <activity type="IN_VEHICLE" conf="97" state="moving" tsMs="1774691047610"/>
        <radio op="vodafone IT" rat="LTE" q="45.00" rsrp="-95" sinr="10" rsrq="-12"/>
        <radio op="I TIM" rat="LTE" rsrp="-105" rsrq="-13"/>
      </extensions>
    </trkpt>
    <trkpt lat="45.69739" lon="10.6731489">
      <ele>179.0</ele>
      <time>2026-03-28T10:44:20.019+01:00</time>
      <extensions>
        <activity type="IN_VEHICLE" conf="96" state="moving" tsMs="1774691058295"/>
        <radio op="vodafone IT" rat="LTE" rsrp="-104" rsrq="-17"/>
        <radio op="I TIM" rat="LTE" q="22.50" rsrp="-100" sinr="4" rsrq="-11"/>
      </extensions>
    </trkpt>
    <trkpt lat="45.6983453" lon="10.6746686">
      <ele>185.0</ele>
      <time>2026-03-28T10:44:30.019+01:00</time>
      <extensions>
        <activity type="IN_VEHICLE" conf="97" state="moving" tsMs="1774691069020"/>
        <radio op="vodafone IT" rat="LTE" rsrp="-106" rsrq="-16"/>
        <radio op="I TIM" rat="LTE" q="13.60" rsrp="-108" sinr="3" rsrq="-11"/>
      </extensions>
    </trkpt>
    <trkpt lat="45.6993523" lon="10.6762322">
      <ele>192.0</ele>
      <time>2026-03-28T10:44:40.019+01:00</time>
      <extensions>
        <activity type="IN_VEHICLE" conf="97" state="moving" tsMs="1774691079721"/>
        <radio op="vodafone IT" rat="LTE" rsrp="-106" rsrq="-17"/>
        <radio op="I TIM" rat="LTE" rsrp="-105" rsrq="-13"/>
      </extensions>
    </trkpt>
    <trkpt lat="45.7002668" lon="10.6776275">
      <ele>197.0</ele>
      <time>2026-03-28T10:44:50.019+01:00</time>
      <extensions>
        <activity type="IN_VEHICLE" conf="97" state="moving" tsMs="1774691090387"/>
        <radio op="vodafone IT" rat="LTE" rsrp="-98" rsrq="-9"/>
        <radio op="I TIM" rat="LTE" q="10.00" rsrp="-105" sinr="0" rsrq="-12"/>
      </extensions>
    </trkpt>
    <trkpt lat="45.7014307" lon="10.6787785">
      <ele>203.0</ele>
      <time>2026-03-28T10:45:00.019+01:00</time>
      <extensions>
        <activity type="IN_VEHICLE" conf="96" state="moving" tsMs="1774691095750"/>
        <radio op="vodafone IT" rat="LTE" q="14.70" rsrp="-104" sinr="2" rsrq="-12"/>
        <radio op="I TIM" rat="LTE" q="30.80" rsrp="-103" sinr="9" rsrq="-11"/>
      </extensions>
    </trkpt>
    <trkpt lat="45.7023145" lon="10.6802601">
      <ele>208.0</ele>
      <time>2026-03-28T10:45:10.019+01:00</time>
      <extensions>
        <activity type="IN_VEHICLE" conf="97" state="moving" tsMs="1774691106390"/>
        <radio op="vodafone IT" rat="LTE" q="14.00" rsrp="-105" sinr="2" rsrq="-13"/>
        <radio op="I TIM" rat="LTE" q="14.40" rsrp="-101" sinr="1" rsrq="-10"/>
      </extensions>
    </trkpt>
    <trkpt lat="45.7031813" lon="10.6814191">
      <ele>211.0</ele>
      <time>2026-03-28T10:45:20.019+01:00</time>
      <extensions>
        <activity type="IN_VEHICLE" conf="98" state="moving" tsMs="1774691117036"/>
        <radio op="vodafone IT" rat="LTE" rsrp="-99" rsrq="-11"/>
        <radio op="I TIM" rat="LTE" q="12.00" rsrp="-105" sinr="1" rsrq="-13"/>
      </extensions>
    </trkpt>
    <trkpt lat="45.7037466" lon="10.6833245">
      <ele>215.0</ele>
      <time>2026-03-28T10:45:31.02+01:00</time>
      <extensions>
        <activity type="IN_VEHICLE" conf="98" state="moving" tsMs="1774691127697"/>
        <radio op="vodafone IT" rat="LTE" rsrp="-71" rsrq="-16"/>
        <radio op="I TIM" rat="LTE" rsrp="-119" rsrq="-18"/>
      </extensions>
    </trkpt>
    <trkpt lat="45.7044101" lon="10.6846783">
      <ele>219.0</ele>
      <time>2026-03-28T10:45:41.019+01:00</time>
      <extensions>
        <activity type="IN_VEHICLE" conf="97" state="moving" tsMs="1774691138420"/>
        <radio op="vodafone IT" rat="LTE" rsrp="-98" rsrq="-16"/>
        <radio op="I TIM" rat="LTE" rsrp="-127" rsrq="-17"/>
      </extensions>
    </trkpt>
    <trkpt lat="45.7051947" lon="10.6858429">
      <ele>223.02879817986943</ele>
      <time>2026-03-28T10:45:51.019+01:00</time>
      <extensions>
        <activity type="IN_VEHICLE" conf="97" state="moving" tsMs="1774691138420"/>
        <radio op="vodafone IT" rat="LTE" rsrp="-107" rsrq="-17"/>
        <radio op="I TIM" rat="LTE" rsrp="-127" rsrq="-18"/>
      </extensions>
    </trkpt>
    <trkpt lat="45.705854" lon="10.6871005">
      <ele>231.0</ele>
      <time>2026-03-28T10:46:01.019+01:00</time>
      <extensions>
        <activity type="IN_VEHICLE" conf="97" state="moving" tsMs="1774691138420"/>
        <radio op="vodafone IT" rat="LTE" rsrp="-113" rsrq="-17"/>
        <radio op="I TIM" rat="LTE" q="0.00" rsrp="-134" sinr="0" rsrq="-20"/>
      </extensions>
    </trkpt>
    <trkpt lat="45.7067535" lon="10.688881">
      <ele>223.13874067643246</ele>
      <time>2026-03-28T10:46:11.019+01:00</time>
      <extensions>
        <activity type="IN_VEHICLE" conf="97" state="moving" tsMs="1774691144804"/>
        <radio op="vodafone IT" rat="LTE" rsrp="-129" rsrq="-18"/>
        <radio op="I TIM" rat="LTE" rsrp="-132" rsrq="-19"/>
      </extensions>
    </trkpt>
    <trkpt lat="45.7083321" lon="10.6923212">
      <ele>236.8516452007416</ele>
      <time>2026-03-28T10:46:31.019+01:00</time>
      <extensions>
        <activity type="IN_VEHICLE" conf="95" state="moving" tsMs="1774691165498"/>
        <radio op="vodafone IT" rat="LTE" rsrp="-112" rsrq="-11"/>
        <radio op="I TIM" rat="LTE" rsrp="-108" rsrq="-15"/>
      </extensions>
    </trkpt>
    <trkpt lat="45.7087455" lon="10.6940894">
      <ele>234.0</ele>
      <time>2026-03-28T10:46:41.019+01:00</time>
      <extensions>
        <activity type="IN_VEHICLE" conf="97" state="moving" tsMs="1774691199693"/>
        <radio op="vodafone IT" rat="LTE" rsrp="-117" rsrq="-14"/>
        <radio op="I TIM" rat="LTE" rsrp="-107" rsrq="-15"/>
      </extensions>
    </trkpt>
    <trkpt lat="45.7135218" lon="10.7007528">
      <ele>234.0</ele>
      <time>2026-03-28T10:47:42.019+01:00</time>
      <extensions>
        <activity type="IN_VEHICLE" conf="97" state="moving" tsMs="1774691260143"/>
        <radio op="vodafone IT" rat="LTE" q="30.00" rsrp="-95" sinr="5" rsrq="-7"/>
        <radio op="I TIM" rat="LTE" rsrp="-109" rsrq="-17"/>
      </extensions>
    </trkpt>
    <trkpt lat="45.7145117" lon="10.7013782">
      <ele>243.0</ele>
      <time>2026-03-28T10:47:52.019+01:00</time>
      <extensions>
        <activity type="IN_VEHICLE" conf="96" state="moving" tsMs="1774691270837"/>
        <radio op="vodafone IT" rat="LTE" q="11.20" rsrp="-109" sinr="2" rsrq="-12"/>
        <radio op="I TIM" rat="LTE" q="10.20" rsrp="-108" sinr="1" rsrq="-16"/>
      </extensions>
    </trkpt>
    <trkpt lat="45.7155739" lon="10.7021327">
      <ele>252.0</ele>
      <time>2026-03-28T10:48:02.019+01:00</time>
      <extensions>
        <activity type="IN_VEHICLE" conf="97" state="moving" tsMs="1774691281495"/>
        <radio op="vodafone IT" rat="LTE" q="32.50" rsrp="-100" sinr="8" rsrq="-7"/>
        <radio op="I TIM" rat="LTE" q="9.60" rsrp="-109" sinr="1" rsrq="-16"/>
      </extensions>
    </trkpt>
    <trkpt lat="45.7162551" lon="10.7025418">
      <ele>257.0</ele>
      <time>2026-03-28T10:48:12.019+01:00</time>
      <extensions>
        <activity type="IN_VEHICLE" conf="97" state="moving" tsMs="1774691292268"/>
        <radio op="vodafone IT" rat="LTE" q="16.80" rsrp="-104" sinr="3" rsrq="-12"/>
        <radio op="I TIM" rat="LTE" q="15.20" rsrp="-106" sinr="3" rsrq="-13"/>
      </extensions>
    </trkpt>
    <trkpt lat="45.7164099" lon="10.702657">
      <ele>257.0</ele>
      <time>2026-03-28T10:48:22.019+01:00</time>
      <extensions>
        <activity type="IN_VEHICLE" conf="97" state="moving" tsMs="1774691302946"/>
        <radio op="vodafone IT" rat="LTE" q="19.20" rsrp="-101" sinr="3" rsrq="-10"/>
        <radio op="I TIM" rat="LTE" rsrp="-108" rsrq="-14"/>
      </extensions>
    </trkpt>
    <trkpt lat="45.7164123" lon="10.702656">
      <ele>258.0</ele>
      <time>2026-03-28T10:48:33.019+01:00</time>
      <extensions>
        <activity type="IN_VEHICLE" conf="97" state="moving" tsMs="1774691308265"/>
        <radio op="vodafone IT" rat="LTE" q="26.40" rsrp="-101" sinr="6" rsrq="-11"/>
        <radio op="I TIM" rat="LTE" rsrp="-108" rsrq="-14"/>
      </extensions>
    </trkpt>
    <trkpt lat="45.7164121" lon="10.7026506">
      <ele>258.0</ele>
      <time>2026-03-28T10:48:43.02+01:00</time>
      <extensions>
        <activity type="IN_VEHICLE" conf="96" state="moving" tsMs="1774691319028"/>
        <radio op="vodafone IT" rat="LTE" q="23.00" rsrp="-102" sinr="5" rsrq="-9"/>
        <radio op="I TIM" rat="LTE" rsrp="-108" rsrq="-16"/>
      </extensions>
    </trkpt>
    <trkpt lat="45.7164143" lon="10.7026477">
      <ele>257.0</ele>
      <time>2026-03-28T10:48:53.019+01:00</time>
      <extensions>
        <activity type="IN_VEHICLE" conf="96" state="moving" tsMs="1774691329711"/>
        <radio op="vodafone IT" rat="LTE" q="24.00" rsrp="-101" sinr="5" rsrq="-9"/>
        <radio op="I TIM" rat="LTE" rsrp="-109" rsrq="-15"/>
      </extensions>
    </trkpt>
    <trkpt lat="45.7164154" lon="10.702649">
      <ele>256.0</ele>
      <time>2026-03-28T10:49:03.018+01:00</time>
      <extensions>
        <activity type="IN_VEHICLE" conf="97" state="moving" tsMs="1774691340383"/>
        <radio op="vodafone IT" rat="LTE" q="37.50" rsrp="-100" sinr="10" rsrq="-7"/>
        <radio op="I TIM" rat="LTE" rsrp="-110" rsrq="-16"/>
      </extensions>
    </trkpt>
    <trkpt lat="45.7164387" lon="10.7026615">
      <ele>256.0</ele>
      <time>2026-03-28T10:49:13.018+01:00</time>
      <extensions>
        <activity type="IN_VEHICLE" conf="96" state="moving" tsMs="1774691351025"/>
        <radio op="vodafone IT" rat="LTE" q="20.00" rsrp="-105" sinr="5" rsrq="-10"/>
        <radio op="I TIM" rat="LTE" rsrp="-111" rsrq="-16"/>
      </extensions>
    </trkpt>
    <trkpt lat="45.7169353" lon="10.7029726">
      <ele>256.0</ele>
      <time>2026-03-28T10:49:23.018+01:00</time>
      <extensions>
        <activity type="IN_VEHICLE" conf="97" state="moving" tsMs="1774691361698"/>
        <radio op="vodafone IT" rat="LTE" rsrp="-109" rsrq="-12"/>
        <radio op="I TIM" rat="LTE" rsrp="-108" rsrq="-14"/>
      </extensions>
    </trkpt>
    <trkpt lat="45.7177785" lon="10.7035052">
      <ele>260.0</ele>
      <time>2026-03-28T10:49:33.018+01:00</time>
      <extensions>
        <activity type="IN_VEHICLE" conf="96" state="moving" tsMs="1774691372373"/>
        <radio op="vodafone IT" rat="LTE" q="28.80" rsrp="-101" sinr="7" rsrq="-8"/>
        <radio op="I TIM" rat="LTE" rsrp="-107" rsrq="-13"/>
      </extensions>
    </trkpt>
    <trkpt lat="45.7185257" lon="10.7044653">
      <ele>266.0</ele>
      <time>2026-03-28T10:49:43.018+01:00</time>
      <extensions>
        <activity type="IN_VEHICLE" conf="98" state="moving" tsMs="1774691383003"/>
        <radio op="vodafone IT" rat="LTE" q="24.00" rsrp="-101" sinr="5" rsrq="-13"/>
        <radio op="I TIM" rat="LTE" rsrp="-108" rsrq="-15"/>
      </extensions>
    </trkpt>
    <trkpt lat="45.7191724" lon="10.7057223">
      <ele>271.0</ele>
      <time>2026-03-28T10:49:53.018+01:00</time>
      <extensions>
        <activity type="IN_VEHICLE" conf="96" state="moving" tsMs="1774691393676"/>
        <radio op="vodafone IT" rat="LTE" rsrp="-112" rsrq="-15"/>
        <radio op="I TIM" rat="LTE" rsrp="-103" rsrq="-12"/>
      </extensions>
    </trkpt>
    <trkpt lat="45.7201639" lon="10.7066651">
      <ele>277.0</ele>
      <time>2026-03-28T10:50:04.018+01:00</time>
      <extensions>
        <activity type="IN_VEHICLE" conf="97" state="moving" tsMs="1774691399005"/>
        <radio op="vodafone IT" rat="LTE" q="32.50" rsrp="-100" sinr="8" rsrq="-10"/>
        <radio op="I TIM" rat="LTE" rsrp="-105" rsrq="-11"/>
      </extensions>
    </trkpt>
    <trkpt lat="45.7211504" lon="10.7075539">
      <ele>286.0</ele>
      <time>2026-03-28T10:50:14.018+01:00</time>
      <extensions>
        <activity type="IN_VEHICLE" conf="93" state="moving" tsMs="1774691404327"/>
        <radio op="vodafone IT" rat="LTE" q="22.00" rsrp="-103" sinr="5" rsrq="-11"/>
        <radio op="I TIM" rat="LTE" rsrp="-110" rsrq="-14"/>
      </extensions>
    </trkpt>
    <trkpt lat="45.7222149" lon="10.7082751">
      <ele>296.0</ele>
      <time>2026-03-28T10:50:24.019+01:00</time>
      <extensions>
        <activity type="IN_VEHICLE" conf="93" state="moving" tsMs="1774691404327"/>
        <radio op="vodafone IT" rat="LTE" q="33.00" rsrp="-103" sinr="10" rsrq="-8"/>
        <radio op="I TIM" rat="LTE" rsrp="-110" rsrq="-13"/>
      </extensions>
    </trkpt>
    <trkpt lat="45.7232892" lon="10.7083516">
      <ele>305.0</ele>
      <time>2026-03-28T10:50:34.019+01:00</time>
      <extensions>
        <activity type="IN_VEHICLE" conf="96" state="moving" tsMs="1774691430418"/>
        <radio op="vodafone IT" rat="LTE" q="30.00" rsrp="-100" sinr="7" rsrq="-8"/>
        <radio op="I TIM" rat="LTE" rsrp="-104" rsrq="-9"/>
      </extensions>
    </trkpt>
    <trkpt lat="45.7236207" lon="10.7092902">
      <ele>312.0</ele>
      <time>2026-03-28T10:50:44.018+01:00</time>
      <extensions>
        <activity type="IN_VEHICLE" conf="97" state="moving" tsMs="1774691441062"/>
        <radio op="vodafone IT" rat="LTE" q="10.50" rsrp="-104" sinr="0" rsrq="-14"/>
        <radio op="I TIM" rat="LTE" rsrp="-116" rsrq="-14"/>
      </extensions>
    </trkpt>
    <trkpt lat="45.7241904" lon="10.7103619">
      <ele>318.0</ele>
      <time>2026-03-28T10:50:54.019+01:00</time>
      <extensions>
        <activity type="IN_VEHICLE" conf="96" state="moving" tsMs="1774691451780"/>
        <radio op="vodafone IT" rat="LTE" q="32.40" rsrp="-98" sinr="7" rsrq="-14"/>
        <radio op="I TIM" rat="LTE" rsrp="-104" rsrq="-15"/>
      </extensions>
    </trkpt>
    <trkpt lat="45.7248966" lon="10.7114381">
      <ele>327.0</ele>
      <time>2026-03-28T10:51:04.018+01:00</time>
      <extensions>
        <activity type="IN_VEHICLE" conf="98" state="moving" tsMs="1774691462463"/>
        <radio op="vodafone IT" rat="LTE" rsrp="-108" rsrq="-20"/>
        <radio op="I TIM" rat="LTE" rsrp="-108" rsrq="-17"/>
      </extensions>
    </trkpt>
    <trkpt lat="45.7255368" lon="10.7125451">
      <ele>335.0</ele>
      <time>2026-03-28T10:51:14.018+01:00</time>
      <extensions>
        <activity type="IN_VEHICLE" conf="84" state="moving" tsMs="1774691473165"/>
        <radio op="vodafone IT" rat="LTE" rsrp="-103" rsrq="-16"/>
        <radio op="I TIM" rat="LTE" q="14.40" rsrp="-109" sinr="4" rsrq="-12"/>
      </extensions>
    </trkpt>
    <trkpt lat="45.7260107" lon="10.7132011">
      <ele>341.0</ele>
      <time>2026-03-28T10:51:24.018+01:00</time>
      <extensions>
        <activity type="IN_VEHICLE" conf="96" state="moving" tsMs="1774691483906"/>
        <radio op="vodafone IT" rat="LTE" rsrp="-92" rsrq="-12"/>
        <radio op="I TIM" rat="LTE" rsrp="-108" rsrq="-11"/>
      </extensions>
    </trkpt>
    <trkpt lat="45.7269515" lon="10.7138469">
      <ele>345.0</ele>
      <time>2026-03-28T10:51:35.018+01:00</time>
      <extensions>
        <activity type="IN_VEHICLE" conf="97" state="moving" tsMs="1774691494605"/>
        <radio op="vodafone IT" rat="LTE" q="59.50" rsrp="-90" sinr="12" rsrq="-7"/>
        <radio op="I TIM" rat="LTE" q="21.00" rsrp="-104" sinr="5" rsrq="-11"/>
      </extensions>
    </trkpt>
    <trkpt lat="45.7272298" lon="10.7138266">
      <ele>346.0</ele>
      <time>2026-03-28T10:51:45.019+01:00</time>
      <extensions>
        <activity type="IN_VEHICLE" conf="97" state="moving" tsMs="1774691505226"/>
        <radio op="vodafone IT" rat="LTE" q="58.50" rsrp="-86" sinr="10" rsrq="-6"/>
        <radio op="I TIM" rat="LTE" q="23.20" rsrp="-96" sinr="3" rsrq="-11"/>
      </extensions>
    </trkpt>
    <trkpt lat="45.7272264" lon="10.7138226">
      <ele>346.0</ele>
      <time>2026-03-28T10:51:55.018+01:00</time>
      <extensions>
        <activity type="IN_VEHICLE" conf="96" state="moving" tsMs="1774691510594"/>
        <radio op="vodafone IT" rat="LTE" q="49.40" rsrp="-87" sinr="8" rsrq="-6"/>
        <radio op="I TIM" rat="LTE" q="29.00" rsrp="-96" sinr="5" rsrq="-11"/>
      </extensions>
    </trkpt>
    <trkpt lat="45.7272219" lon="10.7138187">
      <ele>346.0</ele>
      <time>2026-03-28T10:52:05.018+01:00</time>
      <extensions>
        <activity type="IN_VEHICLE" conf="96" state="moving" tsMs="1774691521270"/>
        <radio op="vodafone IT" rat="LTE" q="27.30" rsrp="-86" sinr="2" rsrq="-6"/>
        <radio op="I TIM" rat="LTE" q="16.80" rsrp="-97" sinr="1" rsrq="-11"/>
      </extensions>
    </trkpt>
    <trkpt lat="45.7272188" lon="10.7138134">
      <ele>346.0</ele>
      <time>2026-03-28T10:52:15.018+01:00</time>
      <extensions>
        <activity type="IN_VEHICLE" conf="96" state="moving" tsMs="1774691531979"/>
        <radio op="vodafone IT" rat="LTE" q="41.80" rsrp="-87" sinr="6" rsrq="-8"/>
        <radio op="I TIM" rat="LTE" q="16.80" rsrp="-97" sinr="1" rsrq="-11"/>
      </extensions>
    </trkpt>
    <trkpt lat="45.7272196" lon="10.7138123">
      <ele>346.0</ele>
      <time>2026-03-28T10:52:25.018+01:00</time>
      <extensions>
        <activity type="IN_VEHICLE" conf="91" state="moving" tsMs="1774691542665"/>
        <radio op="vodafone IT" rat="LTE" q="42.90" rsrp="-86" sinr="6" rsrq="-7"/>
        <radio op="I TIM" rat="LTE" q="17.40" rsrp="-96" sinr="1" rsrq="-10"/>
      </extensions>
    </trkpt>
    <trkpt lat="45.7272193" lon="10.7138129">
      <ele>346.0</ele>
      <time>2026-03-28T10:52:35.019+01:00</time>
      <extensions>
        <activity type="IN_VEHICLE" conf="91" state="moving" tsMs="1774691553363"/>
        <radio op="vodafone IT" rat="LTE" q="58.50" rsrp="-86" sinr="10" rsrq="-5"/>
        <radio op="I TIM" rat="LTE" q="21.00" rsrp="-95" sinr="2" rsrq="-11"/>
      </extensions>
    </trkpt>
    <trkpt lat="45.7272194" lon="10.7138134">
      <ele>346.0</ele>
      <time>2026-03-28T10:52:45.018+01:00</time>
      <extensions>
        <activity type="IN_VEHICLE" conf="96" state="moving" tsMs="1774691563981"/>
        <radio op="vodafone IT" rat="LTE" q="57.00" rsrp="-87" sinr="10" rsrq="-8"/>
        <radio op="I TIM" rat="LTE" q="21.00" rsrp="-95" sinr="2" rsrq="-9"/>
      </extensions>
    </trkpt>
    <trkpt lat="45.7272195" lon="10.7138131">
      <ele>347.0</ele>
      <time>2026-03-28T10:52:55.018+01:00</time>
      <extensions>
        <activity type="IN_VEHICLE" conf="96" state="moving" tsMs="1774691574655"/>
        <radio op="vodafone IT" rat="LTE" q="27.30" rsrp="-86" sinr="2" rsrq="-7"/>
        <radio op="I TIM" rat="LTE" q="16.80" rsrp="-97" sinr="1" rsrq="-10"/>
      </extensions>
    </trkpt>
    <trkpt lat="45.7272197" lon="10.7138135">
      <ele>347.0</ele>
      <time>2026-03-28T10:53:05.018+01:00</time>
      <extensions>
        <activity type="IN_VEHICLE" conf="95" state="moving" tsMs="1774691585330"/>
        <radio op="vodafone IT" rat="LTE" q="50.70" rsrp="-86" sinr="8" rsrq="-8"/>
        <radio op="I TIM" rat="LTE" q="25.20" rsrp="-97" sinr="4" rsrq="-12"/>
      </extensions>
    </trkpt>
    <trkpt lat="45.72722" lon="10.7138129">
      <ele>346.0</ele>
      <time>2026-03-28T10:53:16.018+01:00</time>
      <extensions>
        <activity type="IN_VEHICLE" conf="96" state="moving" tsMs="1774691596036"/>
        <radio op="vodafone IT" rat="LTE" q="56.00" rsrp="-85" sinr="9" rsrq="-5"/>
        <radio op="I TIM" rat="LTE" q="22.40" rsrp="-97" sinr="3" rsrq="-12"/>
      </extensions>
    </trkpt>
    <trkpt lat="45.7272197" lon="10.7138134">
      <ele>346.0</ele>
      <time>2026-03-28T10:53:26.018+01:00</time>
      <extensions>
        <activity type="IN_VEHICLE" conf="96" state="moving" tsMs="1774691601357"/>
        <radio op="vodafone IT" rat="LTE" q="54.60" rsrp="-86" sinr="9" rsrq="-7"/>
        <radio op="I TIM" rat="LTE" q="23.20" rsrp="-96" sinr="3" rsrq="-10"/>
      </extensions>
    </trkpt>
    <trkpt lat="45.7272201" lon="10.7138132">
      <ele>346.0</ele>
      <time>2026-03-28T10:53:36.018+01:00</time>
      <extensions>
        <activity type="IN_VEHICLE" conf="96" state="moving" tsMs="1774691612037"/>
        <radio op="vodafone IT" rat="LTE" q="50.70" rsrp="-86" sinr="8" rsrq="-6"/>
        <radio op="I TIM" rat="LTE" q="19.60" rsrp="-97" sinr="2" rsrq="-13"/>
      </extensions>
    </trkpt>
    <trkpt lat="45.7272192" lon="10.7137969">
      <ele>346.0</ele>
      <time>2026-03-28T10:53:46.018+01:00</time>
      <extensions>
        <activity type="TILTING" conf="100" state="moving" tsMs="1774691625476"/>
        <radio op="vodafone IT" rat="LTE" q="13.00" rsrp="-99" sinr="0" rsrq="-10"/>
        <radio op="I TIM" rat="LTE" rsrp="-102" rsrq="-14"/>
      </extensions>
    </trkpt>
    <trkpt lat="45.7272192" lon="10.7137969">
      <ele>346.0</ele>
      <time>2026-03-28T10:53:56.018+01:00</time>
      <extensions>
        <activity type="TILTING" conf="100" state="moving" tsMs="1774691625476"/>
        <radio op="vodafone IT" rat="LTE" q="16.80" rsrp="-97" sinr="1" rsrq="-10"/>
        <radio op="I TIM" rat="LTE" q="15.00" rsrp="-100" sinr="1" rsrq="-15"/>
      </extensions>
    </trkpt>
    <trkpt lat="45.7272192" lon="10.7137969">
      <ele>346.0</ele>
      <time>2026-03-28T10:54:06.018+01:00</time>
      <extensions>
        <activity type="UNKNOWN" conf="40" state="unknown" tsMs="1774691628971"/>
        <radio op="vodafone IT" rat="LTE" q="18.20" rsrp="-99" sinr="2" rsrq="-8"/>
        <radio op="I TIM" rat="LTE" q="19.80" rsrp="-103" sinr="4" rsrq="-12"/>
      </extensions>
    </trkpt>
    <trkpt lat="45.7272192" lon="10.7137969">
      <ele>346.0</ele>
      <time>2026-03-28T10:54:16.018+01:00</time>
      <extensions>
        <activity type="UNKNOWN" conf="40" state="unknown" tsMs="1774691656333"/>
        <radio op="vodafone IT" rat="LTE" q="17.50" rsrp="-100" sinr="2" rsrq="-9"/>
        <radio op="I TIM" rat="LTE" q="11.00" rsrp="-103" sinr="0" rsrq="-14"/>
      </extensions>
    </trkpt>
    <trkpt lat="45.7272192" lon="10.7137969">
      <ele>346.0</ele>
      <time>2026-03-28T10:54:26.018+01:00</time>
      <extensions>
        <activity type="UNKNOWN" conf="40" state="unknown" tsMs="1774691661666"/>
        <radio op="vodafone IT" rat="LTE" q="18.20" rsrp="-99" sinr="2" rsrq="-9"/>
        <radio op="I TIM" rat="LTE" rsrp="-102" rsrq="-13"/>
      </extensions>
    </trkpt>
    <trkpt lat="45.7272192" lon="10.7137969">
      <ele>346.0</ele>
      <time>2026-03-28T10:54:37.018+01:00</time>
      <extensions>
        <activity type="UNKNOWN" conf="40" state="unknown" tsMs="1774691672393"/>
        <radio op="vodafone IT" rat="LTE" q="13.50" rsrp="-98" sinr="0" rsrq="-9"/>
        <radio op="I TIM" rat="LTE" q="15.40" rsrp="-103" sinr="2" rsrq="-15"/>
      </extensions>
    </trkpt>
    <trkpt lat="45.7272192" lon="10.7137969">
      <ele>346.0</ele>
      <time>2026-03-28T10:54:47.018+01:00</time>
      <extensions>
        <activity type="UNKNOWN" conf="40" state="unknown" tsMs="1774691683094"/>
        <radio op="vodafone IT" rat="LTE" q="16.80" rsrp="-101" sinr="2" rsrq="-12"/>
        <radio op="I TIM" rat="LTE" q="17.10" rsrp="-106" sinr="4" rsrq="-13"/>
      </extensions>
    </trkpt>
    <trkpt lat="45.7272192" lon="10.7137969">
      <ele>346.0</ele>
      <time>2026-03-28T10:54:57.018+01:00</time>
      <extensions>
        <activity type="UNKNOWN" conf="40" state="unknown" tsMs="1774691693819"/>
        <radio op="vodafone IT" rat="LTE" q="20.00" rsrp="-100" sinr="3" rsrq="-9"/>
        <radio op="I TIM" rat="LTE" q="15.20" rsrp="-106" sinr="3" rsrq="-14"/>
      </extensions>
    </trkpt>
    <trkpt lat="45.7272192" lon="10.7137969">
      <ele>346.0</ele>
      <time>2026-03-28T10:55:07.018+01:00</time>
      <extensions>
        <activity type="UNKNOWN" conf="40" state="unknown" tsMs="1774691704507"/>
        <radio op="vodafone IT" rat="LTE" rsrp="-102" rsrq="-14"/>
        <radio op="I TIM" rat="LTE" q="16.20" rsrp="-107" sinr="4" rsrq="-14"/>
      </extensions>
    </trkpt>
    <trkpt lat="45.7272192" lon="10.7137969">
      <ele>346.0</ele>
      <time>2026-03-28T10:55:17.018+01:00</time>
      <extensions>
        <activity type="UNKNOWN" conf="40" state="unknown" tsMs="1774691715174"/>
        <radio op="vodafone IT" rat="LTE" q="12.00" rsrp="-101" sinr="0" rsrq="-12"/>
        <radio op="I TIM" rat="LTE" q="13.30" rsrp="-106" sinr="2" rsrq="-13"/>
      </extensions>
    </trkpt>
    <trkpt lat="45.7272192" lon="10.7137969">
      <ele>346.0</ele>
      <time>2026-03-28T10:55:27.019+01:00</time>
      <extensions>
        <activity type="UNKNOWN" conf="40" state="unknown" tsMs="1774691725848"/>
        <radio op="vodafone IT" rat="LTE" q="20.80" rsrp="-99" sinr="3" rsrq="-11"/>
        <radio op="I TIM" rat="LTE" q="17.60" rsrp="-103" sinr="3" rsrq="-13"/>
      </extensions>
    </trkpt>
    <trkpt lat="45.7272192" lon="10.7137969">
      <ele>346.0</ele>
      <time>2026-03-28T10:55:37.019+01:00</time>
      <extensions>
        <activity type="IN_VEHICLE" conf="81" state="moving" tsMs="1774691736515"/>
        <radio op="vodafone IT" rat="LTE" q="18.20" rsrp="-99" sinr="2" rsrq="-11"/>
        <radio op="I TIM" rat="LTE" rsrp="-103" rsrq="-14"/>
      </extensions>
    </trkpt>
    <trkpt lat="45.7272192" lon="10.7137969">
      <ele>346.0</ele>
      <time>2026-03-28T10:55:47.018+01:00</time>
      <extensions>
        <activity type="STILL" conf="99" state="still" tsMs="1774691747219"/>
        <radio op="vodafone IT" rat="LTE" q="20.80" rsrp="-99" sinr="3" rsrq="-10"/>
        <radio op="I TIM" rat="LTE" q="18.40" rsrp="-102" sinr="3" rsrq="-10"/>
      </extensions>
    </trkpt>
    <trkpt lat="45.7272192" lon="10.7137969">
      <ele>346.0</ele>
      <time>2026-03-28T10:55:58.019+01:00</time>
      <extensions>
        <activity type="STILL" conf="51" state="still" tsMs="1774691757900"/>
        <radio op="vodafone IT" rat="LTE" rsrp="-102" rsrq="-12"/>
        <radio op="I TIM" rat="LTE" rsrp="-106" rsrq="-14"/>
      </extensions>
    </trkpt>
    <trkpt lat="45.7272192" lon="10.7137969">
      <ele>346.0</ele>
      <time>2026-03-28T10:56:08.018+01:00</time>
      <extensions>
        <activity type="UNKNOWN" conf="40" state="unknown" tsMs="1774691763241"/>
        <radio op="vodafone IT" rat="LTE" q="12.00" rsrp="-101" sinr="0" rsrq="-11"/>
        <radio op="I TIM" rat="LTE" q="18.90" rsrp="-104" sinr="4" rsrq="-13"/>
      </extensions>
    </trkpt>
    <trkpt lat="45.7272192" lon="10.7137969">
      <ele>346.0</ele>
      <time>2026-03-28T10:56:18.018+01:00</time>
      <extensions>
        <activity type="UNKNOWN" conf="40" state="unknown" tsMs="1774691773993"/>
        <radio op="vodafone IT" rat="LTE" rsrp="-101" rsrq="-13"/>
        <radio op="I TIM" rat="LTE" q="12.60" rsrp="-107" sinr="2" rsrq="-13"/>
      </extensions>
    </trkpt>
    <trkpt lat="45.7272192" lon="10.7137969">
      <ele>346.0</ele>
      <time>2026-03-28T10:56:28.018+01:00</time>
      <extensions>
        <activity type="IN_VEHICLE" conf="87" state="moving" tsMs="1774691784746"/>
        <radio op="vodafone IT" rat="LTE" q="27.00" rsrp="-95" sinr="4" rsrq="-8"/>
        <radio op="I TIM" rat="LTE" rsrp="-104" rsrq="-13"/>
      </extensions>
    </trkpt>
    <trkpt lat="45.7272192" lon="10.7137969">
      <ele>346.0</ele>
      <time>2026-03-28T10:56:38.018+01:00</time>
      <extensions>
        <activity type="IN_VEHICLE" conf="88" state="moving" tsMs="1774691794480"/>
        <radio op="vodafone IT" rat="LTE" q="57.00" rsrp="-87" sinr="10" rsrq="-6"/>
        <radio op="I TIM" rat="LTE" q="26.10" rsrp="-96" sinr="4" rsrq="-11"/>
      </extensions>
    </trkpt>
    <trkpt lat="45.7272192" lon="10.7137969">
      <ele>346.0</ele>
      <time>2026-03-28T10:56:48.018+01:00</time>
      <extensions>
        <activity type="IN_VEHICLE" conf="93" state="moving" tsMs="1774691804970"/>
        <radio op="vodafone IT" rat="LTE" q="40.70" rsrp="-88" sinr="6" rsrq="-7"/>
        <radio op="I TIM" rat="LTE" q="14.00" rsrp="-97" sinr="0" rsrq="-12"/>
      </extensions>
    </trkpt>
    <trkpt lat="45.7272192" lon="10.7137969">
      <ele>346.0</ele>
      <time>2026-03-28T10:56:58.018+01:00</time>
      <extensions>
        <activity type="IN_VEHICLE" conf="93" state="moving" tsMs="1774691815635"/>
        <radio op="vodafone IT" rat="LTE" q="49.40" rsrp="-87" sinr="8" rsrq="-9"/>
        <radio op="I TIM" rat="LTE" q="26.10" rsrp="-96" sinr="4" rsrq="-11"/>
      </extensions>
    </trkpt>
    <trkpt lat="45.7272192" lon="10.7137969">
      <ele>346.0</ele>
      <time>2026-03-28T10:57:08.018+01:00</time>
      <extensions>
        <activity type="IN_VEHICLE" conf="94" state="moving" tsMs="1774691826323"/>
        <radio op="vodafone IT" rat="LTE" q="54.60" rsrp="-86" sinr="9" rsrq="-10"/>
        <radio op="I TIM" rat="LTE" q="14.00" rsrp="-97" sinr="0" rsrq="-10"/>
      </extensions>
    </trkpt>
    <trkpt lat="45.7272156" lon="10.7137986">
      <ele>346.0</ele>
      <time>2026-03-28T10:57:19.018+01:00</time>
      <extensions>
        <activity type="TILTING" conf="100" state="moving" tsMs="1774691832056"/>
        <radio op="vodafone IT" rat="LTE" q="23.40" rsrp="-99" sinr="4" rsrq="-8"/>
        <radio op="I TIM" rat="LTE" q="13.80" rsrp="-102" sinr="1" rsrq="-15"/>
      </extensions>
    </trkpt>
    <trkpt lat="45.7272156" lon="10.7137986">
      <ele>346.0</ele>
      <time>2026-03-28T10:57:29.018+01:00</time>
      <extensions>
        <activity type="TILTING" conf="100" state="moving" tsMs="1774691832056"/>
        <radio op="vodafone IT" rat="LTE" q="20.80" rsrp="-99" sinr="3" rsrq="-8"/>
        <radio op="I TIM" rat="LTE" q="18.40" rsrp="-102" sinr="3" rsrq="-12"/>
      </extensions>
    </trkpt>
    <trkpt lat="45.7272156" lon="10.7137986">
      <ele>346.0</ele>
      <time>2026-03-28T10:57:39.018+01:00</time>
      <extensions>
        <activity type="UNKNOWN" conf="40" state="unknown" tsMs="1774691857507"/>
        <radio op="vodafone IT" rat="LTE" q="14.40" rsrp="-101" sinr="1" rsrq="-11"/>
        <radio op="I TIM" rat="LTE" q="18.40" rsrp="-102" sinr="3" rsrq="-12"/>
      </extensions>
    </trkpt>
    <trkpt lat="45.7272156" lon="10.7137986">
      <ele>346.0</ele>
      <time>2026-03-28T10:57:49.019+01:00</time>
      <extensions>
        <activity type="STILL" conf="60" state="still" tsMs="1774691867707"/>
        <radio op="vodafone IT" rat="LTE" rsrp="-101" rsrq="-9"/>
        <radio op="I TIM" rat="LTE" q="14.40" rsrp="-101" sinr="1" rsrq="-13"/>
      </extensions>
    </trkpt>
    <trkpt lat="45.7272156" lon="10.7137986">
      <ele>346.0</ele>
      <time>2026-03-28T10:57:59.018+01:00</time>
      <extensions>
        <activity type="UNKNOWN" conf="40" state="unknown" tsMs="1774691877875"/>
        <radio op="vodafone IT" rat="LTE" q="19.20" rsrp="-101" sinr="3" rsrq="-13"/>
        <radio op="I TIM" rat="LTE" q="16.80" rsrp="-101" sinr="2" rsrq="-12"/>
      </extensions>
    </trkpt>
    <trkpt lat="45.7272156" lon="10.7137986">
      <ele>346.0</ele>
      <time>2026-03-28T10:58:09.017+01:00</time>
      <extensions>
        <activity type="UNKNOWN" conf="40" state="unknown" tsMs="1774691888070"/>
        <radio op="vodafone IT" rat="LTE" q="23.20" rsrp="-96" sinr="3" rsrq="-10"/>
        <radio op="I TIM" rat="LTE" rsrp="-103" rsrq="-14"/>
      </extensions>
    </trkpt>
    <trkpt lat="45.7272156" lon="10.7137986">
      <ele>346.0</ele>
      <time>2026-03-28T10:58:19.018+01:00</time>
      <extensions>
        <activity type="UNKNOWN" conf="40" state="unknown" tsMs="1774691898785"/>
        <radio op="vodafone IT" rat="LTE" q="13.00" rsrp="-99" sinr="0" rsrq="-12"/>
        <radio op="I TIM" rat="LTE" q="19.20" rsrp="-101" sinr="3" rsrq="-13"/>
      </extensions>
    </trkpt>
    <trkpt lat="45.7272156" lon="10.7137986">
      <ele>346.0</ele>
      <time>2026-03-28T10:58:29.018+01:00</time>
      <extensions>
        <activity type="UNKNOWN" conf="40" state="unknown" tsMs="1774691907895"/>
        <radio op="vodafone IT" rat="LTE" q="50.70" rsrp="-86" sinr="8" rsrq="-10"/>
        <radio op="I TIM" rat="LTE" q="23.40" rsrp="-99" sinr="4" rsrq="-10"/>
      </extensions>
    </trkpt>
    <trkpt lat="45.7272156" lon="10.7137986">
      <ele>346.0</ele>
      <time>2026-03-28T10:58:39.017+01:00</time>
      <extensions>
        <activity type="UNKNOWN" conf="40" state="unknown" tsMs="1774691918060"/>
        <radio op="vodafone IT" rat="LTE" q="44.00" rsrp="-85" sinr="6" rsrq="-6"/>
        <radio op="I TIM" rat="LTE" q="27.00" rsrp="-95" sinr="4" rsrq="-12"/>
      </extensions>
    </trkpt>
    <trkpt lat="45.7272156" lon="10.7137986">
      <ele>346.0</ele>
      <time>2026-03-28T10:58:49.018+01:00</time>
      <extensions>
        <activity type="IN_VEHICLE" conf="83" state="moving" tsMs="1774691928729"/>
        <radio op="vodafone IT" rat="LTE" q="46.80" rsrp="-86" sinr="7" rsrq="-8"/>
        <radio op="I TIM" rat="LTE" q="23.20" rsrp="-96" sinr="3" rsrq="-10"/>
      </extensions>
    </trkpt>
    <trkpt lat="45.7272156" lon="10.7137986">
      <ele>346.0</ele>
      <time>2026-03-28T10:59:00.017+01:00</time>
      <extensions>
        <activity type="IN_VEHICLE" conf="81" state="moving" tsMs="1774691939397"/>
        <radio op="vodafone IT" rat="LTE" q="45.60" rsrp="-87" sinr="7" rsrq="-7"/>
        <radio op="I TIM" rat="LTE" q="17.40" rsrp="-96" sinr="1" rsrq="-12"/>
      </extensions>
    </trkpt>
    <trkpt lat="45.7272156" lon="10.7137986">
      <ele>346.0</ele>
      <time>2026-03-28T10:59:10.017+01:00</time>
      <extensions>
        <activity type="UNKNOWN" conf="40" state="unknown" tsMs="1774691950077"/>
        <radio op="vodafone IT" rat="LTE" q="46.80" rsrp="-86" sinr="7" rsrq="-7"/>
        <radio op="I TIM" rat="LTE" q="25.20" rsrp="-97" sinr="4" rsrq="-11"/>
      </extensions>
    </trkpt>
    <trkpt lat="45.7272156" lon="10.7137986">
      <ele>346.0</ele>
      <time>2026-03-28T10:59:20.017+01:00</time>
      <extensions>
        <activity type="UNKNOWN" conf="40" state="unknown" tsMs="1774691955430"/>
        <radio op="vodafone IT" rat="LTE" q="35.10" rsrp="-86" sinr="4" rsrq="-10"/>
        <radio op="I TIM" rat="LTE" q="20.80" rsrp="-99" sinr="3" rsrq="-12"/>
      </extensions>
    </trkpt>
    <trkpt lat="45.7272156" lon="10.7137986">
      <ele>346.0</ele>
      <time>2026-03-28T10:59:30.017+01:00</time>
      <extensions>
        <activity type="IN_VEHICLE" conf="87" state="moving" tsMs="1774691966149"/>
        <radio op="vodafone IT" rat="LTE" q="42.90" rsrp="-86" sinr="6" rsrq="-8"/>
        <radio op="I TIM" rat="LTE" q="18.90" rsrp="-98" sinr="2" rsrq="-11"/>
      </extensions>
    </trkpt>
    <trkpt lat="45.7272156" lon="10.7137986">
      <ele>346.0</ele>
      <time>2026-03-28T10:59:40.017+01:00</time>
      <extensions>
        <activity type="IN_VEHICLE" conf="85" state="moving" tsMs="1774691976834"/>
        <radio op="vodafone IT" rat="LTE" q="64.00" rsrp="-84" sinr="11" rsrq="-6"/>
        <radio op="I TIM" rat="LTE" q="18.90" rsrp="-98" sinr="2" rsrq="-12"/>
      </extensions>
    </trkpt>
    <trkpt lat="45.7272156" lon="10.7137986">
      <ele>346.0</ele>
      <time>2026-03-28T10:59:50.017+01:00</time>
      <extensions>
        <activity type="IN_VEHICLE" conf="87" state="moving" tsMs="1774691987619"/>
        <radio op="vodafone IT" rat="LTE" q="72.00" rsrp="-85" sinr="13" rsrq="-9"/>
        <radio op="I TIM" rat="LTE" q="29.00" rsrp="-96" sinr="5" rsrq="-10"/>
      </extensions>
    </trkpt>
    <trkpt lat="45.7272386" lon="10.7136719">
      <ele>343.0</ele>
      <time>2026-03-28T11:00:00.017+01:00</time>
      <extensions>
        <activity type="IN_VEHICLE" conf="92" state="moving" tsMs="1774691998318"/>
        <radio op="vodafone IT" rat="LTE" q="15.20" rsrp="-106" sinr="3" rsrq="-11"/>
        <radio op="I TIM" rat="LTE" rsrp="-97" rsrq="-12"/>
      </extensions>
    </trkpt>
    <trkpt lat="45.727673" lon="10.7128613">
      <ele>342.0</ele>
      <time>2026-03-28T11:00:10.018+01:00</time>
      <extensions>
        <activity type="IN_VEHICLE" conf="92" state="moving" tsMs="1774691998318"/>
        <radio op="vodafone IT" rat="LTE" q="17.60" rsrp="-109" sinr="6" rsrq="-9"/>
        <radio op="I TIM" rat="LTE" q="14.40" rsrp="-107" sinr="3" rsrq="-13"/>
      </extensions>
    </trkpt>
    <trkpt lat="45.7286156" lon="10.7121801">
      <ele>342.0</ele>
      <time>2026-03-28T11:00:20.017+01:00</time>
      <extensions>
        <activity type="IN_VEHICLE" conf="97" state="moving" tsMs="1774692016476"/>
        <radio op="vodafone IT" rat="LTE" q="43.20" rsrp="-101" sinr="13" rsrq="-6"/>
        <radio op="I TIM" rat="LTE" q="23.10" rsrp="-104" sinr="6" rsrq="-15"/>
      </extensions>
    </trkpt>
    <trkpt lat="45.7294869" lon="10.7112201">
      <ele>346.0</ele>
      <time>2026-03-28T11:00:30.017+01:00</time>
      <extensions>
        <activity type="IN_VEHICLE" conf="97" state="moving" tsMs="1774692027192"/>
        <radio op="vodafone IT" rat="LTE" q="55.20" rsrp="-102" sinr="19" rsrq="-8"/>
        <radio op="I TIM" rat="LTE" q="31.20" rsrp="-99" sinr="7" rsrq="-10"/>
      </extensions>
    </trkpt>
    <trkpt lat="45.7300103" lon="10.7096957">
      <ele>358.0</ele>
      <time>2026-03-28T11:00:40.017+01:00</time>
      <extensions>
        <activity type="IN_VEHICLE" conf="97" state="moving" tsMs="1774692037860"/>
        <radio op="vodafone IT" rat="LTE" q="60.00" rsrp="-101" sinr="21" rsrq="-6"/>
        <radio op="I TIM" rat="LTE" q="48.60" rsrp="-98" sinr="13" rsrq="-11"/>
      </extensions>
    </trkpt>
    <trkpt lat="45.7302034" lon="10.7082662">
      <ele>353.0</ele>
      <time>2026-03-28T11:00:50.017+01:00</time>
      <extensions>
        <activity type="IN_VEHICLE" conf="96" state="moving" tsMs="1774692048545"/>
        <radio op="vodafone IT" rat="LTE" q="60.00" rsrp="-101" sinr="24" rsrq="-6"/>
        <radio op="I TIM" rat="LTE" q="41.60" rsrp="-99" sinr="11" rsrq="-8"/>
      </extensions>
    </trkpt>
    <trkpt lat="45.7307516" lon="10.7066712">
      <ele>354.0</ele>
      <time>2026-03-28T11:01:01.017+01:00</time>
      <extensions>
        <activity type="IN_VEHICLE" conf="97" state="moving" tsMs="1774692059268"/>
        <radio op="vodafone IT" rat="LTE" q="47.50" rsrp="-106" sinr="23" rsrq="-7"/>
        <radio op="I TIM" rat="LTE" q="44.20" rsrp="-99" sinr="12" rsrq="-6"/>
      </extensions>
    </trkpt>
    <trkpt lat="45.730985" lon="10.7056824">
      <ele>362.0</ele>
      <time>2026-03-28T11:01:11.017+01:00</time>
      <extensions>
        <activity type="IN_VEHICLE" conf="97" state="moving" tsMs="1774692069958"/>
        <radio op="vodafone IT" rat="LTE" q="55.00" rsrp="-103" sinr="23" rsrq="-10"/>
        <radio op="I TIM" rat="LTE" q="38.40" rsrp="-101" sinr="11" rsrq="-11"/>
      </extensions>
    </trkpt>
    <trkpt lat="45.7311865" lon="10.7067607">
      <ele>366.0</ele>
      <time>2026-03-28T11:01:21.018+01:00</time>
      <extensions>
        <activity type="IN_VEHICLE" conf="97" state="moving" tsMs="1774692080630"/>
        <radio op="vodafone IT" rat="LTE" q="43.70" rsrp="-106" sinr="18" rsrq="-7"/>
        <radio op="I TIM" rat="LTE" q="19.20" rsrp="-109" sinr="7" rsrq="-13"/>
      </extensions>
    </trkpt>
    <trkpt lat="45.7311654" lon="10.7079081">
      <ele>373.0</ele>
      <time>2026-03-28T11:01:31.017+01:00</time>
      <extensions>
        <activity type="IN_VEHICLE" conf="96" state="moving" tsMs="1774692091313"/>
        <radio op="vodafone IT" rat="LTE" q="60.00" rsrp="-101" sinr="21" rsrq="-7"/>
        <radio op="I TIM" rat="LTE" q="39.10" rsrp="-102" sinr="12" rsrq="-8"/>
      </extensions>
    </trkpt>
    <trkpt lat="45.7312188" lon="10.7089948">
      <ele>378.0</ele>
      <time>2026-03-28T11:01:41.017+01:00</time>
      <extensions>
        <activity type="IN_VEHICLE" conf="97" state="moving" tsMs="1774692096649"/>
        <radio op="vodafone IT" rat="LTE" q="60.00" rsrp="-100" sinr="19" rsrq="-7"/>
        <radio op="I TIM" rat="LTE" q="67.20" rsrp="-93" sinr="16" rsrq="-8"/>
      </extensions>
    </trkpt>
    <trkpt lat="45.7317467" lon="10.710043">
      <ele>386.0</ele>
      <time>2026-03-28T11:01:51.017+01:00</time>
      <extensions>
        <activity type="IN_VEHICLE" conf="97" state="moving" tsMs="1774692107293"/>
        <radio op="vodafone IT" rat="LTE" q="100.00" rsrp="-85" sinr="28" rsrq="-5"/>
        <radio op="I TIM" rat="LTE" q="28.80" rsrp="-93" sinr="4" rsrq="-12"/>
      </extensions>
    </trkpt>
    <trkpt lat="45.7321301" lon="10.7109157">
      <ele>394.0</ele>
      <time>2026-03-28T11:02:01.017+01:00</time>
      <extensions>
        <activity type="IN_VEHICLE" conf="96" state="moving" tsMs="1774692117940"/>
        <radio op="vodafone IT" rat="LTE" q="68.40" rsrp="-89" sinr="14" rsrq="-6"/>
        <radio op="I TIM" rat="LTE" q="40.70" rsrp="-88" sinr="6" rsrq="-9"/>
      </extensions>
    </trkpt>
    <trkpt lat="45.7314241" lon="10.7117715">
      <ele>402.0</ele>
      <time>2026-03-28T11:02:12.017+01:00</time>
      <extensions>
        <activity type="IN_VEHICLE" conf="97" state="moving" tsMs="1774692128635"/>
        <radio op="vodafone IT" rat="LTE" q="100.00" rsrp="-82" sinr="20" rsrq="-5"/>
        <radio op="I TIM" rat="LTE" q="25.90" rsrp="-88" sinr="2" rsrq="-13"/>
      </extensions>
    </trkpt>
    <trkpt lat="45.7312265" lon="10.7132781">
      <ele>409.0</ele>
      <time>2026-03-28T11:02:22.017+01:00</time>
      <extensions>
        <activity type="IN_VEHICLE" conf="97" state="moving" tsMs="1774692139282"/>
        <radio op="vodafone IT" rat="LTE" q="100.00" rsrp="-77" sinr="25" rsrq="-6"/>
        <radio op="I TIM" rat="LTE" rsrp="-88" rsrq="-14"/>
      </extensions>
    </trkpt>
    <trkpt lat="45.7313361" lon="10.7146903">
      <ele>416.0</ele>
      <time>2026-03-28T11:02:32.017+01:00</time>
      <extensions>
        <activity type="IN_VEHICLE" conf="97" state="moving" tsMs="1774692149915"/>
        <radio op="vodafone IT" rat="LTE" q="100.00" rsrp="-79" sinr="22" rsrq="-7"/>
        <radio op="I TIM" rat="LTE" q="22.80" rsrp="-87" sinr="1" rsrq="-13"/>
      </extensions>
    </trkpt>
    <trkpt lat="45.7313368" lon="10.7160562">
      <ele>423.0</ele>
      <time>2026-03-28T11:02:42.018+01:00</time>
      <extensions>
        <activity type="IN_VEHICLE" conf="97" state="moving" tsMs="1774692160531"/>
        <radio op="vodafone IT" rat="LTE" q="100.00" rsrp="-78" sinr="22" rsrq="-5"/>
        <radio op="I TIM" rat="LTE" rsrp="-83" rsrq="-12"/>
      </extensions>
    </trkpt>
    <trkpt lat="45.7319199" lon="10.7163797">
      <ele>427.0</ele>
      <time>2026-03-28T11:02:52.017+01:00</time>
      <extensions>
        <activity type="IN_VEHICLE" conf="97" state="moving" tsMs="1774692171227"/>
        <radio op="vodafone IT" rat="LTE" q="25.50" rsrp="-108" sinr="10" rsrq="-7"/>
        <radio op="I TIM" rat="LTE" q="14.50" rsrp="-96" sinr="0" rsrq="-15"/>
      </extensions>
    </trkpt>
    <trkpt lat="45.7328577" lon="10.7160822">
      <ele>435.0</ele>
      <time>2026-03-28T11:03:02.017+01:00</time>
      <extensions>
        <activity type="IN_VEHICLE" conf="96" state="moving" tsMs="1774692181998"/>
        <radio op="vodafone IT" rat="LTE" q="9.00" rsrp="-116" sinr="5" rsrq="-9"/>
        <radio op="I TIM" rat="LTE" q="20.00" rsrp="-105" sinr="5" rsrq="-13"/>
      </extensions>
    </trkpt>
    <trkpt lat="45.7337576" lon="10.715357">
      <ele>444.0</ele>
      <time>2026-03-28T11:03:12.017+01:00</time>
      <extensions>
        <activity type="IN_VEHICLE" conf="97" state="moving" tsMs="1774692192759"/>
        <radio op="vodafone IT" rat="LTE" q="11.20" rsrp="-111" sinr="3" rsrq="-10"/>
        <radio op="I TIM" rat="LTE" q="26.60" rsrp="-106" sinr="9" rsrq="-11"/>
      </extensions>
    </trkpt>
    <trkpt lat="45.7345907" lon="10.7147162">
      <ele>450.0</ele>
      <time>2026-03-28T11:03:22.017+01:00</time>
      <extensions>
        <activity type="IN_VEHICLE" conf="96" state="moving" tsMs="1774692198136"/>
        <radio op="vodafone IT" rat="LTE" q="4.80" rsrp="-117" sinr="1" rsrq="-12"/>
        <radio op="I TIM" rat="LTE" q="14.40" rsrp="-109" sinr="4" rsrq="-11"/>
      </extensions>
    </trkpt>
    <trkpt lat="45.7346396" lon="10.7156657">
      <ele>457.0</ele>
      <time>2026-03-28T11:03:32.017+01:00</time>
      <extensions>
        <activity type="IN_VEHICLE" conf="97" state="moving" tsMs="1774692208809"/>
        <radio op="vodafone IT" rat="LTE" rsrp="-115" rsrq="-15"/>
        <radio op="I TIM" rat="LTE" q="11.70" rsrp="-112" sinr="4" rsrq="-14"/>
      </extensions>
    </trkpt>
    <trkpt lat="45.7354006" lon="10.716714">
      <ele>465.0</ele>
      <time>2026-03-28T11:03:43.017+01:00</time>
      <extensions>
        <activity type="IN_VEHICLE" conf="97" state="moving" tsMs="1774692219497"/>
        <radio op="vodafone IT" rat="LTE" rsrp="-110" rsrq="-14"/>
        <radio op="I TIM" rat="LTE" q="24.00" rsrp="-101" sinr="5" rsrq="-12"/>
      </extensions>
    </trkpt>
    <trkpt lat="45.7364433" lon="10.7167944">
      <ele>471.0</ele>
      <time>2026-03-28T11:03:53.017+01:00</time>
      <extensions>
        <activity type="IN_VEHICLE" conf="96" state="moving" tsMs="1774692230180"/>
        <radio op="vodafone IT" rat="LTE" rsrp="-118" rsrq="-17"/>
        <radio op="I TIM" rat="LTE" q="20.40" rsrp="-108" sinr="7" rsrq="-12"/>
      </extensions>
    </trkpt>
    <trkpt lat="45.7363602" lon="10.7171325">
      <ele>474.0</ele>
      <time>2026-03-28T11:04:03.017+01:00</time>
      <extensions>
        <activity type="IN_VEHICLE" conf="97" state="moving" tsMs="1774692240857"/>
        <radio op="vodafone IT" rat="LTE" q="9.00" rsrp="-110" sinr="1" rsrq="-15"/>
        <radio op="I TIM" rat="LTE" q="28.00" rsrp="-105" sinr="9" rsrq="-13"/>
      </extensions>
    </trkpt>
    <trkpt lat="45.7353202" lon="10.7174597">
      <ele>480.0</ele>
      <time>2026-03-28T11:04:13.018+01:00</time>
      <extensions>
        <activity type="IN_VEHICLE" conf="97" state="moving" tsMs="1774692251543"/>
        <radio op="vodafone IT" rat="LTE" q="33.80" rsrp="-99" sinr="8" rsrq="-9"/>
        <radio op="I TIM" rat="LTE" q="45.50" rsrp="-90" sinr="8" rsrq="-10"/>
      </extensions>
    </trkpt>
    <trkpt lat="45.7347361" lon="10.7182915">
      <ele>486.0</ele>
      <time>2026-03-28T11:04:23.017+01:00</time>
      <extensions>
        <activity type="IN_VEHICLE" conf="97" state="moving" tsMs="1774692262259"/>
        <radio op="vodafone IT" rat="LTE" q="47.60" rsrp="-91" sinr="9" rsrq="-6"/>
        <radio op="I TIM" rat="LTE" rsrp="-88" rsrq="-10"/>
      </extensions>
    </trkpt>
    <trkpt lat="45.7343342" lon="10.7188174">
      <ele>491.0</ele>
      <time>2026-03-28T11:04:33.017+01:00</time>
      <extensions>
        <activity type="IN_VEHICLE" conf="97" state="moving" tsMs="1774692272935"/>
        <radio op="vodafone IT" rat="LTE" q="21.00" rsrp="-95" sinr="2" rsrq="-9"/>
        <radio op="I TIM" rat="LTE" q="48.10" rsrp="-88" sinr="8" rsrq="-9"/>
      </extensions>
    </trkpt>
    <trkpt lat="45.734654" lon="10.7202965">
      <ele>493.0</ele>
      <time>2026-03-28T11:04:43.017+01:00</time>
      <extensions>
        <activity type="IN_VEHICLE" conf="98" state="moving" tsMs="1774692283607"/>
        <radio op="vodafone IT" rat="LTE" q="14.40" rsrp="-101" sinr="1" rsrq="-10"/>
        <radio op="I TIM" rat="LTE" q="37.00" rsrp="-88" sinr="5" rsrq="-11"/>
      </extensions>
    </trkpt>
    <trkpt lat="45.7351404" lon="10.7217689">
      <ele>500.0</ele>
      <time>2026-03-28T11:04:53.017+01:00</time>
      <extensions>
        <activity type="IN_VEHICLE" conf="97" state="moving" tsMs="1774692288981"/>
        <radio op="vodafone IT" rat="LTE" rsrp="-96" rsrq="-13"/>
        <radio op="I TIM" rat="LTE" q="34.20" rsrp="-87" sinr="4" rsrq="-7"/>
      </extensions>
    </trkpt>
    <trkpt lat="45.7357367" lon="10.7230764">
      <ele>509.0</ele>
      <time>2026-03-28T11:05:03.017+01:00</time>
      <extensions>
        <activity type="IN_VEHICLE" conf="97" state="moving" tsMs="1774692299682"/>
        <radio op="vodafone IT" rat="LTE" rsrp="-99" rsrq="-11"/>
        <radio op="I TIM" rat="LTE" q="48.00" rsrp="-82" sinr="7" rsrq="-10"/>
      </extensions>
    </trkpt>
    <trkpt lat="45.7365876" lon="10.7240919">
      <ele>517.0</ele>
      <time>2026-03-28T11:05:14.017+01:00</time>
      <extensions>
        <activity type="IN_VEHICLE" conf="97" state="moving" tsMs="1774692310378"/>
        <radio op="vodafone IT" rat="LTE" rsrp="-101" rsrq="-14"/>
        <radio op="I TIM" rat="LTE" rsrp="-101" rsrq="-13"/>
      </extensions>
    </trkpt>
    <trkpt lat="45.7371202" lon="10.7253271">
      <ele>525.0</ele>
      <time>2026-03-28T11:05:24.018+01:00</time>
      <extensions>
        <activity type="IN_VEHICLE" conf="97" state="moving" tsMs="1774692321080"/>
        <radio op="vodafone IT" rat="LTE" rsrp="-103" rsrq="-19"/>
        <radio op="I TIM" rat="LTE" q="39.60" rsrp="-89" sinr="6" rsrq="-10"/>
      </extensions>
    </trkpt>
    <trkpt lat="45.7374693" lon="10.7267809">
      <ele>534.0</ele>
      <time>2026-03-28T11:05:34.017+01:00</time>
      <extensions>
        <activity type="IN_VEHICLE" conf="96" state="moving" tsMs="1774692331779"/>
        <radio op="vodafone IT" rat="LTE" rsrp="-106" rsrq="-12"/>
        <radio op="I TIM" rat="LTE" q="39.00" rsrp="-86" sinr="5" rsrq="-11"/>
      </extensions>
    </trkpt>
    <trkpt lat="45.7379525" lon="10.7282051">
      <ele>544.0</ele>
      <time>2026-03-28T11:05:44.017+01:00</time>
      <extensions>
        <activity type="IN_VEHICLE" conf="92" state="moving" tsMs="1774692342437"/>
        <radio op="vodafone IT" rat="LTE" rsrp="-114" rsrq="-16"/>
        <radio op="I TIM" rat="LTE" q="35.00" rsrp="-90" sinr="5" rsrq="-10"/>
      </extensions>
    </trkpt>
    <trkpt lat="45.7383018" lon="10.7293719">
      <ele>553.0</ele>
      <time>2026-03-28T11:05:54.017+01:00</time>
      <extensions>
        <activity type="IN_VEHICLE" conf="97" state="moving" tsMs="1774692353127"/>
        <radio op="vodafone IT" rat="LTE" rsrp="-114" rsrq="-18"/>
        <radio op="I TIM" rat="LTE" q="27.20" rsrp="-91" sinr="3" rsrq="-12"/>
      </extensions>
    </trkpt>
    <trkpt lat="45.7384569" lon="10.729643">
      <ele>556.0</ele>
      <time>2026-03-28T11:06:04.017+01:00</time>
      <extensions>
        <activity type="IN_VEHICLE" conf="97" state="moving" tsMs="1774692363770"/>
        <radio op="vodafone IT" rat="LTE" rsrp="-106" rsrq="-16"/>
        <radio op="I TIM" rat="LTE" q="23.20" rsrp="-96" sinr="3" rsrq="-12"/>
      </extensions>
    </trkpt>
    <trkpt lat="45.7384581" lon="10.7296458">
      <ele>557.0</ele>
      <time>2026-03-28T11:06:14.017+01:00</time>
      <extensions>
        <activity type="IN_VEHICLE" conf="97" state="moving" tsMs="1774692374483"/>
        <radio op="vodafone IT" rat="LTE" rsrp="-104" rsrq="-15"/>
        <radio op="I TIM" rat="LTE" q="21.60" rsrp="-101" sinr="4" rsrq="-12"/>
      </extensions>
    </trkpt>
    <trkpt lat="45.738494" lon="10.7296085">
      <ele>559.0</ele>
      <time>2026-03-28T11:06:25.017+01:00</time>
      <extensions>
        <activity type="TILTING" conf="100" state="moving" tsMs="1774692376174"/>
        <radio op="vodafone IT" rat="LTE" rsrp="-114" rsrq="-17"/>
        <radio op="I TIM" rat="LTE" q="8.40" rsrp="-111" sinr="1" rsrq="-14"/>
      </extensions>
    </trkpt>
    <trkpt lat="45.7384545" lon="10.7296069">
      <ele>561.0</ele>
      <time>2026-03-28T11:06:35.017+01:00</time>
      <extensions>
        <activity type="TILTING" conf="100" state="moving" tsMs="1774692376174"/>
        <radio op="vodafone IT" rat="LTE" rsrp="-107" rsrq="-16"/>
        <radio op="I TIM" rat="LTE" rsrp="-97" rsrq="-11"/>
      </extensions>
    </trkpt>
    <trkpt lat="45.7384043" lon="10.7297105">
      <ele>556.0</ele>
      <time>2026-03-28T11:06:45.017+01:00</time>
      <extensions>
        <activity type="UNKNOWN" conf="40" state="unknown" tsMs="1774692401656"/>
        <radio op="vodafone IT" rat="LTE" rsrp="-111" rsrq="-15"/>
        <radio op="I TIM" rat="LTE" q="30.00" rsrp="-100" sinr="7" rsrq="-12"/>
      </extensions>
    </trkpt>
    <trkpt lat="45.7383097" lon="10.7298151">
      <ele>556.0</ele>
      <time>2026-03-28T11:06:55.017+01:00</time>
      <extensions>
        <activity type="ON_FOOT" conf="91" state="moving" tsMs="1774692412404"/>
        <radio op="vodafone IT" rat="LTE" rsrp="-114" rsrq="-17"/>
        <radio op="I TIM" rat="LTE" q="16.80" rsrp="-104" sinr="3" rsrq="-12"/>
      </extensions>
    </trkpt>
    <trkpt lat="45.738215" lon="10.7298974">
      <ele>555.0</ele>
      <time>2026-03-28T11:07:05.017+01:00</time>
      <extensions>
        <activity type="ON_FOOT" conf="97" state="moving" tsMs="1774692423110"/>
        <radio op="vodafone IT" rat="LTE" rsrp="-108" rsrq="-16"/>
        <radio op="I TIM" rat="LTE" q="22.50" rsrp="-100" sinr="4" rsrq="-13"/>
      </extensions>
    </trkpt>
    <trkpt lat="45.7381584" lon="10.730026">
      <ele>555.0</ele>
      <time>2026-03-28T11:07:15.017+01:00</time>
      <extensions>
        <activity type="ON_FOOT" conf="97" state="moving" tsMs="1774692433788"/>
        <radio op="vodafone IT" rat="LTE" rsrp="-104" rsrq="-13"/>
        <radio op="I TIM" rat="LTE" q="30.00" rsrp="-95" sinr="5" rsrq="-12"/>
      </extensions>
    </trkpt>
    <trkpt lat="45.7381993" lon="10.7300751">
      <ele>557.0</ele>
      <time>2026-03-28T11:07:25.017+01:00</time>
      <extensions>
        <activity type="ON_FOOT" conf="97" state="moving" tsMs="1774692444448"/>
        <radio op="vodafone IT" rat="LTE" rsrp="-101" rsrq="-14"/>
        <radio op="I TIM" rat="LTE" q="38.00" rsrp="-87" sinr="5" rsrq="-11"/>
      </extensions>
    </trkpt>
    <trkpt lat="45.7383171" lon="10.7301446">
      <ele>557.0</ele>
      <time>2026-03-28T11:07:36.017+01:00</time>
      <extensions>
        <activity type="ON_FOOT" conf="97" state="moving" tsMs="1774692455159"/>
        <radio op="vodafone IT" rat="LTE" rsrp="-113" rsrq="-19"/>
        <radio op="I TIM" rat="LTE" q="16.50" rsrp="-92" sinr="0" rsrq="-12"/>
      </extensions>
    </trkpt>
    <trkpt lat="45.7383825" lon="10.7302223">
      <ele>558.0</ele>
      <time>2026-03-28T11:07:46.018+01:00</time>
      <extensions>
        <activity type="ON_FOOT" conf="96" state="moving" tsMs="1774692465794"/>
        <radio op="vodafone IT" rat="LTE" rsrp="-111" rsrq="-13"/>
        <radio op="I TIM" rat="LTE" q="28.00" rsrp="-90" sinr="3" rsrq="-10"/>
      </extensions>
    </trkpt>
    <trkpt lat="45.7384219" lon="10.7302505">
      <ele>563.0</ele>
      <time>2026-03-28T11:07:56.017+01:00</time>
      <extensions>
        <activity type="ON_FOOT" conf="95" state="moving" tsMs="1774692471161"/>
        <radio op="vodafone IT" rat="LTE" rsrp="-112" rsrq="-12"/>
        <radio op="I TIM" rat="LTE" q="21.70" rsrp="-94" sinr="2" rsrq="-9"/>
      </extensions>
    </trkpt>
    <trkpt lat="45.7384602" lon="10.7303081">
      <ele>562.0</ele>
      <time>2026-03-28T11:08:06.016+01:00</time>
      <extensions>
        <activity type="ON_FOOT" conf="84" state="moving" tsMs="1774692481948"/>
        <radio op="vodafone IT" rat="LTE" q="9.80" rsrp="-111" sinr="2" rsrq="-15"/>
        <radio op="I TIM" rat="LTE" q="21.60" rsrp="-101" sinr="4" rsrq="-10"/>
      </extensions>
    </trkpt>
    <trkpt lat="45.7384768" lon="10.7303946">
      <ele>564.0</ele>
      <time>2026-03-28T11:08:16.016+01:00</time>
      <extensions>
        <activity type="UNKNOWN" conf="40" state="unknown" tsMs="1774692492691"/>
        <radio op="vodafone IT" rat="LTE" q="6.50" rsrp="-112" sinr="0" rsrq="-15"/>
        <radio op="I TIM" rat="LTE" q="9.00" rsrp="-110" sinr="1" rsrq="-12"/>
      </extensions>
    </trkpt>
    <trkpt lat="45.7384566" lon="10.7304789">
      <ele>574.0</ele>
      <time>2026-03-28T11:08:26.017+01:00</time>
      <extensions>
        <activity type="UNKNOWN" conf="40" state="unknown" tsMs="1774692503463"/>
        <radio op="vodafone IT" rat="LTE" rsrp="-110" rsrq="-14"/>
        <radio op="I TIM" rat="LTE" q="19.00" rsrp="-106" sinr="5" rsrq="-10"/>
      </extensions>
    </trkpt>
    <trkpt lat="45.7384057" lon="10.7304169">
      <ele>570.0</ele>
      <time>2026-03-28T11:08:36.016+01:00</time>
      <extensions>
        <activity type="UNKNOWN" conf="40" state="unknown" tsMs="1774692514157"/>
        <radio op="vodafone IT" rat="LTE" q="18.90" rsrp="-104" sinr="4" rsrq="-12"/>
        <radio op="I TIM" rat="LTE" rsrp="-101" rsrq="-13"/>
      </extensions>
    </trkpt>
    <trkpt lat="45.7384037" lon="10.7303731">
      <ele>567.0</ele>
      <time>2026-03-28T11:08:40.016+01:00</time>
      <extensions>
        <activity type="UNKNOWN" conf="40" state="unknown" tsMs="1774692524820"/>
        <radio op="vodafone IT" rat="LTE" q="9.60" rsrp="-109" sinr="1" rsrq="-13"/>
        <radio op="I TIM" rat="LTE" q="14.40" rsrp="-101" sinr="1" rsrq="-9"/>
      </extensions>
    </trkpt>
    <trkpt lat="45.7384302" lon="10.7302668">
      <ele>558.5</ele>
      <time>2026-03-28T11:08:50.385+01:00</time>
      <extensions>
        <activity type="UNKNOWN" conf="40" state="unknown" tsMs="1774692530151"/>
        <radio op="vodafone IT" rat="LTE" q="4.90" rsrp="-118" sinr="2" rsrq="-15"/>
        <radio op="I TIM" rat="LTE" rsrp="-103" rsrq="-11"/>
      </extensions>
    </trkpt>
    <trkpt lat="45.7384277" lon="10.7302523">
      <ele>558.5</ele>
      <time>2026-03-28T11:09:29.628+01:00</time>
      <extensions>
        <activity type="UNKNOWN" conf="40" state="unknown" tsMs="1774692571201"/>
        <radio op="vodafone IT" rat="LTE" rsrp="-104" rsrq="-16"/>
        <radio op="I TIM" rat="LTE" q="20.70" rsrp="-102" sinr="4" rsrq="-10"/>
      </extensions>
    </trkpt>
    <trkpt lat="45.7384566" lon="10.7301984">
      <ele>558.5</ele>
      <time>2026-03-28T11:09:42.016+01:00</time>
      <extensions>
        <activity type="UNKNOWN" conf="40" state="unknown" tsMs="1774692577552"/>
        <radio op="vodafone IT" rat="LTE" rsrp="-106" rsrq="-18"/>
        <radio op="I TIM" rat="LTE" q="33.00" rsrp="-95" sinr="6" rsrq="-9"/>
      </extensions>
    </trkpt>
    <trkpt lat="45.7384565" lon="10.7301984">
      <ele>558.5</ele>
      <time>2026-03-28T11:09:52.016+01:00</time>
      <extensions>
        <activity type="STILL" conf="35" state="still" tsMs="1774692588282"/>
        <radio op="vodafone IT" rat="LTE" q="16.20" rsrp="-107" sinr="4" rsrq="-10"/>
        <radio op="I TIM" rat="LTE" q="17.40" rsrp="-96" sinr="1" rsrq="-10"/>
      </extensions>
    </trkpt>
    <trkpt lat="45.7384565" lon="10.7301984">
      <ele>558.5</ele>
      <time>2026-03-28T11:10:02.016+01:00</time>
      <extensions>
        <activity type="STILL" conf="68" state="still" tsMs="1774692599006"/>
        <radio op="vodafone IT" rat="LTE" q="19.00" rsrp="-106" sinr="5" rsrq="-13"/>
        <radio op="I TIM" rat="LTE" q="23.20" rsrp="-96" sinr="3" rsrq="-11"/>
      </extensions>
    </trkpt>
    <trkpt lat="45.7384557" lon="10.7301988">
      <ele>558.5</ele>
      <time>2026-03-28T11:10:12.017+01:00</time>
      <extensions>
        <activity type="STILL" conf="38" state="still" tsMs="1774692604342"/>
        <radio op="vodafone IT" rat="LTE" q="15.20" rsrp="-106" sinr="3" rsrq="-13"/>
        <radio op="I TIM" rat="LTE" q="27.00" rsrp="-95" sinr="4" rsrq="-11"/>
      </extensions>
    </trkpt>
    <trkpt lat="45.7384552" lon="10.7302002">
      <ele>558.3999633789062</ele>
      <time>2026-03-28T11:10:22.047+01:00</time>
      <extensions>
        <activity type="UNKNOWN" conf="40" state="unknown" tsMs="1774692609228"/>
        <radio op="vodafone IT" rat="LTE" q="13.60" rsrp="-108" sinr="3" rsrq="-12"/>
        <radio op="I TIM" rat="LTE" q="21.00" rsrp="-95" sinr="2" rsrq="-10"/>
      </extensions>
    </trkpt>
    <trkpt lat="45.7384364" lon="10.7302007">
      <ele>558.5</ele>
      <time>2026-03-28T11:10:32.067+01:00</time>
      <extensions>
        <activity type="STILL" conf="100" state="still" tsMs="1774692625262"/>
        <radio op="vodafone IT" rat="LTE" rsrp="-108" rsrq="-14"/>
        <radio op="I TIM" rat="LTE" q="25.20" rsrp="-97" sinr="4" rsrq="-10"/>
      </extensions>
    </trkpt>
    <trkpt lat="45.7384289" lon="10.7302025">
      <ele>558.5</ele>
      <time>2026-03-28T11:10:43.064+01:00</time>
      <extensions>
        <activity type="STILL" conf="100" state="still" tsMs="1774692625262"/>
        <radio op="vodafone IT" rat="LTE" q="5.50" rsrp="-114" sinr="0" rsrq="-12"/>
        <radio op="I TIM" rat="LTE" q="22.50" rsrp="-100" sinr="4" rsrq="-11"/>
      </extensions>
    </trkpt>
    <trkpt lat="45.7384286" lon="10.7302079">
      <ele>558.5</ele>
      <time>2026-03-28T11:10:53.035+01:00</time>
      <extensions>
        <activity type="UNKNOWN" conf="40" state="unknown" tsMs="1774692636421"/>
        <radio op="vodafone IT" rat="LTE" q="3.50" rsrp="-118" sinr="0" rsrq="-13"/>
        <radio op="I TIM" rat="LTE" q="25.30" rsrp="-102" sinr="6" rsrq="-10"/>
      </extensions>
    </trkpt>
    <trkpt lat="45.7384344" lon="10.7302216">
      <ele>558.5</ele>
      <time>2026-03-28T11:11:03.123+01:00</time>
      <extensions>
        <activity type="STILL" conf="100" state="still" tsMs="1774692653115"/>
        <radio op="vodafone IT" rat="LTE" q="4.20" rsrp="-118" sinr="1" rsrq="-13"/>
        <radio op="I TIM" rat="LTE" q="25.00" rsrp="-100" sinr="5" rsrq="-10"/>
      </extensions>
    </trkpt>
    <trkpt lat="45.7384375" lon="10.7302431">
      <ele>558.5</ele>
      <time>2026-03-28T11:11:13.211+01:00</time>
      <extensions>
        <activity type="STILL" conf="100" state="still" tsMs="1774692663688"/>
        <radio op="vodafone IT" rat="LTE" rsrp="-121" rsrq="-17"/>
        <radio op="I TIM" rat="LTE" q="27.00" rsrp="-98" sinr="5" rsrq="-11"/>
      </extensions>
    </trkpt>
    <trkpt lat="45.7384411" lon="10.7302669">
      <ele>558.5</ele>
      <time>2026-03-28T11:11:23.016+01:00</time>
      <extensions>
        <activity type="STILL" conf="100" state="still" tsMs="1774692674272"/>
        <radio op="vodafone IT" rat="LTE" rsrp="-117" rsrq="-16"/>
        <radio op="I TIM" rat="LTE" rsrp="-100" rsrq="-11"/>
      </extensions>
    </trkpt>
    <trkpt lat="45.7384453" lon="10.7302729">
      <ele>558.5</ele>
      <time>2026-03-28T11:11:33.049+01:00</time>
      <extensions>
        <activity type="STILL" conf="100" state="still" tsMs="1774692685380"/>
        <radio op="vodafone IT" rat="LTE" rsrp="-117" rsrq="-17"/>
        <radio op="I TIM" rat="LTE" q="30.00" rsrp="-100" sinr="7" rsrq="-11"/>
      </extensions>
    </trkpt>
    <trkpt lat="45.7384385" lon="10.7302619">
      <ele>558.5</ele>
      <time>2026-03-28T11:11:43.019+01:00</time>
      <extensions>
        <activity type="STILL" conf="100" state="still" tsMs="1774692696473"/>
        <radio op="vodafone IT" rat="LTE" rsrp="-117" rsrq="-17"/>
        <radio op="I TIM" rat="LTE" rsrp="-100" rsrq="-12"/>
      </extensions>
    </trkpt>
    <trkpt lat="45.7384348" lon="10.7302527">
      <ele>558.5</ele>
      <time>2026-03-28T11:11:53.016+01:00</time>
      <extensions>
        <activity type="STILL" conf="100" state="still" tsMs="1774692707569"/>
        <radio op="vodafone IT" rat="LTE" rsrp="-119" rsrq="-15"/>
        <radio op="I TIM" rat="LTE" q="21.60" rsrp="-101" sinr="4" rsrq="-11"/>
      </extensions>
    </trkpt>
    <trkpt lat="45.7384362" lon="10.7302527">
      <ele>558.5</ele>
      <time>2026-03-28T11:12:03.016+01:00</time>
      <extensions>
        <activity type="STILL" conf="100" state="still" tsMs="1774692718126"/>
        <radio op="vodafone IT" rat="LTE" rsrp="-116" rsrq="-15"/>
        <radio op="I TIM" rat="LTE" q="18.20" rsrp="-99" sinr="2" rsrq="-10"/>
      </extensions>
    </trkpt>
    <trkpt lat="45.7384545" lon="10.7302568">
      <ele>558.5</ele>
      <time>2026-03-28T11:12:13.729+01:00</time>
      <extensions>
        <activity type="STILL" conf="100" state="still" tsMs="1774692718126"/>
        <radio op="vodafone IT" rat="LTE" q="6.30" rsrp="-116" sinr="2" rsrq="-14"/>
        <radio op="I TIM" rat="LTE" q="26.00" rsrp="-99" sinr="5" rsrq="-9"/>
      </extensions>
    </trkpt>
    <trkpt lat="45.7384384" lon="10.7302651">
      <ele>558.5</ele>
      <time>2026-03-28T11:17:48.997+01:00</time>
      <extensions>
        <activity type="IN_VEHICLE" conf="74" state="moving" tsMs="1774693066775"/>
        <radio op="vodafone IT" rat="LTE" q="9.60" rsrp="-113" sinr="3" rsrq="-10"/>
        <radio op="I TIM" rat="LTE" rsrp="-97" rsrq="-13"/>
      </extensions>
    </trkpt>
    <trkpt lat="45.7384377" lon="10.7302672">
      <ele>558.5</ele>
      <time>2026-03-28T11:18:46.947+01:00</time>
      <extensions>
        <activity type="STILL" conf="87" state="still" tsMs="1774693121786"/>
        <radio op="vodafone IT" rat="LTE" rsrp="-111" rsrq="-12"/>
        <radio op="I TIM" rat="LTE" q="12.00" rsrp="-105" sinr="1" rsrq="-13"/>
      </extensions>
    </trkpt>
    <trkpt lat="45.738367" lon="10.7302632">
      <ele>558.5</ele>
      <time>2026-03-28T11:19:18.014+01:00</time>
      <extensions>
        <activity type="STILL" conf="39" state="still" tsMs="1774693159238"/>
        <radio op="vodafone IT" rat="LTE" rsrp="-108" rsrq="-13"/>
        <radio op="I TIM" rat="LTE" q="13.00" rsrp="-99" sinr="0" rsrq="-11"/>
      </extensions>
    </trkpt>
    <trkpt lat="45.7384286" lon="10.7302576">
      <ele>558.5</ele>
      <time>2026-03-28T11:19:52.871+01:00</time>
      <extensions>
        <activity type="STILL" conf="96" state="still" tsMs="1774693191568"/>
        <radio op="vodafone IT" rat="LTE" rsrp="-115" rsrq="-16"/>
        <radio op="I TIM" rat="LTE" q="25.00" rsrp="-100" sinr="5" rsrq="-14"/>
      </extensions>
    </trkpt>
    <trkpt lat="45.7384278" lon="10.7302555">
      <ele>558.5</ele>
      <time>2026-03-28T11:20:24.131+01:00</time>
      <extensions>
        <activity type="STILL" conf="99" state="still" tsMs="1774693223790"/>
        <radio op="vodafone IT" rat="LTE" q="10.50" rsrp="-110" sinr="2" rsrq="-12"/>
        <radio op="I TIM" rat="LTE" q="23.40" rsrp="-99" sinr="4" rsrq="-14"/>
      </extensions>
    </trkpt>
    <trkpt lat="45.7384329" lon="10.7302548">
      <ele>558.5</ele>
      <time>2026-03-28T11:30:32.644+01:00</time>
      <extensions>
        <activity type="IN_VEHICLE" conf="87" state="moving" tsMs="1774693831787"/>
        <radio op="vodafone IT" rat="LTE" q="16.80" rsrp="-111" sinr="7" rsrq="-10"/>
        <radio op="I TIM" rat="LTE" q="18.00" rsrp="-95" sinr="1" rsrq="-14"/>
      </extensions>
    </trkpt>
    <trkpt lat="45.7384385" lon="10.7302643">
      <ele>558.5</ele>
      <time>2026-03-28T11:31:17.387+01:00</time>
      <extensions>
        <activity type="STILL" conf="88" state="still" tsMs="1774693876422"/>
        <radio op="vodafone IT" rat="LTE" q="6.30" rsrp="-116" sinr="2" rsrq="-13"/>
        <radio op="I TIM" rat="LTE" q="21.60" rsrp="-98" sinr="3" rsrq="-13"/>
      </extensions>
    </trkpt>
    <trkpt lat="45.7384373" lon="10.7302625">
      <ele>560.3557206621762</ele>
      <time>2026-03-28T11:32:03.212+01:00</time>
      <extensions>
        <activity type="STILL" conf="99" state="still" tsMs="1774693922154"/>
        <radio op="vodafone IT" rat="LTE" q="11.00" rsrp="-114" sinr="5" rsrq="-12"/>
        <radio op="I TIM" rat="LTE" q="23.40" rsrp="-99" sinr="4" rsrq="-14"/>
      </extensions>
    </trkpt>
    <trkpt lat="45.7384323" lon="10.730253">
      <ele>561.395157419002</ele>
      <time>2026-03-28T11:33:26.988+01:00</time>
      <extensions>
        <activity type="STILL" conf="99" state="still" tsMs="1774694001255"/>
        <radio op="vodafone IT" rat="LTE" q="11.70" rsrp="-112" sinr="4" rsrq="-13"/>
        <radio op="I TIM" rat="LTE" q="20.80" rsrp="-99" sinr="3" rsrq="-13"/>
      </extensions>
    </trkpt>
    <trkpt lat="45.7382567" lon="10.7288192">
      <ele>556.8999633789062</ele>
      <time>2026-03-28T11:56:15.347+01:00</time>
      <extensions>
        <activity type="ON_FOOT" conf="96" state="moving" tsMs="1774695371331"/>
        <radio op="vodafone IT" rat="LTE" rsrp="-104" rsrq="-10"/>
        <radio op="I TIM" rat="LTE" q="28.80" rsrp="-93" sinr="4" rsrq="-14"/>
      </extensions>
    </trkpt>
    <trkpt lat="45.7383651" lon="10.7289419">
      <ele>556.8999633789062</ele>
      <time>2026-03-28T11:56:46.379+01:00</time>
      <extensions>
        <activity type="UNKNOWN" conf="40" state="unknown" tsMs="1774695402549"/>
        <radio op="vodafone IT" rat="LTE" q="38.40" rsrp="-101" sinr="11" rsrq="-10"/>
        <radio op="I TIM" rat="LTE" rsrp="-88" rsrq="-12"/>
      </extensions>
    </trkpt>
    <trkpt lat="45.7384035" lon="10.7288654">
      <ele>556.8999633789062</ele>
      <time>2026-03-28T11:57:17.379+01:00</time>
      <extensions>
        <activity type="ON_FOOT" conf="82" state="moving" tsMs="1774695433624"/>
        <radio op="vodafone IT" rat="LTE" rsrp="-102" rsrq="-15"/>
        <radio op="I TIM" rat="LTE" q="46.50" rsrp="-94" sinr="10" rsrq="-7"/>
      </extensions>
    </trkpt>
    <trkpt lat="45.7383355" lon="10.728904">
      <ele>557.0999755859375</ele>
      <time>2026-03-28T11:57:48.34+01:00</time>
      <extensions>
        <activity type="UNKNOWN" conf="40" state="unknown" tsMs="1774695464523"/>
        <radio op="vodafone IT" rat="LTE" rsrp="-108" rsrq="-14"/>
        <radio op="I TIM" rat="LTE" q="28.80" rsrp="-101" sinr="7" rsrq="-10"/>
      </extensions>
    </trkpt>
    <trkpt lat="45.7382633" lon="10.7289205">
      <ele>557.0999755859375</ele>
      <time>2026-03-28T11:58:19.241+01:00</time>
      <extensions>
        <activity type="STILL" conf="99" state="still" tsMs="1774695495211"/>
        <radio op="vodafone IT" rat="LTE" q="13.60" rsrp="-108" sinr="3" rsrq="-11"/>
        <radio op="I TIM" rat="LTE" q="27.60" rsrp="-102" sinr="7" rsrq="-9"/>
      </extensions>
    </trkpt>
    <trkpt lat="45.7379787" lon="10.7299274">
      <ele>557.0999755859375</ele>
      <time>2026-03-28T11:58:45.025+01:00</time>
      <extensions>
        <activity type="STILL" conf="66" state="still" tsMs="1774695525504"/>
        <radio op="vodafone IT" rat="LTE" q="13.20" rsrp="-103" sinr="1" rsrq="-12"/>
        <radio op="I TIM" rat="LTE" q="40.60" rsrp="-96" sinr="9" rsrq="-8"/>
      </extensions>
    </trkpt>
    <trkpt lat="45.7379666" lon="10.7299301">
      <ele>557.0999755859375</ele>
      <time>2026-03-28T11:59:20.312+01:00</time>
      <extensions>
        <activity type="UNKNOWN" conf="40" state="unknown" tsMs="1774695557327"/>
        <radio op="vodafone IT" rat="LTE" rsrp="-115" rsrq="-15"/>
        <radio op="I TIM" rat="LTE" q="27.50" rsrp="-100" sinr="6" rsrq="-11"/>
      </extensions>
    </trkpt>
    <trkpt lat="45.7382918" lon="10.7288742">
      <ele>557.0999755859375</ele>
      <time>2026-03-28T11:59:58.28+01:00</time>
      <extensions>
        <activity type="STILL" conf="99" state="still" tsMs="1774695598109"/>
        <radio op="vodafone IT" rat="LTE" q="12.60" rsrp="-107" sinr="2" rsrq="-10"/>
        <radio op="I TIM" rat="LTE" q="18.90" rsrp="-104" sinr="4" rsrq="-11"/>
      </extensions>
    </trkpt>
    <trkpt lat="45.7382966" lon="10.7289733">
      <ele>559.7738416479212</ele>
      <time>2026-03-28T12:00:47.939+01:00</time>
      <extensions>
        <activity type="UNKNOWN" conf="40" state="unknown" tsMs="1774695642827"/>
        <radio op="vodafone IT" rat="LTE" rsrp="-110" rsrq="-14"/>
        <radio op="I TIM" rat="LTE" q="37.20" rsrp="-94" sinr="7" rsrq="-7"/>
      </extensions>
    </trkpt>
    <trkpt lat="45.7382713" lon="10.7288144">
      <ele>556.2999877929688</ele>
      <time>2026-03-28T12:01:18.36+01:00</time>
      <extensions>
        <activity type="UNKNOWN" conf="40" state="unknown" tsMs="1774695681036"/>
        <radio op="vodafone IT" rat="LTE" rsrp="-101" rsrq="-14"/>
        <radio op="I TIM" rat="LTE" q="48.00" rsrp="-93" sinr="10" rsrq="-11"/>
      </extensions>
    </trkpt>
    <trkpt lat="45.7382373" lon="10.7289071">
      <ele>556.7000122070312</ele>
      <time>2026-03-28T12:02:01.39+01:00</time>
      <extensions>
        <activity type="UNKNOWN" conf="40" state="unknown" tsMs="1774695716198"/>
        <radio op="vodafone IT" rat="LTE" rsrp="-98" rsrq="-12"/>
        <radio op="I TIM" rat="LTE" q="27.90" rsrp="-94" sinr="4" rsrq="-10"/>
      </extensions>
    </trkpt>
    <trkpt lat="45.7382506" lon="10.7288789">
      <ele>556.8999633789062</ele>
      <time>2026-03-28T12:02:59.686+01:00</time>
      <extensions>
        <activity type="UNKNOWN" conf="40" state="unknown" tsMs="1774695782263"/>
        <radio op="vodafone IT" rat="LTE" rsrp="-96" rsrq="-12"/>
        <radio op="I TIM" rat="LTE" q="37.20" rsrp="-94" sinr="7" rsrq="-10"/>
      </extensions>
    </trkpt>
    <trkpt lat="45.7383112" lon="10.7295608">
      <ele>556.7999877929688</ele>
      <time>2026-03-28T12:06:09.077+01:00</time>
      <extensions>
        <activity type="ON_FOOT" conf="96" state="moving" tsMs="1774695968624"/>
        <radio op="vodafone IT" rat="LTE" rsrp="-103" rsrq="-13"/>
        <radio op="I TIM" rat="LTE" q="45.60" rsrp="-87" sinr="7" rsrq="-12"/>
      </extensions>
    </trkpt>
    <trkpt lat="45.7384461" lon="10.7295986">
      <ele>556.7999877929688</ele>
      <time>2026-03-28T12:06:45.024+01:00</time>
      <extensions>
        <activity type="ON_FOOT" conf="96" state="moving" tsMs="1774696010901"/>
        <radio op="vodafone IT" rat="LTE" rsrp="-111" rsrq="-16"/>
        <radio op="I TIM" rat="LTE" q="45.00" rsrp="-95" sinr="10" rsrq="-7"/>
      </extensions>
    </trkpt>
    <trkpt lat="45.7384387" lon="10.7296085">
      <ele>556.7999877929688</ele>
      <time>2026-03-28T12:06:58.024+01:00</time>
      <extensions>
        <activity type="ON_FOOT" conf="96" state="moving" tsMs="1774696020937"/>
        <radio op="vodafone IT" rat="LTE" rsrp="-105" rsrq="-14"/>
        <radio op="I TIM" rat="LTE" q="23.40" rsrp="-99" sinr="4" rsrq="-11"/>
      </extensions>
    </trkpt>
    <trkpt lat="45.7385103" lon="10.7296631">
      <ele>556.7999877929688</ele>
      <time>2026-03-28T12:07:39.024+01:00</time>
      <extensions>
        <activity type="IN_VEHICLE" conf="89" state="moving" tsMs="1774696053247"/>
        <radio op="vodafone IT" rat="LTE" rsrp="-100" rsrq="-16"/>
        <radio op="I TIM" rat="LTE" q="24.00" rsrp="-101" sinr="5" rsrq="-10"/>
      </extensions>
    </trkpt>
    <trkpt lat="45.7391307" lon="10.7291261">
      <ele>580.6780277255679</ele>
      <time>2026-03-28T12:08:48.005+01:00</time>
      <extensions>
        <activity type="IN_VEHICLE" conf="98" state="moving" tsMs="1774696127692"/>
        <radio op="vodafone IT" rat="LTE" rsrp="-107" rsrq="-11"/>
        <radio op="I TIM" rat="LTE" q="21.00" rsrp="-104" sinr="5" rsrq="-10"/>
      </extensions>
    </trkpt>
    <trkpt lat="45.7386509" lon="10.7238876">
      <ele>608.8984886955926</ele>
      <time>2026-03-28T12:09:26.025+01:00</time>
      <extensions>
        <activity type="IN_VEHICLE" conf="97" state="moving" tsMs="1774696170058"/>
        <radio op="vodafone IT" rat="LTE" rsrp="-126" rsrq="-21"/>
        <radio op="I TIM" rat="LTE" q="16.00" rsrp="-109" sinr="5" rsrq="-11"/>
      </extensions>
    </trkpt>
    <trkpt lat="45.7385663" lon="10.7231031">
      <ele>624.2282445999625</ele>
      <time>2026-03-28T12:10:02.396+01:00</time>
      <extensions>
        <activity type="IN_VEHICLE" conf="97" state="moving" tsMs="1774696196841"/>
        <radio op="vodafone IT" rat="LTE" rsrp="-109" rsrq="-19"/>
        <radio op="I TIM" rat="LTE" rsrp="-109" rsrq="-13"/>
      </extensions>
    </trkpt>
    <trkpt lat="45.7385243" lon="10.7231813">
      <ele>624.5806781571624</ele>
      <time>2026-03-28T12:10:33.764+01:00</time>
      <extensions>
        <activity type="IN_VEHICLE" conf="90" state="moving" tsMs="1774696230424"/>
        <radio op="vodafone IT" rat="LTE" rsrp="-106" rsrq="-13"/>
        <radio op="I TIM" rat="LTE" q="11.90" rsrp="-108" sinr="2" rsrq="-11"/>
      </extensions>
    </trkpt>
    <trkpt lat="45.7384819" lon="10.722455">
      <ele>620.7999877929688</ele>
      <time>2026-03-28T12:11:06.834+01:00</time>
      <extensions>
        <activity type="ON_FOOT" conf="96" state="moving" tsMs="1774696261789"/>
        <radio op="vodafone IT" rat="LTE" rsrp="-120" rsrq="-12"/>
        <radio op="I TIM" rat="LTE" q="9.80" rsrp="-111" sinr="2" rsrq="-11"/>
      </extensions>
    </trkpt>
    <trkpt lat="45.7384613" lon="10.7222365">
      <ele>618.8999633789062</ele>
      <time>2026-03-28T12:11:37.353+01:00</time>
      <extensions>
        <activity type="ON_FOOT" conf="96" state="moving" tsMs="1774696294220"/>
        <radio op="vodafone IT" rat="LTE" rsrp="-123" rsrq="-16"/>
        <radio op="I TIM" rat="LTE" q="8.00" rsrp="-115" sinr="3" rsrq="-14"/>
      </extensions>
    </trkpt>
    <trkpt lat="45.7384621" lon="10.7229205">
      <ele>616.2000122070312</ele>
      <time>2026-03-28T12:12:08.623+01:00</time>
      <extensions>
        <activity type="ON_FOOT" conf="96" state="moving" tsMs="1774696328313"/>
        <radio op="vodafone IT" rat="LTE" rsrp="-125" rsrq="-17"/>
        <radio op="I TIM" rat="LTE" q="8.00" rsrp="-115" sinr="3" rsrq="-15"/>
      </extensions>
    </trkpt>
    <trkpt lat="45.7387036" lon="10.7230579">
      <ele>618.8999633789062</ele>
      <time>2026-03-28T12:12:40.099+01:00</time>
      <extensions>
        <activity type="ON_FOOT" conf="97" state="moving" tsMs="1774696359535"/>
        <radio op="vodafone IT" rat="LTE" rsrp="-109" rsrq="-18"/>
        <radio op="I TIM" rat="LTE" q="22.00" rsrp="-105" sinr="6" rsrq="-8"/>
      </extensions>
    </trkpt>
    <trkpt lat="45.7385233" lon="10.7233623">
      <ele>618.8999633789062</ele>
      <time>2026-03-28T12:13:11.443+01:00</time>
      <extensions>
        <activity type="ON_FOOT" conf="86" state="moving" tsMs="1774696391096"/>
        <radio op="vodafone IT" rat="LTE" rsrp="-113" rsrq="-12"/>
        <radio op="I TIM" rat="LTE" q="28.60" rsrp="-103" sinr="8" rsrq="-9"/>
      </extensions>
    </trkpt>
    <trkpt lat="45.7385038" lon="10.7233722">
      <ele>616.4640740346717</ele>
      <time>2026-03-28T12:13:42.92+01:00</time>
      <extensions>
        <activity type="ON_FOOT" conf="96" state="moving" tsMs="1774696422415"/>
        <radio op="vodafone IT" rat="LTE" rsrp="-118" rsrq="-13"/>
        <radio op="I TIM" rat="LTE" rsrp="-109" rsrq="-12"/>
      </extensions>
    </trkpt>
    <trkpt lat="45.7385793" lon="10.7233883">
      <ele>612.33585658803</ele>
      <time>2026-03-28T12:14:14.389+01:00</time>
      <extensions>
        <activity type="ON_FOOT" conf="97" state="moving" tsMs="1774696450800"/>
        <radio op="vodafone IT" rat="LTE" rsrp="-123" rsrq="-21"/>
        <radio op="I TIM" rat="LTE" q="19.80" rsrp="-107" sinr="6" rsrq="-12"/>
      </extensions>
    </trkpt>
    <trkpt lat="45.7387814" lon="10.7238508">
      <ele>612.7358755717717</ele>
      <time>2026-03-28T12:14:45.434+01:00</time>
      <extensions>
        <activity type="ON_FOOT" conf="97" state="moving" tsMs="1774696473689"/>
        <radio op="vodafone IT" rat="LTE" rsrp="-132" rsrq="-19"/>
        <radio op="I TIM" rat="LTE" rsrp="-112" rsrq="-10"/>
      </extensions>
    </trkpt>
    <trkpt lat="45.7387894" lon="10.7238765">
      <ele>610.216189373648</ele>
      <time>2026-03-28T12:14:52.295+01:00</time>
      <extensions>
        <activity type="UNKNOWN" conf="40" state="unknown" tsMs="1774696477053"/>
        <radio op="vodafone IT" rat="LTE" rsrp="-135" rsrq="-21"/>
        <radio op="I TIM" rat="LTE" q="3.50" rsrp="-120" sinr="2" rsrq="-12"/>
      </extensions>
    </trkpt>
    <trkpt lat="45.7387887" lon="10.7238757">
      <ele>610.216189373648</ele>
      <time>2026-03-28T12:14:57.649+01:00</time>
      <extensions>
        <activity type="UNKNOWN" conf="40" state="unknown" tsMs="1774696477053"/>
        <radio op="vodafone IT" rat="LTE" rsrp="-126" rsrq="-15"/>
        <radio op="I TIM" rat="LTE" q="14.30" rsrp="-114" sinr="8" rsrq="-12"/>
      </extensions>
    </trkpt>
    <trkpt lat="45.7386873" lon="10.723908">
      <ele>609.6077038874453</ele>
      <time>2026-03-28T12:15:34.039+01:00</time>
      <extensions>
        <activity type="UNKNOWN" conf="40" state="unknown" tsMs="1774696532723"/>
        <radio op="vodafone IT" rat="LTE" rsrp="-124" rsrq="-16"/>
        <radio op="I TIM" rat="LTE" q="9.00" rsrp="-116" sinr="5" rsrq="-9"/>
      </extensions>
    </trkpt>
    <trkpt lat="45.7386916" lon="10.7239108">
      <ele>607.0986233211054</ele>
      <time>2026-03-28T12:16:39.887+01:00</time>
      <extensions>
        <activity type="STILL" conf="100" state="still" tsMs="1774696599974"/>
        <radio op="vodafone IT" rat="LTE" rsrq="-20"/>
        <radio op="I TIM" rat="LTE" rsrp="-117" rsrq="-14"/>
      </extensions>
    </trkpt>
    <trkpt lat="45.7386891" lon="10.7239077">
      <ele>609.5610859557063</ele>
      <time>2026-03-28T12:16:52.385+01:00</time>
      <extensions>
        <activity type="STILL" conf="98" state="still" tsMs="1774696604008"/>
        <radio op="vodafone IT" rat="LTE" rsrp="-125" rsrq="-18"/>
        <radio op="I TIM" rat="LTE" rsrp="-118" rsrq="-13"/>
      </extensions>
    </trkpt>
    <trkpt lat="45.7386929" lon="10.7239087">
      <ele>607.0919636079767</ele>
      <time>2026-03-28T12:17:02.901+01:00</time>
      <extensions>
        <activity type="STILL" conf="100" state="still" tsMs="1774696614022"/>
        <radio op="vodafone IT" rat="LTE" rsrp="-130" rsrq="-21"/>
        <radio op="I TIM" rat="LTE" rsrp="-117" rsrq="-12"/>
      </extensions>
    </trkpt>
    <trkpt lat="45.7386935" lon="10.7239106">
      <ele>601.2999877929688</ele>
      <time>2026-03-28T12:17:13.305+01:00</time>
      <extensions>
        <activity type="STILL" conf="100" state="still" tsMs="1774696624292"/>
        <radio op="vodafone IT" rat="LTE" rsrp="-130" rsrq="-20"/>
        <radio op="I TIM" rat="LTE" rsrp="-116" rsrq="-13"/>
      </extensions>
    </trkpt>
    <trkpt lat="45.7386936" lon="10.7239113">
      <ele>601.2999877929688</ele>
      <time>2026-03-28T12:17:23.711+01:00</time>
      <extensions>
        <activity type="STILL" conf="100" state="still" tsMs="1774696634735"/>
        <radio op="vodafone IT" rat="LTE" rsrp="-125" rsrq="-16"/>
        <radio op="I TIM" rat="LTE" q="7.20" rsrp="-116" sinr="3" rsrq="-13"/>
      </extensions>
    </trkpt>
    <trkpt lat="45.7386934" lon="10.7239119">
      <ele>601.2999877929688</ele>
      <time>2026-03-28T12:17:34.23+01:00</time>
      <extensions>
        <activity type="STILL" conf="100" state="still" tsMs="1774696645167"/>
        <radio op="vodafone IT" rat="LTE" rsrp="-128" rsrq="-17"/>
        <radio op="I TIM" rat="LTE" q="5.40" rsrp="-116" sinr="1" rsrq="-13"/>
      </extensions>
    </trkpt>
    <trkpt lat="45.7386932" lon="10.7239119">
      <ele>601.2999877929688</ele>
      <time>2026-03-28T12:17:44.632+01:00</time>
      <extensions>
        <activity type="STILL" conf="100" state="still" tsMs="1774696655629"/>
        <radio op="vodafone IT" rat="LTE" rsrq="-20"/>
        <radio op="I TIM" rat="LTE" q="6.00" rsrp="-115" sinr="1" rsrq="-13"/>
      </extensions>
    </trkpt>
    <trkpt lat="45.7386929" lon="10.7239116">
      <ele>601.2999877929688</ele>
      <time>2026-03-28T12:17:55.04+01:00</time>
      <extensions>
        <activity type="STILL" conf="100" state="still" tsMs="1774696655629"/>
        <radio op="vodafone IT" rat="LTE" rsrq="-20"/>
        <radio op="I TIM" rat="LTE" q="7.00" rsrp="-115" sinr="2" rsrq="-12"/>
      </extensions>
    </trkpt>
    <trkpt lat="45.7386928" lon="10.7239116">
      <ele>601.2999877929688</ele>
      <time>2026-03-28T12:18:00.301+01:00</time>
      <extensions>
        <activity type="STILL" conf="100" state="still" tsMs="1774696666070"/>
        <radio op="vodafone IT" rat="LTE" rsrp="-124" rsrq="-18"/>
        <radio op="I TIM" rat="LTE" rsrp="-116" rsrq="-14"/>
      </extensions>
    </trkpt>
    <trkpt lat="45.7387817" lon="10.7238052">
      <ele>601.2999877929688</ele>
      <time>2026-03-28T12:18:15.191+01:00</time>
      <extensions>
        <activity type="STILL" conf="100" state="still" tsMs="1774696681733"/>
        <radio op="vodafone IT" rat="LTE" rsrp="-126" rsrq="-18"/>
        <radio op="I TIM" rat="LTE" q="12.00" rsrp="-105" sinr="1" rsrq="-11"/>
      </extensions>
    </trkpt>
    <trkpt lat="45.7387167" lon="10.7237118">
      <ele>601.2999877929688</ele>
      <time>2026-03-28T12:18:25.31+01:00</time>
      <extensions>
        <activity type="ON_FOOT" conf="90" state="moving" tsMs="1774696692188"/>
        <radio op="vodafone IT" rat="LTE" rsrp="-120" rsrq="-15"/>
        <radio op="I TIM" rat="LTE" rsrp="-114" rsrq="-12"/>
      </extensions>
    </trkpt>
    <trkpt lat="45.738627" lon="10.7235809">
      <ele>601.5064410849445</ele>
      <time>2026-03-28T12:18:35.024+01:00</time>
      <extensions>
        <activity type="ON_FOOT" conf="97" state="moving" tsMs="1774696709215"/>
        <radio op="vodafone IT" rat="LTE" rsrp="-123" rsrq="-17"/>
        <radio op="I TIM" rat="LTE" q="18.00" rsrp="-107" sinr="5" rsrq="-10"/>
      </extensions>
    </trkpt>
    <trkpt lat="45.7385398" lon="10.7234642">
      <ele>602.6786580229951</ele>
      <time>2026-03-28T12:18:45.177+01:00</time>
      <extensions>
        <activity type="ON_FOOT" conf="97" state="moving" tsMs="1774696709215"/>
        <radio op="vodafone IT" rat="LTE" rsrp="-120" rsrq="-13"/>
        <radio op="I TIM" rat="LTE" q="14.40" rsrp="-107" sinr="3" rsrq="-10"/>
      </extensions>
    </trkpt>
    <trkpt lat="45.7384293" lon="10.7233812">
      <ele>604.2085501875846</ele>
      <time>2026-03-28T12:18:55.834+01:00</time>
      <extensions>
        <activity type="ON_FOOT" conf="95" state="moving" tsMs="1774696720439"/>
        <radio op="vodafone IT" rat="LTE" rsrp="-116" rsrq="-11"/>
        <radio op="I TIM" rat="LTE" q="28.60" rsrp="-103" sinr="8" rsrq="-12"/>
      </extensions>
    </trkpt>
    <trkpt lat="45.7384198" lon="10.7232994">
      <ele>605.2367735908564</ele>
      <time>2026-03-28T12:19:06.027+01:00</time>
      <extensions>
        <activity type="ON_FOOT" conf="97" state="moving" tsMs="1774696735478"/>
        <radio op="vodafone IT" rat="LTE" q="5.40" rsrp="-116" sinr="1" rsrq="-11"/>
        <radio op="I TIM" rat="LTE" q="28.80" rsrp="-107" sinr="11" rsrq="-10"/>
      </extensions>
    </trkpt>
    <trkpt lat="45.7384114" lon="10.723178">
      <ele>611.9793597450649</ele>
      <time>2026-03-28T12:19:16.105+01:00</time>
      <extensions>
        <activity type="ON_FOOT" conf="97" state="moving" tsMs="1774696750508"/>
        <radio op="vodafone IT" rat="LTE" q="0.00" rsrp="-131" sinr="4" rsrq="-18"/>
        <radio op="I TIM" rat="LTE" q="30.40" rsrp="-109" sinr="14" rsrq="-10"/>
      </extensions>
    </trkpt>
    <trkpt lat="45.7384242" lon="10.7230077">
      <ele>615.1592641737282</ele>
      <time>2026-03-28T12:19:26.308+01:00</time>
      <extensions>
        <activity type="ON_FOOT" conf="97" state="moving" tsMs="1774696750508"/>
        <radio op="vodafone IT" rat="LTE" rsrp="-132" rsrq="-21"/>
        <radio op="I TIM" rat="LTE" q="26.60" rsrp="-106" sinr="9" rsrq="-9"/>
      </extensions>
    </trkpt>
    <trkpt lat="45.738436" lon="10.7228874">
      <ele>618.8999633789062</ele>
      <time>2026-03-28T12:19:33.474+01:00</time>
      <extensions>
        <activity type="ON_FOOT" conf="96" state="moving" tsMs="1774696760630"/>
        <radio op="vodafone IT" rat="OTHER"/>
        <radio op="I TIM" rat="LTE" q="16.50" rsrp="-110" sinr="6" rsrq="-9"/>
      </extensions>
    </trkpt>
    <trkpt lat="45.738437" lon="10.722902">
      <ele>616.2000122070312</ele>
      <time>2026-03-28T12:19:52.697+01:00</time>
      <extensions>
        <activity type="ON_FOOT" conf="96" state="moving" tsMs="1774696789856"/>
        <radio op="vodafone IT" rat="OTHER"/>
        <radio op="I TIM" rat="LTE" q="15.60" rsrp="-112" sinr="7" rsrq="-12"/>
      </extensions>
    </trkpt>
    <trkpt lat="45.7384137" lon="10.7214293">
      <ele>616.7000122070312</ele>
      <time>2026-03-28T12:20:42.176+01:00</time>
      <extensions>
        <activity type="ON_FOOT" conf="96" state="moving" tsMs="1774696840827"/>
        <radio op="vodafone IT" rat="OTHER"/>
        <radio op="I TIM" rat="LTE" q="13.00" rsrp="-115" sinr="8" rsrq="-9"/>
      </extensions>
    </trkpt>
    <trkpt lat="45.7385959" lon="10.7208793">
      <ele>616.2999877929688</ele>
      <time>2026-03-28T12:21:16.495+01:00</time>
      <extensions>
        <activity type="ON_FOOT" conf="97" state="moving" tsMs="1774696873228"/>
        <radio op="vodafone IT" rat="OTHER"/>
        <radio op="I TIM" rat="LTE" q="24.00" rsrp="-101" sinr="5" rsrq="-12"/>
      </extensions>
    </trkpt>
    <trkpt lat="45.738702" lon="10.7208632">
      <ele>616.7000122070312</ele>
      <time>2026-03-28T12:22:46.858+01:00</time>
      <extensions>
        <activity type="ON_FOOT" conf="98" state="moving" tsMs="1774696966626"/>
        <radio op="vodafone IT" rat="LTE" rsrp="-135" rsrq="-23"/>
        <radio op="I TIM" rat="LTE" rsrq="-20"/>
      </extensions>
    </trkpt>
    <trkpt lat="45.7387769" lon="10.7202499">
      <ele>619.0999755859375</ele>
      <time>2026-03-28T12:23:43.067+01:00</time>
      <extensions>
        <activity type="ON_FOOT" conf="90" state="moving" tsMs="1774697018294"/>
        <radio op="vodafone IT" rat="WCDMA"/>
        <radio op="I TIM" rat="LTE" q="14.30" rsrp="-114" sinr="8" rsrq="-15"/>
      </extensions>
    </trkpt>
    <trkpt lat="45.7393336" lon="10.7193455">
      <ele>623.9981267992997</ele>
      <time>2026-03-28T12:25:12.024+01:00</time>
      <extensions>
        <activity type="ON_FOOT" conf="89" state="moving" tsMs="1774697108580"/>
        <radio op="vodafone IT" rat="WCDMA"/>
        <radio op="I TIM" rat="LTE" q="97.50" rsrp="-86" sinr="24" rsrq="-11"/>
      </extensions>
    </trkpt>
    <trkpt lat="45.7389509" lon="10.719196">
      <ele>620.0</ele>
      <time>2026-03-28T12:25:51.32+01:00</time>
      <extensions>
        <activity type="ON_FOOT" conf="93" state="moving" tsMs="1774697146838"/>
        <radio op="vodafone IT" rat="WCDMA"/>
        <radio op="I TIM" rat="LTE" q="47.60" rsrp="-97" sinr="12" rsrq="-7"/>
      </extensions>
    </trkpt>
    <trkpt lat="45.7397908" lon="10.7192161">
      <ele>627.0999755859375</ele>
      <time>2026-03-28T12:26:16.532+01:00</time>
      <extensions>
        <activity type="ON_FOOT" conf="91" state="moving" tsMs="1774697173492"/>
        <radio op="vodafone IT" rat="LTE" q="13.50" rsrp="-110" sinr="4" rsrq="-9"/>
        <radio op="I TIM" rat="LTE" q="39.20" rsrp="-97" sinr="9" rsrq="-9"/>
      </extensions>
    </trkpt>
    <trkpt lat="45.7394221" lon="10.7194162">
      <ele>627.0999755859375</ele>
      <time>2026-03-28T12:26:32.024+01:00</time>
      <extensions>
        <activity type="ON_FOOT" conf="91" state="moving" tsMs="1774697173492"/>
        <radio op="vodafone IT" rat="LTE" q="6.00" rsrp="-115" sinr="1" rsrq="-9"/>
        <radio op="I TIM" rat="LTE" q="26.00" rsrp="-105" sinr="8" rsrq="-9"/>
      </extensions>
    </trkpt>
    <trkpt lat="45.7394305" lon="10.7194228">
      <ele>623.6318333763925</ele>
      <time>2026-03-28T12:26:42.039+01:00</time>
      <extensions>
        <activity type="UNKNOWN" conf="40" state="unknown" tsMs="1774697197907"/>
        <radio op="vodafone IT" rat="LTE" rsrp="-110" rsrq="-15"/>
        <radio op="I TIM" rat="LTE" q="26.00" rsrp="-105" sinr="8" rsrq="-10"/>
      </extensions>
    </trkpt>
    <trkpt lat="45.7394145" lon="10.7194356">
      <ele>627.0999755859375</ele>
      <time>2026-03-28T12:26:52.179+01:00</time>
      <extensions>
        <activity type="STILL" conf="100" state="still" tsMs="1774697202019"/>
        <radio op="vodafone IT" rat="LTE" rsrp="-112" rsrq="-16"/>
        <radio op="I TIM" rat="LTE" q="29.90" rsrp="-102" sinr="8" rsrq="-9"/>
      </extensions>
    </trkpt>
    <trkpt lat="45.7393279" lon="10.7195207">
      <ele>624.3999633789062</ele>
      <time>2026-03-28T12:27:02.298+01:00</time>
      <extensions>
        <activity type="ON_FOOT" conf="97" state="moving" tsMs="1774697214578"/>
        <radio op="vodafone IT" rat="LTE" rsrp="-112" rsrq="-10"/>
        <radio op="I TIM" rat="LTE" q="25.60" rsrp="-109" sinr="11" rsrq="-10"/>
      </extensions>
    </trkpt>
    <trkpt lat="45.739247" lon="10.7196269">
      <ele>624.3999633789062</ele>
      <time>2026-03-28T12:27:12.298+01:00</time>
      <extensions>
        <activity type="ON_FOOT" conf="96" state="moving" tsMs="1774697227382"/>
        <radio op="vodafone IT" rat="LTE" rsrp="-126" rsrq="-15"/>
        <radio op="I TIM" rat="LTE" rsrp="-114" rsrq="-13"/>
      </extensions>
    </trkpt>
    <trkpt lat="45.7391907" lon="10.7196981">
      <ele>623.7063174352281</ele>
      <time>2026-03-28T12:27:19.024+01:00</time>
      <extensions>
        <activity type="ON_FOOT" conf="96" state="moving" tsMs="1774697227382"/>
        <radio op="vodafone IT" rat="LTE" rsrp="-121" rsrq="-12"/>
        <radio op="I TIM" rat="LTE" q="30.60" rsrp="-108" sinr="13" rsrq="-12"/>
      </extensions>
    </trkpt>
    <trkpt lat="45.7387558" lon="10.7203877">
      <ele>619.5999755859375</ele>
      <time>2026-03-28T12:28:20.024+01:00</time>
      <extensions>
        <activity type="ON_FOOT" conf="91" state="moving" tsMs="1774697296112"/>
        <radio op="vodafone IT" rat="LTE" rsrq="-20"/>
        <radio op="I TIM" rat="LTE" q="17.50" rsrp="-118" sinr="20" rsrq="-13"/>
      </extensions>
    </trkpt>
    <trkpt lat="45.7386485" lon="10.720293">
      <ele>619.0999755859375</ele>
      <time>2026-03-28T12:29:09.53+01:00</time>
      <extensions>
        <activity type="ON_FOOT" conf="91" state="moving" tsMs="1774697344574"/>
        <radio op="vodafone IT" rat="OTHER"/>
        <radio op="I TIM" rat="LTE" rsrq="-20"/>
      </extensions>
    </trkpt>
    <trkpt lat="45.7386298" lon="10.720249">
      <ele>619.0999755859375</ele>
      <time>2026-03-28T12:31:49.735+01:00</time>
      <extensions>
        <activity type="UNKNOWN" conf="40" state="unknown" tsMs="1774697512625"/>
        <radio op="" rat="WCDMA"/>
        <radio op="I TIM" rat="LTE" rsrq="-20"/>
      </extensions>
    </trkpt>
    <trkpt lat="45.738629" lon="10.7202469">
      <ele>619.0999755859375</ele>
      <time>2026-03-28T12:31:58.02+01:00</time>
      <extensions>
        <activity type="UNKNOWN" conf="40" state="unknown" tsMs="1774697512625"/>
        <radio op="" rat="WCDMA"/>
        <radio op="I TIM" rat="LTE" rsrq="-20"/>
      </extensions>
    </trkpt>
    <trkpt lat="45.7386016" lon="10.7207067">
      <ele>619.0999755859375</ele>
      <time>2026-03-28T12:48:30.023+01:00</time>
      <extensions>
        <activity type="UNKNOWN" conf="40" state="unknown" tsMs="1774698500638"/>
        <radio op="" rat="WCDMA"/>
        <radio op="I TIM" rat="LTE" rsrp="-120" rsrq="-12"/>
      </extensions>
    </trkpt>
    <trkpt lat="45.7386238" lon="10.7202496">
      <ele>619.0999755859375</ele>
      <time>2026-03-28T12:48:39.898+01:00</time>
      <extensions>
        <activity type="UNKNOWN" conf="40" state="unknown" tsMs="1774698527943"/>
        <radio op="" rat="WCDMA"/>
        <radio op="I TIM" rat="LTE" q="2.80" rsrp="-121" sinr="2" rsrq="-12"/>
      </extensions>
    </trkpt>
    <trkpt lat="45.738628" lon="10.7202852">
      <ele>619.0999755859375</ele>
      <time>2026-03-28T12:49:12.106+01:00</time>
      <extensions>
        <activity type="UNKNOWN" conf="40" state="unknown" tsMs="1774698549136"/>
        <radio op="" rat="WCDMA"/>
        <radio op="I TIM" rat="LTE" rsrq="-20"/>
      </extensions>
    </trkpt>
    <trkpt lat="45.7386205" lon="10.720272">
      <ele>619.0999755859375</ele>
      <time>2026-03-28T12:49:23.831+01:00</time>
      <extensions>
        <activity type="STILL" conf="46" state="still" tsMs="1774698555450"/>
        <radio op="" rat="WCDMA"/>
        <radio op="I TIM" rat="LTE" rsrq="-20"/>
      </extensions>
    </trkpt>
    <trkpt lat="45.7388113" lon="10.7201812">
      <ele>619.0999755859375</ele>
      <time>2026-03-28T12:50:08.982+01:00</time>
      <extensions>
        <activity type="ON_FOOT" conf="83" state="moving" tsMs="1774698604569"/>
        <radio op="" rat="WCDMA"/>
        <radio op="I TIM" rat="LTE" rsrq="-20"/>
      </extensions>
    </trkpt>
    <trkpt lat="45.738959" lon="10.720123">
      <ele>622.0561264792174</ele>
      <time>2026-03-28T12:50:57.052+01:00</time>
      <extensions>
        <activity type="ON_FOOT" conf="96" state="moving" tsMs="1774698631201"/>
        <radio op="vodafone IT" rat="LTE" rsrp="-128" rsrq="-17"/>
        <radio op="I TIM" rat="LTE" rsrq="-20"/>
      </extensions>
    </trkpt>
    <trkpt lat="45.7396632" lon="10.7191515">
      <ele>623.7839361009535</ele>
      <time>2026-03-28T12:51:28.134+01:00</time>
      <extensions>
        <activity type="ON_FOOT" conf="96" state="moving" tsMs="1774698687792"/>
        <radio op="vodafone IT" rat="LTE" rsrp="-106" rsrq="-16"/>
        <radio op="I TIM" rat="LTE" q="33.80" rsrp="-99" sinr="8" rsrq="-7"/>
      </extensions>
    </trkpt>
    <trkpt lat="45.7396519" lon="10.7192589">
      <ele>632.3999633789062</ele>
      <time>2026-03-28T12:51:45.023+01:00</time>
      <extensions>
        <activity type="ON_FOOT" conf="99" state="moving" tsMs="1774698691365"/>
        <radio op="vodafone IT" rat="LTE" rsrp="-117" rsrq="-20"/>
        <radio op="I TIM" rat="LTE" q="22.00" rsrp="-105" sinr="6" rsrq="-13"/>
      </extensions>
    </trkpt>
    <trkpt lat="45.7397145" lon="10.7192096">
      <ele>624.3999633789062</ele>
      <time>2026-03-28T12:51:55.023+01:00</time>
      <extensions>
        <activity type="ON_FOOT" conf="99" state="moving" tsMs="1774698691365"/>
        <radio op="vodafone IT" rat="LTE" rsrp="-107" rsrq="-12"/>
        <radio op="I TIM" rat="LTE" q="37.50" rsrp="-100" sinr="10" rsrq="-9"/>
      </extensions>
    </trkpt>
    <trkpt lat="45.7397984" lon="10.7191644">
      <ele>624.3999633789062</ele>
      <time>2026-03-28T12:52:05.023+01:00</time>
      <extensions>
        <activity type="ON_FOOT" conf="97" state="moving" tsMs="1774698725770"/>
        <radio op="vodafone IT" rat="LTE" q="15.20" rsrp="-106" sinr="3" rsrq="-10"/>
        <radio op="I TIM" rat="LTE" q="56.00" rsrp="-90" sinr="11" rsrq="-9"/>
      </extensions>
    </trkpt>
    <trkpt lat="45.7398316" lon="10.7191192">
      <ele>628.7999877929688</ele>
      <time>2026-03-28T12:52:15.023+01:00</time>
      <extensions>
        <activity type="ON_FOOT" conf="97" state="moving" tsMs="1774698725770"/>
        <radio op="vodafone IT" rat="LTE" rsrp="-110" rsrq="-14"/>
        <radio op="I TIM" rat="LTE" q="36.30" rsrp="-92" sinr="6" rsrq="-9"/>
      </extensions>
    </trkpt>
    <trkpt lat="45.7398322" lon="10.7191181">
      <ele>626.915780865181</ele>
      <time>2026-03-28T12:52:49.463+01:00</time>
      <extensions>
        <activity type="ON_FOOT" conf="97" state="moving" tsMs="1774698764959"/>
        <radio op="vodafone IT" rat="LTE" rsrp="-114" rsrq="-16"/>
        <radio op="I TIM" rat="LTE" q="21.60" rsrp="-101" sinr="4" rsrq="-10"/>
      </extensions>
    </trkpt>
    <trkpt lat="45.7405601" lon="10.7187971">
      <ele>631.7999877929688</ele>
      <time>2026-03-28T12:53:20.419+01:00</time>
      <extensions>
        <activity type="ON_FOOT" conf="97" state="moving" tsMs="1774698796781"/>
        <radio op="vodafone IT" rat="LTE" rsrp="-125" rsrq="-20"/>
        <radio op="I TIM" rat="LTE" q="9.10" rsrp="-112" sinr="2" rsrq="-9"/>
      </extensions>
    </trkpt>
    <trkpt lat="45.7406989" lon="10.7185583">
      <ele>634.3184067003582</ele>
      <time>2026-03-28T12:53:55.022+01:00</time>
      <extensions>
        <activity type="ON_FOOT" conf="97" state="moving" tsMs="1774698841747"/>
        <radio op="vodafone IT" rat="LTE" rsrp="-122" rsrq="-16"/>
        <radio op="I TIM" rat="LTE" q="7.70" rsrp="-114" sinr="2" rsrq="-13"/>
      </extensions>
    </trkpt>
    <trkpt lat="45.7406989" lon="10.7185583">
      <ele>635.3999633789062</ele>
      <time>2026-03-28T12:54:34.195+01:00</time>
      <extensions>
        <activity type="ON_FOOT" conf="97" state="moving" tsMs="1774698873785"/>
        <radio op="vodafone IT" rat="LTE" rsrp="-133" rsrq="-22"/>
        <radio op="I TIM" rat="LTE" q="9.80" rsrp="-111" sinr="2" rsrq="-10"/>
      </extensions>
    </trkpt>
    <trkpt lat="45.7407813" lon="10.7177884">
      <ele>635.3999633789062</ele>
      <time>2026-03-28T12:54:52.612+01:00</time>
      <extensions>
        <activity type="ON_FOOT" conf="93" state="moving" tsMs="1774698877422"/>
        <radio op="vodafone IT" rat="LTE" rsrp="-111" rsrq="-19"/>
        <radio op="I TIM" rat="LTE" q="26.40" rsrp="-101" sinr="6" rsrq="-9"/>
      </extensions>
    </trkpt>
    <trkpt lat="45.7407802" lon="10.7177509">
      <ele>635.2000122070312</ele>
      <time>2026-03-28T12:55:04.024+01:00</time>
      <extensions>
        <activity type="ON_FOOT" conf="93" state="moving" tsMs="1774698877422"/>
        <radio op="vodafone IT" rat="LTE" rsrp="-113" rsrq="-15"/>
        <radio op="I TIM" rat="LTE" q="32.40" rsrp="-98" sinr="7" rsrq="-9"/>
      </extensions>
    </trkpt>
    <trkpt lat="45.7407612" lon="10.7177579">
      <ele>635.9560727166537</ele>
      <time>2026-03-28T12:55:14.497+01:00</time>
      <extensions>
        <activity type="UNKNOWN" conf="40" state="unknown" tsMs="1774698898082"/>
        <radio op="vodafone IT" rat="LTE" rsrp="-110" rsrq="-15"/>
        <radio op="I TIM" rat="LTE" q="31.90" rsrp="-96" sinr="6" rsrq="-10"/>
      </extensions>
    </trkpt>
    <trkpt lat="45.7407541" lon="10.717764">
      <ele>635.7288949430188</ele>
      <time>2026-03-28T12:55:17.089+01:00</time>
      <extensions>
        <activity type="UNKNOWN" conf="40" state="unknown" tsMs="1774698898082"/>
        <radio op="vodafone IT" rat="LTE" rsrp="-124" rsrq="-16"/>
        <radio op="I TIM" rat="LTE" q="11.20" rsrp="-109" sinr="2" rsrq="-10"/>
      </extensions>
    </trkpt>
    <trkpt lat="45.7407378" lon="10.7177578">
      <ele>634.1365917456021</ele>
      <time>2026-03-28T12:55:47.425+01:00</time>
      <extensions>
        <activity type="ON_FOOT" conf="96" state="moving" tsMs="1774698939892"/>
        <radio op="vodafone IT" rat="LTE" rsrp="-128" rsrq="-20"/>
        <radio op="I TIM" rat="LTE" q="7.20" rsrp="-113" sinr="1" rsrq="-11"/>
      </extensions>
    </trkpt>
    <trkpt lat="45.740585" lon="10.7190662">
      <ele>630.0981406331306</ele>
      <time>2026-03-28T12:56:25.541+01:00</time>
      <extensions>
        <activity type="ON_FOOT" conf="96" state="moving" tsMs="1774698984869"/>
        <radio op="vodafone IT" rat="LTE" rsrp="-126" rsrq="-19"/>
        <radio op="I TIM" rat="LTE" rsrp="-116" rsrq="-10"/>
      </extensions>
    </trkpt>
    <trkpt lat="45.7404284" lon="10.7204628">
      <ele>634.5</ele>
      <time>2026-03-28T12:57:56.673+01:00</time>
      <extensions>
        <activity type="ON_FOOT" conf="96" state="moving" tsMs="1774699076186"/>
        <radio op="vodafone IT" rat="LTE" rsrp="-129" rsrq="-20"/>
        <radio op="I TIM" rat="LTE" q="30.60" rsrp="-108" sinr="13" rsrq="-8"/>
      </extensions>
    </trkpt>
    <trkpt lat="45.740177" lon="10.720555">
      <ele>629.5344889562184</ele>
      <time>2026-03-28T12:58:35.023+01:00</time>
      <extensions>
        <activity type="ON_FOOT" conf="96" state="moving" tsMs="1774699099262"/>
        <radio op="vodafone IT" rat="LTE" rsrp="-114" rsrq="-17"/>
        <radio op="I TIM" rat="LTE" q="17.00" rsrp="-108" sinr="5" rsrq="-11"/>
      </extensions>
    </trkpt>
    <trkpt lat="45.7401615" lon="10.7205801">
      <ele>630.0788638967666</ele>
      <time>2026-03-28T12:58:45.055+01:00</time>
      <extensions>
        <activity type="ON_FOOT" conf="94" state="moving" tsMs="1774699114440"/>
        <radio op="vodafone IT" rat="LTE" rsrp="-114" rsrq="-16"/>
        <radio op="I TIM" rat="LTE" q="12.60" rsrp="-107" sinr="2" rsrq="-15"/>
      </extensions>
    </trkpt>
    <trkpt lat="45.7401531" lon="10.7205659">
      <ele>629.6702516293026</ele>
      <time>2026-03-28T12:58:55.922+01:00</time>
      <extensions>
        <activity type="ON_FOOT" conf="94" state="moving" tsMs="1774699114440"/>
        <radio op="vodafone IT" rat="LTE" rsrp="-112" rsrq="-17"/>
        <radio op="I TIM" rat="LTE" rsrp="-118" rsrq="-13"/>
      </extensions>
    </trkpt>
    <trkpt lat="45.7400456" lon="10.7205622">
      <ele>627.3999633789062</ele>
      <time>2026-03-28T12:59:05.542+01:00</time>
      <extensions>
        <activity type="ON_FOOT" conf="95" state="moving" tsMs="1774699131278"/>
        <radio op="vodafone IT" rat="LTE" rsrp="-111" rsrq="-11"/>
        <radio op="I TIM" rat="LTE" rsrp="-118" rsrq="-14"/>
      </extensions>
    </trkpt>
    <trkpt lat="45.7400099" lon="10.7205819">
      <ele>628.8999633789062</ele>
      <time>2026-03-28T12:59:12.504+01:00</time>
      <extensions>
        <activity type="ON_FOOT" conf="95" state="moving" tsMs="1774699131278"/>
        <radio op="vodafone IT" rat="LTE" q="11.90" rsrp="-108" sinr="2" rsrq="-12"/>
        <radio op="I TIM" rat="LTE" q="18.20" rsrp="-111" sinr="8" rsrq="-15"/>
      </extensions>
    </trkpt>
    <trkpt lat="45.7401739" lon="10.7213338">
      <ele>633.1134419965343</ele>
      <time>2026-03-28T13:00:01.247+01:00</time>
      <extensions>
        <activity type="ON_FOOT" conf="93" state="moving" tsMs="1774699190773"/>
        <radio op="vodafone IT" rat="OTHER"/>
        <radio op="I TIM" rat="LTE" q="24.70" rsrp="-106" sinr="8" rsrq="-14"/>
      </extensions>
    </trkpt>
    <trkpt lat="45.7401568" lon="10.7213276">
      <ele>639.7999877929688</ele>
      <time>2026-03-28T13:00:33.924+01:00</time>
      <extensions>
        <activity type="ON_FOOT" conf="94" state="moving" tsMs="1774699228403"/>
        <radio op="vodafone IT" rat="OTHER"/>
        <radio op="I TIM" rat="LTE" q="18.00" rsrp="-107" sinr="5" rsrq="-10"/>
      </extensions>
    </trkpt>
    <trkpt lat="45.7404219" lon="10.7226332">
      <ele>641.2675063557973</ele>
      <time>2026-03-28T13:01:05.619+01:00</time>
      <extensions>
        <activity type="ON_FOOT" conf="93" state="moving" tsMs="1774699265282"/>
        <radio op="vodafone IT" rat="OTHER"/>
        <radio op="I TIM" rat="LTE" q="26.00" rsrp="-105" sinr="8" rsrq="-11"/>
      </extensions>
    </trkpt>
    <trkpt lat="45.7402919" lon="10.7231924">
      <ele>648.0073208319398</ele>
      <time>2026-03-28T13:01:44.424+01:00</time>
      <extensions>
        <activity type="ON_FOOT" conf="96" state="moving" tsMs="1774699301961"/>
        <radio op="vodafone IT" rat="LTE" rsrp="-119" rsrq="-17"/>
        <radio op="I TIM" rat="LTE" q="11.20" rsrp="-111" sinr="3" rsrq="-10"/>
      </extensions>
    </trkpt>
    <trkpt lat="45.7400944" lon="10.7236788">
      <ele>651.3981755871056</ele>
      <time>2026-03-28T13:02:51.065+01:00</time>
      <extensions>
        <activity type="ON_FOOT" conf="97" state="moving" tsMs="1774699370959"/>
        <radio op="vodafone IT" rat="LTE" rsrp="-120" rsrq="-16"/>
        <radio op="I TIM" rat="LTE" q="3.50" rsrp="-118" sinr="0" rsrq="-14"/>
      </extensions>
    </trkpt>
    <trkpt lat="45.73987" lon="10.7243135">
      <ele>646.2254272214221</ele>
      <time>2026-03-28T13:03:26.202+01:00</time>
      <extensions>
        <activity type="ON_FOOT" conf="96" state="moving" tsMs="1774699391235"/>
        <radio op="vodafone IT" rat="LTE" rsrp="-115" rsrq="-18"/>
        <radio op="I TIM" rat="LTE" rsrp="-116" rsrq="-20"/>
      </extensions>
    </trkpt>
    <trkpt lat="45.7398702" lon="10.7242093">
      <ele>645.6055307798352</ele>
      <time>2026-03-28T13:03:36.761+01:00</time>
      <extensions>
        <activity type="ON_FOOT" conf="96" state="moving" tsMs="1774699391235"/>
        <radio op="vodafone IT" rat="LTE" rsrp="-113" rsrq="-19"/>
        <radio op="I TIM" rat="LTE" rsrp="-105" rsrq="-17"/>
      </extensions>
    </trkpt>
    <trkpt lat="45.7397758" lon="10.7241685">
      <ele>644.9129232413103</ele>
      <time>2026-03-28T13:03:47.022+01:00</time>
      <extensions>
        <activity type="ON_FOOT" conf="96" state="moving" tsMs="1774699425523"/>
        <radio op="vodafone IT" rat="LTE" rsrp="-119" rsrq="-20"/>
        <radio op="I TIM" rat="LTE" rsrp="-112" rsrq="-16"/>
      </extensions>
    </trkpt>
    <trkpt lat="45.7397804" lon="10.7241544">
      <ele>650.0999755859375</ele>
      <time>2026-03-28T13:03:48.022+01:00</time>
      <extensions>
        <activity type="ON_FOOT" conf="96" state="moving" tsMs="1774699436345"/>
        <radio op="vodafone IT" rat="LTE" rsrp="-111" rsrq="-15"/>
        <radio op="I TIM" rat="LTE" rsrp="-107" rsrq="-14"/>
      </extensions>
    </trkpt>
    <trkpt lat="45.7397855" lon="10.7241523">
      <ele>629.3325181256635</ele>
      <time>2026-03-28T13:04:43.616+01:00</time>
      <extensions>
        <activity type="ON_FOOT" conf="96" state="moving" tsMs="1774699481955"/>
        <radio op="vodafone IT" rat="LTE" rsrp="-111" rsrq="-18"/>
        <radio op="I TIM" rat="LTE" rsrp="-107" rsrq="-18"/>
      </extensions>
    </trkpt>
    <trkpt lat="45.7396533" lon="10.7244002">
      <ele>625.9281039864513</ele>
      <time>2026-03-28T13:06:12.047+01:00</time>
      <extensions>
        <activity type="ON_FOOT" conf="96" state="moving" tsMs="1774699563278"/>
        <radio op="vodafone IT" rat="LTE" rsrp="-121" rsrq="-17"/>
        <radio op="I TIM" rat="LTE" rsrp="-115" rsrq="-12"/>
      </extensions>
    </trkpt>
    <trkpt lat="45.7396533" lon="10.7244002">
      <ele>628.8807437975267</ele>
      <time>2026-03-28T13:06:57.748+01:00</time>
      <extensions>
        <activity type="ON_FOOT" conf="96" state="moving" tsMs="1774699612550"/>
        <radio op="vodafone IT" rat="LTE" rsrp="-122" rsrq="-19"/>
        <radio op="I TIM" rat="LTE" rsrp="-117" rsrq="-15"/>
      </extensions>
    </trkpt>
    <trkpt lat="45.7397976" lon="10.7246833">
      <ele>620.1147899041795</ele>
      <time>2026-03-28T13:09:01.096+01:00</time>
      <extensions>
        <activity type="ON_FOOT" conf="96" state="moving" tsMs="1774699734241"/>
        <radio op="vodafone IT" rat="LTE" rsrp="-123" rsrq="-18"/>
        <radio op="I TIM" rat="LTE" rsrp="-117" rsrq="-17"/>
      </extensions>
    </trkpt>
    <trkpt lat="45.7404918" lon="10.7288514">
      <ele>617.0</ele>
      <time>2026-03-28T13:10:30.027+01:00</time>
      <extensions>
        <activity type="ON_FOOT" conf="96" state="moving" tsMs="1774699826428"/>
        <radio op="vodafone IT" rat="LTE" rsrp="-123" rsrq="-19"/>
        <radio op="I TIM" rat="LTE" q="17.60" rsrp="-109" sinr="6" rsrq="-9"/>
      </extensions>
    </trkpt>
    <trkpt lat="45.7405231" lon="10.7288536">
      <ele>617.0</ele>
      <time>2026-03-28T13:10:35.619+01:00</time>
      <extensions>
        <activity type="ON_FOOT" conf="96" state="moving" tsMs="1774699826428"/>
        <radio op="vodafone IT" rat="LTE" rsrp="-123" rsrq="-19"/>
        <radio op="I TIM" rat="LTE" q="14.40" rsrp="-109" sinr="4" rsrq="-9"/>
      </extensions>
    </trkpt>
    <trkpt lat="45.7404918" lon="10.7288514">
      <ele>617.0</ele>
      <time>2026-03-28T13:11:10.799+01:00</time>
      <extensions>
        <activity type="ON_FOOT" conf="97" state="moving" tsMs="1774699867411"/>
        <radio op="vodafone IT" rat="LTE" rsrp="-123" rsrq="-19"/>
        <radio op="I TIM" rat="LTE" q="22.40" rsrp="-109" sinr="9" rsrq="-9"/>
      </extensions>
    </trkpt>
    <trkpt lat="45.7414479" lon="10.7290604">
      <ele>617.0</ele>
      <time>2026-03-28T13:11:45.024+01:00</time>
      <extensions>
        <activity type="ON_FOOT" conf="96" state="moving" tsMs="1774699910430"/>
        <radio op="vodafone IT" rat="LTE" rsrp="-123" rsrq="-19"/>
        <radio op="I TIM" rat="LTE" q="14.40" rsrp="-109" sinr="4" rsrq="-9"/>
      </extensions>
    </trkpt>
    <trkpt lat="45.7414479" lon="10.7290604">
      <ele>621.741293218092</ele>
      <time>2026-03-28T13:12:24.92+01:00</time>
      <extensions>
        <activity type="ON_FOOT" conf="98" state="moving" tsMs="1774699942403"/>
        <radio op="vodafone IT" rat="LTE" rsrp="-112" rsrq="-17"/>
        <radio op="I TIM" rat="LTE" rsrp="-117" rsrq="-17"/>
      </extensions>
    </trkpt>
    <trkpt lat="45.7411442" lon="10.7290153">
      <ele>623.8717156281659</ele>
      <time>2026-03-28T13:12:56.084+01:00</time>
      <extensions>
        <activity type="ON_FOOT" conf="96" state="moving" tsMs="1774699972596"/>
        <radio op="vodafone IT" rat="LTE" rsrp="-113" rsrq="-17"/>
        <radio op="I TIM" rat="LTE" rsrp="-107" rsrq="-14"/>
      </extensions>
    </trkpt>
    <trkpt lat="45.7411439" lon="10.7290168">
      <ele>623.7045257800097</ele>
      <time>2026-03-28T13:13:27.075+01:00</time>
      <extensions>
        <activity type="UNKNOWN" conf="40" state="unknown" tsMs="1774700003480"/>
        <radio op="vodafone IT" rat="LTE" rsrp="-114" rsrq="-12"/>
        <radio op="I TIM" rat="LTE" rsrp="-107" rsrq="-16"/>
      </extensions>
    </trkpt>
    <trkpt lat="45.7411093" lon="10.728953">
      <ele>624.0518842167618</ele>
      <time>2026-03-28T13:13:58.447+01:00</time>
      <extensions>
        <activity type="STILL" conf="49" state="still" tsMs="1774700034770"/>
        <radio op="vodafone IT" rat="LTE" rsrp="-111" rsrq="-16"/>
        <radio op="I TIM" rat="LTE" rsrp="-106" rsrq="-16"/>
      </extensions>
    </trkpt>
    <trkpt lat="45.7410822" lon="10.7289205">
      <ele>624.0719031818242</ele>
      <time>2026-03-28T13:14:29.886+01:00</time>
      <extensions>
        <activity type="STILL" conf="85" state="still" tsMs="1774700066205"/>
        <radio op="vodafone IT" rat="LTE" rsrp="-109" rsrq="-15"/>
        <radio op="I TIM" rat="LTE" rsrp="-112" rsrq="-15"/>
      </extensions>
    </trkpt>
    <trkpt lat="45.7411189" lon="10.7290043">
      <ele>624.1319603566124</ele>
      <time>2026-03-28T13:15:01.321+01:00</time>
      <extensions>
        <activity type="STILL" conf="97" state="still" tsMs="1774700097671"/>
        <radio op="vodafone IT" rat="LTE" rsrp="-109" rsrq="-15"/>
        <radio op="I TIM" rat="LTE" rsrp="-114" rsrq="-15"/>
      </extensions>
    </trkpt>
    <trkpt lat="45.7411426" lon="10.7290162">
      <ele>623.664488983785</ele>
      <time>2026-03-28T13:15:32.808+01:00</time>
      <extensions>
        <activity type="STILL" conf="96" state="still" tsMs="1774700129046"/>
        <radio op="vodafone IT" rat="LTE" rsrp="-107" rsrq="-15"/>
        <radio op="I TIM" rat="LTE" rsrp="-110" rsrq="-14"/>
      </extensions>
    </trkpt>
    <trkpt lat="45.7411426" lon="10.7290162">
      <ele>623.669308506092</ele>
      <time>2026-03-28T13:16:04.364+01:00</time>
      <extensions>
        <activity type="STILL" conf="99" state="still" tsMs="1774700159346"/>
        <radio op="vodafone IT" rat="LTE" rsrp="-106" rsrq="-15"/>
        <radio op="I TIM" rat="LTE" q="7.50" rsrp="-110" sinr="0" rsrq="-14"/>
      </extensions>
    </trkpt>
    <trkpt lat="45.7411426" lon="10.7290162">
      <ele>623.7356656392701</ele>
      <time>2026-03-28T13:16:35.813+01:00</time>
      <extensions>
        <activity type="STILL" conf="99" state="still" tsMs="1774700192158"/>
        <radio op="vodafone IT" rat="LTE" rsrp="-106" rsrq="-14"/>
        <radio op="I TIM" rat="LTE" q="7.50" rsrp="-110" sinr="0" rsrq="-14"/>
      </extensions>
    </trkpt>
    <trkpt lat="45.7411442" lon="10.7290153">
      <ele>623.6297300242717</ele>
      <time>2026-03-28T13:17:07.314+01:00</time>
      <extensions>
        <activity type="STILL" conf="99" state="still" tsMs="1774700223540"/>
        <radio op="vodafone IT" rat="LTE" rsrp="-106" rsrq="-15"/>
        <radio op="I TIM" rat="LTE" rsrp="-110" rsrq="-13"/>
      </extensions>
    </trkpt>
    <trkpt lat="45.7411426" lon="10.7290162">
      <ele>623.4562358495948</ele>
      <time>2026-03-28T13:17:38.753+01:00</time>
      <extensions>
        <activity type="STILL" conf="99" state="still" tsMs="1774700255144"/>
        <radio op="vodafone IT" rat="LTE" rsrp="-107" rsrq="-16"/>
        <radio op="I TIM" rat="LTE" rsrp="-110" rsrq="-13"/>
      </extensions>
    </trkpt>
    <trkpt lat="45.7419647" lon="10.7301687">
      <ele>623.2344760108473</ele>
      <time>2026-03-28T13:18:13.023+01:00</time>
      <extensions>
        <activity type="STILL" conf="97" state="still" tsMs="1774700298417"/>
        <radio op="vodafone IT" rat="LTE" rsrp="-106" rsrq="-15"/>
        <radio op="I TIM" rat="LTE" rsrp="-110" rsrq="-19"/>
      </extensions>
    </trkpt>
    <trkpt lat="45.7419667" lon="10.7301716">
      <ele>624.2925687428551</ele>
      <time>2026-03-28T13:18:53.304+01:00</time>
      <extensions>
        <activity type="UNKNOWN" conf="40" state="unknown" tsMs="1774700330659"/>
        <radio op="vodafone IT" rat="LTE" rsrp="-106" rsrq="-15"/>
        <radio op="I TIM" rat="LTE" rsrp="-111" rsrq="-20"/>
      </extensions>
    </trkpt>
    <trkpt lat="45.7419851" lon="10.7300768">
      <ele>623.3367952317714</ele>
      <time>2026-03-28T13:19:28.023+01:00</time>
      <extensions>
        <activity type="STILL" conf="100" state="still" tsMs="1774700367923"/>
        <radio op="vodafone IT" rat="LTE" rsrp="-106" rsrq="-13"/>
        <radio op="I TIM" rat="LTE" rsrp="-102" rsrq="-16"/>
      </extensions>
    </trkpt>
    <trkpt lat="45.7419851" lon="10.7300766">
      <ele>623.5236421677456</ele>
      <time>2026-03-28T13:20:07.803+01:00</time>
      <extensions>
        <activity type="STILL" conf="99" state="still" tsMs="1774700403330"/>
        <radio op="vodafone IT" rat="LTE" rsrp="-107" rsrq="-14"/>
        <radio op="I TIM" rat="LTE" rsrp="-102" rsrq="-15"/>
      </extensions>
    </trkpt>
    <trkpt lat="45.7419455" lon="10.7301438">
      <ele>623.0417640669242</ele>
      <time>2026-03-28T13:20:42.023+01:00</time>
      <extensions>
        <activity type="STILL" conf="99" state="still" tsMs="1774700447416"/>
        <radio op="vodafone IT" rat="LTE" rsrp="-107" rsrq="-13"/>
        <radio op="I TIM" rat="LTE" rsrp="-102" rsrq="-15"/>
      </extensions>
    </trkpt>
    <trkpt lat="45.7419454" lon="10.730144">
      <ele>623.8395116962723</ele>
      <time>2026-03-28T13:21:22.434+01:00</time>
      <extensions>
        <activity type="STILL" conf="99" state="still" tsMs="1774700479704"/>
        <radio op="vodafone IT" rat="LTE" rsrp="-109" rsrq="-13"/>
        <radio op="I TIM" rat="LTE" rsrp="-101" rsrq="-15"/>
      </extensions>
    </trkpt>
    <trkpt lat="45.7411426" lon="10.7290162">
      <ele>617.0</ele>
      <time>2026-03-28T13:26:48.416+01:00</time>
      <extensions>
        <activity type="STILL" conf="96" state="still" tsMs="1774700804277"/>
        <radio op="vodafone IT" rat="LTE" rsrp="-113" rsrq="-13"/>
        <radio op="I TIM" rat="LTE" rsrp="-110" rsrq="-17"/>
      </extensions>
    </trkpt>
    <trkpt lat="45.7420084" lon="10.7301121">
      <ele>617.0</ele>
      <time>2026-03-28T13:27:23.024+01:00</time>
      <extensions>
        <activity type="STILL" conf="33" state="still" tsMs="1774700849933"/>
        <radio op="vodafone IT" rat="LTE" rsrp="-112" rsrq="-14"/>
        <radio op="I TIM" rat="LTE" rsrp="-110" rsrq="-16"/>
      </extensions>
    </trkpt>
    <trkpt lat="45.7419941" lon="10.7300765">
      <ele>617.0</ele>
      <time>2026-03-28T13:28:06.005+01:00</time>
      <extensions>
        <activity type="STILL" conf="99" state="still" tsMs="1774700885858"/>
        <radio op="vodafone IT" rat="LTE" rsrp="-108" rsrq="-13"/>
        <radio op="I TIM" rat="LTE" rsrp="-110" rsrq="-16"/>
      </extensions>
    </trkpt>
    <trkpt lat="45.7420043" lon="10.7301949">
      <ele>617.0</ele>
      <time>2026-03-28T13:28:47.397+01:00</time>
      <extensions>
        <activity type="STILL" conf="57" state="still" tsMs="1774700921191"/>
        <radio op="vodafone IT" rat="LTE" rsrp="-108" rsrq="-11"/>
        <radio op="I TIM" rat="LTE" rsrp="-111" rsrq="-17"/>
      </extensions>
    </trkpt>
    <trkpt lat="45.7420043" lon="10.7301949">
      <ele>617.0</ele>
      <time>2026-03-28T13:29:17.953+01:00</time>
      <extensions>
        <activity type="STILL" conf="99" state="still" tsMs="1774700957339"/>
        <radio op="vodafone IT" rat="LTE" rsrp="-109" rsrq="-14"/>
        <radio op="I TIM" rat="LTE" rsrp="-109" rsrq="-16"/>
      </extensions>
    </trkpt>
    <trkpt lat="45.7418425" lon="10.7303795">
      <ele>617.0</ele>
      <time>2026-03-28T13:29:28.024+01:00</time>
      <extensions>
        <activity type="STILL" conf="100" state="still" tsMs="1774700961180"/>
        <radio op="vodafone IT" rat="LTE" rsrp="-110" rsrq="-12"/>
        <radio op="I TIM" rat="LTE" rsrp="-111" rsrq="-17"/>
      </extensions>
    </trkpt>
    <trkpt lat="45.7419894" lon="10.7300981">
      <ele>617.0</ele>
      <time>2026-03-28T13:29:38.038+01:00</time>
      <extensions>
        <activity type="STILL" conf="45" state="still" tsMs="1774700977165"/>
        <radio op="vodafone IT" rat="LTE" rsrp="-110" rsrq="-14"/>
        <radio op="I TIM" rat="LTE" rsrp="-109" rsrq="-16"/>
      </extensions>
    </trkpt>
    <trkpt lat="45.7419895" lon="10.7300982">
      <ele>617.0</ele>
      <time>2026-03-28T13:29:40.058+01:00</time>
      <extensions>
        <activity type="STILL" conf="45" state="still" tsMs="1774700977165"/>
        <radio op="vodafone IT" rat="LTE" rsrp="-110" rsrq="-12"/>
        <radio op="I TIM" rat="LTE" rsrp="-110" rsrq="-16"/>
      </extensions>
    </trkpt>
    <trkpt lat="45.7419892" lon="10.7301001">
      <ele>617.0</ele>
      <time>2026-03-28T13:30:19.575+01:00</time>
      <extensions>
        <activity type="STILL" conf="96" state="still" tsMs="1774701015342"/>
        <radio op="vodafone IT" rat="LTE" rsrp="-112" rsrq="-14"/>
        <radio op="I TIM" rat="LTE" rsrp="-110" rsrq="-17"/>
      </extensions>
    </trkpt>
    <trkpt lat="45.7421035" lon="10.7304255">
      <ele>617.0</ele>
      <time>2026-03-28T13:31:02.687+01:00</time>
      <extensions>
        <activity type="ON_FOOT" conf="98" state="moving" tsMs="1774701064314"/>
        <radio op="vodafone IT" rat="LTE" rsrp="-117" rsrq="-21"/>
        <radio op="I TIM" rat="LTE" q="8.50" rsrp="-108" sinr="0" rsrq="-15"/>
      </extensions>
    </trkpt>
    <trkpt lat="45.7421059" lon="10.7304323">
      <ele>619.6544318112327</ele>
      <time>2026-03-28T13:31:33.183+01:00</time>
      <extensions>
        <activity type="ON_FOOT" conf="97" state="moving" tsMs="1774701088900"/>
        <radio op="vodafone IT" rat="LTE" rsrp="-119" rsrq="-17"/>
        <radio op="I TIM" rat="LTE" rsrp="-116" rsrq="-19"/>
      </extensions>
    </trkpt>
    <trkpt lat="45.7421106" lon="10.7308499">
      <ele>619.6544318112327</ele>
      <time>2026-03-28T13:31:39.023+01:00</time>
      <extensions>
        <activity type="ON_FOOT" conf="97" state="moving" tsMs="1774701099468"/>
        <radio op="vodafone IT" rat="LTE" rsrp="-117" rsrq="-17"/>
        <radio op="I TIM" rat="LTE" rsrp="-112" rsrq="-16"/>
      </extensions>
    </trkpt>
    <trkpt lat="45.7421131" lon="10.7308647">
      <ele>620.4907801196788</ele>
      <time>2026-03-28T13:32:14.628+01:00</time>
      <extensions>
        <activity type="ON_FOOT" conf="96" state="moving" tsMs="1774701131737"/>
        <radio op="vodafone IT" rat="LTE" rsrp="-109" rsrq="-15"/>
        <radio op="I TIM" rat="LTE" rsrp="-114" rsrq="-16"/>
      </extensions>
    </trkpt>
    <trkpt lat="45.741757" lon="10.7311832">
      <ele>620.4221241042386</ele>
      <time>2026-03-28T13:32:21.023+01:00</time>
      <extensions>
        <activity type="ON_FOOT" conf="96" state="moving" tsMs="1774701131737"/>
        <radio op="vodafone IT" rat="LTE" rsrp="-109" rsrq="-17"/>
        <radio op="I TIM" rat="LTE" rsrp="-109" rsrq="-12"/>
      </extensions>
    </trkpt>
    <trkpt lat="45.7417553" lon="10.7312438">
      <ele>620.4221241042386</ele>
      <time>2026-03-28T13:32:56.149+01:00</time>
      <extensions>
        <activity type="ON_FOOT" conf="97" state="moving" tsMs="1774701173335"/>
        <radio op="vodafone IT" rat="LTE" rsrp="-112" rsrq="-13"/>
        <radio op="I TIM" rat="LTE" q="11.40" rsrp="-106" sinr="1" rsrq="-11"/>
      </extensions>
    </trkpt>
    <trkpt lat="45.7411406" lon="10.7310689">
      <ele>632.3267836161092</ele>
      <time>2026-03-28T13:33:36.819+01:00</time>
      <extensions>
        <activity type="ON_FOOT" conf="97" state="moving" tsMs="1774701214792"/>
        <radio op="vodafone IT" rat="LTE" rsrp="-122" rsrq="-14"/>
        <radio op="I TIM" rat="LTE" q="14.40" rsrp="-107" sinr="3" rsrq="-13"/>
      </extensions>
    </trkpt>
    <trkpt lat="45.741786" lon="10.7303683">
      <ele>638.3767260384415</ele>
      <time>2026-03-28T13:34:09.966+01:00</time>
      <extensions>
        <activity type="ON_FOOT" conf="97" state="moving" tsMs="1774701244711"/>
        <radio op="vodafone IT" rat="LTE" rsrp="-120" rsrq="-15"/>
        <radio op="I TIM" rat="LTE" rsrp="-105" rsrq="-14"/>
      </extensions>
    </trkpt>
    <trkpt lat="45.7417579" lon="10.7304078">
      <ele>641.5105110941381</ele>
      <time>2026-03-28T13:34:42.102+01:00</time>
      <extensions>
        <activity type="ON_FOOT" conf="91" state="moving" tsMs="1774701280195"/>
        <radio op="vodafone IT" rat="LTE" rsrp="-114" rsrq="-18"/>
        <radio op="I TIM" rat="LTE" q="15.20" rsrp="-106" sinr="3" rsrq="-13"/>
      </extensions>
    </trkpt>
    <trkpt lat="45.7417579" lon="10.7304078">
      <ele>647.5221318838779</ele>
      <time>2026-03-28T13:35:12.693+01:00</time>
      <extensions>
        <activity type="ON_FOOT" conf="96" state="moving" tsMs="1774701308315"/>
        <radio op="vodafone IT" rat="LTE" rsrp="-117" rsrq="-22"/>
        <radio op="I TIM" rat="LTE" rsrp="-109" rsrq="-13"/>
      </extensions>
    </trkpt>
    <trkpt lat="45.739957" lon="10.7315919">
      <ele>650.5496875424777</ele>
      <time>2026-03-28T13:35:45.023+01:00</time>
      <extensions>
        <activity type="ON_FOOT" conf="96" state="moving" tsMs="1774701340439"/>
        <radio op="vodafone IT" rat="LTE" q="38.50" rsrp="-90" sinr="6" rsrq="-12"/>
        <radio op="I TIM" rat="LTE" q="16.50" rsrp="-92" sinr="0" rsrq="-14"/>
      </extensions>
    </trkpt>
    <trkpt lat="45.7399523" lon="10.731595">
      <ele>650.6591103205043</ele>
      <time>2026-03-28T13:36:15.576+01:00</time>
      <extensions>
        <activity type="UNKNOWN" conf="40" state="unknown" tsMs="1774701372022"/>
        <radio op="vodafone IT" rat="LTE" rsrp="-116" rsrq="-19"/>
        <radio op="I TIM" rat="LTE" rsrp="-108" rsrq="-12"/>
      </extensions>
    </trkpt>
    <trkpt lat="45.7417419" lon="10.7305825">
      <ele>656.5845128186278</ele>
      <time>2026-03-28T13:36:48.749+01:00</time>
      <extensions>
        <activity type="ON_FOOT" conf="97" state="moving" tsMs="1774701403454"/>
        <radio op="vodafone IT" rat="LTE" rsrp="-107" rsrq="-14"/>
        <radio op="I TIM" rat="LTE" q="21.60" rsrp="-98" sinr="3" rsrq="-13"/>
      </extensions>
    </trkpt>
    <trkpt lat="45.7417476" lon="10.7305793">
      <ele>662.642771405538</ele>
      <time>2026-03-28T13:37:19.212+01:00</time>
      <extensions>
        <activity type="ON_FOOT" conf="98" state="moving" tsMs="1774701435633"/>
        <radio op="vodafone IT" rat="LTE" rsrp="-107" rsrq="-15"/>
        <radio op="I TIM" rat="LTE" rsrp="-112" rsrq="-19"/>
      </extensions>
    </trkpt>
    <trkpt lat="45.7418083" lon="10.7306386">
      <ele>669.3374981983014</ele>
      <time>2026-03-28T13:37:52.225+01:00</time>
      <extensions>
        <activity type="ON_FOOT" conf="96" state="moving" tsMs="1774701466994"/>
        <radio op="vodafone IT" rat="LTE" rsrp="-117" rsrq="-15"/>
        <radio op="I TIM" rat="LTE" rsrp="-109" rsrq="-13"/>
      </extensions>
    </trkpt>
    <trkpt lat="45.7408206" lon="10.73207">
      <ele>679.5465987495519</ele>
      <time>2026-03-28T13:38:32.938+01:00</time>
      <extensions>
        <activity type="ON_FOOT" conf="96" state="moving" tsMs="1774701509896"/>
        <radio op="vodafone IT" rat="LTE" rsrp="-107" rsrq="-18"/>
        <radio op="I TIM" rat="LTE" rsrp="-104" rsrq="-11"/>
      </extensions>
    </trkpt>
    <trkpt lat="45.7417565" lon="10.7310465">
      <ele>680.4978537146172</ele>
      <time>2026-03-28T13:39:06.209+01:00</time>
      <extensions>
        <activity type="UNKNOWN" conf="40" state="unknown" tsMs="1774701543885"/>
        <radio op="vodafone IT" rat="LTE" rsrp="-114" rsrq="-19"/>
        <radio op="I TIM" rat="LTE" q="14.40" rsrp="-107" sinr="3" rsrq="-10"/>
      </extensions>
    </trkpt>
    <trkpt lat="45.7417577" lon="10.7311454">
      <ele>681.8270708404232</ele>
      <time>2026-03-28T13:39:38.504+01:00</time>
      <extensions>
        <activity type="UNKNOWN" conf="40" state="unknown" tsMs="1774701575401"/>
        <radio op="vodafone IT" rat="LTE" rsrp="-114" rsrq="-16"/>
        <radio op="I TIM" rat="LTE" rsrp="-103" rsrq="-14"/>
      </extensions>
    </trkpt>
    <trkpt lat="45.7417577" lon="10.7311454">
      <ele>681.8405186601727</ele>
      <time>2026-03-28T13:40:09.004+01:00</time>
      <extensions>
        <activity type="STILL" conf="83" state="still" tsMs="1774701604648"/>
        <radio op="vodafone IT" rat="LTE" rsrp="-112" rsrq="-18"/>
        <radio op="I TIM" rat="LTE" rsrp="-104" rsrq="-12"/>
      </extensions>
    </trkpt>
    <trkpt lat="45.7417622" lon="10.731319">
      <ele>686.7122541340726</ele>
      <time>2026-03-28T13:40:42.143+01:00</time>
      <extensions>
        <activity type="UNKNOWN" conf="40" state="unknown" tsMs="1774701636865"/>
        <radio op="vodafone IT" rat="LTE" rsrp="-115" rsrq="-19"/>
        <radio op="I TIM" rat="LTE" q="9.50" rsrp="-106" sinr="0" rsrq="-13"/>
      </extensions>
    </trkpt>
    <trkpt lat="45.7417817" lon="10.7315201">
      <ele>692.3003237152614</ele>
      <time>2026-03-28T13:41:14.396+01:00</time>
      <extensions>
        <activity type="ON_FOOT" conf="85" state="moving" tsMs="1774701669143"/>
        <radio op="vodafone IT" rat="LTE" rsrp="-114" rsrq="-18"/>
        <radio op="I TIM" rat="LTE" q="6.00" rsrp="-113" sinr="0" rsrq="-14"/>
      </extensions>
    </trkpt>
    <trkpt lat="45.7417817" lon="10.7315201">
      <ele>698.6038771539049</ele>
      <time>2026-03-28T13:41:44.948+01:00</time>
      <extensions>
        <activity type="UNKNOWN" conf="40" state="unknown" tsMs="1774701699414"/>
        <radio op="vodafone IT" rat="LTE" rsrp="-122" rsrq="-19"/>
        <radio op="I TIM" rat="LTE" rsrp="-112" rsrq="-14"/>
      </extensions>
    </trkpt>
    <trkpt lat="45.7419795" lon="10.7327157">
      <ele>706.4650967634508</ele>
      <time>2026-03-28T13:42:17.022+01:00</time>
      <extensions>
        <activity type="ON_FOOT" conf="90" state="moving" tsMs="1774701735941"/>
        <radio op="vodafone IT" rat="LTE" rsrp="-117" rsrq="-19"/>
        <radio op="I TIM" rat="LTE" q="5.50" rsrp="-114" sinr="0" rsrq="-13"/>
      </extensions>
    </trkpt>
    <trkpt lat="45.7419795" lon="10.7327157">
      <ele>706.4650967634508</ele>
      <time>2026-03-28T13:42:17.027+01:00</time>
      <extensions>
        <activity type="ON_FOOT" conf="90" state="moving" tsMs="1774701735941"/>
        <radio op="vodafone IT" rat="LTE" rsrp="-104" rsrq="-16"/>
        <radio op="I TIM" rat="LTE" q="8.40" rsrp="-111" sinr="1" rsrq="-14"/>
      </extensions>
    </trkpt>
    <trkpt lat="45.7419417" lon="10.7316595">
      <ele>709.0456893475424</ele>
      <time>2026-03-28T13:42:49.126+01:00</time>
      <extensions>
        <activity type="UNKNOWN" conf="40" state="unknown" tsMs="1774701762026"/>
        <radio op="vodafone IT" rat="LTE" rsrp="-118" rsrq="-15"/>
        <radio op="I TIM" rat="LTE" q="6.00" rsrp="-115" sinr="1" rsrq="-12"/>
      </extensions>
    </trkpt>
    <trkpt lat="45.7419417" lon="10.7316595">
      <ele>715.5798002468873</ele>
      <time>2026-03-28T13:43:19.654+01:00</time>
      <extensions>
        <activity type="ON_FOOT" conf="91" state="moving" tsMs="1774701798520"/>
        <radio op="vodafone IT" rat="LTE" rsrp="-131" rsrq="-22"/>
        <radio op="I TIM" rat="LTE" q="8.40" rsrp="-111" sinr="1" rsrq="-13"/>
      </extensions>
    </trkpt>
    <trkpt lat="45.7419417" lon="10.7316595">
      <ele>715.5798002468873</ele>
      <time>2026-03-28T13:43:40.699+01:00</time>
      <extensions>
        <activity type="ON_FOOT" conf="95" state="moving" tsMs="1774701802961"/>
        <radio op="vodafone IT" rat="OTHER"/>
        <radio op="I TIM" rat="LTE" rsrp="-117" rsrq="-12"/>
      </extensions>
    </trkpt>
    <trkpt lat="45.7417348" lon="10.7317727">
      <ele>721.5999755859375</ele>
      <time>2026-03-28T13:44:12.887+01:00</time>
      <extensions>
        <activity type="ON_FOOT" conf="85" state="moving" tsMs="1774701846447"/>
        <radio op="vodafone IT" rat="OTHER"/>
        <radio op="I TIM" rat="LTE" rsrp="-115" rsrq="-15"/>
      </extensions>
    </trkpt>
    <trkpt lat="45.7417341" lon="10.7317731">
      <ele>728.8956455355361</ele>
      <time>2026-03-28T13:44:43.334+01:00</time>
      <extensions>
        <activity type="ON_FOOT" conf="96" state="moving" tsMs="1774701879663"/>
        <radio op="vodafone IT" rat="OTHER"/>
        <radio op="I TIM" rat="LTE" rsrp="-99" rsrq="-12"/>
      </extensions>
    </trkpt>
    <trkpt lat="45.7417951" lon="10.7318137">
      <ele>729.7363277744992</ele>
      <time>2026-03-28T13:45:17.022+01:00</time>
      <extensions>
        <activity type="UNKNOWN" conf="40" state="unknown" tsMs="1774701922380"/>
        <radio op="vodafone IT" rat="LTE" rsrp="-108" rsrq="-17"/>
        <radio op="I TIM" rat="LTE" rsrp="-105" rsrq="-14"/>
      </extensions>
    </trkpt>
    <trkpt lat="45.7418219" lon="10.7319213">
      <ele>728.9136753914404</ele>
      <time>2026-03-28T13:45:51.022+01:00</time>
      <extensions>
        <activity type="UNKNOWN" conf="40" state="unknown" tsMs="1774701956770"/>
        <radio op="vodafone IT" rat="LTE" rsrp="-114" rsrq="-15"/>
        <radio op="I TIM" rat="LTE" rsrp="-104" rsrq="-14"/>
      </extensions>
    </trkpt>
    <trkpt lat="45.7418474" lon="10.7318062">
      <ele>729.0691844676128</ele>
      <time>2026-03-28T13:46:57.022+01:00</time>
      <extensions>
        <activity type="STILL" conf="32" state="still" tsMs="1774702027921"/>
        <radio op="vodafone IT" rat="LTE" q="0.00" rsrp="-125" sinr="2" rsrq="-19"/>
        <radio op="I TIM" rat="LTE" q="20.90" rsrp="-106" sinr="6" rsrq="-9"/>
      </extensions>
    </trkpt>
    <trkpt lat="45.7418499" lon="10.7317949">
      <ele>729.6369960129568</ele>
      <time>2026-03-28T13:47:45.844+01:00</time>
      <extensions>
        <activity type="STILL" conf="63" state="still" tsMs="1774702059625"/>
        <radio op="vodafone IT" rat="LTE" rsrp="-121" rsrq="-17"/>
        <radio op="I TIM" rat="LTE" q="10.80" rsrp="-107" sinr="1" rsrq="-12"/>
      </extensions>
    </trkpt>
    <trkpt lat="45.741893" lon="10.7317865">
      <ele>729.4454253550293</ele>
      <time>2026-03-28T13:47:53.023+01:00</time>
      <extensions>
        <activity type="STILL" conf="48" state="still" tsMs="1774702079956"/>
        <radio op="vodafone IT" rat="LTE" rsrp="-125" rsrq="-18"/>
        <radio op="I TIM" rat="LTE" q="14.30" rsrp="-112" sinr="6" rsrq="-11"/>
      </extensions>
    </trkpt>
    <trkpt lat="45.7418963" lon="10.7317883">
      <ele>729.4454253550293</ele>
      <time>2026-03-28T13:48:11.663+01:00</time>
      <extensions>
        <activity type="UNKNOWN" conf="40" state="unknown" tsMs="1774702090791"/>
        <radio op="vodafone IT" rat="LTE" rsrp="-117" rsrq="-16"/>
        <radio op="I TIM" rat="LTE" rsrp="-106" rsrq="-12"/>
      </extensions>
    </trkpt>
    <trkpt lat="45.7418892" lon="10.7332703">
      <ele>729.8533632993867</ele>
      <time>2026-03-28T13:48:47.022+01:00</time>
      <extensions>
        <activity type="STILL" conf="59" state="still" tsMs="1774702132404"/>
        <radio op="vodafone IT" rat="LTE" rsrp="-112" rsrq="-18"/>
        <radio op="I TIM" rat="LTE" rsrp="-101" rsrq="-9"/>
      </extensions>
    </trkpt>
    <trkpt lat="45.741769" lon="10.7329293">
      <ele>721.5999755859375</ele>
      <time>2026-03-28T13:49:13.022+01:00</time>
      <extensions>
        <activity type="UNKNOWN" conf="40" state="unknown" tsMs="1774702153917"/>
        <radio op="vodafone IT" rat="LTE" rsrp="-119" rsrq="-17"/>
        <radio op="I TIM" rat="LTE" q="15.20" rsrp="-106" sinr="3" rsrq="-13"/>
      </extensions>
    </trkpt>
    <trkpt lat="45.7418274" lon="10.7322806">
      <ele>721.5999755859375</ele>
      <time>2026-03-28T13:49:36.025+01:00</time>
      <extensions>
        <activity type="UNKNOWN" conf="40" state="unknown" tsMs="1774702175481"/>
        <radio op="vodafone IT" rat="LTE" rsrp="-105" rsrq="-13"/>
        <radio op="I TIM" rat="LTE" rsrp="-111" rsrq="-19"/>
      </extensions>
    </trkpt>
    <trkpt lat="45.7417504" lon="10.7329514">
      <ele>729.5558596839486</ele>
      <time>2026-03-28T13:50:23.022+01:00</time>
      <extensions>
        <activity type="STILL" conf="72" state="still" tsMs="1774702228918"/>
        <radio op="vodafone IT" rat="LTE" rsrp="-106" rsrq="-14"/>
        <radio op="I TIM" rat="LTE" rsrp="-110" rsrq="-17"/>
      </extensions>
    </trkpt>
    <trkpt lat="45.7417499" lon="10.7329436">
      <ele>729.3755594711521</ele>
      <time>2026-03-28T13:50:59.37+01:00</time>
      <extensions>
        <activity type="STILL" conf="99" state="still" tsMs="1774702256288"/>
        <radio op="vodafone IT" rat="LTE" rsrp="-106" rsrq="-15"/>
        <radio op="I TIM" rat="LTE" rsrp="-111" rsrq="-17"/>
      </extensions>
    </trkpt>
    <trkpt lat="45.7417471" lon="10.7330317">
      <ele>729.3800669304042</ele>
      <time>2026-03-28T13:51:05.022+01:00</time>
      <extensions>
        <activity type="STILL" conf="99" state="still" tsMs="1774702256288"/>
        <radio op="vodafone IT" rat="LTE" rsrp="-106" rsrq="-15"/>
        <radio op="I TIM" rat="LTE" rsrp="-112" rsrq="-17"/>
      </extensions>
    </trkpt>
    <trkpt lat="45.7417534" lon="10.7329916">
      <ele>729.6685492365199</ele>
      <time>2026-03-28T13:51:54.558+01:00</time>
      <extensions>
        <activity type="STILL" conf="99" state="still" tsMs="1774702310214"/>
        <radio op="vodafone IT" rat="LTE" rsrp="-106" rsrq="-13"/>
        <radio op="I TIM" rat="LTE" rsrp="-111" rsrq="-17"/>
      </extensions>
    </trkpt>
    <trkpt lat="45.7417907" lon="10.7330643">
      <ele>729.7058090496404</ele>
      <time>2026-03-28T13:52:00.022+01:00</time>
      <extensions>
        <activity type="STILL" conf="99" state="still" tsMs="1774702336926"/>
        <radio op="vodafone IT" rat="LTE" rsrp="-106" rsrq="-14"/>
        <radio op="I TIM" rat="LTE" rsrp="-111" rsrq="-16"/>
      </extensions>
    </trkpt>
    <trkpt lat="45.741792" lon="10.733027">
      <ele>729.7124766030018</ele>
      <time>2026-03-28T13:52:50.973+01:00</time>
      <extensions>
        <activity type="UNKNOWN" conf="40" state="unknown" tsMs="1774702370216"/>
        <radio op="vodafone IT" rat="LTE" rsrp="-108" rsrq="-18"/>
        <radio op="I TIM" rat="LTE" rsrp="-108" rsrq="-16"/>
      </extensions>
    </trkpt>
    <trkpt lat="45.7417684" lon="10.7330376">
      <ele>729.7124766030018</ele>
      <time>2026-03-28T13:52:57.023+01:00</time>
      <extensions>
        <activity type="UNKNOWN" conf="40" state="unknown" tsMs="1774702370216"/>
        <radio op="vodafone IT" rat="LTE" rsrp="-106" rsrq="-17"/>
        <radio op="I TIM" rat="LTE" rsrp="-106" rsrq="-16"/>
      </extensions>
    </trkpt>
    <trkpt lat="45.7417694" lon="10.7330109">
      <ele>728.6931287962913</ele>
      <time>2026-03-28T13:53:32.13+01:00</time>
      <extensions>
        <activity type="STILL" conf="56" state="still" tsMs="1774702407146"/>
        <radio op="vodafone IT" rat="LTE" rsrp="-113" rsrq="-17"/>
        <radio op="I TIM" rat="LTE" rsrp="-108" rsrq="-16"/>
      </extensions>
    </trkpt>
    <trkpt lat="45.7417494" lon="10.7330051">
      <ele>728.6931287962913</ele>
      <time>2026-03-28T13:53:38.023+01:00</time>
      <extensions>
        <activity type="STILL" conf="71" state="still" tsMs="1774702418366"/>
        <radio op="vodafone IT" rat="LTE" rsrp="-107" rsrq="-19"/>
        <radio op="I TIM" rat="LTE" rsrp="-108" rsrq="-19"/>
      </extensions>
    </trkpt>
    <trkpt lat="45.7417506" lon="10.7329814">
      <ele>736.5703580912677</ele>
      <time>2026-03-28T13:54:17.166+01:00</time>
      <extensions>
        <activity type="UNKNOWN" conf="40" state="unknown" tsMs="1774702455818"/>
        <radio op="vodafone IT" rat="LTE" rsrp="-101" rsrq="-19"/>
        <radio op="I TIM" rat="LTE" rsrp="-110" rsrq="-16"/>
      </extensions>
    </trkpt>
    <trkpt lat="45.7417614" lon="10.7329381">
      <ele>738.4427946530286</ele>
      <time>2026-03-28T13:54:23.022+01:00</time>
      <extensions>
        <activity type="UNKNOWN" conf="40" state="unknown" tsMs="1774702455818"/>
        <radio op="vodafone IT" rat="LTE" rsrp="-109" rsrq="-16"/>
        <radio op="I TIM" rat="LTE" rsrp="-105" rsrq="-16"/>
      </extensions>
    </trkpt>
    <trkpt lat="45.7417609" lon="10.732976">
      <ele>738.3301040077473</ele>
      <time>2026-03-28T13:54:58.663+01:00</time>
      <extensions>
        <activity type="STILL" conf="30" state="still" tsMs="1774702493666"/>
        <radio op="vodafone IT" rat="LTE" rsrp="-114" rsrq="-18"/>
        <radio op="I TIM" rat="LTE" rsrp="-113" rsrq="-16"/>
      </extensions>
    </trkpt>
    <trkpt lat="45.7417428" lon="10.733008">
      <ele>738.4933579204704</ele>
      <time>2026-03-28T13:55:05.022+01:00</time>
      <extensions>
        <activity type="UNKNOWN" conf="40" state="unknown" tsMs="1774702505234"/>
        <radio op="vodafone IT" rat="LTE" rsrp="-111" rsrq="-19"/>
        <radio op="I TIM" rat="LTE" rsrp="-103" rsrq="-14"/>
      </extensions>
    </trkpt>
    <trkpt lat="45.7417426" lon="10.7329882">
      <ele>738.7818489210188</ele>
      <time>2026-03-28T13:55:40.4+01:00</time>
      <extensions>
        <activity type="STILL" conf="99" state="still" tsMs="1774702537277"/>
        <radio op="vodafone IT" rat="LTE" rsrp="-110" rsrq="-18"/>
        <radio op="I TIM" rat="LTE" rsrp="-103" rsrq="-16"/>
      </extensions>
    </trkpt>
    <trkpt lat="45.7417845" lon="10.7326576">
      <ele>738.7074714090569</ele>
      <time>2026-03-28T13:56:13.29+01:00</time>
      <extensions>
        <activity type="STILL" conf="99" state="still" tsMs="1774702568229"/>
        <radio op="vodafone IT" rat="LTE" rsrp="-111" rsrq="-19"/>
        <radio op="I TIM" rat="LTE" rsrp="-101" rsrq="-15"/>
      </extensions>
    </trkpt>
    <trkpt lat="45.7417476" lon="10.7330563">
      <ele>738.6962021451783</ele>
      <time>2026-03-28T13:56:16.022+01:00</time>
      <extensions>
        <activity type="STILL" conf="99" state="still" tsMs="1774702578683"/>
        <radio op="vodafone IT" rat="LTE" rsrp="-110" rsrq="-19"/>
        <radio op="I TIM" rat="LTE" rsrp="-102" rsrq="-17"/>
      </extensions>
    </trkpt>
    <trkpt lat="45.7417501" lon="10.7330257">
      <ele>741.6105562222775</ele>
      <time>2026-03-28T13:56:54.03+01:00</time>
      <extensions>
        <activity type="STILL" conf="99" state="still" tsMs="1774702610834"/>
        <radio op="vodafone IT" rat="LTE" q="7.00" rsrp="-111" sinr="0" rsrq="-12"/>
        <radio op="I TIM" rat="LTE" rsrp="-105" rsrq="-16"/>
      </extensions>
    </trkpt>
    <trkpt lat="45.7417772" lon="10.7326913">
      <ele>738.3098198484156</ele>
      <time>2026-03-28T13:57:26.917+01:00</time>
      <extensions>
        <activity type="STILL" conf="99" state="still" tsMs="1774702641878"/>
        <radio op="vodafone IT" rat="LTE" rsrp="-112" rsrq="-14"/>
        <radio op="I TIM" rat="LTE" rsrp="-105" rsrq="-15"/>
      </extensions>
    </trkpt>
    <trkpt lat="45.7417773" lon="10.7326905">
      <ele>738.2557289907622</ele>
      <time>2026-03-28T13:57:57.439+01:00</time>
      <extensions>
        <activity type="STILL" conf="99" state="still" tsMs="1774702673742"/>
        <radio op="vodafone IT" rat="LTE" rsrp="-115" rsrq="-13"/>
        <radio op="I TIM" rat="LTE" rsrp="-104" rsrq="-14"/>
      </extensions>
    </trkpt>
    <trkpt lat="45.7417754" lon="10.7327885">
      <ele>738.0088049714832</ele>
      <time>2026-03-28T13:58:30.194+01:00</time>
      <extensions>
        <activity type="STILL" conf="99" state="still" tsMs="1774702704829"/>
        <radio op="vodafone IT" rat="LTE" rsrp="-115" rsrq="-14"/>
        <radio op="I TIM" rat="LTE" rsrp="-106" rsrq="-15"/>
      </extensions>
    </trkpt>
    <trkpt lat="45.7417684" lon="10.733035">
      <ele>700.0088049714832</ele>
      <time>2026-03-28T13:58:35.022+01:00</time>
      <extensions>
        <activity type="STILL" conf="99" state="still" tsMs="1774702715579"/>
        <radio op="vodafone IT" rat="LTE" rsrp="-112" rsrq="-14"/>
        <radio op="I TIM" rat="LTE" rsrp="-105" rsrq="-15"/>
      </extensions>
    </trkpt>
    <trkpt lat="45.741767" lon="10.7330236">
      <ele>700.3017872123391</ele>
      <time>2026-03-28T13:59:10.779+01:00</time>
      <extensions>
        <activity type="STILL" conf="99" state="still" tsMs="1774702747697"/>
        <radio op="vodafone IT" rat="LTE" rsrp="-115" rsrq="-15"/>
        <radio op="I TIM" rat="LTE" rsrp="-105" rsrq="-16"/>
      </extensions>
    </trkpt>
    <trkpt lat="45.7417509" lon="10.7330097">
      <ele>741.5519568717314</ele>
      <time>2026-03-28T13:59:43.642+01:00</time>
      <extensions>
        <activity type="STILL" conf="99" state="still" tsMs="1774702778607"/>
        <radio op="vodafone IT" rat="LTE" q="12.00" rsrp="-110" sinr="3" rsrq="-14"/>
        <radio op="I TIM" rat="LTE" rsrp="-105" rsrq="-16"/>
      </extensions>
    </trkpt>
    <trkpt lat="45.7417517" lon="10.7330475">
      <ele>696.229164021647</ele>
      <time>2026-03-28T13:59:47.022+01:00</time>
      <extensions>
        <activity type="STILL" conf="99" state="still" tsMs="1774702789049"/>
        <radio op="vodafone IT" rat="LTE" rsrp="-111" rsrq="-14"/>
        <radio op="I TIM" rat="LTE" rsrp="-106" rsrq="-16"/>
      </extensions>
    </trkpt>
    <trkpt lat="45.7417749" lon="10.732909">
      <ele>731.952669749126</ele>
      <time>2026-03-28T14:00:49.329+01:00</time>
      <extensions>
        <activity type="STILL" conf="99" state="still" tsMs="1774702847728"/>
        <radio op="vodafone IT" rat="LTE" rsrp="-112" rsrq="-13"/>
        <radio op="I TIM" rat="LTE" rsrp="-104" rsrq="-16"/>
      </extensions>
    </trkpt>
    <trkpt lat="45.7417515" lon="10.7330034">
      <ele>731.952669749126</ele>
      <time>2026-03-28T14:00:56.022+01:00</time>
      <extensions>
        <activity type="STILL" conf="99" state="still" tsMs="1774702847728"/>
        <radio op="vodafone IT" rat="LTE" rsrp="-111" rsrq="-13"/>
        <radio op="I TIM" rat="LTE" rsrp="-104" rsrq="-15"/>
      </extensions>
    </trkpt>
    <trkpt lat="45.7417436" lon="10.7329432">
      <ele>673.9384715573136</ele>
      <time>2026-03-28T14:02:01.828+01:00</time>
      <extensions>
        <activity type="STILL" conf="99" state="still" tsMs="1774702915942"/>
        <radio op="vodafone IT" rat="LTE" rsrp="-112" rsrq="-13"/>
        <radio op="I TIM" rat="LTE" rsrp="-105" rsrq="-16"/>
      </extensions>
    </trkpt>
    <trkpt lat="45.7417438" lon="10.7329979">
      <ele>732.3177955734574</ele>
      <time>2026-03-28T14:02:06.022+01:00</time>
      <extensions>
        <activity type="STILL" conf="99" state="still" tsMs="1774702938319"/>
        <radio op="vodafone IT" rat="LTE" rsrp="-111" rsrq="-14"/>
        <radio op="I TIM" rat="LTE" rsrp="-105" rsrq="-16"/>
      </extensions>
    </trkpt>
    <trkpt lat="45.7417608" lon="10.7330381">
      <ele>745.0493480347735</ele>
      <time>2026-03-28T14:02:59.49+01:00</time>
      <extensions>
        <activity type="STILL" conf="99" state="still" tsMs="1774702977338"/>
        <radio op="vodafone IT" rat="LTE" rsrp="-111" rsrq="-13"/>
        <radio op="I TIM" rat="LTE" rsrp="-105" rsrq="-16"/>
      </extensions>
    </trkpt>
    <trkpt lat="45.7417217" lon="10.7330128">
      <ele>745.0493480347735</ele>
      <time>2026-03-28T14:03:04.022+01:00</time>
      <extensions>
        <activity type="STILL" conf="100" state="still" tsMs="1774702981092"/>
        <radio op="vodafone IT" rat="LTE" rsrp="-112" rsrq="-14"/>
        <radio op="I TIM" rat="LTE" rsrp="-105" rsrq="-16"/>
      </extensions>
    </trkpt>
    <trkpt lat="45.7418753" lon="10.7332808">
      <ele>744.0</ele>
      <time>2026-03-28T14:18:08.027+01:00</time>
      <extensions>
        <activity type="ON_FOOT" conf="88" state="moving" tsMs="1774703913957"/>
        <radio op="vodafone IT" rat="LTE" q="3.00" rsrp="-119" sinr="0" rsrq="-14"/>
        <radio op="I TIM" rat="LTE" q="7.00" rsrp="-115" sinr="2" rsrq="-12"/>
      </extensions>
    </trkpt>
    <trkpt lat="45.7418753" lon="10.7332808">
      <ele>744.0</ele>
      <time>2026-03-28T14:18:45.079+01:00</time>
      <extensions>
        <activity type="ON_FOOT" conf="81" state="moving" tsMs="1774703924678"/>
        <radio op="vodafone IT" rat="LTE" rsrp="-119" rsrq="-11"/>
        <radio op="I TIM" rat="LTE" q="11.00" rsrp="-115" sinr="6" rsrq="-8"/>
      </extensions>
    </trkpt>
    <trkpt lat="45.7420401" lon="10.7335542">
      <ele>631.2596619994885</ele>
      <time>2026-03-28T14:19:19.027+01:00</time>
      <extensions>
        <activity type="ON_FOOT" conf="88" state="moving" tsMs="1774703950649"/>
        <radio op="vodafone IT" rat="LTE" q="13.80" rsrp="-102" sinr="1" rsrq="-12"/>
        <radio op="I TIM" rat="LTE" q="13.00" rsrp="-112" sinr="5" rsrq="-10"/>
      </extensions>
    </trkpt>
    <trkpt lat="45.742041" lon="10.7335557">
      <ele>627.8909778968189</ele>
      <time>2026-03-28T14:19:52.563+01:00</time>
      <extensions>
        <activity type="STILL" conf="43" state="still" tsMs="1774703987034"/>
        <radio op="vodafone IT" rat="LTE" rsrp="-118" rsrq="-20"/>
        <radio op="I TIM" rat="LTE" rsrp="-120" rsrq="-14"/>
      </extensions>
    </trkpt>
    <trkpt lat="45.7419101" lon="10.7333858">
      <ele>741.0139832886375</ele>
      <time>2026-03-28T14:21:05.026+01:00</time>
      <extensions>
        <activity type="ON_FOOT" conf="92" state="moving" tsMs="1774704059270"/>
        <radio op="vodafone IT" rat="LTE" rsrp="-113" rsrq="-17"/>
        <radio op="I TIM" rat="LTE" rsrp="-116" rsrq="-23"/>
      </extensions>
    </trkpt>
    <trkpt lat="45.7420821" lon="10.7334703">
      <ele>741.8141915443078</ele>
      <time>2026-03-28T14:21:55.467+01:00</time>
      <extensions>
        <activity type="UNKNOWN" conf="40" state="unknown" tsMs="1774704109981"/>
        <radio op="vodafone IT" rat="LTE" q="3.00" rsrp="-119" sinr="0" rsrq="-14"/>
        <radio op="I TIM" rat="LTE" q="24.00" rsrp="-101" sinr="5" rsrq="-10"/>
      </extensions>
    </trkpt>
    <trkpt lat="45.7420818" lon="10.7334698">
      <ele>721.5999755859375</ele>
      <time>2026-03-28T14:23:12.218+01:00</time>
      <extensions>
        <activity type="STILL" conf="99" state="still" tsMs="1774704187331"/>
        <radio op="vodafone IT" rat="LTE" q="2.50" rsrp="-120" sinr="0" rsrq="-14"/>
        <radio op="I TIM" rat="LTE" q="22.00" rsrp="-105" sinr="6" rsrq="-12"/>
      </extensions>
    </trkpt>
    <trkpt lat="45.7420828" lon="10.7334709">
      <ele>721.5999755859375</ele>
      <time>2026-03-28T14:24:16.896+01:00</time>
      <extensions>
        <activity type="STILL" conf="99" state="still" tsMs="1774704253271"/>
        <radio op="vodafone IT" rat="LTE" q="2.50" rsrp="-120" sinr="0" rsrq="-15"/>
        <radio op="I TIM" rat="LTE" q="22.00" rsrp="-105" sinr="6" rsrq="-11"/>
      </extensions>
    </trkpt>
    <trkpt lat="45.742018" lon="10.7332838">
      <ele>721.5999755859375</ele>
      <time>2026-03-28T14:38:13.454+01:00</time>
      <extensions>
        <activity type="ON_FOOT" conf="87" state="moving" tsMs="1774705093033"/>
        <radio op="vodafone IT" rat="LTE" rsrp="-109" rsrq="-13"/>
        <radio op="I TIM" rat="LTE" rsrp="-103" rsrq="-13"/>
      </extensions>
    </trkpt>
    <trkpt lat="45.7416764" lon="10.7329916">
      <ele>721.5999755859375</ele>
      <time>2026-03-28T14:38:20.03+01:00</time>
      <extensions>
        <activity type="ON_FOOT" conf="87" state="moving" tsMs="1774705093033"/>
        <radio op="vodafone IT" rat="LTE" rsrp="-122" rsrq="-21"/>
        <radio op="I TIM" rat="LTE" rsrp="-114" rsrq="-15"/>
      </extensions>
    </trkpt>
    <trkpt lat="45.7415353" lon="10.7325674">
      <ele>705.643053060263</ele>
      <time>2026-03-28T14:39:34.03+01:00</time>
      <extensions>
        <activity type="ON_FOOT" conf="97" state="moving" tsMs="1774705173947"/>
        <radio op="vodafone IT" rat="LTE" rsrp="-121" rsrq="-16"/>
        <radio op="I TIM" rat="LTE" rsrp="-110" rsrq="-12"/>
      </extensions>
    </trkpt>
    <trkpt lat="45.7415344" lon="10.7325651">
      <ele>698.886169299282</ele>
      <time>2026-03-28T14:40:06.396+01:00</time>
      <extensions>
        <activity type="ON_FOOT" conf="98" state="moving" tsMs="1774705203956"/>
        <radio op="vodafone IT" rat="LTE" rsrp="-118" rsrq="-16"/>
        <radio op="I TIM" rat="LTE" rsrp="-109" rsrq="-11"/>
      </extensions>
    </trkpt>
    <trkpt lat="45.7420302" lon="10.7326733">
      <ele>689.1058638942236</ele>
      <time>2026-03-28T14:40:54.026+01:00</time>
      <extensions>
        <activity type="ON_FOOT" conf="91" state="moving" tsMs="1774705259419"/>
        <radio op="vodafone IT" rat="LTE" rsrp="-110" rsrq="-15"/>
        <radio op="I TIM" rat="LTE" q="10.50" rsrp="-104" sinr="0" rsrq="-12"/>
      </extensions>
    </trkpt>
    <trkpt lat="45.7420311" lon="10.7326735">
      <ele>682.4248533139729</ele>
      <time>2026-03-28T14:41:33.174+01:00</time>
      <extensions>
        <activity type="ON_FOOT" conf="94" state="moving" tsMs="1774705291533"/>
        <radio op="vodafone IT" rat="LTE" rsrp="-121" rsrq="-17"/>
        <radio op="I TIM" rat="LTE" q="9.80" rsrp="-111" sinr="2" rsrq="-13"/>
      </extensions>
    </trkpt>
    <trkpt lat="45.7416362" lon="10.7325315">
      <ele>675.3988764558331</ele>
      <time>2026-03-28T14:42:11.028+01:00</time>
      <extensions>
        <activity type="ON_FOOT" conf="96" state="moving" tsMs="1774705324203"/>
        <radio op="vodafone IT" rat="LTE" rsrp="-112" rsrq="-18"/>
        <radio op="I TIM" rat="LTE" rsrp="-112" rsrq="-14"/>
      </extensions>
    </trkpt>
    <trkpt lat="45.7416268" lon="10.7325281">
      <ele>668.4481586279098</ele>
      <time>2026-03-28T14:42:47.749+01:00</time>
      <extensions>
        <activity type="ON_FOOT" conf="96" state="moving" tsMs="1774705363168"/>
        <radio op="vodafone IT" rat="LTE" rsrp="-118" rsrq="-20"/>
        <radio op="I TIM" rat="LTE" rsrp="-111" rsrq="-16"/>
      </extensions>
    </trkpt>
    <trkpt lat="45.7415021" lon="10.7325657">
      <ele>660.4409340814337</ele>
      <time>2026-03-28T14:43:23.052+01:00</time>
      <extensions>
        <activity type="ON_FOOT" conf="96" state="moving" tsMs="1774705408454"/>
        <radio op="vodafone IT" rat="LTE" rsrp="-122" rsrq="-20"/>
        <radio op="I TIM" rat="LTE" rsrp="-111" rsrq="-15"/>
      </extensions>
    </trkpt>
    <trkpt lat="45.7415007" lon="10.7325661">
      <ele>651.8345355976184</ele>
      <time>2026-03-28T14:44:02.104+01:00</time>
      <extensions>
        <activity type="ON_FOOT" conf="97" state="moving" tsMs="1774705440757"/>
        <radio op="vodafone IT" rat="LTE" q="15.20" rsrp="-106" sinr="3" rsrq="-12"/>
        <radio op="I TIM" rat="LTE" rsrp="-110" rsrq="-20"/>
      </extensions>
    </trkpt>
    <trkpt lat="45.741288" lon="10.7324549">
      <ele>643.3289661149113</ele>
      <time>2026-03-28T14:44:36.03+01:00</time>
      <extensions>
        <activity type="ON_FOOT" conf="97" state="moving" tsMs="1774705483993"/>
        <radio op="vodafone IT" rat="LTE" rsrp="-123" rsrq="-18"/>
        <radio op="I TIM" rat="LTE" rsrp="-111" rsrq="-11"/>
      </extensions>
    </trkpt>
    <trkpt lat="45.7412843" lon="10.7324533">
      <ele>633.6935558335041</ele>
      <time>2026-03-28T14:45:06.32+01:00</time>
      <extensions>
        <activity type="ON_FOOT" conf="95" state="moving" tsMs="1774705505500"/>
        <radio op="vodafone IT" rat="LTE" rsrp="-127" rsrq="-16"/>
        <radio op="I TIM" rat="LTE" q="4.80" rsrp="-117" sinr="1" rsrq="-12"/>
      </extensions>
    </trkpt>
    <trkpt lat="45.7413953" lon="10.7324622">
      <ele>627.8406956419018</ele>
      <time>2026-03-28T14:45:41.03+01:00</time>
      <extensions>
        <activity type="ON_FOOT" conf="96" state="moving" tsMs="1774705546388"/>
        <radio op="vodafone IT" rat="LTE" rsrp="-122" rsrq="-19"/>
        <radio op="I TIM" rat="LTE" q="10.80" rsrp="-113" sinr="4" rsrq="-12"/>
      </extensions>
    </trkpt>
    <trkpt lat="45.7413982" lon="10.7324624">
      <ele>619.8817509353246</ele>
      <time>2026-03-28T14:46:20.72+01:00</time>
      <extensions>
        <activity type="ON_FOOT" conf="98" state="moving" tsMs="1774705578633"/>
        <radio op="vodafone IT" rat="LTE" rsrp="-117" rsrq="-15"/>
        <radio op="I TIM" rat="LTE" q="16.50" rsrp="-110" sinr="6" rsrq="-11"/>
      </extensions>
    </trkpt>
    <trkpt lat="45.7414392" lon="10.732178">
      <ele>613.1334653988623</ele>
      <time>2026-03-28T14:46:56.03+01:00</time>
      <extensions>
        <activity type="ON_FOOT" conf="96" state="moving" tsMs="1774705621410"/>
        <radio op="vodafone IT" rat="LTE" rsrp="-118" rsrq="-20"/>
        <radio op="I TIM" rat="LTE" q="12.60" rsrp="-107" sinr="2" rsrq="-11"/>
      </extensions>
    </trkpt>
    <trkpt lat="45.7414395" lon="10.7321747">
      <ele>607.9894212265391</ele>
      <time>2026-03-28T14:47:35.86+01:00</time>
      <extensions>
        <activity type="ON_FOOT" conf="96" state="moving" tsMs="1774705653624"/>
        <radio op="vodafone IT" rat="LTE" rsrp="-125" rsrq="-20"/>
        <radio op="I TIM" rat="LTE" q="25.50" rsrp="-108" sinr="10" rsrq="-8"/>
      </extensions>
    </trkpt>
    <trkpt lat="45.74169" lon="10.7320754">
      <ele>604.696086353762</ele>
      <time>2026-03-28T14:48:09.03+01:00</time>
      <extensions>
        <activity type="ON_FOOT" conf="96" state="moving" tsMs="1774705683372"/>
        <radio op="vodafone IT" rat="LTE" rsrp="-106" rsrq="-14"/>
        <radio op="I TIM" rat="LTE" q="7.20" rsrp="-116" sinr="3" rsrq="-12"/>
      </extensions>
    </trkpt>
    <trkpt lat="45.7417077" lon="10.7320702">
      <ele>606.5218498402843</ele>
      <time>2026-03-28T14:48:39.539+01:00</time>
      <extensions>
        <activity type="ON_FOOT" conf="96" state="moving" tsMs="1774705715940"/>
        <radio op="vodafone IT" rat="LTE" rsrp="-107" rsrq="-17"/>
        <radio op="I TIM" rat="LTE" rsrp="-106" rsrq="-18"/>
      </extensions>
    </trkpt>
    <trkpt lat="45.7417168" lon="10.732137">
      <ele>607.2277671837443</ele>
      <time>2026-03-28T14:49:13.035+01:00</time>
      <extensions>
        <activity type="ON_FOOT" conf="97" state="moving" tsMs="1774705747399"/>
        <radio op="vodafone IT" rat="LTE" rsrp="-122" rsrq="-17"/>
        <radio op="I TIM" rat="LTE" rsrp="-110" rsrq="-13"/>
      </extensions>
    </trkpt>
    <trkpt lat="45.7417167" lon="10.7321374">
      <ele>609.0763426362818</ele>
      <time>2026-03-28T14:49:43.531+01:00</time>
      <extensions>
        <activity type="ON_FOOT" conf="97" state="moving" tsMs="1774705779858"/>
        <radio op="vodafone IT" rat="LTE" rsrp="-112" rsrq="-14"/>
        <radio op="I TIM" rat="LTE" rsrp="-110" rsrq="-15"/>
      </extensions>
    </trkpt>
    <trkpt lat="45.7432924" lon="10.7317371">
      <ele>610.060926912202</ele>
      <time>2026-03-28T14:50:21.031+01:00</time>
      <extensions>
        <activity type="ON_FOOT" conf="98" state="moving" tsMs="1774705822476"/>
        <radio op="vodafone IT" rat="LTE" rsrp="-127" rsrq="-19"/>
        <radio op="I TIM" rat="LTE" q="30.80" rsrp="-103" sinr="9" rsrq="-9"/>
      </extensions>
    </trkpt>
    <trkpt lat="45.743365" lon="10.7317214">
      <ele>609.7579658981837</ele>
      <time>2026-03-28T14:50:57.298+01:00</time>
      <extensions>
        <activity type="ON_FOOT" conf="98" state="moving" tsMs="1774705854684"/>
        <radio op="vodafone IT" rat="LTE" rsrp="-122" rsrq="-17"/>
        <radio op="I TIM" rat="LTE" q="17.60" rsrp="-103" sinr="3" rsrq="-9"/>
      </extensions>
    </trkpt>
    <trkpt lat="45.7419182" lon="10.732212">
      <ele>612.1997788636975</ele>
      <time>2026-03-28T14:51:29.932+01:00</time>
      <extensions>
        <activity type="ON_FOOT" conf="97" state="moving" tsMs="1774705885155"/>
        <radio op="vodafone IT" rat="LTE" rsrp="-125" rsrq="-17"/>
        <radio op="I TIM" rat="LTE" q="23.40" rsrp="-99" sinr="4" rsrq="-7"/>
      </extensions>
    </trkpt>
    <trkpt lat="45.7419182" lon="10.732212">
      <ele>610.290382429798</ele>
      <time>2026-03-28T14:52:00.47+01:00</time>
      <extensions>
        <activity type="ON_FOOT" conf="96" state="moving" tsMs="1774705915212"/>
        <radio op="vodafone IT" rat="LTE" rsrp="-129" rsrq="-20"/>
        <radio op="I TIM" rat="LTE" q="55.80" rsrp="-94" sinr="13" rsrq="-6"/>
      </extensions>
    </trkpt>
    <trkpt lat="45.7419919" lon="10.7322776">
      <ele>617.0</ele>
      <time>2026-03-28T14:52:32.031+01:00</time>
      <extensions>
        <activity type="ON_FOOT" conf="96" state="moving" tsMs="1774705948063"/>
        <radio op="vodafone IT" rat="WCDMA"/>
        <radio op="I TIM" rat="LTE" q="45.00" rsrp="-100" sinr="13" rsrq="-7"/>
      </extensions>
    </trkpt>
    <trkpt lat="45.742136" lon="10.7323059">
      <ele>617.0</ele>
      <time>2026-03-28T14:53:06.029+01:00</time>
      <extensions>
        <activity type="STILL" conf="99" state="still" tsMs="1774705991438"/>
        <radio op="" rat="WCDMA"/>
        <radio op="I TIM" rat="LTE" q="32.30" rsrp="-106" sinr="12" rsrq="-7"/>
      </extensions>
    </trkpt>
    <trkpt lat="45.7422877" lon="10.7322887">
      <ele>612.7262185326199</ele>
      <time>2026-03-28T14:53:47.029+01:00</time>
      <extensions>
        <activity type="ON_FOOT" conf="96" state="moving" tsMs="1774706023374"/>
        <radio op="vodafone IT" rat="LTE" rsrp="-125" rsrq="-16"/>
        <radio op="I TIM" rat="LTE" q="36.10" rsrp="-106" sinr="14" rsrq="-7"/>
      </extensions>
    </trkpt>
    <trkpt lat="45.7446337" lon="10.7322322">
      <ele>635.0</ele>
      <time>2026-03-28T14:54:47.029+01:00</time>
      <extensions>
        <activity type="ON_FOOT" conf="96" state="moving" tsMs="1774706111985"/>
        <radio op="vodafone IT" rat="LTE" rsrp="-127" rsrq="-19"/>
        <radio op="I TIM" rat="LTE" q="25.30" rsrp="-102" sinr="6" rsrq="-8"/>
      </extensions>
    </trkpt>
    <trkpt lat="45.7423327" lon="10.7322344">
      <ele>609.8431726046447</ele>
      <time>2026-03-28T14:55:54.513+01:00</time>
      <extensions>
        <activity type="ON_FOOT" conf="96" state="moving" tsMs="1774706151359"/>
        <radio op="vodafone IT" rat="LTE" rsrp="-135" rsrq="-23"/>
        <radio op="I TIM" rat="LTE" q="10.40" rsrp="-112" sinr="3" rsrq="-10"/>
      </extensions>
    </trkpt>
    <trkpt lat="45.7436806" lon="10.7319063">
      <ele>613.7379347361885</ele>
      <time>2026-03-28T14:56:54.084+01:00</time>
      <extensions>
        <activity type="ON_FOOT" conf="97" state="moving" tsMs="1774706213430"/>
        <radio op="vodafone IT" rat="LTE" rsrp="-124" rsrq="-20"/>
        <radio op="I TIM" rat="LTE" rsrp="-111" rsrq="-12"/>
      </extensions>
    </trkpt>
    <trkpt lat="45.7420907" lon="10.7318498">
      <ele>589.2999877929688</ele>
      <time>2026-03-28T14:59:24.029+01:00</time>
      <extensions>
        <activity type="ON_FOOT" conf="94" state="moving" tsMs="1774706360377"/>
        <radio op="vodafone IT" rat="LTE" rsrp="-126" rsrq="-20"/>
        <radio op="I TIM" rat="LTE" rsrp="-110" rsrq="-13"/>
      </extensions>
    </trkpt>
    <trkpt lat="45.7411353" lon="10.7290105">
      <ele>617.0</ele>
      <time>2026-03-28T15:00:23.735+01:00</time>
      <extensions>
        <activity type="ON_FOOT" conf="97" state="moving" tsMs="1774706413352"/>
        <radio op="vodafone IT" rat="LTE" rsrp="-125" rsrq="-19"/>
        <radio op="" rat="LTE" rsrp="-125" rsrq="-19"/>
      </extensions>
    </trkpt>
    <trkpt lat="45.7411093" lon="10.728953">
      <ele>617.0</ele>
      <time>2026-03-28T15:00:56.914+01:00</time>
      <extensions>
        <activity type="ON_FOOT" conf="96" state="moving" tsMs="1774706453525"/>
        <radio op="vodafone IT" rat="OTHER"/>
        <radio op="I TIM" rat="LTE" q="7.00" rsrp="-115" sinr="2" rsrq="-14"/>
      </extensions>
    </trkpt>
    <trkpt lat="45.739827" lon="10.7281081">
      <ele>621.1863702872123</ele>
      <time>2026-03-28T15:02:01.296+01:00</time>
      <extensions>
        <activity type="ON_FOOT" conf="97" state="moving" tsMs="1774706522830"/>
        <radio op="vodafone IT" rat="LTE" q="9.80" rsrp="-111" sinr="2" rsrq="-14"/>
        <radio op="I TIM" rat="LTE" rsrp="-115" rsrq="-21"/>
      </extensions>
    </trkpt>
    <trkpt lat="45.7398281" lon="10.7281152">
      <ele>626.5999755859375</ele>
      <time>2026-03-28T15:02:46.631+01:00</time>
      <extensions>
        <activity type="ON_FOOT" conf="96" state="moving" tsMs="1774706565023"/>
        <radio op="vodafone IT" rat="LTE" rsrp="-120" rsrq="-17"/>
        <radio op="I TIM" rat="LTE" rsrp="-111" rsrq="-15"/>
      </extensions>
    </trkpt>
    <trkpt lat="45.7394764" lon="10.7264469">
      <ele>629.0</ele>
      <time>2026-03-28T15:03:32.029+01:00</time>
      <extensions>
        <activity type="ON_FOOT" conf="97" state="moving" tsMs="1774706623592"/>
        <radio op="vodafone IT" rat="LTE" rsrp="-107" rsrq="-15"/>
        <radio op="I TIM" rat="LTE" rsrp="-109" rsrq="-15"/>
      </extensions>
    </trkpt>
    <trkpt lat="45.7394731" lon="10.7264454">
      <ele>627.8400954306691</ele>
      <time>2026-03-28T15:04:09.378+01:00</time>
      <extensions>
        <activity type="ON_FOOT" conf="96" state="moving" tsMs="1774706645122"/>
        <radio op="vodafone IT" rat="LTE" rsrp="-109" rsrq="-14"/>
        <radio op="I TIM" rat="LTE" rsrp="-105" rsrq="-15"/>
      </extensions>
    </trkpt>
    <trkpt lat="45.7391093" lon="10.7250548">
      <ele>626.0999755859375</ele>
      <time>2026-03-28T15:04:42.356+01:00</time>
      <extensions>
        <activity type="ON_FOOT" conf="97" state="moving" tsMs="1774706677132"/>
        <radio op="vodafone IT" rat="LTE" rsrp="-121" rsrq="-22"/>
        <radio op="I TIM" rat="LTE" rsrp="-110" rsrq="-16"/>
      </extensions>
    </trkpt>
    <trkpt lat="45.7389411" lon="10.7252195">
      <ele>626.0999755859375</ele>
      <time>2026-03-28T15:05:12.95+01:00</time>
      <extensions>
        <activity type="ON_FOOT" conf="96" state="moving" tsMs="1774706709177"/>
        <radio op="vodafone IT" rat="LTE" q="8.00" rsrp="-109" sinr="0" rsrq="-12"/>
        <radio op="I TIM" rat="LTE" q="15.40" rsrp="-103" sinr="2" rsrq="-13"/>
      </extensions>
    </trkpt>
    <trkpt lat="45.7389648" lon="10.7241913">
      <ele>626.0999755859375</ele>
      <time>2026-03-28T15:05:44.525+01:00</time>
      <extensions>
        <activity type="ON_FOOT" conf="95" state="moving" tsMs="1774706740878"/>
        <radio op="vodafone IT" rat="LTE" rsrp="-110" rsrq="-15"/>
        <radio op="I TIM" rat="LTE" q="18.00" rsrp="-95" sinr="1" rsrq="-10"/>
      </extensions>
    </trkpt>
    <trkpt lat="45.7390555" lon="10.723859">
      <ele>627.3487154714176</ele>
      <time>2026-03-28T15:06:15.921+01:00</time>
      <extensions>
        <activity type="UNKNOWN" conf="40" state="unknown" tsMs="1774706772237"/>
        <radio op="vodafone IT" rat="LTE" rsrp="-108" rsrq="-14"/>
        <radio op="I TIM" rat="LTE" q="42.00" rsrp="-90" sinr="7" rsrq="-12"/>
      </extensions>
    </trkpt>
    <trkpt lat="45.7385711" lon="10.7230296">
      <ele>621.0</ele>
      <time>2026-03-28T15:06:47.292+01:00</time>
      <extensions>
        <activity type="ON_FOOT" conf="96" state="moving" tsMs="1774706803643"/>
        <radio op="vodafone IT" rat="LTE" q="10.20" rsrp="-108" sinr="1" rsrq="-10"/>
        <radio op="I TIM" rat="LTE" q="24.00" rsrp="-95" sinr="3" rsrq="-8"/>
      </extensions>
    </trkpt>
    <trkpt lat="45.7384606" lon="10.7230253">
      <ele>618.3341917537854</ele>
      <time>2026-03-28T15:07:18.751+01:00</time>
      <extensions>
        <activity type="ON_FOOT" conf="97" state="moving" tsMs="1774706834999"/>
        <radio op="vodafone IT" rat="LTE" rsrp="-118" rsrq="-16"/>
        <radio op="I TIM" rat="LTE" q="9.50" rsrp="-106" sinr="0" rsrq="-13"/>
      </extensions>
    </trkpt>
    <trkpt lat="45.7385685" lon="10.7231116">
      <ele>615.4710523755327</ele>
      <time>2026-03-28T15:07:50.012+01:00</time>
      <extensions>
        <activity type="ON_FOOT" conf="93" state="moving" tsMs="1774706866499"/>
        <radio op="vodafone IT" rat="LTE" rsrp="-120" rsrq="-20"/>
        <radio op="I TIM" rat="LTE" q="9.80" rsrp="-111" sinr="2" rsrq="-12"/>
      </extensions>
    </trkpt>
    <trkpt lat="45.7385861" lon="10.7230991">
      <ele>616.2000122070312</ele>
      <time>2026-03-28T15:08:21.412+01:00</time>
      <extensions>
        <activity type="UNKNOWN" conf="40" state="unknown" tsMs="1774706897869"/>
        <radio op="vodafone IT" rat="LTE" rsrp="-118" rsrq="-15"/>
        <radio op="I TIM" rat="LTE" rsrp="-115" rsrq="-15"/>
      </extensions>
    </trkpt>
    <trkpt lat="45.7386094" lon="10.7230638">
      <ele>621.7999877929688</ele>
      <time>2026-03-28T15:08:52.655+01:00</time>
      <extensions>
        <activity type="STILL" conf="65" state="still" tsMs="1774706929187"/>
        <radio op="vodafone IT" rat="LTE" rsrp="-113" rsrq="-14"/>
        <radio op="I TIM" rat="LTE" q="16.00" rsrp="-105" sinr="3" rsrq="-14"/>
      </extensions>
    </trkpt>
    <trkpt lat="45.7385707" lon="10.7230869">
      <ele>621.7999877929688</ele>
      <time>2026-03-28T15:09:03.029+01:00</time>
      <extensions>
        <activity type="STILL" conf="47" state="still" tsMs="1774706938356"/>
        <radio op="vodafone IT" rat="LTE" rsrp="-111" rsrq="-14"/>
        <radio op="I TIM" rat="LTE" q="22.00" rsrp="-103" sinr="5" rsrq="-14"/>
      </extensions>
    </trkpt>
    <trkpt lat="45.7385673" lon="10.7230849">
      <ele>620.7999877929688</ele>
      <time>2026-03-28T15:09:13.096+01:00</time>
      <extensions>
        <activity type="UNKNOWN" conf="40" state="unknown" tsMs="1774706943601"/>
        <radio op="vodafone IT" rat="LTE" rsrp="-118" rsrq="-17"/>
        <radio op="I TIM" rat="LTE" q="14.00" rsrp="-105" sinr="2" rsrq="-12"/>
      </extensions>
    </trkpt>
    <trkpt lat="45.7385661" lon="10.7230856">
      <ele>620.7999877929688</ele>
      <time>2026-03-28T15:09:23.068+01:00</time>
      <extensions>
        <activity type="STILL" conf="97" state="still" tsMs="1774706958904"/>
        <radio op="vodafone IT" rat="LTE" rsrp="-111" rsrq="-16"/>
        <radio op="I TIM" rat="LTE" q="17.60" rsrp="-103" sinr="3" rsrq="-12"/>
      </extensions>
    </trkpt>
    <trkpt lat="45.7385612" lon="10.7230862">
      <ele>621.7999877929688</ele>
      <time>2026-03-28T15:09:33.038+01:00</time>
      <extensions>
        <activity type="STILL" conf="99" state="still" tsMs="1774706964111"/>
        <radio op="vodafone IT" rat="LTE" rsrp="-112" rsrq="-16"/>
        <radio op="I TIM" rat="LTE" q="15.40" rsrp="-103" sinr="2" rsrq="-10"/>
      </extensions>
    </trkpt>
    <trkpt lat="45.738558" lon="10.7230883">
      <ele>621.7999877929688</ele>
      <time>2026-03-28T15:09:43.029+01:00</time>
      <extensions>
        <activity type="STILL" conf="99" state="still" tsMs="1774706979471"/>
        <radio op="vodafone IT" rat="LTE" rsrp="-112" rsrq="-16"/>
        <radio op="I TIM" rat="LTE" rsrp="-104" rsrq="-10"/>
      </extensions>
    </trkpt>
    <trkpt lat="45.7385521" lon="10.723088">
      <ele>621.7999877929688</ele>
      <time>2026-03-28T15:09:53.092+01:00</time>
      <extensions>
        <activity type="STILL" conf="49" state="still" tsMs="1774706984653"/>
        <radio op="vodafone IT" rat="LTE" rsrp="-112" rsrq="-16"/>
        <radio op="I TIM" rat="LTE" q="14.70" rsrp="-104" sinr="2" rsrq="-13"/>
      </extensions>
    </trkpt>
    <trkpt lat="45.7385384" lon="10.7230836">
      <ele>619.8999633789062</ele>
      <time>2026-03-28T15:10:04.029+01:00</time>
      <extensions>
        <activity type="STILL" conf="100" state="still" tsMs="1774707000068"/>
        <radio op="vodafone IT" rat="LTE" rsrp="-111" rsrq="-16"/>
        <radio op="I TIM" rat="LTE" q="12.60" rsrp="-104" sinr="1" rsrq="-12"/>
      </extensions>
    </trkpt>
    <trkpt lat="45.7385385" lon="10.7230836">
      <ele>619.8999633789062</ele>
      <time>2026-03-28T15:10:14.029+01:00</time>
      <extensions>
        <activity type="STILL" conf="48" state="still" tsMs="1774707012819"/>
        <radio op="vodafone IT" rat="LTE" rsrp="-103" rsrq="-14"/>
        <radio op="I TIM" rat="LTE" q="22.00" rsrp="-103" sinr="5" rsrq="-11"/>
      </extensions>
    </trkpt>
    <trkpt lat="45.7385385" lon="10.7230836">
      <ele>619.8999633789062</ele>
      <time>2026-03-28T15:10:24.029+01:00</time>
      <extensions>
        <activity type="STILL" conf="64" state="still" tsMs="1774707023572"/>
        <radio op="vodafone IT" rat="LTE" rsrp="-106" rsrq="-15"/>
        <radio op="I TIM" rat="LTE" q="15.00" rsrp="-100" sinr="1" rsrq="-12"/>
      </extensions>
    </trkpt>
    <trkpt lat="45.7385385" lon="10.7230836">
      <ele>619.8999633789062</ele>
      <time>2026-03-28T15:10:34.029+01:00</time>
      <extensions>
        <activity type="STILL" conf="55" state="still" tsMs="1774707034273"/>
        <radio op="vodafone IT" rat="LTE" rsrp="-105" rsrq="-16"/>
        <radio op="I TIM" rat="LTE" q="17.50" rsrp="-100" sinr="2" rsrq="-10"/>
      </extensions>
    </trkpt>
    <trkpt lat="45.7385385" lon="10.7230836">
      <ele>619.8999633789062</ele>
      <time>2026-03-28T15:10:44.029+01:00</time>
      <extensions>
        <activity type="STILL" conf="97" state="still" tsMs="1774707039647"/>
        <radio op="vodafone IT" rat="LTE" rsrp="-104" rsrq="-13"/>
        <radio op="I TIM" rat="LTE" q="17.50" rsrp="-100" sinr="2" rsrq="-10"/>
      </extensions>
    </trkpt>
    <trkpt lat="45.7385385" lon="10.7230836">
      <ele>619.8999633789062</ele>
      <time>2026-03-28T15:10:54.028+01:00</time>
      <extensions>
        <activity type="IN_VEHICLE" conf="90" state="moving" tsMs="1774707050519"/>
        <radio op="vodafone IT" rat="LTE" q="7.80" rsrp="-112" sinr="1" rsrq="-12"/>
        <radio op="I TIM" rat="LTE" q="17.50" rsrp="-100" sinr="2" rsrq="-11"/>
      </extensions>
    </trkpt>
    <trkpt lat="45.7385385" lon="10.7230836">
      <ele>619.8999633789062</ele>
      <time>2026-03-28T15:11:04.028+01:00</time>
      <extensions>
        <activity type="IN_VEHICLE" conf="96" state="moving" tsMs="1774707061212"/>
        <radio op="vodafone IT" rat="LTE" rsrp="-109" rsrq="-16"/>
        <radio op="I TIM" rat="LTE" q="16.10" rsrp="-102" sinr="2" rsrq="-10"/>
      </extensions>
    </trkpt>
    <trkpt lat="45.73879" lon="10.7235066">
      <ele>619.8999633789062</ele>
      <time>2026-03-28T15:11:14.028+01:00</time>
      <extensions>
        <activity type="IN_VEHICLE" conf="97" state="moving" tsMs="1774707071939"/>
        <radio op="vodafone IT" rat="LTE" rsrp="-114" rsrq="-21"/>
        <radio op="I TIM" rat="LTE" q="27.50" rsrp="-100" sinr="6" rsrq="-13"/>
      </extensions>
    </trkpt>
    <trkpt lat="45.7390836" lon="10.7237928">
      <ele>619.8999633789062</ele>
      <time>2026-03-28T15:11:25.028+01:00</time>
      <extensions>
        <activity type="IN_VEHICLE" conf="97" state="moving" tsMs="1774707082747"/>
        <radio op="vodafone IT" rat="LTE" rsrp="-106" rsrq="-18"/>
        <radio op="I TIM" rat="LTE" q="18.90" rsrp="-98" sinr="2" rsrq="-11"/>
      </extensions>
    </trkpt>
    <trkpt lat="45.739151" lon="10.7235834">
      <ele>623.0</ele>
      <time>2026-03-28T15:11:34.028+01:00</time>
      <extensions>
        <activity type="IN_VEHICLE" conf="91" state="moving" tsMs="1774707093359"/>
        <radio op="vodafone IT" rat="LTE" rsrp="-120" rsrq="-22"/>
        <radio op="I TIM" rat="LTE" rsrp="-113" rsrq="-16"/>
      </extensions>
    </trkpt>
    <trkpt lat="45.7390801" lon="10.7227422">
      <ele>627.0</ele>
      <time>2026-03-28T15:11:44.028+01:00</time>
      <extensions>
        <activity type="IN_VEHICLE" conf="97" state="moving" tsMs="1774707104072"/>
        <radio op="vodafone IT" rat="LTE" rsrq="-20"/>
        <radio op="I TIM" rat="LTE" q="4.50" rsrp="-116" sinr="0" rsrq="-13"/>
      </extensions>
    </trkpt>
    <trkpt lat="45.7390006" lon="10.7215384">
      <ele>624.0</ele>
      <time>2026-03-28T15:11:54.028+01:00</time>
      <extensions>
        <activity type="IN_VEHICLE" conf="97" state="moving" tsMs="1774707114782"/>
        <radio op="vodafone IT" rat="LTE" rsrp="-127" rsrq="-20"/>
        <radio op="I TIM" rat="LTE" q="12.00" rsrp="-110" sinr="3" rsrq="-11"/>
      </extensions>
    </trkpt>
    <trkpt lat="45.7394924" lon="10.7210939">
      <ele>625.0</ele>
      <time>2026-03-28T15:12:04.028+01:00</time>
      <extensions>
        <activity type="IN_VEHICLE" conf="97" state="moving" tsMs="1774707125508"/>
        <radio op="vodafone IT" rat="LTE" rsrp="-124" rsrq="-21"/>
        <radio op="I TIM" rat="LTE" rsrp="-114" rsrq="-14"/>
      </extensions>
    </trkpt>
    <trkpt lat="45.7399645" lon="10.7207015">
      <ele>624.0</ele>
      <time>2026-03-28T15:12:15.028+01:00</time>
      <extensions>
        <activity type="IN_VEHICLE" conf="97" state="moving" tsMs="1774707130840"/>
        <radio op="vodafone IT" rat="LTE" rsrp="-124" rsrq="-21"/>
        <radio op="I TIM" rat="LTE" q="18.20" rsrp="-112" sinr="9" rsrq="-11"/>
      </extensions>
    </trkpt>
    <trkpt lat="45.7404254" lon="10.7204231">
      <ele>629.0</ele>
      <time>2026-03-28T15:12:25.028+01:00</time>
      <extensions>
        <activity type="IN_VEHICLE" conf="97" state="moving" tsMs="1774707141560"/>
        <radio op="vodafone IT" rat="LTE" rsrp="-122" rsrq="-21"/>
        <radio op="I TIM" rat="LTE" q="16.90" rsrp="-112" sinr="8" rsrq="-11"/>
      </extensions>
    </trkpt>
    <trkpt lat="45.7406877" lon="10.7199463">
      <ele>634.0</ele>
      <time>2026-03-28T15:12:35.028+01:00</time>
      <extensions>
        <activity type="IN_VEHICLE" conf="97" state="moving" tsMs="1774707152311"/>
        <radio op="vodafone IT" rat="LTE" rsrp="-124" rsrq="-17"/>
        <radio op="I TIM" rat="LTE" q="10.50" rsrp="-110" sinr="2" rsrq="-12"/>
      </extensions>
    </trkpt>
    <trkpt lat="45.7406859" lon="10.7190618">
      <ele>633.0</ele>
      <time>2026-03-28T15:12:45.028+01:00</time>
      <extensions>
        <activity type="IN_VEHICLE" conf="96" state="moving" tsMs="1774707163035"/>
        <radio op="vodafone IT" rat="LTE" rsrp="-112" rsrq="-18"/>
        <radio op="I TIM" rat="LTE" q="19.50" rsrp="-110" sinr="8" rsrq="-11"/>
      </extensions>
    </trkpt>
    <trkpt lat="45.7407927" lon="10.7185112">
      <ele>637.0</ele>
      <time>2026-03-28T15:12:55.028+01:00</time>
      <extensions>
        <activity type="IN_VEHICLE" conf="97" state="moving" tsMs="1774707173724"/>
        <radio op="vodafone IT" rat="LTE" rsrp="-124" rsrq="-19"/>
        <radio op="I TIM" rat="LTE" rsrp="-108" rsrq="-13"/>
      </extensions>
    </trkpt>
    <trkpt lat="45.7406351" lon="10.7178662">
      <ele>639.0</ele>
      <time>2026-03-28T15:13:05.029+01:00</time>
      <extensions>
        <activity type="IN_VEHICLE" conf="97" state="moving" tsMs="1774707184420"/>
        <radio op="vodafone IT" rat="LTE" rsrp="-111" rsrq="-19"/>
        <radio op="I TIM" rat="LTE" q="24.70" rsrp="-106" sinr="8" rsrq="-10"/>
      </extensions>
    </trkpt>
    <trkpt lat="45.7412708" lon="10.7174208">
      <ele>640.0</ele>
      <time>2026-03-28T15:13:16.028+01:00</time>
      <extensions>
        <activity type="IN_VEHICLE" conf="97" state="moving" tsMs="1774707195097"/>
        <radio op="vodafone IT" rat="LTE" rsrp="-119" rsrq="-19"/>
        <radio op="I TIM" rat="LTE" q="25.30" rsrp="-102" sinr="6" rsrq="-9"/>
      </extensions>
    </trkpt>
    <trkpt lat="45.7413243" lon="10.717">
      <ele>639.0</ele>
      <time>2026-03-28T15:13:26.029+01:00</time>
      <extensions>
        <activity type="IN_VEHICLE" conf="97" state="moving" tsMs="1774707205844"/>
        <radio op="vodafone IT" rat="LTE" rsrp="-120" rsrq="-21"/>
        <radio op="I TIM" rat="LTE" q="18.00" rsrp="-105" sinr="4" rsrq="-10"/>
      </extensions>
    </trkpt>
    <trkpt lat="45.7411294" lon="10.7164986">
      <ele>637.0</ele>
      <time>2026-03-28T15:13:36.028+01:00</time>
      <extensions>
        <activity type="IN_VEHICLE" conf="97" state="moving" tsMs="1774707211365"/>
        <radio op="vodafone IT" rat="LTE" rsrp="-123" rsrq="-22"/>
        <radio op="I TIM" rat="LTE" rsrp="-107" rsrq="-12"/>
      </extensions>
    </trkpt>
    <trkpt lat="45.7406065" lon="10.7160313">
      <ele>638.0</ele>
      <time>2026-03-28T15:13:46.028+01:00</time>
      <extensions>
        <activity type="IN_VEHICLE" conf="97" state="moving" tsMs="1774707222014"/>
        <radio op="vodafone IT" rat="LTE" rsrp="-116" rsrq="-21"/>
        <radio op="I TIM" rat="LTE" rsrp="-109" rsrq="-12"/>
      </extensions>
    </trkpt>
    <trkpt lat="45.7399828" lon="10.7152336">
      <ele>633.0</ele>
      <time>2026-03-28T15:13:56.028+01:00</time>
      <extensions>
        <activity type="IN_VEHICLE" conf="96" state="moving" tsMs="1774707232691"/>
        <radio op="vodafone IT" rat="LTE" rsrp="-116" rsrq="-20"/>
        <radio op="I TIM" rat="LTE" q="9.60" rsrp="-113" sinr="3" rsrq="-13"/>
      </extensions>
    </trkpt>
    <trkpt lat="45.7391888" lon="10.7144939">
      <ele>633.0</ele>
      <time>2026-03-28T15:14:06.029+01:00</time>
      <extensions>
        <activity type="IN_VEHICLE" conf="97" state="moving" tsMs="1774707243433"/>
        <radio op="vodafone IT" rat="LTE" rsrp="-121" rsrq="-22"/>
        <radio op="I TIM" rat="LTE" q="15.00" rsrp="-110" sinr="5" rsrq="-10"/>
      </extensions>
    </trkpt>
    <trkpt lat="45.7386257" lon="10.7133465">
      <ele>631.0</ele>
      <time>2026-03-28T15:14:16.028+01:00</time>
      <extensions>
        <activity type="IN_VEHICLE" conf="97" state="moving" tsMs="1774707254073"/>
        <radio op="vodafone IT" rat="LTE" q="6.50" rsrp="-112" sinr="0" rsrq="-13"/>
        <radio op="I TIM" rat="LTE" q="29.00" rsrp="-96" sinr="5" rsrq="-10"/>
      </extensions>
    </trkpt>
    <trkpt lat="45.7387972" lon="10.7116811">
      <ele>624.0</ele>
      <time>2026-03-28T15:14:27.028+01:00</time>
      <extensions>
        <activity type="IN_VEHICLE" conf="97" state="moving" tsMs="1774707264792"/>
        <radio op="vodafone IT" rat="LTE" rsrp="-111" rsrq="-16"/>
        <radio op="I TIM" rat="LTE" rsrp="-108" rsrq="-16"/>
      </extensions>
    </trkpt>
    <trkpt lat="45.7386046" lon="10.7112312">
      <ele>624.0</ele>
      <time>2026-03-28T15:14:37.028+01:00</time>
      <extensions>
        <activity type="IN_VEHICLE" conf="96" state="moving" tsMs="1774707275478"/>
        <radio op="vodafone IT" rat="LTE" rsrp="-125" rsrq="-22"/>
        <radio op="I TIM" rat="LTE" rsrp="-118" rsrq="-13"/>
      </extensions>
    </trkpt>
    <trkpt lat="45.738278" lon="10.7103903">
      <ele>629.0</ele>
      <time>2026-03-28T15:14:47.028+01:00</time>
      <extensions>
        <activity type="IN_VEHICLE" conf="98" state="moving" tsMs="1774707286181"/>
        <radio op="vodafone IT" rat="LTE" rsrp="-120" rsrq="-21"/>
        <radio op="I TIM" rat="LTE" q="18.00" rsrp="-105" sinr="4" rsrq="-9"/>
      </extensions>
    </trkpt>
    <trkpt lat="45.7381313" lon="10.7099336">
      <ele>627.0</ele>
      <time>2026-03-28T15:14:57.028+01:00</time>
      <extensions>
        <activity type="IN_VEHICLE" conf="97" state="moving" tsMs="1774707296889"/>
        <radio op="vodafone IT" rat="LTE" rsrp="-112" rsrq="-16"/>
        <radio op="I TIM" rat="LTE" q="25.20" rsrp="-104" sinr="7" rsrq="-11"/>
      </extensions>
    </trkpt>
    <trkpt lat="45.7381707" lon="10.7099904">
      <ele>627.0</ele>
      <time>2026-03-28T15:15:07.028+01:00</time>
      <extensions>
        <activity type="IN_VEHICLE" conf="96" state="moving" tsMs="1774707307608"/>
        <radio op="vodafone IT" rat="LTE" rsrp="-113" rsrq="-15"/>
        <radio op="I TIM" rat="LTE" q="15.20" rsrp="-106" sinr="3" rsrq="-10"/>
      </extensions>
    </trkpt>
    <trkpt lat="45.7383641" lon="10.710755">
      <ele>628.0</ele>
      <time>2026-03-28T15:15:17.028+01:00</time>
      <extensions>
        <activity type="IN_VEHICLE" conf="97" state="moving" tsMs="1774707312995"/>
        <radio op="vodafone IT" rat="LTE" rsrp="-125" rsrq="-17"/>
        <radio op="I TIM" rat="LTE" rsrp="-123" rsrq="-22"/>
      </extensions>
    </trkpt>
    <trkpt lat="45.7388577" lon="10.7112875">
      <ele>623.0</ele>
      <time>2026-03-28T15:15:27.029+01:00</time>
      <extensions>
        <activity type="IN_VEHICLE" conf="97" state="moving" tsMs="1774707323782"/>
        <radio op="vodafone IT" rat="LTE" rsrq="-20"/>
        <radio op="I TIM" rat="LTE" rsrp="-116" rsrq="-13"/>
      </extensions>
    </trkpt>
    <trkpt lat="45.7386293" lon="10.7122475">
      <ele>621.0</ele>
      <time>2026-03-28T15:15:37.028+01:00</time>
      <extensions>
        <activity type="IN_VEHICLE" conf="96" state="moving" tsMs="1774707334466"/>
        <radio op="vodafone IT" rat="LTE" rsrp="-108" rsrq="-14"/>
        <radio op="I TIM" rat="LTE" q="8.40" rsrp="-111" sinr="1" rsrq="-14"/>
      </extensions>
    </trkpt>
    <trkpt lat="45.7386815" lon="10.7136647">
      <ele>629.0</ele>
      <time>2026-03-28T15:15:48.028+01:00</time>
      <extensions>
        <activity type="IN_VEHICLE" conf="97" state="moving" tsMs="1774707345214"/>
        <radio op="vodafone IT" rat="LTE" rsrp="-110" rsrq="-19"/>
        <radio op="I TIM" rat="LTE" q="27.00" rsrp="-98" sinr="5" rsrq="-11"/>
      </extensions>
    </trkpt>
    <trkpt lat="45.7393159" lon="10.7146768">
      <ele>631.0</ele>
      <time>2026-03-28T15:15:58.028+01:00</time>
      <extensions>
        <activity type="IN_VEHICLE" conf="97" state="moving" tsMs="1774707355886"/>
        <radio op="vodafone IT" rat="LTE" rsrp="-123" rsrq="-18"/>
        <radio op="I TIM" rat="LTE" q="11.40" rsrp="-106" sinr="1" rsrq="-13"/>
      </extensions>
    </trkpt>
    <trkpt lat="45.7401459" lon="10.7153406">
      <ele>632.0</ele>
      <time>2026-03-28T15:16:08.028+01:00</time>
      <extensions>
        <activity type="IN_VEHICLE" conf="97" state="moving" tsMs="1774707366619"/>
        <radio op="vodafone IT" rat="LTE" rsrp="-113" rsrq="-16"/>
        <radio op="I TIM" rat="LTE" q="7.70" rsrp="-114" sinr="2" rsrq="-15"/>
      </extensions>
    </trkpt>
    <trkpt lat="45.7407768" lon="10.7161993">
      <ele>634.0</ele>
      <time>2026-03-28T15:16:18.028+01:00</time>
      <extensions>
        <activity type="IN_VEHICLE" conf="97" state="moving" tsMs="1774707377305"/>
        <radio op="vodafone IT" rat="LTE" rsrp="-115" rsrq="-21"/>
        <radio op="I TIM" rat="LTE" q="7.50" rsrp="-110" sinr="0" rsrq="-12"/>
      </extensions>
    </trkpt>
    <trkpt lat="45.741068" lon="10.7168011">
      <ele>635.0</ele>
      <time>2026-03-28T15:16:28.028+01:00</time>
      <extensions>
        <activity type="IN_VEHICLE" conf="97" state="moving" tsMs="1774707388124"/>
        <radio op="vodafone IT" rat="LTE" rsrp="-111" rsrq="-20"/>
        <radio op="I TIM" rat="LTE" q="20.00" rsrp="-105" sinr="5" rsrq="-11"/>
      </extensions>
    </trkpt>
    <trkpt lat="45.7414083" lon="10.7174171">
      <ele>633.0</ele>
      <time>2026-03-28T15:16:38.028+01:00</time>
      <extensions>
        <activity type="IN_VEHICLE" conf="97" state="moving" tsMs="1774707398760"/>
        <radio op="vodafone IT" rat="LTE" rsrp="-121" rsrq="-18"/>
        <radio op="I TIM" rat="LTE" q="18.00" rsrp="-105" sinr="4" rsrq="-11"/>
      </extensions>
    </trkpt>
    <trkpt lat="45.7407605" lon="10.7178784">
      <ele>631.0</ele>
      <time>2026-03-28T15:16:48.028+01:00</time>
      <extensions>
        <activity type="IN_VEHICLE" conf="96" state="moving" tsMs="1774707404092"/>
        <radio op="vodafone IT" rat="LTE" rsrp="-129" rsrq="-19"/>
        <radio op="I TIM" rat="LTE" q="26.00" rsrp="-99" sinr="5" rsrq="-9"/>
      </extensions>
    </trkpt>
    <trkpt lat="45.7408108" lon="10.7186258">
      <ele>629.0</ele>
      <time>2026-03-28T15:16:58.028+01:00</time>
      <extensions>
        <activity type="IN_VEHICLE" conf="97" state="moving" tsMs="1774707414773"/>
        <radio op="vodafone IT" rat="LTE" rsrp="-119" rsrq="-17"/>
        <radio op="I TIM" rat="LTE" q="18.00" rsrp="-105" sinr="4" rsrq="-12"/>
      </extensions>
    </trkpt>
    <trkpt lat="45.7405128" lon="10.7189587">
      <ele>627.0</ele>
      <time>2026-03-28T15:17:09.028+01:00</time>
      <extensions>
        <activity type="IN_VEHICLE" conf="98" state="moving" tsMs="1774707425591"/>
        <radio op="vodafone IT" rat="LTE" rsrp="-117" rsrq="-19"/>
        <radio op="I TIM" rat="LTE" q="15.40" rsrp="-103" sinr="2" rsrq="-12"/>
      </extensions>
    </trkpt>
    <trkpt lat="45.7400758" lon="10.7189798">
      <ele>624.0</ele>
      <time>2026-03-28T15:17:19.028+01:00</time>
      <extensions>
        <activity type="IN_VEHICLE" conf="97" state="moving" tsMs="1774707436284"/>
        <radio op="vodafone IT" rat="LTE" rsrp="-115" rsrq="-16"/>
        <radio op="I TIM" rat="LTE" q="48.00" rsrp="-95" sinr="11" rsrq="-10"/>
      </extensions>
    </trkpt>
    <trkpt lat="45.7395598" lon="10.7193447">
      <ele>621.0</ele>
      <time>2026-03-28T15:17:29.027+01:00</time>
      <extensions>
        <activity type="IN_VEHICLE" conf="97" state="moving" tsMs="1774707446952"/>
        <radio op="vodafone IT" rat="LTE" rsrp="-118" rsrq="-13"/>
        <radio op="I TIM" rat="LTE" q="24.00" rsrp="-101" sinr="5" rsrq="-10"/>
      </extensions>
    </trkpt>
    <trkpt lat="45.7391669" lon="10.7198111">
      <ele>619.0</ele>
      <time>2026-03-28T15:17:39.027+01:00</time>
      <extensions>
        <activity type="IN_VEHICLE" conf="97" state="moving" tsMs="1774707457724"/>
        <radio op="vodafone IT" rat="LTE" rsrp="-125" rsrq="-22"/>
        <radio op="I TIM" rat="LTE" q="9.60" rsrp="-109" sinr="1" rsrq="-10"/>
      </extensions>
    </trkpt>
    <trkpt lat="45.7389052" lon="10.7202654">
      <ele>617.0</ele>
      <time>2026-03-28T15:17:49.027+01:00</time>
      <extensions>
        <activity type="IN_VEHICLE" conf="97" state="moving" tsMs="1774707468447"/>
        <radio op="vodafone IT" rat="LTE" rsrp="-126" rsrq="-22"/>
        <radio op="I TIM" rat="LTE" rsrp="-122" rsrq="-15"/>
      </extensions>
    </trkpt>
    <trkpt lat="45.7388818" lon="10.7204671">
      <ele>616.0</ele>
      <time>2026-03-28T15:17:59.027+01:00</time>
      <extensions>
        <activity type="IN_VEHICLE" conf="97" state="moving" tsMs="1774707479106"/>
        <radio op="vodafone IT" rat="LTE" rsrp="-120" rsrq="-16"/>
        <radio op="I TIM" rat="LTE" q="12.60" rsrp="-111" sinr="4" rsrq="-12"/>
      </extensions>
    </trkpt>
    <trkpt lat="45.7392269" lon="10.7207398">
      <ele>620.0</ele>
      <time>2026-03-28T15:18:09.027+01:00</time>
      <extensions>
        <activity type="IN_VEHICLE" conf="97" state="moving" tsMs="1774707489811"/>
        <radio op="vodafone IT" rat="LTE" rsrq="-20"/>
        <radio op="I TIM" rat="LTE" q="24.20" rsrp="-103" sinr="6" rsrq="-12"/>
      </extensions>
    </trkpt>
    <trkpt lat="45.7397563" lon="10.7206659">
      <ele>622.0</ele>
      <time>2026-03-28T15:18:19.028+01:00</time>
      <extensions>
        <activity type="IN_VEHICLE" conf="98" state="moving" tsMs="1774707495165"/>
        <radio op="vodafone IT" rat="LTE" rsrq="-20"/>
        <radio op="I TIM" rat="LTE" q="27.60" rsrp="-102" sinr="7" rsrq="-13"/>
      </extensions>
    </trkpt>
    <trkpt lat="45.7401683" lon="10.7209278">
      <ele>629.0</ele>
      <time>2026-03-28T15:18:30.027+01:00</time>
      <extensions>
        <activity type="IN_VEHICLE" conf="97" state="moving" tsMs="1774707505804"/>
        <radio op="vodafone IT" rat="LTE" rsrq="-20"/>
        <radio op="I TIM" rat="LTE" q="20.70" rsrp="-102" sinr="4" rsrq="-11"/>
      </extensions>
    </trkpt>
    <trkpt lat="45.7401745" lon="10.7215888">
      <ele>633.0</ele>
      <time>2026-03-28T15:18:40.028+01:00</time>
      <extensions>
        <activity type="IN_VEHICLE" conf="96" state="moving" tsMs="1774707516444"/>
        <radio op="vodafone IT" rat="LTE" rsrp="-125" rsrq="-19"/>
        <radio op="I TIM" rat="LTE" q="20.70" rsrp="-102" sinr="4" rsrq="-14"/>
      </extensions>
    </trkpt>
    <trkpt lat="45.7404041" lon="10.7220079">
      <ele>640.0</ele>
      <time>2026-03-28T15:18:50.028+01:00</time>
      <extensions>
        <activity type="IN_VEHICLE" conf="97" state="moving" tsMs="1774707527109"/>
        <radio op="vodafone IT" rat="LTE" rsrp="-115" rsrq="-19"/>
        <radio op="I TIM" rat="LTE" q="28.80" rsrp="-101" sinr="7" rsrq="-12"/>
      </extensions>
    </trkpt>
    <trkpt lat="45.7402632" lon="10.7229634">
      <ele>649.0</ele>
      <time>2026-03-28T15:19:00.028+01:00</time>
      <extensions>
        <activity type="IN_VEHICLE" conf="97" state="moving" tsMs="1774707537813"/>
        <radio op="vodafone IT" rat="LTE" rsrp="-122" rsrq="-21"/>
        <radio op="I TIM" rat="LTE" q="54.40" rsrp="-91" sinr="11" rsrq="-11"/>
      </extensions>
    </trkpt>
    <trkpt lat="45.740126" lon="10.7239788">
      <ele>650.0</ele>
      <time>2026-03-28T15:19:10.027+01:00</time>
      <extensions>
        <activity type="IN_VEHICLE" conf="96" state="moving" tsMs="1774707548558"/>
        <radio op="vodafone IT" rat="LTE" rsrp="-121" rsrq="-23"/>
        <radio op="I TIM" rat="LTE" q="25.20" rsrp="-97" sinr="4" rsrq="-12"/>
      </extensions>
    </trkpt>
    <trkpt lat="45.739925" lon="10.7242482">
      <ele>645.0</ele>
      <time>2026-03-28T15:19:20.028+01:00</time>
      <extensions>
        <activity type="IN_VEHICLE" conf="97" state="moving" tsMs="1774707559207"/>
        <radio op="vodafone IT" rat="LTE" rsrp="-109" rsrq="-16"/>
        <radio op="I TIM" rat="LTE" rsrp="-99" rsrq="-14"/>
      </extensions>
    </trkpt>
    <trkpt lat="45.7392902" lon="10.7239254">
      <ele>631.0</ele>
      <time>2026-03-28T15:19:30.027+01:00</time>
      <extensions>
        <activity type="IN_VEHICLE" conf="97" state="moving" tsMs="1774707569936"/>
        <radio op="vodafone IT" rat="LTE" rsrp="-106" rsrq="-18"/>
        <radio op="I TIM" rat="LTE" rsrp="-94" rsrq="-13"/>
      </extensions>
    </trkpt>
    <trkpt lat="45.7388594" lon="10.7235546">
      <ele>625.0</ele>
      <time>2026-03-28T15:19:40.027+01:00</time>
      <extensions>
        <activity type="IN_VEHICLE" conf="97" state="moving" tsMs="1774707580632"/>
        <radio op="vodafone IT" rat="LTE" q="10.00" rsrp="-105" sinr="0" rsrq="-10"/>
        <radio op="I TIM" rat="LTE" q="42.00" rsrp="-90" sinr="7" rsrq="-13"/>
      </extensions>
    </trkpt>
    <trkpt lat="45.7385208" lon="10.7226453">
      <ele>617.0</ele>
      <time>2026-03-28T15:19:51.027+01:00</time>
      <extensions>
        <activity type="IN_VEHICLE" conf="97" state="moving" tsMs="1774707585958"/>
        <radio op="vodafone IT" rat="LTE" rsrp="-121" rsrq="-14"/>
        <radio op="I TIM" rat="LTE" q="27.00" rsrp="-95" sinr="4" rsrq="-11"/>
      </extensions>
    </trkpt>
    <trkpt lat="45.7384978" lon="10.7219129">
      <ele>614.0</ele>
      <time>2026-03-28T15:20:01.027+01:00</time>
      <extensions>
        <activity type="IN_VEHICLE" conf="96" state="moving" tsMs="1774707596668"/>
        <radio op="vodafone IT" rat="LTE" rsrp="-129" rsrq="-17"/>
        <radio op="I TIM" rat="LTE" q="25.20" rsrp="-104" sinr="7" rsrq="-11"/>
      </extensions>
    </trkpt>
    <trkpt lat="45.7384445" lon="10.7227983">
      <ele>612.0</ele>
      <time>2026-03-28T15:20:11.027+01:00</time>
      <extensions>
        <activity type="IN_VEHICLE" conf="97" state="moving" tsMs="1774707607350"/>
        <radio op="vodafone IT" rat="LTE" rsrp="-123" rsrq="-22"/>
        <radio op="I TIM" rat="LTE" q="25.20" rsrp="-104" sinr="7" rsrq="-11"/>
      </extensions>
    </trkpt>
    <trkpt lat="45.7386054" lon="10.7236442">
      <ele>608.0</ele>
      <time>2026-03-28T15:20:21.028+01:00</time>
      <extensions>
        <activity type="IN_VEHICLE" conf="97" state="moving" tsMs="1774707618032"/>
        <radio op="vodafone IT" rat="LTE" rsrp="-118" rsrq="-22"/>
        <radio op="I TIM" rat="LTE" q="16.20" rsrp="-98" sinr="1" rsrq="-10"/>
      </extensions>
    </trkpt>
    <trkpt lat="45.7387146" lon="10.7239953">
      <ele>607.0</ele>
      <time>2026-03-28T15:20:31.027+01:00</time>
      <extensions>
        <activity type="IN_VEHICLE" conf="97" state="moving" tsMs="1774707628763"/>
        <radio op="vodafone IT" rat="LTE" rsrp="-116" rsrq="-21"/>
        <radio op="I TIM" rat="LTE" q="36.40" rsrp="-97" sinr="8" rsrq="-10"/>
      </extensions>
    </trkpt>
    <trkpt lat="45.7387138" lon="10.7239981">
      <ele>607.0</ele>
      <time>2026-03-28T15:20:41.027+01:00</time>
      <extensions>
        <activity type="IN_VEHICLE" conf="97" state="moving" tsMs="1774707639445"/>
        <radio op="vodafone IT" rat="LTE" rsrp="-117" rsrq="-20"/>
        <radio op="I TIM" rat="LTE" q="28.60" rsrp="-99" sinr="6" rsrq="-11"/>
      </extensions>
    </trkpt>
    <trkpt lat="45.738712" lon="10.7239986">
      <ele>609.6850043008724</ele>
      <time>2026-03-28T15:20:51.027+01:00</time>
      <extensions>
        <activity type="IN_VEHICLE" conf="97" state="moving" tsMs="1774707650077"/>
        <radio op="vodafone IT" rat="LTE" rsrp="-116" rsrq="-20"/>
        <radio op="I TIM" rat="LTE" q="28.60" rsrp="-99" sinr="6" rsrq="-11"/>
      </extensions>
    </trkpt>
    <trkpt lat="45.7387094" lon="10.7239963">
      <ele>609.6850043008724</ele>
      <time>2026-03-28T15:21:01.027+01:00</time>
      <extensions>
        <activity type="STILL" conf="99" state="still" tsMs="1774707660783"/>
        <radio op="vodafone IT" rat="LTE" rsrp="-114" rsrq="-21"/>
        <radio op="I TIM" rat="LTE" q="9.90" rsrp="-114" sinr="4" rsrq="-9"/>
      </extensions>
    </trkpt>
    <trkpt lat="45.7387281" lon="10.7239995">
      <ele>609.5672185866981</ele>
      <time>2026-03-28T15:21:12.027+01:00</time>
      <extensions>
        <activity type="TILTING" conf="100" state="moving" tsMs="1774707668127"/>
        <radio op="vodafone IT" rat="LTE" rsrp="-111" rsrq="-14"/>
        <radio op="I TIM" rat="LTE" rsrp="-111" rsrq="-12"/>
      </extensions>
    </trkpt>
    <trkpt lat="45.7387293" lon="10.7239985">
      <ele>609.5183268772462</ele>
      <time>2026-03-28T15:21:22.028+01:00</time>
      <extensions>
        <activity type="TILTING" conf="100" state="moving" tsMs="1774707668127"/>
        <radio op="vodafone IT" rat="LTE" rsrp="-110" rsrq="-16"/>
        <radio op="I TIM" rat="LTE" rsrp="-116" rsrq="-13"/>
      </extensions>
    </trkpt>
    <trkpt lat="45.7387293" lon="10.7239985">
      <ele>609.5827750979964</ele>
      <time>2026-03-28T15:21:32.027+01:00</time>
      <extensions>
        <activity type="UNKNOWN" conf="40" state="unknown" tsMs="1774707671572"/>
        <radio op="vodafone IT" rat="LTE" rsrp="-110" rsrq="-16"/>
        <radio op="I TIM" rat="LTE" rsrp="-118" rsrq="-14"/>
      </extensions>
    </trkpt>
    <trkpt lat="45.7387293" lon="10.7239985">
      <ele>608.0377799524225</ele>
      <time>2026-03-28T15:21:42.027+01:00</time>
      <extensions>
        <activity type="STILL" conf="97" state="still" tsMs="1774707693934"/>
        <radio op="vodafone IT" rat="LTE" rsrp="-113" rsrq="-15"/>
        <radio op="I TIM" rat="LTE" rsrp="-117" rsrq="-13"/>
      </extensions>
    </trkpt>
    <trkpt lat="45.7387293" lon="10.7239985">
      <ele>608.0200011254411</ele>
      <time>2026-03-28T15:21:52.027+01:00</time>
      <extensions>
        <activity type="STILL" conf="99" state="still" tsMs="1774707705033"/>
        <radio op="vodafone IT" rat="LTE" rsrp="-112" rsrq="-15"/>
        <radio op="I TIM" rat="LTE" rsrp="-116" rsrq="-14"/>
      </extensions>
    </trkpt>
    <trkpt lat="45.7387293" lon="10.7239985">
      <ele>608.0714496520225</ele>
      <time>2026-03-28T15:22:02.027+01:00</time>
      <extensions>
        <activity type="STILL" conf="99" state="still" tsMs="1774707705033"/>
        <radio op="vodafone IT" rat="LTE" rsrp="-112" rsrq="-15"/>
        <radio op="I TIM" rat="LTE" rsrp="-117" rsrq="-15"/>
      </extensions>
    </trkpt>
    <trkpt lat="45.7387293" lon="10.7239985">
      <ele>608.6777337397584</ele>
      <time>2026-03-28T15:22:12.027+01:00</time>
      <extensions>
        <activity type="STILL" conf="95" state="still" tsMs="1774707716143"/>
        <radio op="vodafone IT" rat="LTE" rsrp="-112" rsrq="-15"/>
        <radio op="I TIM" rat="LTE" rsrp="-117" rsrq="-16"/>
      </extensions>
    </trkpt>
    <trkpt lat="45.7387293" lon="10.7239985">
      <ele>608.6310635907936</ele>
      <time>2026-03-28T15:22:22.027+01:00</time>
      <extensions>
        <activity type="STILL" conf="95" state="still" tsMs="1774707716143"/>
        <radio op="vodafone IT" rat="LTE" rsrp="-114" rsrq="-16"/>
        <radio op="I TIM" rat="LTE" q="43.20" rsrp="-101" sinr="13" rsrq="-9"/>
      </extensions>
    </trkpt>
    <trkpt lat="45.7387293" lon="10.7239985">
      <ele>608.5755042198681</ele>
      <time>2026-03-28T15:22:32.027+01:00</time>
      <extensions>
        <activity type="UNKNOWN" conf="40" state="unknown" tsMs="1774707732548"/>
        <radio op="vodafone IT" rat="LTE" rsrp="-113" rsrq="-15"/>
        <radio op="I TIM" rat="LTE" q="43.70" rsrp="-102" sinr="14" rsrq="-8"/>
      </extensions>
    </trkpt>
    <trkpt lat="45.7387293" lon="10.7239985">
      <ele>608.6310635907936</ele>
      <time>2026-03-28T15:22:36.027+01:00</time>
      <extensions>
        <activity type="STILL" conf="39" state="still" tsMs="1774707763545"/>
        <radio op="vodafone IT" rat="LTE" rsrp="-118" rsrq="-15"/>
        <radio op="I TIM" rat="LTE" q="37.40" rsrp="-103" sinr="12" rsrq="-9"/>
      </extensions>
    </trkpt>
    <trkpt lat="45.7385974" lon="10.723843">
      <ele>608.3767410105999</ele>
      <time>2026-03-28T15:23:09.027+01:00</time>
      <extensions>
        <activity type="UNKNOWN" conf="40" state="unknown" tsMs="1774707784267"/>
        <radio op="vodafone IT" rat="LTE" rsrp="-113" rsrq="-20"/>
        <radio op="I TIM" rat="LTE" q="28.80" rsrp="-101" sinr="7" rsrq="-10"/>
      </extensions>
    </trkpt>
    <trkpt lat="45.7386605" lon="10.7228248">
      <ele>613.1903774589106</ele>
      <time>2026-03-28T15:23:39.681+01:00</time>
      <extensions>
        <activity type="ON_FOOT" conf="96" state="moving" tsMs="1774707817819"/>
        <radio op="vodafone IT" rat="LTE" rsrp="-106" rsrq="-14"/>
        <radio op="I TIM" rat="LTE" q="15.40" rsrp="-103" sinr="2" rsrq="-11"/>
      </extensions>
    </trkpt>
    <trkpt lat="45.7384891" lon="10.7226678">
      <ele>616.2000122070312</ele>
      <time>2026-03-28T15:24:11.084+01:00</time>
      <extensions>
        <activity type="ON_FOOT" conf="96" state="moving" tsMs="1774707847445"/>
        <radio op="vodafone IT" rat="LTE" rsrp="-126" rsrq="-17"/>
        <radio op="I TIM" rat="LTE" q="25.20" rsrp="-107" sinr="9" rsrq="-10"/>
      </extensions>
    </trkpt>
    <trkpt lat="45.7383951" lon="10.7219428">
      <ele>617.0</ele>
      <time>2026-03-28T15:24:42.508+01:00</time>
      <extensions>
        <activity type="ON_FOOT" conf="96" state="moving" tsMs="1774707878832"/>
        <radio op="vodafone IT" rat="LTE" rsrp="-123" rsrq="-17"/>
        <radio op="I TIM" rat="LTE" q="16.00" rsrp="-105" sinr="3" rsrq="-10"/>
      </extensions>
    </trkpt>
    <trkpt lat="45.7383999" lon="10.7213528">
      <ele>616.5</ele>
      <time>2026-03-28T15:25:13.909+01:00</time>
      <extensions>
        <activity type="ON_FOOT" conf="97" state="moving" tsMs="1774707910164"/>
        <radio op="vodafone IT" rat="LTE" rsrp="-127" rsrq="-23"/>
        <radio op="I TIM" rat="LTE" q="30.00" rsrp="-105" sinr="10" rsrq="-11"/>
      </extensions>
    </trkpt>
    <trkpt lat="45.738598" lon="10.7207262">
      <ele>616.0999755859375</ele>
      <time>2026-03-28T15:25:40.451+01:00</time>
      <extensions>
        <activity type="ON_FOOT" conf="96" state="moving" tsMs="1774707941574"/>
        <radio op="vodafone IT" rat="LTE" rsrp="-125" rsrq="-18"/>
        <radio op="I TIM" rat="LTE" q="16.00" rsrp="-109" sinr="5" rsrq="-12"/>
      </extensions>
    </trkpt>
    <trkpt lat="45.7388588" lon="10.7201263">
      <ele>619.0999755859375</ele>
      <time>2026-03-28T15:26:15.876+01:00</time>
      <extensions>
        <activity type="ON_FOOT" conf="96" state="moving" tsMs="1774707972129"/>
        <radio op="vodafone IT" rat="LTE" rsrp="-125" rsrq="-18"/>
        <radio op="I TIM" rat="LTE" q="23.40" rsrp="-107" sinr="8" rsrq="-13"/>
      </extensions>
    </trkpt>
    <trkpt lat="45.7389936" lon="10.719874">
      <ele>619.8999633789062</ele>
      <time>2026-03-28T15:26:47.377+01:00</time>
      <extensions>
        <activity type="ON_FOOT" conf="96" state="moving" tsMs="1774708003718"/>
        <radio op="vodafone IT" rat="LTE" rsrp="-126" rsrq="-18"/>
        <radio op="I TIM" rat="LTE" q="22.10" rsrp="-108" sinr="8" rsrq="-12"/>
      </extensions>
    </trkpt>
    <trkpt lat="45.7394055" lon="10.719402">
      <ele>622.5826265144967</ele>
      <time>2026-03-28T15:27:18.729+01:00</time>
      <extensions>
        <activity type="ON_FOOT" conf="96" state="moving" tsMs="1774708034971"/>
        <radio op="vodafone IT" rat="LTE" rsrp="-104" rsrq="-10"/>
        <radio op="I TIM" rat="LTE" q="58.90" rsrp="-94" sinr="14" rsrq="-11"/>
      </extensions>
    </trkpt>
    <trkpt lat="45.739137" lon="10.7191806">
      <ele>619.8999633789062</ele>
      <time>2026-03-28T15:27:49.772+01:00</time>
      <extensions>
        <activity type="ON_FOOT" conf="92" state="moving" tsMs="1774708066046"/>
        <radio op="vodafone IT" rat="LTE" rsrp="-106" rsrq="-14"/>
        <radio op="I TIM" rat="LTE" q="24.20" rsrp="-103" sinr="6" rsrq="-11"/>
      </extensions>
    </trkpt>
    <trkpt lat="45.7389587" lon="10.7191752">
      <ele>621.5130149551065</ele>
      <time>2026-03-28T15:28:19.786+01:00</time>
      <extensions>
        <activity type="UNKNOWN" conf="40" state="unknown" tsMs="1774708097169"/>
        <radio op="vodafone IT" rat="LTE" rsrp="-95" rsrq="-10"/>
        <radio op="I TIM" rat="LTE" q="52.00" rsrp="-84" sinr="8" rsrq="-11"/>
      </extensions>
    </trkpt>
    <trkpt lat="45.7391035" lon="10.7191712">
      <ele>619.7999877929688</ele>
      <time>2026-03-28T15:28:52.953+01:00</time>
      <extensions>
        <activity type="UNKNOWN" conf="40" state="unknown" tsMs="1774708129069"/>
        <radio op="vodafone IT" rat="LTE" q="15.20" rsrp="-106" sinr="3" rsrq="-11"/>
        <radio op="I TIM" rat="LTE" q="35.00" rsrp="-100" sinr="9" rsrq="-10"/>
      </extensions>
    </trkpt>
    <trkpt lat="45.7391356" lon="10.7192075">
      <ele>620.0</ele>
      <time>2026-03-28T15:29:24.052+01:00</time>
      <extensions>
        <activity type="STILL" conf="68" state="still" tsMs="1774708160278"/>
        <radio op="vodafone IT" rat="LTE" q="16.00" rsrp="-105" sinr="3" rsrq="-10"/>
        <radio op="I TIM" rat="LTE" q="26.00" rsrp="-99" sinr="5" rsrq="-12"/>
      </extensions>
    </trkpt>
    <trkpt lat="45.7391096" lon="10.7191786">
      <ele>619.7999877929688</ele>
      <time>2026-03-28T15:29:55.11+01:00</time>
      <extensions>
        <activity type="STILL" conf="98" state="still" tsMs="1774708191369"/>
        <radio op="vodafone IT" rat="LTE" q="10.40" rsrp="-112" sinr="3" rsrq="-10"/>
        <radio op="I TIM" rat="LTE" q="23.40" rsrp="-99" sinr="4" rsrq="-12"/>
      </extensions>
    </trkpt>
    <trkpt lat="45.7391268" lon="10.7192003">
      <ele>619.8999633789062</ele>
      <time>2026-03-28T15:30:26.172+01:00</time>
      <extensions>
        <activity type="STILL" conf="41" state="still" tsMs="1774708222369"/>
        <radio op="vodafone IT" rat="LTE" q="7.80" rsrp="-112" sinr="1" rsrq="-11"/>
        <radio op="I TIM" rat="LTE" q="27.00" rsrp="-98" sinr="5" rsrq="-10"/>
      </extensions>
    </trkpt>
    <trkpt lat="45.7391205" lon="10.7191606">
      <ele>619.7999877929688</ele>
      <time>2026-03-28T15:30:57.279+01:00</time>
      <extensions>
        <activity type="STILL" conf="96" state="still" tsMs="1774708253428"/>
        <radio op="vodafone IT" rat="LTE" q="10.40" rsrp="-112" sinr="3" rsrq="-10"/>
        <radio op="I TIM" rat="LTE" q="33.80" rsrp="-99" sinr="8" rsrq="-10"/>
      </extensions>
    </trkpt>
    <trkpt lat="45.7391078" lon="10.7191682">
      <ele>619.7999877929688</ele>
      <time>2026-03-28T15:31:28.436+01:00</time>
      <extensions>
        <activity type="STILL" conf="99" state="still" tsMs="1774708284657"/>
        <radio op="vodafone IT" rat="LTE" q="10.50" rsrp="-110" sinr="2" rsrq="-11"/>
        <radio op="I TIM" rat="LTE" q="50.40" rsrp="-97" sinr="13" rsrq="-13"/>
      </extensions>
    </trkpt>
    <trkpt lat="45.7391079" lon="10.7191942">
      <ele>620.0</ele>
      <time>2026-03-28T15:31:59.583+01:00</time>
      <extensions>
        <activity type="STILL" conf="96" state="still" tsMs="1774708315725"/>
        <radio op="vodafone IT" rat="LTE" q="7.50" rsrp="-110" sinr="0" rsrq="-10"/>
        <radio op="I TIM" rat="LTE" q="39.20" rsrp="-97" sinr="9" rsrq="-9"/>
      </extensions>
    </trkpt>
    <trkpt lat="45.7389859" lon="10.7199427">
      <ele>622.281178236924</ele>
      <time>2026-03-28T15:48:08.559+01:00</time>
      <extensions>
        <activity type="ON_FOOT" conf="91" state="moving" tsMs="1774709260757"/>
        <radio op="vodafone IT" rat="LTE" rsrp="-122" rsrq="-19"/>
        <radio op="I TIM" rat="LTE" q="8.40" rsrp="-113" sinr="2" rsrq="-10"/>
      </extensions>
    </trkpt>
    <trkpt lat="45.7388117" lon="10.7201633">
      <ele>619.2000122070312</ele>
      <time>2026-03-28T15:48:39.918+01:00</time>
      <extensions>
        <activity type="ON_FOOT" conf="96" state="moving" tsMs="1774709318515"/>
        <radio op="vodafone IT" rat="LTE" rsrq="-20"/>
        <radio op="I TIM" rat="LTE" q="21.00" rsrp="-110" sinr="9" rsrq="-9"/>
      </extensions>
    </trkpt>
    <trkpt lat="45.7385994" lon="10.720478">
      <ele>616.1534430981516</ele>
      <time>2026-03-28T15:49:11.227+01:00</time>
      <extensions>
        <activity type="ON_FOOT" conf="96" state="moving" tsMs="1774709347620"/>
        <radio op="vodafone IT" rat="OTHER"/>
        <radio op="I TIM" rat="LTE" q="6.00" rsrp="-113" sinr="0" rsrq="-15"/>
      </extensions>
    </trkpt>
    <trkpt lat="45.738468" lon="10.7211275">
      <ele>616.2000122070312</ele>
      <time>2026-03-28T15:49:42.513+01:00</time>
      <extensions>
        <activity type="ON_FOOT" conf="96" state="moving" tsMs="1774709378812"/>
        <radio op="vodafone IT" rat="OTHER"/>
        <radio op="I TIM" rat="LTE" q="10.40" rsrp="-112" sinr="3" rsrq="-11"/>
      </extensions>
    </trkpt>
    <trkpt lat="45.7384134" lon="10.7218051">
      <ele>617.0999755859375</ele>
      <time>2026-03-28T15:50:13.685+01:00</time>
      <extensions>
        <activity type="ON_FOOT" conf="96" state="moving" tsMs="1774709409952"/>
        <radio op="vodafone IT" rat="OTHER"/>
        <radio op="I TIM" rat="LTE" q="29.40" rsrp="-104" sinr="9" rsrq="-12"/>
      </extensions>
    </trkpt>
    <trkpt lat="45.7384712" lon="10.7222762">
      <ele>616.2000122070312</ele>
      <time>2026-03-28T15:50:44.622+01:00</time>
      <extensions>
        <activity type="ON_FOOT" conf="96" state="moving" tsMs="1774709440835"/>
        <radio op="vodafone IT" rat="OTHER"/>
        <radio op="I TIM" rat="LTE" q="36.00" rsrp="-101" sinr="10" rsrq="-12"/>
      </extensions>
    </trkpt>
    <trkpt lat="45.7385066" lon="10.7228878">
      <ele>616.2000122070312</ele>
      <time>2026-03-28T15:51:15.592+01:00</time>
      <extensions>
        <activity type="ON_FOOT" conf="97" state="moving" tsMs="1774709471799"/>
        <radio op="vodafone IT" rat="OTHER"/>
        <radio op="I TIM" rat="LTE" q="39.10" rsrp="-102" sinr="12" rsrq="-11"/>
      </extensions>
    </trkpt>
    <trkpt lat="45.7387347" lon="10.7239205">
      <ele>610.8924604093404</ele>
      <time>2026-03-28T15:51:46.586+01:00</time>
      <extensions>
        <activity type="ON_FOOT" conf="97" state="moving" tsMs="1774709501796"/>
        <radio op="vodafone IT" rat="OTHER"/>
        <radio op="I TIM" rat="LTE" rsrp="-113" rsrq="-12"/>
      </extensions>
    </trkpt>
    <trkpt lat="45.7386692" lon="10.723841">
      <ele>610.0542920245978</ele>
      <time>2026-03-28T15:52:17.456+01:00</time>
      <extensions>
        <activity type="ON_FOOT" conf="89" state="moving" tsMs="1774709532794"/>
        <radio op="vodafone IT" rat="OTHER"/>
        <radio op="I TIM" rat="LTE" rsrp="-111" rsrq="-13"/>
      </extensions>
    </trkpt>
    <trkpt lat="45.7387879" lon="10.7237749">
      <ele>610.1476648305355</ele>
      <time>2026-03-28T15:52:48.38+01:00</time>
      <extensions>
        <activity type="UNKNOWN" conf="40" state="unknown" tsMs="1774709563788"/>
        <radio op="vodafone IT" rat="OTHER"/>
        <radio op="I TIM" rat="LTE" q="7.80" rsrp="-112" sinr="1" rsrq="-15"/>
      </extensions>
    </trkpt>
    <trkpt lat="45.7389059" lon="10.7235518">
      <ele>608.3700664101618</ele>
      <time>2026-03-28T15:53:19.526+01:00</time>
      <extensions>
        <activity type="UNKNOWN" conf="40" state="unknown" tsMs="1774709595805"/>
        <radio op="vodafone IT" rat="OTHER"/>
        <radio op="I TIM" rat="LTE" q="9.60" rsrp="-109" sinr="1" rsrq="-13"/>
      </extensions>
    </trkpt>
    <trkpt lat="45.7386907" lon="10.7238996">
      <ele>607.8040220488451</ele>
      <time>2026-03-28T15:53:50.642+01:00</time>
      <extensions>
        <activity type="STILL" conf="66" state="still" tsMs="1774709625797"/>
        <radio op="vodafone IT" rat="LTE" rsrp="-114" rsrq="-15"/>
        <radio op="I TIM" rat="LTE" rsrp="-112" rsrq="-8"/>
      </extensions>
    </trkpt>
    <trkpt lat="45.7387917" lon="10.7235689">
      <ele>607.8973769481479</ele>
      <time>2026-03-28T15:54:21.584+01:00</time>
      <extensions>
        <activity type="IN_VEHICLE" conf="96" state="moving" tsMs="1774709656878"/>
        <radio op="vodafone IT" rat="LTE" rsrp="-117" rsrq="-20"/>
        <radio op="I TIM" rat="LTE" rsrp="-105" rsrq="-14"/>
      </extensions>
    </trkpt>
    <trkpt lat="45.7384432" lon="10.7271183">
      <ele>592.8847132087453</ele>
      <time>2026-03-28T15:54:55.528+01:00</time>
      <extensions>
        <activity type="IN_VEHICLE" conf="97" state="moving" tsMs="1774709703366"/>
        <radio op="vodafone IT" rat="LTE" rsrp="-98" rsrq="-15"/>
        <radio op="I TIM" rat="LTE" rsrp="-104" rsrq="-17"/>
      </extensions>
    </trkpt>
    <trkpt lat="45.7384867" lon="10.7295986">
      <ele>564.7422728542184</ele>
      <time>2026-03-28T15:55:39.023+01:00</time>
      <extensions>
        <activity type="IN_VEHICLE" conf="96" state="moving" tsMs="1774709738964"/>
        <radio op="vodafone IT" rat="LTE" rsrp="-105" rsrq="-14"/>
        <radio op="I TIM" rat="LTE" q="27.20" rsrp="-91" sinr="3" rsrq="-12"/>
      </extensions>
    </trkpt>
    <trkpt lat="45.7373306" lon="10.7260722">
      <ele>534.9226005654722</ele>
      <time>2026-03-28T15:56:22.023+01:00</time>
      <extensions>
        <activity type="IN_VEHICLE" conf="97" state="moving" tsMs="1774709789144"/>
        <radio op="vodafone IT" rat="LTE" rsrp="-99" rsrq="-15"/>
        <radio op="I TIM" rat="LTE" rsrp="-87" rsrq="-10"/>
      </extensions>
    </trkpt>
    <trkpt lat="45.7345205" lon="10.7203336">
      <ele>495.27347608372645</ele>
      <time>2026-03-28T15:57:01.51+01:00</time>
      <extensions>
        <activity type="IN_VEHICLE" conf="97" state="moving" tsMs="1774709821133"/>
        <radio op="vodafone IT" rat="LTE" q="25.20" rsrp="-97" sinr="4" rsrq="-8"/>
        <radio op="I TIM" rat="LTE" q="48.00" rsrp="-81" sinr="7" rsrq="-11"/>
      </extensions>
    </trkpt>
    <trkpt lat="45.7357987" lon="10.7173098">
      <ele>479.5208640174917</ele>
      <time>2026-03-28T15:57:36.023+01:00</time>
      <extensions>
        <activity type="IN_VEHICLE" conf="97" state="moving" tsMs="1774709863655"/>
        <radio op="vodafone IT" rat="LTE" rsrp="-112" rsrq="-12"/>
        <radio op="I TIM" rat="LTE" q="25.20" rsrp="-107" sinr="9" rsrq="-12"/>
      </extensions>
    </trkpt>
    <trkpt lat="45.7345428" lon="10.7146737">
      <ele>450.0636262477827</ele>
      <time>2026-03-28T15:58:22.024+01:00</time>
      <extensions>
        <activity type="IN_VEHICLE" conf="96" state="moving" tsMs="1774709899273"/>
        <radio op="vodafone IT" rat="LTE" q="7.20" rsrp="-113" sinr="1" rsrq="-12"/>
        <radio op="I TIM" rat="LTE" q="19.80" rsrp="-107" sinr="6" rsrq="-11"/>
      </extensions>
    </trkpt>
    <trkpt lat="45.7314085" lon="10.7149631">
      <ele>418.08877466577917</ele>
      <time>2026-03-28T15:59:05.023+01:00</time>
      <extensions>
        <activity type="IN_VEHICLE" conf="97" state="moving" tsMs="1774709944269"/>
        <radio op="vodafone IT" rat="LTE" q="100.00" rsrp="-75" sinr="25" rsrq="-9"/>
        <radio op="I TIM" rat="LTE" q="24.00" rsrp="-81" sinr="1" rsrq="-14"/>
      </extensions>
    </trkpt>
    <trkpt lat="45.7313727" lon="10.7090937">
      <ele>379.45673603992793</ele>
      <time>2026-03-28T15:59:48.023+01:00</time>
      <extensions>
        <activity type="IN_VEHICLE" conf="97" state="moving" tsMs="1774709992811"/>
        <radio op="vodafone IT" rat="LTE" q="77.00" rsrp="-90" sinr="17" rsrq="-6"/>
        <radio op="I TIM" rat="LTE" q="68.00" rsrp="-91" sinr="15" rsrq="-11"/>
      </extensions>
    </trkpt>
    <trkpt lat="45.7311396" lon="10.7074905">
      <ele>368.0</ele>
      <time>2026-03-28T16:00:02.769+01:00</time>
      <extensions>
        <activity type="IN_VEHICLE" conf="97" state="moving" tsMs="1774710002775"/>
        <radio op="vodafone IT" rat="LTE" q="41.40" rsrp="-102" sinr="13" rsrq="-7"/>
        <radio op="I TIM" rat="LTE" q="20.40" rsrp="-108" sinr="7" rsrq="-10"/>
      </extensions>
    </trkpt>
    <trkpt lat="45.7308936" lon="10.7059953">
      <ele>459.1000061035156</ele>
      <time>2026-03-28T16:00:14.023+01:00</time>
      <extensions>
        <activity type="IN_VEHICLE" conf="97" state="moving" tsMs="1774710013480"/>
        <radio op="vodafone IT" rat="LTE" q="18.00" rsrp="-110" sinr="7" rsrq="-7"/>
        <radio op="I TIM" rat="LTE" q="14.30" rsrp="-112" sinr="6" rsrq="-12"/>
      </extensions>
    </trkpt>
    <trkpt lat="45.7309456" lon="10.7056381">
      <ele>356.0</ele>
      <time>2026-03-28T16:00:17.023+01:00</time>
      <extensions>
        <activity type="IN_VEHICLE" conf="97" state="moving" tsMs="1774710024253"/>
        <radio op="vodafone IT" rat="LTE" q="26.40" rsrp="-101" sinr="6" rsrq="-8"/>
        <radio op="I TIM" rat="LTE" q="45.60" rsrp="-101" sinr="14" rsrq="-10"/>
      </extensions>
    </trkpt>
    <trkpt lat="45.7295115" lon="10.7112409">
      <ele>350.2372446500197</ele>
      <time>2026-03-28T16:00:59.024+01:00</time>
      <extensions>
        <activity type="IN_VEHICLE" conf="97" state="moving" tsMs="1774710055166"/>
        <radio op="vodafone IT" rat="LTE" q="28.80" rsrp="-101" sinr="7" rsrq="-8"/>
        <radio op="I TIM" rat="LTE" rsrp="-108" rsrq="-15"/>
      </extensions>
    </trkpt>
    <trkpt lat="45.7255673" lon="10.7126865">
      <ele>337.0107278281845</ele>
      <time>2026-03-28T16:01:42.023+01:00</time>
      <extensions>
        <activity type="IN_VEHICLE" conf="96" state="moving" tsMs="1774710101930"/>
        <radio op="vodafone IT" rat="LTE" rsrp="-104" rsrq="-19"/>
        <radio op="I TIM" rat="LTE" rsrp="-105" rsrq="-15"/>
      </extensions>
    </trkpt>
    <trkpt lat="45.7222207" lon="10.7082318">
      <ele>298.7221456220755</ele>
      <time>2026-03-28T16:02:25.023+01:00</time>
      <extensions>
        <activity type="IN_VEHICLE" conf="98" state="moving" tsMs="1774710152400"/>
        <radio op="vodafone IT" rat="LTE" q="46.40" rsrp="-96" sinr="11" rsrq="-9"/>
        <radio op="I TIM" rat="LTE" rsrp="-110" rsrq="-15"/>
      </extensions>
    </trkpt>
    <trkpt lat="45.7171371" lon="10.7031958">
      <ele>262.06363762073886</ele>
      <time>2026-03-28T16:03:08.023+01:00</time>
      <extensions>
        <activity type="IN_VEHICLE" conf="96" state="moving" tsMs="1774710188177"/>
        <radio op="vodafone IT" rat="LTE" q="52.80" rsrp="-92" sinr="11" rsrq="-7"/>
        <radio op="I TIM" rat="LTE" rsrp="-107" rsrq="-12"/>
      </extensions>
    </trkpt>
    <trkpt lat="45.7128175" lon="10.7004072">
      <ele>215.57154379439447</ele>
      <time>2026-03-28T16:03:51.023+01:00</time>
      <extensions>
        <activity type="IN_VEHICLE" conf="97" state="moving" tsMs="1774710238437"/>
        <radio op="vodafone IT" rat="LTE" rsrp="-108" rsrq="-13"/>
        <radio op="I TIM" rat="LTE" rsrp="-100" rsrq="-13"/>
      </extensions>
    </trkpt>
    <trkpt lat="45.7128175" lon="10.7004072">
      <ele>232.63199336206466</ele>
      <time>2026-03-28T16:04:36.215+01:00</time>
      <extensions>
        <activity type="IN_VEHICLE" conf="88" state="moving" tsMs="1774710270683"/>
        <radio op="vodafone IT" rat="LTE" q="16.20" rsrp="-107" sinr="4" rsrq="-11"/>
        <radio op="I TIM" rat="LTE" q="37.80" rsrp="-104" sinr="13" rsrq="-8"/>
      </extensions>
    </trkpt>
    <trkpt lat="45.7128175" lon="10.7004072">
      <ele>234.1813334987807</ele>
      <time>2026-03-28T16:04:46.61+01:00</time>
      <extensions>
        <activity type="STILL" conf="55" state="still" tsMs="1774710274208"/>
        <radio op="vodafone IT" rat="LTE" rsrp="-105" rsrq="-15"/>
        <radio op="I TIM" rat="LTE" q="16.80" rsrp="-97" sinr="1" rsrq="-12"/>
      </extensions>
    </trkpt>
    <trkpt lat="45.7128175" lon="10.7004072">
      <ele>218.41366506134452</ele>
      <time>2026-03-28T16:05:44.241+01:00</time>
      <extensions>
        <activity type="IN_VEHICLE" conf="97" state="moving" tsMs="1774710344246"/>
        <radio op="vodafone IT" rat="LTE" rsrp="-106" rsrq="-17"/>
        <radio op="I TIM" rat="LTE" rsrq="-20"/>
      </extensions>
    </trkpt>
    <trkpt lat="45.7128175" lon="10.7004072">
      <ele>214.717816381398</ele>
      <time>2026-03-28T16:05:49.635+01:00</time>
      <extensions>
        <activity type="IN_VEHICLE" conf="97" state="moving" tsMs="1774710349322"/>
        <radio op="vodafone IT" rat="LTE" rsrp="-72" rsrq="-16"/>
        <radio op="I TIM" rat="LTE" rsrq="-20"/>
      </extensions>
    </trkpt>
    <trkpt lat="45.7008963" lon="10.6782271">
      <ele>197.1828281706561</ele>
      <time>2026-03-28T16:06:34.024+01:00</time>
      <extensions>
        <activity type="IN_VEHICLE" conf="96" state="moving" tsMs="1774710392913"/>
        <radio op="vodafone IT" rat="LTE" q="7.50" rsrp="-110" sinr="0" rsrq="-14"/>
        <radio op="I TIM" rat="LTE" q="18.40" rsrp="-102" sinr="3" rsrq="-15"/>
      </extensions>
    </trkpt>
    <trkpt lat="45.6972497" lon="10.6724424">
      <ele>170.38538360024873</ele>
      <time>2026-03-28T16:07:12.791+01:00</time>
      <extensions>
        <activity type="IN_VEHICLE" conf="97" state="moving" tsMs="1774710428254"/>
        <radio op="vodafone IT" rat="LTE" q="18.40" rsrp="-102" sinr="3" rsrq="-10"/>
        <radio op="I TIM" rat="LTE" q="8.10" rsrp="-116" sinr="4" rsrq="-16"/>
      </extensions>
    </trkpt>
    <trkpt lat="45.6914074" lon="10.6660356">
      <ele>140.23520693113005</ele>
      <time>2026-03-28T16:08:15.762+01:00</time>
      <extensions>
        <activity type="IN_VEHICLE" conf="96" state="moving" tsMs="1774710506429"/>
        <radio op="vodafone IT" rat="LTE" q="66.60" rsrp="-88" sinr="13" rsrq="-11"/>
        <radio op="I TIM" rat="LTE" q="39.60" rsrp="-92" sinr="7" rsrq="-8"/>
      </extensions>
    </trkpt>
    <trkpt lat="45.6905644" lon="10.6642517">
      <ele>138.41238019791265</ele>
      <time>2026-03-28T16:08:47.252+01:00</time>
      <extensions>
        <activity type="IN_VEHICLE" conf="97" state="moving" tsMs="1774710522584"/>
        <radio op="vodafone IT" rat="LTE" q="88.00" rsrp="-76" sinr="17" rsrq="-13"/>
        <radio op="I TIM" rat="LTE" q="72.00" rsrp="-78" sinr="13" rsrq="-9"/>
      </extensions>
    </trkpt>
    <trkpt lat="45.6887167" lon="10.6619848">
      <ele>123.26587681440745</ele>
      <time>2026-03-28T16:09:18.773+01:00</time>
      <extensions>
        <activity type="IN_VEHICLE" conf="97" state="moving" tsMs="1774710553965"/>
        <radio op="vodafone IT" rat="LTE" q="46.80" rsrp="-89" sinr="8" rsrq="-12"/>
        <radio op="I TIM" rat="LTE" q="38.40" rsrp="-93" sinr="7" rsrq="-11"/>
      </extensions>
    </trkpt>
    <trkpt lat="45.6819958" lon="10.6552324">
      <ele>120.88372471552172</ele>
      <time>2026-03-28T16:10:21.574+01:00</time>
      <extensions>
        <activity type="IN_VEHICLE" conf="93" state="moving" tsMs="1774710626843"/>
        <radio op="vodafone IT" rat="LTE" rsrp="-113" rsrq="-17"/>
        <radio op="I TIM" rat="LTE" q="7.20" rsrp="-113" sinr="1" rsrq="-13"/>
      </extensions>
    </trkpt>
    <trkpt lat="45.6787062" lon="10.6534169">
      <ele>111.69341153252205</ele>
      <time>2026-03-28T16:10:52.928+01:00</time>
      <extensions>
        <activity type="IN_VEHICLE" conf="95" state="moving" tsMs="1774710632642"/>
        <radio op="vodafone IT" rat="LTE" rsrp="-102" rsrq="-15"/>
        <radio op="I TIM" rat="LTE" rsrp="-111" rsrq="-14"/>
      </extensions>
    </trkpt>
    <trkpt lat="45.6750675" lon="10.6508971">
      <ele>118.69999694824219</ele>
      <time>2026-03-28T16:11:24.276+01:00</time>
      <extensions>
        <activity type="IN_VEHICLE" conf="96" state="moving" tsMs="1774710679694"/>
        <radio op="vodafone IT" rat="LTE" rsrp="-115" rsrq="-15"/>
        <radio op="I TIM" rat="LTE" q="4.00" rsrp="-120" sinr="3" rsrq="-14"/>
      </extensions>
    </trkpt>
    <trkpt lat="45.6715523" lon="10.6515653">
      <ele>132.68305284988963</ele>
      <time>2026-03-28T16:11:59.023+01:00</time>
      <extensions>
        <activity type="IN_VEHICLE" conf="97" state="moving" tsMs="1774710726229"/>
        <radio op="vodafone IT" rat="LTE" q="60.00" rsrp="-100" sinr="19" rsrq="-9"/>
        <radio op="I TIM" rat="LTE" q="15.60" rsrp="-112" sinr="7" rsrq="-14"/>
      </extensions>
    </trkpt>
    <trkpt lat="45.6670916" lon="10.6481839">
      <ele>137.40000226684555</ele>
      <time>2026-03-28T16:12:42.027+01:00</time>
      <extensions>
        <activity type="IN_VEHICLE" conf="96" state="moving" tsMs="1774710761983"/>
        <radio op="vodafone IT" rat="LTE" rsrp="-102" rsrq="-18"/>
        <radio op="I TIM" rat="LTE" q="14.70" rsrp="-104" sinr="2" rsrq="-11"/>
      </extensions>
    </trkpt>
    <trkpt lat="45.6618846" lon="10.6435308">
      <ele>137.6817558098831</ele>
      <time>2026-03-28T16:13:21.712+01:00</time>
      <extensions>
        <activity type="IN_VEHICLE" conf="97" state="moving" tsMs="1774710797371"/>
        <radio op="vodafone IT" rat="LTE" rsrp="-101" rsrq="-16"/>
        <radio op="I TIM" rat="LTE" q="13.20" rsrp="-103" sinr="1" rsrq="-15"/>
      </extensions>
    </trkpt>
    <trkpt lat="45.6580162" lon="10.6373245">
      <ele>130.5755557357147</ele>
      <time>2026-03-28T16:13:59.02+01:00</time>
      <extensions>
        <activity type="IN_VEHICLE" conf="97" state="moving" tsMs="1774710838446"/>
        <radio op="vodafone IT" rat="LTE" rsrp="-105" rsrq="-14"/>
        <radio op="I TIM" rat="LTE" q="21.60" rsrp="-101" sinr="4" rsrq="-13"/>
      </extensions>
    </trkpt>
    <trkpt lat="45.6536794" lon="10.6303614">
      <ele>134.30762791684924</ele>
      <time>2026-03-28T16:14:41.022+01:00</time>
      <extensions>
        <activity type="IN_VEHICLE" conf="97" state="moving" tsMs="1774710886881"/>
        <radio op="vodafone IT" rat="LTE" rsrp="-105" rsrq="-15"/>
        <radio op="I TIM" rat="LTE" rsrp="-98" rsrq="-10"/>
      </extensions>
    </trkpt>
    <trkpt lat="45.6489121" lon="10.6229677">
      <ele>129.98101137195857</ele>
      <time>2026-03-28T16:15:25.025+01:00</time>
      <extensions>
        <activity type="IN_VEHICLE" conf="96" state="moving" tsMs="1774710922708"/>
        <radio op="vodafone IT" rat="LTE" rsrp="-101" rsrq="-12"/>
        <radio op="I TIM" rat="LTE" q="26.40" rsrp="-92" sinr="3" rsrq="-9"/>
      </extensions>
    </trkpt>
    <trkpt lat="45.6455579" lon="10.6169617">
      <ele>134.7847606534499</ele>
      <time>2026-03-28T16:16:02.414+01:00</time>
      <extensions>
        <activity type="IN_VEHICLE" conf="96" state="moving" tsMs="1774710960137"/>
        <radio op="vodafone IT" rat="LTE" rsrp="-107" rsrq="-15"/>
        <radio op="I TIM" rat="LTE" q="16.00" rsrp="-105" sinr="3" rsrq="-11"/>
      </extensions>
    </trkpt>
    <trkpt lat="45.6426434" lon="10.6147423">
      <ele>130.40000915527344</ele>
      <time>2026-03-28T16:16:30.519+01:00</time>
      <extensions>
        <activity type="IN_VEHICLE" conf="96" state="moving" tsMs="1774710990426"/>
        <radio op="vodafone IT" rat="LTE" rsrp="-107" rsrq="-15"/>
        <radio op="I TIM" rat="LTE" rsrp="-109" rsrq="-15"/>
      </extensions>
    </trkpt>
    <trkpt lat="45.6419927" lon="10.612496">
      <ele>131.8000030517578</ele>
      <time>2026-03-28T16:16:59.61+01:00</time>
      <extensions>
        <activity type="IN_VEHICLE" conf="97" state="moving" tsMs="1774711020725"/>
        <radio op="vodafone IT" rat="LTE" rsrp="-98" rsrq="-11"/>
        <radio op="I TIM" rat="LTE" q="31.20" rsrp="-99" sinr="7" rsrq="-12"/>
      </extensions>
    </trkpt>
    <trkpt lat="45.6413112" lon="10.6107807">
      <ele>133.3000030517578</ele>
      <time>2026-03-28T16:17:35.323+01:00</time>
      <extensions>
        <activity type="IN_VEHICLE" conf="97" state="moving" tsMs="1774711051437"/>
        <radio op="vodafone IT" rat="LTE" q="79.20" rsrp="-92" sinr="19" rsrq="-11"/>
        <radio op="I TIM" rat="LTE" q="20.80" rsrp="-109" sinr="8" rsrq="-11"/>
      </extensions>
    </trkpt>
    <trkpt lat="45.6407759" lon="10.6085072">
      <ele>133.60000610351562</ele>
      <time>2026-03-28T16:18:06.762+01:00</time>
      <extensions>
        <activity type="IN_VEHICLE" conf="96" state="moving" tsMs="1774711082035"/>
        <radio op="vodafone IT" rat="LTE" q="72.00" rsrp="-80" sinr="13" rsrq="-6"/>
        <radio op="I TIM" rat="LTE" q="38.40" rsrp="-93" sinr="7" rsrq="-13"/>
      </extensions>
    </trkpt>
    <trkpt lat="45.6379095" lon="10.6074109">
      <ele>131.8000030517578</ele>
      <time>2026-03-28T16:18:38.254+01:00</time>
      <extensions>
        <activity type="IN_VEHICLE" conf="97" state="moving" tsMs="1774711113510"/>
        <radio op="vodafone IT" rat="LTE" q="100.00" rsrp="-66" sinr="21" rsrq="-8"/>
        <radio op="I TIM" rat="LTE" rsrp="-106" rsrq="-23"/>
      </extensions>
    </trkpt>
    <trkpt lat="45.6368826" lon="10.605839">
      <ele>124.30000305175781</ele>
      <time>2026-03-28T16:19:09.57+01:00</time>
      <extensions>
        <activity type="IN_VEHICLE" conf="97" state="moving" tsMs="1774711144882"/>
        <radio op="vodafone IT" rat="LTE" q="32.00" rsrp="-74" sinr="3" rsrq="-13"/>
        <radio op="I TIM" rat="LTE" rsrp="-111" rsrq="-16"/>
      </extensions>
    </trkpt>
    <trkpt lat="45.6361896" lon="10.6041958">
      <ele>122.60390397370097</ele>
      <time>2026-03-28T16:19:38.364+01:00</time>
      <extensions>
        <activity type="IN_VEHICLE" conf="97" state="moving" tsMs="1774711179685"/>
        <radio op="vodafone IT" rat="LTE" q="68.00" rsrp="-75" sinr="12" rsrq="-8"/>
        <radio op="I TIM" rat="LTE" q="6.00" rsrp="-115" sinr="1" rsrq="-15"/>
      </extensions>
    </trkpt>
    <trkpt lat="45.635533" lon="10.6027118">
      <ele>119.0999984741211</ele>
      <time>2026-03-28T16:20:11.669+01:00</time>
      <extensions>
        <activity type="IN_VEHICLE" conf="97" state="moving" tsMs="1774711208942"/>
        <radio op="vodafone IT" rat="LTE" q="44.80" rsrp="-93" sinr="9" rsrq="-11"/>
        <radio op="I TIM" rat="LTE" rsrp="-113" rsrq="-17"/>
      </extensions>
    </trkpt>
    <trkpt lat="45.6354026" lon="10.602363">
      <ele>117.4000015258789</ele>
      <time>2026-03-28T16:20:43.06+01:00</time>
      <extensions>
        <activity type="IN_VEHICLE" conf="97" state="moving" tsMs="1774711242814"/>
        <radio op="vodafone IT" rat="LTE" q="39.60" rsrp="-92" sinr="7" rsrq="-12"/>
        <radio op="I TIM" rat="LTE" rsrp="-113" rsrq="-16"/>
      </extensions>
    </trkpt>
    <trkpt lat="45.6352974" lon="10.6022179">
      <ele>117.4000015258789</ele>
      <time>2026-03-28T16:21:13.328+01:00</time>
      <extensions>
        <activity type="IN_VEHICLE" conf="97" state="moving" tsMs="1774711268781"/>
        <radio op="vodafone IT" rat="LTE" q="16.50" rsrp="-92" sinr="0" rsrq="-14"/>
        <radio op="I TIM" rat="LTE" rsrp="-111" rsrq="-15"/>
      </extensions>
    </trkpt>
    <trkpt lat="45.6357165" lon="10.6022683">
      <ele>117.4000015258789</ele>
      <time>2026-03-28T16:21:45.026+01:00</time>
      <extensions>
        <activity type="IN_VEHICLE" conf="97" state="moving" tsMs="1774711300329"/>
        <radio op="vodafone IT" rat="LTE" q="24.80" rsrp="-94" sinr="3" rsrq="-13"/>
        <radio op="I TIM" rat="LTE" q="10.50" rsrp="-104" sinr="0" rsrq="-13"/>
      </extensions>
    </trkpt>
    <trkpt lat="45.6350478" lon="10.6002602">
      <ele>115.80000305175781</ele>
      <time>2026-03-28T16:22:16.544+01:00</time>
      <extensions>
        <activity type="IN_VEHICLE" conf="97" state="moving" tsMs="1774711331737"/>
        <radio op="vodafone IT" rat="LTE" q="50.40" rsrp="-89" sinr="9" rsrq="-10"/>
        <radio op="I TIM" rat="LTE" rsrp="-110" rsrq="-17"/>
      </extensions>
    </trkpt>
    <trkpt lat="45.6356325" lon="10.5971546">
      <ele>118.0</ele>
      <time>2026-03-28T16:22:47.908+01:00</time>
      <extensions>
        <activity type="IN_VEHICLE" conf="97" state="moving" tsMs="1774711363150"/>
        <radio op="vodafone IT" rat="LTE" q="10.50" rsrp="-104" sinr="0" rsrq="-15"/>
        <radio op="I TIM" rat="LTE" rsrp="-112" rsrq="-22"/>
      </extensions>
    </trkpt>
    <trkpt lat="45.6331113" lon="10.5923694">
      <ele>122.77264417776338</ele>
      <time>2026-03-28T16:23:19.328+01:00</time>
      <extensions>
        <activity type="IN_VEHICLE" conf="86" state="moving" tsMs="1774711394778"/>
        <radio op="vodafone IT" rat="LTE" q="70.30" rsrp="-88" sinr="14" rsrq="-9"/>
        <radio op="I TIM" rat="LTE" rsrp="-111" rsrq="-22"/>
      </extensions>
    </trkpt>
    <trkpt lat="45.6293619" lon="10.5866353">
      <ele>123.2155424713158</ele>
      <time>2026-03-28T16:23:59.021+01:00</time>
      <extensions>
        <activity type="IN_VEHICLE" conf="97" state="moving" tsMs="1774711446849"/>
        <radio op="vodafone IT" rat="LTE" q="18.90" rsrp="-104" sinr="4" rsrq="-13"/>
        <radio op="I TIM" rat="LTE" rsrp="-109" rsrq="-15"/>
      </extensions>
    </trkpt>
    <trkpt lat="45.6261818" lon="10.5831486">
      <ele>127.35176023102403</ele>
      <time>2026-03-28T16:24:35.022+01:00</time>
      <extensions>
        <activity type="IN_VEHICLE" conf="97" state="moving" tsMs="1774711482943"/>
        <radio op="vodafone IT" rat="LTE" q="11.90" rsrp="-108" sinr="2" rsrq="-11"/>
        <radio op="I TIM" rat="LTE" rsrp="-99" rsrq="-15"/>
      </extensions>
    </trkpt>
    <trkpt lat="45.6259924" lon="10.5784924">
      <ele>124.67034049396644</ele>
      <time>2026-03-28T16:25:15.294+01:00</time>
      <extensions>
        <activity type="IN_VEHICLE" conf="97" state="moving" tsMs="1774711515050"/>
        <radio op="vodafone IT" rat="LTE" rsrp="-109" rsrq="-17"/>
        <radio op="I TIM" rat="LTE" rsrp="-111" rsrq="-19"/>
      </extensions>
    </trkpt>
    <trkpt lat="45.6244444" lon="10.5732694">
      <ele>125.0</ele>
      <time>2026-03-28T16:25:46.698+01:00</time>
      <extensions>
        <activity type="IN_VEHICLE" conf="97" state="moving" tsMs="1774711546365"/>
        <radio op="vodafone IT" rat="LTE" q="26.00" rsrp="-105" sinr="8" rsrq="-9"/>
        <radio op="I TIM" rat="LTE" rsrp="-105" rsrq="-13"/>
      </extensions>
    </trkpt>
    <trkpt lat="45.6222215" lon="10.5691943">
      <ele>125.0</ele>
      <time>2026-03-28T16:26:18.05+01:00</time>
      <extensions>
        <activity type="IN_VEHICLE" conf="97" state="moving" tsMs="1774711577836"/>
        <radio op="vodafone IT" rat="LTE" rsrp="-118" rsrq="-20"/>
        <radio op="I TIM" rat="LTE" q="18.00" rsrp="-95" sinr="1" rsrq="-13"/>
      </extensions>
    </trkpt>
    <trkpt lat="45.6192837" lon="10.5641989">
      <ele>120.69999694824219</ele>
      <time>2026-03-28T16:26:49.789+01:00</time>
      <extensions>
        <activity type="IN_VEHICLE" conf="97" state="moving" tsMs="1774711609146"/>
        <radio op="vodafone IT" rat="LTE" q="36.40" rsrp="-97" sinr="8" rsrq="-10"/>
        <radio op="I TIM" rat="LTE" rsrp="-97" rsrq="-16"/>
      </extensions>
    </trkpt>
    <trkpt lat="45.6187241" lon="10.5603444">
      <ele>116.30000305175781</ele>
      <time>2026-03-28T16:27:21.258+01:00</time>
      <extensions>
        <activity type="IN_VEHICLE" conf="97" state="moving" tsMs="1774711637773"/>
        <radio op="vodafone IT" rat="LTE" q="80.00" rsrp="-93" sinr="22" rsrq="-12"/>
        <radio op="I TIM" rat="LTE" q="95.00" rsrp="-87" sinr="21" rsrq="-9"/>
      </extensions>
    </trkpt>
    <trkpt lat="45.617508" lon="10.5576247">
      <ele>127.45118855228128</ele>
      <time>2026-03-28T16:27:52.797+01:00</time>
      <extensions>
        <activity type="IN_VEHICLE" conf="97" state="moving" tsMs="1774711667901"/>
        <radio op="vodafone IT" rat="LTE" q="66.00" rsrp="-95" sinr="17" rsrq="-10"/>
        <radio op="I TIM" rat="LTE" q="97.50" rsrp="-86" sinr="21" rsrq="-6"/>
      </extensions>
    </trkpt>
    <trkpt lat="45.614897" lon="10.5518322">
      <ele>129.16088306414434</ele>
      <time>2026-03-28T16:28:24.3+01:00</time>
      <extensions>
        <activity type="UNKNOWN" conf="40" state="unknown" tsMs="1774711699456"/>
        <radio op="vodafone IT" rat="LTE" q="19.00" rsrp="-106" sinr="5" rsrq="-13"/>
        <radio op="I TIM" rat="LTE" q="32.40" rsrp="-98" sinr="7" rsrq="-12"/>
      </extensions>
    </trkpt>
    <trkpt lat="45.6113269" lon="10.5397721">
      <ele>142.50144587988893</ele>
      <time>2026-03-28T16:29:27.083+01:00</time>
      <extensions>
        <activity type="IN_VEHICLE" conf="97" state="moving" tsMs="1774711786432"/>
        <radio op="vodafone IT" rat="LTE" q="36.40" rsrp="-99" sinr="9" rsrq="-12"/>
        <radio op="I TIM" rat="LTE" q="34.50" rsrp="-102" sinr="10" rsrq="-8"/>
      </extensions>
    </trkpt>
    <trkpt lat="45.6095462" lon="10.5337542">
      <ele>161.74567053908692</ele>
      <time>2026-03-28T16:30:02.02+01:00</time>
      <extensions>
        <activity type="IN_VEHICLE" conf="96" state="moving" tsMs="1774711801886"/>
        <radio op="vodafone IT" rat="LTE" q="16.20" rsrp="-107" sinr="4" rsrq="-12"/>
        <radio op="I TIM" rat="LTE" q="13.60" rsrp="-108" sinr="3" rsrq="-16"/>
      </extensions>
    </trkpt>
    <trkpt lat="45.6087173" lon="10.5250129">
      <ele>170.48581066197283</ele>
      <time>2026-03-28T16:30:48.02+01:00</time>
      <extensions>
        <activity type="IN_VEHICLE" conf="96" state="moving" tsMs="1774711844856"/>
        <radio op="vodafone IT" rat="LTE" q="26.40" rsrp="-92" sinr="3" rsrq="-12"/>
        <radio op="I TIM" rat="LTE" q="74.10" rsrp="-86" sinr="14" rsrq="-10"/>
      </extensions>
    </trkpt>
    <trkpt lat="45.6102065" lon="10.5191529">
      <ele>164.70001220703125</ele>
      <time>2026-03-28T16:31:24.662+01:00</time>
      <extensions>
        <activity type="IN_VEHICLE" conf="97" state="moving" tsMs="1774711880261"/>
        <radio op="vodafone IT" rat="LTE" q="10.80" rsrp="-107" sinr="1" rsrq="-14"/>
        <radio op="I TIM" rat="LTE" q="23.40" rsrp="-99" sinr="4" rsrq="-12"/>
      </extensions>
    </trkpt>
    <trkpt lat="45.6104806" lon="10.5177836">
      <ele>164.70001220703125</ele>
      <time>2026-03-28T16:31:31.021+01:00</time>
      <extensions>
        <activity type="IN_VEHICLE" conf="97" state="moving" tsMs="1774711895294"/>
        <radio op="vodafone IT" rat="LTE" rsrp="-106" rsrq="-17"/>
        <radio op="I TIM" rat="LTE" q="12.60" rsrp="-104" sinr="1" rsrq="-15"/>
      </extensions>
    </trkpt>
    <trkpt lat="45.6116839" lon="10.5116451">
      <ele>162.50296663643718</ele>
      <time>2026-03-28T16:32:06.25+01:00</time>
      <extensions>
        <activity type="IN_VEHICLE" conf="97" state="moving" tsMs="1774711922161"/>
        <radio op="vodafone IT" rat="LTE" q="15.20" rsrp="-106" sinr="3" rsrq="-13"/>
        <radio op="I TIM" rat="LTE" q="14.00" rsrp="-105" sinr="2" rsrq="-13"/>
      </extensions>
    </trkpt>
    <trkpt lat="45.6116998" lon="10.5121743">
      <ele>163.00350938373447</ele>
      <time>2026-03-28T16:32:12.02+01:00</time>
      <extensions>
        <activity type="IN_VEHICLE" conf="97" state="moving" tsMs="1774711936873"/>
        <radio op="vodafone IT" rat="LTE" q="32.40" rsrp="-98" sinr="7" rsrq="-11"/>
        <radio op="I TIM" rat="LTE" rsrp="-103" rsrq="-11"/>
      </extensions>
    </trkpt>
    <trkpt lat="45.6118611" lon="10.5113302">
      <ele>159.50001525878906</ele>
      <time>2026-03-28T16:32:23.019+01:00</time>
      <extensions>
        <activity type="IN_VEHICLE" conf="97" state="moving" tsMs="1774711946953"/>
        <radio op="vodafone IT" rat="LTE" q="31.20" rsrp="-99" sinr="7" rsrq="-13"/>
        <radio op="I TIM" rat="LTE" q="9.50" rsrp="-106" sinr="0" rsrq="-13"/>
      </extensions>
    </trkpt>
    <trkpt lat="45.6110354" lon="10.5108435">
      <ele>162.46922526092254</ele>
      <time>2026-03-28T16:32:58.011+01:00</time>
      <extensions>
        <activity type="IN_VEHICLE" conf="97" state="moving" tsMs="1774711973895"/>
        <radio op="vodafone IT" rat="LTE" q="92.00" rsrp="-80" sinr="18" rsrq="-10"/>
        <radio op="I TIM" rat="LTE" q="68.40" rsrp="-87" sinr="13" rsrq="-9"/>
      </extensions>
    </trkpt>
    <trkpt lat="45.6086177" lon="10.5106041">
      <ele>144.93745996197543</ele>
      <time>2026-03-28T16:33:29.605+01:00</time>
      <extensions>
        <activity type="IN_VEHICLE" conf="97" state="moving" tsMs="1774712004865"/>
        <radio op="vodafone IT" rat="LTE" q="27.90" rsrp="-94" sinr="4" rsrq="-11"/>
        <radio op="I TIM" rat="LTE" q="28.60" rsrp="-99" sinr="6" rsrq="-11"/>
      </extensions>
    </trkpt>
    <trkpt lat="45.6086528" lon="10.5062532">
      <ele>148.87526123418678</ele>
      <time>2026-03-28T16:34:01.036+01:00</time>
      <extensions>
        <activity type="IN_VEHICLE" conf="97" state="moving" tsMs="1774712036228"/>
        <radio op="vodafone IT" rat="LTE" q="85.00" rsrp="-91" sinr="21" rsrq="-11"/>
        <radio op="I TIM" rat="LTE" q="36.80" rsrp="-102" sinr="11" rsrq="-8"/>
      </extensions>
    </trkpt>
    <trkpt lat="45.607004" lon="10.5051057">
      <ele>158.9989570559865</ele>
      <time>2026-03-28T16:34:32.466+01:00</time>
      <extensions>
        <activity type="IN_VEHICLE" conf="97" state="moving" tsMs="1774712067859"/>
        <radio op="vodafone IT" rat="LTE" rsrp="-96" rsrq="-15"/>
        <radio op="I TIM" rat="LTE" rsrp="-96" rsrq="-17"/>
      </extensions>
    </trkpt>
    <trkpt lat="45.603236" lon="10.5068353">
      <ele>166.5776526367559</ele>
      <time>2026-03-28T16:35:03.962+01:00</time>
      <extensions>
        <activity type="IN_VEHICLE" conf="97" state="moving" tsMs="1774712099169"/>
        <radio op="vodafone IT" rat="LTE" rsrp="-94" rsrq="-16"/>
        <radio op="I TIM" rat="LTE" rsrp="-98" rsrq="-17"/>
      </extensions>
    </trkpt>
    <trkpt lat="45.594875" lon="10.5109314">
      <ele>189.79513177769175</ele>
      <time>2026-03-28T16:36:08.609+01:00</time>
      <extensions>
        <activity type="IN_VEHICLE" conf="97" state="moving" tsMs="1774712177689"/>
        <radio op="vodafone IT" rat="LTE" q="11.00" rsrp="-103" sinr="0" rsrq="-15"/>
        <radio op="I TIM" rat="LTE" q="12.60" rsrp="-107" sinr="2" rsrq="-16"/>
      </extensions>
    </trkpt>
    <trkpt lat="45.5936014" lon="10.5163747">
      <ele>200.1847566487635</ele>
      <time>2026-03-28T16:36:42.019+01:00</time>
      <extensions>
        <activity type="IN_VEHICLE" conf="96" state="moving" tsMs="1774712199084"/>
        <radio op="vodafone IT" rat="LTE" rsrp="-102" rsrq="-13"/>
        <radio op="I TIM" rat="LTE" rsrp="-103" rsrq="-15"/>
      </extensions>
    </trkpt>
    <trkpt lat="45.5910626" lon="10.5228534">
      <ele>208.1025664466784</ele>
      <time>2026-03-28T16:37:22.405+01:00</time>
      <extensions>
        <activity type="IN_VEHICLE" conf="97" state="moving" tsMs="1774712241030"/>
        <radio op="vodafone IT" rat="LTE" q="19.00" rsrp="-106" sinr="5" rsrq="-10"/>
        <radio op="I TIM" rat="LTE" rsrp="-106" rsrq="-15"/>
      </extensions>
    </trkpt>
    <trkpt lat="45.5875132" lon="10.5198683">
      <ele>206.51261728099902</ele>
      <time>2026-03-28T16:37:53.905+01:00</time>
      <extensions>
        <activity type="IN_VEHICLE" conf="91" state="moving" tsMs="1774712270437"/>
        <radio op="vodafone IT" rat="LTE" q="44.00" rsrp="-82" sinr="6" rsrq="-9"/>
        <radio op="I TIM" rat="LTE" q="36.00" rsrp="-74" sinr="4" rsrq="-10"/>
      </extensions>
    </trkpt>
    <trkpt lat="45.5856656" lon="10.5180088">
      <ele>206.3000030517578</ele>
      <time>2026-03-28T16:38:20.709+01:00</time>
      <extensions>
        <activity type="IN_VEHICLE" conf="94" state="moving" tsMs="1774712300594"/>
        <radio op="vodafone IT" rat="LTE" q="100.00" rsrp="-80" sinr="24" rsrq="-6"/>
        <radio op="I TIM" rat="LTE" q="56.00" rsrp="-80" sinr="9" rsrq="-10"/>
      </extensions>
    </trkpt>
    <trkpt lat="45.5861374" lon="10.5176937">
      <ele>206.3000030517578</ele>
      <time>2026-03-28T16:38:31.02+01:00</time>
      <extensions>
        <activity type="IN_VEHICLE" conf="96" state="moving" tsMs="1774712310628"/>
        <radio op="vodafone IT" rat="LTE" q="100.00" rsrp="-85" sinr="21" rsrq="-10"/>
        <radio op="I TIM" rat="LTE" q="68.00" rsrp="-76" sinr="12" rsrq="-10"/>
      </extensions>
    </trkpt>
    <trkpt lat="45.5859803" lon="10.5183787">
      <ele>208.22214543421848</ele>
      <time>2026-03-28T16:39:06.214+01:00</time>
      <extensions>
        <activity type="IN_VEHICLE" conf="97" state="moving" tsMs="1774712342701"/>
        <radio op="vodafone IT" rat="LTE" q="92.00" rsrp="-79" sinr="18" rsrq="-5"/>
        <radio op="I TIM" rat="LTE" q="72.00" rsrp="-73" sinr="13" rsrq="-8"/>
      </extensions>
    </trkpt>
    <trkpt lat="45.5854712" lon="10.5175147">
      <ele>207.4776295460591</ele>
      <time>2026-03-28T16:39:38.903+01:00</time>
      <extensions>
        <activity type="TILTING" conf="100" state="moving" tsMs="1774712376674"/>
        <radio op="vodafone IT" rat="LTE" q="92.00" rsrp="-83" sinr="18" rsrq="-5"/>
        <radio op="I TIM" rat="LTE" q="64.00" rsrp="-76" sinr="11" rsrq="-11"/>
      </extensions>
    </trkpt>
    <trkpt lat="45.5855004" lon="10.5175693">
      <ele>205.73077645221736</ele>
      <time>2026-03-28T16:39:43.019+01:00</time>
      <extensions>
        <activity type="TILTING" conf="100" state="moving" tsMs="1774712376674"/>
        <radio op="vodafone IT" rat="LTE" q="85.10" rsrp="-88" sinr="18" rsrq="-7"/>
        <radio op="I TIM" rat="LTE" q="100.00" rsrp="-81" sinr="20" rsrq="-8"/>
      </extensions>
    </trkpt>
    <trkpt lat="45.5859223" lon="10.5172684">
      <ele>205.90000915527344</ele>
      <time>2026-03-28T16:40:30.37+01:00</time>
      <extensions>
        <activity type="ON_FOOT" conf="96" state="moving" tsMs="1774712430108"/>
        <radio op="vodafone IT" rat="LTE" q="55.00" rsrp="-100" sinr="17" rsrq="-11"/>
        <radio op="I TIM" rat="LTE" q="25.60" rsrp="-93" sinr="3" rsrq="-8"/>
      </extensions>
    </trkpt>
    <trkpt lat="45.5859293" lon="10.5172495">
      <ele>205.90000915527344</ele>
      <time>2026-03-28T16:41:45.304+01:00</time>
      <extensions>
        <activity type="ON_FOOT" conf="86" state="moving" tsMs="1774712499556"/>
        <radio op="vodafone IT" rat="LTE" rsrp="-110" rsrq="-9"/>
        <radio op="I TIM" rat="LTE" q="15.30" rsrp="-108" sinr="4" rsrq="-12"/>
      </extensions>
    </trkpt>
    <trkpt lat="45.5861" lon="10.5171848">
      <ele>205.8000030517578</ele>
      <time>2026-03-28T16:42:36.08+01:00</time>
      <extensions>
        <activity type="ON_FOOT" conf="93" state="moving" tsMs="1774712554828"/>
        <radio op="vodafone IT" rat="LTE" q="22.00" rsrp="-105" sinr="6" rsrq="-9"/>
        <radio op="I TIM" rat="LTE" q="29.40" rsrp="-104" sinr="9" rsrq="-10"/>
      </extensions>
    </trkpt>
    <trkpt lat="45.5861044" lon="10.5171617">
      <ele>205.8000030517578</ele>
      <time>2026-03-28T16:43:11.688+01:00</time>
      <extensions>
        <activity type="UNKNOWN" conf="40" state="unknown" tsMs="1774712587258"/>
        <radio op="vodafone IT" rat="LTE" q="42.00" rsrp="-97" sinr="10" rsrq="-8"/>
        <radio op="I TIM" rat="LTE" q="27.00" rsrp="-95" sinr="4" rsrq="-9"/>
      </extensions>
    </trkpt>
    <trkpt lat="45.5861982" lon="10.5171404">
      <ele>205.90000915527344</ele>
      <time>2026-03-28T16:43:42.759+01:00</time>
      <extensions>
        <activity type="ON_FOOT" conf="85" state="moving" tsMs="1774712619018"/>
        <radio op="vodafone IT" rat="LTE" q="41.40" rsrp="-102" sinr="13" rsrq="-7"/>
        <radio op="I TIM" rat="LTE" q="22.50" rsrp="-100" sinr="4" rsrq="-9"/>
      </extensions>
    </trkpt>
    <trkpt lat="45.5861225" lon="10.5171589">
      <ele>205.8000030517578</ele>
      <time>2026-03-28T16:44:13.84+01:00</time>
      <extensions>
        <activity type="UNKNOWN" conf="40" state="unknown" tsMs="1774712650074"/>
        <radio op="vodafone IT" rat="LTE" q="40.80" rsrp="-101" sinr="12" rsrq="-10"/>
        <radio op="I TIM" rat="LTE" q="14.00" rsrp="-97" sinr="0" rsrq="-11"/>
      </extensions>
    </trkpt>
    <trkpt lat="45.5862743" lon="10.5170946">
      <ele>204.1312728074949</ele>
      <time>2026-03-28T16:44:44.961+01:00</time>
      <extensions>
        <activity type="UNKNOWN" conf="40" state="unknown" tsMs="1774712681179"/>
        <radio op="vodafone IT" rat="LTE" q="32.00" rsrp="-105" sinr="11" rsrq="-8"/>
        <radio op="I TIM" rat="LTE" q="19.60" rsrp="-97" sinr="2" rsrq="-11"/>
      </extensions>
    </trkpt>
    <trkpt lat="45.5862811" lon="10.517111">
      <ele>207.9257489012211</ele>
      <time>2026-03-28T16:45:19.32+01:00</time>
      <extensions>
        <activity type="ON_FOOT" conf="90" state="moving" tsMs="1774712713428"/>
        <radio op="vodafone IT" rat="LTE" q="24.20" rsrp="-103" sinr="6" rsrq="-9"/>
        <radio op="I TIM" rat="LTE" q="13.30" rsrp="-106" sinr="2" rsrq="-11"/>
      </extensions>
    </trkpt>
    <trkpt lat="45.586346" lon="10.5170523">
      <ele>205.90000915527344</ele>
      <time>2026-03-28T16:46:00.127+01:00</time>
      <extensions>
        <activity type="UNKNOWN" conf="40" state="unknown" tsMs="1774712759081"/>
        <radio op="vodafone IT" rat="LTE" q="66.00" rsrp="-95" sinr="17" rsrq="-12"/>
        <radio op="I TIM" rat="LTE" q="29.00" rsrp="-96" sinr="5" rsrq="-9"/>
      </extensions>
    </trkpt>
    <trkpt lat="45.5863425" lon="10.5170693">
      <ele>205.90000915527344</ele>
      <time>2026-03-28T16:46:39.443+01:00</time>
      <extensions>
        <activity type="UNKNOWN" conf="40" state="unknown" tsMs="1774712794176"/>
        <radio op="vodafone IT" rat="LTE" q="43.20" rsrp="-98" sinr="11" rsrq="-9"/>
        <radio op="I TIM" rat="LTE" q="21.60" rsrp="-98" sinr="3" rsrq="-12"/>
      </extensions>
    </trkpt>
    <trkpt lat="45.5863509" lon="10.5170547">
      <ele>205.90000915527344</ele>
      <time>2026-03-28T16:47:23.632+01:00</time>
      <extensions>
        <activity type="UNKNOWN" conf="40" state="unknown" tsMs="1774712839102"/>
        <radio op="vodafone IT" rat="LTE" q="38.00" rsrp="-106" sinr="15" rsrq="-10"/>
        <radio op="I TIM" rat="LTE" q="49.60" rsrp="-94" sinr="11" rsrq="-11"/>
      </extensions>
    </trkpt>
    <trkpt lat="45.5863764" lon="10.5170443">
      <ele>205.90000915527344</ele>
      <time>2026-03-28T16:47:58.667+01:00</time>
      <extensions>
        <activity type="UNKNOWN" conf="40" state="unknown" tsMs="1774712877489"/>
        <radio op="vodafone IT" rat="LTE" q="37.80" rsrp="-104" sinr="13" rsrq="-9"/>
        <radio op="I TIM" rat="LTE" q="23.20" rsrp="-96" sinr="3" rsrq="-10"/>
      </extensions>
    </trkpt>
    <trkpt lat="45.5861841" lon="10.5169873">
      <ele>205.90000915527344</ele>
      <time>2026-03-28T16:51:46.07+01:00</time>
      <extensions>
        <activity type="UNKNOWN" conf="40" state="unknown" tsMs="1774713102133"/>
        <radio op="vodafone IT" rat="LTE" q="40.80" rsrp="-101" sinr="12" rsrq="-7"/>
        <radio op="I TIM" rat="LTE" q="22.40" rsrp="-97" sinr="3" rsrq="-10"/>
      </extensions>
    </trkpt>
    <trkpt lat="45.5863187" lon="10.5169851">
      <ele>205.90000915527344</ele>
      <time>2026-03-28T16:52:25.358+01:00</time>
      <extensions>
        <activity type="ON_FOOT" conf="90" state="moving" tsMs="1774713139511"/>
        <radio op="vodafone IT" rat="LTE" q="56.00" rsrp="-84" sinr="9" rsrq="-8"/>
        <radio op="I TIM" rat="LTE" q="40.00" rsrp="-81" sinr="5" rsrq="-9"/>
      </extensions>
    </trkpt>
    <trkpt lat="45.5863521" lon="10.5169521">
      <ele>205.90000915527344</ele>
      <time>2026-03-28T16:53:29.184+01:00</time>
      <extensions>
        <activity type="UNKNOWN" conf="40" state="unknown" tsMs="1774713209103"/>
        <radio op="vodafone IT" rat="LTE" q="57.00" rsrp="-87" sinr="10" rsrq="-7"/>
        <radio op="I TIM" rat="LTE" q="48.00" rsrp="-80" sinr="7" rsrq="-10"/>
      </extensions>
    </trkpt>
    <trkpt lat="45.5862103" lon="10.5170232">
      <ele>205.90000915527344</ele>
      <time>2026-03-28T16:54:31.331+01:00</time>
      <extensions>
        <activity type="UNKNOWN" conf="40" state="unknown" tsMs="1774713267515"/>
        <radio op="vodafone IT" rat="LTE" q="65.10" rsrp="-94" sinr="16" rsrq="-8"/>
        <radio op="I TIM" rat="LTE" q="42.00" rsrp="-90" sinr="7" rsrq="-11"/>
      </extensions>
    </trkpt>
    <trkpt lat="45.5861788" lon="10.5169902">
      <ele>205.90000915527344</ele>
      <time>2026-03-28T16:55:45.836+01:00</time>
      <extensions>
        <activity type="ON_FOOT" conf="96" state="moving" tsMs="1774713343787"/>
        <radio op="vodafone IT" rat="LTE" q="58.00" rsrp="-96" sinr="15" rsrq="-8"/>
        <radio op="I TIM" rat="LTE" q="31.90" rsrp="-96" sinr="6" rsrq="-10"/>
      </extensions>
    </trkpt>
    <trkpt lat="45.5859456" lon="10.5170996">
      <ele>205.90000915527344</ele>
      <time>2026-03-28T16:56:18.311+01:00</time>
      <extensions>
        <activity type="ON_FOOT" conf="93" state="moving" tsMs="1774713377921"/>
        <radio op="vodafone IT" rat="LTE" q="21.60" rsrp="-107" sinr="7" rsrq="-9"/>
        <radio op="I TIM" rat="LTE" q="16.20" rsrp="-107" sinr="4" rsrq="-10"/>
      </extensions>
    </trkpt>
    <trkpt lat="45.5859548" lon="10.5170923">
      <ele>205.90000915527344</ele>
      <time>2026-03-28T16:56:57.175+01:00</time>
      <extensions>
        <activity type="UNKNOWN" conf="40" state="unknown" tsMs="1774713412704"/>
        <radio op="vodafone IT" rat="LTE" q="24.00" rsrp="-105" sinr="7" rsrq="-8"/>
        <radio op="I TIM" rat="LTE" q="20.00" rsrp="-105" sinr="5" rsrq="-12"/>
      </extensions>
    </trkpt>
    <trkpt lat="45.5859411" lon="10.5171681">
      <ele>205.90000915527344</ele>
      <time>2026-03-28T16:58:02.97+01:00</time>
      <extensions>
        <activity type="UNKNOWN" conf="40" state="unknown" tsMs="1774713482127"/>
        <radio op="vodafone IT" rat="LTE" q="61.20" rsrp="-89" sinr="12" rsrq="-9"/>
        <radio op="I TIM" rat="LTE" q="42.00" rsrp="-97" sinr="10" rsrq="-12"/>
      </extensions>
    </trkpt>
    <trkpt lat="45.5859197" lon="10.5171975">
      <ele>205.90000915527344</ele>
      <time>2026-03-28T16:58:52.479+01:00</time>
      <extensions>
        <activity type="UNKNOWN" conf="40" state="unknown" tsMs="1774713532141"/>
        <radio op="vodafone IT" rat="LTE" q="58.90" rsrp="-94" sinr="14" rsrq="-9"/>
        <radio op="I TIM" rat="LTE" q="44.80" rsrp="-93" sinr="9" rsrq="-9"/>
      </extensions>
    </trkpt>
    <trkpt lat="45.5859258" lon="10.5171918">
      <ele>205.90000915527344</ele>
      <time>2026-03-28T16:59:27.902+01:00</time>
      <extensions>
        <activity type="UNKNOWN" conf="40" state="unknown" tsMs="1774713563460"/>
        <radio op="vodafone IT" rat="LTE" q="36.40" rsrp="-97" sinr="8" rsrq="-12"/>
        <radio op="I TIM" rat="LTE" rsrp="-94" rsrq="-9"/>
      </extensions>
    </trkpt>
    <trkpt lat="45.5859195" lon="10.5172331">
      <ele>205.90000915527344</ele>
      <time>2026-03-28T17:00:09.034+01:00</time>
      <extensions>
        <activity type="UNKNOWN" conf="40" state="unknown" tsMs="1774713606511"/>
        <radio op="vodafone IT" rat="LTE" q="44.80" rsrp="-97" sinr="11" rsrq="-8"/>
        <radio op="I TIM" rat="LTE" rsrp="-104" rsrq="-12"/>
      </extensions>
    </trkpt>
    <trkpt lat="45.5859295" lon="10.5171972">
      <ele>205.90000915527344</ele>
      <time>2026-03-28T17:00:43.2+01:00</time>
      <extensions>
        <activity type="STILL" conf="75" state="still" tsMs="1774713642941"/>
        <radio op="vodafone IT" rat="LTE" q="42.00" rsrp="-97" sinr="10" rsrq="-9"/>
        <radio op="I TIM" rat="LTE" rsrp="-96" rsrq="-10"/>
      </extensions>
    </trkpt>
    <trkpt lat="45.5860404" lon="10.5174986">
      <ele>205.00001525878906</ele>
      <time>2026-03-28T17:01:24.168+01:00</time>
      <extensions>
        <activity type="ON_FOOT" conf="94" state="moving" tsMs="1774713682399"/>
        <radio op="vodafone IT" rat="LTE" q="90.00" rsrp="-89" sinr="21" rsrq="-6"/>
        <radio op="I TIM" rat="LTE" q="44.40" rsrp="-88" sinr="7" rsrq="-7"/>
      </extensions>
    </trkpt>
    <trkpt lat="45.5860404" lon="10.5174986">
      <ele>205.00001525878906</ele>
      <time>2026-03-28T17:02:08.824+01:00</time>
      <extensions>
        <activity type="ON_FOOT" conf="95" state="moving" tsMs="1774713724131"/>
        <radio op="vodafone IT" rat="LTE" q="70.40" rsrp="-93" sinr="17" rsrq="-7"/>
        <radio op="I TIM" rat="LTE" q="48.10" rsrp="-88" sinr="8" rsrq="-9"/>
      </extensions>
    </trkpt>
    <trkpt lat="45.5857342" lon="10.5181587">
      <ele>205.00001525878906</ele>
      <time>2026-03-28T17:02:42.66+01:00</time>
      <extensions>
        <activity type="UNKNOWN" conf="40" state="unknown" tsMs="1774713765258"/>
        <radio op="vodafone IT" rat="LTE" q="88.00" rsrp="-74" sinr="17" rsrq="-7"/>
        <radio op="I TIM" rat="LTE" q="84.00" rsrp="-81" sinr="16" rsrq="-8"/>
      </extensions>
    </trkpt>
    <trkpt lat="45.5859382" lon="10.5168126">
      <ele>205.90000915527344</ele>
      <time>2026-03-28T17:03:16.743+01:00</time>
      <extensions>
        <activity type="IN_VEHICLE" conf="97" state="moving" tsMs="1774713793784"/>
        <radio op="vodafone IT" rat="LTE" q="100.00" rsrp="-79" sinr="21" rsrq="-5"/>
        <radio op="I TIM" rat="LTE" q="72.00" rsrp="-80" sinr="13" rsrq="-11"/>
      </extensions>
    </trkpt>
    <trkpt lat="45.5864618" lon="10.5173808">
      <ele>205.90000915527344</ele>
      <time>2026-03-28T17:03:43.682+01:00</time>
      <extensions>
        <activity type="IN_VEHICLE" conf="96" state="moving" tsMs="1774713824360"/>
        <radio op="vodafone IT" rat="LTE" q="60.80" rsrp="-93" sinr="14" rsrq="-11"/>
        <radio op="I TIM" rat="LTE" q="40.70" rsrp="-88" sinr="6" rsrq="-10"/>
      </extensions>
    </trkpt>
    <trkpt lat="45.5878341" lon="10.5157696">
      <ele>205.90000915527344</ele>
      <time>2026-03-28T17:04:19.076+01:00</time>
      <extensions>
        <activity type="IN_VEHICLE" conf="97" state="moving" tsMs="1774713855270"/>
        <radio op="vodafone IT" rat="LTE" q="72.00" rsrp="-85" sinr="13" rsrq="-8"/>
        <radio op="I TIM" rat="LTE" q="48.00" rsrp="-84" sinr="7" rsrq="-13"/>
      </extensions>
    </trkpt>
    <trkpt lat="45.5912339" lon="10.5109608">
      <ele>209.46409044526916</ele>
      <time>2026-03-28T17:04:50.522+01:00</time>
      <extensions>
        <activity type="IN_VEHICLE" conf="97" state="moving" tsMs="1774713885788"/>
        <radio op="vodafone IT" rat="LTE" rsrp="-76" rsrq="-6"/>
        <radio op="I TIM" rat="LTE" q="100.00" rsrp="-63" sinr="23" rsrq="-10"/>
      </extensions>
    </trkpt>
    <trkpt lat="45.5913298" lon="10.5097749">
      <ele>209.46409044526916</ele>
      <time>2026-03-28T17:04:57.027+01:00</time>
      <extensions>
        <activity type="IN_VEHICLE" conf="97" state="moving" tsMs="1774713901181"/>
        <radio op="vodafone IT" rat="LTE" q="74.80" rsrp="-91" sinr="17" rsrq="-7"/>
        <radio op="I TIM" rat="LTE" rsrp="-87" rsrq="-25"/>
      </extensions>
    </trkpt>
    <trkpt lat="45.5930322" lon="10.5050835">
      <ele>218.50764036706636</ele>
      <time>2026-03-28T17:05:33.492+01:00</time>
      <extensions>
        <activity type="IN_VEHICLE" conf="92" state="moving" tsMs="1774713927919"/>
        <radio op="vodafone IT" rat="LTE" rsrp="-115" rsrq="-15"/>
        <radio op="I TIM" rat="LTE" q="48.00" rsrp="-95" sinr="11" rsrq="-8"/>
      </extensions>
    </trkpt>
    <trkpt lat="45.5934773" lon="10.5045598">
      <ele>218.50764036706636</ele>
      <time>2026-03-28T17:05:38.028+01:00</time>
      <extensions>
        <activity type="IN_VEHICLE" conf="97" state="moving" tsMs="1774713942534"/>
        <radio op="vodafone IT" rat="LTE" q="23.10" rsrp="-104" sinr="6" rsrq="-9"/>
        <radio op="I TIM" rat="LTE" rsrp="-105" rsrq="-12"/>
      </extensions>
    </trkpt>
    <trkpt lat="45.6051398" lon="10.5002051">
      <ele>239.77971601565844</ele>
      <time>2026-03-28T17:07:05.884+01:00</time>
      <extensions>
        <activity type="IN_VEHICLE" conf="97" state="moving" tsMs="1774714021572"/>
        <radio op="vodafone IT" rat="LTE" q="40.00" rsrp="-82" sinr="5" rsrq="-12"/>
        <radio op="I TIM" rat="LTE" rsrp="-104" rsrq="-20"/>
      </extensions>
    </trkpt>
    <trkpt lat="45.6066692" lon="10.4939187">
      <ele>251.1966213411492</ele>
      <time>2026-03-28T17:07:40.026+01:00</time>
      <extensions>
        <activity type="IN_VEHICLE" conf="97" state="moving" tsMs="1774714067802"/>
        <radio op="vodafone IT" rat="LTE" q="85.10" rsrp="-88" sinr="18" rsrq="-11"/>
        <radio op="I TIM" rat="LTE" rsrp="-121" rsrq="-20"/>
      </extensions>
    </trkpt>
    <trkpt lat="45.6062846" lon="10.4848115">
      <ele>259.5553496572101</ele>
      <time>2026-03-28T17:08:23.026+01:00</time>
      <extensions>
        <activity type="IN_VEHICLE" conf="96" state="moving" tsMs="1774714103547"/>
        <radio op="vodafone IT" rat="LTE" q="0.00" rsrp="-126" sinr="2" rsrq="-14"/>
        <radio op="I TIM" rat="LTE" rsrp="-140" rsrq="-23"/>
      </extensions>
    </trkpt>
    <trkpt lat="45.6055074" lon="10.466849">
      <ele>275.47022670242313</ele>
      <time>2026-03-28T17:10:00.023+01:00</time>
      <extensions>
        <activity type="IN_VEHICLE" conf="97" state="moving" tsMs="1774714217701"/>
        <radio op="vodafone IT" rat="LTE" q="88.00" rsrp="-81" sinr="17" rsrq="-5"/>
        <radio op="I TIM" rat="LTE" q="48.00" rsrp="-95" sinr="11" rsrq="-9"/>
      </extensions>
    </trkpt>
    <trkpt lat="45.6046089" lon="10.464519">
      <ele>268.20001220703125</ele>
      <time>2026-03-28T17:10:39.322+01:00</time>
      <extensions>
        <activity type="IN_VEHICLE" conf="96" state="moving" tsMs="1774714233810"/>
        <radio op="vodafone IT" rat="LTE" q="68.00" rsrp="-63" sinr="12" rsrq="-6"/>
        <radio op="I TIM" rat="LTE" q="59.20" rsrp="-88" sinr="11" rsrq="-8"/>
      </extensions>
    </trkpt>
    <trkpt lat="45.6051263" lon="10.4643547">
      <ele>268.20001220703125</ele>
      <time>2026-03-28T17:10:48.028+01:00</time>
      <extensions>
        <activity type="IN_VEHICLE" conf="96" state="moving" tsMs="1774714239169"/>
        <radio op="vodafone IT" rat="LTE" q="84.00" rsrp="-63" sinr="16" rsrq="-7"/>
        <radio op="I TIM" rat="LTE" q="81.90" rsrp="-86" sinr="16" rsrq="-6"/>
      </extensions>
    </trkpt>
    <trkpt lat="45.6032738" lon="10.4583406">
      <ele>268.20001220703125</ele>
      <time>2026-03-28T17:11:20.852+01:00</time>
      <extensions>
        <activity type="IN_VEHICLE" conf="96" state="moving" tsMs="1774714277957"/>
        <radio op="vodafone IT" rat="LTE" q="100.00" rsrp="-67" sinr="29" rsrq="-11"/>
        <radio op="I TIM" rat="LTE" rsrp="-108" rsrq="-16"/>
      </extensions>
    </trkpt>
    <trkpt lat="45.6033723" lon="10.4579505">
      <ele>268.20001220703125</ele>
      <time>2026-03-28T17:11:28.026+01:00</time>
      <extensions>
        <activity type="IN_VEHICLE" conf="96" state="moving" tsMs="1774714277957"/>
        <radio op="vodafone IT" rat="LTE" q="100.00" rsrp="-70" sinr="28" rsrq="-12"/>
        <radio op="I TIM" rat="LTE" rsrp="-112" rsrq="-18"/>
      </extensions>
    </trkpt>
    <trkpt lat="45.602492" lon="10.455516">
      <ele>261.9000244140625</ele>
      <time>2026-03-28T17:12:02.449+01:00</time>
      <extensions>
        <activity type="IN_VEHICLE" conf="96" state="moving" tsMs="1774714319555"/>
        <radio op="vodafone IT" rat="LTE" q="29.60" rsrp="-88" sinr="3" rsrq="-13"/>
        <radio op="I TIM" rat="LTE" q="25.00" rsrp="-100" sinr="5" rsrq="-14"/>
      </extensions>
    </trkpt>
    <trkpt lat="45.6013406" lon="10.4537492">
      <ele>264.0</ele>
      <time>2026-03-28T17:12:33.789+01:00</time>
      <extensions>
        <activity type="IN_VEHICLE" conf="93" state="moving" tsMs="1774714350380"/>
        <radio op="vodafone IT" rat="LTE" q="44.00" rsrp="-85" sinr="6" rsrq="-12"/>
        <radio op="I TIM" rat="LTE" rsrp="-89" rsrq="-12"/>
      </extensions>
    </trkpt>
    <trkpt lat="45.6021906" lon="10.4531825">
      <ele>261.70001220703125</ele>
      <time>2026-03-28T17:13:02.39+01:00</time>
      <extensions>
        <activity type="IN_VEHICLE" conf="97" state="moving" tsMs="1774714380465"/>
        <radio op="vodafone IT" rat="LTE" rsrp="-95" rsrq="-15"/>
        <radio op="I TIM" rat="LTE" q="15.40" rsrp="-103" sinr="2" rsrq="-14"/>
      </extensions>
    </trkpt>
    <trkpt lat="45.6021807" lon="10.4530224">
      <ele>261.70001220703125</ele>
      <time>2026-03-28T17:13:13.026+01:00</time>
      <extensions>
        <activity type="IN_VEHICLE" conf="97" state="moving" tsMs="1774714390484"/>
        <radio op="vodafone IT" rat="LTE" rsrp="-97" rsrq="-16"/>
        <radio op="I TIM" rat="LTE" rsrp="-103" rsrq="-15"/>
      </extensions>
    </trkpt>
    <trkpt lat="45.6022236" lon="10.4533659">
      <ele>261.8000183105469</ele>
      <time>2026-03-28T17:13:45.797+01:00</time>
      <extensions>
        <activity type="UNKNOWN" conf="40" state="unknown" tsMs="1774714422135"/>
        <radio op="vodafone IT" rat="LTE" rsrp="-97" rsrq="-14"/>
        <radio op="I TIM" rat="LTE" rsrp="-101" rsrq="-14"/>
      </extensions>
    </trkpt>
    <trkpt lat="45.6022325" lon="10.4530492">
      <ele>261.8000183105469</ele>
      <time>2026-03-28T17:13:53.026+01:00</time>
      <extensions>
        <activity type="UNKNOWN" conf="40" state="unknown" tsMs="1774714436499"/>
        <radio op="vodafone IT" rat="LTE" q="25.60" rsrp="-93" sinr="3" rsrq="-14"/>
        <radio op="I TIM" rat="LTE" q="19.80" rsrp="-103" sinr="4" rsrq="-13"/>
      </extensions>
    </trkpt>
    <trkpt lat="45.6024089" lon="10.453633">
      <ele>261.9000244140625</ele>
      <time>2026-03-28T17:14:27.31+01:00</time>
      <extensions>
        <activity type="ON_FOOT" conf="96" state="moving" tsMs="1774714463360"/>
        <radio op="vodafone IT" rat="LTE" q="38.40" rsrp="-93" sinr="7" rsrq="-14"/>
        <radio op="I TIM" rat="LTE" q="11.40" rsrp="-106" sinr="1" rsrq="-16"/>
      </extensions>
    </trkpt>
    <trkpt lat="45.602576" lon="10.4536147">
      <ele>262.0</ele>
      <time>2026-03-28T17:14:55.256+01:00</time>
      <extensions>
        <activity type="ON_FOOT" conf="97" state="moving" tsMs="1774714495096"/>
        <radio op="vodafone IT" rat="LTE" q="4.00" rsrp="-120" sinr="3" rsrq="-13"/>
        <radio op="I TIM" rat="LTE" q="15.40" rsrp="-111" sinr="6" rsrq="-11"/>
      </extensions>
    </trkpt>
    <trkpt lat="45.6025833" lon="10.4536447">
      <ele>262.0</ele>
      <time>2026-03-28T17:15:31.131+01:00</time>
      <extensions>
        <activity type="UNKNOWN" conf="40" state="unknown" tsMs="1774714527103"/>
        <radio op="vodafone IT" rat="LTE" rsrp="-113" rsrq="-12"/>
        <radio op="I TIM" rat="LTE" q="12.00" rsrp="-115" sinr="7" rsrq="-9"/>
      </extensions>
    </trkpt>
    <trkpt lat="45.6025848" lon="10.4536584">
      <ele>262.0</ele>
      <time>2026-03-28T17:16:02.766+01:00</time>
      <extensions>
        <activity type="STILL" conf="99" state="still" tsMs="1774714559054"/>
        <radio op="vodafone IT" rat="LTE" q="20.90" rsrp="-106" sinr="6" rsrq="-12"/>
        <radio op="I TIM" rat="LTE" q="5.50" rsrp="-114" sinr="0" rsrq="-12"/>
      </extensions>
    </trkpt>
    <trkpt lat="45.6025734" lon="10.4536126">
      <ele>262.0</ele>
      <time>2026-03-28T17:16:34.444+01:00</time>
      <extensions>
        <activity type="STILL" conf="99" state="still" tsMs="1774714590642"/>
        <radio op="vodafone IT" rat="LTE" q="31.50" rsrp="-104" sinr="10" rsrq="-10"/>
        <radio op="I TIM" rat="LTE" rsrp="-113" rsrq="-9"/>
      </extensions>
    </trkpt>
    <trkpt lat="45.6025781" lon="10.4536168">
      <ele>262.0</ele>
      <time>2026-03-28T17:17:06.137+01:00</time>
      <extensions>
        <activity type="STILL" conf="99" state="still" tsMs="1774714622107"/>
        <radio op="vodafone IT" rat="LTE" q="25.20" rsrp="-104" sinr="7" rsrq="-10"/>
        <radio op="I TIM" rat="LTE" q="10.40" rsrp="-112" sinr="3" rsrq="-10"/>
      </extensions>
    </trkpt>
    <trkpt lat="45.6025759" lon="10.4536142">
      <ele>262.0</ele>
      <time>2026-03-28T17:17:37.793+01:00</time>
      <extensions>
        <activity type="STILL" conf="99" state="still" tsMs="1774714653931"/>
        <radio op="vodafone IT" rat="LTE" q="36.00" rsrp="-105" sinr="13" rsrq="-12"/>
        <radio op="I TIM" rat="LTE" q="10.50" rsrp="-110" sinr="2" rsrq="-12"/>
      </extensions>
    </trkpt>
    <trkpt lat="45.6025804" lon="10.4536337">
      <ele>262.0</ele>
      <time>2026-03-28T17:18:09.334+01:00</time>
      <extensions>
        <activity type="STILL" conf="99" state="still" tsMs="1774714685559"/>
        <radio op="vodafone IT" rat="LTE" q="6.30" rsrp="-118" sinr="4" rsrq="-13"/>
        <radio op="I TIM" rat="LTE" q="7.80" rsrp="-112" sinr="1" rsrq="-11"/>
      </extensions>
    </trkpt>
  </trkseg></trk>
</gpx>
