<?xml version="1.0" encoding="UTF-8"?>
<gpx version="1.1" creator="CellGPX" xmlns="http://www.topografix.com/GPX/1/1">
  <trk><name>CellGPX</name><trkseg>
    <trkpt lat="46.0286957" lon="10.8419171">
      <ele>636.3999633789062</ele>
      <time>2026-08-23T06:51:54.334+02:00</time>
      <extensions>
        <activity type="STILL" conf="100" state="still" tsMs="1787460693895"/>
        <radio op="vodafone IT" rat="LTE" q="28.50" rsrp="-110" sinr="14" rsrq="-6"/>
        <radio op="I TIM" rat="LTE" q="25.00" rsrp="-100" sinr="5" rsrq="-8"/>
      </extensions>
    </trkpt>
    <trkpt lat="46.0286996" lon="10.8419249">
      <ele>636.3999633789062</ele>
      <time>2026-08-23T06:53:11.399+02:00</time>
      <extensions>
        <activity type="STILL" conf="100" state="still" tsMs="1787460776775"/>
        <radio op="vodafone IT" rat="LTE" q="27.00" rsrp="-110" sinr="13" rsrq="-6"/>
        <radio op="I TIM" rat="LTE" q="40.00" rsrp="-100" sinr="11" rsrq="-8"/>
      </extensions>
    </trkpt>
    <trkpt lat="46.0286821" lon="10.8418939">
      <ele>638.7999877929688</ele>
      <time>2026-08-23T06:54:08.342+02:00</time>
      <extensions>
        <activity type="STILL" conf="100" state="still" tsMs="1787460842935"/>
        <radio op="vodafone IT" rat="LTE" q="5.50" rsrp="-114" sinr="0" rsrq="-9"/>
        <radio op="I TIM" rat="LTE" q="11.20" rsrp="-109" sinr="2" rsrq="-7"/>
      </extensions>
    </trkpt>
    <trkpt lat="46.0288431" lon="10.8417112">
      <ele>633.8563609745015</ele>
      <time>2026-08-23T07:19:25.838+02:00</time>
      <extensions>
        <activity type="UNKNOWN" conf="40" state="unknown" tsMs="1787462364450"/>
        <radio op="vodafone IT" rat="OTHER"/>
        <radio op="I TIM" rat="LTE" rsrp="-129" rsrq="-14"/>
      </extensions>
    </trkpt>
    <trkpt lat="46.0289841" lon="10.8416225">
      <ele>636.7000122070312</ele>
      <time>2026-08-23T07:19:57.07+02:00</time>
      <extensions>
        <activity type="ON_FOOT" conf="81" state="moving" tsMs="1787462391466"/>
        <radio op="vodafone IT" rat="LTE" q="15.40" rsrp="-103" sinr="2" rsrq="-13"/>
        <radio op="I TIM" rat="LTE" q="13.20" rsrp="-113" sinr="6" rsrq="-14"/>
      </extensions>
    </trkpt>
    <trkpt lat="46.0286872" lon="10.8419456">
      <ele>642.0327728560902</ele>
      <time>2026-08-23T07:20:28.381+02:00</time>
      <extensions>
        <activity type="UNKNOWN" conf="40" state="unknown" tsMs="1787462428269"/>
        <radio op="vodafone IT" rat="LTE" rsrp="-123" rsrq="-15"/>
        <radio op="I TIM" rat="LTE" rsrp="-124" rsrq="-15"/>
      </extensions>
    </trkpt>
    <trkpt lat="46.0287291" lon="10.8417652">
      <ele>639.7999877929688</ele>
      <time>2026-08-23T07:20:59.739+02:00</time>
      <extensions>
        <activity type="ON_FOOT" conf="84" state="moving" tsMs="1787462454239"/>
        <radio op="vodafone IT" rat="LTE" q="12.00" rsrp="-115" sinr="7" rsrq="-7"/>
        <radio op="I TIM" rat="LTE" q="9.60" rsrp="-113" sinr="3" rsrq="-9"/>
      </extensions>
    </trkpt>
    <trkpt lat="46.028677" lon="10.8417983">
      <ele>639.7999877929688</ele>
      <time>2026-08-23T07:21:31.047+02:00</time>
      <extensions>
        <activity type="UNKNOWN" conf="40" state="unknown" tsMs="1787462485507"/>
        <radio op="vodafone IT" rat="LTE" q="15.30" rsrp="-108" sinr="4" rsrq="-10"/>
        <radio op="I TIM" rat="LTE" q="11.00" rsrp="-114" sinr="5" rsrq="-10"/>
      </extensions>
    </trkpt>
    <trkpt lat="46.0286901" lon="10.8417223">
      <ele>638.7999877929688</ele>
      <time>2026-08-23T07:22:02.343+02:00</time>
      <extensions>
        <activity type="UNKNOWN" conf="40" state="unknown" tsMs="1787462522204"/>
        <radio op="vodafone IT" rat="LTE" q="4.90" rsrp="-118" sinr="2" rsrq="-13"/>
        <radio op="I TIM" rat="LTE" rsrp="-123" rsrq="-14"/>
      </extensions>
    </trkpt>
    <trkpt lat="46.0289789" lon="10.8417311">
      <ele>632.7627250743421</ele>
      <time>2026-08-23T07:22:33.711+02:00</time>
      <extensions>
        <activity type="UNKNOWN" conf="40" state="unknown" tsMs="1787462548181"/>
        <radio op="vodafone IT" rat="LTE" q="15.30" rsrp="-108" sinr="4" rsrq="-12"/>
        <radio op="I TIM" rat="LTE" q="10.80" rsrp="-113" sinr="4" rsrq="-12"/>
      </extensions>
    </trkpt>
    <trkpt lat="46.0293577" lon="10.8421149">
      <ele>630.6286633642053</ele>
      <time>2026-08-23T07:23:04.937+02:00</time>
      <extensions>
        <activity type="ON_FOOT" conf="95" state="moving" tsMs="1787462584855"/>
        <radio op="vodafone IT" rat="LTE" rsrp="-106" rsrq="-13"/>
        <radio op="I TIM" rat="LTE" q="30.00" rsrp="-95" sinr="5" rsrq="-9"/>
      </extensions>
    </trkpt>
    <trkpt lat="46.0294173" lon="10.842313">
      <ele>631.4412622026156</ele>
      <time>2026-08-23T07:23:36.098+02:00</time>
      <extensions>
        <activity type="ON_FOOT" conf="84" state="moving" tsMs="1787462615997"/>
        <radio op="vodafone IT" rat="LTE" q="25.20" rsrp="-97" sinr="4" rsrq="-11"/>
        <radio op="I TIM" rat="LTE" q="28.80" rsrp="-101" sinr="7" rsrq="-10"/>
      </extensions>
    </trkpt>
    <trkpt lat="46.0292707" lon="10.8422677">
      <ele>629.6466003053608</ele>
      <time>2026-08-23T07:24:17.152+02:00</time>
      <extensions>
        <activity type="UNKNOWN" conf="40" state="unknown" tsMs="1787462653020"/>
        <radio op="vodafone IT" rat="LTE" q="30.00" rsrp="-105" sinr="10" rsrq="-10"/>
        <radio op="I TIM" rat="LTE" q="13.50" rsrp="-110" sinr="4" rsrq="-10"/>
      </extensions>
    </trkpt>
    <trkpt lat="46.0294244" lon="10.8420631">
      <ele>629.6840311464654</ele>
      <time>2026-08-23T07:25:13.297+02:00</time>
      <extensions>
        <activity type="UNKNOWN" conf="40" state="unknown" tsMs="1787462710008"/>
        <radio op="vodafone IT" rat="LTE" q="15.40" rsrp="-111" sinr="6" rsrq="-11"/>
        <radio op="I TIM" rat="LTE" q="11.20" rsrp="-111" sinr="3" rsrq="-12"/>
      </extensions>
    </trkpt>
    <trkpt lat="46.0292939" lon="10.8418388">
      <ele>630.1068044337286</ele>
      <time>2026-08-23T07:25:55.458+02:00</time>
      <extensions>
        <activity type="UNKNOWN" conf="40" state="unknown" tsMs="1787462752828"/>
        <radio op="vodafone IT" rat="LTE" q="19.60" rsrp="-111" sinr="9" rsrq="-10"/>
        <radio op="I TIM" rat="LTE" q="13.50" rsrp="-110" sinr="4" rsrq="-13"/>
      </extensions>
    </trkpt>
    <trkpt lat="46.0294063" lon="10.8421625">
      <ele>630.4128411695839</ele>
      <time>2026-08-23T07:26:32.349+02:00</time>
      <extensions>
        <activity type="UNKNOWN" conf="40" state="unknown" tsMs="1787462793726"/>
        <radio op="vodafone IT" rat="LTE" rsrp="-106" rsrq="-10"/>
        <radio op="I TIM" rat="LTE" q="24.00" rsrp="-95" sinr="3" rsrq="-10"/>
      </extensions>
    </trkpt>
    <trkpt lat="46.0293809" lon="10.8422605">
      <ele>630.4128411695839</ele>
      <time>2026-08-23T07:26:38.141+02:00</time>
      <extensions>
        <activity type="UNKNOWN" conf="40" state="unknown" tsMs="1787462800444"/>
        <radio op="vodafone IT" rat="LTE" q="19.20" rsrp="-109" sinr="7" rsrq="-8"/>
        <radio op="I TIM" rat="LTE" q="18.90" rsrp="-98" sinr="2" rsrq="-8"/>
      </extensions>
    </trkpt>
    <trkpt lat="46.0293772" lon="10.8422592">
      <ele>630.2983513315211</ele>
      <time>2026-08-23T07:27:15.608+02:00</time>
      <extensions>
        <activity type="UNKNOWN" conf="40" state="unknown" tsMs="1787462832508"/>
        <radio op="vodafone IT" rat="LTE" q="28.50" rsrp="-106" sinr="10" rsrq="-10"/>
        <radio op="I TIM" rat="LTE" q="13.30" rsrp="-106" sinr="2" rsrq="-8"/>
      </extensions>
    </trkpt>
    <trkpt lat="46.0292033" lon="10.8423118">
      <ele>629.990117035394</ele>
      <time>2026-08-23T07:27:42.291+02:00</time>
      <extensions>
        <activity type="STILL" conf="96" state="still" tsMs="1787462863496"/>
        <radio op="vodafone IT" rat="LTE" q="42.00" rsrp="-104" sinr="15" rsrq="-7"/>
        <radio op="I TIM" rat="LTE" q="11.40" rsrp="-106" sinr="1" rsrq="-10"/>
      </extensions>
    </trkpt>
    <trkpt lat="46.0293432" lon="10.8423097">
      <ele>629.6840953418339</ele>
      <time>2026-08-23T07:28:16.141+02:00</time>
      <extensions>
        <activity type="STILL" conf="79" state="still" tsMs="1787462893042"/>
        <radio op="vodafone IT" rat="LTE" q="32.00" rsrp="-105" sinr="11" rsrq="-10"/>
        <radio op="I TIM" rat="LTE" q="13.30" rsrp="-106" sinr="2" rsrq="-13"/>
      </extensions>
    </trkpt>
    <trkpt lat="46.0293115" lon="10.8422961">
      <ele>633.3999633789062</ele>
      <time>2026-08-23T07:28:27.141+02:00</time>
      <extensions>
        <activity type="STILL" conf="60" state="still" tsMs="1787462898280"/>
        <radio op="vodafone IT" rat="LTE" q="18.00" rsrp="-105" sinr="4" rsrq="-8"/>
        <radio op="I TIM" rat="LTE" q="14.00" rsrp="-105" sinr="2" rsrq="-9"/>
      </extensions>
    </trkpt>
    <trkpt lat="46.0293115" lon="10.8422961">
      <ele>635.8999633789062</ele>
      <time>2026-08-23T07:28:37.142+02:00</time>
      <extensions>
        <activity type="UNKNOWN" conf="40" state="unknown" tsMs="1787462901978"/>
        <radio op="vodafone IT" rat="LTE" q="38.40" rsrp="-101" sinr="11" rsrq="-7"/>
        <radio op="I TIM" rat="LTE" q="18.90" rsrp="-104" sinr="4" rsrq="-9"/>
      </extensions>
    </trkpt>
    <trkpt lat="46.0293115" lon="10.8422961">
      <ele>635.8999633789062</ele>
      <time>2026-08-23T07:28:47.142+02:00</time>
      <extensions>
        <activity type="IN_VEHICLE" conf="96" state="moving" tsMs="1787462926617"/>
        <radio op="vodafone IT" rat="LTE" q="42.00" rsrp="-104" sinr="15" rsrq="-8"/>
        <radio op="I TIM" rat="LTE" q="13.20" rsrp="-103" sinr="1" rsrq="-9"/>
      </extensions>
    </trkpt>
    <trkpt lat="46.0294158" lon="10.8422367">
      <ele>635.8999633789062</ele>
      <time>2026-08-23T07:28:57.14+02:00</time>
      <extensions>
        <activity type="IN_VEHICLE" conf="96" state="moving" tsMs="1787462937155"/>
        <radio op="vodafone IT" rat="LTE" q="85.00" rsrp="-91" sinr="21" rsrq="-7"/>
        <radio op="I TIM" rat="LTE" q="41.80" rsrp="-87" sinr="6" rsrq="-8"/>
      </extensions>
    </trkpt>
    <trkpt lat="46.0293532" lon="10.8423153">
      <ele>635.8999633789062</ele>
      <time>2026-08-23T07:29:07.14+02:00</time>
      <extensions>
        <activity type="IN_VEHICLE" conf="96" state="moving" tsMs="1787462942500"/>
        <radio op="vodafone IT" rat="LTE" q="16.80" rsrp="-101" sinr="2" rsrq="-10"/>
        <radio op="I TIM" rat="LTE" q="31.00" rsrp="-94" sinr="5" rsrq="-7"/>
      </extensions>
    </trkpt>
    <trkpt lat="46.029354" lon="10.8421482">
      <ele>635.8999633789062</ele>
      <time>2026-08-23T07:29:17.14+02:00</time>
      <extensions>
        <activity type="IN_VEHICLE" conf="96" state="moving" tsMs="1787462953101"/>
        <radio op="vodafone IT" rat="LTE" q="90.00" rsrp="-89" sinr="23" rsrq="-4"/>
        <radio op="I TIM" rat="LTE" q="34.80" rsrp="-96" sinr="7" rsrq="-11"/>
      </extensions>
    </trkpt>
    <trkpt lat="46.029397" lon="10.8421253">
      <ele>635.8999633789062</ele>
      <time>2026-08-23T07:29:27.14+02:00</time>
      <extensions>
        <activity type="IN_VEHICLE" conf="97" state="moving" tsMs="1787462963753"/>
        <radio op="vodafone IT" rat="LTE" q="48.00" rsrp="-93" sinr="10" rsrq="-8"/>
        <radio op="I TIM" rat="LTE" q="33.30" rsrp="-88" sinr="4" rsrq="-9"/>
      </extensions>
    </trkpt>
    <trkpt lat="46.0293393" lon="10.8419062">
      <ele>635.8999633789062</ele>
      <time>2026-08-23T07:29:37.14+02:00</time>
      <extensions>
        <activity type="IN_VEHICLE" conf="96" state="moving" tsMs="1787462974503"/>
        <radio op="vodafone IT" rat="LTE" q="28.60" rsrp="-103" sinr="8" rsrq="-8"/>
        <radio op="I TIM" rat="LTE" q="24.80" rsrp="-94" sinr="3" rsrq="-8"/>
      </extensions>
    </trkpt>
    <trkpt lat="46.0293366" lon="10.8419126">
      <ele>633.0</ele>
      <time>2026-08-23T07:29:47.14+02:00</time>
      <extensions>
        <activity type="IN_VEHICLE" conf="98" state="moving" tsMs="1787462985163"/>
        <radio op="vodafone IT" rat="LTE" q="41.80" rsrp="-106" sinr="17" rsrq="-10"/>
        <radio op="I TIM" rat="LTE" q="32.00" rsrp="-93" sinr="5" rsrq="-8"/>
      </extensions>
    </trkpt>
    <trkpt lat="46.0288423" lon="10.8413881">
      <ele>639.0</ele>
      <time>2026-08-23T07:29:58.14+02:00</time>
      <extensions>
        <activity type="IN_VEHICLE" conf="96" state="moving" tsMs="1787462995825"/>
        <radio op="vodafone IT" rat="LTE" q="8.00" rsrp="-115" sinr="3" rsrq="-10"/>
        <radio op="I TIM" rat="LTE" q="12.00" rsrp="-105" sinr="1" rsrq="-11"/>
      </extensions>
    </trkpt>
    <trkpt lat="46.0278653" lon="10.8409131">
      <ele>645.0</ele>
      <time>2026-08-23T07:30:08.14+02:00</time>
      <extensions>
        <activity type="IN_VEHICLE" conf="96" state="moving" tsMs="1787463006559"/>
        <radio op="vodafone IT" rat="LTE" rsrp="-97" rsrq="-15"/>
        <radio op="I TIM" rat="LTE" q="29.70" rsrp="-92" sinr="4" rsrq="-9"/>
      </extensions>
    </trkpt>
    <trkpt lat="46.0266297" lon="10.8403927">
      <ele>656.0</ele>
      <time>2026-08-23T07:30:18.14+02:00</time>
      <extensions>
        <activity type="IN_VEHICLE" conf="96" state="moving" tsMs="1787463017214"/>
        <radio op="vodafone IT" rat="LTE" rsrp="-101" rsrq="-14"/>
        <radio op="I TIM" rat="LTE" q="25.20" rsrp="-89" sinr="2" rsrq="-9"/>
      </extensions>
    </trkpt>
    <trkpt lat="46.0254021" lon="10.8398777">
      <ele>669.0</ele>
      <time>2026-08-23T07:30:28.14+02:00</time>
      <extensions>
        <activity type="IN_VEHICLE" conf="96" state="moving" tsMs="1787463027898"/>
        <radio op="vodafone IT" rat="LTE" rsrp="-94" rsrq="-12"/>
        <radio op="I TIM" rat="LTE" q="72.60" rsrp="-92" sinr="17" rsrq="-10"/>
      </extensions>
    </trkpt>
    <trkpt lat="46.0245989" lon="10.8391163">
      <ele>678.0</ele>
      <time>2026-08-23T07:30:38.14+02:00</time>
      <extensions>
        <activity type="IN_VEHICLE" conf="96" state="moving" tsMs="1787463038647"/>
        <radio op="vodafone IT" rat="LTE" q="20.00" rsrp="-81" sinr="0" rsrq="-11"/>
        <radio op="I TIM" rat="LTE" q="62.00" rsrp="-94" sinr="15" rsrq="-8"/>
      </extensions>
    </trkpt>
    <trkpt lat="46.0248313" lon="10.8382383">
      <ele>678.0</ele>
      <time>2026-08-23T07:30:48.141+02:00</time>
      <extensions>
        <activity type="IN_VEHICLE" conf="96" state="moving" tsMs="1787463043967"/>
        <radio op="vodafone IT" rat="LTE" rsrp="-91" rsrq="-12"/>
        <radio op="I TIM" rat="LTE" q="64.40" rsrp="-97" sinr="18" rsrq="-9"/>
      </extensions>
    </trkpt>
    <trkpt lat="46.0252082" lon="10.8373351">
      <ele>680.0</ele>
      <time>2026-08-23T07:30:58.14+02:00</time>
      <extensions>
        <activity type="IN_VEHICLE" conf="96" state="moving" tsMs="1787463054611"/>
        <radio op="vodafone IT" rat="LTE" q="15.40" rsrp="-103" sinr="2" rsrq="-9"/>
        <radio op="I TIM" rat="LTE" q="26.10" rsrp="-96" sinr="4" rsrq="-9"/>
      </extensions>
    </trkpt>
    <trkpt lat="46.0244202" lon="10.8364245">
      <ele>689.0</ele>
      <time>2026-08-23T07:31:08.14+02:00</time>
      <extensions>
        <activity type="IN_VEHICLE" conf="94" state="moving" tsMs="1787463065305"/>
        <radio op="vodafone IT" rat="LTE" rsrp="-89" rsrq="-10"/>
        <radio op="I TIM" rat="LTE" q="39.20" rsrp="-97" sinr="9" rsrq="-5"/>
      </extensions>
    </trkpt>
    <trkpt lat="46.0240679" lon="10.8348074">
      <ele>689.0</ele>
      <time>2026-08-23T07:31:19.14+02:00</time>
      <extensions>
        <activity type="IN_VEHICLE" conf="96" state="moving" tsMs="1787463076059"/>
        <radio op="vodafone IT" rat="LTE" q="32.00" rsrp="-80" sinr="3" rsrq="-11"/>
        <radio op="I TIM" rat="LTE" q="55.50" rsrp="-88" sinr="10" rsrq="-8"/>
      </extensions>
    </trkpt>
    <trkpt lat="46.0243851" lon="10.8329194">
      <ele>686.0</ele>
      <time>2026-08-23T07:31:29.14+02:00</time>
      <extensions>
        <activity type="IN_VEHICLE" conf="96" state="moving" tsMs="1787463086723"/>
        <radio op="vodafone IT" rat="LTE" rsrp="-99" rsrq="-13"/>
        <radio op="I TIM" rat="LTE" q="27.20" rsrp="-108" sinr="11" rsrq="-10"/>
      </extensions>
    </trkpt>
    <trkpt lat="46.0234225" lon="10.8317648">
      <ele>691.0</ele>
      <time>2026-08-23T07:31:39.14+02:00</time>
      <extensions>
        <activity type="IN_VEHICLE" conf="96" state="moving" tsMs="1787463097419"/>
        <radio op="vodafone IT" rat="LTE" rsrp="-104" rsrq="-15"/>
        <radio op="I TIM" rat="LTE" q="16.80" rsrp="-101" sinr="2" rsrq="-12"/>
      </extensions>
    </trkpt>
    <trkpt lat="46.0229273" lon="10.8302388">
      <ele>701.0</ele>
      <time>2026-08-23T07:31:49.14+02:00</time>
      <extensions>
        <activity type="IN_VEHICLE" conf="96" state="moving" tsMs="1787463108236"/>
        <radio op="vodafone IT" rat="LTE" q="36.00" rsrp="-89" sinr="5" rsrq="-8"/>
        <radio op="I TIM" rat="LTE" q="26.10" rsrp="-96" sinr="4" rsrq="-10"/>
      </extensions>
    </trkpt>
    <trkpt lat="46.022898" lon="10.8287281">
      <ele>706.0</ele>
      <time>2026-08-23T07:31:59.14+02:00</time>
      <extensions>
        <activity type="IN_VEHICLE" conf="96" state="moving" tsMs="1787463118956"/>
        <radio op="vodafone IT" rat="LTE" rsrp="-89" rsrq="-12"/>
        <radio op="I TIM" rat="LTE" q="77.50" rsrp="-94" sinr="24" rsrq="-7"/>
      </extensions>
    </trkpt>
    <trkpt lat="46.0233653" lon="10.8272133">
      <ele>715.0</ele>
      <time>2026-08-23T07:32:09.14+02:00</time>
      <extensions>
        <activity type="IN_VEHICLE" conf="96" state="moving" tsMs="1787463129718"/>
        <radio op="vodafone IT" rat="LTE" rsrp="-97" rsrq="-15"/>
        <radio op="I TIM" rat="LTE" rsrp="-103" rsrq="-13"/>
      </extensions>
    </trkpt>
    <trkpt lat="46.0231052" lon="10.8269981">
      <ele>718.0</ele>
      <time>2026-08-23T07:32:19.14+02:00</time>
      <extensions>
        <activity type="IN_VEHICLE" conf="95" state="moving" tsMs="1787463135048"/>
        <radio op="vodafone IT" rat="LTE" q="28.80" rsrp="-93" sinr="4" rsrq="-12"/>
        <radio op="I TIM" rat="LTE" rsrp="-98" rsrq="-15"/>
      </extensions>
    </trkpt>
    <trkpt lat="46.0220331" lon="10.8266758">
      <ele>722.0</ele>
      <time>2026-08-23T07:32:29.14+02:00</time>
      <extensions>
        <activity type="IN_VEHICLE" conf="96" state="moving" tsMs="1787463145772"/>
        <radio op="vodafone IT" rat="LTE" q="9.50" rsrp="-106" sinr="0" rsrq="-13"/>
        <radio op="I TIM" rat="LTE" q="12.60" rsrp="-107" sinr="2" rsrq="-14"/>
      </extensions>
    </trkpt>
    <trkpt lat="46.0204541" lon="10.8262505">
      <ele>727.0</ele>
      <time>2026-08-23T07:32:39.14+02:00</time>
      <extensions>
        <activity type="IN_VEHICLE" conf="96" state="moving" tsMs="1787463156409"/>
        <radio op="vodafone IT" rat="LTE" q="27.90" rsrp="-94" sinr="4" rsrq="-11"/>
        <radio op="I TIM" rat="LTE" rsrp="-97" rsrq="-13"/>
      </extensions>
    </trkpt>
    <trkpt lat="46.0194219" lon="10.8255388">
      <ele>730.0</ele>
      <time>2026-08-23T07:32:49.14+02:00</time>
      <extensions>
        <activity type="IN_VEHICLE" conf="96" state="moving" tsMs="1787463167062"/>
        <radio op="vodafone IT" rat="LTE" q="40.70" rsrp="-88" sinr="6" rsrq="-11"/>
        <radio op="I TIM" rat="LTE" q="73.50" rsrp="-90" sinr="16" rsrq="-9"/>
      </extensions>
    </trkpt>
    <trkpt lat="46.0191986" lon="10.8236099">
      <ele>738.0</ele>
      <time>2026-08-23T07:33:00.14+02:00</time>
      <extensions>
        <activity type="IN_VEHICLE" conf="96" state="moving" tsMs="1787463177804"/>
        <radio op="vodafone IT" rat="LTE" q="34.00" rsrp="-91" sinr="5" rsrq="-11"/>
        <radio op="I TIM" rat="LTE" q="55.80" rsrp="-94" sinr="13" rsrq="-12"/>
      </extensions>
    </trkpt>
    <trkpt lat="46.0183987" lon="10.8221599">
      <ele>747.0</ele>
      <time>2026-08-23T07:33:10.14+02:00</time>
      <extensions>
        <activity type="IN_VEHICLE" conf="96" state="moving" tsMs="1787463188477"/>
        <radio op="vodafone IT" rat="LTE" rsrp="-111" rsrq="-22"/>
        <radio op="I TIM" rat="LTE" q="16.80" rsrp="-101" sinr="2" rsrq="-11"/>
      </extensions>
    </trkpt>
    <trkpt lat="46.0170229" lon="10.8220611">
      <ele>750.0</ele>
      <time>2026-08-23T07:33:20.14+02:00</time>
      <extensions>
        <activity type="IN_VEHICLE" conf="96" state="moving" tsMs="1787463199244"/>
        <radio op="vodafone IT" rat="LTE" rsrp="-100" rsrq="-13"/>
        <radio op="I TIM" rat="LTE" q="19.20" rsrp="-93" sinr="1" rsrq="-12"/>
      </extensions>
    </trkpt>
    <trkpt lat="46.015746" lon="10.8212404">
      <ele>745.0</ele>
      <time>2026-08-23T07:33:30.14+02:00</time>
      <extensions>
        <activity type="IN_VEHICLE" conf="96" state="moving" tsMs="1787463209979"/>
        <radio op="vodafone IT" rat="LTE" q="13.00" rsrp="-99" sinr="0" rsrq="-14"/>
        <radio op="I TIM" rat="LTE" q="58.00" rsrp="-96" sinr="15" rsrq="-14"/>
      </extensions>
    </trkpt>
    <trkpt lat="46.0144077" lon="10.8211905">
      <ele>737.0</ele>
      <time>2026-08-23T07:33:40.14+02:00</time>
      <extensions>
        <activity type="IN_VEHICLE" conf="96" state="moving" tsMs="1787463215361"/>
        <radio op="vodafone IT" rat="LTE" rsrp="-96" rsrq="-13"/>
        <radio op="I TIM" rat="LTE" q="29.70" rsrp="-98" sinr="6" rsrq="-14"/>
      </extensions>
    </trkpt>
    <trkpt lat="46.0128666" lon="10.8218211">
      <ele>722.0</ele>
      <time>2026-08-23T07:33:50.141+02:00</time>
      <extensions>
        <activity type="IN_VEHICLE" conf="96" state="moving" tsMs="1787463226102"/>
        <radio op="vodafone IT" rat="LTE" q="19.20" rsrp="-93" sinr="1" rsrq="-10"/>
        <radio op="I TIM" rat="LTE" q="30.60" rsrp="-91" sinr="4" rsrq="-10"/>
      </extensions>
    </trkpt>
    <trkpt lat="46.0115218" lon="10.8220934">
      <ele>707.0</ele>
      <time>2026-08-23T07:34:00.14+02:00</time>
      <extensions>
        <activity type="IN_VEHICLE" conf="96" state="moving" tsMs="1787463236882"/>
        <radio op="vodafone IT" rat="LTE" q="18.00" rsrp="-107" sinr="5" rsrq="-12"/>
        <radio op="I TIM" rat="LTE" q="34.80" rsrp="-96" sinr="7" rsrq="-9"/>
      </extensions>
    </trkpt>
    <trkpt lat="46.0105986" lon="10.8202398">
      <ele>693.0</ele>
      <time>2026-08-23T07:34:10.14+02:00</time>
      <extensions>
        <activity type="IN_VEHICLE" conf="96" state="moving" tsMs="1787463247634"/>
        <radio op="vodafone IT" rat="LTE" q="4.50" rsrp="-116" sinr="0" rsrq="-15"/>
        <radio op="I TIM" rat="LTE" rsrp="-112" rsrq="-12"/>
      </extensions>
    </trkpt>
    <trkpt lat="46.0096096" lon="10.8196746">
      <ele>690.0</ele>
      <time>2026-08-23T07:34:20.14+02:00</time>
      <extensions>
        <activity type="IN_VEHICLE" conf="98" state="moving" tsMs="1787463258328"/>
        <radio op="vodafone IT" rat="LTE" q="13.30" rsrp="-106" sinr="2" rsrq="-11"/>
        <radio op="I TIM" rat="LTE" q="10.80" rsrp="-107" sinr="1" rsrq="-9"/>
      </extensions>
    </trkpt>
    <trkpt lat="46.0092124" lon="10.8215252">
      <ele>701.0</ele>
      <time>2026-08-23T07:34:31.14+02:00</time>
      <extensions>
        <activity type="IN_VEHICLE" conf="96" state="moving" tsMs="1787463269268"/>
        <radio op="vodafone IT" rat="LTE" q="33.80" rsrp="-99" sinr="8" rsrq="-12"/>
        <radio op="I TIM" rat="LTE" q="70.40" rsrp="-93" sinr="17" rsrq="-9"/>
      </extensions>
    </trkpt>
    <trkpt lat="46.0084253" lon="10.8229362">
      <ele>712.0</ele>
      <time>2026-08-23T07:34:41.14+02:00</time>
      <extensions>
        <activity type="IN_VEHICLE" conf="97" state="moving" tsMs="1787463279984"/>
        <radio op="vodafone IT" rat="LTE" q="27.50" rsrp="-100" sinr="6" rsrq="-10"/>
        <radio op="I TIM" rat="LTE" q="16.20" rsrp="-107" sinr="4" rsrq="-11"/>
      </extensions>
    </trkpt>
    <trkpt lat="46.0076986" lon="10.8248511">
      <ele>713.0</ele>
      <time>2026-08-23T07:34:51.139+02:00</time>
      <extensions>
        <activity type="IN_VEHICLE" conf="96" state="moving" tsMs="1787463290680"/>
        <radio op="vodafone IT" rat="LTE" q="20.40" rsrp="-91" sinr="1" rsrq="-15"/>
        <radio op="I TIM" rat="LTE" q="85.00" rsrp="-91" sinr="23" rsrq="-8"/>
      </extensions>
    </trkpt>
    <trkpt lat="46.0071487" lon="10.8272226">
      <ele>711.0</ele>
      <time>2026-08-23T07:35:01.14+02:00</time>
      <extensions>
        <activity type="IN_VEHICLE" conf="96" state="moving" tsMs="1787463301392"/>
        <radio op="vodafone IT" rat="LTE" q="35.20" rsrp="-93" sinr="6" rsrq="-9"/>
        <radio op="I TIM" rat="LTE" q="75.00" rsrp="-95" sinr="22" rsrq="-9"/>
      </extensions>
    </trkpt>
    <trkpt lat="46.0065162" lon="10.8295151">
      <ele>714.0</ele>
      <time>2026-08-23T07:35:11.139+02:00</time>
      <extensions>
        <activity type="IN_VEHICLE" conf="96" state="moving" tsMs="1787463306791"/>
        <radio op="vodafone IT" rat="LTE" rsrp="-94" rsrq="-12"/>
        <radio op="I TIM" rat="LTE" q="71.30" rsrp="-94" sinr="18" rsrq="-8"/>
      </extensions>
    </trkpt>
    <trkpt lat="46.0056861" lon="10.8317062">
      <ele>717.0</ele>
      <time>2026-08-23T07:35:21.139+02:00</time>
      <extensions>
        <activity type="IN_VEHICLE" conf="96" state="moving" tsMs="1787463317492"/>
        <radio op="vodafone IT" rat="LTE" rsrp="-95" rsrq="-15"/>
        <radio op="I TIM" rat="LTE" q="63.00" rsrp="-95" sinr="16" rsrq="-7"/>
      </extensions>
    </trkpt>
    <trkpt lat="46.0049505" lon="10.8339598">
      <ele>722.0</ele>
      <time>2026-08-23T07:35:31.139+02:00</time>
      <extensions>
        <activity type="IN_VEHICLE" conf="96" state="moving" tsMs="1787463328142"/>
        <radio op="vodafone IT" rat="LTE" q="15.60" rsrp="-99" sinr="1" rsrq="-13"/>
        <radio op="I TIM" rat="LTE" q="51.30" rsrp="-98" sinr="14" rsrq="-10"/>
      </extensions>
    </trkpt>
    <trkpt lat="46.0046791" lon="10.8364632">
      <ele>728.0</ele>
      <time>2026-08-23T07:35:41.139+02:00</time>
      <extensions>
        <activity type="IN_VEHICLE" conf="96" state="moving" tsMs="1787463338828"/>
        <radio op="vodafone IT" rat="LTE" rsrp="-97" rsrq="-11"/>
        <radio op="I TIM" rat="LTE" q="77.50" rsrp="-94" sinr="22" rsrq="-7"/>
      </extensions>
    </trkpt>
    <trkpt lat="46.0045933" lon="10.8389969">
      <ele>727.0</ele>
      <time>2026-08-23T07:35:51.139+02:00</time>
      <extensions>
        <activity type="IN_VEHICLE" conf="96" state="moving" tsMs="1787463349522"/>
        <radio op="vodafone IT" rat="LTE" rsrp="-98" rsrq="-14"/>
        <radio op="I TIM" rat="LTE" rsrp="-98" rsrq="-7"/>
      </extensions>
    </trkpt>
    <trkpt lat="46.0048839" lon="10.8411424">
      <ele>718.0</ele>
      <time>2026-08-23T07:36:02.139+02:00</time>
      <extensions>
        <activity type="IN_VEHICLE" conf="96" state="moving" tsMs="1787463360173"/>
        <radio op="vodafone IT" rat="LTE" q="15.00" rsrp="-100" sinr="1" rsrq="-11"/>
        <radio op="I TIM" rat="LTE" q="45.60" rsrp="-101" sinr="14" rsrq="-11"/>
      </extensions>
    </trkpt>
    <trkpt lat="46.0045181" lon="10.8425704">
      <ele>720.0</ele>
      <time>2026-08-23T07:36:12.14+02:00</time>
      <extensions>
        <activity type="IN_VEHICLE" conf="96" state="moving" tsMs="1787463370847"/>
        <radio op="vodafone IT" rat="LTE" rsrp="-104" rsrq="-14"/>
        <radio op="I TIM" rat="LTE" q="40.80" rsrp="-101" sinr="12" rsrq="-10"/>
      </extensions>
    </trkpt>
    <trkpt lat="46.0038202" lon="10.843506">
      <ele>712.0</ele>
      <time>2026-08-23T07:36:22.139+02:00</time>
      <extensions>
        <activity type="IN_VEHICLE" conf="99" state="moving" tsMs="1787463381480"/>
        <radio op="vodafone IT" rat="LTE" rsrp="-109" rsrq="-15"/>
        <radio op="I TIM" rat="LTE" q="21.00" rsrp="-104" sinr="5" rsrq="-12"/>
      </extensions>
    </trkpt>
    <trkpt lat="46.0029245" lon="10.8442285">
      <ele>706.0</ele>
      <time>2026-08-23T07:36:32.139+02:00</time>
      <extensions>
        <activity type="IN_VEHICLE" conf="95" state="moving" tsMs="1787463392352"/>
        <radio op="vodafone IT" rat="LTE" rsrp="-100" rsrq="-14"/>
        <radio op="I TIM" rat="LTE" q="21.00" rsrp="-104" sinr="5" rsrq="-14"/>
      </extensions>
    </trkpt>
    <trkpt lat="46.0024923" lon="10.8456584">
      <ele>697.0</ele>
      <time>2026-08-23T07:36:42.139+02:00</time>
      <extensions>
        <activity type="IN_VEHICLE" conf="96" state="moving" tsMs="1787463397690"/>
        <radio op="vodafone IT" rat="LTE" q="31.90" rsrp="-96" sinr="6" rsrq="-9"/>
        <radio op="I TIM" rat="LTE" q="36.80" rsrp="-102" sinr="11" rsrq="-9"/>
      </extensions>
    </trkpt>
    <trkpt lat="46.0015726" lon="10.8460368">
      <ele>695.0</ele>
      <time>2026-08-23T07:36:52.139+02:00</time>
      <extensions>
        <activity type="IN_VEHICLE" conf="98" state="moving" tsMs="1787463408303"/>
        <radio op="vodafone IT" rat="LTE" q="13.60" rsrp="-108" sinr="3" rsrq="-13"/>
        <radio op="I TIM" rat="LTE" rsrp="-104" rsrq="-11"/>
      </extensions>
    </trkpt>
    <trkpt lat="46.0008738" lon="10.8456849">
      <ele>699.0</ele>
      <time>2026-08-23T07:37:02.139+02:00</time>
      <extensions>
        <activity type="IN_VEHICLE" conf="96" state="moving" tsMs="1787463419048"/>
        <radio op="vodafone IT" rat="LTE" q="34.20" rsrp="-106" sinr="13" rsrq="-8"/>
        <radio op="I TIM" rat="LTE" q="26.10" rsrp="-96" sinr="4" rsrq="-10"/>
      </extensions>
    </trkpt>
    <trkpt lat="45.9996093" lon="10.8449516">
      <ele>705.0</ele>
      <time>2026-08-23T07:37:12.14+02:00</time>
      <extensions>
        <activity type="UNKNOWN" conf="40" state="unknown" tsMs="1787463429723"/>
        <radio op="vodafone IT" rat="LTE" q="14.40" rsrp="-101" sinr="1" rsrq="-11"/>
        <radio op="I TIM" rat="LTE" rsrp="-98" rsrq="-12"/>
      </extensions>
    </trkpt>
    <trkpt lat="45.998211" lon="10.8438175">
      <ele>706.0</ele>
      <time>2026-08-23T07:37:22.139+02:00</time>
      <extensions>
        <activity type="IN_VEHICLE" conf="96" state="moving" tsMs="1787463440467"/>
        <radio op="vodafone IT" rat="LTE" q="25.20" rsrp="-97" sinr="4" rsrq="-9"/>
        <radio op="I TIM" rat="LTE" rsrp="-96" rsrq="-10"/>
      </extensions>
    </trkpt>
    <trkpt lat="45.9967197" lon="10.8426196">
      <ele>704.0</ele>
      <time>2026-08-23T07:37:32.139+02:00</time>
      <extensions>
        <activity type="IN_VEHICLE" conf="96" state="moving" tsMs="1787463450853"/>
        <radio op="vodafone IT" rat="LTE" q="34.80" rsrp="-96" sinr="7" rsrq="-8"/>
        <radio op="I TIM" rat="LTE" q="36.00" rsrp="-101" sinr="10" rsrq="-10"/>
      </extensions>
    </trkpt>
    <trkpt lat="45.99628" lon="10.8409094">
      <ele>703.0</ele>
      <time>2026-08-23T07:37:42.139+02:00</time>
      <extensions>
        <activity type="IN_VEHICLE" conf="96" state="moving" tsMs="1787463461460"/>
        <radio op="vodafone IT" rat="LTE" q="39.00" rsrp="-99" sinr="10" rsrq="-8"/>
        <radio op="I TIM" rat="LTE" rsrp="-108" rsrq="-8"/>
      </extensions>
    </trkpt>
    <trkpt lat="45.9951056" lon="10.8401855">
      <ele>704.0</ele>
      <time>2026-08-23T07:37:53.139+02:00</time>
      <extensions>
        <activity type="IN_VEHICLE" conf="96" state="moving" tsMs="1787463472162"/>
        <radio op="vodafone IT" rat="LTE" q="8.00" rsrp="-109" sinr="0" rsrq="-11"/>
        <radio op="I TIM" rat="LTE" rsrp="-114" rsrq="-13"/>
      </extensions>
    </trkpt>
    <trkpt lat="45.9937641" lon="10.8393011">
      <ele>704.0</ele>
      <time>2026-08-23T07:38:03.139+02:00</time>
      <extensions>
        <activity type="IN_VEHICLE" conf="96" state="moving" tsMs="1787463482911"/>
        <radio op="vodafone IT" rat="LTE" q="7.20" rsrp="-113" sinr="1" rsrq="-15"/>
        <radio op="I TIM" rat="LTE" rsrp="-111" rsrq="-11"/>
      </extensions>
    </trkpt>
    <trkpt lat="45.9925553" lon="10.8380719">
      <ele>702.0</ele>
      <time>2026-08-23T07:38:13.139+02:00</time>
      <extensions>
        <activity type="IN_VEHICLE" conf="96" state="moving" tsMs="1787463493619"/>
        <radio op="vodafone IT" rat="LTE" q="55.80" rsrp="-94" sinr="13" rsrq="-7"/>
        <radio op="I TIM" rat="LTE" rsrp="-108" rsrq="-10"/>
      </extensions>
    </trkpt>
    <trkpt lat="45.9914038" lon="10.8381528">
      <ele>709.0</ele>
      <time>2026-08-23T07:38:23.139+02:00</time>
      <extensions>
        <activity type="IN_VEHICLE" conf="95" state="moving" tsMs="1787463498991"/>
        <radio op="vodafone IT" rat="LTE" q="54.00" rsrp="-98" sinr="15" rsrq="-8"/>
        <radio op="I TIM" rat="LTE" rsrp="-112" rsrq="-16"/>
      </extensions>
    </trkpt>
    <trkpt lat="45.9904544" lon="10.8370401">
      <ele>706.0</ele>
      <time>2026-08-23T07:38:33.139+02:00</time>
      <extensions>
        <activity type="IN_VEHICLE" conf="96" state="moving" tsMs="1787463509689"/>
        <radio op="vodafone IT" rat="LTE" q="42.90" rsrp="-92" sinr="8" rsrq="-6"/>
        <radio op="I TIM" rat="LTE" q="75.00" rsrp="-95" sinr="23" rsrq="-10"/>
      </extensions>
    </trkpt>
    <trkpt lat="45.9894269" lon="10.8353073">
      <ele>703.0</ele>
      <time>2026-08-23T07:38:43.139+02:00</time>
      <extensions>
        <activity type="IN_VEHICLE" conf="96" state="moving" tsMs="1787463520398"/>
        <radio op="vodafone IT" rat="LTE" q="36.40" rsrp="-97" sinr="8" rsrq="-7"/>
        <radio op="I TIM" rat="LTE" q="44.80" rsrp="-93" sinr="9" rsrq="-9"/>
      </extensions>
    </trkpt>
    <trkpt lat="45.9882864" lon="10.8334699">
      <ele>706.0</ele>
      <time>2026-08-23T07:38:53.139+02:00</time>
      <extensions>
        <activity type="IN_VEHICLE" conf="96" state="moving" tsMs="1787463520398"/>
        <radio op="vodafone IT" rat="LTE" q="92.50" rsrp="-88" sinr="20" rsrq="-7"/>
        <radio op="I TIM" rat="LTE" q="71.30" rsrp="-94" sinr="18" rsrq="-10"/>
      </extensions>
    </trkpt>
    <trkpt lat="45.9875277" lon="10.8313956">
      <ele>711.0</ele>
      <time>2026-08-23T07:39:03.139+02:00</time>
      <extensions>
        <activity type="IN_VEHICLE" conf="96" state="moving" tsMs="1787463524651"/>
        <radio op="vodafone IT" rat="LTE" q="17.50" rsrp="-100" sinr="2" rsrq="-10"/>
        <radio op="I TIM" rat="LTE" q="26.00" rsrp="-99" sinr="5" rsrq="-14"/>
      </extensions>
    </trkpt>
    <trkpt lat="45.9866239" lon="10.8295099">
      <ele>716.0</ele>
      <time>2026-08-23T07:39:13.139+02:00</time>
      <extensions>
        <activity type="IN_VEHICLE" conf="96" state="moving" tsMs="1787463552013"/>
        <radio op="vodafone IT" rat="LTE" q="39.60" rsrp="-103" sinr="13" rsrq="-9"/>
        <radio op="I TIM" rat="LTE" rsrp="-104" rsrq="-15"/>
      </extensions>
    </trkpt>
    <trkpt lat="45.9857495" lon="10.8272989">
      <ele>723.0</ele>
      <time>2026-08-23T07:39:24.139+02:00</time>
      <extensions>
        <activity type="IN_VEHICLE" conf="96" state="moving" tsMs="1787463562728"/>
        <radio op="vodafone IT" rat="LTE" q="25.50" rsrp="-108" sinr="10" rsrq="-8"/>
        <radio op="I TIM" rat="LTE" q="9.50" rsrp="-106" sinr="0" rsrq="-14"/>
      </extensions>
    </trkpt>
    <trkpt lat="45.9845119" lon="10.8260679">
      <ele>734.0</ele>
      <time>2026-08-23T07:39:34.139+02:00</time>
      <extensions>
        <activity type="IN_VEHICLE" conf="96" state="moving" tsMs="1787463573352"/>
        <radio op="vodafone IT" rat="LTE" q="37.40" rsrp="-103" sinr="12" rsrq="-8"/>
        <radio op="I TIM" rat="LTE" q="22.50" rsrp="-100" sinr="4" rsrq="-10"/>
      </extensions>
    </trkpt>
    <trkpt lat="45.9829949" lon="10.8258193">
      <ele>745.0</ele>
      <time>2026-08-23T07:39:44.139+02:00</time>
      <extensions>
        <activity type="IN_VEHICLE" conf="91" state="moving" tsMs="1787463584083"/>
        <radio op="vodafone IT" rat="LTE" q="9.90" rsrp="-116" sinr="6" rsrq="-9"/>
        <radio op="I TIM" rat="LTE" rsrp="-123" rsrq="-13"/>
      </extensions>
    </trkpt>
    <trkpt lat="45.9816411" lon="10.8249312">
      <ele>756.0</ele>
      <time>2026-08-23T07:39:54.139+02:00</time>
      <extensions>
        <activity type="IN_VEHICLE" conf="96" state="moving" tsMs="1787463589442"/>
        <radio op="vodafone IT" rat="LTE" q="8.10" rsrp="-116" sinr="4" rsrq="-8"/>
        <radio op="I TIM" rat="LTE" q="6.40" rsrp="-117" sinr="3" rsrq="-12"/>
      </extensions>
    </trkpt>
    <trkpt lat="45.980237" lon="10.8247557">
      <ele>766.0</ele>
      <time>2026-08-23T07:40:04.14+02:00</time>
      <extensions>
        <activity type="IN_VEHICLE" conf="96" state="moving" tsMs="1787463600125"/>
        <radio op="vodafone IT" rat="LTE" q="8.40" rsrp="-118" sinr="7" rsrq="-10"/>
        <radio op="I TIM" rat="LTE" q="5.60" rsrp="-118" sinr="3" rsrq="-13"/>
      </extensions>
    </trkpt>
    <trkpt lat="45.9791266" lon="10.8237651">
      <ele>777.0</ele>
      <time>2026-08-23T07:40:14.14+02:00</time>
      <extensions>
        <activity type="IN_VEHICLE" conf="96" state="moving" tsMs="1787463610790"/>
        <radio op="vodafone IT" rat="LTE" q="3.50" rsrp="-118" sinr="0" rsrq="-13"/>
        <radio op="I TIM" rat="LTE" q="2.00" rsrp="-121" sinr="0" rsrq="-15"/>
      </extensions>
    </trkpt>
    <trkpt lat="45.97804" lon="10.8225613">
      <ele>790.0</ele>
      <time>2026-08-23T07:40:24.14+02:00</time>
      <extensions>
        <activity type="IN_VEHICLE" conf="91" state="moving" tsMs="1787463621412"/>
        <radio op="vodafone IT" rat="LTE" q="14.00" rsrp="-115" sinr="9" rsrq="-10"/>
        <radio op="I TIM" rat="LTE" q="8.50" rsrp="-108" sinr="0" rsrq="-12"/>
      </extensions>
    </trkpt>
    <trkpt lat="45.9766182" lon="10.8219575">
      <ele>803.0</ele>
      <time>2026-08-23T07:40:34.14+02:00</time>
      <extensions>
        <activity type="IN_VEHICLE" conf="94" state="moving" tsMs="1787463632121"/>
        <radio op="vodafone IT" rat="LTE" q="32.00" rsrp="-105" sinr="11" rsrq="-6"/>
        <radio op="I TIM" rat="LTE" q="13.20" rsrp="-114" sinr="7" rsrq="-7"/>
      </extensions>
    </trkpt>
    <trkpt lat="45.9752217" lon="10.820909">
      <ele>812.0</ele>
      <time>2026-08-23T07:40:44.14+02:00</time>
      <extensions>
        <activity type="IN_VEHICLE" conf="96" state="moving" tsMs="1787463642909"/>
        <radio op="vodafone IT" rat="LTE" q="44.00" rsrp="-103" sinr="15" rsrq="-7"/>
        <radio op="I TIM" rat="LTE" rsrp="-115" rsrq="-11"/>
      </extensions>
    </trkpt>
    <trkpt lat="45.9740069" lon="10.8193643">
      <ele>813.0</ele>
      <time>2026-08-23T07:40:54.14+02:00</time>
      <extensions>
        <activity type="IN_VEHICLE" conf="96" state="moving" tsMs="1787463653595"/>
        <radio op="vodafone IT" rat="LTE" q="0.50" rsrp="-124" sinr="0" rsrq="-14"/>
        <radio op="I TIM" rat="LTE" rsrp="-123" rsrq="-12"/>
      </extensions>
    </trkpt>
    <trkpt lat="45.9727236" lon="10.8175299">
      <ele>810.0</ele>
      <time>2026-08-23T07:41:05.14+02:00</time>
      <extensions>
        <activity type="IN_VEHICLE" conf="96" state="moving" tsMs="1787463664210"/>
        <radio op="vodafone IT" rat="LTE" rsrp="-127" rsrq="-17"/>
        <radio op="I TIM" rat="LTE" q="5.40" rsrp="-116" sinr="1" rsrq="-16"/>
      </extensions>
    </trkpt>
    <trkpt lat="45.9711456" lon="10.8163507">
      <ele>809.0</ele>
      <time>2026-08-23T07:41:15.141+02:00</time>
      <extensions>
        <activity type="IN_VEHICLE" conf="96" state="moving" tsMs="1787463674922"/>
        <radio op="vodafone IT" rat="LTE" rsrp="-123" rsrq="-15"/>
        <radio op="I TIM" rat="LTE" rsrp="-118" rsrq="-15"/>
      </extensions>
    </trkpt>
    <trkpt lat="45.9701034" lon="10.8143711">
      <ele>801.0</ele>
      <time>2026-08-23T07:41:25.14+02:00</time>
      <extensions>
        <activity type="IN_VEHICLE" conf="96" state="moving" tsMs="1787463685592"/>
        <radio op="vodafone IT" rat="LTE" q="1.20" rsrp="-123" sinr="1" rsrq="-13"/>
        <radio op="I TIM" rat="LTE" rsrp="-119" rsrq="-16"/>
      </extensions>
    </trkpt>
    <trkpt lat="45.9689553" lon="10.8126727">
      <ele>798.0</ele>
      <time>2026-08-23T07:41:35.14+02:00</time>
      <extensions>
        <activity type="IN_VEHICLE" conf="96" state="moving" tsMs="1787463690914"/>
        <radio op="vodafone IT" rat="LTE" q="2.40" rsrp="-121" sinr="1" rsrq="-9"/>
        <radio op="I TIM" rat="LTE" rsrp="-118" rsrq="-15"/>
      </extensions>
    </trkpt>
    <trkpt lat="45.9674303" lon="10.8121375">
      <ele>798.0</ele>
      <time>2026-08-23T07:41:45.14+02:00</time>
      <extensions>
        <activity type="IN_VEHICLE" conf="96" state="moving" tsMs="1787463701626"/>
        <radio op="vodafone IT" rat="OTHER"/>
        <radio op="I TIM" rat="LTE" rsrp="-120" rsrq="-13"/>
      </extensions>
    </trkpt>
    <trkpt lat="45.9662913" lon="10.8118034">
      <ele>801.0</ele>
      <time>2026-08-23T07:41:55.14+02:00</time>
      <extensions>
        <activity type="IN_VEHICLE" conf="96" state="moving" tsMs="1787463712401"/>
        <radio op="vodafone IT" rat="OTHER"/>
        <radio op="I TIM" rat="LTE" rsrp="-133" rsrq="-21"/>
      </extensions>
    </trkpt>
    <trkpt lat="45.96545" lon="10.8114402">
      <ele>803.0</ele>
      <time>2026-08-23T07:42:05.14+02:00</time>
      <extensions>
        <activity type="IN_VEHICLE" conf="96" state="moving" tsMs="1787463723028"/>
        <radio op="vodafone IT" rat="OTHER"/>
        <radio op="I TIM" rat="LTE" rsrp="-131" rsrq="-20"/>
      </extensions>
    </trkpt>
    <trkpt lat="45.9646063" lon="10.8110916">
      <ele>802.0</ele>
      <time>2026-08-23T07:42:15.141+02:00</time>
      <extensions>
        <activity type="IN_VEHICLE" conf="96" state="moving" tsMs="1787463733728"/>
        <radio op="vodafone IT" rat="OTHER"/>
        <radio op="I TIM" rat="LTE" rsrq="-20"/>
      </extensions>
    </trkpt>
    <trkpt lat="45.9634386" lon="10.8112111">
      <ele>793.0</ele>
      <time>2026-08-23T07:42:25.14+02:00</time>
      <extensions>
        <activity type="IN_VEHICLE" conf="96" state="moving" tsMs="1787463744500"/>
        <radio op="vodafone IT" rat="OTHER"/>
        <radio op="I TIM" rat="LTE" rsrq="-20"/>
      </extensions>
    </trkpt>
    <trkpt lat="45.9621499" lon="10.810305">
      <ele>781.0</ele>
      <time>2026-08-23T07:42:35.141+02:00</time>
      <extensions>
        <activity type="IN_VEHICLE" conf="96" state="moving" tsMs="1787463755227"/>
        <radio op="vodafone IT" rat="OTHER"/>
        <radio op="I TIM" rat="LTE" rsrp="-122" rsrq="-17"/>
      </extensions>
    </trkpt>
    <trkpt lat="45.9607987" lon="10.8089637">
      <ele>766.0</ele>
      <time>2026-08-23T07:42:46.14+02:00</time>
      <extensions>
        <activity type="IN_VEHICLE" conf="96" state="moving" tsMs="1787463765882"/>
        <radio op="vodafone IT" rat="OTHER"/>
        <radio op="I TIM" rat="LTE" rsrp="-122" rsrq="-17"/>
      </extensions>
    </trkpt>
    <trkpt lat="45.9596785" lon="10.8097735">
      <ele>759.0</ele>
      <time>2026-08-23T07:42:56.14+02:00</time>
      <extensions>
        <activity type="IN_VEHICLE" conf="99" state="moving" tsMs="1787463771234"/>
        <radio op="vodafone IT" rat="OTHER"/>
        <radio op="I TIM" rat="LTE" rsrp="-122" rsrq="-17"/>
      </extensions>
    </trkpt>
    <trkpt lat="45.9584773" lon="10.8087613">
      <ele>747.0</ele>
      <time>2026-08-23T07:43:06.139+02:00</time>
      <extensions>
        <activity type="IN_VEHICLE" conf="96" state="moving" tsMs="1787463781858"/>
        <radio op="vodafone IT" rat="OTHER"/>
        <radio op="I TIM" rat="LTE" rsrp="-122" rsrq="-17"/>
      </extensions>
    </trkpt>
    <trkpt lat="45.9577491" lon="10.8074235">
      <ele>747.0</ele>
      <time>2026-08-23T07:43:16.139+02:00</time>
      <extensions>
        <activity type="IN_VEHICLE" conf="96" state="moving" tsMs="1787463792493"/>
        <radio op="vodafone IT" rat="OTHER"/>
        <radio op="I TIM" rat="LTE" rsrp="-125" rsrq="-16"/>
      </extensions>
    </trkpt>
    <trkpt lat="45.9565509" lon="10.8075855">
      <ele>744.0</ele>
      <time>2026-08-23T07:43:26.139+02:00</time>
      <extensions>
        <activity type="IN_VEHICLE" conf="96" state="moving" tsMs="1787463803169"/>
        <radio op="vodafone IT" rat="OTHER"/>
        <radio op="I TIM" rat="LTE" q="0.50" rsrp="-124" sinr="0" rsrq="-14"/>
      </extensions>
    </trkpt>
    <trkpt lat="45.955615" lon="10.8091991">
      <ele>745.9855576013276</ele>
      <time>2026-08-23T07:43:36.139+02:00</time>
      <extensions>
        <activity type="IN_VEHICLE" conf="96" state="moving" tsMs="1787463808549"/>
        <radio op="vodafone IT" rat="OTHER"/>
        <radio op="I TIM" rat="LTE" q="5.60" rsrp="-118" sinr="3" rsrq="-12"/>
      </extensions>
    </trkpt>
    <trkpt lat="45.9543728" lon="10.8107832">
      <ele>734.0</ele>
      <time>2026-08-23T07:43:46.139+02:00</time>
      <extensions>
        <activity type="IN_VEHICLE" conf="96" state="moving" tsMs="1787463808549"/>
        <radio op="vodafone IT" rat="OTHER"/>
        <radio op="I TIM" rat="LTE" q="8.10" rsrp="-116" sinr="4" rsrq="-11"/>
      </extensions>
    </trkpt>
    <trkpt lat="45.9531967" lon="10.8118288">
      <ele>723.0</ele>
      <time>2026-08-23T07:43:56.139+02:00</time>
      <extensions>
        <activity type="IN_VEHICLE" conf="96" state="moving" tsMs="1787463835756"/>
        <radio op="vodafone IT" rat="OTHER"/>
        <radio op="I TIM" rat="LTE" q="8.80" rsrp="-117" sinr="6" rsrq="-13"/>
      </extensions>
    </trkpt>
    <trkpt lat="45.9518459" lon="10.8123554">
      <ele>715.0</ele>
      <time>2026-08-23T07:44:06.139+02:00</time>
      <extensions>
        <activity type="IN_VEHICLE" conf="96" state="moving" tsMs="1787463846485"/>
        <radio op="vodafone IT" rat="OTHER"/>
        <radio op="I TIM" rat="LTE" q="6.40" rsrp="-117" sinr="3" rsrq="-10"/>
      </extensions>
    </trkpt>
    <trkpt lat="45.9508332" lon="10.8123018">
      <ele>698.0</ele>
      <time>2026-08-23T07:44:16.139+02:00</time>
      <extensions>
        <activity type="IN_VEHICLE" conf="91" state="moving" tsMs="1787463857136"/>
        <radio op="vodafone IT" rat="OTHER"/>
        <radio op="I TIM" rat="LTE" q="6.30" rsrp="-116" sinr="2" rsrq="-11"/>
      </extensions>
    </trkpt>
    <trkpt lat="45.9495209" lon="10.8118712">
      <ele>698.0</ele>
      <time>2026-08-23T07:44:26.139+02:00</time>
      <extensions>
        <activity type="IN_VEHICLE" conf="96" state="moving" tsMs="1787463862503"/>
        <radio op="vodafone IT" rat="OTHER"/>
        <radio op="I TIM" rat="LTE" q="11.00" rsrp="-114" sinr="5" rsrq="-9"/>
      </extensions>
    </trkpt>
    <trkpt lat="45.9478029" lon="10.8121005">
      <ele>707.0</ele>
      <time>2026-08-23T07:44:37.139+02:00</time>
      <extensions>
        <activity type="IN_VEHICLE" conf="97" state="moving" tsMs="1787463873201"/>
        <radio op="vodafone IT" rat="OTHER"/>
        <radio op="I TIM" rat="LTE" q="22.10" rsrp="-108" sinr="8" rsrq="-7"/>
      </extensions>
    </trkpt>
    <trkpt lat="45.9462322" lon="10.8122134">
      <ele>700.0</ele>
      <time>2026-08-23T07:44:47.139+02:00</time>
      <extensions>
        <activity type="IN_VEHICLE" conf="96" state="moving" tsMs="1787463883844"/>
        <radio op="vodafone IT" rat="LTE" q="22.80" rsrp="-106" sinr="7" rsrq="-6"/>
        <radio op="I TIM" rat="LTE" q="18.00" rsrp="-113" sinr="10" rsrq="-8"/>
      </extensions>
    </trkpt>
    <trkpt lat="45.944456" lon="10.8121105">
      <ele>698.0</ele>
      <time>2026-08-23T07:44:57.139+02:00</time>
      <extensions>
        <activity type="IN_VEHICLE" conf="96" state="moving" tsMs="1787463894494"/>
        <radio op="vodafone IT" rat="LTE" q="18.70" rsrp="-108" sinr="6" rsrq="-9"/>
        <radio op="I TIM" rat="LTE" q="23.40" rsrp="-112" sinr="13" rsrq="-8"/>
      </extensions>
    </trkpt>
    <trkpt lat="45.9428886" lon="10.8118578">
      <ele>696.0</ele>
      <time>2026-08-23T07:45:07.139+02:00</time>
      <extensions>
        <activity type="IN_VEHICLE" conf="96" state="moving" tsMs="1787463905153"/>
        <radio op="vodafone IT" rat="LTE" q="33.60" rsrp="-101" sinr="9" rsrq="-9"/>
        <radio op="I TIM" rat="LTE" q="37.40" rsrp="-103" sinr="12" rsrq="-7"/>
      </extensions>
    </trkpt>
    <trkpt lat="45.9412319" lon="10.8115364">
      <ele>686.0</ele>
      <time>2026-08-23T07:45:17.139+02:00</time>
      <extensions>
        <activity type="IN_VEHICLE" conf="96" state="moving" tsMs="1787463915864"/>
        <radio op="vodafone IT" rat="LTE" q="26.00" rsrp="-105" sinr="8" rsrq="-7"/>
        <radio op="I TIM" rat="LTE" q="37.50" rsrp="-110" sinr="21" rsrq="-7"/>
      </extensions>
    </trkpt>
    <trkpt lat="45.9396067" lon="10.8116928">
      <ele>682.0</ele>
      <time>2026-08-23T07:45:27.139+02:00</time>
      <extensions>
        <activity type="IN_VEHICLE" conf="96" state="moving" tsMs="1787463926549"/>
        <radio op="vodafone IT" rat="LTE" q="44.80" rsrp="-93" sinr="9" rsrq="-6"/>
        <radio op="I TIM" rat="LTE" q="82.50" rsrp="-92" sinr="23" rsrq="-5"/>
      </extensions>
    </trkpt>
    <trkpt lat="45.937964" lon="10.811644">
      <ele>670.0</ele>
      <time>2026-08-23T07:45:37.139+02:00</time>
      <extensions>
        <activity type="IN_VEHICLE" conf="96" state="moving" tsMs="1787463937192"/>
        <radio op="vodafone IT" rat="LTE" q="31.20" rsrp="-99" sinr="7" rsrq="-7"/>
        <radio op="I TIM" rat="LTE" q="18.40" rsrp="-102" sinr="3" rsrq="-7"/>
      </extensions>
    </trkpt>
    <trkpt lat="45.9366157" lon="10.8113057">
      <ele>659.0</ele>
      <time>2026-08-23T07:45:47.139+02:00</time>
      <extensions>
        <activity type="IN_VEHICLE" conf="98" state="moving" tsMs="1787463947820"/>
        <radio op="vodafone IT" rat="LTE" q="14.40" rsrp="-101" sinr="1" rsrq="-7"/>
        <radio op="I TIM" rat="LTE" q="30.60" rsrp="-107" sinr="12" rsrq="-7"/>
      </extensions>
    </trkpt>
    <trkpt lat="45.9357759" lon="10.8114323">
      <ele>652.0</ele>
      <time>2026-08-23T07:45:57.139+02:00</time>
      <extensions>
        <activity type="IN_VEHICLE" conf="96" state="moving" tsMs="1787463953196"/>
        <radio op="vodafone IT" rat="LTE" q="19.20" rsrp="-109" sinr="7" rsrq="-8"/>
        <radio op="I TIM" rat="LTE" q="16.90" rsrp="-112" sinr="8" rsrq="-9"/>
      </extensions>
    </trkpt>
    <trkpt lat="45.9348632" lon="10.8103473">
      <ele>644.0</ele>
      <time>2026-08-23T07:46:08.139+02:00</time>
      <extensions>
        <activity type="IN_VEHICLE" conf="96" state="moving" tsMs="1787463963830"/>
        <radio op="vodafone IT" rat="LTE" rsrp="-115" rsrq="-12"/>
        <radio op="I TIM" rat="LTE" q="8.00" rsrp="-117" sinr="5" rsrq="-12"/>
      </extensions>
    </trkpt>
    <trkpt lat="45.9337894" lon="10.81056">
      <ele>638.0</ele>
      <time>2026-08-23T07:46:18.14+02:00</time>
      <extensions>
        <activity type="IN_VEHICLE" conf="96" state="moving" tsMs="1787463974447"/>
        <radio op="vodafone IT" rat="LTE" q="11.20" rsrp="-111" sinr="3" rsrq="-10"/>
        <radio op="I TIM" rat="LTE" q="31.50" rsrp="-104" sinr="10" rsrq="-12"/>
      </extensions>
    </trkpt>
    <trkpt lat="45.9325461" lon="10.8114048">
      <ele>631.0</ele>
      <time>2026-08-23T07:46:28.139+02:00</time>
      <extensions>
        <activity type="IN_VEHICLE" conf="96" state="moving" tsMs="1787463985151"/>
        <radio op="vodafone IT" rat="LTE" q="11.20" rsrp="-111" sinr="3" rsrq="-10"/>
        <radio op="I TIM" rat="LTE" q="9.00" rsrp="-107" sinr="0" rsrq="-10"/>
      </extensions>
    </trkpt>
    <trkpt lat="45.9311467" lon="10.8120798">
      <ele>627.0</ele>
      <time>2026-08-23T07:46:38.139+02:00</time>
      <extensions>
        <activity type="IN_VEHICLE" conf="96" state="moving" tsMs="1787463995835"/>
        <radio op="vodafone IT" rat="LTE" q="25.00" rsrp="-100" sinr="5" rsrq="-7"/>
        <radio op="I TIM" rat="LTE" q="20.70" rsrp="-102" sinr="4" rsrq="-9"/>
      </extensions>
    </trkpt>
    <trkpt lat="45.9298854" lon="10.8120759">
      <ele>629.0</ele>
      <time>2026-08-23T07:46:48.139+02:00</time>
      <extensions>
        <activity type="IN_VEHICLE" conf="96" state="moving" tsMs="1787464006542"/>
        <radio op="vodafone IT" rat="LTE" q="10.50" rsrp="-104" sinr="0" rsrq="-10"/>
        <radio op="I TIM" rat="LTE" q="27.30" rsrp="-104" sinr="8" rsrq="-9"/>
      </extensions>
    </trkpt>
    <trkpt lat="45.9290809" lon="10.8132256">
      <ele>626.0</ele>
      <time>2026-08-23T07:46:58.139+02:00</time>
      <extensions>
        <activity type="IN_VEHICLE" conf="94" state="moving" tsMs="1787464017250"/>
        <radio op="vodafone IT" rat="LTE" q="37.20" rsrp="-94" sinr="7" rsrq="-9"/>
        <radio op="I TIM" rat="LTE" q="60.90" rsrp="-96" sinr="16" rsrq="-7"/>
      </extensions>
    </trkpt>
    <trkpt lat="45.9279501" lon="10.8141093">
      <ele>618.0</ele>
      <time>2026-08-23T07:47:08.139+02:00</time>
      <extensions>
        <activity type="IN_VEHICLE" conf="96" state="moving" tsMs="1787464027969"/>
        <radio op="vodafone IT" rat="LTE" q="56.00" rsrp="-65" sinr="9" rsrq="-12"/>
        <radio op="I TIM" rat="LTE" q="84.00" rsrp="-60" sinr="16" rsrq="-5"/>
      </extensions>
    </trkpt>
    <trkpt lat="45.9265991" lon="10.8146261">
      <ele>607.0</ele>
      <time>2026-08-23T07:47:18.139+02:00</time>
      <extensions>
        <activity type="IN_VEHICLE" conf="96" state="moving" tsMs="1787464038753"/>
        <radio op="vodafone IT" rat="LTE" q="40.00" rsrp="-62" sinr="5" rsrq="-8"/>
        <radio op="I TIM" rat="LTE" q="36.00" rsrp="-70" sinr="4" rsrq="-8"/>
      </extensions>
    </trkpt>
    <trkpt lat="45.9252399" lon="10.8152371">
      <ele>597.0</ele>
      <time>2026-08-23T07:47:28.139+02:00</time>
      <extensions>
        <activity type="IN_VEHICLE" conf="96" state="moving" tsMs="1787464044139"/>
        <radio op="vodafone IT" rat="LTE" q="64.00" rsrp="-66" sinr="11" rsrq="-6"/>
        <radio op="I TIM" rat="LTE" q="68.00" rsrp="-77" sinr="12" rsrq="-7"/>
      </extensions>
    </trkpt>
    <trkpt lat="45.9256169" lon="10.8155008">
      <ele>593.0</ele>
      <time>2026-08-23T07:47:38.139+02:00</time>
      <extensions>
        <activity type="IN_VEHICLE" conf="96" state="moving" tsMs="1787464054830"/>
        <radio op="vodafone IT" rat="LTE" q="48.00" rsrp="-69" sinr="7" rsrq="-9"/>
        <radio op="I TIM" rat="LTE" q="64.00" rsrp="-73" sinr="11" rsrq="-8"/>
      </extensions>
    </trkpt>
    <trkpt lat="45.9270522" lon="10.8155748">
      <ele>584.0</ele>
      <time>2026-08-23T07:47:48.139+02:00</time>
      <extensions>
        <activity type="IN_VEHICLE" conf="96" state="moving" tsMs="1787464065602"/>
        <radio op="vodafone IT" rat="LTE" q="28.00" rsrp="-71" sinr="2" rsrq="-11"/>
        <radio op="I TIM" rat="LTE" rsrp="-85" rsrq="-18"/>
      </extensions>
    </trkpt>
    <trkpt lat="45.9276423" lon="10.8159958">
      <ele>578.0</ele>
      <time>2026-08-23T07:47:59.139+02:00</time>
      <extensions>
        <activity type="IN_VEHICLE" conf="96" state="moving" tsMs="1787464076320"/>
        <radio op="vodafone IT" rat="LTE" q="32.00" rsrp="-64" sinr="3" rsrq="-12"/>
        <radio op="I TIM" rat="LTE" rsrp="-80" rsrq="-8"/>
      </extensions>
    </trkpt>
    <trkpt lat="45.9265029" lon="10.8169988">
      <ele>569.0</ele>
      <time>2026-08-23T07:48:09.139+02:00</time>
      <extensions>
        <activity type="IN_VEHICLE" conf="96" state="moving" tsMs="1787464087014"/>
        <radio op="vodafone IT" rat="LTE" q="64.00" rsrp="-67" sinr="11" rsrq="-9"/>
        <radio op="I TIM" rat="LTE" q="48.00" rsrp="-70" sinr="7" rsrq="-6"/>
      </extensions>
    </trkpt>
    <trkpt lat="45.9252555" lon="10.8177061">
      <ele>559.0</ele>
      <time>2026-08-23T07:48:19.14+02:00</time>
      <extensions>
        <activity type="IN_VEHICLE" conf="96" state="moving" tsMs="1787464097694"/>
        <radio op="vodafone IT" rat="LTE" q="19.00" rsrp="-87" sinr="0" rsrq="-9"/>
        <radio op="I TIM" rat="LTE" q="48.00" rsrp="-85" sinr="7" rsrq="-6"/>
      </extensions>
    </trkpt>
    <trkpt lat="45.9247177" lon="10.8171396">
      <ele>553.0</ele>
      <time>2026-08-23T07:48:29.139+02:00</time>
      <extensions>
        <activity type="IN_VEHICLE" conf="96" state="moving" tsMs="1787464108403"/>
        <radio op="vodafone IT" rat="LTE" q="36.00" rsrp="-84" sinr="4" rsrq="-6"/>
        <radio op="I TIM" rat="LTE" q="54.40" rsrp="-91" sinr="11" rsrq="-6"/>
      </extensions>
    </trkpt>
    <trkpt lat="45.9247177" lon="10.8171396">
      <ele>553.0</ele>
      <time>2026-08-23T07:48:39.14+02:00</time>
      <extensions>
        <activity type="IN_VEHICLE" conf="98" state="moving" tsMs="1787464119128"/>
        <radio op="vodafone IT" rat="LTE" q="48.10" rsrp="-88" sinr="8" rsrq="-8"/>
        <radio op="I TIM" rat="LTE" q="59.50" rsrp="-90" sinr="12" rsrq="-8"/>
      </extensions>
    </trkpt>
    <trkpt lat="45.9247177" lon="10.8171396">
      <ele>553.0</ele>
      <time>2026-08-23T07:48:49.139+02:00</time>
      <extensions>
        <activity type="IN_VEHICLE" conf="96" state="moving" tsMs="1787464129857"/>
        <radio op="vodafone IT" rat="LTE" q="44.40" rsrp="-88" sinr="7" rsrq="-6"/>
        <radio op="I TIM" rat="LTE" q="57.60" rsrp="-89" sinr="11" rsrq="-7"/>
      </extensions>
    </trkpt>
    <trkpt lat="45.9247177" lon="10.8171396">
      <ele>553.0</ele>
      <time>2026-08-23T07:48:59.139+02:00</time>
      <extensions>
        <activity type="IN_VEHICLE" conf="96" state="moving" tsMs="1787464135247"/>
        <radio op="vodafone IT" rat="LTE" q="44.40" rsrp="-88" sinr="7" rsrq="-7"/>
        <radio op="I TIM" rat="LTE" q="62.90" rsrp="-88" sinr="12" rsrq="-8"/>
      </extensions>
    </trkpt>
    <trkpt lat="45.9244629" lon="10.8169487">
      <ele>556.0</ele>
      <time>2026-08-23T07:49:09.139+02:00</time>
      <extensions>
        <activity type="IN_VEHICLE" conf="96" state="moving" tsMs="1787464140607"/>
        <radio op="vodafone IT" rat="LTE" q="45.60" rsrp="-87" sinr="7" rsrq="-7"/>
        <radio op="I TIM" rat="LTE" q="70.00" rsrp="-90" sinr="15" rsrq="-7"/>
      </extensions>
    </trkpt>
    <trkpt lat="45.9239861" lon="10.8177432">
      <ele>552.0</ele>
      <time>2026-08-23T07:49:19.139+02:00</time>
      <extensions>
        <activity type="IN_VEHICLE" conf="96" state="moving" tsMs="1787464158413"/>
        <radio op="vodafone IT" rat="LTE" q="44.40" rsrp="-88" sinr="7" rsrq="-7"/>
        <radio op="I TIM" rat="LTE" q="68.40" rsrp="-87" sinr="13" rsrq="-6"/>
      </extensions>
    </trkpt>
    <trkpt lat="45.9233058" lon="10.8180716">
      <ele>544.0</ele>
      <time>2026-08-23T07:49:29.139+02:00</time>
      <extensions>
        <activity type="IN_VEHICLE" conf="96" state="moving" tsMs="1787464169064"/>
        <radio op="vodafone IT" rat="LTE" q="36.30" rsrp="-92" sinr="6" rsrq="-7"/>
        <radio op="I TIM" rat="LTE" q="23.20" rsrp="-96" sinr="3" rsrq="-7"/>
      </extensions>
    </trkpt>
    <trkpt lat="45.9223633" lon="10.8184391">
      <ele>536.0</ele>
      <time>2026-08-23T07:49:39.139+02:00</time>
      <extensions>
        <activity type="IN_VEHICLE" conf="96" state="moving" tsMs="1787464179808"/>
        <radio op="vodafone IT" rat="LTE" q="23.20" rsrp="-96" sinr="3" rsrq="-10"/>
        <radio op="I TIM" rat="LTE" rsrp="-102" rsrq="-12"/>
      </extensions>
    </trkpt>
    <trkpt lat="45.9211766" lon="10.819407">
      <ele>525.0</ele>
      <time>2026-08-23T07:49:50.139+02:00</time>
      <extensions>
        <activity type="IN_VEHICLE" conf="96" state="moving" tsMs="1787464190508"/>
        <radio op="vodafone IT" rat="LTE" q="15.00" rsrp="-100" sinr="1" rsrq="-10"/>
        <radio op="I TIM" rat="LTE" rsrp="-106" rsrq="-11"/>
      </extensions>
    </trkpt>
    <trkpt lat="45.9204525" lon="10.8209775">
      <ele>514.0</ele>
      <time>2026-08-23T07:50:00.139+02:00</time>
      <extensions>
        <activity type="IN_VEHICLE" conf="96" state="moving" tsMs="1787464195902"/>
        <radio op="vodafone IT" rat="LTE" q="50.70" rsrp="-86" sinr="8" rsrq="-6"/>
        <radio op="I TIM" rat="LTE" q="46.50" rsrp="-94" sinr="10" rsrq="-7"/>
      </extensions>
    </trkpt>
    <trkpt lat="45.9202651" lon="10.8215829">
      <ele>503.0</ele>
      <time>2026-08-23T07:50:10.139+02:00</time>
      <extensions>
        <activity type="IN_VEHICLE" conf="96" state="moving" tsMs="1787464206570"/>
        <radio op="vodafone IT" rat="LTE" q="56.00" rsrp="-82" sinr="9" rsrq="-8"/>
        <radio op="I TIM" rat="LTE" q="59.20" rsrp="-88" sinr="11" rsrq="-7"/>
      </extensions>
    </trkpt>
    <trkpt lat="45.9212766" lon="10.8210346">
      <ele>495.0</ele>
      <time>2026-08-23T07:50:20.139+02:00</time>
      <extensions>
        <activity type="IN_VEHICLE" conf="96" state="moving" tsMs="1787464217284"/>
        <radio op="vodafone IT" rat="LTE" q="56.00" rsrp="-74" sinr="9" rsrq="-7"/>
        <radio op="I TIM" rat="LTE" q="88.00" rsrp="-72" sinr="17" rsrq="-5"/>
      </extensions>
    </trkpt>
    <trkpt lat="45.9223246" lon="10.8207765">
      <ele>488.0</ele>
      <time>2026-08-23T07:50:30.139+02:00</time>
      <extensions>
        <activity type="IN_VEHICLE" conf="96" state="moving" tsMs="1787464228026"/>
        <radio op="vodafone IT" rat="LTE" q="16.80" rsrp="-101" sinr="2" rsrq="-10"/>
        <radio op="I TIM" rat="LTE" q="13.20" rsrp="-103" sinr="1" rsrq="-11"/>
      </extensions>
    </trkpt>
    <trkpt lat="45.9218391" lon="10.8210984">
      <ele>484.0</ele>
      <time>2026-08-23T07:50:40.139+02:00</time>
      <extensions>
        <activity type="IN_VEHICLE" conf="96" state="moving" tsMs="1787464238715"/>
        <radio op="vodafone IT" rat="LTE" q="27.90" rsrp="-94" sinr="4" rsrq="-7"/>
        <radio op="I TIM" rat="LTE" q="29.70" rsrp="-98" sinr="6" rsrq="-8"/>
      </extensions>
    </trkpt>
    <trkpt lat="45.920898" lon="10.8222544">
      <ele>476.0</ele>
      <time>2026-08-23T07:50:50.139+02:00</time>
      <extensions>
        <activity type="IN_VEHICLE" conf="96" state="moving" tsMs="1787464249399"/>
        <radio op="vodafone IT" rat="LTE" q="30.80" rsrp="-97" sinr="6" rsrq="-7"/>
        <radio op="I TIM" rat="LTE" q="18.60" rsrp="-94" sinr="1" rsrq="-7"/>
      </extensions>
    </trkpt>
    <trkpt lat="45.9197898" lon="10.8233351">
      <ele>466.0</ele>
      <time>2026-08-23T07:51:00.14+02:00</time>
      <extensions>
        <activity type="IN_VEHICLE" conf="96" state="moving" tsMs="1787464260073"/>
        <radio op="vodafone IT" rat="LTE" q="33.00" rsrp="-95" sinr="6" rsrq="-8"/>
        <radio op="I TIM" rat="LTE" rsrp="-100" rsrq="-10"/>
      </extensions>
    </trkpt>
    <trkpt lat="45.9186895" lon="10.8241188">
      <ele>458.0</ele>
      <time>2026-08-23T07:51:10.139+02:00</time>
      <extensions>
        <activity type="IN_VEHICLE" conf="96" state="moving" tsMs="1787464270786"/>
        <radio op="vodafone IT" rat="LTE" q="17.50" rsrp="-100" sinr="2" rsrq="-9"/>
        <radio op="I TIM" rat="LTE" q="33.00" rsrp="-103" sinr="10" rsrq="-12"/>
      </extensions>
    </trkpt>
    <trkpt lat="45.9174243" lon="10.8253012">
      <ele>448.0</ele>
      <time>2026-08-23T07:51:21.139+02:00</time>
      <extensions>
        <activity type="IN_VEHICLE" conf="96" state="moving" tsMs="1787464281502"/>
        <radio op="vodafone IT" rat="LTE" q="21.60" rsrp="-98" sinr="3" rsrq="-8"/>
        <radio op="I TIM" rat="LTE" rsrp="-106" rsrq="-10"/>
      </extensions>
    </trkpt>
    <trkpt lat="45.9167037" lon="10.8265466">
      <ele>441.0</ele>
      <time>2026-08-23T07:51:31.139+02:00</time>
      <extensions>
        <activity type="IN_VEHICLE" conf="96" state="moving" tsMs="1787464286864"/>
        <radio op="vodafone IT" rat="LTE" q="49.40" rsrp="-87" sinr="8" rsrq="-6"/>
        <radio op="I TIM" rat="LTE" q="33.60" rsrp="-97" sinr="7" rsrq="-8"/>
      </extensions>
    </trkpt>
    <trkpt lat="45.9163875" lon="10.8278452">
      <ele>433.0</ele>
      <time>2026-08-23T07:51:41.139+02:00</time>
      <extensions>
        <activity type="IN_VEHICLE" conf="96" state="moving" tsMs="1787464297559"/>
        <radio op="vodafone IT" rat="LTE" q="21.60" rsrp="-98" sinr="3" rsrq="-10"/>
        <radio op="I TIM" rat="LTE" q="22.50" rsrp="-100" sinr="4" rsrq="-8"/>
      </extensions>
    </trkpt>
    <trkpt lat="45.9151658" lon="10.8281145">
      <ele>425.0</ele>
      <time>2026-08-23T07:51:51.139+02:00</time>
      <extensions>
        <activity type="IN_VEHICLE" conf="96" state="moving" tsMs="1787464308208"/>
        <radio op="vodafone IT" rat="LTE" q="12.60" rsrp="-104" sinr="1" rsrq="-10"/>
        <radio op="I TIM" rat="LTE" q="14.40" rsrp="-101" sinr="1" rsrq="-10"/>
      </extensions>
    </trkpt>
    <trkpt lat="45.9138595" lon="10.828625">
      <ele>418.0</ele>
      <time>2026-08-23T07:52:01.139+02:00</time>
      <extensions>
        <activity type="IN_VEHICLE" conf="96" state="moving" tsMs="1787464318772"/>
        <radio op="vodafone IT" rat="LTE" q="13.20" rsrp="-103" sinr="1" rsrq="-11"/>
        <radio op="I TIM" rat="LTE" q="46.40" rsrp="-96" sinr="11" rsrq="-11"/>
      </extensions>
    </trkpt>
    <trkpt lat="45.9137863" lon="10.8289617">
      <ele>415.0</ele>
      <time>2026-08-23T07:52:11.139+02:00</time>
      <extensions>
        <activity type="IN_VEHICLE" conf="96" state="moving" tsMs="1787464322979"/>
        <radio op="vodafone IT" rat="LTE" rsrp="-103" rsrq="-12"/>
        <radio op="I TIM" rat="LTE" rsrp="-107" rsrq="-10"/>
      </extensions>
    </trkpt>
    <trkpt lat="45.9148669" lon="10.8287718">
      <ele>408.0</ele>
      <time>2026-08-23T07:52:21.139+02:00</time>
      <extensions>
        <activity type="IN_VEHICLE" conf="96" state="moving" tsMs="1787464342049"/>
        <radio op="vodafone IT" rat="LTE" q="22.40" rsrp="-97" sinr="3" rsrq="-9"/>
        <radio op="I TIM" rat="LTE" q="27.60" rsrp="-102" sinr="7" rsrq="-8"/>
      </extensions>
    </trkpt>
    <trkpt lat="45.9150408" lon="10.8289506">
      <ele>401.0</ele>
      <time>2026-08-23T07:52:31.14+02:00</time>
      <extensions>
        <activity type="IN_VEHICLE" conf="96" state="moving" tsMs="1787464347399"/>
        <radio op="vodafone IT" rat="LTE" rsrp="-106" rsrq="-16"/>
        <radio op="I TIM" rat="LTE" q="23.10" rsrp="-104" sinr="6" rsrq="-10"/>
      </extensions>
    </trkpt>
    <trkpt lat="45.913719" lon="10.8295277">
      <ele>393.0</ele>
      <time>2026-08-23T07:52:41.14+02:00</time>
      <extensions>
        <activity type="IN_VEHICLE" conf="96" state="moving" tsMs="1787464358081"/>
        <radio op="vodafone IT" rat="LTE" rsrp="-108" rsrq="-14"/>
        <radio op="I TIM" rat="LTE" q="41.40" rsrp="-102" sinr="13" rsrq="-10"/>
      </extensions>
    </trkpt>
    <trkpt lat="45.9120174" lon="10.8303749">
      <ele>381.0</ele>
      <time>2026-08-23T07:52:51.139+02:00</time>
      <extensions>
        <activity type="IN_VEHICLE" conf="99" state="moving" tsMs="1787464368783"/>
        <radio op="vodafone IT" rat="LTE" rsrp="-104" rsrq="-16"/>
        <radio op="I TIM" rat="LTE" q="33.60" rsrp="-97" sinr="7" rsrq="-9"/>
      </extensions>
    </trkpt>
    <trkpt lat="45.9104336" lon="10.8313362">
      <ele>369.0</ele>
      <time>2026-08-23T07:53:02.139+02:00</time>
      <extensions>
        <activity type="IN_VEHICLE" conf="96" state="moving" tsMs="1787464379480"/>
        <radio op="vodafone IT" rat="LTE" q="28.80" rsrp="-89" sinr="3" rsrq="-9"/>
        <radio op="I TIM" rat="LTE" q="18.90" rsrp="-98" sinr="2" rsrq="-8"/>
      </extensions>
    </trkpt>
    <trkpt lat="45.9092665" lon="10.8319406">
      <ele>361.0</ele>
      <time>2026-08-23T07:53:12.138+02:00</time>
      <extensions>
        <activity type="IN_VEHICLE" conf="96" state="moving" tsMs="1787464390221"/>
        <radio op="vodafone IT" rat="LTE" q="16.00" rsrp="-93" sinr="0" rsrq="-13"/>
        <radio op="I TIM" rat="LTE" q="57.00" rsrp="-95" sinr="14" rsrq="-9"/>
      </extensions>
    </trkpt>
    <trkpt lat="45.9081391" lon="10.8328877">
      <ele>352.0</ele>
      <time>2026-08-23T07:53:22.139+02:00</time>
      <extensions>
        <activity type="IN_VEHICLE" conf="96" state="moving" tsMs="1787464400973"/>
        <radio op="vodafone IT" rat="LTE" q="56.00" rsrp="-85" sinr="9" rsrq="-9"/>
        <radio op="I TIM" rat="LTE" q="15.40" rsrp="-103" sinr="2" rsrq="-10"/>
      </extensions>
    </trkpt>
    <trkpt lat="45.9068433" lon="10.8330395">
      <ele>343.0</ele>
      <time>2026-08-23T07:53:32.139+02:00</time>
      <extensions>
        <activity type="IN_VEHICLE" conf="96" state="moving" tsMs="1787464411687"/>
        <radio op="vodafone IT" rat="LTE" q="80.00" rsrp="-80" sinr="15" rsrq="-8"/>
        <radio op="I TIM" rat="LTE" q="31.90" rsrp="-96" sinr="6" rsrq="-10"/>
      </extensions>
    </trkpt>
    <trkpt lat="45.9069647" lon="10.8332476">
      <ele>338.0</ele>
      <time>2026-08-23T07:53:42.139+02:00</time>
      <extensions>
        <activity type="IN_VEHICLE" conf="96" state="moving" tsMs="1787464422383"/>
        <radio op="vodafone IT" rat="LTE" q="32.00" rsrp="-84" sinr="3" rsrq="-9"/>
        <radio op="I TIM" rat="LTE" q="27.50" rsrp="-100" sinr="6" rsrq="-11"/>
      </extensions>
    </trkpt>
    <trkpt lat="45.9080358" lon="10.833249">
      <ele>331.0</ele>
      <time>2026-08-23T07:53:52.139+02:00</time>
      <extensions>
        <activity type="IN_VEHICLE" conf="96" state="moving" tsMs="1787464432899"/>
        <radio op="vodafone IT" rat="LTE" q="38.00" rsrp="-87" sinr="5" rsrq="-9"/>
        <radio op="I TIM" rat="LTE" q="34.80" rsrp="-96" sinr="7" rsrq="-10"/>
      </extensions>
    </trkpt>
    <trkpt lat="45.9088706" lon="10.8335508">
      <ele>325.0</ele>
      <time>2026-08-23T07:54:02.139+02:00</time>
      <extensions>
        <activity type="IN_VEHICLE" conf="96" state="moving" tsMs="1787464438257"/>
        <radio op="vodafone IT" rat="LTE" q="40.80" rsrp="-91" sinr="7" rsrq="-10"/>
        <radio op="I TIM" rat="LTE" q="28.60" rsrp="-103" sinr="8" rsrq="-10"/>
      </extensions>
    </trkpt>
    <trkpt lat="45.9081192" lon="10.8335584">
      <ele>320.0</ele>
      <time>2026-08-23T07:54:12.139+02:00</time>
      <extensions>
        <activity type="IN_VEHICLE" conf="96" state="moving" tsMs="1787464449031"/>
        <radio op="vodafone IT" rat="LTE" q="76.00" rsrp="-82" sinr="14" rsrq="-14"/>
        <radio op="I TIM" rat="LTE" q="36.40" rsrp="-97" sinr="8" rsrq="-9"/>
      </extensions>
    </trkpt>
    <trkpt lat="45.9068749" lon="10.8337256">
      <ele>312.0</ele>
      <time>2026-08-23T07:54:22.139+02:00</time>
      <extensions>
        <activity type="IN_VEHICLE" conf="96" state="moving" tsMs="1787464459743"/>
        <radio op="vodafone IT" rat="LTE" q="56.00" rsrp="-82" sinr="9" rsrq="-12"/>
        <radio op="I TIM" rat="LTE" rsrp="-97" rsrq="-10"/>
      </extensions>
    </trkpt>
    <trkpt lat="45.9057587" lon="10.833405">
      <ele>304.0</ele>
      <time>2026-08-23T07:54:32.139+02:00</time>
      <extensions>
        <activity type="IN_VEHICLE" conf="98" state="moving" tsMs="1787464470414"/>
        <radio op="vodafone IT" rat="LTE" rsrp="-93" rsrq="-15"/>
        <radio op="I TIM" rat="LTE" rsrp="-102" rsrq="-12"/>
      </extensions>
    </trkpt>
    <trkpt lat="45.904417" lon="10.8324652">
      <ele>293.0</ele>
      <time>2026-08-23T07:54:43.139+02:00</time>
      <extensions>
        <activity type="IN_VEHICLE" conf="96" state="moving" tsMs="1787464481099"/>
        <radio op="vodafone IT" rat="LTE" q="16.00" rsrp="-93" sinr="0" rsrq="-14"/>
        <radio op="I TIM" rat="LTE" q="16.80" rsrp="-101" sinr="2" rsrq="-15"/>
      </extensions>
    </trkpt>
    <trkpt lat="45.9029805" lon="10.8320927">
      <ele>285.0</ele>
      <time>2026-08-23T07:54:53.139+02:00</time>
      <extensions>
        <activity type="IN_VEHICLE" conf="96" state="moving" tsMs="1787464491824"/>
        <radio op="vodafone IT" rat="LTE" q="40.00" rsrp="-82" sinr="5" rsrq="-8"/>
        <radio op="I TIM" rat="LTE" rsrp="-97" rsrq="-10"/>
      </extensions>
    </trkpt>
    <trkpt lat="45.9015623" lon="10.8322309">
      <ele>278.0</ele>
      <time>2026-08-23T07:55:03.139+02:00</time>
      <extensions>
        <activity type="IN_VEHICLE" conf="96" state="moving" tsMs="1787464502539"/>
        <radio op="vodafone IT" rat="LTE" q="60.00" rsrp="-85" sinr="10" rsrq="-9"/>
        <radio op="I TIM" rat="LTE" q="24.80" rsrp="-94" sinr="3" rsrq="-12"/>
      </extensions>
    </trkpt>
    <trkpt lat="45.9017855" lon="10.8325489">
      <ele>273.0</ele>
      <time>2026-08-23T07:55:13.139+02:00</time>
      <extensions>
        <activity type="UNKNOWN" conf="40" state="unknown" tsMs="1787464513336"/>
        <radio op="vodafone IT" rat="LTE" q="60.00" rsrp="-81" sinr="10" rsrq="-9"/>
        <radio op="I TIM" rat="LTE" q="24.00" rsrp="-95" sinr="3" rsrq="-12"/>
      </extensions>
    </trkpt>
    <trkpt lat="45.9031102" lon="10.8327919">
      <ele>264.0</ele>
      <time>2026-08-23T07:55:23.139+02:00</time>
      <extensions>
        <activity type="IN_VEHICLE" conf="96" state="moving" tsMs="1787464524049"/>
        <radio op="vodafone IT" rat="LTE" q="92.00" rsrp="-84" sinr="18" rsrq="-8"/>
        <radio op="I TIM" rat="LTE" rsrp="-97" rsrq="-9"/>
      </extensions>
    </trkpt>
    <trkpt lat="45.9043834" lon="10.833707">
      <ele>254.0</ele>
      <time>2026-08-23T07:55:33.139+02:00</time>
      <extensions>
        <activity type="IN_VEHICLE" conf="96" state="moving" tsMs="1787464529433"/>
        <radio op="vodafone IT" rat="LTE" q="36.00" rsrp="-82" sinr="4" rsrq="-7"/>
        <radio op="I TIM" rat="LTE" q="28.00" rsrp="-97" sinr="5" rsrq="-9"/>
      </extensions>
    </trkpt>
    <trkpt lat="45.9041357" lon="10.8338467">
      <ele>249.0</ele>
      <time>2026-08-23T07:55:43.139+02:00</time>
      <extensions>
        <activity type="IN_VEHICLE" conf="97" state="moving" tsMs="1787464540068"/>
        <radio op="vodafone IT" rat="LTE" q="36.00" rsrp="-84" sinr="4" rsrq="-12"/>
        <radio op="I TIM" rat="LTE" rsrp="-101" rsrq="-12"/>
      </extensions>
    </trkpt>
    <trkpt lat="45.9028148" lon="10.8335171">
      <ele>242.0</ele>
      <time>2026-08-23T07:55:53.139+02:00</time>
      <extensions>
        <activity type="IN_VEHICLE" conf="96" state="moving" tsMs="1787464550798"/>
        <radio op="vodafone IT" rat="LTE" rsrp="-86" rsrq="-12"/>
        <radio op="I TIM" rat="LTE" rsrp="-93" rsrq="-12"/>
      </extensions>
    </trkpt>
    <trkpt lat="45.9012848" lon="10.833757">
      <ele>235.0</ele>
      <time>2026-08-23T07:56:04.139+02:00</time>
      <extensions>
        <activity type="IN_VEHICLE" conf="96" state="moving" tsMs="1787464561461"/>
        <radio op="vodafone IT" rat="LTE" q="56.00" rsrp="-78" sinr="9" rsrq="-10"/>
        <radio op="I TIM" rat="LTE" rsrp="-93" rsrq="-14"/>
      </extensions>
    </trkpt>
    <trkpt lat="45.9002413" lon="10.8337435">
      <ele>229.0</ele>
      <time>2026-08-23T07:56:14.139+02:00</time>
      <extensions>
        <activity type="IN_VEHICLE" conf="96" state="moving" tsMs="1787464572212"/>
        <radio op="vodafone IT" rat="LTE" q="58.50" rsrp="-86" sinr="10" rsrq="-10"/>
        <radio op="I TIM" rat="LTE" rsrp="-98" rsrq="-13"/>
      </extensions>
    </trkpt>
    <trkpt lat="45.9009739" lon="10.834118">
      <ele>221.0</ele>
      <time>2026-08-23T07:56:24.139+02:00</time>
      <extensions>
        <activity type="IN_VEHICLE" conf="96" state="moving" tsMs="1787464583000"/>
        <radio op="vodafone IT" rat="LTE" q="44.00" rsrp="-82" sinr="6" rsrq="-12"/>
        <radio op="I TIM" rat="LTE" rsrp="-96" rsrq="-12"/>
      </extensions>
    </trkpt>
    <trkpt lat="45.9020922" lon="10.8339662">
      <ele>214.0</ele>
      <time>2026-08-23T07:56:34.139+02:00</time>
      <extensions>
        <activity type="IN_VEHICLE" conf="96" state="moving" tsMs="1787464593775"/>
        <radio op="vodafone IT" rat="LTE" q="96.00" rsrp="-73" sinr="19" rsrq="-9"/>
        <radio op="I TIM" rat="LTE" rsrp="-95" rsrq="-13"/>
      </extensions>
    </trkpt>
    <trkpt lat="45.901859" lon="10.8342092">
      <ele>210.0</ele>
      <time>2026-08-23T07:56:44.139+02:00</time>
      <extensions>
        <activity type="IN_VEHICLE" conf="96" state="moving" tsMs="1787464604417"/>
        <radio op="vodafone IT" rat="LTE" q="28.00" rsrp="-82" sinr="2" rsrq="-10"/>
        <radio op="I TIM" rat="LTE" q="16.50" rsrp="-92" sinr="0" rsrq="-14"/>
      </extensions>
    </trkpt>
    <trkpt lat="45.9006407" lon="10.8345534">
      <ele>203.0</ele>
      <time>2026-08-23T07:56:54.139+02:00</time>
      <extensions>
        <activity type="IN_VEHICLE" conf="96" state="moving" tsMs="1787464609714"/>
        <radio op="vodafone IT" rat="LTE" rsrp="-74" rsrq="-9"/>
        <radio op="I TIM" rat="LTE" rsrp="-88" rsrq="-11"/>
      </extensions>
    </trkpt>
    <trkpt lat="45.8992508" lon="10.8344257">
      <ele>195.0</ele>
      <time>2026-08-23T07:57:04.139+02:00</time>
      <extensions>
        <activity type="IN_VEHICLE" conf="96" state="moving" tsMs="1787464620387"/>
        <radio op="vodafone IT" rat="LTE" q="39.00" rsrp="-86" sinr="5" rsrq="-10"/>
        <radio op="I TIM" rat="LTE" q="53.20" rsrp="-87" sinr="9" rsrq="-8"/>
      </extensions>
    </trkpt>
    <trkpt lat="45.8982226" lon="10.8347125">
      <ele>186.0</ele>
      <time>2026-08-23T07:57:14.139+02:00</time>
      <extensions>
        <activity type="IN_VEHICLE" conf="98" state="moving" tsMs="1787464631080"/>
        <radio op="vodafone IT" rat="LTE" rsrp="-81" rsrq="-12"/>
        <radio op="I TIM" rat="LTE" q="44.00" rsrp="-74" sinr="6" rsrq="-7"/>
      </extensions>
    </trkpt>
    <trkpt lat="45.8970223" lon="10.8353379">
      <ele>175.0</ele>
      <time>2026-08-23T07:57:24.139+02:00</time>
      <extensions>
        <activity type="IN_VEHICLE" conf="96" state="moving" tsMs="1787464641791"/>
        <radio op="vodafone IT" rat="LTE" q="36.00" rsrp="-82" sinr="4" rsrq="-10"/>
        <radio op="I TIM" rat="LTE" rsrp="-82" rsrq="-13"/>
      </extensions>
    </trkpt>
    <trkpt lat="45.8965536" lon="10.8369728">
      <ele>163.0</ele>
      <time>2026-08-23T07:57:34.139+02:00</time>
      <extensions>
        <activity type="IN_VEHICLE" conf="96" state="moving" tsMs="1787464652312"/>
        <radio op="vodafone IT" rat="LTE" q="64.00" rsrp="-82" sinr="11" rsrq="-8"/>
        <radio op="I TIM" rat="LTE" q="64.00" rsrp="-64" sinr="11" rsrq="-5"/>
      </extensions>
    </trkpt>
    <trkpt lat="45.8961144" lon="10.8381378">
      <ele>155.0</ele>
      <time>2026-08-23T07:57:44.139+02:00</time>
      <extensions>
        <activity type="IN_VEHICLE" conf="97" state="moving" tsMs="1787464663068"/>
        <radio op="vodafone IT" rat="LTE" rsrp="-85" rsrq="-14"/>
        <radio op="I TIM" rat="LTE" q="60.00" rsrp="-80" sinr="10" rsrq="-7"/>
      </extensions>
    </trkpt>
    <trkpt lat="45.8950349" lon="10.8384303">
      <ele>152.0</ele>
      <time>2026-08-23T07:57:54.139+02:00</time>
      <extensions>
        <activity type="IN_VEHICLE" conf="96" state="moving" tsMs="1787464673828"/>
        <radio op="vodafone IT" rat="LTE" q="72.00" rsrp="-85" sinr="13" rsrq="-9"/>
        <radio op="I TIM" rat="LTE" q="39.00" rsrp="-86" sinr="5" rsrq="-7"/>
      </extensions>
    </trkpt>
    <trkpt lat="45.893358" lon="10.8378896">
      <ele>144.0</ele>
      <time>2026-08-23T07:58:05.139+02:00</time>
      <extensions>
        <activity type="IN_VEHICLE" conf="96" state="moving" tsMs="1787464684581"/>
        <radio op="vodafone IT" rat="LTE" q="92.50" rsrp="-88" sinr="21" rsrq="-12"/>
        <radio op="I TIM" rat="LTE" q="23.00" rsrp="-102" sinr="5" rsrq="-9"/>
      </extensions>
    </trkpt>
    <trkpt lat="45.8920088" lon="10.8365879">
      <ele>146.0</ele>
      <time>2026-08-23T07:58:15.139+02:00</time>
      <extensions>
        <activity type="IN_VEHICLE" conf="96" state="moving" tsMs="1787464695305"/>
        <radio op="vodafone IT" rat="LTE" q="77.50" rsrp="-94" sinr="23" rsrq="-11"/>
        <radio op="I TIM" rat="LTE" q="10.80" rsrp="-107" sinr="1" rsrq="-14"/>
      </extensions>
    </trkpt>
    <trkpt lat="45.8905126" lon="10.8353207">
      <ele>147.0</ele>
      <time>2026-08-23T07:58:25.138+02:00</time>
      <extensions>
        <activity type="IN_VEHICLE" conf="96" state="moving" tsMs="1787464700696"/>
        <radio op="vodafone IT" rat="LTE" q="48.40" rsrp="-103" sinr="17" rsrq="-7"/>
        <radio op="I TIM" rat="LTE" q="4.00" rsrp="-117" sinr="0" rsrq="-11"/>
      </extensions>
    </trkpt>
    <trkpt lat="45.8896843" lon="10.8352556">
      <ele>148.0</ele>
      <time>2026-08-23T07:58:30.138+02:00</time>
      <extensions>
        <activity type="IN_VEHICLE" conf="96" state="moving" tsMs="1787464711449"/>
        <radio op="vodafone IT" rat="LTE" q="12.80" rsrp="-109" sinr="3" rsrq="-13"/>
        <radio op="I TIM" rat="LTE" rsrp="-126" rsrq="-21"/>
      </extensions>
    </trkpt>
    <trkpt lat="45.8896843" lon="10.8352556">
      <ele>148.0</ele>
      <time>2026-08-23T07:58:32.448+02:00</time>
      <extensions>
        <activity type="IN_VEHICLE" conf="96" state="moving" tsMs="1787464711449"/>
        <radio op="vodafone IT" rat="LTE" q="40.30" rsrp="-94" sinr="8" rsrq="-10"/>
        <radio op="I TIM" rat="LTE" rsrp="-102" rsrq="-13"/>
      </extensions>
    </trkpt>
    <trkpt lat="45.8870708" lon="10.8379224">
      <ele>145.0</ele>
      <time>2026-08-23T07:58:55.138+02:00</time>
      <extensions>
        <activity type="IN_VEHICLE" conf="96" state="moving" tsMs="1787464715926"/>
        <radio op="vodafone IT" rat="LTE" q="100.00" rsrp="-65" sinr="23" rsrq="-8"/>
        <radio op="I TIM" rat="LTE" q="100.00" rsrp="-84" sinr="21" rsrq="-9"/>
      </extensions>
    </trkpt>
    <trkpt lat="45.8861802" lon="10.837865">
      <ele>138.0</ele>
      <time>2026-08-23T07:59:05.138+02:00</time>
      <extensions>
        <activity type="IN_VEHICLE" conf="96" state="moving" tsMs="1787464743340"/>
        <radio op="vodafone IT" rat="LTE" q="100.00" rsrp="-61" sinr="30" rsrq="-12"/>
        <radio op="I TIM" rat="LTE" q="100.00" rsrp="-72" sinr="26" rsrq="-7"/>
      </extensions>
    </trkpt>
    <trkpt lat="45.8850858" lon="10.8379074">
      <ele>130.0</ele>
      <time>2026-08-23T07:59:15.138+02:00</time>
      <extensions>
        <activity type="IN_VEHICLE" conf="96" state="moving" tsMs="1787464753181"/>
        <radio op="vodafone IT" rat="LTE" q="100.00" rsrp="-66" sinr="21" rsrq="-11"/>
        <radio op="I TIM" rat="LTE" q="100.00" rsrp="-62" sinr="26" rsrq="-6"/>
      </extensions>
    </trkpt>
    <trkpt lat="45.884912" lon="10.8379031">
      <ele>130.0</ele>
      <time>2026-08-23T07:59:26.138+02:00</time>
      <extensions>
        <activity type="IN_VEHICLE" conf="95" state="moving" tsMs="1787464763014"/>
        <radio op="vodafone IT" rat="LTE" q="100.00" rsrp="-70" sinr="26" rsrq="-12"/>
        <radio op="I TIM" rat="LTE" q="100.00" rsrp="-79" sinr="20" rsrq="-7"/>
      </extensions>
    </trkpt>
    <trkpt lat="45.884912" lon="10.8379031">
      <ele>130.0</ele>
      <time>2026-08-23T07:59:36.138+02:00</time>
      <extensions>
        <activity type="UNKNOWN" conf="40" state="unknown" tsMs="1787464773408"/>
        <radio op="vodafone IT" rat="LTE" q="100.00" rsrp="-72" sinr="28" rsrq="-7"/>
        <radio op="I TIM" rat="LTE" q="100.00" rsrp="-81" sinr="22" rsrq="-8"/>
      </extensions>
    </trkpt>
    <trkpt lat="45.884912" lon="10.8379031">
      <ele>130.0</ele>
      <time>2026-08-23T07:59:46.138+02:00</time>
      <extensions>
        <activity type="STILL" conf="100" state="still" tsMs="1787464783524"/>
        <radio op="vodafone IT" rat="LTE" q="100.00" rsrp="-72" sinr="27" rsrq="-7"/>
        <radio op="I TIM" rat="LTE" q="96.00" rsrp="-81" sinr="19" rsrq="-7"/>
      </extensions>
    </trkpt>
    <trkpt lat="45.884912" lon="10.8379031">
      <ele>130.0</ele>
      <time>2026-08-23T07:59:56.138+02:00</time>
      <extensions>
        <activity type="STILL" conf="100" state="still" tsMs="1787464793728"/>
        <radio op="vodafone IT" rat="LTE" q="100.00" rsrp="-73" sinr="20" rsrq="-8"/>
        <radio op="I TIM" rat="LTE" q="96.00" rsrp="-78" sinr="19" rsrq="-7"/>
      </extensions>
    </trkpt>
    <trkpt lat="45.884912" lon="10.8379031">
      <ele>130.0</ele>
      <time>2026-08-23T08:00:06.138+02:00</time>
      <extensions>
        <activity type="STILL" conf="100" state="still" tsMs="1787464803994"/>
        <radio op="vodafone IT" rat="LTE" q="100.00" rsrp="-72" sinr="26" rsrq="-7"/>
        <radio op="I TIM" rat="LTE" q="100.00" rsrp="-80" sinr="23" rsrq="-7"/>
      </extensions>
    </trkpt>
    <trkpt lat="45.884912" lon="10.8379031">
      <ele>130.0</ele>
      <time>2026-08-23T08:00:16.138+02:00</time>
      <extensions>
        <activity type="STILL" conf="55" state="still" tsMs="1787464814178"/>
        <radio op="vodafone IT" rat="LTE" q="100.00" rsrp="-71" sinr="27" rsrq="-7"/>
        <radio op="I TIM" rat="LTE" q="100.00" rsrp="-80" sinr="20" rsrq="-7"/>
      </extensions>
    </trkpt>
    <trkpt lat="45.884912" lon="10.8379031">
      <ele>130.0</ele>
      <time>2026-08-23T08:00:26.138+02:00</time>
      <extensions>
        <activity type="STILL" conf="100" state="still" tsMs="1787464824364"/>
        <radio op="vodafone IT" rat="LTE" q="100.00" rsrp="-68" sinr="28" rsrq="-7"/>
        <radio op="I TIM" rat="LTE" q="92.00" rsrp="-84" sinr="18" rsrq="-6"/>
      </extensions>
    </trkpt>
    <trkpt lat="45.884912" lon="10.8379031">
      <ele>130.0</ele>
      <time>2026-08-23T08:00:36.138+02:00</time>
      <extensions>
        <activity type="STILL" conf="98" state="still" tsMs="1787464834486"/>
        <radio op="vodafone IT" rat="LTE" q="100.00" rsrp="-70" sinr="20" rsrq="-9"/>
        <radio op="I TIM" rat="LTE" q="96.00" rsrp="-80" sinr="19" rsrq="-8"/>
      </extensions>
    </trkpt>
    <trkpt lat="45.884912" lon="10.8379031">
      <ele>130.0</ele>
      <time>2026-08-23T08:00:46.138+02:00</time>
      <extensions>
        <activity type="STILL" conf="98" state="still" tsMs="1787464844633"/>
        <radio op="vodafone IT" rat="LTE" q="96.00" rsrp="-68" sinr="19" rsrq="-7"/>
        <radio op="I TIM" rat="LTE" q="100.00" rsrp="-85" sinr="22" rsrq="-6"/>
      </extensions>
    </trkpt>
    <trkpt lat="45.884912" lon="10.8379031">
      <ele>130.0</ele>
      <time>2026-08-23T08:00:56.138+02:00</time>
      <extensions>
        <activity type="STILL" conf="100" state="still" tsMs="1787464854826"/>
        <radio op="vodafone IT" rat="LTE" q="100.00" rsrp="-72" sinr="26" rsrq="-8"/>
        <radio op="I TIM" rat="LTE" q="95.00" rsrp="-87" sinr="20" rsrq="-7"/>
      </extensions>
    </trkpt>
    <trkpt lat="45.884912" lon="10.8379031">
      <ele>130.0</ele>
      <time>2026-08-23T08:01:07.138+02:00</time>
      <extensions>
        <activity type="STILL" conf="99" state="still" tsMs="1787464863753"/>
        <radio op="vodafone IT" rat="LTE" q="100.00" rsrp="-68" sinr="24" rsrq="-7"/>
        <radio op="I TIM" rat="LTE" q="92.50" rsrp="-88" sinr="20" rsrq="-8"/>
      </extensions>
    </trkpt>
    <trkpt lat="45.884912" lon="10.8379031">
      <ele>130.0</ele>
      <time>2026-08-23T08:01:17.138+02:00</time>
      <extensions>
        <activity type="STILL" conf="100" state="still" tsMs="1787464874460"/>
        <radio op="vodafone IT" rat="LTE" q="100.00" rsrp="-67" sinr="29" rsrq="-7"/>
        <radio op="I TIM" rat="LTE" q="100.00" rsrp="-85" sinr="23" rsrq="-8"/>
      </extensions>
    </trkpt>
    <trkpt lat="45.884912" lon="10.8379031">
      <ele>130.0</ele>
      <time>2026-08-23T08:01:27.138+02:00</time>
      <extensions>
        <activity type="STILL" conf="98" state="still" tsMs="1787464885156"/>
        <radio op="vodafone IT" rat="LTE" q="100.00" rsrp="-68" sinr="22" rsrq="-7"/>
        <radio op="I TIM" rat="LTE" q="97.50" rsrp="-86" sinr="23" rsrq="-8"/>
      </extensions>
    </trkpt>
    <trkpt lat="45.884912" lon="10.8379031">
      <ele>130.0</ele>
      <time>2026-08-23T08:01:37.138+02:00</time>
      <extensions>
        <activity type="TILTING" conf="100" state="moving" tsMs="1787464891509"/>
        <radio op="vodafone IT" rat="LTE" q="100.00" rsrp="-71" sinr="25" rsrq="-8"/>
        <radio op="I TIM" rat="LTE" q="92.00" rsrp="-81" sinr="18" rsrq="-6"/>
      </extensions>
    </trkpt>
    <trkpt lat="45.884912" lon="10.8379031">
      <ele>130.0</ele>
      <time>2026-08-23T08:01:47.138+02:00</time>
      <extensions>
        <activity type="TILTING" conf="100" state="moving" tsMs="1787464891509"/>
        <radio op="vodafone IT" rat="LTE" q="100.00" rsrp="-70" sinr="28" rsrq="-8"/>
        <radio op="I TIM" rat="LTE" q="100.00" rsrp="-83" sinr="21" rsrq="-7"/>
      </extensions>
    </trkpt>
    <trkpt lat="45.884912" lon="10.8379031">
      <ele>130.0</ele>
      <time>2026-08-23T08:01:57.138+02:00</time>
      <extensions>
        <activity type="UNKNOWN" conf="40" state="unknown" tsMs="1787464916605"/>
        <radio op="vodafone IT" rat="LTE" q="100.00" rsrp="-70" sinr="26" rsrq="-7"/>
        <radio op="I TIM" rat="LTE" q="96.00" rsrp="-83" sinr="19" rsrq="-8"/>
      </extensions>
    </trkpt>
    <trkpt lat="45.884912" lon="10.8379031">
      <ele>130.0</ele>
      <time>2026-08-23T08:02:07.138+02:00</time>
      <extensions>
        <activity type="UNKNOWN" conf="40" state="unknown" tsMs="1787464927311"/>
        <radio op="vodafone IT" rat="LTE" q="100.00" rsrp="-70" sinr="29" rsrq="-7"/>
        <radio op="I TIM" rat="LTE" q="84.00" rsrp="-84" sinr="16" rsrq="-11"/>
      </extensions>
    </trkpt>
    <trkpt lat="45.884912" lon="10.8379031">
      <ele>130.0</ele>
      <time>2026-08-23T08:02:17.138+02:00</time>
      <extensions>
        <activity type="IN_VEHICLE" conf="91" state="moving" tsMs="1787464938041"/>
        <radio op="vodafone IT" rat="LTE" q="100.00" rsrp="-71" sinr="26" rsrq="-8"/>
        <radio op="I TIM" rat="LTE" q="88.00" rsrp="-84" sinr="17" rsrq="-6"/>
      </extensions>
    </trkpt>
    <trkpt lat="45.884912" lon="10.8379031">
      <ele>130.0</ele>
      <time>2026-08-23T08:02:27.138+02:00</time>
      <extensions>
        <activity type="UNKNOWN" conf="40" state="unknown" tsMs="1787464943364"/>
        <radio op="vodafone IT" rat="LTE" q="44.00" rsrp="-69" sinr="6" rsrq="-8"/>
        <radio op="I TIM" rat="LTE" q="96.00" rsrp="-82" sinr="19" rsrq="-5"/>
      </extensions>
    </trkpt>
    <trkpt lat="45.884912" lon="10.8379031">
      <ele>125.5</ele>
      <time>2026-08-23T08:02:38.138+02:00</time>
      <extensions>
        <activity type="UNKNOWN" conf="40" state="unknown" tsMs="1787464948745"/>
        <radio op="vodafone IT" rat="LTE" q="100.00" rsrp="-71" sinr="26" rsrq="-10"/>
        <radio op="I TIM" rat="LTE" q="92.00" rsrp="-83" sinr="18" rsrq="-7"/>
      </extensions>
    </trkpt>
    <trkpt lat="45.884912" lon="10.8379031">
      <ele>126.80000305175781</ele>
      <time>2026-08-23T08:02:48.138+02:00</time>
      <extensions>
        <activity type="UNKNOWN" conf="40" state="unknown" tsMs="1787464952245"/>
        <radio op="vodafone IT" rat="LTE" q="100.00" rsrp="-70" sinr="26" rsrq="-7"/>
        <radio op="I TIM" rat="LTE" q="80.00" rsrp="-81" sinr="15" rsrq="-8"/>
      </extensions>
    </trkpt>
    <trkpt lat="45.884912" lon="10.8379031">
      <ele>125.5</ele>
      <time>2026-08-23T08:02:58.138+02:00</time>
      <extensions>
        <activity type="UNKNOWN" conf="40" state="unknown" tsMs="1787464952245"/>
        <radio op="vodafone IT" rat="LTE" q="100.00" rsrp="-69" sinr="27" rsrq="-7"/>
        <radio op="I TIM" rat="LTE" q="92.00" rsrp="-82" sinr="18" rsrq="-8"/>
      </extensions>
    </trkpt>
    <trkpt lat="45.884912" lon="10.8379031">
      <ele>125.5</ele>
      <time>2026-08-23T08:03:08.138+02:00</time>
      <extensions>
        <activity type="UNKNOWN" conf="40" state="unknown" tsMs="1787464969378"/>
        <radio op="vodafone IT" rat="LTE" q="100.00" rsrp="-70" sinr="26" rsrq="-9"/>
        <radio op="I TIM" rat="LTE" q="92.00" rsrp="-83" sinr="18" rsrq="-7"/>
      </extensions>
    </trkpt>
    <trkpt lat="45.884912" lon="10.8379031">
      <ele>125.5</ele>
      <time>2026-08-23T08:03:18.138+02:00</time>
      <extensions>
        <activity type="IN_VEHICLE" conf="93" state="moving" tsMs="1787464986465"/>
        <radio op="vodafone IT" rat="LTE" q="100.00" rsrp="-72" sinr="23" rsrq="-8"/>
        <radio op="I TIM" rat="LTE" q="100.00" rsrp="-84" sinr="24" rsrq="-7"/>
      </extensions>
    </trkpt>
    <trkpt lat="45.884912" lon="10.8379031">
      <ele>125.5</ele>
      <time>2026-08-23T08:03:26.138+02:00</time>
      <extensions>
        <activity type="IN_VEHICLE" conf="93" state="moving" tsMs="1787464986465"/>
        <radio op="vodafone IT" rat="LTE" q="100.00" rsrp="-70" sinr="26" rsrq="-7"/>
        <radio op="I TIM" rat="LTE" q="100.00" rsrp="-81" sinr="22" rsrq="-5"/>
      </extensions>
    </trkpt>
    <trkpt lat="45.8849619" lon="10.837915">
      <ele>125.5</ele>
      <time>2026-08-23T08:03:59.527+02:00</time>
      <extensions>
        <activity type="UNKNOWN" conf="40" state="unknown" tsMs="1787465039163"/>
        <radio op="vodafone IT" rat="LTE" rsrp="-67" rsrq="-8"/>
        <radio op="I TIM" rat="LTE" q="92.00" rsrp="-76" sinr="18" rsrq="-6"/>
      </extensions>
    </trkpt>
    <trkpt lat="45.8850951" lon="10.8378708">
      <ele>125.5</ele>
      <time>2026-08-23T08:04:30.798+02:00</time>
      <extensions>
        <activity type="STILL" conf="61" state="still" tsMs="1787465065352"/>
        <radio op="vodafone IT" rat="LTE" q="100.00" rsrp="-67" sinr="22" rsrq="-8"/>
        <radio op="I TIM" rat="LTE" q="100.00" rsrp="-77" sinr="24" rsrq="-7"/>
      </extensions>
    </trkpt>
    <trkpt lat="45.8849409" lon="10.8378919">
      <ele>125.5</ele>
      <time>2026-08-23T08:05:01.138+02:00</time>
      <extensions>
        <activity type="STILL" conf="67" state="still" tsMs="1787465093513"/>
        <radio op="vodafone IT" rat="LTE" q="100.00" rsrp="-68" sinr="29" rsrq="-7"/>
        <radio op="I TIM" rat="LTE" q="88.00" rsrp="-78" sinr="17" rsrq="-5"/>
      </extensions>
    </trkpt>
    <trkpt lat="45.8849408" lon="10.8378917">
      <ele>125.5</ele>
      <time>2026-08-23T08:05:11.138+02:00</time>
      <extensions>
        <activity type="STILL" conf="48" state="still" tsMs="1787465099632"/>
        <radio op="vodafone IT" rat="LTE" rsrp="-67" rsrq="-7"/>
        <radio op="I TIM" rat="LTE" q="100.00" rsrp="-77" sinr="26" rsrq="-6"/>
      </extensions>
    </trkpt>
    <trkpt lat="45.8849408" lon="10.8378917">
      <ele>125.5</ele>
      <time>2026-08-23T08:05:21.138+02:00</time>
      <extensions>
        <activity type="STILL" conf="48" state="still" tsMs="1787465099632"/>
        <radio op="vodafone IT" rat="LTE" q="68.00" rsrp="-70" sinr="12" rsrq="-9"/>
        <radio op="I TIM" rat="LTE" q="100.00" rsrp="-79" sinr="21" rsrq="-7"/>
      </extensions>
    </trkpt>
    <trkpt lat="45.8849408" lon="10.8378917">
      <ele>125.5</ele>
      <time>2026-08-23T08:05:32.138+02:00</time>
      <extensions>
        <activity type="UNKNOWN" conf="40" state="unknown" tsMs="1787465116750"/>
        <radio op="vodafone IT" rat="LTE" q="40.00" rsrp="-70" sinr="5" rsrq="-8"/>
        <radio op="I TIM" rat="LTE" q="88.00" rsrp="-79" sinr="17" rsrq="-6"/>
      </extensions>
    </trkpt>
    <trkpt lat="45.8849408" lon="10.8378917">
      <ele>125.5</ele>
      <time>2026-08-23T08:05:42.138+02:00</time>
      <extensions>
        <activity type="TILTING" conf="100" state="moving" tsMs="1787465139020"/>
        <radio op="vodafone IT" rat="LTE" q="100.00" rsrp="-67" sinr="26" rsrq="-8"/>
        <radio op="I TIM" rat="LTE" q="96.00" rsrp="-78" sinr="19" rsrq="-7"/>
      </extensions>
    </trkpt>
    <trkpt lat="45.8849408" lon="10.8378917">
      <ele>125.5</ele>
      <time>2026-08-23T08:05:52.138+02:00</time>
      <extensions>
        <activity type="UNKNOWN" conf="40" state="unknown" tsMs="1787465133832"/>
        <radio op="vodafone IT" rat="LTE" q="60.00" rsrp="-70" sinr="10" rsrq="-6"/>
        <radio op="I TIM" rat="LTE" q="68.00" rsrp="-79" sinr="12" rsrq="-8"/>
      </extensions>
    </trkpt>
    <trkpt lat="45.8844925" lon="10.8380932">
      <ele>125.5</ele>
      <time>2026-08-23T08:06:02.138+02:00</time>
      <extensions>
        <activity type="IN_VEHICLE" conf="96" state="moving" tsMs="1787465158072"/>
        <radio op="vodafone IT" rat="LTE" q="96.00" rsrp="-71" sinr="19" rsrq="-10"/>
        <radio op="I TIM" rat="LTE" q="100.00" rsrp="-78" sinr="20" rsrq="-7"/>
      </extensions>
    </trkpt>
    <trkpt lat="45.8835492" lon="10.8386215">
      <ele>125.5</ele>
      <time>2026-08-23T08:06:12.138+02:00</time>
      <extensions>
        <activity type="IN_VEHICLE" conf="96" state="moving" tsMs="1787465168757"/>
        <radio op="vodafone IT" rat="LTE" rsrp="-60" rsrq="-11"/>
        <radio op="I TIM" rat="LTE" rsrp="-78" rsrq="-12"/>
      </extensions>
    </trkpt>
    <trkpt lat="45.882444" lon="10.8382351">
      <ele>125.5</ele>
      <time>2026-08-23T08:06:22.138+02:00</time>
      <extensions>
        <activity type="IN_VEHICLE" conf="96" state="moving" tsMs="1787465179355"/>
        <radio op="vodafone IT" rat="LTE" q="37.00" rsrp="-88" sinr="5" rsrq="-12"/>
        <radio op="I TIM" rat="LTE" rsrp="-95" rsrq="-11"/>
      </extensions>
    </trkpt>
    <trkpt lat="45.8811197" lon="10.8380301">
      <ele>125.5</ele>
      <time>2026-08-23T08:06:32.138+02:00</time>
      <extensions>
        <activity type="IN_VEHICLE" conf="99" state="moving" tsMs="1787465190184"/>
        <radio op="vodafone IT" rat="LTE" rsrp="-88" rsrq="-13"/>
        <radio op="I TIM" rat="LTE" q="15.00" rsrp="-95" sinr="0" rsrq="-13"/>
      </extensions>
    </trkpt>
    <trkpt lat="45.879741" lon="10.8377408">
      <ele>125.5</ele>
      <time>2026-08-23T08:06:42.139+02:00</time>
      <extensions>
        <activity type="IN_VEHICLE" conf="96" state="moving" tsMs="1787465200848"/>
        <radio op="vodafone IT" rat="LTE" rsrp="-94" rsrq="-15"/>
        <radio op="I TIM" rat="LTE" q="16.80" rsrp="-97" sinr="1" rsrq="-11"/>
      </extensions>
    </trkpt>
    <trkpt lat="45.8793225" lon="10.8376388">
      <ele>125.5</ele>
      <time>2026-08-23T08:06:45.138+02:00</time>
      <extensions>
        <activity type="IN_VEHICLE" conf="97" state="moving" tsMs="1787465211586"/>
        <radio op="vodafone IT" rat="LTE" q="18.40" rsrp="-102" sinr="3" rsrq="-8"/>
        <radio op="I TIM" rat="LTE" q="16.80" rsrp="-104" sinr="3" rsrq="-12"/>
      </extensions>
    </trkpt>
    <trkpt lat="45.8792646" lon="10.8375388">
      <ele>125.5</ele>
      <time>2026-08-23T08:06:55.482+02:00</time>
      <extensions>
        <activity type="IN_VEHICLE" conf="96" state="moving" tsMs="1787465221027"/>
        <radio op="vodafone IT" rat="LTE" q="21.60" rsrp="-107" sinr="7" rsrq="-11"/>
        <radio op="I TIM" rat="LTE" rsrp="-110" rsrq="-15"/>
      </extensions>
    </trkpt>
    <trkpt lat="45.8793225" lon="10.8376388">
      <ele>125.5</ele>
      <time>2026-08-23T08:07:16.276+02:00</time>
      <extensions>
        <activity type="IN_VEHICLE" conf="96" state="moving" tsMs="1787465241828"/>
        <radio op="vodafone IT" rat="LTE" q="5.00" rsrp="-115" sinr="0" rsrq="-12"/>
        <radio op="I TIM" rat="LTE" rsrp="-125" rsrq="-18"/>
      </extensions>
    </trkpt>
    <trkpt lat="45.8694049" lon="10.8346536">
      <ele>125.5</ele>
      <time>2026-08-23T08:07:37.138+02:00</time>
      <extensions>
        <activity type="IN_VEHICLE" conf="96" state="moving" tsMs="1787465263200"/>
        <radio op="vodafone IT" rat="LTE" q="3.20" rsrp="-121" sinr="3" rsrq="-12"/>
        <radio op="I TIM" rat="LTE" q="1.00" rsrp="-124" sinr="5" rsrq="-14"/>
      </extensions>
    </trkpt>
    <trkpt lat="45.8694049" lon="10.8346536">
      <ele>125.5</ele>
      <time>2026-08-23T08:07:47.385+02:00</time>
      <extensions>
        <activity type="IN_VEHICLE" conf="96" state="moving" tsMs="1787465272928"/>
        <radio op="vodafone IT" rat="LTE" q="19.00" rsrp="-106" sinr="5" rsrq="-7"/>
        <radio op="I TIM" rat="LTE" rsrp="-123" rsrq="-13"/>
      </extensions>
    </trkpt>
    <trkpt lat="45.8571571" lon="10.8332091">
      <ele>135.0</ele>
      <time>2026-08-23T08:09:12.363+02:00</time>
      <extensions>
        <activity type="IN_VEHICLE" conf="96" state="moving" tsMs="1787465351936"/>
        <radio op="vodafone IT" rat="LTE" rsrp="-93" rsrq="-14"/>
        <radio op="I TIM" rat="LTE" rsrp="-104" rsrq="-18"/>
      </extensions>
    </trkpt>
    <trkpt lat="45.8546425" lon="10.8340419">
      <ele>135.0</ele>
      <time>2026-08-23T08:09:24.139+02:00</time>
      <extensions>
        <activity type="IN_VEHICLE" conf="96" state="moving" tsMs="1787465355827"/>
        <radio op="vodafone IT" rat="LTE" q="23.10" rsrp="-92" sinr="2" rsrq="-13"/>
        <radio op="I TIM" rat="LTE" q="11.40" rsrp="-106" sinr="1" rsrq="-13"/>
      </extensions>
    </trkpt>
    <trkpt lat="45.8535486" lon="10.8331937">
      <ele>130.0</ele>
      <time>2026-08-23T08:09:34.138+02:00</time>
      <extensions>
        <activity type="IN_VEHICLE" conf="96" state="moving" tsMs="1787465374872"/>
        <radio op="vodafone IT" rat="LTE" q="24.30" rsrp="-98" sinr="4" rsrq="-9"/>
        <radio op="I TIM" rat="LTE" rsrp="-113" rsrq="-16"/>
      </extensions>
    </trkpt>
    <trkpt lat="45.8528895" lon="10.8327365">
      <ele>131.0</ele>
      <time>2026-08-23T08:09:40.138+02:00</time>
      <extensions>
        <activity type="IN_VEHICLE" conf="96" state="moving" tsMs="1787465380261"/>
        <radio op="vodafone IT" rat="LTE" q="6.60" rsrp="-114" sinr="1" rsrq="-15"/>
        <radio op="I TIM" rat="LTE" q="9.60" rsrp="-113" sinr="3" rsrq="-13"/>
      </extensions>
    </trkpt>
    <trkpt lat="45.8512149" lon="10.8318173">
      <ele>126.0</ele>
      <time>2026-08-23T08:09:54.138+02:00</time>
      <extensions>
        <activity type="IN_VEHICLE" conf="96" state="moving" tsMs="1787465390569"/>
        <radio op="vodafone IT" rat="LTE" q="16.00" rsrp="-93" sinr="0" rsrq="-12"/>
        <radio op="I TIM" rat="LTE" rsrp="-110" rsrq="-13"/>
      </extensions>
    </trkpt>
    <trkpt lat="45.8499339" lon="10.8314276">
      <ele>135.0</ele>
      <time>2026-08-23T08:10:04.137+02:00</time>
      <extensions>
        <activity type="IN_VEHICLE" conf="96" state="moving" tsMs="1787465401339"/>
        <radio op="vodafone IT" rat="LTE" q="13.80" rsrp="-102" sinr="1" rsrq="-11"/>
        <radio op="I TIM" rat="LTE" rsrp="-112" rsrq="-16"/>
      </extensions>
    </trkpt>
    <trkpt lat="45.8485188" lon="10.8307684">
      <ele>124.0</ele>
      <time>2026-08-23T08:10:15.137+02:00</time>
      <extensions>
        <activity type="IN_VEHICLE" conf="96" state="moving" tsMs="1787465412103"/>
        <radio op="vodafone IT" rat="LTE" q="14.40" rsrp="-101" sinr="1" rsrq="-14"/>
        <radio op="I TIM" rat="LTE" q="12.00" rsrp="-105" sinr="1" rsrq="-15"/>
      </extensions>
    </trkpt>
    <trkpt lat="45.8472618" lon="10.8304798">
      <ele>125.0</ele>
      <time>2026-08-23T08:10:25.138+02:00</time>
      <extensions>
        <activity type="IN_VEHICLE" conf="98" state="moving" tsMs="1787465422809"/>
        <radio op="vodafone IT" rat="LTE" rsrp="-100" rsrq="-15"/>
        <radio op="I TIM" rat="LTE" q="22.00" rsrp="-103" sinr="5" rsrq="-10"/>
      </extensions>
    </trkpt>
    <trkpt lat="45.8460887" lon="10.8301011">
      <ele>125.0</ele>
      <time>2026-08-23T08:10:35.137+02:00</time>
      <extensions>
        <activity type="IN_VEHICLE" conf="96" state="moving" tsMs="1787465433476"/>
        <radio op="vodafone IT" rat="LTE" rsrp="-99" rsrq="-16"/>
        <radio op="I TIM" rat="LTE" rsrp="-105" rsrq="-14"/>
      </extensions>
    </trkpt>
    <trkpt lat="45.8453249" lon="10.8289299">
      <ele>130.0</ele>
      <time>2026-08-23T08:10:45.137+02:00</time>
      <extensions>
        <activity type="IN_VEHICLE" conf="96" state="moving" tsMs="1787465444090"/>
        <radio op="vodafone IT" rat="LTE" q="23.10" rsrp="-104" sinr="6" rsrq="-11"/>
        <radio op="I TIM" rat="LTE" rsrp="-118" rsrq="-15"/>
      </extensions>
    </trkpt>
    <trkpt lat="45.8444545" lon="10.8280934">
      <ele>129.0</ele>
      <time>2026-08-23T08:10:55.137+02:00</time>
      <extensions>
        <activity type="IN_VEHICLE" conf="96" state="moving" tsMs="1787465454835"/>
        <radio op="vodafone IT" rat="LTE" rsrp="-113" rsrq="-16"/>
        <radio op="I TIM" rat="LTE" rsrp="-113" rsrq="-17"/>
      </extensions>
    </trkpt>
    <trkpt lat="45.8436842" lon="10.8270235">
      <ele>129.0</ele>
      <time>2026-08-23T08:11:05.137+02:00</time>
      <extensions>
        <activity type="IN_VEHICLE" conf="96" state="moving" tsMs="1787465465512"/>
        <radio op="vodafone IT" rat="LTE" q="10.50" rsrp="-110" sinr="2" rsrq="-13"/>
        <radio op="I TIM" rat="LTE" q="8.00" rsrp="-109" sinr="0" rsrq="-14"/>
      </extensions>
    </trkpt>
    <trkpt lat="45.8427791" lon="10.8265286">
      <ele>131.0</ele>
      <time>2026-08-23T08:11:15.137+02:00</time>
      <extensions>
        <activity type="IN_VEHICLE" conf="96" state="moving" tsMs="1787465470866"/>
        <radio op="vodafone IT" rat="LTE" q="19.20" rsrp="-101" sinr="3" rsrq="-11"/>
        <radio op="I TIM" rat="LTE" q="11.00" rsrp="-114" sinr="5" rsrq="-15"/>
      </extensions>
    </trkpt>
    <trkpt lat="45.8419597" lon="10.8260274">
      <ele>130.0</ele>
      <time>2026-08-23T08:11:25.137+02:00</time>
      <extensions>
        <activity type="IN_VEHICLE" conf="96" state="moving" tsMs="1787465481535"/>
        <radio op="vodafone IT" rat="LTE" q="16.80" rsrp="-104" sinr="3" rsrq="-11"/>
        <radio op="I TIM" rat="LTE" rsrp="-116" rsrq="-15"/>
      </extensions>
    </trkpt>
    <trkpt lat="45.8410947" lon="10.8257622">
      <ele>129.0</ele>
      <time>2026-08-23T08:11:35.137+02:00</time>
      <extensions>
        <activity type="IN_VEHICLE" conf="96" state="moving" tsMs="1787465492177"/>
        <radio op="vodafone IT" rat="LTE" rsrp="-114" rsrq="-11"/>
        <radio op="I TIM" rat="LTE" rsrp="-117" rsrq="-15"/>
      </extensions>
    </trkpt>
    <trkpt lat="45.8401184" lon="10.826006">
      <ele>130.0</ele>
      <time>2026-08-23T08:11:45.137+02:00</time>
      <extensions>
        <activity type="IN_VEHICLE" conf="96" state="moving" tsMs="1787465502870"/>
        <radio op="vodafone IT" rat="LTE" rsrp="-104" rsrq="-11"/>
        <radio op="I TIM" rat="LTE" q="7.80" rsrp="-112" sinr="1" rsrq="-16"/>
      </extensions>
    </trkpt>
    <trkpt lat="45.8390912" lon="10.8260041">
      <ele>131.0</ele>
      <time>2026-08-23T08:11:56.137+02:00</time>
      <extensions>
        <activity type="IN_VEHICLE" conf="96" state="moving" tsMs="1787465513319"/>
        <radio op="vodafone IT" rat="LTE" q="13.50" rsrp="-110" sinr="4" rsrq="-16"/>
        <radio op="I TIM" rat="LTE" rsrp="-107" rsrq="-14"/>
      </extensions>
    </trkpt>
    <trkpt lat="45.838142" lon="10.8257058">
      <ele>127.0</ele>
      <time>2026-08-23T08:12:06.137+02:00</time>
      <extensions>
        <activity type="IN_VEHICLE" conf="99" state="moving" tsMs="1787465518655"/>
        <radio op="vodafone IT" rat="LTE" rsrp="-104" rsrq="-14"/>
        <radio op="I TIM" rat="LTE" q="13.60" rsrp="-108" sinr="3" rsrq="-14"/>
      </extensions>
    </trkpt>
    <trkpt lat="45.8373015" lon="10.8254507">
      <ele>125.69999694824219</ele>
      <time>2026-08-23T08:12:14.137+02:00</time>
      <extensions>
        <activity type="IN_VEHICLE" conf="96" state="moving" tsMs="1787465523285"/>
        <radio op="vodafone IT" rat="LTE" q="26.10" rsrp="-96" sinr="4" rsrq="-7"/>
        <radio op="I TIM" rat="LTE" q="29.40" rsrp="-104" sinr="9" rsrq="-12"/>
      </extensions>
    </trkpt>
    <trkpt lat="45.8377929" lon="10.825465">
      <ele>125.69999694824219</ele>
      <time>2026-08-23T08:12:24.376+02:00</time>
      <extensions>
        <activity type="IN_VEHICLE" conf="96" state="moving" tsMs="1787465542340"/>
        <radio op="vodafone IT" rat="LTE" rsrp="-110" rsrq="-13"/>
        <radio op="I TIM" rat="LTE" rsrp="-110" rsrq="-9"/>
      </extensions>
    </trkpt>
    <trkpt lat="45.8339929" lon="10.8255523">
      <ele>130.70001220703125</ele>
      <time>2026-08-23T08:12:46.137+02:00</time>
      <extensions>
        <activity type="IN_VEHICLE" conf="96" state="moving" tsMs="1787465565037"/>
        <radio op="vodafone IT" rat="LTE" rsrp="-102" rsrq="-15"/>
        <radio op="I TIM" rat="LTE" q="3.50" rsrp="-118" sinr="0" rsrq="-15"/>
      </extensions>
    </trkpt>
    <trkpt lat="45.8331027" lon="10.82526">
      <ele>130.70001220703125</ele>
      <time>2026-08-23T08:12:56.138+02:00</time>
      <extensions>
        <activity type="IN_VEHICLE" conf="96" state="moving" tsMs="1787465575777"/>
        <radio op="vodafone IT" rat="LTE" rsrp="-99" rsrq="-16"/>
        <radio op="I TIM" rat="LTE" q="14.40" rsrp="-101" sinr="1" rsrq="-11"/>
      </extensions>
    </trkpt>
    <trkpt lat="45.8323906" lon="10.8248336">
      <ele>130.70001220703125</ele>
      <time>2026-08-23T08:13:06.137+02:00</time>
      <extensions>
        <activity type="IN_VEHICLE" conf="96" state="moving" tsMs="1787465586484"/>
        <radio op="vodafone IT" rat="LTE" rsrp="-95" rsrq="-10"/>
        <radio op="I TIM" rat="LTE" q="19.60" rsrp="-97" sinr="2" rsrq="-9"/>
      </extensions>
    </trkpt>
    <trkpt lat="45.8316523" lon="10.8240073">
      <ele>130.70001220703125</ele>
      <time>2026-08-23T08:13:16.137+02:00</time>
      <extensions>
        <activity type="IN_VEHICLE" conf="96" state="moving" tsMs="1787465597200"/>
        <radio op="vodafone IT" rat="LTE" rsrp="-101" rsrq="-11"/>
        <radio op="I TIM" rat="LTE" rsrp="-117" rsrq="-23"/>
      </extensions>
    </trkpt>
    <trkpt lat="45.8305941" lon="10.8229423">
      <ele>130.70001220703125</ele>
      <time>2026-08-23T08:13:26.137+02:00</time>
      <extensions>
        <activity type="IN_VEHICLE" conf="96" state="moving" tsMs="1787465602550"/>
        <radio op="vodafone IT" rat="LTE" rsrp="-114" rsrq="-21"/>
        <radio op="I TIM" rat="LTE" q="9.10" rsrp="-112" sinr="2" rsrq="-14"/>
      </extensions>
    </trkpt>
    <trkpt lat="45.8293457" lon="10.8222759">
      <ele>130.70001220703125</ele>
      <time>2026-08-23T08:13:37.137+02:00</time>
      <extensions>
        <activity type="IN_VEHICLE" conf="96" state="moving" tsMs="1787465613284"/>
        <radio op="vodafone IT" rat="LTE" rsrp="-103" rsrq="-13"/>
        <radio op="I TIM" rat="LTE" q="20.40" rsrp="-108" sinr="7" rsrq="-14"/>
      </extensions>
    </trkpt>
    <trkpt lat="45.8284427" lon="10.821076">
      <ele>130.70001220703125</ele>
      <time>2026-08-23T08:13:47.137+02:00</time>
      <extensions>
        <activity type="IN_VEHICLE" conf="96" state="moving" tsMs="1787465623978"/>
        <radio op="vodafone IT" rat="LTE" rsrp="-111" rsrq="-15"/>
        <radio op="I TIM" rat="LTE" rsrp="-113" rsrq="-18"/>
      </extensions>
    </trkpt>
    <trkpt lat="45.8277671" lon="10.8196329">
      <ele>153.0</ele>
      <time>2026-08-23T08:13:57.137+02:00</time>
      <extensions>
        <activity type="IN_VEHICLE" conf="96" state="moving" tsMs="1787465634707"/>
        <radio op="vodafone IT" rat="LTE" rsrp="-108" rsrq="-14"/>
        <radio op="I TIM" rat="LTE" rsrp="-110" rsrq="-16"/>
      </extensions>
    </trkpt>
    <trkpt lat="45.827721" lon="10.817901">
      <ele>130.70001220703125</ele>
      <time>2026-08-23T08:14:07.137+02:00</time>
      <extensions>
        <activity type="IN_VEHICLE" conf="96" state="moving" tsMs="1787465645375"/>
        <radio op="vodafone IT" rat="LTE" q="22.00" rsrp="-105" sinr="6" rsrq="-14"/>
        <radio op="I TIM" rat="LTE" q="6.00" rsrp="-113" sinr="0" rsrq="-16"/>
      </extensions>
    </trkpt>
    <trkpt lat="45.8273163" lon="10.8165114">
      <ele>157.0</ele>
      <time>2026-08-23T08:14:17.137+02:00</time>
      <extensions>
        <activity type="IN_VEHICLE" conf="96" state="moving" tsMs="1787465656177"/>
        <radio op="vodafone IT" rat="LTE" rsrp="-104" rsrq="-12"/>
        <radio op="I TIM" rat="LTE" rsrp="-113" rsrq="-15"/>
      </extensions>
    </trkpt>
    <trkpt lat="45.8264384" lon="10.8156449">
      <ele>159.0</ele>
      <time>2026-08-23T08:14:27.137+02:00</time>
      <extensions>
        <activity type="IN_VEHICLE" conf="96" state="moving" tsMs="1787465666899"/>
        <radio op="vodafone IT" rat="LTE" q="16.80" rsrp="-104" sinr="3" rsrq="-12"/>
        <radio op="I TIM" rat="LTE" q="10.00" rsrp="-105" sinr="0" rsrq="-15"/>
      </extensions>
    </trkpt>
    <trkpt lat="45.8257384" lon="10.8143815">
      <ele>158.0</ele>
      <time>2026-08-23T08:14:37.137+02:00</time>
      <extensions>
        <activity type="IN_VEHICLE" conf="96" state="moving" tsMs="1787465677628"/>
        <radio op="vodafone IT" rat="LTE" q="43.50" rsrp="-96" sinr="10" rsrq="-9"/>
        <radio op="I TIM" rat="LTE" q="9.60" rsrp="-109" sinr="1" rsrq="-16"/>
      </extensions>
    </trkpt>
    <trkpt lat="45.8248832" lon="10.8132139">
      <ele>159.0</ele>
      <time>2026-08-23T08:14:47.137+02:00</time>
      <extensions>
        <activity type="IN_VEHICLE" conf="96" state="moving" tsMs="1787465683015"/>
        <radio op="vodafone IT" rat="LTE" q="28.00" rsrp="-97" sinr="5" rsrq="-13"/>
        <radio op="I TIM" rat="LTE" rsrp="-108" rsrq="-15"/>
      </extensions>
    </trkpt>
    <trkpt lat="45.8244875" lon="10.8118715">
      <ele>158.0</ele>
      <time>2026-08-23T08:14:57.137+02:00</time>
      <extensions>
        <activity type="IN_VEHICLE" conf="96" state="moving" tsMs="1787465693787"/>
        <radio op="vodafone IT" rat="LTE" rsrp="-102" rsrq="-14"/>
        <radio op="I TIM" rat="LTE" rsrp="-105" rsrq="-14"/>
      </extensions>
    </trkpt>
    <trkpt lat="45.824209" lon="10.8098891">
      <ele>156.0</ele>
      <time>2026-08-23T08:15:08.138+02:00</time>
      <extensions>
        <activity type="IN_VEHICLE" conf="99" state="moving" tsMs="1787465704491"/>
        <radio op="vodafone IT" rat="LTE" rsrp="-95" rsrq="-12"/>
        <radio op="I TIM" rat="LTE" q="27.20" rsrp="-91" sinr="3" rsrq="-11"/>
      </extensions>
    </trkpt>
    <trkpt lat="45.8237558" lon="10.8085671">
      <ele>156.0</ele>
      <time>2026-08-23T08:15:18.137+02:00</time>
      <extensions>
        <activity type="IN_VEHICLE" conf="99" state="moving" tsMs="1787465715218"/>
        <radio op="vodafone IT" rat="LTE" q="19.60" rsrp="-97" sinr="2" rsrq="-9"/>
        <radio op="I TIM" rat="LTE" rsrp="-119" rsrq="-22"/>
      </extensions>
    </trkpt>
    <trkpt lat="45.8232762" lon="10.8078224">
      <ele>155.0</ele>
      <time>2026-08-23T08:15:28.137+02:00</time>
      <extensions>
        <activity type="IN_VEHICLE" conf="96" state="moving" tsMs="1787465725919"/>
        <radio op="vodafone IT" rat="LTE" rsrp="-96" rsrq="-15"/>
        <radio op="I TIM" rat="LTE" rsrp="-100" rsrq="-12"/>
      </extensions>
    </trkpt>
    <trkpt lat="45.8230594" lon="10.8069972">
      <ele>156.0</ele>
      <time>2026-08-23T08:15:38.137+02:00</time>
      <extensions>
        <activity type="IN_VEHICLE" conf="96" state="moving" tsMs="1787465736608"/>
        <radio op="vodafone IT" rat="LTE" q="2.00" rsrp="-121" sinr="0" rsrq="-15"/>
        <radio op="I TIM" rat="LTE" q="5.00" rsrp="-120" sinr="5" rsrq="-14"/>
      </extensions>
    </trkpt>
    <trkpt lat="45.8226498" lon="10.8051662">
      <ele>157.0</ele>
      <time>2026-08-23T08:15:58.137+02:00</time>
      <extensions>
        <activity type="IN_VEHICLE" conf="96" state="moving" tsMs="1787465747282"/>
        <radio op="vodafone IT" rat="LTE" q="10.50" rsrp="-110" sinr="2" rsrq="-13"/>
        <radio op="I TIM" rat="LTE" q="28.00" rsrp="-105" sinr="9" rsrq="-13"/>
      </extensions>
    </trkpt>
    <trkpt lat="45.822307" lon="10.804459">
      <ele>159.0</ele>
      <time>2026-08-23T08:16:08.138+02:00</time>
      <extensions>
        <activity type="IN_VEHICLE" conf="98" state="moving" tsMs="1787465765562"/>
        <radio op="vodafone IT" rat="LTE" rsrp="-93" rsrq="-9"/>
        <radio op="I TIM" rat="LTE" q="54.40" rsrp="-93" sinr="12" rsrq="-12"/>
      </extensions>
    </trkpt>
    <trkpt lat="45.8219563" lon="10.8035909">
      <ele>158.0</ele>
      <time>2026-08-23T08:16:18.138+02:00</time>
      <extensions>
        <activity type="IN_VEHICLE" conf="96" state="moving" tsMs="1787465776335"/>
        <radio op="vodafone IT" rat="LTE" q="78.00" rsrp="-86" sinr="15" rsrq="-7"/>
        <radio op="I TIM" rat="LTE" q="66.60" rsrp="-88" sinr="13" rsrq="-11"/>
      </extensions>
    </trkpt>
    <trkpt lat="45.8216765" lon="10.8026956">
      <ele>155.0</ele>
      <time>2026-08-23T08:16:28.137+02:00</time>
      <extensions>
        <activity type="IN_VEHICLE" conf="96" state="moving" tsMs="1787465787056"/>
        <radio op="vodafone IT" rat="LTE" q="79.20" rsrp="-89" sinr="17" rsrq="-6"/>
        <radio op="I TIM" rat="LTE" q="81.90" rsrp="-86" sinr="16" rsrq="-11"/>
      </extensions>
    </trkpt>
    <trkpt lat="45.8216745" lon="10.8015696">
      <ele>155.0</ele>
      <time>2026-08-23T08:16:39.137+02:00</time>
      <extensions>
        <activity type="IN_VEHICLE" conf="96" state="moving" tsMs="1787465797725"/>
        <radio op="vodafone IT" rat="LTE" q="57.80" rsrp="-91" sinr="12" rsrq="-7"/>
        <radio op="I TIM" rat="LTE" q="61.20" rsrp="-91" sinr="13" rsrq="-12"/>
      </extensions>
    </trkpt>
    <trkpt lat="45.8214491" lon="10.800486">
      <ele>155.0</ele>
      <time>2026-08-23T08:16:49.137+02:00</time>
      <extensions>
        <activity type="IN_VEHICLE" conf="96" state="moving" tsMs="1787465808354"/>
        <radio op="vodafone IT" rat="LTE" rsrp="-107" rsrq="-13"/>
        <radio op="I TIM" rat="LTE" rsrp="-111" rsrq="-15"/>
      </extensions>
    </trkpt>
    <trkpt lat="45.8209197" lon="10.7997896">
      <ele>152.0</ele>
      <time>2026-08-23T08:16:59.137+02:00</time>
      <extensions>
        <activity type="IN_VEHICLE" conf="96" state="moving" tsMs="1787465819082"/>
        <radio op="vodafone IT" rat="LTE" q="16.80" rsrp="-97" sinr="1" rsrq="-10"/>
        <radio op="I TIM" rat="LTE" rsrp="-103" rsrq="-17"/>
      </extensions>
    </trkpt>
    <trkpt lat="45.8205229" lon="10.7991454">
      <ele>151.0</ele>
      <time>2026-08-23T08:17:07.137+02:00</time>
      <extensions>
        <activity type="IN_VEHICLE" conf="96" state="moving" tsMs="1787465824451"/>
        <radio op="vodafone IT" rat="LTE" q="59.20" rsrp="-88" sinr="11" rsrq="-8"/>
        <radio op="I TIM" rat="LTE" q="64.00" rsrp="-93" sinr="15" rsrq="-11"/>
      </extensions>
    </trkpt>
    <trkpt lat="45.8198922" lon="10.7979379">
      <ele>154.0</ele>
      <time>2026-08-23T08:17:19.137+02:00</time>
      <extensions>
        <activity type="IN_VEHICLE" conf="96" state="moving" tsMs="1787465835164"/>
        <radio op="vodafone IT" rat="LTE" q="64.00" rsrp="-83" sinr="11" rsrq="-8"/>
        <radio op="I TIM" rat="LTE" q="76.00" rsrp="-84" sinr="14" rsrq="-10"/>
      </extensions>
    </trkpt>
    <trkpt lat="45.8194075" lon="10.7970703">
      <ele>145.0</ele>
      <time>2026-08-23T08:17:29.137+02:00</time>
      <extensions>
        <activity type="IN_VEHICLE" conf="96" state="moving" tsMs="1787465839141"/>
        <radio op="vodafone IT" rat="LTE" q="72.60" rsrp="-92" sinr="17" rsrq="-9"/>
        <radio op="I TIM" rat="LTE" q="55.10" rsrp="-96" sinr="14" rsrq="-12"/>
      </extensions>
    </trkpt>
    <trkpt lat="45.8189093" lon="10.796378">
      <ele>148.0</ele>
      <time>2026-08-23T08:17:39.137+02:00</time>
      <extensions>
        <activity type="IN_VEHICLE" conf="96" state="moving" tsMs="1787465858157"/>
        <radio op="vodafone IT" rat="LTE" q="33.00" rsrp="-95" sinr="6" rsrq="-9"/>
        <radio op="I TIM" rat="LTE" q="39.10" rsrp="-102" sinr="12" rsrq="-9"/>
      </extensions>
    </trkpt>
    <trkpt lat="45.8183323" lon="10.7958237">
      <ele>148.0</ele>
      <time>2026-08-23T08:17:49.137+02:00</time>
      <extensions>
        <activity type="IN_VEHICLE" conf="96" state="moving" tsMs="1787465868901"/>
        <radio op="vodafone IT" rat="LTE" q="96.00" rsrp="-77" sinr="19" rsrq="-7"/>
        <radio op="I TIM" rat="LTE" q="72.00" rsrp="-85" sinr="13" rsrq="-11"/>
      </extensions>
    </trkpt>
    <trkpt lat="45.817737" lon="10.7948881">
      <ele>147.0</ele>
      <time>2026-08-23T08:17:59.137+02:00</time>
      <extensions>
        <activity type="IN_VEHICLE" conf="96" state="moving" tsMs="1787465879619"/>
        <radio op="vodafone IT" rat="LTE" q="92.00" rsrp="-72" sinr="18" rsrq="-6"/>
        <radio op="I TIM" rat="LTE" q="80.00" rsrp="-73" sinr="15" rsrq="-9"/>
      </extensions>
    </trkpt>
    <trkpt lat="45.8169895" lon="10.7930196">
      <ele>150.0</ele>
      <time>2026-08-23T08:18:09.137+02:00</time>
      <extensions>
        <activity type="IN_VEHICLE" conf="96" state="moving" tsMs="1787465885024"/>
        <radio op="vodafone IT" rat="LTE" q="66.00" rsrp="-95" sinr="17" rsrq="-8"/>
        <radio op="I TIM" rat="LTE" q="56.00" rsrp="-90" sinr="11" rsrq="-11"/>
      </extensions>
    </trkpt>
    <trkpt lat="45.8169184" lon="10.7928236">
      <ele>149.0</ele>
      <time>2026-08-23T08:18:10.137+02:00</time>
      <extensions>
        <activity type="IN_VEHICLE" conf="96" state="moving" tsMs="1787465895772"/>
        <radio op="vodafone IT" rat="LTE" q="28.80" rsrp="-107" sinr="11" rsrq="-10"/>
        <radio op="I TIM" rat="LTE" rsrp="-120" rsrq="-13"/>
      </extensions>
    </trkpt>
    <trkpt lat="45.8145789" lon="10.7915075">
      <ele>137.60000610351562</ele>
      <time>2026-08-23T08:18:30.137+02:00</time>
      <extensions>
        <activity type="IN_VEHICLE" conf="96" state="moving" tsMs="1787465906001"/>
        <radio op="vodafone IT" rat="LTE" q="43.20" rsrp="-89" sinr="7" rsrq="-7"/>
        <radio op="I TIM" rat="LTE" q="27.30" rsrp="-104" sinr="8" rsrq="-11"/>
      </extensions>
    </trkpt>
    <trkpt lat="45.8135966" lon="10.7919529">
      <ele>145.0</ele>
      <time>2026-08-23T08:18:40.137+02:00</time>
      <extensions>
        <activity type="IN_VEHICLE" conf="96" state="moving" tsMs="1787465916724"/>
        <radio op="vodafone IT" rat="LTE" q="24.00" rsrp="-80" sinr="1" rsrq="-12"/>
        <radio op="I TIM" rat="LTE" q="16.00" rsrp="-93" sinr="0" rsrq="-12"/>
      </extensions>
    </trkpt>
    <trkpt lat="45.8125054" lon="10.7922931">
      <ele>144.0</ele>
      <time>2026-08-23T08:18:50.137+02:00</time>
      <extensions>
        <activity type="IN_VEHICLE" conf="96" state="moving" tsMs="1787465927452"/>
        <radio op="vodafone IT" rat="LTE" q="60.00" rsrp="-69" sinr="10" rsrq="-8"/>
        <radio op="I TIM" rat="LTE" q="32.00" rsrp="-85" sinr="3" rsrq="-12"/>
      </extensions>
    </trkpt>
    <trkpt lat="45.8114973" lon="10.7920785">
      <ele>146.0</ele>
      <time>2026-08-23T08:19:00.137+02:00</time>
      <extensions>
        <activity type="IN_VEHICLE" conf="96" state="moving" tsMs="1787465938178"/>
        <radio op="vodafone IT" rat="LTE" q="52.00" rsrp="-74" sinr="8" rsrq="-9"/>
        <radio op="I TIM" rat="LTE" rsrp="-91" rsrq="-13"/>
      </extensions>
    </trkpt>
    <trkpt lat="45.8106337" lon="10.7915378">
      <ele>145.0</ele>
      <time>2026-08-23T08:19:10.137+02:00</time>
      <extensions>
        <activity type="IN_VEHICLE" conf="96" state="moving" tsMs="1787465948888"/>
        <radio op="vodafone IT" rat="LTE" q="68.00" rsrp="-84" sinr="12" rsrq="-11"/>
        <radio op="I TIM" rat="LTE" q="34.10" rsrp="-94" sinr="6" rsrq="-12"/>
      </extensions>
    </trkpt>
    <trkpt lat="45.8097707" lon="10.7907673">
      <ele>142.0</ele>
      <time>2026-08-23T08:19:20.137+02:00</time>
      <extensions>
        <activity type="IN_VEHICLE" conf="96" state="moving" tsMs="1787465959628"/>
        <radio op="vodafone IT" rat="LTE" rsrp="-64" rsrq="-13"/>
        <radio op="I TIM" rat="LTE" q="32.00" rsrp="-83" sinr="3" rsrq="-12"/>
      </extensions>
    </trkpt>
    <trkpt lat="45.8090425" lon="10.7901436">
      <ele>140.0</ele>
      <time>2026-08-23T08:19:30.137+02:00</time>
      <extensions>
        <activity type="IN_VEHICLE" conf="96" state="moving" tsMs="1787465969673"/>
        <radio op="vodafone IT" rat="LTE" rsrp="-86" rsrq="-15"/>
        <radio op="I TIM" rat="LTE" rsrp="-94" rsrq="-14"/>
      </extensions>
    </trkpt>
    <trkpt lat="45.8084574" lon="10.7892842">
      <ele>138.0</ele>
      <time>2026-08-23T08:19:40.137+02:00</time>
      <extensions>
        <activity type="IN_VEHICLE" conf="96" state="moving" tsMs="1787465980474"/>
        <radio op="vodafone IT" rat="LTE" q="32.00" rsrp="-84" sinr="3" rsrq="-9"/>
        <radio op="I TIM" rat="LTE" q="31.00" rsrp="-94" sinr="5" rsrq="-12"/>
      </extensions>
    </trkpt>
    <trkpt lat="45.8077594" lon="10.7880411">
      <ele>137.0</ele>
      <time>2026-08-23T08:19:51.137+02:00</time>
      <extensions>
        <activity type="IN_VEHICLE" conf="96" state="moving" tsMs="1787465991236"/>
        <radio op="vodafone IT" rat="LTE" q="48.00" rsrp="-80" sinr="7" rsrq="-8"/>
        <radio op="I TIM" rat="LTE" q="64.00" rsrp="-82" sinr="11" rsrq="-9"/>
      </extensions>
    </trkpt>
    <trkpt lat="45.8067436" lon="10.7874677">
      <ele>135.0</ele>
      <time>2026-08-23T08:20:01.137+02:00</time>
      <extensions>
        <activity type="IN_VEHICLE" conf="96" state="moving" tsMs="1787465996570"/>
        <radio op="vodafone IT" rat="LTE" q="36.00" rsrp="-79" sinr="4" rsrq="-9"/>
        <radio op="I TIM" rat="LTE" q="70.30" rsrp="-88" sinr="14" rsrq="-12"/>
      </extensions>
    </trkpt>
    <trkpt lat="45.8055304" lon="10.7873507">
      <ele>134.0</ele>
      <time>2026-08-23T08:20:11.137+02:00</time>
      <extensions>
        <activity type="IN_VEHICLE" conf="96" state="moving" tsMs="1787466007254"/>
        <radio op="vodafone IT" rat="LTE" q="18.50" rsrp="-88" sinr="0" rsrq="-11"/>
        <radio op="I TIM" rat="LTE" q="72.00" rsrp="-82" sinr="13" rsrq="-8"/>
      </extensions>
    </trkpt>
    <trkpt lat="45.8043863" lon="10.7874333">
      <ele>132.0</ele>
      <time>2026-08-23T08:20:21.137+02:00</time>
      <extensions>
        <activity type="IN_VEHICLE" conf="96" state="moving" tsMs="1787466018010"/>
        <radio op="vodafone IT" rat="LTE" q="32.00" rsrp="-85" sinr="3" rsrq="-9"/>
        <radio op="I TIM" rat="LTE" q="72.00" rsrp="-78" sinr="13" rsrq="-11"/>
      </extensions>
    </trkpt>
    <trkpt lat="45.8032434" lon="10.7870836">
      <ele>132.0</ele>
      <time>2026-08-23T08:20:31.137+02:00</time>
      <extensions>
        <activity type="IN_VEHICLE" conf="99" state="moving" tsMs="1787466028765"/>
        <radio op="vodafone IT" rat="LTE" q="40.80" rsrp="-91" sinr="7" rsrq="-10"/>
        <radio op="I TIM" rat="LTE" q="35.00" rsrp="-100" sinr="9" rsrq="-11"/>
      </extensions>
    </trkpt>
    <trkpt lat="45.8020962" lon="10.7865657">
      <ele>130.0</ele>
      <time>2026-08-23T08:20:41.137+02:00</time>
      <extensions>
        <activity type="IN_VEHICLE" conf="96" state="moving" tsMs="1787466039476"/>
        <radio op="vodafone IT" rat="LTE" q="16.00" rsrp="-93" sinr="0" rsrq="-10"/>
        <radio op="I TIM" rat="LTE" q="26.40" rsrp="-103" sinr="7" rsrq="-13"/>
      </extensions>
    </trkpt>
    <trkpt lat="45.8011761" lon="10.7856971">
      <ele>131.0</ele>
      <time>2026-08-23T08:20:51.137+02:00</time>
      <extensions>
        <activity type="IN_VEHICLE" conf="96" state="moving" tsMs="1787466050176"/>
        <radio op="vodafone IT" rat="LTE" q="28.80" rsrp="-93" sinr="4" rsrq="-11"/>
        <radio op="I TIM" rat="LTE" rsrp="-102" rsrq="-11"/>
      </extensions>
    </trkpt>
    <trkpt lat="45.8006219" lon="10.7845647">
      <ele>129.0</ele>
      <time>2026-08-23T08:21:01.137+02:00</time>
      <extensions>
        <activity type="IN_VEHICLE" conf="96" state="moving" tsMs="1787466060877"/>
        <radio op="vodafone IT" rat="LTE" q="19.60" rsrp="-97" sinr="2" rsrq="-12"/>
        <radio op="I TIM" rat="LTE" q="18.40" rsrp="-102" sinr="3" rsrq="-16"/>
      </extensions>
    </trkpt>
    <trkpt lat="45.8001201" lon="10.7833813">
      <ele>126.0</ele>
      <time>2026-08-23T08:21:11.137+02:00</time>
      <extensions>
        <activity type="IN_VEHICLE" conf="96" state="moving" tsMs="1787466071572"/>
        <radio op="vodafone IT" rat="LTE" q="14.00" rsrp="-105" sinr="2" rsrq="-11"/>
        <radio op="I TIM" rat="LTE" rsrp="-116" rsrq="-20"/>
      </extensions>
    </trkpt>
    <trkpt lat="45.7994959" lon="10.7832684">
      <ele>124.0</ele>
      <time>2026-08-23T08:21:17.137+02:00</time>
      <extensions>
        <activity type="IN_VEHICLE" conf="96" state="moving" tsMs="1787466076988"/>
        <radio op="vodafone IT" rat="LTE" q="13.20" rsrp="-103" sinr="1" rsrq="-12"/>
        <radio op="I TIM" rat="LTE" rsrp="-124" rsrq="-19"/>
      </extensions>
    </trkpt>
    <trkpt lat="45.7977443" lon="10.7828724">
      <ele>122.0</ele>
      <time>2026-08-23T08:21:32.137+02:00</time>
      <extensions>
        <activity type="IN_VEHICLE" conf="99" state="moving" tsMs="1787466087701"/>
        <radio op="vodafone IT" rat="LTE" q="15.00" rsrp="-100" sinr="1" rsrq="-10"/>
        <radio op="I TIM" rat="LTE" q="7.20" rsrp="-117" sinr="4" rsrq="-9"/>
      </extensions>
    </trkpt>
    <trkpt lat="45.7966649" lon="10.7828656">
      <ele>122.0</ele>
      <time>2026-08-23T08:21:42.137+02:00</time>
      <extensions>
        <activity type="IN_VEHICLE" conf="96" state="moving" tsMs="1787466098403"/>
        <radio op="vodafone IT" rat="LTE" q="26.40" rsrp="-92" sinr="3" rsrq="-11"/>
        <radio op="I TIM" rat="LTE" q="30.80" rsrp="-103" sinr="9" rsrq="-5"/>
      </extensions>
    </trkpt>
    <trkpt lat="45.7957125" lon="10.7825935">
      <ele>122.0</ele>
      <time>2026-08-23T08:21:52.137+02:00</time>
      <extensions>
        <activity type="IN_VEHICLE" conf="96" state="moving" tsMs="1787466109114"/>
        <radio op="vodafone IT" rat="LTE" rsrp="-91" rsrq="-9"/>
        <radio op="I TIM" rat="LTE" q="25.20" rsrp="-111" sinr="13" rsrq="-7"/>
      </extensions>
    </trkpt>
    <trkpt lat="45.7946861" lon="10.782084">
      <ele>122.0</ele>
      <time>2026-08-23T08:22:02.137+02:00</time>
      <extensions>
        <activity type="IN_VEHICLE" conf="96" state="moving" tsMs="1787466119864"/>
        <radio op="vodafone IT" rat="LTE" rsrp="-93" rsrq="-11"/>
        <radio op="I TIM" rat="LTE" q="16.50" rsrp="-114" sinr="10" rsrq="-7"/>
      </extensions>
    </trkpt>
    <trkpt lat="45.7937809" lon="10.7811424">
      <ele>119.0</ele>
      <time>2026-08-23T08:22:12.137+02:00</time>
      <extensions>
        <activity type="IN_VEHICLE" conf="96" state="moving" tsMs="1787466130586"/>
        <radio op="vodafone IT" rat="LTE" q="19.20" rsrp="-93" sinr="1" rsrq="-10"/>
        <radio op="I TIM" rat="LTE" rsrp="-116" rsrq="-9"/>
      </extensions>
    </trkpt>
    <trkpt lat="45.7926774" lon="10.7802098">
      <ele>118.0</ele>
      <time>2026-08-23T08:22:22.137+02:00</time>
      <extensions>
        <activity type="IN_VEHICLE" conf="96" state="moving" tsMs="1787466141354"/>
        <radio op="vodafone IT" rat="LTE" q="33.60" rsrp="-101" sinr="9" rsrq="-10"/>
        <radio op="I TIM" rat="LTE" rsrp="-111" rsrq="-19"/>
      </extensions>
    </trkpt>
    <trkpt lat="45.792544" lon="10.7801543">
      <ele>117.0</ele>
      <time>2026-08-23T08:22:23.137+02:00</time>
      <extensions>
        <activity type="IN_VEHICLE" conf="96" state="moving" tsMs="1787466152086"/>
        <radio op="vodafone IT" rat="LTE" rsrp="-124" rsrq="-16"/>
        <radio op="I TIM" rat="LTE" rsrp="-136" rsrq="-23"/>
      </extensions>
    </trkpt>
    <trkpt lat="45.792544" lon="10.7801543">
      <ele>128.9801931528986</ele>
      <time>2026-08-23T08:22:33.422+02:00</time>
      <extensions>
        <activity type="IN_VEHICLE" conf="96" state="moving" tsMs="1787466152086"/>
        <radio op="vodafone IT" rat="LTE" rsrp="-118" rsrq="-17"/>
        <radio op="I TIM" rat="LTE" rsrp="-136" rsrq="-23"/>
      </extensions>
    </trkpt>
    <trkpt lat="45.792544" lon="10.7801543">
      <ele>127.1994142683445</ele>
      <time>2026-08-23T08:22:53.463+02:00</time>
      <extensions>
        <activity type="IN_VEHICLE" conf="95" state="moving" tsMs="1787466156885"/>
        <radio op="vodafone IT" rat="LTE" rsrp="-101" rsrq="-12"/>
        <radio op="I TIM" rat="LTE" q="7.20" rsrp="-119" sinr="7" rsrq="-12"/>
      </extensions>
    </trkpt>
    <trkpt lat="45.792544" lon="10.7801543">
      <ele>125.5</ele>
      <time>2026-08-23T08:23:14.403+02:00</time>
      <extensions>
        <activity type="IN_VEHICLE" conf="96" state="moving" tsMs="1787466199930"/>
        <radio op="vodafone IT" rat="LTE" rsrp="-82" rsrq="-12"/>
        <radio op="I TIM" rat="LTE" rsrp="-131" rsrq="-17"/>
      </extensions>
    </trkpt>
    <trkpt lat="45.7843326" lon="10.7775284">
      <ele>120.0</ele>
      <time>2026-08-23T08:23:33.136+02:00</time>
      <extensions>
        <activity type="IN_VEHICLE" conf="96" state="moving" tsMs="1787466210617"/>
        <radio op="vodafone IT" rat="LTE" rsrp="-99" rsrq="-16"/>
        <radio op="I TIM" rat="LTE" q="6.00" rsrp="-113" sinr="0" rsrq="-14"/>
      </extensions>
    </trkpt>
    <trkpt lat="45.7830915" lon="10.7775436">
      <ele>121.0</ele>
      <time>2026-08-23T08:23:43.137+02:00</time>
      <extensions>
        <activity type="IN_VEHICLE" conf="96" state="moving" tsMs="1787466221304"/>
        <radio op="vodafone IT" rat="LTE" q="27.00" rsrp="-95" sinr="4" rsrq="-13"/>
        <radio op="I TIM" rat="LTE" q="26.60" rsrp="-106" sinr="9" rsrq="-13"/>
      </extensions>
    </trkpt>
    <trkpt lat="45.7817306" lon="10.7769339">
      <ele>125.0</ele>
      <time>2026-08-23T08:23:53.136+02:00</time>
      <extensions>
        <activity type="IN_VEHICLE" conf="96" state="moving" tsMs="1787466232069"/>
        <radio op="vodafone IT" rat="LTE" q="40.30" rsrp="-94" sinr="8" rsrq="-14"/>
        <radio op="I TIM" rat="LTE" rsrp="-110" rsrq="-18"/>
      </extensions>
    </trkpt>
    <trkpt lat="45.7812044" lon="10.7752876">
      <ele>133.0</ele>
      <time>2026-08-23T08:24:03.136+02:00</time>
      <extensions>
        <activity type="IN_VEHICLE" conf="97" state="moving" tsMs="1787466242798"/>
        <radio op="vodafone IT" rat="LTE" rsrp="-92" rsrq="-11"/>
        <radio op="I TIM" rat="LTE" rsrp="-108" rsrq="-18"/>
      </extensions>
    </trkpt>
    <trkpt lat="45.7803641" lon="10.7739323">
      <ele>118.0</ele>
      <time>2026-08-23T08:24:13.136+02:00</time>
      <extensions>
        <activity type="IN_VEHICLE" conf="98" state="moving" tsMs="1787466253483"/>
        <radio op="vodafone IT" rat="LTE" q="39.60" rsrp="-92" sinr="7" rsrq="-12"/>
        <radio op="I TIM" rat="LTE" q="34.20" rsrp="-107" sinr="14" rsrq="-5"/>
      </extensions>
    </trkpt>
    <trkpt lat="45.7793691" lon="10.7728347">
      <ele>109.0</ele>
      <time>2026-08-23T08:24:23.136+02:00</time>
      <extensions>
        <activity type="IN_VEHICLE" conf="94" state="moving" tsMs="1787466258829"/>
        <radio op="vodafone IT" rat="LTE" rsrp="-107" rsrq="-11"/>
        <radio op="I TIM" rat="LTE" rsrp="-113" rsrq="-8"/>
      </extensions>
    </trkpt>
    <trkpt lat="45.7781993" lon="10.7710371">
      <ele>105.0</ele>
      <time>2026-08-23T08:24:34.136+02:00</time>
      <extensions>
        <activity type="IN_VEHICLE" conf="94" state="moving" tsMs="1787466258829"/>
        <radio op="vodafone IT" rat="LTE" rsrp="-93" rsrq="-13"/>
        <radio op="I TIM" rat="LTE" rsrp="-108" rsrq="-17"/>
      </extensions>
    </trkpt>
    <trkpt lat="45.7772784" lon="10.7697247">
      <ele>102.0</ele>
      <time>2026-08-23T08:24:43.136+02:00</time>
      <extensions>
        <activity type="IN_VEHICLE" conf="95" state="moving" tsMs="1787466263802"/>
        <radio op="vodafone IT" rat="LTE" rsrp="-114" rsrq="-16"/>
        <radio op="I TIM" rat="LTE" rsrp="-108" rsrq="-15"/>
      </extensions>
    </trkpt>
    <trkpt lat="45.7762529" lon="10.7685437">
      <ele>106.0</ele>
      <time>2026-08-23T08:24:52.136+02:00</time>
      <extensions>
        <activity type="IN_VEHICLE" conf="96" state="moving" tsMs="1787466291163"/>
        <radio op="vodafone IT" rat="LTE" q="11.50" rsrp="-102" sinr="0" rsrq="-13"/>
        <radio op="I TIM" rat="LTE" q="5.40" rsrp="-116" sinr="1" rsrq="-8"/>
      </extensions>
    </trkpt>
    <trkpt lat="45.7762529" lon="10.7685437">
      <ele>127.38740233439712</ele>
      <time>2026-08-23T08:25:02.357+02:00</time>
      <extensions>
        <activity type="IN_VEHICLE" conf="96" state="moving" tsMs="1787466301945"/>
        <radio op="vodafone IT" rat="LTE" q="27.30" rsrp="-86" sinr="2" rsrq="-10"/>
        <radio op="I TIM" rat="LTE" rsrp="-136" rsrq="-23"/>
      </extensions>
    </trkpt>
    <trkpt lat="45.7613127" lon="10.7530574">
      <ele>129.0</ele>
      <time>2026-08-23T08:27:16.137+02:00</time>
      <extensions>
        <activity type="IN_VEHICLE" conf="96" state="moving" tsMs="1787466441429"/>
        <radio op="vodafone IT" rat="LTE" rsrp="-123" rsrq="-15"/>
        <radio op="I TIM" rat="LTE" rsrq="-20"/>
      </extensions>
    </trkpt>
    <trkpt lat="45.7613127" lon="10.7530574">
      <ele>140.4453290010603</ele>
      <time>2026-08-23T08:27:26.383+02:00</time>
      <extensions>
        <activity type="IN_VEHICLE" conf="96" state="moving" tsMs="1787466451963"/>
        <radio op="vodafone IT" rat="LTE" rsrp="-123" rsrq="-15"/>
        <radio op="I TIM" rat="LTE" rsrq="-20"/>
      </extensions>
    </trkpt>
    <trkpt lat="45.7693843" lon="10.7599164">
      <ele>123.82574614097948</ele>
      <time>2026-08-23T08:28:27.162+02:00</time>
      <extensions>
        <activity type="IN_VEHICLE" conf="96" state="moving" tsMs="1787466533412"/>
        <radio op="vodafone IT" rat="LTE" rsrq="-20"/>
        <radio op="I TIM" rat="WCDMA"/>
      </extensions>
    </trkpt>
    <trkpt lat="45.7693843" lon="10.7599164">
      <ele>118.87693195291453</ele>
      <time>2026-08-23T08:28:47.884+02:00</time>
      <extensions>
        <activity type="IN_VEHICLE" conf="96" state="moving" tsMs="1787466544097"/>
        <radio op="vodafone IT" rat="LTE" rsrq="-20"/>
        <radio op="I TIM" rat="WCDMA"/>
      </extensions>
    </trkpt>
    <trkpt lat="45.7527539" lon="10.7496557">
      <ele>114.0</ele>
      <time>2026-08-23T08:29:47.137+02:00</time>
      <extensions>
        <activity type="IN_VEHICLE" conf="98" state="moving" tsMs="1787466585607"/>
        <radio op="vodafone IT" rat="LTE" rsrq="-20"/>
        <radio op="I TIM" rat="WCDMA"/>
      </extensions>
    </trkpt>
    <trkpt lat="45.7531633" lon="10.7497484">
      <ele>116.0</ele>
      <time>2026-08-23T08:29:57.136+02:00</time>
      <extensions>
        <activity type="IN_VEHICLE" conf="96" state="moving" tsMs="1787466596293"/>
        <radio op="vodafone IT" rat="LTE" rsrq="-20"/>
        <radio op="I TIM" rat="WCDMA"/>
      </extensions>
    </trkpt>
    <trkpt lat="45.7535953" lon="10.7501149">
      <ele>118.0</ele>
      <time>2026-08-23T08:30:07.136+02:00</time>
      <extensions>
        <activity type="IN_VEHICLE" conf="96" state="moving" tsMs="1787466606937"/>
        <radio op="vodafone IT" rat="LTE" rsrq="-20"/>
        <radio op="I TIM" rat="WCDMA"/>
      </extensions>
    </trkpt>
    <trkpt lat="45.7536406" lon="10.7504748">
      <ele>117.0</ele>
      <time>2026-08-23T08:30:17.136+02:00</time>
      <extensions>
        <activity type="IN_VEHICLE" conf="97" state="moving" tsMs="1787466617689"/>
        <radio op="vodafone IT" rat="LTE" rsrp="-111" rsrq="-12"/>
        <radio op="I TIM" rat="LTE" q="10.20" rsrp="-108" sinr="1" rsrq="-15"/>
      </extensions>
    </trkpt>
    <trkpt lat="45.7537794" lon="10.7506556">
      <ele>115.0</ele>
      <time>2026-08-23T08:30:27.136+02:00</time>
      <extensions>
        <activity type="IN_VEHICLE" conf="96" state="moving" tsMs="1787466623050"/>
        <radio op="vodafone IT" rat="LTE" q="6.50" rsrp="-112" sinr="0" rsrq="-12"/>
        <radio op="I TIM" rat="LTE" rsrp="-107" rsrq="-15"/>
      </extensions>
    </trkpt>
    <trkpt lat="45.7537817" lon="10.7508057">
      <ele>114.0</ele>
      <time>2026-08-23T08:30:38.136+02:00</time>
      <extensions>
        <activity type="IN_VEHICLE" conf="96" state="moving" tsMs="1787466633692"/>
        <radio op="vodafone IT" rat="LTE" q="5.00" rsrp="-115" sinr="0" rsrq="-13"/>
        <radio op="I TIM" rat="LTE" rsrp="-107" rsrq="-14"/>
      </extensions>
    </trkpt>
    <trkpt lat="45.7537203" lon="10.750884">
      <ele>113.0</ele>
      <time>2026-08-23T08:30:48.137+02:00</time>
      <extensions>
        <activity type="IN_VEHICLE" conf="96" state="moving" tsMs="1787466644442"/>
        <radio op="vodafone IT" rat="LTE" q="7.50" rsrp="-110" sinr="0" rsrq="-12"/>
        <radio op="I TIM" rat="LTE" rsrp="-107" rsrq="-15"/>
      </extensions>
    </trkpt>
    <trkpt lat="45.7537203" lon="10.750884">
      <ele>113.0</ele>
      <time>2026-08-23T08:30:58.136+02:00</time>
      <extensions>
        <activity type="TILTING" conf="100" state="moving" tsMs="1787466652983"/>
        <radio op="vodafone IT" rat="LTE" rsrp="-116" rsrq="-13"/>
        <radio op="I TIM" rat="LTE" rsrp="-109" rsrq="-16"/>
      </extensions>
    </trkpt>
    <trkpt lat="45.7537406" lon="10.7509233">
      <ele>117.04223607997446</ele>
      <time>2026-08-23T08:31:32.136+02:00</time>
      <extensions>
        <activity type="STILL" conf="30" state="still" tsMs="1787466699215"/>
        <radio op="vodafone IT" rat="LTE" rsrp="-108" rsrq="-17"/>
        <radio op="I TIM" rat="LTE" q="6.00" rsrp="-115" sinr="1" rsrq="-14"/>
      </extensions>
    </trkpt>
    <trkpt lat="45.7537466" lon="10.7508364">
      <ele>128.0</ele>
      <time>2026-08-23T08:32:07.136+02:00</time>
      <extensions>
        <activity type="UNKNOWN" conf="40" state="unknown" tsMs="1787466719635"/>
        <radio op="vodafone IT" rat="LTE" rsrp="-114" rsrq="-14"/>
        <radio op="I TIM" rat="LTE" rsrp="-113" rsrq="-16"/>
      </extensions>
    </trkpt>
    <trkpt lat="45.7537539" lon="10.750887">
      <ele>128.0</ele>
      <time>2026-08-23T08:32:48.136+02:00</time>
      <extensions>
        <activity type="STILL" conf="100" state="still" tsMs="1787466765916"/>
        <radio op="vodafone IT" rat="LTE" q="9.00" rsrp="-110" sinr="1" rsrq="-13"/>
        <radio op="I TIM" rat="LTE" rsrp="-116" rsrq="-16"/>
      </extensions>
    </trkpt>
    <trkpt lat="45.7536877" lon="10.7509175">
      <ele>116.90104929446468</ele>
      <time>2026-08-23T08:33:33.135+02:00</time>
      <extensions>
        <activity type="STILL" conf="100" state="still" tsMs="1787466809032"/>
        <radio op="vodafone IT" rat="LTE" rsrp="-111" rsrq="-15"/>
        <radio op="I TIM" rat="LTE" rsrp="-115" rsrq="-16"/>
      </extensions>
    </trkpt>
    <trkpt lat="45.7536898" lon="10.7508799">
      <ele>115.71418799525296</ele>
      <time>2026-08-23T08:36:33.164+02:00</time>
      <extensions>
        <activity type="ON_FOOT" conf="93" state="moving" tsMs="1787466980030"/>
        <radio op="vodafone IT" rat="LTE" rsrp="-113" rsrq="-15"/>
        <radio op="I TIM" rat="LTE" rsrp="-116" rsrq="-15"/>
      </extensions>
    </trkpt>
    <trkpt lat="45.7535918" lon="10.750899">
      <ele>117.4000015258789</ele>
      <time>2026-08-23T08:36:43.138+02:00</time>
      <extensions>
        <activity type="ON_FOOT" conf="93" state="moving" tsMs="1787466980030"/>
        <radio op="vodafone IT" rat="LTE" rsrp="-109" rsrq="-12"/>
        <radio op="I TIM" rat="LTE" rsrp="-113" rsrq="-16"/>
      </extensions>
    </trkpt>
    <trkpt lat="45.7535594" lon="10.7509483">
      <ele>117.4000015258789</ele>
      <time>2026-08-23T08:36:53.439+02:00</time>
      <extensions>
        <activity type="UNKNOWN" conf="40" state="unknown" tsMs="1787466995926"/>
        <radio op="vodafone IT" rat="LTE" q="14.00" rsrp="-105" sinr="2" rsrq="-13"/>
        <radio op="I TIM" rat="LTE" rsrp="-110" rsrq="-15"/>
      </extensions>
    </trkpt>
    <trkpt lat="45.7536547" lon="10.7510735">
      <ele>117.4000015258789</ele>
      <time>2026-08-23T08:37:03.496+02:00</time>
      <extensions>
        <activity type="UNKNOWN" conf="40" state="unknown" tsMs="1787467012321"/>
        <radio op="vodafone IT" rat="LTE" rsrp="-103" rsrq="-13"/>
        <radio op="I TIM" rat="LTE" q="8.40" rsrp="-113" sinr="2" rsrq="-8"/>
      </extensions>
    </trkpt>
    <trkpt lat="45.7537477" lon="10.7511492">
      <ele>117.9000015258789</ele>
      <time>2026-08-23T08:37:13.839+02:00</time>
      <extensions>
        <activity type="UNKNOWN" conf="40" state="unknown" tsMs="1787467012321"/>
        <radio op="vodafone IT" rat="LTE" q="11.40" rsrp="-106" sinr="1" rsrq="-11"/>
        <radio op="I TIM" rat="LTE" q="6.00" rsrp="-119" sinr="5" rsrq="-9"/>
      </extensions>
    </trkpt>
    <trkpt lat="45.7538346" lon="10.7511626">
      <ele>117.5</ele>
      <time>2026-08-23T08:37:23.58+02:00</time>
      <extensions>
        <activity type="ON_FOOT" conf="77" state="moving" tsMs="1787467027821"/>
        <radio op="vodafone IT" rat="LTE" q="9.80" rsrp="-111" sinr="2" rsrq="-11"/>
        <radio op="I TIM" rat="LTE" rsrp="-117" rsrq="-9"/>
      </extensions>
    </trkpt>
    <trkpt lat="45.7538971" lon="10.7511655">
      <ele>117.4000015258789</ele>
      <time>2026-08-23T08:37:33.135+02:00</time>
      <extensions>
        <activity type="UNKNOWN" conf="40" state="unknown" tsMs="1787467043073"/>
        <radio op="vodafone IT" rat="LTE" q="28.80" rsrp="-101" sinr="7" rsrq="-8"/>
        <radio op="I TIM" rat="LTE" q="19.50" rsrp="-110" sinr="8" rsrq="-7"/>
      </extensions>
    </trkpt>
    <trkpt lat="45.7538959" lon="10.7511646">
      <ele>117.5</ele>
      <time>2026-08-23T08:37:43.135+02:00</time>
      <extensions>
        <activity type="UNKNOWN" conf="40" state="unknown" tsMs="1787467043073"/>
        <radio op="vodafone IT" rat="LTE" q="35.10" rsrp="-98" sinr="8" rsrq="-10"/>
        <radio op="I TIM" rat="LTE" q="11.00" rsrp="-103" sinr="0" rsrq="-6"/>
      </extensions>
    </trkpt>
    <trkpt lat="45.7538965" lon="10.7511627">
      <ele>117.5</ele>
      <time>2026-08-23T08:37:46.135+02:00</time>
      <extensions>
        <activity type="UNKNOWN" conf="40" state="unknown" tsMs="1787467059920"/>
        <radio op="vodafone IT" rat="LTE" rsrp="-104" rsrq="-14"/>
        <radio op="I TIM" rat="LTE" rsrp="-101" rsrq="-16"/>
      </extensions>
    </trkpt>
    <trkpt lat="45.7544708" lon="10.7512608">
      <ele>117.4000015258789</ele>
      <time>2026-08-23T08:38:49.692+02:00</time>
      <extensions>
        <activity type="UNKNOWN" conf="40" state="unknown" tsMs="1787467129471"/>
        <radio op="vodafone IT" rat="LTE" q="30.80" rsrp="-97" sinr="6" rsrq="-8"/>
        <radio op="I TIM" rat="LTE" q="26.40" rsrp="-101" sinr="6" rsrq="-9"/>
      </extensions>
    </trkpt>
    <trkpt lat="45.7540015" lon="10.7511739">
      <ele>117.4000015258789</ele>
      <time>2026-08-23T08:39:45.065+02:00</time>
      <extensions>
        <activity type="UNKNOWN" conf="40" state="unknown" tsMs="1787467179084"/>
        <radio op="vodafone IT" rat="LTE" q="22.50" rsrp="-100" sinr="4" rsrq="-12"/>
        <radio op="I TIM" rat="LTE" q="33.00" rsrp="-103" sinr="10" rsrq="-8"/>
      </extensions>
    </trkpt>
    <trkpt lat="45.754242" lon="10.7512793">
      <ele>117.4000015258789</ele>
      <time>2026-08-23T08:40:49.445+02:00</time>
      <extensions>
        <activity type="UNKNOWN" conf="40" state="unknown" tsMs="1787467230491"/>
        <radio op="vodafone IT" rat="LTE" q="17.60" rsrp="-103" sinr="3" rsrq="-11"/>
        <radio op="I TIM" rat="LTE" q="26.00" rsrp="-99" sinr="5" rsrq="-6"/>
      </extensions>
    </trkpt>
    <trkpt lat="45.7540128" lon="10.7511854">
      <ele>117.5</ele>
      <time>2026-08-23T08:41:20.416+02:00</time>
      <extensions>
        <activity type="UNKNOWN" conf="40" state="unknown" tsMs="1787467252842"/>
        <radio op="vodafone IT" rat="LTE" q="26.00" rsrp="-99" sinr="5" rsrq="-9"/>
        <radio op="I TIM" rat="LTE" q="26.40" rsrp="-101" sinr="6" rsrq="-10"/>
      </extensions>
    </trkpt>
    <trkpt lat="45.7543144" lon="10.7509945">
      <ele>117.4000015258789</ele>
      <time>2026-08-23T08:42:08.655+02:00</time>
      <extensions>
        <activity type="UNKNOWN" conf="40" state="unknown" tsMs="1787467328093"/>
        <radio op="vodafone IT" rat="LTE" q="25.00" rsrp="-100" sinr="5" rsrq="-9"/>
        <radio op="I TIM" rat="LTE" q="19.80" rsrp="-103" sinr="4" rsrq="-9"/>
      </extensions>
    </trkpt>
    <trkpt lat="45.754512" lon="10.7511014">
      <ele>117.30000305175781</ele>
      <time>2026-08-23T08:42:40.127+02:00</time>
      <extensions>
        <activity type="STILL" conf="96" state="still" tsMs="1787467355425"/>
        <radio op="vodafone IT" rat="LTE" q="24.00" rsrp="-101" sinr="5" rsrq="-10"/>
        <radio op="I TIM" rat="LTE" q="25.30" rsrp="-102" sinr="6" rsrq="-9"/>
      </extensions>
    </trkpt>
    <trkpt lat="45.7544038" lon="10.7512309">
      <ele>117.4000015258789</ele>
      <time>2026-08-23T08:43:25.502+02:00</time>
      <extensions>
        <activity type="STILL" conf="45" state="still" tsMs="1787467400093"/>
        <radio op="vodafone IT" rat="LTE" q="23.00" rsrp="-102" sinr="5" rsrq="-10"/>
        <radio op="I TIM" rat="LTE" q="17.60" rsrp="-103" sinr="3" rsrq="-7"/>
      </extensions>
    </trkpt>
    <trkpt lat="45.7544097" lon="10.7511007">
      <ele>117.30000305175781</ele>
      <time>2026-08-23T08:44:20.105+02:00</time>
      <extensions>
        <activity type="UNKNOWN" conf="40" state="unknown" tsMs="1787467456093"/>
        <radio op="vodafone IT" rat="LTE" q="18.40" rsrp="-102" sinr="3" rsrq="-11"/>
        <radio op="I TIM" rat="LTE" q="21.00" rsrp="-104" sinr="5" rsrq="-8"/>
      </extensions>
    </trkpt>
    <trkpt lat="45.7541204" lon="10.7511429">
      <ele>117.4000015258789</ele>
      <time>2026-08-23T08:44:51.298+02:00</time>
      <extensions>
        <activity type="UNKNOWN" conf="40" state="unknown" tsMs="1787467487817"/>
        <radio op="vodafone IT" rat="LTE" q="25.00" rsrp="-100" sinr="5" rsrq="-9"/>
        <radio op="I TIM" rat="LTE" q="13.60" rsrp="-108" sinr="3" rsrq="-12"/>
      </extensions>
    </trkpt>
    <trkpt lat="45.7542426" lon="10.7512198">
      <ele>117.4000015258789</ele>
      <time>2026-08-23T08:45:28.72+02:00</time>
      <extensions>
        <activity type="STILL" conf="53" state="still" tsMs="1787467525086"/>
        <radio op="vodafone IT" rat="LTE" rsrp="-104" rsrq="-12"/>
        <radio op="I TIM" rat="LTE" q="37.50" rsrp="-100" sinr="10" rsrq="-8"/>
      </extensions>
    </trkpt>
    <trkpt lat="45.7544107" lon="10.7513469">
      <ele>117.4000015258789</ele>
      <time>2026-08-23T08:46:11.559+02:00</time>
      <extensions>
        <activity type="UNKNOWN" conf="40" state="unknown" tsMs="1787467566162"/>
        <radio op="vodafone IT" rat="LTE" q="20.00" rsrp="-100" sinr="3" rsrq="-11"/>
        <radio op="I TIM" rat="LTE" q="17.10" rsrp="-106" sinr="4" rsrq="-11"/>
      </extensions>
    </trkpt>
    <trkpt lat="45.7539032" lon="10.7511561">
      <ele>117.4000015258789</ele>
      <time>2026-08-23T08:46:56.137+02:00</time>
      <extensions>
        <activity type="UNKNOWN" conf="40" state="unknown" tsMs="1787467614656"/>
        <radio op="vodafone IT" rat="LTE" rsrp="-104" rsrq="-13"/>
        <radio op="I TIM" rat="LTE" q="19.20" rsrp="-101" sinr="3" rsrq="-10"/>
      </extensions>
    </trkpt>
    <trkpt lat="45.7543696" lon="10.7513431">
      <ele>117.4000015258789</ele>
      <time>2026-08-23T08:47:32.662+02:00</time>
      <extensions>
        <activity type="UNKNOWN" conf="40" state="unknown" tsMs="1787467651752"/>
        <radio op="vodafone IT" rat="LTE" rsrp="-106" rsrq="-13"/>
        <radio op="I TIM" rat="LTE" q="30.00" rsrp="-100" sinr="7" rsrq="-6"/>
      </extensions>
    </trkpt>
    <trkpt lat="45.7540265" lon="10.7511669">
      <ele>117.4000015258789</ele>
      <time>2026-08-23T08:48:04.047+02:00</time>
      <extensions>
        <activity type="STILL" conf="99" state="still" tsMs="1787467680682"/>
        <radio op="vodafone IT" rat="LTE" rsrp="-108" rsrq="-14"/>
        <radio op="I TIM" rat="LTE" q="24.00" rsrp="-101" sinr="5" rsrq="-8"/>
      </extensions>
    </trkpt>
    <trkpt lat="45.7544915" lon="10.7512802">
      <ele>117.4000015258789</ele>
      <time>2026-08-23T08:48:35.398+02:00</time>
      <extensions>
        <activity type="STILL" conf="40" state="still" tsMs="1787467711780"/>
        <radio op="vodafone IT" rat="LTE" q="13.20" rsrp="-103" sinr="1" rsrq="-11"/>
        <radio op="I TIM" rat="LTE" q="22.00" rsrp="-103" sinr="5" rsrq="-9"/>
      </extensions>
    </trkpt>
    <trkpt lat="45.7538946" lon="10.7511327">
      <ele>117.4000015258789</ele>
      <time>2026-08-23T08:49:06.139+02:00</time>
      <extensions>
        <activity type="UNKNOWN" conf="40" state="unknown" tsMs="1787467737703"/>
        <radio op="vodafone IT" rat="LTE" q="16.80" rsrp="-104" sinr="3" rsrq="-12"/>
        <radio op="I TIM" rat="LTE" q="13.80" rsrp="-102" sinr="1" rsrq="-9"/>
      </extensions>
    </trkpt>
    <trkpt lat="45.7538758" lon="10.7511364">
      <ele>117.4000015258789</ele>
      <time>2026-08-23T08:49:16.137+02:00</time>
      <extensions>
        <activity type="UNKNOWN" conf="40" state="unknown" tsMs="1787467743908"/>
        <radio op="vodafone IT" rat="LTE" q="12.50" rsrp="-100" sinr="0" rsrq="-13"/>
        <radio op="I TIM" rat="LTE" q="20.70" rsrp="-102" sinr="4" rsrq="-7"/>
      </extensions>
    </trkpt>
    <trkpt lat="45.7538732" lon="10.7511406">
      <ele>117.4000015258789</ele>
      <time>2026-08-23T08:49:26.173+02:00</time>
      <extensions>
        <activity type="UNKNOWN" conf="40" state="unknown" tsMs="1787467743908"/>
        <radio op="vodafone IT" rat="LTE" rsrp="-101" rsrq="-12"/>
        <radio op="I TIM" rat="LTE" rsrp="-103" rsrq="-11"/>
      </extensions>
    </trkpt>
    <trkpt lat="45.7538704" lon="10.7511426">
      <ele>117.4000015258789</ele>
      <time>2026-08-23T08:49:36.137+02:00</time>
      <extensions>
        <activity type="UNKNOWN" conf="40" state="unknown" tsMs="1787467760799"/>
        <radio op="vodafone IT" rat="LTE" rsrp="-104" rsrq="-13"/>
        <radio op="I TIM" rat="LTE" rsrp="-99" rsrq="-15"/>
      </extensions>
    </trkpt>
    <trkpt lat="45.7538704" lon="10.751143">
      <ele>117.4000015258789</ele>
      <time>2026-08-23T08:49:39.159+02:00</time>
      <extensions>
        <activity type="UNKNOWN" conf="40" state="unknown" tsMs="1787467760799"/>
        <radio op="vodafone IT" rat="LTE" q="22.50" rsrp="-100" sinr="4" rsrq="-13"/>
        <radio op="I TIM" rat="LTE" rsrp="-102" rsrq="-14"/>
      </extensions>
    </trkpt>
    <trkpt lat="45.7538651" lon="10.7511489">
      <ele>117.4000015258789</ele>
      <time>2026-08-23T08:50:06.447+02:00</time>
      <extensions>
        <activity type="UNKNOWN" conf="40" state="unknown" tsMs="1787467805736"/>
        <radio op="vodafone IT" rat="LTE" q="15.60" rsrp="-99" sinr="1" rsrq="-14"/>
        <radio op="I TIM" rat="LTE" q="20.70" rsrp="-102" sinr="4" rsrq="-8"/>
      </extensions>
    </trkpt>
    <trkpt lat="45.7538755" lon="10.7511367">
      <ele>117.4000015258789</ele>
      <time>2026-08-23T08:50:16.143+02:00</time>
      <extensions>
        <activity type="UNKNOWN" conf="40" state="unknown" tsMs="1787467805736"/>
        <radio op="vodafone IT" rat="LTE" rsrp="-102" rsrq="-11"/>
        <radio op="I TIM" rat="LTE" q="22.50" rsrp="-100" sinr="4" rsrq="-8"/>
      </extensions>
    </trkpt>
    <trkpt lat="45.7538759" lon="10.7511385">
      <ele>117.4000015258789</ele>
      <time>2026-08-23T08:50:26.573+02:00</time>
      <extensions>
        <activity type="UNKNOWN" conf="40" state="unknown" tsMs="1787467824625"/>
        <radio op="vodafone IT" rat="LTE" rsrp="-98" rsrq="-14"/>
        <radio op="I TIM" rat="LTE" q="24.30" rsrp="-98" sinr="4" rsrq="-8"/>
      </extensions>
    </trkpt>
    <trkpt lat="45.7538769" lon="10.7511382">
      <ele>117.4000015258789</ele>
      <time>2026-08-23T08:50:36.211+02:00</time>
      <extensions>
        <activity type="UNKNOWN" conf="40" state="unknown" tsMs="1787467829845"/>
        <radio op="vodafone IT" rat="LTE" rsrp="-97" rsrq="-11"/>
        <radio op="I TIM" rat="LTE" q="27.00" rsrp="-98" sinr="5" rsrq="-7"/>
      </extensions>
    </trkpt>
    <trkpt lat="45.7538767" lon="10.7511376">
      <ele>117.4000015258789</ele>
      <time>2026-08-23T08:50:47.187+02:00</time>
      <extensions>
        <activity type="UNKNOWN" conf="40" state="unknown" tsMs="1787467834027"/>
        <radio op="vodafone IT" rat="LTE" rsrp="-99" rsrq="-12"/>
        <radio op="I TIM" rat="LTE" q="27.00" rsrp="-98" sinr="5" rsrq="-8"/>
      </extensions>
    </trkpt>
    <trkpt lat="45.753876" lon="10.7511368">
      <ele>117.4000015258789</ele>
      <time>2026-08-23T08:50:57.154+02:00</time>
      <extensions>
        <activity type="UNKNOWN" conf="40" state="unknown" tsMs="1787467855313"/>
        <radio op="vodafone IT" rat="LTE" q="16.10" rsrp="-102" sinr="2" rsrq="-14"/>
        <radio op="I TIM" rat="LTE" rsrp="-101" rsrq="-7"/>
      </extensions>
    </trkpt>
    <trkpt lat="45.7538747" lon="10.7511366">
      <ele>117.5</ele>
      <time>2026-08-23T08:51:07.137+02:00</time>
      <extensions>
        <activity type="UNKNOWN" conf="40" state="unknown" tsMs="1787467855313"/>
        <radio op="vodafone IT" rat="LTE" q="15.00" rsrp="-100" sinr="1" rsrq="-13"/>
        <radio op="I TIM" rat="LTE" q="17.60" rsrp="-103" sinr="3" rsrq="-10"/>
      </extensions>
    </trkpt>
    <trkpt lat="45.7538746" lon="10.7511365">
      <ele>117.5</ele>
      <time>2026-08-23T08:51:17.137+02:00</time>
      <extensions>
        <activity type="UNKNOWN" conf="40" state="unknown" tsMs="1787467875424"/>
        <radio op="vodafone IT" rat="LTE" q="14.00" rsrp="-97" sinr="0" rsrq="-12"/>
        <radio op="I TIM" rat="LTE" q="17.60" rsrp="-103" sinr="3" rsrq="-9"/>
      </extensions>
    </trkpt>
    <trkpt lat="45.7538747" lon="10.7511366">
      <ele>117.5</ele>
      <time>2026-08-23T08:51:24.148+02:00</time>
      <extensions>
        <activity type="UNKNOWN" conf="40" state="unknown" tsMs="1787467880469"/>
        <radio op="vodafone IT" rat="LTE" rsrp="-100" rsrq="-14"/>
        <radio op="I TIM" rat="LTE" q="11.50" rsrp="-102" sinr="0" rsrq="-9"/>
      </extensions>
    </trkpt>
    <trkpt lat="45.7540718" lon="10.7512015">
      <ele>117.5</ele>
      <time>2026-08-23T08:54:28.704+02:00</time>
      <extensions>
        <activity type="UNKNOWN" conf="40" state="unknown" tsMs="1787468076924"/>
        <radio op="vodafone IT" rat="LTE" q="29.00" rsrp="-96" sinr="5" rsrq="-9"/>
        <radio op="I TIM" rat="LTE" rsrp="-95" rsrq="-15"/>
      </extensions>
    </trkpt>
    <trkpt lat="45.7540129" lon="10.7511871">
      <ele>117.5</ele>
      <time>2026-08-23T08:55:01.981+02:00</time>
      <extensions>
        <activity type="UNKNOWN" conf="40" state="unknown" tsMs="1787468098535"/>
        <radio op="vodafone IT" rat="LTE" q="18.90" rsrp="-104" sinr="4" rsrq="-9"/>
        <radio op="I TIM" rat="LTE" rsrp="-102" rsrq="-17"/>
      </extensions>
    </trkpt>
    <trkpt lat="45.7539914" lon="10.7511917">
      <ele>115.77550076186536</ele>
      <time>2026-08-23T08:55:41.221+02:00</time>
      <extensions>
        <activity type="STILL" conf="60" state="still" tsMs="1787468140404"/>
        <radio op="vodafone IT" rat="LTE" q="31.20" rsrp="-101" sinr="8" rsrq="-9"/>
        <radio op="I TIM" rat="LTE" rsrp="-100" rsrq="-16"/>
      </extensions>
    </trkpt>
    <trkpt lat="45.7540176" lon="10.7511568">
      <ele>117.4000015258789</ele>
      <time>2026-08-23T08:56:19.002+02:00</time>
      <extensions>
        <activity type="STILL" conf="96" state="still" tsMs="1787468178094"/>
        <radio op="vodafone IT" rat="LTE" q="18.40" rsrp="-102" sinr="3" rsrq="-13"/>
        <radio op="I TIM" rat="LTE" q="44.00" rsrp="-103" sinr="15" rsrq="-7"/>
      </extensions>
    </trkpt>
    <trkpt lat="45.7540072" lon="10.7511804">
      <ele>117.5</ele>
      <time>2026-08-23T08:56:53.73+02:00</time>
      <extensions>
        <activity type="STILL" conf="97" state="still" tsMs="1787468213115"/>
        <radio op="vodafone IT" rat="LTE" q="13.20" rsrp="-103" sinr="1" rsrq="-9"/>
        <radio op="I TIM" rat="LTE" q="33.60" rsrp="-104" sinr="11" rsrq="-7"/>
      </extensions>
    </trkpt>
    <trkpt lat="45.7540053" lon="10.7511971">
      <ele>117.5</ele>
      <time>2026-08-23T08:57:28.296+02:00</time>
      <extensions>
        <activity type="STILL" conf="99" state="still" tsMs="1787468248121"/>
        <radio op="vodafone IT" rat="LTE" q="18.90" rsrp="-104" sinr="4" rsrq="-11"/>
        <radio op="I TIM" rat="LTE" rsrp="-100" rsrq="-12"/>
      </extensions>
    </trkpt>
    <trkpt lat="45.7534887" lon="10.751313">
      <ele>117.4000015258789</ele>
      <time>2026-08-23T09:02:12.146+02:00</time>
      <extensions>
        <activity type="UNKNOWN" conf="40" state="unknown" tsMs="1787468528947"/>
        <radio op="vodafone IT" rat="LTE" q="3.00" rsrp="-119" sinr="0" rsrq="-15"/>
        <radio op="I TIM" rat="LTE" rsrp="-109" rsrq="-17"/>
      </extensions>
    </trkpt>
    <trkpt lat="45.7535635" lon="10.7513445">
      <ele>117.30000305175781</ele>
      <time>2026-08-23T09:02:53.145+02:00</time>
      <extensions>
        <activity type="UNKNOWN" conf="40" state="unknown" tsMs="1787468568504"/>
        <radio op="vodafone IT" rat="LTE" rsrp="-113" rsrq="-15"/>
        <radio op="I TIM" rat="LTE" q="32.40" rsrp="-107" sinr="13" rsrq="-6"/>
      </extensions>
    </trkpt>
    <trkpt lat="45.7535346" lon="10.7513516">
      <ele>114.55809886331456</ele>
      <time>2026-08-23T09:03:19.057+02:00</time>
      <extensions>
        <activity type="UNKNOWN" conf="40" state="unknown" tsMs="1787468599864"/>
        <radio op="vodafone IT" rat="LTE" q="10.50" rsrp="-104" sinr="0" rsrq="-11"/>
        <radio op="I TIM" rat="LTE" rsrp="-97" rsrq="-15"/>
      </extensions>
    </trkpt>
    <trkpt lat="45.7539176" lon="10.751488">
      <ele>114.28518027487145</ele>
      <time>2026-08-23T09:03:57.142+02:00</time>
      <extensions>
        <activity type="UNKNOWN" conf="40" state="unknown" tsMs="1787468631207"/>
        <radio op="vodafone IT" rat="LTE" q="35.10" rsrp="-98" sinr="8" rsrq="-10"/>
        <radio op="I TIM" rat="LTE" rsrp="-96" rsrq="-15"/>
      </extensions>
    </trkpt>
    <trkpt lat="45.753581" lon="10.7516876">
      <ele>114.27739138822001</ele>
      <time>2026-08-23T09:04:30.47+02:00</time>
      <extensions>
        <activity type="UNKNOWN" conf="40" state="unknown" tsMs="1787468669646"/>
        <radio op="vodafone IT" rat="LTE" q="36.40" rsrp="-99" sinr="9" rsrq="-7"/>
        <radio op="I TIM" rat="LTE" rsrp="-96" rsrq="-14"/>
      </extensions>
    </trkpt>
    <trkpt lat="45.7536359" lon="10.7515305">
      <ele>114.6971620923905</ele>
      <time>2026-08-23T09:05:06.137+02:00</time>
      <extensions>
        <activity type="UNKNOWN" conf="40" state="unknown" tsMs="1787468717134"/>
        <radio op="vodafone IT" rat="LTE" q="29.40" rsrp="-104" sinr="9" rsrq="-11"/>
        <radio op="I TIM" rat="LTE" rsrp="-96" rsrq="-14"/>
      </extensions>
    </trkpt>
    <trkpt lat="45.7536361" lon="10.7515298">
      <ele>114.5492837851951</ele>
      <time>2026-08-23T09:05:38.757+02:00</time>
      <extensions>
        <activity type="STILL" conf="64" state="still" tsMs="1787468734115"/>
        <radio op="vodafone IT" rat="LTE" q="28.60" rsrp="-103" sinr="8" rsrq="-10"/>
        <radio op="I TIM" rat="LTE" rsrp="-95" rsrq="-13"/>
      </extensions>
    </trkpt>
    <trkpt lat="45.7535569" lon="10.7516415">
      <ele>114.5492837851951</ele>
      <time>2026-08-23T09:05:46.139+02:00</time>
      <extensions>
        <activity type="STILL" conf="96" state="still" tsMs="1787468745000"/>
        <radio op="vodafone IT" rat="LTE" q="29.90" rsrp="-102" sinr="8" rsrq="-8"/>
        <radio op="I TIM" rat="LTE" rsrp="-95" rsrq="-14"/>
      </extensions>
    </trkpt>
    <trkpt lat="45.7535561" lon="10.7516424">
      <ele>115.5077246917153</ele>
      <time>2026-08-23T09:06:20.464+02:00</time>
      <extensions>
        <activity type="STILL" conf="91" state="still" tsMs="1787468778114"/>
        <radio op="vodafone IT" rat="LTE" rsrp="-106" rsrq="-12"/>
        <radio op="I TIM" rat="LTE" rsrp="-98" rsrq="-15"/>
      </extensions>
    </trkpt>
    <trkpt lat="45.7539852" lon="10.7511732">
      <ele>117.4000015258789</ele>
      <time>2026-08-23T09:06:55.482+02:00</time>
      <extensions>
        <activity type="ON_FOOT" conf="92" state="moving" tsMs="1787468811434"/>
        <radio op="vodafone IT" rat="LTE" q="21.60" rsrp="-98" sinr="3" rsrq="-12"/>
        <radio op="I TIM" rat="LTE" rsrp="-101" rsrq="-15"/>
      </extensions>
    </trkpt>
    <trkpt lat="45.753497" lon="10.7511451">
      <ele>117.4000015258789</ele>
      <time>2026-08-23T09:07:28.452+02:00</time>
      <extensions>
        <activity type="UNKNOWN" conf="40" state="unknown" tsMs="1787468843090"/>
        <radio op="vodafone IT" rat="LTE" rsrp="-103" rsrq="-11"/>
        <radio op="I TIM" rat="LTE" q="9.50" rsrp="-106" sinr="0" rsrq="-16"/>
      </extensions>
    </trkpt>
    <trkpt lat="45.7535265" lon="10.7512288">
      <ele>117.4000015258789</ele>
      <time>2026-08-23T09:07:31.139+02:00</time>
      <extensions>
        <activity type="ON_FOOT" conf="84" state="moving" tsMs="1787468859384"/>
        <radio op="vodafone IT" rat="LTE" rsrp="-106" rsrq="-15"/>
        <radio op="I TIM" rat="LTE" rsrp="-107" rsrq="-15"/>
      </extensions>
    </trkpt>
    <trkpt lat="45.7535323" lon="10.7512468">
      <ele>117.5</ele>
      <time>2026-08-23T09:08:05.578+02:00</time>
      <extensions>
        <activity type="ON_FOOT" conf="94" state="moving" tsMs="1787468881254"/>
        <radio op="vodafone IT" rat="LTE" rsrp="-105" rsrq="-16"/>
        <radio op="I TIM" rat="LTE" rsrp="-120" rsrq="-10"/>
      </extensions>
    </trkpt>
    <trkpt lat="45.7544312" lon="10.750793">
      <ele>115.62293096100295</ele>
      <time>2026-08-23T09:08:47.591+02:00</time>
      <extensions>
        <activity type="ON_FOOT" conf="88" state="moving" tsMs="1787468925105"/>
        <radio op="vodafone IT" rat="LTE" q="12.00" rsrp="-105" sinr="1" rsrq="-13"/>
        <radio op="I TIM" rat="LTE" rsrp="-118" rsrq="-16"/>
      </extensions>
    </trkpt>
    <trkpt lat="45.7545075" lon="10.750872">
      <ele>117.4000015258789</ele>
      <time>2026-08-23T09:09:25.665+02:00</time>
      <extensions>
        <activity type="ON_FOOT" conf="97" state="moving" tsMs="1787468964126"/>
        <radio op="vodafone IT" rat="LTE" rsrp="-117" rsrq="-16"/>
        <radio op="I TIM" rat="LTE" rsrp="-115" rsrq="-15"/>
      </extensions>
    </trkpt>
    <trkpt lat="45.754826" lon="10.7503615">
      <ele>119.80000305175781</ele>
      <time>2026-08-23T09:09:58.163+02:00</time>
      <extensions>
        <activity type="ON_FOOT" conf="97" state="moving" tsMs="1787468992116"/>
        <radio op="vodafone IT" rat="LTE" rsrp="-118" rsrq="-15"/>
        <radio op="I TIM" rat="LTE" rsrp="-117" rsrq="-15"/>
      </extensions>
    </trkpt>
    <trkpt lat="45.7548243" lon="10.7503563">
      <ele>119.80000305175781</ele>
      <time>2026-08-23T09:10:35.875+02:00</time>
      <extensions>
        <activity type="ON_FOOT" conf="84" state="moving" tsMs="1787469031735"/>
        <radio op="vodafone IT" rat="LTE" rsrq="-20"/>
        <radio op="I TIM" rat="LTE" rsrp="-131" rsrq="-19"/>
      </extensions>
    </trkpt>
    <trkpt lat="45.754631" lon="10.7509073">
      <ele>118.19999694824219</ele>
      <time>2026-08-23T09:11:07.055+02:00</time>
      <extensions>
        <activity type="UNKNOWN" conf="40" state="unknown" tsMs="1787469064471"/>
        <radio op="vodafone IT" rat="LTE" rsrp="-107" rsrq="-14"/>
        <radio op="I TIM" rat="LTE" rsrp="-107" rsrq="-15"/>
      </extensions>
    </trkpt>
    <trkpt lat="45.7549335" lon="10.7513911">
      <ele>117.69999694824219</ele>
      <time>2026-08-23T09:11:42.459+02:00</time>
      <extensions>
        <activity type="ON_FOOT" conf="96" state="moving" tsMs="1787469098129"/>
        <radio op="vodafone IT" rat="LTE" q="57.80" rsrp="-91" sinr="12" rsrq="-11"/>
        <radio op="I TIM" rat="LTE" rsrp="-111" rsrq="-11"/>
      </extensions>
    </trkpt>
    <trkpt lat="45.7551084" lon="10.7513923">
      <ele>117.5999984741211</ele>
      <time>2026-08-23T09:12:33.151+02:00</time>
      <extensions>
        <activity type="ON_FOOT" conf="90" state="moving" tsMs="1787469147116"/>
        <radio op="vodafone IT" rat="LTE" q="11.50" rsrp="-102" sinr="0" rsrq="-12"/>
        <radio op="I TIM" rat="LTE" q="7.00" rsrp="-111" sinr="0" rsrq="-14"/>
      </extensions>
    </trkpt>
    <trkpt lat="45.7551726" lon="10.7514985">
      <ele>117.30000305175781</ele>
      <time>2026-08-23T09:13:18.189+02:00</time>
      <extensions>
        <activity type="UNKNOWN" conf="40" state="unknown" tsMs="1787469196850"/>
        <radio op="vodafone IT" rat="LTE" q="30.00" rsrp="-95" sinr="5" rsrq="-11"/>
        <radio op="I TIM" rat="LTE" rsrp="-105" rsrq="-14"/>
      </extensions>
    </trkpt>
    <trkpt lat="45.7551044" lon="10.7512459">
      <ele>117.5999984741211</ele>
      <time>2026-08-23T09:13:57.054+02:00</time>
      <extensions>
        <activity type="UNKNOWN" conf="40" state="unknown" tsMs="1787469234694"/>
        <radio op="vodafone IT" rat="LTE" rsrp="-97" rsrq="-12"/>
        <radio op="I TIM" rat="LTE" q="24.20" rsrp="-103" sinr="6" rsrq="-7"/>
      </extensions>
    </trkpt>
    <trkpt lat="45.7551044" lon="10.7512459">
      <ele>117.30000305175781</ele>
      <time>2026-08-23T09:14:29.164+02:00</time>
      <extensions>
        <activity type="UNKNOWN" conf="40" state="unknown" tsMs="1787469268221"/>
        <radio op="vodafone IT" rat="LTE" q="28.00" rsrp="-90" sinr="3" rsrq="-12"/>
        <radio op="I TIM" rat="LTE" q="25.30" rsrp="-102" sinr="6" rsrq="-9"/>
      </extensions>
    </trkpt>
    <trkpt lat="45.7549036" lon="10.7519311">
      <ele>117.30000305175781</ele>
      <time>2026-08-23T09:14:32.897+02:00</time>
      <extensions>
        <activity type="UNKNOWN" conf="40" state="unknown" tsMs="1787469268221"/>
        <radio op="vodafone IT" rat="LTE" rsrp="-95" rsrq="-12"/>
        <radio op="I TIM" rat="LTE" q="29.90" rsrp="-102" sinr="8" rsrq="-10"/>
      </extensions>
    </trkpt>
    <trkpt lat="45.754738" lon="10.7507478">
      <ele>117.30000305175781</ele>
      <time>2026-08-23T09:15:10.581+02:00</time>
      <extensions>
        <activity type="UNKNOWN" conf="40" state="unknown" tsMs="1787469306249"/>
        <radio op="vodafone IT" rat="LTE" q="25.20" rsrp="-97" sinr="4" rsrq="-12"/>
        <radio op="I TIM" rat="LTE" q="8.50" rsrp="-108" sinr="0" rsrq="-10"/>
      </extensions>
    </trkpt>
    <trkpt lat="45.7550136" lon="10.7514129">
      <ele>118.0</ele>
      <time>2026-08-23T09:15:50.224+02:00</time>
      <extensions>
        <activity type="UNKNOWN" conf="40" state="unknown" tsMs="1787469350132"/>
        <radio op="vodafone IT" rat="LTE" q="26.00" rsrp="-99" sinr="5" rsrq="-11"/>
        <radio op="I TIM" rat="LTE" q="11.20" rsrp="-109" sinr="2" rsrq="-11"/>
      </extensions>
    </trkpt>
    <trkpt lat="45.7549923" lon="10.7513343">
      <ele>117.5</ele>
      <time>2026-08-23T09:16:21.42+02:00</time>
      <extensions>
        <activity type="UNKNOWN" conf="40" state="unknown" tsMs="1787469375946"/>
        <radio op="vodafone IT" rat="LTE" q="22.50" rsrp="-100" sinr="4" rsrq="-10"/>
        <radio op="I TIM" rat="LTE" q="18.00" rsrp="-95" sinr="1" rsrq="-14"/>
      </extensions>
    </trkpt>
    <trkpt lat="45.7546608" lon="10.7512437">
      <ele>117.5</ele>
      <time>2026-08-23T09:17:02.678+02:00</time>
      <extensions>
        <activity type="ON_FOOT" conf="84" state="moving" tsMs="1787469421240"/>
        <radio op="vodafone IT" rat="LTE" rsrp="-97" rsrq="-11"/>
        <radio op="I TIM" rat="LTE" rsrp="-104" rsrq="-15"/>
      </extensions>
    </trkpt>
    <trkpt lat="45.7546211" lon="10.7511336">
      <ele>117.30000305175781</ele>
      <time>2026-08-23T09:17:35.824+02:00</time>
      <extensions>
        <activity type="ON_FOOT" conf="84" state="moving" tsMs="1787469454543"/>
        <radio op="vodafone IT" rat="LTE" rsrp="-119" rsrq="-13"/>
        <radio op="I TIM" rat="LTE" rsrp="-116" rsrq="-9"/>
      </extensions>
    </trkpt>
    <trkpt lat="45.754621" lon="10.7510749">
      <ele>117.30000305175781</ele>
      <time>2026-08-23T09:18:06.99+02:00</time>
      <extensions>
        <activity type="UNKNOWN" conf="40" state="unknown" tsMs="1787469481503"/>
        <radio op="vodafone IT" rat="LTE" q="22.80" rsrp="-106" sinr="7" rsrq="-9"/>
        <radio op="I TIM" rat="LTE" q="4.90" rsrp="-118" sinr="2" rsrq="-8"/>
      </extensions>
    </trkpt>
    <trkpt lat="45.7546554" lon="10.7510644">
      <ele>117.30000305175781</ele>
      <time>2026-08-23T09:18:38.115+02:00</time>
      <extensions>
        <activity type="STILL" conf="75" state="still" tsMs="1787469514844"/>
        <radio op="vodafone IT" rat="LTE" q="26.00" rsrp="-105" sinr="8" rsrq="-11"/>
        <radio op="I TIM" rat="LTE" rsrp="-113" rsrq="-8"/>
      </extensions>
    </trkpt>
    <trkpt lat="45.7546628" lon="10.7510572">
      <ele>117.30000305175781</ele>
      <time>2026-08-23T09:18:47.14+02:00</time>
      <extensions>
        <activity type="UNKNOWN" conf="40" state="unknown" tsMs="1787469529545"/>
        <radio op="vodafone IT" rat="LTE" q="28.00" rsrp="-105" sinr="9" rsrq="-11"/>
        <radio op="I TIM" rat="LTE" q="18.70" rsrp="-108" sinr="6" rsrq="-6"/>
      </extensions>
    </trkpt>
    <trkpt lat="45.7546781" lon="10.7511414">
      <ele>117.30000305175781</ele>
      <time>2026-08-23T09:18:54.14+02:00</time>
      <extensions>
        <activity type="UNKNOWN" conf="40" state="unknown" tsMs="1787469534903"/>
        <radio op="vodafone IT" rat="LTE" q="23.40" rsrp="-107" sinr="8" rsrq="-10"/>
        <radio op="I TIM" rat="LTE" q="6.30" rsrp="-118" sinr="4" rsrq="-9"/>
      </extensions>
    </trkpt>
    <trkpt lat="45.7546401" lon="10.75111">
      <ele>117.30000305175781</ele>
      <time>2026-08-23T09:19:26.754+02:00</time>
      <extensions>
        <activity type="UNKNOWN" conf="40" state="unknown" tsMs="1787469561815"/>
        <radio op="vodafone IT" rat="LTE" q="24.70" rsrp="-106" sinr="8" rsrq="-7"/>
        <radio op="I TIM" rat="LTE" q="7.20" rsrp="-116" sinr="3" rsrq="-9"/>
      </extensions>
    </trkpt>
    <trkpt lat="45.7546176" lon="10.7512093">
      <ele>118.0</ele>
      <time>2026-08-23T09:19:57.878+02:00</time>
      <extensions>
        <activity type="UNKNOWN" conf="40" state="unknown" tsMs="1787469594314"/>
        <radio op="vodafone IT" rat="LTE" rsrp="-113" rsrq="-13"/>
        <radio op="I TIM" rat="LTE" rsrp="-106" rsrq="-16"/>
      </extensions>
    </trkpt>
    <trkpt lat="45.7546758" lon="10.7512561">
      <ele>117.69999694824219</ele>
      <time>2026-08-23T09:20:41.852+02:00</time>
      <extensions>
        <activity type="STILL" conf="97" state="still" tsMs="1787469636487"/>
        <radio op="vodafone IT" rat="LTE" q="11.20" rsrp="-111" sinr="3" rsrq="-12"/>
        <radio op="I TIM" rat="LTE" rsrp="-112" rsrq="-16"/>
      </extensions>
    </trkpt>
    <trkpt lat="45.7545946" lon="10.7512694">
      <ele>117.69999694824219</ele>
      <time>2026-08-23T09:21:15.58+02:00</time>
      <extensions>
        <activity type="STILL" conf="33" state="still" tsMs="1787469669977"/>
        <radio op="vodafone IT" rat="LTE" q="13.50" rsrp="-110" sinr="4" rsrq="-13"/>
        <radio op="I TIM" rat="LTE" rsrp="-111" rsrq="-17"/>
      </extensions>
    </trkpt>
    <trkpt lat="45.7548149" lon="10.7513207">
      <ele>117.69999694824219</ele>
      <time>2026-08-23T09:22:02.399+02:00</time>
      <extensions>
        <activity type="STILL" conf="99" state="still" tsMs="1787469722136"/>
        <radio op="vodafone IT" rat="LTE" q="17.60" rsrp="-109" sinr="6" rsrq="-13"/>
        <radio op="I TIM" rat="LTE" rsrp="-112" rsrq="-16"/>
      </extensions>
    </trkpt>
    <trkpt lat="45.7546184" lon="10.7512458">
      <ele>117.5</ele>
      <time>2026-08-23T09:22:43.401+02:00</time>
      <extensions>
        <activity type="IN_VEHICLE" conf="77" state="moving" tsMs="1787469762253"/>
        <radio op="vodafone IT" rat="LTE" q="10.40" rsrp="-112" sinr="3" rsrq="-14"/>
        <radio op="I TIM" rat="LTE" rsrp="-112" rsrq="-16"/>
      </extensions>
    </trkpt>
    <trkpt lat="45.754624" lon="10.7512722">
      <ele>117.5</ele>
      <time>2026-08-23T09:22:53.14+02:00</time>
      <extensions>
        <activity type="IN_VEHICLE" conf="77" state="moving" tsMs="1787469762253"/>
        <radio op="vodafone IT" rat="LTE" q="10.40" rsrp="-112" sinr="3" rsrq="-12"/>
        <radio op="I TIM" rat="LTE" rsrp="-111" rsrq="-15"/>
      </extensions>
    </trkpt>
    <trkpt lat="45.754624" lon="10.7512722">
      <ele>117.5</ele>
      <time>2026-08-23T09:23:04.14+02:00</time>
      <extensions>
        <activity type="UNKNOWN" conf="40" state="unknown" tsMs="1787469766866"/>
        <radio op="vodafone IT" rat="LTE" q="16.90" rsrp="-112" sinr="8" rsrq="-13"/>
        <radio op="I TIM" rat="LTE" q="7.80" rsrp="-112" sinr="1" rsrq="-15"/>
      </extensions>
    </trkpt>
    <trkpt lat="45.754624" lon="10.7512722">
      <ele>117.5</ele>
      <time>2026-08-23T09:23:14.14+02:00</time>
      <extensions>
        <activity type="UNKNOWN" conf="40" state="unknown" tsMs="1787469789245"/>
        <radio op="vodafone IT" rat="LTE" q="10.80" rsrp="-113" sinr="4" rsrq="-13"/>
        <radio op="I TIM" rat="LTE" rsrp="-112" rsrq="-16"/>
      </extensions>
    </trkpt>
    <trkpt lat="45.754624" lon="10.7512722">
      <ele>117.5</ele>
      <time>2026-08-23T09:23:24.14+02:00</time>
      <extensions>
        <activity type="STILL" conf="57" state="still" tsMs="1787469800008"/>
        <radio op="vodafone IT" rat="LTE" q="10.80" rsrp="-113" sinr="4" rsrq="-13"/>
        <radio op="I TIM" rat="LTE" rsrp="-113" rsrq="-17"/>
      </extensions>
    </trkpt>
    <trkpt lat="45.754624" lon="10.7512722">
      <ele>117.5</ele>
      <time>2026-08-23T09:23:34.14+02:00</time>
      <extensions>
        <activity type="STILL" conf="42" state="still" tsMs="1787469810858"/>
        <radio op="vodafone IT" rat="LTE" q="12.60" rsrp="-111" sinr="4" rsrq="-13"/>
        <radio op="I TIM" rat="LTE" rsrp="-112" rsrq="-16"/>
      </extensions>
    </trkpt>
    <trkpt lat="45.7546268" lon="10.7512644">
      <ele>117.5</ele>
      <time>2026-08-23T09:23:44.141+02:00</time>
      <extensions>
        <activity type="UNKNOWN" conf="40" state="unknown" tsMs="1787469821764"/>
        <radio op="vodafone IT" rat="LTE" q="15.40" rsrp="-111" sinr="6" rsrq="-11"/>
        <radio op="I TIM" rat="LTE" rsrp="-113" rsrq="-16"/>
      </extensions>
    </trkpt>
    <trkpt lat="45.7546288" lon="10.7512582">
      <ele>117.5</ele>
      <time>2026-08-23T09:23:54.142+02:00</time>
      <extensions>
        <activity type="STILL" conf="99" state="still" tsMs="1787469832538"/>
        <radio op="vodafone IT" rat="LTE" q="14.00" rsrp="-111" sinr="5" rsrq="-11"/>
        <radio op="I TIM" rat="LTE" rsrp="-112" rsrq="-17"/>
      </extensions>
    </trkpt>
    <trkpt lat="45.7546346" lon="10.7512424">
      <ele>117.5</ele>
      <time>2026-08-23T09:24:05.141+02:00</time>
      <extensions>
        <activity type="STILL" conf="72" state="still" tsMs="1787469843329"/>
        <radio op="vodafone IT" rat="LTE" q="16.90" rsrp="-112" sinr="8" rsrq="-12"/>
        <radio op="I TIM" rat="LTE" rsrp="-112" rsrq="-16"/>
      </extensions>
    </trkpt>
    <trkpt lat="45.7546346" lon="10.7512424">
      <ele>110.0</ele>
      <time>2026-08-23T09:24:15.141+02:00</time>
      <extensions>
        <activity type="STILL" conf="85" state="still" tsMs="1787469854164"/>
        <radio op="vodafone IT" rat="LTE" q="13.00" rsrp="-112" sinr="5" rsrq="-11"/>
        <radio op="I TIM" rat="LTE" rsrp="-112" rsrq="-15"/>
      </extensions>
    </trkpt>
    <trkpt lat="45.7546346" lon="10.7512424">
      <ele>110.0</ele>
      <time>2026-08-23T09:24:25.141+02:00</time>
      <extensions>
        <activity type="STILL" conf="51" state="still" tsMs="1787469864914"/>
        <radio op="vodafone IT" rat="LTE" q="12.60" rsrp="-111" sinr="4" rsrq="-13"/>
        <radio op="I TIM" rat="LTE" rsrp="-111" rsrq="-16"/>
      </extensions>
    </trkpt>
    <trkpt lat="45.7546287" lon="10.7512304">
      <ele>108.0</ele>
      <time>2026-08-23T09:24:35.141+02:00</time>
      <extensions>
        <activity type="UNKNOWN" conf="40" state="unknown" tsMs="1787469875644"/>
        <radio op="vodafone IT" rat="LTE" q="10.40" rsrp="-112" sinr="3" rsrq="-12"/>
        <radio op="I TIM" rat="LTE" rsrp="-113" rsrq="-16"/>
      </extensions>
    </trkpt>
    <trkpt lat="45.7546313" lon="10.751215">
      <ele>108.0</ele>
      <time>2026-08-23T09:24:42.141+02:00</time>
      <extensions>
        <activity type="UNKNOWN" conf="40" state="unknown" tsMs="1787469881062"/>
        <radio op="vodafone IT" rat="LTE" q="17.60" rsrp="-109" sinr="6" rsrq="-11"/>
        <radio op="I TIM" rat="LTE" q="7.50" rsrp="-110" sinr="0" rsrq="-16"/>
      </extensions>
    </trkpt>
    <trkpt lat="45.7545307" lon="10.7512909">
      <ele>117.69999694824219</ele>
      <time>2026-08-23T09:25:26.212+02:00</time>
      <extensions>
        <activity type="STILL" conf="99" state="still" tsMs="1787469925539"/>
        <radio op="vodafone IT" rat="LTE" q="10.50" rsrp="-110" sinr="2" rsrq="-10"/>
        <radio op="I TIM" rat="LTE" rsrp="-111" rsrq="-15"/>
      </extensions>
    </trkpt>
    <trkpt lat="45.7545559" lon="10.751217">
      <ele>117.5</ele>
      <time>2026-08-23T09:25:45.293+02:00</time>
      <extensions>
        <activity type="STILL" conf="47" state="still" tsMs="1787469948875"/>
        <radio op="vodafone IT" rat="LTE" q="11.90" rsrp="-108" sinr="2" rsrq="-10"/>
        <radio op="I TIM" rat="LTE" rsrp="-105" rsrq="-15"/>
      </extensions>
    </trkpt>
    <trkpt lat="45.7546279" lon="10.7512524">
      <ele>117.69999694824219</ele>
      <time>2026-08-23T09:26:02.141+02:00</time>
      <extensions>
        <activity type="STILL" conf="96" state="still" tsMs="1787469952637"/>
        <radio op="vodafone IT" rat="LTE" q="18.00" rsrp="-105" sinr="4" rsrq="-13"/>
        <radio op="I TIM" rat="LTE" rsrp="-102" rsrq="-15"/>
      </extensions>
    </trkpt>
    <trkpt lat="45.7546279" lon="10.7512524">
      <ele>117.5999984741211</ele>
      <time>2026-08-23T09:26:12.141+02:00</time>
      <extensions>
        <activity type="STILL" conf="100" state="still" tsMs="1787469963708"/>
        <radio op="vodafone IT" rat="LTE" q="14.40" rsrp="-107" sinr="3" rsrq="-12"/>
        <radio op="I TIM" rat="LTE" rsrp="-103" rsrq="-15"/>
      </extensions>
    </trkpt>
    <trkpt lat="45.7546279" lon="10.7512524">
      <ele>117.69999694824219</ele>
      <time>2026-08-23T09:26:22.141+02:00</time>
      <extensions>
        <activity type="STILL" conf="99" state="still" tsMs="1787469974914"/>
        <radio op="vodafone IT" rat="LTE" rsrp="-107" rsrq="-12"/>
        <radio op="I TIM" rat="LTE" rsrp="-104" rsrq="-15"/>
      </extensions>
    </trkpt>
    <trkpt lat="45.7546279" lon="10.7512524">
      <ele>117.80000305175781</ele>
      <time>2026-08-23T09:26:32.141+02:00</time>
      <extensions>
        <activity type="STILL" conf="99" state="still" tsMs="1787469974914"/>
        <radio op="vodafone IT" rat="LTE" q="10.50" rsrp="-110" sinr="2" rsrq="-14"/>
        <radio op="I TIM" rat="LTE" rsrp="-105" rsrq="-15"/>
      </extensions>
    </trkpt>
    <trkpt lat="45.7546279" lon="10.7512524">
      <ele>117.69999694824219</ele>
      <time>2026-08-23T09:26:42.14+02:00</time>
      <extensions>
        <activity type="STILL" conf="99" state="still" tsMs="1787469986094"/>
        <radio op="vodafone IT" rat="LTE" q="7.00" rsrp="-111" sinr="0" rsrq="-14"/>
        <radio op="I TIM" rat="LTE" rsrp="-108" rsrq="-15"/>
      </extensions>
    </trkpt>
    <trkpt lat="45.7546279" lon="10.7512524">
      <ele>117.5</ele>
      <time>2026-08-23T09:26:52.14+02:00</time>
      <extensions>
        <activity type="STILL" conf="99" state="still" tsMs="1787469986094"/>
        <radio op="vodafone IT" rat="LTE" rsrp="-110" rsrq="-15"/>
        <radio op="I TIM" rat="LTE" rsrp="-107" rsrq="-14"/>
      </extensions>
    </trkpt>
    <trkpt lat="45.7546279" lon="10.7512524">
      <ele>117.5999984741211</ele>
      <time>2026-08-23T09:27:02.14+02:00</time>
      <extensions>
        <activity type="UNKNOWN" conf="40" state="unknown" tsMs="1787470004618"/>
        <radio op="vodafone IT" rat="LTE" q="10.50" rsrp="-110" sinr="2" rsrq="-13"/>
        <radio op="I TIM" rat="LTE" rsrp="-106" rsrq="-15"/>
      </extensions>
    </trkpt>
    <trkpt lat="45.7546279" lon="10.7512524">
      <ele>117.5999984741211</ele>
      <time>2026-08-23T09:27:12.141+02:00</time>
      <extensions>
        <activity type="STILL" conf="97" state="still" tsMs="1787470023120"/>
        <radio op="vodafone IT" rat="LTE" q="12.00" rsrp="-110" sinr="3" rsrq="-15"/>
        <radio op="I TIM" rat="LTE" rsrp="-104" rsrq="-16"/>
      </extensions>
    </trkpt>
    <trkpt lat="45.7546279" lon="10.7512524">
      <ele>117.69999694824219</ele>
      <time>2026-08-23T09:27:21.14+02:00</time>
      <extensions>
        <activity type="STILL" conf="98" state="still" tsMs="1787470034315"/>
        <radio op="vodafone IT" rat="LTE" q="7.20" rsrp="-113" sinr="1" rsrq="-13"/>
        <radio op="I TIM" rat="LTE" rsrp="-104" rsrq="-15"/>
      </extensions>
    </trkpt>
    <trkpt lat="45.7545337" lon="10.7512415">
      <ele>117.30000305175781</ele>
      <time>2026-08-23T09:27:53.639+02:00</time>
      <extensions>
        <activity type="STILL" conf="97" state="still" tsMs="1787470068393"/>
        <radio op="vodafone IT" rat="LTE" q="10.20" rsrp="-108" sinr="1" rsrq="-11"/>
        <radio op="I TIM" rat="LTE" rsrp="-104" rsrq="-15"/>
      </extensions>
    </trkpt>
    <trkpt lat="45.7546222" lon="10.7512476">
      <ele>117.69999694824219</ele>
      <time>2026-08-23T09:28:14.14+02:00</time>
      <extensions>
        <activity type="STILL" conf="71" state="still" tsMs="1787470084407"/>
        <radio op="vodafone IT" rat="LTE" q="11.20" rsrp="-109" sinr="2" rsrq="-13"/>
        <radio op="I TIM" rat="LTE" rsrp="-105" rsrq="-16"/>
      </extensions>
    </trkpt>
    <trkpt lat="45.7546222" lon="10.7512476">
      <ele>117.69999694824219</ele>
      <time>2026-08-23T09:28:24.14+02:00</time>
      <extensions>
        <activity type="STILL" conf="99" state="still" tsMs="1787470090970"/>
        <radio op="vodafone IT" rat="LTE" q="9.00" rsrp="-110" sinr="1" rsrq="-15"/>
        <radio op="I TIM" rat="LTE" rsrp="-105" rsrq="-15"/>
      </extensions>
    </trkpt>
    <trkpt lat="45.7546222" lon="10.7512476">
      <ele>117.9000015258789</ele>
      <time>2026-08-23T09:28:27.14+02:00</time>
      <extensions>
        <activity type="STILL" conf="99" state="still" tsMs="1787470090970"/>
        <radio op="vodafone IT" rat="LTE" q="10.50" rsrp="-110" sinr="2" rsrq="-14"/>
        <radio op="I TIM" rat="LTE" rsrp="-104" rsrq="-13"/>
      </extensions>
    </trkpt>
    <trkpt lat="45.7545929" lon="10.7512334">
      <ele>117.9000015258789</ele>
      <time>2026-08-23T09:29:05.318+02:00</time>
      <extensions>
        <activity type="STILL" conf="72" state="still" tsMs="1787470143401"/>
        <radio op="vodafone IT" rat="LTE" rsrp="-103" rsrq="-13"/>
        <radio op="I TIM" rat="LTE" rsrp="-98" rsrq="-12"/>
      </extensions>
    </trkpt>
    <trkpt lat="45.7545743" lon="10.7512536">
      <ele>117.30000305175781</ele>
      <time>2026-08-23T09:29:36.407+02:00</time>
      <extensions>
        <activity type="STILL" conf="89" state="still" tsMs="1787470173294"/>
        <radio op="vodafone IT" rat="LTE" q="16.00" rsrp="-105" sinr="3" rsrq="-11"/>
        <radio op="I TIM" rat="LTE" rsrp="-104" rsrq="-15"/>
      </extensions>
    </trkpt>
    <trkpt lat="45.7545557" lon="10.7512613">
      <ele>117.69999694824219</ele>
      <time>2026-08-23T09:30:07.612+02:00</time>
      <extensions>
        <activity type="STILL" conf="99" state="still" tsMs="1787470204560"/>
        <radio op="vodafone IT" rat="LTE" q="16.00" rsrp="-105" sinr="3" rsrq="-11"/>
        <radio op="I TIM" rat="LTE" rsrp="-104" rsrq="-15"/>
      </extensions>
    </trkpt>
    <trkpt lat="45.754828" lon="10.7512765">
      <ele>117.5</ele>
      <time>2026-08-23T09:30:38.902+02:00</time>
      <extensions>
        <activity type="STILL" conf="97" state="still" tsMs="1787470235610"/>
        <radio op="vodafone IT" rat="LTE" q="14.70" rsrp="-104" sinr="2" rsrq="-12"/>
        <radio op="I TIM" rat="LTE" rsrp="-105" rsrq="-16"/>
      </extensions>
    </trkpt>
    <trkpt lat="45.7546053" lon="10.7512724">
      <ele>117.5</ele>
      <time>2026-08-23T09:31:10.032+02:00</time>
      <extensions>
        <activity type="STILL" conf="99" state="still" tsMs="1787470265726"/>
        <radio op="vodafone IT" rat="LTE" q="14.00" rsrp="-105" sinr="2" rsrq="-13"/>
        <radio op="I TIM" rat="LTE" rsrp="-105" rsrq="-16"/>
      </extensions>
    </trkpt>
    <trkpt lat="45.7545558" lon="10.7513152">
      <ele>117.30000305175781</ele>
      <time>2026-08-23T09:31:41.23+02:00</time>
      <extensions>
        <activity type="STILL" conf="65" state="still" tsMs="1787470296810"/>
        <radio op="vodafone IT" rat="LTE" rsrp="-108" rsrq="-14"/>
        <radio op="I TIM" rat="LTE" q="14.70" rsrp="-104" sinr="2" rsrq="-16"/>
      </extensions>
    </trkpt>
    <trkpt lat="45.7545785" lon="10.7512928">
      <ele>117.69999694824219</ele>
      <time>2026-08-23T09:32:12.413+02:00</time>
      <extensions>
        <activity type="STILL" conf="53" state="still" tsMs="1787470327974"/>
        <radio op="vodafone IT" rat="LTE" q="11.20" rsrp="-109" sinr="2" rsrq="-13"/>
        <radio op="I TIM" rat="LTE" rsrp="-106" rsrq="-16"/>
      </extensions>
    </trkpt>
    <trkpt lat="45.7546241" lon="10.7513138">
      <ele>117.69999694824219</ele>
      <time>2026-08-23T09:32:43.627+02:00</time>
      <extensions>
        <activity type="STILL" conf="49" state="still" tsMs="1787470359284"/>
        <radio op="vodafone IT" rat="LTE" q="11.40" rsrp="-106" sinr="1" rsrq="-15"/>
        <radio op="I TIM" rat="LTE" q="9.50" rsrp="-106" sinr="0" rsrq="-15"/>
      </extensions>
    </trkpt>
    <trkpt lat="45.7546047" lon="10.751247">
      <ele>117.69999694824219</ele>
      <time>2026-08-23T09:33:14.811+02:00</time>
      <extensions>
        <activity type="STILL" conf="96" state="still" tsMs="1787470390470"/>
        <radio op="vodafone IT" rat="LTE" q="11.90" rsrp="-108" sinr="2" rsrq="-13"/>
        <radio op="I TIM" rat="LTE" rsrp="-105" rsrq="-17"/>
      </extensions>
    </trkpt>
    <trkpt lat="45.7546226" lon="10.7512891">
      <ele>117.5</ele>
      <time>2026-08-23T09:33:46.689+02:00</time>
      <extensions>
        <activity type="STILL" conf="87" state="still" tsMs="1787470421668"/>
        <radio op="vodafone IT" rat="LTE" q="15.30" rsrp="-108" sinr="4" rsrq="-13"/>
        <radio op="I TIM" rat="LTE" rsrp="-106" rsrq="-16"/>
      </extensions>
    </trkpt>
    <trkpt lat="45.7546129" lon="10.751162">
      <ele>117.5</ele>
      <time>2026-08-23T09:33:48.257+02:00</time>
      <extensions>
        <activity type="STILL" conf="84" state="still" tsMs="1787470437475"/>
        <radio op="vodafone IT" rat="LTE" q="12.00" rsrp="-110" sinr="3" rsrq="-14"/>
        <radio op="I TIM" rat="LTE" rsrp="-106" rsrq="-16"/>
      </extensions>
    </trkpt>
    <trkpt lat="45.754663" lon="10.7508207">
      <ele>120.30000305175781</ele>
      <time>2026-08-23T09:50:10.924+02:00</time>
      <extensions>
        <activity type="ON_FOOT" conf="96" state="moving" tsMs="1787471409794"/>
        <radio op="vodafone IT" rat="LTE" q="9.10" rsrp="-112" sinr="2" rsrq="-13"/>
        <radio op="I TIM" rat="LTE" rsrp="-106" rsrq="-15"/>
      </extensions>
    </trkpt>
    <trkpt lat="45.7546253" lon="10.7511486">
      <ele>120.30000305175781</ele>
      <time>2026-08-23T09:51:12.561+02:00</time>
      <extensions>
        <activity type="ON_FOOT" conf="97" state="moving" tsMs="1787471467157"/>
        <radio op="vodafone IT" rat="LTE" q="18.20" rsrp="-99" sinr="2" rsrq="-12"/>
        <radio op="I TIM" rat="LTE" q="40.80" rsrp="-108" sinr="19" rsrq="-6"/>
      </extensions>
    </trkpt>
    <trkpt lat="45.7539167" lon="10.7512671">
      <ele>117.69999694824219</ele>
      <time>2026-08-23T09:51:28.14+02:00</time>
      <extensions>
        <activity type="UNKNOWN" conf="40" state="unknown" tsMs="1787471475943"/>
        <radio op="vodafone IT" rat="LTE" rsrp="-91" rsrq="-14"/>
        <radio op="I TIM" rat="LTE" q="52.80" rsrp="-101" sinr="17" rsrq="-6"/>
      </extensions>
    </trkpt>
    <trkpt lat="45.7539413" lon="10.7512619">
      <ele>115.60566142878001</ele>
      <time>2026-08-23T09:52:17.247+02:00</time>
      <extensions>
        <activity type="UNKNOWN" conf="40" state="unknown" tsMs="1787471536051"/>
        <radio op="vodafone IT" rat="LTE" q="37.20" rsrp="-94" sinr="7" rsrq="-11"/>
        <radio op="I TIM" rat="LTE" q="65.00" rsrp="-99" sinr="23" rsrq="-6"/>
      </extensions>
    </trkpt>
    <trkpt lat="45.7547914" lon="10.7512321">
      <ele>117.69999694824219</ele>
      <time>2026-08-23T09:52:38.143+02:00</time>
      <extensions>
        <activity type="STILL" conf="46" state="still" tsMs="1787471561118"/>
        <radio op="vodafone IT" rat="LTE" q="16.00" rsrp="-93" sinr="0" rsrq="-12"/>
        <radio op="I TIM" rat="LTE" q="39.60" rsrp="-103" sinr="13" rsrq="-7"/>
      </extensions>
    </trkpt>
    <trkpt lat="45.7538638" lon="10.7513547">
      <ele>117.69999694824219</ele>
      <time>2026-08-23T09:52:52.14+02:00</time>
      <extensions>
        <activity type="UNKNOWN" conf="40" state="unknown" tsMs="1787471571302"/>
        <radio op="vodafone IT" rat="LTE" q="7.80" rsrp="-112" sinr="1" rsrq="-13"/>
        <radio op="I TIM" rat="LTE" q="37.40" rsrp="-108" sinr="17" rsrq="-7"/>
      </extensions>
    </trkpt>
    <trkpt lat="45.7539273" lon="10.7512398">
      <ele>117.69999694824219</ele>
      <time>2026-08-23T09:53:02.259+02:00</time>
      <extensions>
        <activity type="ON_FOOT" conf="98" state="moving" tsMs="1787471575104"/>
        <radio op="vodafone IT" rat="LTE" q="13.60" rsrp="-108" sinr="3" rsrq="-13"/>
        <radio op="I TIM" rat="LTE" q="52.90" rsrp="-102" sinr="18" rsrq="-5"/>
      </extensions>
    </trkpt>
    <trkpt lat="45.7539343" lon="10.7512323">
      <ele>117.69999694824219</ele>
      <time>2026-08-23T09:53:03.877+02:00</time>
      <extensions>
        <activity type="ON_FOOT" conf="98" state="moving" tsMs="1787471575104"/>
        <radio op="vodafone IT" rat="LTE" rsrp="-110" rsrq="-11"/>
        <radio op="I TIM" rat="LTE" q="16.50" rsrp="-110" sinr="6" rsrq="-7"/>
      </extensions>
    </trkpt>
    <trkpt lat="45.7539293" lon="10.7512328">
      <ele>120.45049505333837</ele>
      <time>2026-08-23T09:53:37.579+02:00</time>
      <extensions>
        <activity type="ON_FOOT" conf="85" state="moving" tsMs="1787471614359"/>
        <radio op="vodafone IT" rat="LTE" rsrp="-109" rsrq="-16"/>
        <radio op="I TIM" rat="LTE" q="7.20" rsrp="-117" sinr="4" rsrq="-9"/>
      </extensions>
    </trkpt>
    <trkpt lat="45.7536241" lon="10.7510399">
      <ele>120.45049505333837</ele>
      <time>2026-08-23T09:53:46.14+02:00</time>
      <extensions>
        <activity type="UNKNOWN" conf="40" state="unknown" tsMs="1787471623819"/>
        <radio op="vodafone IT" rat="LTE" q="20.70" rsrp="-102" sinr="4" rsrq="-12"/>
        <radio op="I TIM" rat="LTE" q="5.40" rsrp="-119" sinr="4" rsrq="-10"/>
      </extensions>
    </trkpt>
    <trkpt lat="45.7536241" lon="10.7510416">
      <ele>117.4000015258789</ele>
      <time>2026-08-23T09:54:17.382+02:00</time>
      <extensions>
        <activity type="ON_FOOT" conf="82" state="moving" tsMs="1787471656163"/>
        <radio op="vodafone IT" rat="LTE" q="16.00" rsrp="-105" sinr="3" rsrq="-11"/>
        <radio op="I TIM" rat="LTE" rsrp="-105" rsrq="-15"/>
      </extensions>
    </trkpt>
    <trkpt lat="45.7535046" lon="10.7509881">
      <ele>117.4000015258789</ele>
      <time>2026-08-23T09:54:25.141+02:00</time>
      <extensions>
        <activity type="ON_FOOT" conf="82" state="moving" tsMs="1787471656163"/>
        <radio op="vodafone IT" rat="LTE" q="13.60" rsrp="-108" sinr="3" rsrq="-11"/>
        <radio op="I TIM" rat="LTE" rsrp="-110" rsrq="-15"/>
      </extensions>
    </trkpt>
    <trkpt lat="45.7535045" lon="10.7509883">
      <ele>120.60416271148432</ele>
      <time>2026-08-23T09:55:00.793+02:00</time>
      <extensions>
        <activity type="UNKNOWN" conf="40" state="unknown" tsMs="1787471699624"/>
        <radio op="vodafone IT" rat="LTE" q="39.20" rsrp="-97" sinr="9" rsrq="-12"/>
        <radio op="I TIM" rat="LTE" q="13.20" rsrp="-114" sinr="7" rsrq="-8"/>
      </extensions>
    </trkpt>
    <trkpt lat="45.7535453" lon="10.7511238">
      <ele>120.60416271148432</ele>
      <time>2026-08-23T09:55:09.14+02:00</time>
      <extensions>
        <activity type="UNKNOWN" conf="40" state="unknown" tsMs="1787471699624"/>
        <radio op="vodafone IT" rat="LTE" q="18.90" rsrp="-104" sinr="4" rsrq="-8"/>
        <radio op="I TIM" rat="LTE" q="4.50" rsrp="-116" sinr="0" rsrq="-9"/>
      </extensions>
    </trkpt>
    <trkpt lat="45.753545" lon="10.7511224">
      <ele>120.27606482281632</ele>
      <time>2026-08-23T09:55:42.068+02:00</time>
      <extensions>
        <activity type="STILL" conf="46" state="still" tsMs="1787471737425"/>
        <radio op="vodafone IT" rat="LTE" q="32.40" rsrp="-98" sinr="7" rsrq="-10"/>
        <radio op="I TIM" rat="LTE" q="20.40" rsrp="-113" sinr="12" rsrq="-7"/>
      </extensions>
    </trkpt>
    <trkpt lat="45.7535553" lon="10.751133">
      <ele>120.55568943768476</ele>
      <time>2026-08-23T09:56:20.14+02:00</time>
      <extensions>
        <activity type="STILL" conf="50" state="still" tsMs="1787471782748"/>
        <radio op="vodafone IT" rat="LTE" q="48.00" rsrp="-95" sinr="11" rsrq="-11"/>
        <radio op="I TIM" rat="LTE" rsrp="-115" rsrq="-8"/>
      </extensions>
    </trkpt>
    <trkpt lat="45.7535553" lon="10.7511329">
      <ele>120.30000305175781</ele>
      <time>2026-08-23T09:56:25.095+02:00</time>
      <extensions>
        <activity type="STILL" conf="41" state="still" tsMs="1787471793294"/>
        <radio op="vodafone IT" rat="LTE" q="33.00" rsrp="-103" sinr="10" rsrq="-13"/>
        <radio op="I TIM" rat="LTE" rsrp="-120" rsrq="-10"/>
      </extensions>
    </trkpt>
    <trkpt lat="45.7535553" lon="10.751133">
      <ele>120.30000305175781</ele>
      <time>2026-08-23T09:56:56.779+02:00</time>
      <extensions>
        <activity type="UNKNOWN" conf="40" state="unknown" tsMs="1787471814838"/>
        <radio op="vodafone IT" rat="LTE" q="33.00" rsrp="-92" sinr="5" rsrq="-12"/>
        <radio op="I TIM" rat="LTE" rsrp="-105" rsrq="-16"/>
      </extensions>
    </trkpt>
    <trkpt lat="45.7535661" lon="10.7511621">
      <ele>120.30000305175781</ele>
      <time>2026-08-23T09:57:07.14+02:00</time>
      <extensions>
        <activity type="UNKNOWN" conf="40" state="unknown" tsMs="1787471814838"/>
        <radio op="vodafone IT" rat="LTE" q="33.00" rsrp="-92" sinr="5" rsrq="-12"/>
        <radio op="I TIM" rat="LTE" rsrp="-103" rsrq="-16"/>
      </extensions>
    </trkpt>
    <trkpt lat="45.7535663" lon="10.7511616">
      <ele>120.30000305175781</ele>
      <time>2026-08-23T09:57:38.302+02:00</time>
      <extensions>
        <activity type="STILL" conf="97" state="still" tsMs="1787471857690"/>
        <radio op="vodafone IT" rat="LTE" q="26.00" rsrp="-99" sinr="5" rsrq="-12"/>
        <radio op="I TIM" rat="LTE" rsrp="-107" rsrq="-13"/>
      </extensions>
    </trkpt>
    <trkpt lat="45.7535388" lon="10.7511593">
      <ele>120.30000305175781</ele>
      <time>2026-08-23T09:57:46.14+02:00</time>
      <extensions>
        <activity type="STILL" conf="97" state="still" tsMs="1787471857690"/>
        <radio op="vodafone IT" rat="LTE" q="30.00" rsrp="-95" sinr="5" rsrq="-11"/>
        <radio op="I TIM" rat="LTE" rsrp="-108" rsrq="-14"/>
      </extensions>
    </trkpt>
    <trkpt lat="45.7535386" lon="10.751159">
      <ele>120.30000305175781</ele>
      <time>2026-08-23T09:58:19.624+02:00</time>
      <extensions>
        <activity type="STILL" conf="97" state="still" tsMs="1787471897354"/>
        <radio op="vodafone IT" rat="LTE" q="33.60" rsrp="-101" sinr="9" rsrq="-11"/>
        <radio op="I TIM" rat="LTE" rsrp="-109" rsrq="-15"/>
      </extensions>
    </trkpt>
    <trkpt lat="45.7534889" lon="10.7512892">
      <ele>120.30000305175781</ele>
      <time>2026-08-23T10:01:15.844+02:00</time>
      <extensions>
        <activity type="UNKNOWN" conf="40" state="unknown" tsMs="1787472073115"/>
        <radio op="vodafone IT" rat="LTE" q="17.00" rsrp="-108" sinr="5" rsrq="-10"/>
        <radio op="I TIM" rat="LTE" rsrp="-110" rsrq="-15"/>
      </extensions>
    </trkpt>
    <trkpt lat="45.7536101" lon="10.7511771">
      <ele>120.30000305175781</ele>
      <time>2026-08-23T10:01:49.14+02:00</time>
      <extensions>
        <activity type="UNKNOWN" conf="40" state="unknown" tsMs="1787472103982"/>
        <radio op="vodafone IT" rat="LTE" q="28.60" rsrp="-99" sinr="6" rsrq="-13"/>
        <radio op="I TIM" rat="LTE" rsrp="-109" rsrq="-16"/>
      </extensions>
    </trkpt>
    <trkpt lat="45.7535584" lon="10.7512041">
      <ele>120.30000305175781</ele>
      <time>2026-08-23T10:01:52.138+02:00</time>
      <extensions>
        <activity type="STILL" conf="100" state="still" tsMs="1787472110536"/>
        <radio op="vodafone IT" rat="LTE" q="29.90" rsrp="-102" sinr="8" rsrq="-12"/>
        <radio op="I TIM" rat="LTE" q="11.70" rsrp="-112" sinr="4" rsrq="-11"/>
      </extensions>
    </trkpt>
    <trkpt lat="45.7535559" lon="10.751198">
      <ele>120.30000305175781</ele>
      <time>2026-08-23T10:02:30.326+02:00</time>
      <extensions>
        <activity type="UNKNOWN" conf="40" state="unknown" tsMs="1787472146066"/>
        <radio op="vodafone IT" rat="LTE" q="24.80" rsrp="-94" sinr="3" rsrq="-11"/>
        <radio op="I TIM" rat="LTE" q="13.50" rsrp="-110" sinr="4" rsrq="-12"/>
      </extensions>
    </trkpt>
    <trkpt lat="45.7535689" lon="10.7511549">
      <ele>121.61036714409059</ele>
      <time>2026-08-23T10:03:07.142+02:00</time>
      <extensions>
        <activity type="STILL" conf="52" state="still" tsMs="1787472189743"/>
        <radio op="vodafone IT" rat="LTE" q="39.00" rsrp="-99" sinr="10" rsrq="-13"/>
        <radio op="I TIM" rat="LTE" q="9.00" rsrp="-110" sinr="1" rsrq="-11"/>
      </extensions>
    </trkpt>
    <trkpt lat="45.7535774" lon="10.7511343">
      <ele>121.53612933257969</ele>
      <time>2026-08-23T10:03:44.691+02:00</time>
      <extensions>
        <activity type="UNKNOWN" conf="40" state="unknown" tsMs="1787472222066"/>
        <radio op="vodafone IT" rat="LTE" q="36.40" rsrp="-99" sinr="9" rsrq="-12"/>
        <radio op="I TIM" rat="LTE" q="10.40" rsrp="-112" sinr="3" rsrq="-12"/>
      </extensions>
    </trkpt>
    <trkpt lat="45.7535386" lon="10.7512498">
      <ele>121.35546936372207</ele>
      <time>2026-08-23T10:04:17.812+02:00</time>
      <extensions>
        <activity type="UNKNOWN" conf="40" state="unknown" tsMs="1787472250507"/>
        <radio op="vodafone IT" rat="LTE" q="23.40" rsrp="-99" sinr="4" rsrq="-10"/>
        <radio op="I TIM" rat="LTE" q="4.50" rsrp="-116" sinr="0" rsrq="-15"/>
      </extensions>
    </trkpt>
    <trkpt lat="45.7535403" lon="10.7512087">
      <ele>121.39284697694372</ele>
      <time>2026-08-23T10:04:20.14+02:00</time>
      <extensions>
        <activity type="UNKNOWN" conf="40" state="unknown" tsMs="1787472255926"/>
        <radio op="vodafone IT" rat="LTE" q="29.00" rsrp="-96" sinr="5" rsrq="-9"/>
        <radio op="I TIM" rat="LTE" q="7.20" rsrp="-113" sinr="1" rsrq="-12"/>
      </extensions>
    </trkpt>
    <trkpt lat="45.7535425" lon="10.7511877">
      <ele>121.05022493626741</ele>
      <time>2026-08-23T10:04:58.662+02:00</time>
      <extensions>
        <activity type="STILL" conf="74" state="still" tsMs="1787472298074"/>
        <radio op="vodafone IT" rat="LTE" q="28.00" rsrp="-97" sinr="5" rsrq="-11"/>
        <radio op="I TIM" rat="LTE" q="20.80" rsrp="-109" sinr="8" rsrq="-11"/>
      </extensions>
    </trkpt>
    <trkpt lat="45.7535875" lon="10.7511323">
      <ele>121.11459530861865</ele>
      <time>2026-08-23T10:05:31.58+02:00</time>
      <extensions>
        <activity type="STILL" conf="50" state="still" tsMs="1787472324487"/>
        <radio op="vodafone IT" rat="LTE" q="66.00" rsrp="-95" sinr="17" rsrq="-11"/>
        <radio op="I TIM" rat="LTE" rsrp="-117" rsrq="-14"/>
      </extensions>
    </trkpt>
    <trkpt lat="45.7535147" lon="10.7511418">
      <ele>121.11459530861865</ele>
      <time>2026-08-23T10:05:34.14+02:00</time>
      <extensions>
        <activity type="UNKNOWN" conf="40" state="unknown" tsMs="1787472329909"/>
        <radio op="vodafone IT" rat="LTE" q="14.40" rsrp="-107" sinr="3" rsrq="-9"/>
        <radio op="I TIM" rat="LTE" rsrp="-109" rsrq="-14"/>
      </extensions>
    </trkpt>
    <trkpt lat="45.753532" lon="10.7512414">
      <ele>121.06476013952263</ele>
      <time>2026-08-23T10:06:14.008+02:00</time>
      <extensions>
        <activity type="UNKNOWN" conf="40" state="unknown" tsMs="1787472372059"/>
        <radio op="vodafone IT" rat="LTE" rsrp="-108" rsrq="-12"/>
        <radio op="I TIM" rat="LTE" rsrp="-118" rsrq="-14"/>
      </extensions>
    </trkpt>
    <trkpt lat="45.7535471" lon="10.7511773">
      <ele>121.06476013952263</ele>
      <time>2026-08-23T10:06:18.141+02:00</time>
      <extensions>
        <activity type="UNKNOWN" conf="40" state="unknown" tsMs="1787472372059"/>
        <radio op="vodafone IT" rat="LTE" q="25.30" rsrp="-102" sinr="6" rsrq="-10"/>
        <radio op="I TIM" rat="LTE" rsrp="-115" rsrq="-13"/>
      </extensions>
    </trkpt>
    <trkpt lat="45.7535469" lon="10.7511741">
      <ele>119.97396016084424</ele>
      <time>2026-08-23T10:06:56.91+02:00</time>
      <extensions>
        <activity type="UNKNOWN" conf="40" state="unknown" tsMs="1787472415648"/>
        <radio op="vodafone IT" rat="LTE" q="14.40" rsrp="-107" sinr="3" rsrq="-12"/>
        <radio op="I TIM" rat="LTE" q="27.20" rsrp="-108" sinr="11" rsrq="-9"/>
      </extensions>
    </trkpt>
    <trkpt lat="45.7535345" lon="10.7510761">
      <ele>117.30000305175781</ele>
      <time>2026-08-23T10:07:34.598+02:00</time>
      <extensions>
        <activity type="UNKNOWN" conf="40" state="unknown" tsMs="1787472448224"/>
        <radio op="vodafone IT" rat="LTE" rsrp="-114" rsrq="-16"/>
        <radio op="I TIM" rat="LTE" rsrp="-114" rsrq="-14"/>
      </extensions>
    </trkpt>
    <trkpt lat="45.7535344" lon="10.7510755">
      <ele>117.30000305175781</ele>
      <time>2026-08-23T10:08:07.94+02:00</time>
      <extensions>
        <activity type="STILL" conf="98" state="still" tsMs="1787472487513"/>
        <radio op="vodafone IT" rat="LTE" rsrp="-112" rsrq="-15"/>
        <radio op="I TIM" rat="LTE" rsrp="-113" rsrq="-14"/>
      </extensions>
    </trkpt>
    <trkpt lat="45.7535727" lon="10.7510586">
      <ele>120.77613713138317</ele>
      <time>2026-08-23T10:08:14.14+02:00</time>
      <extensions>
        <activity type="STILL" conf="98" state="still" tsMs="1787472487513"/>
        <radio op="vodafone IT" rat="LTE" rsrp="-111" rsrq="-14"/>
        <radio op="I TIM" rat="LTE" rsrp="-113" rsrq="-13"/>
      </extensions>
    </trkpt>
    <trkpt lat="45.7535745" lon="10.7510534">
      <ele>120.36605994745148</ele>
      <time>2026-08-23T10:08:46.691+02:00</time>
      <extensions>
        <activity type="UNKNOWN" conf="40" state="unknown" tsMs="1787472524985"/>
        <radio op="vodafone IT" rat="LTE" rsrp="-108" rsrq="-14"/>
        <radio op="I TIM" rat="LTE" rsrp="-114" rsrq="-17"/>
      </extensions>
    </trkpt>
    <trkpt lat="45.7535625" lon="10.7513518">
      <ele>120.15428090680722</ele>
      <time>2026-08-23T10:10:55.45+02:00</time>
      <extensions>
        <activity type="UNKNOWN" conf="40" state="unknown" tsMs="1787472669454"/>
        <radio op="vodafone IT" rat="LTE" q="9.00" rsrp="-110" sinr="1" rsrq="-12"/>
        <radio op="I TIM" rat="LTE" rsrq="-20"/>
      </extensions>
    </trkpt>
    <trkpt lat="45.7536214" lon="10.751363">
      <ele>117.9000015258789</ele>
      <time>2026-08-23T10:11:30.936+02:00</time>
      <extensions>
        <activity type="UNKNOWN" conf="40" state="unknown" tsMs="1787472691148"/>
        <radio op="vodafone IT" rat="LTE" rsrp="-96" rsrq="-9"/>
        <radio op="I TIM" rat="LTE" q="17.10" rsrp="-106" sinr="4" rsrq="-11"/>
      </extensions>
    </trkpt>
    <trkpt lat="45.7535816" lon="10.7511696">
      <ele>119.97780235665635</ele>
      <time>2026-08-23T10:12:07.549+02:00</time>
      <extensions>
        <activity type="STILL" conf="72" state="still" tsMs="1787472721969"/>
        <radio op="vodafone IT" rat="LTE" rsrp="-112" rsrq="-14"/>
        <radio op="I TIM" rat="LTE" rsrp="-107" rsrq="-18"/>
      </extensions>
    </trkpt>
    <trkpt lat="45.7535563" lon="10.751104">
      <ele>119.97780235665635</ele>
      <time>2026-08-23T10:12:11.14+02:00</time>
      <extensions>
        <activity type="UNKNOWN" conf="40" state="unknown" tsMs="1787472738581"/>
        <radio op="vodafone IT" rat="LTE" rsrp="-101" rsrq="-11"/>
        <radio op="I TIM" rat="LTE" q="24.00" rsrp="-105" sinr="7" rsrq="-9"/>
      </extensions>
    </trkpt>
    <trkpt lat="45.7535708" lon="10.751136">
      <ele>120.30740493607543</ele>
      <time>2026-08-23T10:12:43.471+02:00</time>
      <extensions>
        <activity type="UNKNOWN" conf="40" state="unknown" tsMs="1787472760052"/>
        <radio op="vodafone IT" rat="LTE" q="32.00" rsrp="-93" sinr="5" rsrq="-12"/>
        <radio op="I TIM" rat="LTE" rsrp="-101" rsrq="-16"/>
      </extensions>
    </trkpt>
    <trkpt lat="45.7535341" lon="10.7511779">
      <ele>120.30000305175781</ele>
      <time>2026-08-23T10:12:46.14+02:00</time>
      <extensions>
        <activity type="UNKNOWN" conf="40" state="unknown" tsMs="1787472760052"/>
        <radio op="vodafone IT" rat="LTE" q="21.00" rsrp="-95" sinr="2" rsrq="-12"/>
        <radio op="I TIM" rat="LTE" rsrp="-102" rsrq="-17"/>
      </extensions>
    </trkpt>
    <trkpt lat="45.7535199" lon="10.75112">
      <ele>117.9000015258789</ele>
      <time>2026-08-23T10:13:25.923+02:00</time>
      <extensions>
        <activity type="UNKNOWN" conf="40" state="unknown" tsMs="1787472803628"/>
        <radio op="vodafone IT" rat="LTE" rsrp="-106" rsrq="-11"/>
        <radio op="I TIM" rat="LTE" rsrp="-104" rsrq="-17"/>
      </extensions>
    </trkpt>
    <trkpt lat="45.7535436" lon="10.7511217">
      <ele>117.9000015258789</ele>
      <time>2026-08-23T10:13:30.14+02:00</time>
      <extensions>
        <activity type="UNKNOWN" conf="40" state="unknown" tsMs="1787472803628"/>
        <radio op="vodafone IT" rat="LTE" q="12.80" rsrp="-109" sinr="3" rsrq="-14"/>
        <radio op="I TIM" rat="LTE" q="20.00" rsrp="-105" sinr="5" rsrq="-8"/>
      </extensions>
    </trkpt>
    <trkpt lat="45.7535433" lon="10.7511222">
      <ele>120.30000305175781</ele>
      <time>2026-08-23T10:14:06.656+02:00</time>
      <extensions>
        <activity type="UNKNOWN" conf="40" state="unknown" tsMs="1787472846266"/>
        <radio op="vodafone IT" rat="LTE" q="10.40" rsrp="-112" sinr="3" rsrq="-13"/>
        <radio op="I TIM" rat="LTE" rsrp="-113" rsrq="-15"/>
      </extensions>
    </trkpt>
    <trkpt lat="45.7538059" lon="10.7511417">
      <ele>120.30000305175781</ele>
      <time>2026-08-23T10:14:39.669+02:00</time>
      <extensions>
        <activity type="ON_FOOT" conf="94" state="moving" tsMs="1787472872491"/>
        <radio op="vodafone IT" rat="LTE" q="12.00" rsrp="-101" sinr="0" rsrq="-11"/>
        <radio op="I TIM" rat="LTE" rsrp="-99" rsrq="-14"/>
      </extensions>
    </trkpt>
    <trkpt lat="45.7537329" lon="10.7510673">
      <ele>120.30000305175781</ele>
      <time>2026-08-23T10:14:42.14+02:00</time>
      <extensions>
        <activity type="ON_FOOT" conf="97" state="moving" tsMs="1787472881476"/>
        <radio op="vodafone IT" rat="LTE" rsrp="-113" rsrq="-15"/>
        <radio op="I TIM" rat="LTE" rsrp="-103" rsrq="-14"/>
      </extensions>
    </trkpt>
    <trkpt lat="45.753731" lon="10.7510605">
      <ele>120.30000305175781</ele>
      <time>2026-08-23T10:15:28.274+02:00</time>
      <extensions>
        <activity type="ON_FOOT" conf="91" state="moving" tsMs="1787472923196"/>
        <radio op="vodafone IT" rat="LTE" rsrp="-111" rsrq="-17"/>
        <radio op="I TIM" rat="LTE" rsrp="-112" rsrq="-14"/>
      </extensions>
    </trkpt>
    <trkpt lat="45.7537219" lon="10.7508617">
      <ele>117.9000015258789</ele>
      <time>2026-08-23T10:16:01.832+02:00</time>
      <extensions>
        <activity type="UNKNOWN" conf="40" state="unknown" tsMs="1787472956205"/>
        <radio op="vodafone IT" rat="LTE" rsrp="-107" rsrq="-16"/>
        <radio op="I TIM" rat="LTE" rsrp="-111" rsrq="-16"/>
      </extensions>
    </trkpt>
    <trkpt lat="45.7536757" lon="10.7508989">
      <ele>117.9000015258789</ele>
      <time>2026-08-23T10:16:34.189+02:00</time>
      <extensions>
        <activity type="IN_VEHICLE" conf="96" state="moving" tsMs="1787472988932"/>
        <radio op="vodafone IT" rat="LTE" rsrp="-107" rsrq="-16"/>
        <radio op="I TIM" rat="LTE" q="7.50" rsrp="-110" sinr="0" rsrq="-16"/>
      </extensions>
    </trkpt>
    <trkpt lat="45.7537408" lon="10.7508284">
      <ele>117.9000015258789</ele>
      <time>2026-08-23T10:16:37.14+02:00</time>
      <extensions>
        <activity type="IN_VEHICLE" conf="92" state="moving" tsMs="1787473003520"/>
        <radio op="vodafone IT" rat="LTE" rsrp="-106" rsrq="-16"/>
        <radio op="I TIM" rat="LTE" rsrp="-111" rsrq="-14"/>
      </extensions>
    </trkpt>
    <trkpt lat="45.7536836" lon="10.7509266">
      <ele>117.9000015258789</ele>
      <time>2026-08-23T10:17:15.578+02:00</time>
      <extensions>
        <activity type="UNKNOWN" conf="40" state="unknown" tsMs="1787473030534"/>
        <radio op="vodafone IT" rat="LTE" rsrp="-110" rsrq="-16"/>
        <radio op="I TIM" rat="LTE" rsrp="-113" rsrq="-16"/>
      </extensions>
    </trkpt>
    <trkpt lat="45.7537216" lon="10.7509293">
      <ele>117.9000015258789</ele>
      <time>2026-08-23T10:17:54.941+02:00</time>
      <extensions>
        <activity type="UNKNOWN" conf="40" state="unknown" tsMs="1787473072977"/>
        <radio op="vodafone IT" rat="LTE" rsrp="-113" rsrq="-13"/>
        <radio op="I TIM" rat="LTE" rsrp="-110" rsrq="-15"/>
      </extensions>
    </trkpt>
    <trkpt lat="45.7537752" lon="10.7507996">
      <ele>117.9000015258789</ele>
      <time>2026-08-23T10:18:27.271+02:00</time>
      <extensions>
        <activity type="UNKNOWN" conf="40" state="unknown" tsMs="1787473104593"/>
        <radio op="vodafone IT" rat="LTE" rsrp="-114" rsrq="-14"/>
        <radio op="I TIM" rat="LTE" q="12.00" rsrp="-110" sinr="3" rsrq="-16"/>
      </extensions>
    </trkpt>
    <trkpt lat="45.7537178" lon="10.7508104">
      <ele>117.9000015258789</ele>
      <time>2026-08-23T10:18:37.14+02:00</time>
      <extensions>
        <activity type="UNKNOWN" conf="40" state="unknown" tsMs="1787473104593"/>
        <radio op="vodafone IT" rat="LTE" q="5.00" rsrp="-115" sinr="0" rsrq="-13"/>
        <radio op="I TIM" rat="LTE" rsrp="-110" rsrq="-16"/>
      </extensions>
    </trkpt>
    <trkpt lat="45.7537512" lon="10.7508728">
      <ele>124.30000305175781</ele>
      <time>2026-08-23T10:18:39.14+02:00</time>
      <extensions>
        <activity type="STILL" conf="83" state="still" tsMs="1787473134587"/>
        <radio op="vodafone IT" rat="LTE" rsrp="-115" rsrq="-14"/>
        <radio op="I TIM" rat="LTE" rsrp="-111" rsrq="-16"/>
      </extensions>
    </trkpt>
    <trkpt lat="45.75379" lon="10.7508564">
      <ele>117.45672499933316</ele>
      <time>2026-08-23T10:19:17.383+02:00</time>
      <extensions>
        <activity type="STILL" conf="48" state="still" tsMs="1787473150644"/>
        <radio op="vodafone IT" rat="LTE" rsrp="-113" rsrq="-14"/>
        <radio op="I TIM" rat="LTE" rsrp="-109" rsrq="-16"/>
      </extensions>
    </trkpt>
    <trkpt lat="45.7539795" lon="10.7511709">
      <ele>117.4000015258789</ele>
      <time>2026-08-23T10:20:00.265+02:00</time>
      <extensions>
        <activity type="IN_VEHICLE" conf="96" state="moving" tsMs="1787473199860"/>
        <radio op="vodafone IT" rat="LTE" rsrp="-114" rsrq="-14"/>
        <radio op="I TIM" rat="LTE" rsrp="-110" rsrq="-15"/>
      </extensions>
    </trkpt>
    <trkpt lat="45.7538143" lon="10.7501635">
      <ele>116.18463786022289</ele>
      <time>2026-08-23T10:20:36.978+02:00</time>
      <extensions>
        <activity type="IN_VEHICLE" conf="97" state="moving" tsMs="1787473233835"/>
        <radio op="vodafone IT" rat="LTE" q="7.00" rsrp="-111" sinr="0" rsrq="-14"/>
        <radio op="I TIM" rat="LTE" rsrp="-109" rsrq="-15"/>
      </extensions>
    </trkpt>
    <trkpt lat="45.7529266" lon="10.749485">
      <ele>118.30000305175781</ele>
      <time>2026-08-23T10:21:08.195+02:00</time>
      <extensions>
        <activity type="IN_VEHICLE" conf="97" state="moving" tsMs="1787473262761"/>
        <radio op="vodafone IT" rat="LTE" rsrp="-112" rsrq="-15"/>
        <radio op="I TIM" rat="LTE" rsrp="-108" rsrq="-16"/>
      </extensions>
    </trkpt>
    <trkpt lat="45.7533463" lon="10.7509692">
      <ele>118.30000305175781</ele>
      <time>2026-08-23T10:21:40.969+02:00</time>
      <extensions>
        <activity type="IN_VEHICLE" conf="97" state="moving" tsMs="1787473296296"/>
        <radio op="vodafone IT" rat="LTE" q="33.80" rsrp="-99" sinr="8" rsrq="-11"/>
        <radio op="I TIM" rat="LTE" rsrp="-89" rsrq="-14"/>
      </extensions>
    </trkpt>
    <trkpt lat="45.7534469" lon="10.7508727">
      <ele>118.30000305175781</ele>
      <time>2026-08-23T10:21:45.14+02:00</time>
      <extensions>
        <activity type="IN_VEHICLE" conf="96" state="moving" tsMs="1787473302869"/>
        <radio op="vodafone IT" rat="LTE" rsrp="-105" rsrq="-14"/>
        <radio op="I TIM" rat="LTE" rsrp="-102" rsrq="-15"/>
      </extensions>
    </trkpt>
    <trkpt lat="45.7551641" lon="10.7501671">
      <ele>119.9000015258789</ele>
      <time>2026-08-23T10:22:34.216+02:00</time>
      <extensions>
        <activity type="IN_VEHICLE" conf="97" state="moving" tsMs="1787473349182"/>
        <radio op="vodafone IT" rat="LTE" q="20.80" rsrp="-109" sinr="8" rsrq="-12"/>
        <radio op="I TIM" rat="LTE" rsrp="-108" rsrq="-16"/>
      </extensions>
    </trkpt>
    <trkpt lat="45.7553731" lon="10.7499107">
      <ele>120.5999984741211</ele>
      <time>2026-08-23T10:23:12.485+02:00</time>
      <extensions>
        <activity type="IN_VEHICLE" conf="97" state="moving" tsMs="1787473392222"/>
        <radio op="vodafone IT" rat="LTE" q="7.80" rsrp="-112" sinr="1" rsrq="-14"/>
        <radio op="I TIM" rat="LTE" rsrp="-110" rsrq="-16"/>
      </extensions>
    </trkpt>
    <trkpt lat="45.7546176" lon="10.7507603">
      <ele>120.19999694824219</ele>
      <time>2026-08-23T10:23:46.952+02:00</time>
      <extensions>
        <activity type="IN_VEHICLE" conf="97" state="moving" tsMs="1787473423606"/>
        <radio op="vodafone IT" rat="LTE" q="16.10" rsrp="-102" sinr="2" rsrq="-13"/>
        <radio op="I TIM" rat="LTE" q="13.50" rsrp="-98" sinr="0" rsrq="-14"/>
      </extensions>
    </trkpt>
    <trkpt lat="45.7527328" lon="10.7500599">
      <ele>116.25855915640487</ele>
      <time>2026-08-23T10:24:24.433+02:00</time>
      <extensions>
        <activity type="IN_VEHICLE" conf="97" state="moving" tsMs="1787473459954"/>
        <radio op="vodafone IT" rat="LTE" rsrp="-106" rsrq="-13"/>
        <radio op="I TIM" rat="LTE" rsrp="-94" rsrq="-15"/>
      </extensions>
    </trkpt>
    <trkpt lat="45.7512269" lon="10.7476207">
      <ele>115.36823870136404</ele>
      <time>2026-08-23T10:25:04.13+02:00</time>
      <extensions>
        <activity type="IN_VEHICLE" conf="97" state="moving" tsMs="1787473496683"/>
        <radio op="vodafone IT" rat="LTE" rsrp="-106" rsrq="-13"/>
        <radio op="I TIM" rat="LTE" q="25.60" rsrp="-93" sinr="3" rsrq="-14"/>
      </extensions>
    </trkpt>
    <trkpt lat="45.7370504" lon="10.7353366">
      <ele>127.32365337335534</ele>
      <time>2026-08-23T10:27:06.149+02:00</time>
      <extensions>
        <activity type="IN_VEHICLE" conf="97" state="moving" tsMs="1787473641145"/>
        <radio op="vodafone IT" rat="LTE" rsrp="-108" rsrq="-11"/>
        <radio op="I TIM" rat="LTE" rsrp="-108" rsrq="-18"/>
      </extensions>
    </trkpt>
    <trkpt lat="45.734158" lon="10.7306257">
      <ele>125.80676061238326</ele>
      <time>2026-08-23T10:27:40.146+02:00</time>
      <extensions>
        <activity type="IN_VEHICLE" conf="97" state="moving" tsMs="1787473667712"/>
        <radio op="vodafone IT" rat="LTE" q="22.50" rsrp="-100" sinr="4" rsrq="-7"/>
        <radio op="I TIM" rat="LTE" rsrp="-105" rsrq="-17"/>
      </extensions>
    </trkpt>
    <trkpt lat="45.7315586" lon="10.7257685">
      <ele>125.16683679187003</ele>
      <time>2026-08-23T10:28:14.142+02:00</time>
      <extensions>
        <activity type="IN_VEHICLE" conf="97" state="moving" tsMs="1787473689222"/>
        <radio op="vodafone IT" rat="LTE" q="32.40" rsrp="-98" sinr="7" rsrq="-12"/>
        <radio op="I TIM" rat="LTE" rsrp="-98" rsrq="-13"/>
      </extensions>
    </trkpt>
    <trkpt lat="45.7283138" lon="10.7201259">
      <ele>117.5999984741211</ele>
      <time>2026-08-23T10:28:55.142+02:00</time>
      <extensions>
        <activity type="IN_VEHICLE" conf="97" state="moving" tsMs="1787473742989"/>
        <radio op="vodafone IT" rat="LTE" q="12.60" rsrp="-104" sinr="1" rsrq="-15"/>
        <radio op="I TIM" rat="LTE" rsrp="-102" rsrq="-17"/>
      </extensions>
    </trkpt>
    <trkpt lat="45.7286029" lon="10.7194661">
      <ele>138.92269760656055</ele>
      <time>2026-08-23T10:29:48.032+02:00</time>
      <extensions>
        <activity type="IN_VEHICLE" conf="96" state="moving" tsMs="1787473786218"/>
        <radio op="vodafone IT" rat="LTE" q="16.00" rsrp="-93" sinr="0" rsrq="-12"/>
        <radio op="I TIM" rat="LTE" rsrp="-139" rsrq="-25"/>
      </extensions>
    </trkpt>
    <trkpt lat="45.7286029" lon="10.7194661">
      <ele>148.18987831621632</ele>
      <time>2026-08-23T10:29:59.884+02:00</time>
      <extensions>
        <activity type="IN_VEHICLE" conf="97" state="moving" tsMs="1787473808890"/>
        <radio op="vodafone IT" rat="LTE" q="9.00" rsrp="-107" sinr="0" rsrq="-12"/>
        <radio op="I TIM" rat="LTE" rsrq="-20"/>
      </extensions>
    </trkpt>
    <trkpt lat="45.7169322" lon="10.704689">
      <ele>197.66338361766122</ele>
      <time>2026-08-23T10:30:49.144+02:00</time>
      <extensions>
        <activity type="IN_VEHICLE" conf="97" state="moving" tsMs="1787473856534"/>
        <radio op="vodafone IT" rat="LTE" rsrp="-110" rsrq="-13"/>
        <radio op="I TIM" rat="LTE" q="20.70" rsrp="-102" sinr="4" rsrq="-14"/>
      </extensions>
    </trkpt>
    <trkpt lat="45.7126625" lon="10.7003957">
      <ele>223.75025246808366</ele>
      <time>2026-08-23T10:31:32.134+02:00</time>
      <extensions>
        <activity type="IN_VEHICLE" conf="96" state="moving" tsMs="1787473892492"/>
        <radio op="vodafone IT" rat="LTE" q="24.00" rsrp="-113" sinr="15" rsrq="-11"/>
        <radio op="I TIM" rat="LTE" rsrp="-118" rsrq="-14"/>
      </extensions>
    </trkpt>
    <trkpt lat="45.708534" lon="10.693471">
      <ele>233.0504366722413</ele>
      <time>2026-08-23T10:32:28.14+02:00</time>
      <extensions>
        <activity type="IN_VEHICLE" conf="97" state="moving" tsMs="1787473948591"/>
        <radio op="vodafone IT" rat="LTE" rsrp="-112" rsrq="-20"/>
        <radio op="I TIM" rat="LTE" q="17.50" rsrp="-100" sinr="2" rsrq="-14"/>
      </extensions>
    </trkpt>
    <trkpt lat="45.7033449" lon="10.6816232">
      <ele>209.04147762465675</ele>
      <time>2026-08-23T10:33:52.139+02:00</time>
      <extensions>
        <activity type="IN_VEHICLE" conf="97" state="moving" tsMs="1787474049073"/>
        <radio op="vodafone IT" rat="LTE" rsrp="-107" rsrq="-18"/>
        <radio op="I TIM" rat="LTE" rsrp="-104" rsrq="-14"/>
      </extensions>
    </trkpt>
    <trkpt lat="45.6997423" lon="10.6769569">
      <ele>191.2285991383484</ele>
      <time>2026-08-23T10:34:34.139+02:00</time>
      <extensions>
        <activity type="IN_VEHICLE" conf="97" state="moving" tsMs="1787474070421"/>
        <radio op="vodafone IT" rat="LTE" q="11.40" rsrp="-106" sinr="1" rsrq="-11"/>
        <radio op="I TIM" rat="LTE" q="15.20" rsrp="-106" sinr="3" rsrq="-17"/>
      </extensions>
    </trkpt>
    <trkpt lat="45.6957612" lon="10.6703276">
      <ele>168.4245490383413</ele>
      <time>2026-08-23T10:35:17.14+02:00</time>
      <extensions>
        <activity type="IN_VEHICLE" conf="96" state="moving" tsMs="1787474117036"/>
        <radio op="vodafone IT" rat="LTE" rsrp="-106" rsrq="-15"/>
        <radio op="I TIM" rat="LTE" rsrp="-109" rsrq="-15"/>
      </extensions>
    </trkpt>
    <trkpt lat="45.6926607" lon="10.6674332">
      <ele>154.97534571184082</ele>
      <time>2026-08-23T10:35:56.695+02:00</time>
      <extensions>
        <activity type="IN_VEHICLE" conf="97" state="moving" tsMs="1787474152521"/>
        <radio op="vodafone IT" rat="LTE" q="26.40" rsrp="-101" sinr="6" rsrq="-11"/>
        <radio op="I TIM" rat="LTE" rsrp="-104" rsrq="-11"/>
      </extensions>
    </trkpt>
    <trkpt lat="45.6921964" lon="10.6670151">
      <ele>145.54491217740508</ele>
      <time>2026-08-23T10:36:28.181+02:00</time>
      <extensions>
        <activity type="IN_VEHICLE" conf="97" state="moving" tsMs="1787474183653"/>
        <radio op="vodafone IT" rat="LTE" q="100.00" rsrp="-80" sinr="22" rsrq="-9"/>
        <radio op="I TIM" rat="LTE" q="84.00" rsrp="-79" sinr="16" rsrq="-7"/>
      </extensions>
    </trkpt>
    <trkpt lat="45.6887101" lon="10.6620044">
      <ele>134.70986003114587</ele>
      <time>2026-08-23T10:36:59.357+02:00</time>
      <extensions>
        <activity type="IN_VEHICLE" conf="97" state="moving" tsMs="1787474214989"/>
        <radio op="vodafone IT" rat="LTE" q="55.80" rsrp="-94" sinr="13" rsrq="-8"/>
        <radio op="I TIM" rat="LTE" q="68.40" rsrp="-89" sinr="14" rsrq="-9"/>
      </extensions>
    </trkpt>
    <trkpt lat="45.6834967" lon="10.657296">
      <ele>125.0999984741211</ele>
      <time>2026-08-23T10:38:02.309+02:00</time>
      <extensions>
        <activity type="IN_VEHICLE" conf="97" state="moving" tsMs="1787474292989"/>
        <radio op="vodafone IT" rat="LTE" rsrp="-107" rsrq="-15"/>
        <radio op="I TIM" rat="LTE" q="28.80" rsrp="-109" sinr="13" rsrq="-12"/>
      </extensions>
    </trkpt>
    <trkpt lat="45.67975" lon="10.6540376">
      <ele>118.4000015258789</ele>
      <time>2026-08-23T10:38:33.525+02:00</time>
      <extensions>
        <activity type="IN_VEHICLE" conf="97" state="moving" tsMs="1787474324364"/>
        <radio op="vodafone IT" rat="LTE" q="11.00" rsrp="-103" sinr="0" rsrq="-14"/>
        <radio op="I TIM" rat="LTE" rsrp="-112" rsrq="-14"/>
      </extensions>
    </trkpt>
    <trkpt lat="45.6763988" lon="10.6525532">
      <ele>117.5</ele>
      <time>2026-08-23T10:39:06.31+02:00</time>
      <extensions>
        <activity type="IN_VEHICLE" conf="97" state="moving" tsMs="1787474345899"/>
        <radio op="vodafone IT" rat="LTE" q="8.40" rsrp="-111" sinr="1" rsrq="-11"/>
        <radio op="I TIM" rat="LTE" q="8.80" rsrp="-117" sinr="6" rsrq="-14"/>
      </extensions>
    </trkpt>
    <trkpt lat="45.6745599" lon="10.6505448">
      <ele>125.5999984741211</ele>
      <time>2026-08-23T10:39:38.506+02:00</time>
      <extensions>
        <activity type="IN_VEHICLE" conf="97" state="moving" tsMs="1787474374428"/>
        <radio op="vodafone IT" rat="LTE" q="7.20" rsrp="-117" sinr="4" rsrq="-17"/>
        <radio op="I TIM" rat="LTE" q="36.10" rsrp="-106" sinr="14" rsrq="-12"/>
      </extensions>
    </trkpt>
    <trkpt lat="45.6699772" lon="10.6507265">
      <ele>134.83985502234628</ele>
      <time>2026-08-23T10:40:26.245+02:00</time>
      <extensions>
        <activity type="IN_VEHICLE" conf="97" state="moving" tsMs="1787474424182"/>
        <radio op="vodafone IT" rat="LTE" q="24.00" rsrp="-101" sinr="5" rsrq="-10"/>
        <radio op="I TIM" rat="LTE" q="28.90" rsrp="-108" sinr="12" rsrq="-14"/>
      </extensions>
    </trkpt>
    <trkpt lat="45.6652638" lon="10.6465896">
      <ele>134.31572722827883</ele>
      <time>2026-08-23T10:41:07.139+02:00</time>
      <extensions>
        <activity type="IN_VEHICLE" conf="96" state="moving" tsMs="1787474467860"/>
        <radio op="vodafone IT" rat="LTE" rsrp="-106" rsrq="-15"/>
        <radio op="I TIM" rat="LTE" q="21.00" rsrp="-104" sinr="5" rsrq="-13"/>
      </extensions>
    </trkpt>
    <trkpt lat="45.6618945" lon="10.6433886">
      <ele>129.6997906400098</ele>
      <time>2026-08-23T10:41:46.077+02:00</time>
      <extensions>
        <activity type="IN_VEHICLE" conf="97" state="moving" tsMs="1787474503276"/>
        <radio op="vodafone IT" rat="LTE" rsrp="-119" rsrq="-19"/>
        <radio op="I TIM" rat="LTE" rsrp="-106" rsrq="-15"/>
      </extensions>
    </trkpt>
    <trkpt lat="45.6564398" lon="10.6354102">
      <ele>126.9000015258789</ele>
      <time>2026-08-23T10:42:29.138+02:00</time>
      <extensions>
        <activity type="IN_VEHICLE" conf="96" state="moving" tsMs="1787474549058"/>
        <radio op="vodafone IT" rat="LTE" q="25.30" rsrp="-102" sinr="6" rsrq="-13"/>
        <radio op="I TIM" rat="LTE" q="16.80" rsrp="-104" sinr="3" rsrq="-15"/>
      </extensions>
    </trkpt>
    <trkpt lat="45.6541617" lon="10.6312719">
      <ele>132.70001220703125</ele>
      <time>2026-08-23T10:42:58.138+02:00</time>
      <extensions>
        <activity type="IN_VEHICLE" conf="92" state="moving" tsMs="1787474597956"/>
        <radio op="vodafone IT" rat="LTE" q="14.00" rsrp="-105" sinr="2" rsrq="-13"/>
        <radio op="I TIM" rat="LTE" rsrp="-106" rsrq="-17"/>
      </extensions>
    </trkpt>
    <trkpt lat="45.6512744" lon="10.6272492">
      <ele>126.9000015258789</ele>
      <time>2026-08-23T10:43:34.138+02:00</time>
      <extensions>
        <activity type="IN_VEHICLE" conf="96" state="moving" tsMs="1787474614041"/>
        <radio op="vodafone IT" rat="LTE" rsrp="-109" rsrq="-15"/>
        <radio op="I TIM" rat="LTE" rsrp="-95" rsrq="-13"/>
      </extensions>
    </trkpt>
    <trkpt lat="45.6457415" lon="10.6169692">
      <ele>132.10000610351562</ele>
      <time>2026-08-23T10:44:41.178+02:00</time>
      <extensions>
        <activity type="IN_VEHICLE" conf="97" state="moving" tsMs="1787474692034"/>
        <radio op="vodafone IT" rat="LTE" q="22.00" rsrp="-103" sinr="5" rsrq="-11"/>
        <radio op="I TIM" rat="LTE" q="12.00" rsrp="-101" sinr="0" rsrq="-14"/>
      </extensions>
    </trkpt>
    <trkpt lat="45.6450671" lon="10.6168785">
      <ele>127.5</ele>
      <time>2026-08-23T10:45:20.619+02:00</time>
      <extensions>
        <activity type="IN_VEHICLE" conf="97" state="moving" tsMs="1787474716948"/>
        <radio op="vodafone IT" rat="LTE" q="16.10" rsrp="-102" sinr="2" rsrq="-11"/>
        <radio op="I TIM" rat="LTE" rsrp="-104" rsrq="-14"/>
      </extensions>
    </trkpt>
    <trkpt lat="45.6438933" lon="10.6161106">
      <ele>128.10000610351562</ele>
      <time>2026-08-23T10:46:08.999+02:00</time>
      <extensions>
        <activity type="UNKNOWN" conf="40" state="unknown" tsMs="1787474766205"/>
        <radio op="vodafone IT" rat="LTE" q="16.20" rsrp="-107" sinr="4" rsrq="-13"/>
        <radio op="I TIM" rat="LTE" q="17.60" rsrp="-103" sinr="3" rsrq="-13"/>
      </extensions>
    </trkpt>
    <trkpt lat="45.643477" lon="10.6156524">
      <ele>128.6999969482422</ele>
      <time>2026-08-23T10:46:41.869+02:00</time>
      <extensions>
        <activity type="IN_VEHICLE" conf="97" state="moving" tsMs="1787474798208"/>
        <radio op="vodafone IT" rat="LTE" rsrp="-108" rsrq="-13"/>
        <radio op="I TIM" rat="LTE" rsrp="-109" rsrq="-14"/>
      </extensions>
    </trkpt>
    <trkpt lat="45.6434482" lon="10.6155593">
      <ele>128.6999969482422</ele>
      <time>2026-08-23T10:46:49.138+02:00</time>
      <extensions>
        <activity type="UNKNOWN" conf="40" state="unknown" tsMs="1787474812661"/>
        <radio op="vodafone IT" rat="LTE" rsrp="-109" rsrq="-14"/>
        <radio op="I TIM" rat="LTE" rsrp="-107" rsrq="-14"/>
      </extensions>
    </trkpt>
    <trkpt lat="45.6434541" lon="10.6156235">
      <ele>128.6999969482422</ele>
      <time>2026-08-23T10:47:26.153+02:00</time>
      <extensions>
        <activity type="IN_VEHICLE" conf="96" state="moving" tsMs="1787474845551"/>
        <radio op="vodafone IT" rat="LTE" rsrp="-108" rsrq="-15"/>
        <radio op="I TIM" rat="LTE" rsrp="-108" rsrq="-15"/>
      </extensions>
    </trkpt>
    <trkpt lat="45.643317" lon="10.6153864">
      <ele>128.8000030517578</ele>
      <time>2026-08-23T10:47:57.717+02:00</time>
      <extensions>
        <activity type="IN_VEHICLE" conf="97" state="moving" tsMs="1787474873156"/>
        <radio op="vodafone IT" rat="LTE" rsrp="-111" rsrq="-16"/>
        <radio op="I TIM" rat="LTE" rsrp="-106" rsrq="-16"/>
      </extensions>
    </trkpt>
    <trkpt lat="45.6430314" lon="10.6149561">
      <ele>130.10000610351562</ele>
      <time>2026-08-23T10:48:38.28+02:00</time>
      <extensions>
        <activity type="IN_VEHICLE" conf="97" state="moving" tsMs="1787474916319"/>
        <radio op="vodafone IT" rat="LTE" rsrp="-105" rsrq="-15"/>
        <radio op="I TIM" rat="LTE" q="10.50" rsrp="-104" sinr="0" rsrq="-16"/>
      </extensions>
    </trkpt>
    <trkpt lat="45.6427691" lon="10.6144838">
      <ele>130.60000610351562</ele>
      <time>2026-08-23T10:49:18.03+02:00</time>
      <extensions>
        <activity type="IN_VEHICLE" conf="98" state="moving" tsMs="1787474941002"/>
        <radio op="vodafone IT" rat="LTE" q="15.40" rsrp="-103" sinr="2" rsrq="-10"/>
        <radio op="I TIM" rat="LTE" rsrp="-106" rsrq="-16"/>
      </extensions>
    </trkpt>
    <trkpt lat="45.6421771" lon="10.6140584">
      <ele>130.60000610351562</ele>
      <time>2026-08-23T10:50:01.016+02:00</time>
      <extensions>
        <activity type="IN_VEHICLE" conf="97" state="moving" tsMs="1787474997270"/>
        <radio op="vodafone IT" rat="LTE" q="32.00" rsrp="-105" sinr="11" rsrq="-8"/>
        <radio op="I TIM" rat="LTE" q="26.40" rsrp="-101" sinr="6" rsrq="-13"/>
      </extensions>
    </trkpt>
    <trkpt lat="45.6420602" lon="10.613751">
      <ele>129.40000915527344</ele>
      <time>2026-08-23T10:50:32.152+02:00</time>
      <extensions>
        <activity type="IN_VEHICLE" conf="97" state="moving" tsMs="1787475027905"/>
        <radio op="vodafone IT" rat="LTE" q="34.00" rsrp="-105" sinr="12" rsrq="-9"/>
        <radio op="I TIM" rat="LTE" q="26.00" rsrp="-99" sinr="5" rsrq="-13"/>
      </extensions>
    </trkpt>
    <trkpt lat="45.6419987" lon="10.6125812">
      <ele>131.90000915527344</ele>
      <time>2026-08-23T10:51:03.28+02:00</time>
      <extensions>
        <activity type="IN_VEHICLE" conf="97" state="moving" tsMs="1787475058686"/>
        <radio op="vodafone IT" rat="LTE" q="43.20" rsrp="-101" sinr="13" rsrq="-11"/>
        <radio op="I TIM" rat="LTE" q="27.50" rsrp="-100" sinr="6" rsrq="-13"/>
      </extensions>
    </trkpt>
    <trkpt lat="45.641907" lon="10.612473">
      <ele>131.90000915527344</ele>
      <time>2026-08-23T10:51:34.482+02:00</time>
      <extensions>
        <activity type="IN_VEHICLE" conf="97" state="moving" tsMs="1787475089816"/>
        <radio op="vodafone IT" rat="LTE" q="59.80" rsrp="-99" sinr="18" rsrq="-6"/>
        <radio op="I TIM" rat="LTE" q="39.00" rsrp="-99" sinr="10" rsrq="-12"/>
      </extensions>
    </trkpt>
    <trkpt lat="45.6418482" lon="10.6115121">
      <ele>132.40000915527344</ele>
      <time>2026-08-23T10:52:05.47+02:00</time>
      <extensions>
        <activity type="IN_VEHICLE" conf="97" state="moving" tsMs="1787475120883"/>
        <radio op="vodafone IT" rat="LTE" q="45.60" rsrp="-101" sinr="14" rsrq="-8"/>
        <radio op="I TIM" rat="LTE" q="33.80" rsrp="-99" sinr="8" rsrq="-13"/>
      </extensions>
    </trkpt>
    <trkpt lat="45.6412612" lon="10.6107282">
      <ele>133.50001525878906</ele>
      <time>2026-08-23T10:52:36.402+02:00</time>
      <extensions>
        <activity type="IN_VEHICLE" conf="97" state="moving" tsMs="1787475152039"/>
        <radio op="vodafone IT" rat="LTE" q="61.60" rsrp="-97" sinr="17" rsrq="-6"/>
        <radio op="I TIM" rat="LTE" q="19.80" rsrp="-107" sinr="6" rsrq="-13"/>
      </extensions>
    </trkpt>
    <trkpt lat="45.641323" lon="10.6102333">
      <ele>133.40000915527344</ele>
      <time>2026-08-23T10:53:07.322+02:00</time>
      <extensions>
        <activity type="IN_VEHICLE" conf="97" state="moving" tsMs="1787475182977"/>
        <radio op="vodafone IT" rat="LTE" q="90.00" rsrp="-89" sinr="21" rsrq="-11"/>
        <radio op="I TIM" rat="LTE" q="25.20" rsrp="-104" sinr="7" rsrq="-13"/>
      </extensions>
    </trkpt>
    <trkpt lat="45.6410609" lon="10.6096596">
      <ele>133.3000030517578</ele>
      <time>2026-08-23T10:53:39.793+02:00</time>
      <extensions>
        <activity type="IN_VEHICLE" conf="96" state="moving" tsMs="1787475213905"/>
        <radio op="vodafone IT" rat="LTE" q="82.50" rsrp="-92" sinr="20" rsrq="-7"/>
        <radio op="I TIM" rat="LTE" q="26.00" rsrp="-105" sinr="8" rsrq="-13"/>
      </extensions>
    </trkpt>
    <trkpt lat="45.6411514" lon="10.6086901">
      <ele>132.90000915527344</ele>
      <time>2026-08-23T10:54:10.35+02:00</time>
      <extensions>
        <activity type="IN_VEHICLE" conf="97" state="moving" tsMs="1787475250126"/>
        <radio op="vodafone IT" rat="LTE" q="97.50" rsrp="-86" sinr="24" rsrq="-7"/>
        <radio op="I TIM" rat="LTE" q="34.50" rsrp="-102" sinr="10" rsrq="-13"/>
      </extensions>
    </trkpt>
    <trkpt lat="45.6406694" lon="10.6083705">
      <ele>133.00001525878906</ele>
      <time>2026-08-23T10:54:42.037+02:00</time>
      <extensions>
        <activity type="IN_VEHICLE" conf="97" state="moving" tsMs="1787475277987"/>
        <radio op="vodafone IT" rat="LTE" q="100.00" rsrp="-76" sinr="21" rsrq="-10"/>
        <radio op="I TIM" rat="LTE" q="14.40" rsrp="-101" sinr="1" rsrq="-14"/>
      </extensions>
    </trkpt>
    <trkpt lat="45.6405471" lon="10.608358">
      <ele>132.90000915527344</ele>
      <time>2026-08-23T10:55:12.948+02:00</time>
      <extensions>
        <activity type="IN_VEHICLE" conf="97" state="moving" tsMs="1787475308624"/>
        <radio op="vodafone IT" rat="LTE" q="100.00" rsrp="-67" sinr="24" rsrq="-13"/>
        <radio op="I TIM" rat="LTE" rsrp="-98" rsrq="-13"/>
      </extensions>
    </trkpt>
    <trkpt lat="45.6399081" lon="10.608699">
      <ele>131.20001220703125</ele>
      <time>2026-08-23T10:55:43.87+02:00</time>
      <extensions>
        <activity type="IN_VEHICLE" conf="94" state="moving" tsMs="1787475339540"/>
        <radio op="vodafone IT" rat="LTE" q="100.00" rsrp="-72" sinr="20" rsrq="-8"/>
        <radio op="I TIM" rat="LTE" q="32.50" rsrp="-100" sinr="8" rsrq="-13"/>
      </extensions>
    </trkpt>
    <trkpt lat="45.6398638" lon="10.6081824">
      <ele>130.3000030517578</ele>
      <time>2026-08-23T10:56:14.819+02:00</time>
      <extensions>
        <activity type="IN_VEHICLE" conf="97" state="moving" tsMs="1787475370496"/>
        <radio op="vodafone IT" rat="LTE" q="100.00" rsrp="-75" sinr="24" rsrq="-9"/>
        <radio op="I TIM" rat="LTE" q="10.50" rsrp="-104" sinr="0" rsrq="-15"/>
      </extensions>
    </trkpt>
    <trkpt lat="45.6391323" lon="10.6078373">
      <ele>130.10000610351562</ele>
      <time>2026-08-23T10:56:45.762+02:00</time>
      <extensions>
        <activity type="IN_VEHICLE" conf="97" state="moving" tsMs="1787475401389"/>
        <radio op="vodafone IT" rat="LTE" q="72.00" rsrp="-73" sinr="13" rsrq="-10"/>
        <radio op="I TIM" rat="LTE" rsrp="-109" rsrq="-16"/>
      </extensions>
    </trkpt>
    <trkpt lat="45.6381663" lon="10.6073855">
      <ele>127.0</ele>
      <time>2026-08-23T10:57:16.708+02:00</time>
      <extensions>
        <activity type="IN_VEHICLE" conf="97" state="moving" tsMs="1787475433057"/>
        <radio op="vodafone IT" rat="LTE" q="48.00" rsrp="-74" sinr="7" rsrq="-11"/>
        <radio op="I TIM" rat="LTE" rsrp="-104" rsrq="-21"/>
      </extensions>
    </trkpt>
    <trkpt lat="45.6379442" lon="10.6072064">
      <ele>127.0</ele>
      <time>2026-08-23T10:57:53.046+02:00</time>
      <extensions>
        <activity type="IN_VEHICLE" conf="97" state="moving" tsMs="1787475469877"/>
        <radio op="vodafone IT" rat="LTE" q="40.00" rsrp="-71" sinr="5" rsrq="-12"/>
        <radio op="I TIM" rat="LTE" rsrp="-98" rsrq="-23"/>
      </extensions>
    </trkpt>
    <trkpt lat="45.6375326" lon="10.6068693">
      <ele>126.4000015258789</ele>
      <time>2026-08-23T10:58:24.59+02:00</time>
      <extensions>
        <activity type="IN_VEHICLE" conf="97" state="moving" tsMs="1787475501219"/>
        <radio op="vodafone IT" rat="LTE" q="88.00" rsrp="-74" sinr="17" rsrq="-10"/>
        <radio op="I TIM" rat="LTE" rsrp="-105" rsrq="-16"/>
      </extensions>
    </trkpt>
    <trkpt lat="45.6375927" lon="10.6064445">
      <ele>125.80000305175781</ele>
      <time>2026-08-23T10:58:39.138+02:00</time>
      <extensions>
        <activity type="IN_VEHICLE" conf="97" state="moving" tsMs="1787475515106"/>
        <radio op="vodafone IT" rat="LTE" q="40.00" rsrp="-76" sinr="5" rsrq="-14"/>
        <radio op="I TIM" rat="LTE" rsrp="-104" rsrq="-16"/>
      </extensions>
    </trkpt>
    <trkpt lat="45.6374498" lon="10.6061536">
      <ele>125.4000015258789</ele>
      <time>2026-08-23T10:59:16.276+02:00</time>
      <extensions>
        <activity type="IN_VEHICLE" conf="97" state="moving" tsMs="1787475554386"/>
        <radio op="vodafone IT" rat="LTE" q="32.00" rsrp="-78" sinr="3" rsrq="-11"/>
        <radio op="I TIM" rat="LTE" rsrp="-111" rsrq="-18"/>
      </extensions>
    </trkpt>
    <trkpt lat="45.6380509" lon="10.6064038">
      <ele>125.4000015258789</ele>
      <time>2026-08-23T10:59:49.057+02:00</time>
      <extensions>
        <activity type="TILTING" conf="100" state="moving" tsMs="1787475587333"/>
        <radio op="vodafone IT" rat="LTE" q="91.20" rsrp="-87" sinr="19" rsrq="-10"/>
        <radio op="I TIM" rat="LTE" rsrp="-115" rsrq="-16"/>
      </extensions>
    </trkpt>
    <trkpt lat="45.6377743" lon="10.6057907">
      <ele>125.4000015258789</ele>
      <time>2026-08-23T11:00:19.829+02:00</time>
      <extensions>
        <activity type="IN_VEHICLE" conf="97" state="moving" tsMs="1787475618722"/>
        <radio op="vodafone IT" rat="LTE" q="64.00" rsrp="-83" sinr="11" rsrq="-11"/>
        <radio op="I TIM" rat="LTE" rsrp="-114" rsrq="-18"/>
      </extensions>
    </trkpt>
    <trkpt lat="45.6378405" lon="10.6056847">
      <ele>125.9000015258789</ele>
      <time>2026-08-23T11:00:47.764+02:00</time>
      <extensions>
        <activity type="STILL" conf="98" state="still" tsMs="1787475649214"/>
        <radio op="vodafone IT" rat="LTE" q="44.00" rsrp="-82" sinr="6" rsrq="-11"/>
        <radio op="I TIM" rat="LTE" rsrp="-115" rsrq="-17"/>
      </extensions>
    </trkpt>
    <trkpt lat="45.6375677" lon="10.6061324">
      <ele>125.80000305175781</ele>
      <time>2026-08-23T11:01:21.945+02:00</time>
      <extensions>
        <activity type="UNKNOWN" conf="40" state="unknown" tsMs="1787475677128"/>
        <radio op="vodafone IT" rat="LTE" q="20.00" rsrp="-82" sinr="0" rsrq="-13"/>
        <radio op="I TIM" rat="LTE" rsrp="-112" rsrq="-15"/>
      </extensions>
    </trkpt>
    <trkpt lat="45.6375325" lon="10.6060705">
      <ele>125.4000015258789</ele>
      <time>2026-08-23T11:01:41.119+02:00</time>
      <extensions>
        <activity type="ON_FOOT" conf="83" state="moving" tsMs="1787475702640"/>
        <radio op="vodafone IT" rat="LTE" q="32.00" rsrp="-83" sinr="3" rsrq="-11"/>
        <radio op="I TIM" rat="LTE" q="7.80" rsrp="-112" sinr="1" rsrq="-17"/>
      </extensions>
    </trkpt>
    <trkpt lat="45.6374632" lon="10.6064155">
      <ele>125.9000015258789</ele>
      <time>2026-08-23T11:02:13.221+02:00</time>
      <extensions>
        <activity type="UNKNOWN" conf="40" state="unknown" tsMs="1787475729361"/>
        <radio op="vodafone IT" rat="LTE" q="52.00" rsrp="-72" sinr="8" rsrq="-7"/>
        <radio op="I TIM" rat="LTE" rsrp="-107" rsrq="-15"/>
      </extensions>
    </trkpt>
    <trkpt lat="45.6375407" lon="10.6061458">
      <ele>125.4000015258789</ele>
      <time>2026-08-23T11:02:44.392+02:00</time>
      <extensions>
        <activity type="UNKNOWN" conf="40" state="unknown" tsMs="1787475760748"/>
        <radio op="vodafone IT" rat="LTE" rsrp="-74" rsrq="-13"/>
        <radio op="I TIM" rat="LTE" rsrp="-108" rsrq="-15"/>
      </extensions>
    </trkpt>
    <trkpt lat="45.637551" lon="10.6061308">
      <ele>125.4000015258789</ele>
      <time>2026-08-23T11:03:15.523+02:00</time>
      <extensions>
        <activity type="STILL" conf="85" state="still" tsMs="1787475791897"/>
        <radio op="vodafone IT" rat="LTE" q="24.00" rsrp="-72" sinr="1" rsrq="-12"/>
        <radio op="I TIM" rat="LTE" rsrp="-106" rsrq="-16"/>
      </extensions>
    </trkpt>
    <trkpt lat="45.6375465" lon="10.6061855">
      <ele>125.4000015258789</ele>
      <time>2026-08-23T11:03:47.137+02:00</time>
      <extensions>
        <activity type="STILL" conf="76" state="still" tsMs="1787475822948"/>
        <radio op="vodafone IT" rat="LTE" q="44.00" rsrp="-71" sinr="6" rsrq="-12"/>
        <radio op="I TIM" rat="LTE" rsrp="-108" rsrq="-18"/>
      </extensions>
    </trkpt>
    <trkpt lat="45.6375061" lon="10.6062199">
      <ele>125.80000305175781</ele>
      <time>2026-08-23T11:04:17.858+02:00</time>
      <extensions>
        <activity type="STILL" conf="99" state="still" tsMs="1787475854358"/>
        <radio op="vodafone IT" rat="LTE" rsrp="-71" rsrq="-12"/>
        <radio op="I TIM" rat="LTE" rsrp="-107" rsrq="-17"/>
      </extensions>
    </trkpt>
    <trkpt lat="45.637481" lon="10.6062495">
      <ele>125.80000305175781</ele>
      <time>2026-08-23T11:04:49.178+02:00</time>
      <extensions>
        <activity type="STILL" conf="96" state="still" tsMs="1787475885642"/>
        <radio op="vodafone IT" rat="LTE" q="20.00" rsrp="-72" sinr="0" rsrq="-10"/>
        <radio op="I TIM" rat="LTE" rsrp="-104" rsrq="-15"/>
      </extensions>
    </trkpt>
    <trkpt lat="45.6375252" lon="10.6062207">
      <ele>125.4000015258789</ele>
      <time>2026-08-23T11:05:20.451+02:00</time>
      <extensions>
        <activity type="STILL" conf="96" state="still" tsMs="1787475916737"/>
        <radio op="vodafone IT" rat="LTE" q="32.00" rsrp="-71" sinr="3" rsrq="-10"/>
        <radio op="I TIM" rat="LTE" rsrp="-104" rsrq="-14"/>
      </extensions>
    </trkpt>
    <trkpt lat="45.6375528" lon="10.6061719">
      <ele>125.80000305175781</ele>
      <time>2026-08-23T11:05:51.798+02:00</time>
      <extensions>
        <activity type="STILL" conf="99" state="still" tsMs="1787475948139"/>
        <radio op="vodafone IT" rat="LTE" q="44.00" rsrp="-71" sinr="6" rsrq="-10"/>
        <radio op="I TIM" rat="LTE" rsrp="-105" rsrq="-15"/>
      </extensions>
    </trkpt>
    <trkpt lat="45.6375637" lon="10.6061383">
      <ele>125.80000305175781</ele>
      <time>2026-08-23T11:06:23.155+02:00</time>
      <extensions>
        <activity type="STILL" conf="99" state="still" tsMs="1787475979458"/>
        <radio op="vodafone IT" rat="LTE" q="60.00" rsrp="-72" sinr="10" rsrq="-13"/>
        <radio op="I TIM" rat="LTE" rsrp="-104" rsrq="-14"/>
      </extensions>
    </trkpt>
    <trkpt lat="45.6375521" lon="10.6061351">
      <ele>127.4505373351092</ele>
      <time>2026-08-23T11:06:54.525+02:00</time>
      <extensions>
        <activity type="STILL" conf="96" state="still" tsMs="1787476010885"/>
        <radio op="vodafone IT" rat="LTE" q="32.00" rsrp="-72" sinr="3" rsrq="-12"/>
        <radio op="I TIM" rat="LTE" rsrp="-104" rsrq="-14"/>
      </extensions>
    </trkpt>
    <trkpt lat="45.6375475" lon="10.6061304">
      <ele>125.80000305175781</ele>
      <time>2026-08-23T11:07:27.207+02:00</time>
      <extensions>
        <activity type="STILL" conf="46" state="still" tsMs="1787476041923"/>
        <radio op="vodafone IT" rat="LTE" q="56.00" rsrp="-71" sinr="9" rsrq="-7"/>
        <radio op="I TIM" rat="LTE" rsrp="-104" rsrq="-18"/>
      </extensions>
    </trkpt>
    <trkpt lat="45.6375228" lon="10.6062085">
      <ele>125.4000015258789</ele>
      <time>2026-08-23T11:07:57.777+02:00</time>
      <extensions>
        <activity type="STILL" conf="97" state="still" tsMs="1787476074654"/>
        <radio op="vodafone IT" rat="LTE" rsrp="-78" rsrq="-12"/>
        <radio op="I TIM" rat="LTE" rsrp="-109" rsrq="-16"/>
      </extensions>
    </trkpt>
    <trkpt lat="45.6375503" lon="10.6061234">
      <ele>125.9000015258789</ele>
      <time>2026-08-23T11:08:28.984+02:00</time>
      <extensions>
        <activity type="STILL" conf="99" state="still" tsMs="1787476105610"/>
        <radio op="vodafone IT" rat="LTE" rsrp="-78" rsrq="-10"/>
        <radio op="I TIM" rat="LTE" rsrp="-109" rsrq="-17"/>
      </extensions>
    </trkpt>
    <trkpt lat="45.6374733" lon="10.6064526">
      <ele>125.9000015258789</ele>
      <time>2026-08-23T11:09:00.296+02:00</time>
      <extensions>
        <activity type="STILL" conf="98" state="still" tsMs="1787476136593"/>
        <radio op="vodafone IT" rat="LTE" q="56.00" rsrp="-70" sinr="9" rsrq="-9"/>
        <radio op="I TIM" rat="LTE" rsrp="-103" rsrq="-21"/>
      </extensions>
    </trkpt>
    <trkpt lat="45.6377938" lon="10.6057264">
      <ele>125.9000015258789</ele>
      <time>2026-08-23T11:22:16.134+02:00</time>
      <extensions>
        <activity type="ON_FOOT" conf="96" state="moving" tsMs="1787476908333"/>
        <radio op="vodafone IT" rat="LTE" q="36.00" rsrp="-83" sinr="4" rsrq="-13"/>
        <radio op="I TIM" rat="LTE" rsrp="-116" rsrq="-19"/>
      </extensions>
    </trkpt>
    <trkpt lat="45.6378861" lon="10.6061953">
      <ele>125.9000015258789</ele>
      <time>2026-08-23T11:22:56.013+02:00</time>
      <extensions>
        <activity type="ON_FOOT" conf="96" state="moving" tsMs="1787476971692"/>
        <radio op="vodafone IT" rat="LTE" q="100.00" rsrp="-85" sinr="21" rsrq="-10"/>
        <radio op="I TIM" rat="LTE" rsrp="-117" rsrq="-15"/>
      </extensions>
    </trkpt>
    <trkpt lat="45.6378788" lon="10.6059319">
      <ele>127.77342059334032</ele>
      <time>2026-08-23T11:23:57.92+02:00</time>
      <extensions>
        <activity type="UNKNOWN" conf="40" state="unknown" tsMs="1787477032453"/>
        <radio op="vodafone IT" rat="LTE" q="92.00" rsrp="-75" sinr="18" rsrq="-12"/>
        <radio op="I TIM" rat="LTE" rsrp="-115" rsrq="-17"/>
      </extensions>
    </trkpt>
    <trkpt lat="45.6378591" lon="10.6057317">
      <ele>126.4000015258789</ele>
      <time>2026-08-23T11:24:31.125+02:00</time>
      <extensions>
        <activity type="UNKNOWN" conf="40" state="unknown" tsMs="1787477069659"/>
        <radio op="vodafone IT" rat="LTE" q="96.00" rsrp="-81" sinr="19" rsrq="-8"/>
        <radio op="I TIM" rat="LTE" rsrp="-115" rsrq="-16"/>
      </extensions>
    </trkpt>
    <trkpt lat="45.6382684" lon="10.6065482">
      <ele>128.60000610351562</ele>
      <time>2026-08-23T11:25:02.452+02:00</time>
      <extensions>
        <activity type="ON_FOOT" conf="55" state="moving" tsMs="1787477096876"/>
        <radio op="vodafone IT" rat="LTE" q="92.50" rsrp="-88" sinr="24" rsrq="-14"/>
        <radio op="I TIM" rat="LTE" rsrp="-115" rsrq="-16"/>
      </extensions>
    </trkpt>
    <trkpt lat="45.6382053" lon="10.6064542">
      <ele>126.4000015258789</ele>
      <time>2026-08-23T11:25:33.697+02:00</time>
      <extensions>
        <activity type="UNKNOWN" conf="40" state="unknown" tsMs="1787477133550"/>
        <radio op="vodafone IT" rat="LTE" q="97.50" rsrp="-86" sinr="24" rsrq="-12"/>
        <radio op="I TIM" rat="LTE" rsrp="-117" rsrq="-16"/>
      </extensions>
    </trkpt>
    <trkpt lat="45.6380294" lon="10.6063828">
      <ele>127.0</ele>
      <time>2026-08-23T11:26:04.937+02:00</time>
      <extensions>
        <activity type="UNKNOWN" conf="40" state="unknown" tsMs="1787477159405"/>
        <radio op="vodafone IT" rat="LTE" q="97.50" rsrp="-86" sinr="20" rsrq="-6"/>
        <radio op="I TIM" rat="LTE" rsrp="-114" rsrq="-16"/>
      </extensions>
    </trkpt>
    <trkpt lat="45.6379439" lon="10.6066817">
      <ele>126.5999984741211</ele>
      <time>2026-08-23T11:26:36.21+02:00</time>
      <extensions>
        <activity type="ON_BICYCLE" conf="99" state="moving" tsMs="1787477196133"/>
        <radio op="vodafone IT" rat="LTE" q="100.00" rsrp="-80" sinr="22" rsrq="-9"/>
        <radio op="I TIM" rat="LTE" rsrp="-116" rsrq="-16"/>
      </extensions>
    </trkpt>
    <trkpt lat="45.6378029" lon="10.6057975">
      <ele>126.0999984741211</ele>
      <time>2026-08-23T11:27:07.4+02:00</time>
      <extensions>
        <activity type="UNKNOWN" conf="40" state="unknown" tsMs="1787477222133"/>
        <radio op="vodafone IT" rat="LTE" q="100.00" rsrp="-81" sinr="23" rsrq="-10"/>
        <radio op="I TIM" rat="LTE" rsrp="-115" rsrq="-16"/>
      </extensions>
    </trkpt>
    <trkpt lat="45.6375276" lon="10.6062204">
      <ele>126.5999984741211</ele>
      <time>2026-08-23T11:27:38.722+02:00</time>
      <extensions>
        <activity type="UNKNOWN" conf="40" state="unknown" tsMs="1787477254475"/>
        <radio op="vodafone IT" rat="LTE" q="100.00" rsrp="-84" sinr="27" rsrq="-10"/>
        <radio op="I TIM" rat="LTE" rsrp="-113" rsrq="-15"/>
      </extensions>
    </trkpt>
    <trkpt lat="45.6382213" lon="10.6065333">
      <ele>126.0999984741211</ele>
      <time>2026-08-23T11:28:09.987+02:00</time>
      <extensions>
        <activity type="UNKNOWN" conf="40" state="unknown" tsMs="1787477286470"/>
        <radio op="vodafone IT" rat="LTE" q="100.00" rsrp="-83" sinr="21" rsrq="-12"/>
        <radio op="I TIM" rat="LTE" q="5.00" rsrp="-115" sinr="0" rsrq="-16"/>
      </extensions>
    </trkpt>
    <trkpt lat="45.6381225" lon="10.6063626">
      <ele>125.9000015258789</ele>
      <time>2026-08-23T11:28:41.202+02:00</time>
      <extensions>
        <activity type="UNKNOWN" conf="40" state="unknown" tsMs="1787477317798"/>
        <radio op="vodafone IT" rat="LTE" q="100.00" rsrp="-84" sinr="22" rsrq="-11"/>
        <radio op="I TIM" rat="LTE" rsrp="-118" rsrq="-17"/>
      </extensions>
    </trkpt>
    <trkpt lat="45.6382745" lon="10.6065743">
      <ele>126.0999984741211</ele>
      <time>2026-08-23T11:29:13.866+02:00</time>
      <extensions>
        <activity type="UNKNOWN" conf="40" state="unknown" tsMs="1787477349009"/>
        <radio op="vodafone IT" rat="LTE" q="95.00" rsrp="-87" sinr="20" rsrq="-12"/>
        <radio op="I TIM" rat="LTE" rsrp="-122" rsrq="-20"/>
      </extensions>
    </trkpt>
    <trkpt lat="45.6383265" lon="10.6065524">
      <ele>129.82443199681717</ele>
      <time>2026-08-23T11:29:47.088+02:00</time>
      <extensions>
        <activity type="UNKNOWN" conf="40" state="unknown" tsMs="1787477381676"/>
        <radio op="vodafone IT" rat="LTE" q="96.00" rsrp="-84" sinr="19" rsrq="-8"/>
        <radio op="I TIM" rat="LTE" rsrp="-115" rsrq="-16"/>
      </extensions>
    </trkpt>
    <trkpt lat="45.6378626" lon="10.6059396">
      <ele>126.4000015258789</ele>
      <time>2026-08-23T11:30:46.051+02:00</time>
      <extensions>
        <activity type="ON_BICYCLE" conf="96" state="moving" tsMs="1787477442866"/>
        <radio op="vodafone IT" rat="LTE" q="95.00" rsrp="-87" sinr="21" rsrq="-10"/>
        <radio op="I TIM" rat="LTE" rsrp="-115" rsrq="-15"/>
      </extensions>
    </trkpt>
    <trkpt lat="45.6381032" lon="10.6064868">
      <ele>127.0</ele>
      <time>2026-08-23T11:31:30+02:00</time>
      <extensions>
        <activity type="UNKNOWN" conf="40" state="unknown" tsMs="1787477488893"/>
        <radio op="vodafone IT" rat="LTE" q="100.00" rsrp="-75" sinr="30" rsrq="-12"/>
        <radio op="I TIM" rat="LTE" rsrp="-117" rsrq="-16"/>
      </extensions>
    </trkpt>
    <trkpt lat="45.6380704" lon="10.6062681">
      <ele>126.4000015258789</ele>
      <time>2026-08-23T11:32:14.085+02:00</time>
      <extensions>
        <activity type="UNKNOWN" conf="40" state="unknown" tsMs="1787477532954"/>
        <radio op="vodafone IT" rat="LTE" q="76.00" rsrp="-87" sinr="15" rsrq="-14"/>
        <radio op="I TIM" rat="LTE" q="7.70" rsrp="-114" sinr="2" rsrq="-16"/>
      </extensions>
    </trkpt>
    <trkpt lat="45.6380994" lon="10.6064972">
      <ele>127.0</ele>
      <time>2026-08-23T11:32:47.331+02:00</time>
      <extensions>
        <activity type="UNKNOWN" conf="40" state="unknown" tsMs="1787477562273"/>
        <radio op="vodafone IT" rat="LTE" q="85.00" rsrp="-91" sinr="21" rsrq="-8"/>
        <radio op="I TIM" rat="LTE" rsrp="-119" rsrq="-16"/>
      </extensions>
    </trkpt>
    <trkpt lat="45.6378745" lon="10.606431">
      <ele>127.0</ele>
      <time>2026-08-23T11:33:25.561+02:00</time>
      <extensions>
        <activity type="UNKNOWN" conf="40" state="unknown" tsMs="1787477601085"/>
        <radio op="vodafone IT" rat="LTE" q="100.00" rsrp="-83" sinr="23" rsrq="-12"/>
        <radio op="I TIM" rat="LTE" rsrp="-114" rsrq="-16"/>
      </extensions>
    </trkpt>
    <trkpt lat="45.6379184" lon="10.6059779">
      <ele>128.89095142387043</ele>
      <time>2026-08-23T11:34:00.214+02:00</time>
      <extensions>
        <activity type="ON_FOOT" conf="91" state="moving" tsMs="1787477640253"/>
        <radio op="vodafone IT" rat="LTE" q="72.00" rsrp="-89" sinr="15" rsrq="-15"/>
        <radio op="I TIM" rat="LTE" rsrp="-116" rsrq="-16"/>
      </extensions>
    </trkpt>
    <trkpt lat="45.6377994" lon="10.605964">
      <ele>126.0999984741211</ele>
      <time>2026-08-23T11:34:47.142+02:00</time>
      <extensions>
        <activity type="UNKNOWN" conf="40" state="unknown" tsMs="1787477682267"/>
        <radio op="vodafone IT" rat="LTE" q="84.00" rsrp="-81" sinr="16" rsrq="-9"/>
        <radio op="I TIM" rat="LTE" rsrp="-118" rsrq="-18"/>
      </extensions>
    </trkpt>
    <trkpt lat="45.6381781" lon="10.6070162">
      <ele>127.0</ele>
      <time>2026-08-23T11:35:39.632+02:00</time>
      <extensions>
        <activity type="UNKNOWN" conf="40" state="unknown" tsMs="1787477734264"/>
        <radio op="vodafone IT" rat="LTE" q="60.80" rsrp="-87" sinr="11" rsrq="-9"/>
        <radio op="I TIM" rat="LTE" rsrp="-115" rsrq="-16"/>
      </extensions>
    </trkpt>
    <trkpt lat="45.6381571" lon="10.6064979">
      <ele>126.4000015258789</ele>
      <time>2026-08-23T11:36:14.053+02:00</time>
      <extensions>
        <activity type="UNKNOWN" conf="40" state="unknown" tsMs="1787477771264"/>
        <radio op="vodafone IT" rat="LTE" q="68.00" rsrp="-81" sinr="12" rsrq="-12"/>
        <radio op="I TIM" rat="LTE" rsrp="-115" rsrq="-15"/>
      </extensions>
    </trkpt>
    <trkpt lat="45.6379526" lon="10.6062706">
      <ele>126.4000015258789</ele>
      <time>2026-08-23T11:36:49.141+02:00</time>
      <extensions>
        <activity type="ON_BICYCLE" conf="99" state="moving" tsMs="1787477807259"/>
        <radio op="vodafone IT" rat="LTE" q="48.00" rsrp="-76" sinr="7" rsrq="-6"/>
        <radio op="I TIM" rat="LTE" rsrp="-121" rsrq="-17"/>
      </extensions>
    </trkpt>
    <trkpt lat="45.6382" lon="10.6064832">
      <ele>125.4000015258789</ele>
      <time>2026-08-23T11:37:26.228+02:00</time>
      <extensions>
        <activity type="ON_FOOT" conf="91" state="moving" tsMs="1787477845956"/>
        <radio op="vodafone IT" rat="LTE" q="64.00" rsrp="-80" sinr="11" rsrq="-10"/>
        <radio op="I TIM" rat="LTE" rsrp="-117" rsrq="-18"/>
      </extensions>
    </trkpt>
    <trkpt lat="45.6381264" lon="10.6062484">
      <ele>126.69999694824219</ele>
      <time>2026-08-23T11:37:57.494+02:00</time>
      <extensions>
        <activity type="UNKNOWN" conf="40" state="unknown" tsMs="1787477877338"/>
        <radio op="vodafone IT" rat="LTE" q="76.00" rsrp="-72" sinr="14" rsrq="-11"/>
        <radio op="I TIM" rat="LTE" q="5.50" rsrp="-114" sinr="0" rsrq="-16"/>
      </extensions>
    </trkpt>
    <trkpt lat="45.638121" lon="10.6066477">
      <ele>127.0</ele>
      <time>2026-08-23T11:38:25.896+02:00</time>
      <extensions>
        <activity type="UNKNOWN" conf="40" state="unknown" tsMs="1787477908649"/>
        <radio op="vodafone IT" rat="LTE" q="60.00" rsrp="-81" sinr="10" rsrq="-13"/>
        <radio op="I TIM" rat="LTE" rsrp="-110" rsrq="-16"/>
      </extensions>
    </trkpt>
    <trkpt lat="45.6382002" lon="10.606307">
      <ele>127.0</ele>
      <time>2026-08-23T11:38:55.885+02:00</time>
      <extensions>
        <activity type="UNKNOWN" conf="40" state="unknown" tsMs="1787477934542"/>
        <radio op="vodafone IT" rat="LTE" q="52.00" rsrp="-80" sinr="8" rsrq="-13"/>
        <radio op="I TIM" rat="LTE" rsrp="-109" rsrq="-16"/>
      </extensions>
    </trkpt>
    <trkpt lat="45.638064" lon="10.606322">
      <ele>126.69999694824219</ele>
      <time>2026-08-23T11:39:29.751+02:00</time>
      <extensions>
        <activity type="UNKNOWN" conf="40" state="unknown" tsMs="1787477965720"/>
        <radio op="vodafone IT" rat="LTE" q="49.40" rsrp="-87" sinr="8" rsrq="-12"/>
        <radio op="I TIM" rat="LTE" q="6.00" rsrp="-113" sinr="0" rsrq="-16"/>
      </extensions>
    </trkpt>
    <trkpt lat="45.6380594" lon="10.6062988">
      <ele>126.4000015258789</ele>
      <time>2026-08-23T11:40:01.024+02:00</time>
      <extensions>
        <activity type="UNKNOWN" conf="40" state="unknown" tsMs="1787477997362"/>
        <radio op="vodafone IT" rat="LTE" q="51.80" rsrp="-88" sinr="9" rsrq="-13"/>
        <radio op="I TIM" rat="LTE" rsrp="-110" rsrq="-15"/>
      </extensions>
    </trkpt>
    <trkpt lat="45.6381724" lon="10.6062199">
      <ele>126.4000015258789</ele>
      <time>2026-08-23T11:40:32.276+02:00</time>
      <extensions>
        <activity type="STILL" conf="73" state="still" tsMs="1787478028637"/>
        <radio op="vodafone IT" rat="LTE" q="32.00" rsrp="-82" sinr="3" rsrq="-10"/>
        <radio op="I TIM" rat="LTE" rsrp="-108" rsrq="-15"/>
      </extensions>
    </trkpt>
    <trkpt lat="45.6381453" lon="10.6062173">
      <ele>127.0</ele>
      <time>2026-08-23T11:41:03.495+02:00</time>
      <extensions>
        <activity type="UNKNOWN" conf="40" state="unknown" tsMs="1787478059729"/>
        <radio op="vodafone IT" rat="LTE" q="28.00" rsrp="-85" sinr="2" rsrq="-10"/>
        <radio op="I TIM" rat="LTE" rsrp="-110" rsrq="-16"/>
      </extensions>
    </trkpt>
    <trkpt lat="45.6381338" lon="10.6063266">
      <ele>127.0</ele>
      <time>2026-08-23T11:41:34.614+02:00</time>
      <extensions>
        <activity type="STILL" conf="43" state="still" tsMs="1787478091089"/>
        <radio op="vodafone IT" rat="LTE" q="80.00" rsrp="-82" sinr="15" rsrq="-7"/>
        <radio op="I TIM" rat="LTE" rsrp="-107" rsrq="-16"/>
      </extensions>
    </trkpt>
    <trkpt lat="45.638094" lon="10.606273">
      <ele>126.4000015258789</ele>
      <time>2026-08-23T11:42:05.714+02:00</time>
      <extensions>
        <activity type="UNKNOWN" conf="40" state="unknown" tsMs="1787478122269"/>
        <radio op="vodafone IT" rat="LTE" q="40.00" rsrp="-83" sinr="5" rsrq="-9"/>
        <radio op="I TIM" rat="LTE" rsrp="-113" rsrq="-20"/>
      </extensions>
    </trkpt>
    <trkpt lat="45.6379481" lon="10.6062813">
      <ele>126.4000015258789</ele>
      <time>2026-08-23T11:42:36.903+02:00</time>
      <extensions>
        <activity type="UNKNOWN" conf="40" state="unknown" tsMs="1787478153220"/>
        <radio op="vodafone IT" rat="LTE" q="64.00" rsrp="-83" sinr="11" rsrq="-7"/>
        <radio op="I TIM" rat="LTE" rsrp="-109" rsrq="-16"/>
      </extensions>
    </trkpt>
    <trkpt lat="45.6381871" lon="10.606464">
      <ele>127.0</ele>
      <time>2026-08-23T11:43:08.252+02:00</time>
      <extensions>
        <activity type="STILL" conf="37" state="still" tsMs="1787478184525"/>
        <radio op="vodafone IT" rat="LTE" q="76.00" rsrp="-82" sinr="14" rsrq="-11"/>
        <radio op="I TIM" rat="LTE" rsrp="-106" rsrq="-15"/>
      </extensions>
    </trkpt>
    <trkpt lat="45.6381691" lon="10.6062486">
      <ele>127.0</ele>
      <time>2026-08-23T11:43:35.942+02:00</time>
      <extensions>
        <activity type="STILL" conf="43" state="still" tsMs="1787478215838"/>
        <radio op="vodafone IT" rat="LTE" q="52.00" rsrp="-81" sinr="8" rsrq="-14"/>
        <radio op="I TIM" rat="LTE" rsrp="-112" rsrq="-17"/>
      </extensions>
    </trkpt>
    <trkpt lat="45.6379913" lon="10.6063573">
      <ele>126.4000015258789</ele>
      <time>2026-08-23T11:44:07.263+02:00</time>
      <extensions>
        <activity type="ON_FOOT" conf="87" state="moving" tsMs="1787478246901"/>
        <radio op="vodafone IT" rat="LTE" q="62.90" rsrp="-88" sinr="12" rsrq="-13"/>
        <radio op="I TIM" rat="LTE" rsrp="-115" rsrq="-16"/>
      </extensions>
    </trkpt>
    <trkpt lat="45.6378287" lon="10.6059785">
      <ele>126.0999984741211</ele>
      <time>2026-08-23T11:44:37.601+02:00</time>
      <extensions>
        <activity type="UNKNOWN" conf="40" state="unknown" tsMs="1787478273135"/>
        <radio op="vodafone IT" rat="LTE" q="72.00" rsrp="-80" sinr="13" rsrq="-13"/>
        <radio op="I TIM" rat="LTE" rsrp="-116" rsrq="-16"/>
      </extensions>
    </trkpt>
    <trkpt lat="45.6382669" lon="10.6065686">
      <ele>128.60000610351562</ele>
      <time>2026-08-23T11:45:33.504+02:00</time>
      <extensions>
        <activity type="UNKNOWN" conf="40" state="unknown" tsMs="1787478328677"/>
        <radio op="vodafone IT" rat="LTE" q="64.00" rsrp="-85" sinr="11" rsrq="-12"/>
        <radio op="I TIM" rat="LTE" rsrp="-114" rsrq="-16"/>
      </extensions>
    </trkpt>
    <trkpt lat="45.6381809" lon="10.6064429">
      <ele>126.0999984741211</ele>
      <time>2026-08-23T11:46:12.247+02:00</time>
      <extensions>
        <activity type="ON_BICYCLE" conf="98" state="moving" tsMs="1787478366812"/>
        <radio op="vodafone IT" rat="LTE" q="57.00" rsrp="-87" sinr="10" rsrq="-8"/>
        <radio op="I TIM" rat="LTE" q="4.50" rsrp="-116" sinr="0" rsrq="-16"/>
      </extensions>
    </trkpt>
    <trkpt lat="45.6375356" lon="10.6065003">
      <ele>125.4000015258789</ele>
      <time>2026-08-23T11:46:42.624+02:00</time>
      <extensions>
        <activity type="ON_FOOT" conf="85" state="moving" tsMs="1787478400675"/>
        <radio op="vodafone IT" rat="LTE" q="80.00" rsrp="-77" sinr="15" rsrq="-8"/>
        <radio op="I TIM" rat="LTE" rsrp="-113" rsrq="-18"/>
      </extensions>
    </trkpt>
    <trkpt lat="45.6380571" lon="10.6063138">
      <ele>126.4000015258789</ele>
      <time>2026-08-23T11:47:43.037+02:00</time>
      <extensions>
        <activity type="UNKNOWN" conf="40" state="unknown" tsMs="1787478462277"/>
        <radio op="vodafone IT" rat="LTE" q="76.00" rsrp="-76" sinr="14" rsrq="-8"/>
        <radio op="I TIM" rat="LTE" rsrp="-114" rsrq="-15"/>
      </extensions>
    </trkpt>
    <trkpt lat="45.6381326" lon="10.6063643">
      <ele>127.0</ele>
      <time>2026-08-23T11:48:44.433+02:00</time>
      <extensions>
        <activity type="UNKNOWN" conf="40" state="unknown" tsMs="1787478523281"/>
        <radio op="vodafone IT" rat="LTE" q="64.00" rsrp="-84" sinr="11" rsrq="-8"/>
        <radio op="I TIM" rat="LTE" rsrp="-116" rsrq="-16"/>
      </extensions>
    </trkpt>
    <trkpt lat="45.6382179" lon="10.6065565">
      <ele>127.0</ele>
      <time>2026-08-23T11:49:21.92+02:00</time>
      <extensions>
        <activity type="STILL" conf="65" state="still" tsMs="1787478561126"/>
        <radio op="vodafone IT" rat="LTE" q="62.40" rsrp="-86" sinr="11" rsrq="-10"/>
        <radio op="I TIM" rat="LTE" rsrp="-113" rsrq="-15"/>
      </extensions>
    </trkpt>
    <trkpt lat="45.6381043" lon="10.6064495">
      <ele>127.0</ele>
      <time>2026-08-23T11:49:53.477+02:00</time>
      <extensions>
        <activity type="UNKNOWN" conf="40" state="unknown" tsMs="1787478588265"/>
        <radio op="vodafone IT" rat="LTE" q="44.00" rsrp="-85" sinr="6" rsrq="-9"/>
        <radio op="I TIM" rat="LTE" q="6.00" rsrp="-113" sinr="0" rsrq="-16"/>
      </extensions>
    </trkpt>
    <trkpt lat="45.6380335" lon="10.6063121">
      <ele>126.4000015258789</ele>
      <time>2026-08-23T11:50:24.693+02:00</time>
      <extensions>
        <activity type="UNKNOWN" conf="40" state="unknown" tsMs="1787478620978"/>
        <radio op="vodafone IT" rat="LTE" q="60.00" rsrp="-72" sinr="10" rsrq="-12"/>
        <radio op="I TIM" rat="LTE" rsrp="-116" rsrq="-18"/>
      </extensions>
    </trkpt>
    <trkpt lat="45.6382725" lon="10.6063664">
      <ele>126.4000015258789</ele>
      <time>2026-08-23T11:51:06.529+02:00</time>
      <extensions>
        <activity type="ON_FOOT" conf="82" state="moving" tsMs="1787478663698"/>
        <radio op="vodafone IT" rat="LTE" q="88.00" rsrp="-81" sinr="17" rsrq="-6"/>
        <radio op="I TIM" rat="LTE" rsrp="-116" rsrq="-16"/>
      </extensions>
    </trkpt>
    <trkpt lat="45.6379549" lon="10.6065794">
      <ele>126.4000015258789</ele>
      <time>2026-08-23T11:52:12.135+02:00</time>
      <extensions>
        <activity type="UNKNOWN" conf="40" state="unknown" tsMs="1787478731674"/>
        <radio op="vodafone IT" rat="LTE" q="64.00" rsrp="-73" sinr="11" rsrq="-8"/>
        <radio op="I TIM" rat="LTE" rsrp="-114" rsrq="-16"/>
      </extensions>
    </trkpt>
    <trkpt lat="45.6379205" lon="10.6060408">
      <ele>126.0999984741211</ele>
      <time>2026-08-23T11:53:07.191+02:00</time>
      <extensions>
        <activity type="ON_FOOT" conf="91" state="moving" tsMs="1787478781698"/>
        <radio op="vodafone IT" rat="LTE" q="48.00" rsrp="-84" sinr="7" rsrq="-8"/>
        <radio op="I TIM" rat="LTE" rsrp="-116" rsrq="-17"/>
      </extensions>
    </trkpt>
    <trkpt lat="45.6383349" lon="10.6066204">
      <ele>129.78716733552506</ele>
      <time>2026-08-23T11:54:07.845+02:00</time>
      <extensions>
        <activity type="UNKNOWN" conf="40" state="unknown" tsMs="1787478845601"/>
        <radio op="vodafone IT" rat="LTE" q="48.10" rsrp="-88" sinr="8" rsrq="-12"/>
        <radio op="I TIM" rat="LTE" rsrp="-116" rsrq="-16"/>
      </extensions>
    </trkpt>
    <trkpt lat="45.6381517" lon="10.606338">
      <ele>126.0999984741211</ele>
      <time>2026-08-23T11:55:06.389+02:00</time>
      <extensions>
        <activity type="ON_BICYCLE" conf="87" state="moving" tsMs="1787478906271"/>
        <radio op="vodafone IT" rat="LTE" q="54.60" rsrp="-86" sinr="9" rsrq="-11"/>
        <radio op="I TIM" rat="LTE" q="5.00" rsrp="-115" sinr="0" rsrq="-16"/>
      </extensions>
    </trkpt>
    <trkpt lat="45.6381559" lon="10.6066549">
      <ele>126.4000015258789</ele>
      <time>2026-08-23T11:55:49.647+02:00</time>
      <extensions>
        <activity type="UNKNOWN" conf="40" state="unknown" tsMs="1787478943887"/>
        <radio op="vodafone IT" rat="LTE" q="72.00" rsrp="-71" sinr="13" rsrq="-10"/>
        <radio op="I TIM" rat="LTE" rsrp="-115" rsrq="-17"/>
      </extensions>
    </trkpt>
    <trkpt lat="45.6381579" lon="10.6066555">
      <ele>127.0</ele>
      <time>2026-08-23T11:56:24.505+02:00</time>
      <extensions>
        <activity type="UNKNOWN" conf="40" state="unknown" tsMs="1787478983283"/>
        <radio op="vodafone IT" rat="LTE" q="72.00" rsrp="-82" sinr="13" rsrq="-8"/>
        <radio op="I TIM" rat="LTE" rsrp="-113" rsrq="-16"/>
      </extensions>
    </trkpt>
    <trkpt lat="45.6380569" lon="10.6062308">
      <ele>126.4000015258789</ele>
      <time>2026-08-23T11:57:09.624+02:00</time>
      <extensions>
        <activity type="UNKNOWN" conf="40" state="unknown" tsMs="1787479018698"/>
        <radio op="vodafone IT" rat="LTE" q="68.00" rsrp="-81" sinr="12" rsrq="-8"/>
        <radio op="I TIM" rat="LTE" rsrp="-113" rsrq="-15"/>
      </extensions>
    </trkpt>
    <trkpt lat="45.638139" lon="10.606235">
      <ele>126.69999694824219</ele>
      <time>2026-08-23T11:57:42.464+02:00</time>
      <extensions>
        <activity type="ON_FOOT" conf="53" state="moving" tsMs="1787479061663"/>
        <radio op="vodafone IT" rat="LTE" q="96.00" rsrp="-82" sinr="19" rsrq="-10"/>
        <radio op="I TIM" rat="LTE" rsrp="-119" rsrq="-20"/>
      </extensions>
    </trkpt>
    <trkpt lat="45.6381515" lon="10.606866">
      <ele>126.4000015258789</ele>
      <time>2026-08-23T11:58:24.136+02:00</time>
      <extensions>
        <activity type="UNKNOWN" conf="40" state="unknown" tsMs="1787479101022"/>
        <radio op="vodafone IT" rat="LTE" q="88.00" rsrp="-85" sinr="17" rsrq="-10"/>
        <radio op="I TIM" rat="LTE" q="5.60" rsrp="-117" sinr="2" rsrq="-16"/>
      </extensions>
    </trkpt>
    <trkpt lat="45.6382035" lon="10.6066346">
      <ele>126.4000015258789</ele>
      <time>2026-08-23T11:59:07.162+02:00</time>
      <extensions>
        <activity type="UNKNOWN" conf="40" state="unknown" tsMs="1787479143933"/>
        <radio op="vodafone IT" rat="LTE" q="88.00" rsrp="-80" sinr="17" rsrq="-9"/>
        <radio op="I TIM" rat="LTE" rsrp="-119" rsrq="-17"/>
      </extensions>
    </trkpt>
    <trkpt lat="45.6378256" lon="10.6061308">
      <ele>126.4000015258789</ele>
      <time>2026-08-23T11:59:44.66+02:00</time>
      <extensions>
        <activity type="STILL" conf="99" state="still" tsMs="1787479184013"/>
        <radio op="vodafone IT" rat="LTE" q="80.00" rsrp="-71" sinr="15" rsrq="-10"/>
        <radio op="I TIM" rat="LTE" rsrp="-113" rsrq="-16"/>
      </extensions>
    </trkpt>
    <trkpt lat="45.637959" lon="10.6064033">
      <ele>126.4000015258789</ele>
      <time>2026-08-23T12:00:15.939+02:00</time>
      <extensions>
        <activity type="STILL" conf="99" state="still" tsMs="1787479212482"/>
        <radio op="vodafone IT" rat="LTE" q="80.00" rsrp="-72" sinr="15" rsrq="-13"/>
        <radio op="I TIM" rat="LTE" rsrp="-113" rsrq="-16"/>
      </extensions>
    </trkpt>
    <trkpt lat="45.6379688" lon="10.6061514">
      <ele>126.4000015258789</ele>
      <time>2026-08-23T12:00:47.017+02:00</time>
      <extensions>
        <activity type="STILL" conf="99" state="still" tsMs="1787479243273"/>
        <radio op="vodafone IT" rat="LTE" q="76.00" rsrp="-71" sinr="14" rsrq="-8"/>
        <radio op="I TIM" rat="LTE" rsrp="-114" rsrq="-16"/>
      </extensions>
    </trkpt>
    <trkpt lat="45.6379167" lon="10.605986">
      <ele>126.4000015258789</ele>
      <time>2026-08-23T12:01:18.36+02:00</time>
      <extensions>
        <activity type="STILL" conf="99" state="still" tsMs="1787479274732"/>
        <radio op="vodafone IT" rat="LTE" q="92.00" rsrp="-74" sinr="18" rsrq="-11"/>
        <radio op="I TIM" rat="LTE" rsrp="-115" rsrq="-19"/>
      </extensions>
    </trkpt>
    <trkpt lat="45.6379278" lon="10.6059579">
      <ele>126.4000015258789</ele>
      <time>2026-08-23T12:01:49.588+02:00</time>
      <extensions>
        <activity type="STILL" conf="99" state="still" tsMs="1787479306023"/>
        <radio op="vodafone IT" rat="LTE" q="72.00" rsrp="-71" sinr="13" rsrq="-12"/>
        <radio op="I TIM" rat="LTE" rsrp="-113" rsrq="-17"/>
      </extensions>
    </trkpt>
    <trkpt lat="45.6381925" lon="10.6067485">
      <ele>126.4000015258789</ele>
      <time>2026-08-23T12:02:21.14+02:00</time>
      <extensions>
        <activity type="STILL" conf="99" state="still" tsMs="1787479337370"/>
        <radio op="vodafone IT" rat="LTE" q="80.00" rsrp="-71" sinr="15" rsrq="-9"/>
        <radio op="I TIM" rat="LTE" rsrp="-114" rsrq="-17"/>
      </extensions>
    </trkpt>
    <trkpt lat="45.6381925" lon="10.6067485">
      <ele>126.4000015258789</ele>
      <time>2026-08-23T12:02:51.867+02:00</time>
      <extensions>
        <activity type="STILL" conf="99" state="still" tsMs="1787479368659"/>
        <radio op="vodafone IT" rat="LTE" q="96.00" rsrp="-71" sinr="19" rsrq="-9"/>
        <radio op="I TIM" rat="LTE" rsrp="-115" rsrq="-18"/>
      </extensions>
    </trkpt>
    <trkpt lat="45.6379382" lon="10.6059832">
      <ele>126.4000015258789</ele>
      <time>2026-08-23T12:03:23.217+02:00</time>
      <extensions>
        <activity type="STILL" conf="99" state="still" tsMs="1787479399897"/>
        <radio op="vodafone IT" rat="LTE" q="96.00" rsrp="-70" sinr="19" rsrq="-10"/>
        <radio op="I TIM" rat="LTE" rsrp="-115" rsrq="-19"/>
      </extensions>
    </trkpt>
    <trkpt lat="45.6377678" lon="10.6061387">
      <ele>126.4000015258789</ele>
      <time>2026-08-23T12:04:13.145+02:00</time>
      <extensions>
        <activity type="STILL" conf="99" state="still" tsMs="1787479452638"/>
        <radio op="vodafone IT" rat="LTE" q="96.00" rsrp="-71" sinr="19" rsrq="-8"/>
        <radio op="I TIM" rat="LTE" rsrp="-113" rsrq="-16"/>
      </extensions>
    </trkpt>
    <trkpt lat="45.6378315" lon="10.6058503">
      <ele>125.9000015258789</ele>
      <time>2026-08-23T12:05:01.501+02:00</time>
      <extensions>
        <activity type="UNKNOWN" conf="40" state="unknown" tsMs="1787479498691"/>
        <radio op="vodafone IT" rat="LTE" q="62.90" rsrp="-88" sinr="12" rsrq="-13"/>
        <radio op="I TIM" rat="LTE" rsrp="-118" rsrq="-17"/>
      </extensions>
    </trkpt>
    <trkpt lat="45.6376858" lon="10.6061185">
      <ele>125.9000015258789</ele>
      <time>2026-08-23T12:05:42.004+02:00</time>
      <extensions>
        <activity type="ON_FOOT" conf="97" state="moving" tsMs="1787479538034"/>
        <radio op="vodafone IT" rat="LTE" q="64.00" rsrp="-81" sinr="11" rsrq="-13"/>
        <radio op="I TIM" rat="LTE" rsrp="-118" rsrq="-17"/>
      </extensions>
    </trkpt>
    <trkpt lat="45.6375304" lon="10.6062187">
      <ele>125.9000015258789</ele>
      <time>2026-08-23T12:06:21.056+02:00</time>
      <extensions>
        <activity type="ON_FOOT" conf="96" state="moving" tsMs="1787479575694"/>
        <radio op="vodafone IT" rat="LTE" q="54.60" rsrp="-86" sinr="9" rsrq="-13"/>
        <radio op="I TIM" rat="LTE" q="5.40" rsrp="-116" sinr="1" rsrq="-17"/>
      </extensions>
    </trkpt>
    <trkpt lat="45.6374623" lon="10.606071">
      <ele>125.4000015258789</ele>
      <time>2026-08-23T12:07:01.896+02:00</time>
      <extensions>
        <activity type="ON_FOOT" conf="85" state="moving" tsMs="1787479619979"/>
        <radio op="vodafone IT" rat="LTE" rsrp="-85" rsrq="-11"/>
        <radio op="I TIM" rat="LTE" rsrp="-116" rsrq="-16"/>
      </extensions>
    </trkpt>
    <trkpt lat="45.6373601" lon="10.6065633">
      <ele>125.9000015258789</ele>
      <time>2026-08-23T12:07:36.531+02:00</time>
      <extensions>
        <activity type="UNKNOWN" conf="40" state="unknown" tsMs="1787479653058"/>
        <radio op="vodafone IT" rat="LTE" q="40.00" rsrp="-75" sinr="5" rsrq="-13"/>
        <radio op="I TIM" rat="LTE" rsrp="-115" rsrq="-15"/>
      </extensions>
    </trkpt>
    <trkpt lat="45.6373981" lon="10.6065786">
      <ele>125.9000015258789</ele>
      <time>2026-08-23T12:08:07.777+02:00</time>
      <extensions>
        <activity type="ON_FOOT" conf="74" state="moving" tsMs="1787479684338"/>
        <radio op="vodafone IT" rat="LTE" q="33.30" rsrp="-88" sinr="4" rsrq="-14"/>
        <radio op="I TIM" rat="LTE" rsrp="-120" rsrq="-17"/>
      </extensions>
    </trkpt>
    <trkpt lat="45.6374301" lon="10.606738">
      <ele>125.80000305175781</ele>
      <time>2026-08-23T12:09:02.035+02:00</time>
      <extensions>
        <activity type="UNKNOWN" conf="40" state="unknown" tsMs="1787479737458"/>
        <radio op="vodafone IT" rat="LTE" q="31.20" rsrp="-101" sinr="8" rsrq="-10"/>
        <radio op="I TIM" rat="LTE" q="0.00" rsrp="-126" sinr="0" rsrq="-18"/>
      </extensions>
    </trkpt>
    <trkpt lat="45.6374318" lon="10.6067523">
      <ele>128.3178238062367</ele>
      <time>2026-08-23T12:10:31.169+02:00</time>
      <extensions>
        <activity type="UNKNOWN" conf="40" state="unknown" tsMs="1787479827291"/>
        <radio op="vodafone IT" rat="LTE" q="27.50" rsrp="-100" sinr="6" rsrq="-11"/>
        <radio op="I TIM" rat="LTE" rsrp="-120" rsrq="-17"/>
      </extensions>
    </trkpt>
    <trkpt lat="45.6374036" lon="10.606619">
      <ele>125.69999694824219</ele>
      <time>2026-08-23T12:11:29.443+02:00</time>
      <extensions>
        <activity type="UNKNOWN" conf="40" state="unknown" tsMs="1787479889292"/>
        <radio op="vodafone IT" rat="LTE" q="30.00" rsrp="-100" sinr="7" rsrq="-9"/>
        <radio op="I TIM" rat="LTE" rsrp="-124" rsrq="-17"/>
      </extensions>
    </trkpt>
    <trkpt lat="45.6374108" lon="10.6067895">
      <ele>125.9000015258789</ele>
      <time>2026-08-23T12:12:06.339+02:00</time>
      <extensions>
        <activity type="UNKNOWN" conf="40" state="unknown" tsMs="1787479920699"/>
        <radio op="vodafone IT" rat="LTE" q="35.20" rsrp="-103" sinr="11" rsrq="-7"/>
        <radio op="I TIM" rat="LTE" rsrp="-128" rsrq="-17"/>
      </extensions>
    </trkpt>
    <trkpt lat="45.6374007" lon="10.6065885">
      <ele>125.9000015258789</ele>
      <time>2026-08-23T12:12:55.559+02:00</time>
      <extensions>
        <activity type="UNKNOWN" conf="40" state="unknown" tsMs="1787479992530"/>
        <radio op="vodafone IT" rat="LTE" q="40.80" rsrp="-91" sinr="7" rsrq="-9"/>
        <radio op="I TIM" rat="LTE" rsrp="-118" rsrq="-18"/>
      </extensions>
    </trkpt>
    <trkpt lat="45.6374051" lon="10.6065874">
      <ele>125.9000015258789</ele>
      <time>2026-08-23T12:13:45.601+02:00</time>
      <extensions>
        <activity type="UNKNOWN" conf="40" state="unknown" tsMs="1787480025307"/>
        <radio op="vodafone IT" rat="LTE" q="64.60" rsrp="-87" sinr="12" rsrq="-10"/>
        <radio op="I TIM" rat="LTE" q="2.50" rsrp="-120" sinr="0" rsrq="-17"/>
      </extensions>
    </trkpt>
    <trkpt lat="45.637406" lon="10.606581">
      <ele>125.9000015258789</ele>
      <time>2026-08-23T12:14:36.869+02:00</time>
      <extensions>
        <activity type="UNKNOWN" conf="40" state="unknown" tsMs="1787480076077"/>
        <radio op="vodafone IT" rat="LTE" q="34.00" rsrp="-91" sinr="5" rsrq="-11"/>
        <radio op="I TIM" rat="LTE" rsrp="-122" rsrq="-17"/>
      </extensions>
    </trkpt>
    <trkpt lat="45.6374116" lon="10.6065802">
      <ele>125.9000015258789</ele>
      <time>2026-08-23T12:15:19.949+02:00</time>
      <extensions>
        <activity type="UNKNOWN" conf="40" state="unknown" tsMs="1787480116319"/>
        <radio op="vodafone IT" rat="LTE" q="32.40" rsrp="-89" sinr="4" rsrq="-13"/>
        <radio op="I TIM" rat="LTE" q="6.00" rsrp="-113" sinr="0" rsrq="-18"/>
      </extensions>
    </trkpt>
    <trkpt lat="45.6374139" lon="10.6065957">
      <ele>125.9000015258789</ele>
      <time>2026-08-23T12:16:01.806+02:00</time>
      <extensions>
        <activity type="IN_VEHICLE" conf="74" state="moving" tsMs="1787480158463"/>
        <radio op="vodafone IT" rat="LTE" q="31.50" rsrp="-90" sinr="4" rsrq="-12"/>
        <radio op="I TIM" rat="LTE" q="3.00" rsrp="-119" sinr="0" rsrq="-18"/>
      </extensions>
    </trkpt>
    <trkpt lat="45.637395" lon="10.606595">
      <ele>125.9000015258789</ele>
      <time>2026-08-23T12:16:46.321+02:00</time>
      <extensions>
        <activity type="IN_VEHICLE" conf="84" state="moving" tsMs="1787480201306"/>
        <radio op="vodafone IT" rat="LTE" q="18.60" rsrp="-94" sinr="1" rsrq="-14"/>
        <radio op="I TIM" rat="LTE" rsrp="-119" rsrq="-19"/>
      </extensions>
    </trkpt>
    <trkpt lat="45.6374064" lon="10.6065827">
      <ele>125.9000015258789</ele>
      <time>2026-08-23T12:17:25.979+02:00</time>
      <extensions>
        <activity type="STILL" conf="50" state="still" tsMs="1787480245616"/>
        <radio op="vodafone IT" rat="LTE" q="28.80" rsrp="-89" sinr="3" rsrq="-10"/>
        <radio op="I TIM" rat="LTE" rsrp="-117" rsrq="-17"/>
      </extensions>
    </trkpt>
    <trkpt lat="45.6374071" lon="10.6065885">
      <ele>125.9000015258789</ele>
      <time>2026-08-23T12:18:26.578+02:00</time>
      <extensions>
        <activity type="STILL" conf="99" state="still" tsMs="1787480305350"/>
        <radio op="vodafone IT" rat="LTE" q="38.00" rsrp="-87" sinr="5" rsrq="-10"/>
        <radio op="I TIM" rat="LTE" rsrp="-116" rsrq="-18"/>
      </extensions>
    </trkpt>
    <trkpt lat="45.6373649" lon="10.606539">
      <ele>125.9000015258789</ele>
      <time>2026-08-23T12:21:10.142+02:00</time>
      <extensions>
        <activity type="ON_FOOT" conf="98" state="moving" tsMs="1787480470537"/>
        <radio op="vodafone IT" rat="LTE" q="28.00" rsrp="-83" sinr="2" rsrq="-14"/>
        <radio op="I TIM" rat="LTE" rsrp="-113" rsrq="-17"/>
      </extensions>
    </trkpt>
    <trkpt lat="45.6373582" lon="10.6063444">
      <ele>125.9000015258789</ele>
      <time>2026-08-23T12:21:21.144+02:00</time>
      <extensions>
        <activity type="ON_FOOT" conf="98" state="moving" tsMs="1787480481217"/>
        <radio op="vodafone IT" rat="LTE" q="24.00" rsrp="-74" sinr="1" rsrq="-14"/>
        <radio op="I TIM" rat="LTE" q="8.00" rsrp="-109" sinr="0" rsrq="-17"/>
      </extensions>
    </trkpt>
    <trkpt lat="45.6374149" lon="10.6061486">
      <ele>125.9000015258789</ele>
      <time>2026-08-23T12:21:31.144+02:00</time>
      <extensions>
        <activity type="ON_FOOT" conf="97" state="moving" tsMs="1787480486579"/>
        <radio op="vodafone IT" rat="LTE" rsrp="-78" rsrq="-15"/>
        <radio op="I TIM" rat="LTE" rsrp="-116" rsrq="-18"/>
      </extensions>
    </trkpt>
    <trkpt lat="45.6374787" lon="10.6059987">
      <ele>125.0</ele>
      <time>2026-08-23T12:21:41.144+02:00</time>
      <extensions>
        <activity type="ON_FOOT" conf="98" state="moving" tsMs="1787480497139"/>
        <radio op="vodafone IT" rat="LTE" q="32.00" rsrp="-75" sinr="3" rsrq="-10"/>
        <radio op="I TIM" rat="LTE" rsrp="-115" rsrq="-18"/>
      </extensions>
    </trkpt>
    <trkpt lat="45.6376259" lon="10.6059623">
      <ele>129.0</ele>
      <time>2026-08-23T12:21:51.144+02:00</time>
      <extensions>
        <activity type="ON_FOOT" conf="98" state="moving" tsMs="1787480507709"/>
        <radio op="vodafone IT" rat="LTE" q="40.00" rsrp="-80" sinr="5" rsrq="-13"/>
        <radio op="I TIM" rat="LTE" rsrp="-115" rsrq="-18"/>
      </extensions>
    </trkpt>
    <trkpt lat="45.6377257" lon="10.6059194">
      <ele>127.0</ele>
      <time>2026-08-23T12:22:01.144+02:00</time>
      <extensions>
        <activity type="ON_FOOT" conf="96" state="moving" tsMs="1787480518383"/>
        <radio op="vodafone IT" rat="LTE" q="44.00" rsrp="-82" sinr="6" rsrq="-14"/>
        <radio op="I TIM" rat="LTE" rsrp="-115" rsrq="-19"/>
      </extensions>
    </trkpt>
    <trkpt lat="45.6377192" lon="10.6059294">
      <ele>127.0</ele>
      <time>2026-08-23T12:22:11.144+02:00</time>
      <extensions>
        <activity type="UNKNOWN" conf="40" state="unknown" tsMs="1787480529183"/>
        <radio op="vodafone IT" rat="LTE" rsrp="-86" rsrq="-15"/>
        <radio op="I TIM" rat="LTE" rsrp="-115" rsrq="-18"/>
      </extensions>
    </trkpt>
    <trkpt lat="45.6377192" lon="10.6059295">
      <ele>127.0</ele>
      <time>2026-08-23T12:22:21.143+02:00</time>
      <extensions>
        <activity type="IN_VEHICLE" conf="96" state="moving" tsMs="1787480539913"/>
        <radio op="vodafone IT" rat="LTE" rsrp="-86" rsrq="-13"/>
        <radio op="I TIM" rat="LTE" rsrp="-112" rsrq="-18"/>
      </extensions>
    </trkpt>
    <trkpt lat="45.6377192" lon="10.6059295">
      <ele>127.0</ele>
      <time>2026-08-23T12:22:31.143+02:00</time>
      <extensions>
        <activity type="IN_VEHICLE" conf="96" state="moving" tsMs="1787480550676"/>
        <radio op="vodafone IT" rat="LTE" q="40.00" rsrp="-83" sinr="5" rsrq="-11"/>
        <radio op="I TIM" rat="LTE" rsrp="-111" rsrq="-17"/>
      </extensions>
    </trkpt>
    <trkpt lat="45.6377192" lon="10.6059295">
      <ele>127.0</ele>
      <time>2026-08-23T12:22:41.143+02:00</time>
      <extensions>
        <activity type="IN_VEHICLE" conf="96" state="moving" tsMs="1787480561493"/>
        <radio op="vodafone IT" rat="LTE" q="44.00" rsrp="-81" sinr="6" rsrq="-12"/>
        <radio op="I TIM" rat="LTE" rsrp="-112" rsrq="-18"/>
      </extensions>
    </trkpt>
    <trkpt lat="45.6377192" lon="10.6059295">
      <ele>127.0</ele>
      <time>2026-08-23T12:22:51.143+02:00</time>
      <extensions>
        <activity type="IN_VEHICLE" conf="98" state="moving" tsMs="1787480572236"/>
        <radio op="vodafone IT" rat="LTE" q="72.00" rsrp="-83" sinr="13" rsrq="-12"/>
        <radio op="I TIM" rat="LTE" rsrp="-111" rsrq="-18"/>
      </extensions>
    </trkpt>
    <trkpt lat="45.6377538" lon="10.6058635">
      <ele>125.0</ele>
      <time>2026-08-23T12:23:02.143+02:00</time>
      <extensions>
        <activity type="IN_VEHICLE" conf="96" state="moving" tsMs="1787480577617"/>
        <radio op="vodafone IT" rat="LTE" q="48.00" rsrp="-81" sinr="7" rsrq="-13"/>
        <radio op="I TIM" rat="LTE" rsrp="-114" rsrq="-18"/>
      </extensions>
    </trkpt>
    <trkpt lat="45.6376019" lon="10.6057224">
      <ele>123.0</ele>
      <time>2026-08-23T12:23:12.143+02:00</time>
      <extensions>
        <activity type="IN_VEHICLE" conf="98" state="moving" tsMs="1787480588283"/>
        <radio op="vodafone IT" rat="LTE" q="56.00" rsrp="-83" sinr="9" rsrq="-12"/>
        <radio op="I TIM" rat="LTE" rsrp="-113" rsrq="-17"/>
      </extensions>
    </trkpt>
    <trkpt lat="45.6372741" lon="10.6059542">
      <ele>125.0</ele>
      <time>2026-08-23T12:23:22.143+02:00</time>
      <extensions>
        <activity type="IN_VEHICLE" conf="95" state="moving" tsMs="1787480598969"/>
        <radio op="vodafone IT" rat="LTE" q="40.00" rsrp="-70" sinr="5" rsrq="-8"/>
        <radio op="I TIM" rat="LTE" rsrp="-109" rsrq="-18"/>
      </extensions>
    </trkpt>
    <trkpt lat="45.6370435" lon="10.6055915">
      <ele>122.0</ele>
      <time>2026-08-23T12:23:32.143+02:00</time>
      <extensions>
        <activity type="IN_VEHICLE" conf="96" state="moving" tsMs="1787480609619"/>
        <radio op="vodafone IT" rat="LTE" q="48.00" rsrp="-77" sinr="7" rsrq="-10"/>
        <radio op="I TIM" rat="LTE" rsrp="-110" rsrq="-18"/>
      </extensions>
    </trkpt>
    <trkpt lat="45.636869" lon="10.6051167">
      <ele>122.0</ele>
      <time>2026-08-23T12:23:42.143+02:00</time>
      <extensions>
        <activity type="IN_VEHICLE" conf="96" state="moving" tsMs="1787480620274"/>
        <radio op="vodafone IT" rat="LTE" q="76.00" rsrp="-71" sinr="14" rsrq="-10"/>
        <radio op="I TIM" rat="LTE" rsrp="-110" rsrq="-18"/>
      </extensions>
    </trkpt>
    <trkpt lat="45.6368732" lon="10.6053758">
      <ele>124.0</ele>
      <time>2026-08-23T12:23:52.144+02:00</time>
      <extensions>
        <activity type="IN_VEHICLE" conf="96" state="moving" tsMs="1787480630969"/>
        <radio op="vodafone IT" rat="LTE" q="56.00" rsrp="-73" sinr="9" rsrq="-12"/>
        <radio op="I TIM" rat="LTE" rsrp="-108" rsrq="-17"/>
      </extensions>
    </trkpt>
    <trkpt lat="45.6372363" lon="10.6060237">
      <ele>126.0</ele>
      <time>2026-08-23T12:24:02.143+02:00</time>
      <extensions>
        <activity type="IN_VEHICLE" conf="96" state="moving" tsMs="1787480641712"/>
        <radio op="vodafone IT" rat="LTE" q="44.00" rsrp="-72" sinr="6" rsrq="-9"/>
        <radio op="I TIM" rat="LTE" rsrp="-110" rsrq="-19"/>
      </extensions>
    </trkpt>
    <trkpt lat="45.6374776" lon="10.6063989">
      <ele>126.0</ele>
      <time>2026-08-23T12:24:12.143+02:00</time>
      <extensions>
        <activity type="IN_VEHICLE" conf="96" state="moving" tsMs="1787480652468"/>
        <radio op="vodafone IT" rat="LTE" rsrp="-79" rsrq="-15"/>
        <radio op="I TIM" rat="LTE" rsrp="-109" rsrq="-17"/>
      </extensions>
    </trkpt>
    <trkpt lat="45.6383729" lon="10.6073727">
      <ele>127.0</ele>
      <time>2026-08-23T12:24:22.143+02:00</time>
      <extensions>
        <activity type="IN_VEHICLE" conf="96" state="moving" tsMs="1787480663173"/>
        <radio op="vodafone IT" rat="LTE" q="92.00" rsrp="-73" sinr="18" rsrq="-12"/>
        <radio op="I TIM" rat="LTE" rsrp="-112" rsrq="-20"/>
      </extensions>
    </trkpt>
    <trkpt lat="45.6398016" lon="10.6080312">
      <ele>130.0</ele>
      <time>2026-08-23T12:24:32.143+02:00</time>
      <extensions>
        <activity type="IN_VEHICLE" conf="96" state="moving" tsMs="1787480668517"/>
        <radio op="vodafone IT" rat="LTE" q="96.00" rsrp="-65" sinr="19" rsrq="-7"/>
        <radio op="I TIM" rat="LTE" q="18.40" rsrp="-102" sinr="3" rsrq="-14"/>
      </extensions>
    </trkpt>
    <trkpt lat="45.6406064" lon="10.6087089">
      <ele>132.0</ele>
      <time>2026-08-23T12:24:43.143+02:00</time>
      <extensions>
        <activity type="IN_VEHICLE" conf="96" state="moving" tsMs="1787480679219"/>
        <radio op="vodafone IT" rat="LTE" q="97.50" rsrp="-86" sinr="21" rsrq="-11"/>
        <radio op="I TIM" rat="LTE" q="19.60" rsrp="-97" sinr="2" rsrq="-14"/>
      </extensions>
    </trkpt>
    <trkpt lat="45.6409358" lon="10.6093956">
      <ele>133.0</ele>
      <time>2026-08-23T12:24:53.143+02:00</time>
      <extensions>
        <activity type="IN_VEHICLE" conf="96" state="moving" tsMs="1787480689853"/>
        <radio op="vodafone IT" rat="LTE" q="80.50" rsrp="-90" sinr="18" rsrq="-9"/>
        <radio op="I TIM" rat="LTE" q="26.10" rsrp="-96" sinr="4" rsrq="-14"/>
      </extensions>
    </trkpt>
    <trkpt lat="45.6413032" lon="10.6105399">
      <ele>134.0</ele>
      <time>2026-08-23T12:25:03.144+02:00</time>
      <extensions>
        <activity type="IN_VEHICLE" conf="96" state="moving" tsMs="1787480700511"/>
        <radio op="vodafone IT" rat="LTE" q="72.50" rsrp="-96" sinr="20" rsrq="-7"/>
        <radio op="I TIM" rat="LTE" q="23.10" rsrp="-104" sinr="6" rsrq="-14"/>
      </extensions>
    </trkpt>
    <trkpt lat="45.6416239" lon="10.6115583">
      <ele>133.0</ele>
      <time>2026-08-23T12:25:13.143+02:00</time>
      <extensions>
        <activity type="IN_VEHICLE" conf="96" state="moving" tsMs="1787480711139"/>
        <radio op="vodafone IT" rat="LTE" q="42.00" rsrp="-104" sinr="15" rsrq="-11"/>
        <radio op="I TIM" rat="LTE" q="23.40" rsrp="-99" sinr="4" rsrq="-13"/>
      </extensions>
    </trkpt>
    <trkpt lat="45.6419661" lon="10.6126146">
      <ele>133.0</ele>
      <time>2026-08-23T12:25:23.143+02:00</time>
      <extensions>
        <activity type="IN_VEHICLE" conf="96" state="moving" tsMs="1787480721836"/>
        <radio op="vodafone IT" rat="LTE" q="38.40" rsrp="-101" sinr="11" rsrq="-8"/>
        <radio op="I TIM" rat="LTE" q="24.80" rsrp="-94" sinr="3" rsrq="-13"/>
      </extensions>
    </trkpt>
    <trkpt lat="45.6421283" lon="10.6134149">
      <ele>131.0</ele>
      <time>2026-08-23T12:25:33.143+02:00</time>
      <extensions>
        <activity type="IN_VEHICLE" conf="96" state="moving" tsMs="1787480732489"/>
        <radio op="vodafone IT" rat="LTE" q="21.60" rsrp="-107" sinr="7" rsrq="-9"/>
        <radio op="I TIM" rat="LTE" rsrp="-100" rsrq="-15"/>
      </extensions>
    </trkpt>
    <trkpt lat="45.6424541" lon="10.6140386">
      <ele>130.0</ele>
      <time>2026-08-23T12:25:43.143+02:00</time>
      <extensions>
        <activity type="IN_VEHICLE" conf="96" state="moving" tsMs="1787480743198"/>
        <radio op="vodafone IT" rat="LTE" q="34.20" rsrp="-106" sinr="13" rsrq="-11"/>
        <radio op="I TIM" rat="LTE" rsrp="-99" rsrq="-14"/>
      </extensions>
    </trkpt>
    <trkpt lat="45.643074" lon="10.6151086">
      <ele>129.0</ele>
      <time>2026-08-23T12:25:53.143+02:00</time>
      <extensions>
        <activity type="IN_VEHICLE" conf="96" state="moving" tsMs="1787480753844"/>
        <radio op="vodafone IT" rat="LTE" q="23.40" rsrp="-107" sinr="8" rsrq="-9"/>
        <radio op="I TIM" rat="LTE" rsrp="-102" rsrq="-16"/>
      </extensions>
    </trkpt>
    <trkpt lat="45.6437486" lon="10.616058">
      <ele>126.0</ele>
      <time>2026-08-23T12:26:03.144+02:00</time>
      <extensions>
        <activity type="IN_VEHICLE" conf="96" state="moving" tsMs="1787480759179"/>
        <radio op="vodafone IT" rat="LTE" q="12.10" rsrp="-114" sinr="6" rsrq="-11"/>
        <radio op="I TIM" rat="LTE" rsrp="-112" rsrq="-18"/>
      </extensions>
    </trkpt>
    <trkpt lat="45.6445987" lon="10.6169976">
      <ele>126.0</ele>
      <time>2026-08-23T12:26:14.143+02:00</time>
      <extensions>
        <activity type="IN_VEHICLE" conf="96" state="moving" tsMs="1787480769868"/>
        <radio op="vodafone IT" rat="LTE" q="14.40" rsrp="-109" sinr="4" rsrq="-12"/>
        <radio op="I TIM" rat="LTE" q="16.80" rsrp="-97" sinr="1" rsrq="-13"/>
      </extensions>
    </trkpt>
    <trkpt lat="45.645618" lon="10.6173779">
      <ele>129.0</ele>
      <time>2026-08-23T12:26:24.143+02:00</time>
      <extensions>
        <activity type="IN_VEHICLE" conf="96" state="moving" tsMs="1787480780512"/>
        <radio op="vodafone IT" rat="LTE" rsrp="-114" rsrq="-12"/>
        <radio op="I TIM" rat="LTE" rsrp="-103" rsrq="-15"/>
      </extensions>
    </trkpt>
    <trkpt lat="45.6462956" lon="10.6182474">
      <ele>129.0</ele>
      <time>2026-08-23T12:26:34.143+02:00</time>
      <extensions>
        <activity type="IN_VEHICLE" conf="96" state="moving" tsMs="1787480791147"/>
        <radio op="vodafone IT" rat="LTE" q="8.00" rsrp="-109" sinr="0" rsrq="-12"/>
        <radio op="I TIM" rat="LTE" rsrp="-98" rsrq="-13"/>
      </extensions>
    </trkpt>
    <trkpt lat="45.6470164" lon="10.6195171">
      <ele>129.0</ele>
      <time>2026-08-23T12:26:44.143+02:00</time>
      <extensions>
        <activity type="IN_VEHICLE" conf="96" state="moving" tsMs="1787480801856"/>
        <radio op="vodafone IT" rat="LTE" rsrp="-109" rsrq="-16"/>
        <radio op="I TIM" rat="LTE" q="39.00" rsrp="-86" sinr="5" rsrq="-12"/>
      </extensions>
    </trkpt>
    <trkpt lat="45.647532" lon="10.6207015">
      <ele>128.0</ele>
      <time>2026-08-23T12:26:54.143+02:00</time>
      <extensions>
        <activity type="IN_VEHICLE" conf="96" state="moving" tsMs="1787480812564"/>
        <radio op="vodafone IT" rat="LTE" rsrp="-112" rsrq="-17"/>
        <radio op="I TIM" rat="LTE" q="32.00" rsrp="-82" sinr="3" rsrq="-11"/>
      </extensions>
    </trkpt>
    <trkpt lat="45.6479791" lon="10.6216549">
      <ele>127.0</ele>
      <time>2026-08-23T12:27:04.143+02:00</time>
      <extensions>
        <activity type="IN_VEHICLE" conf="96" state="moving" tsMs="1787480823263"/>
        <radio op="vodafone IT" rat="LTE" rsrp="-108" rsrq="-13"/>
        <radio op="I TIM" rat="LTE" q="14.00" rsrp="-97" sinr="0" rsrq="-14"/>
      </extensions>
    </trkpt>
    <trkpt lat="45.6485401" lon="10.622548">
      <ele>125.0</ele>
      <time>2026-08-23T12:27:14.143+02:00</time>
      <extensions>
        <activity type="IN_VEHICLE" conf="96" state="moving" tsMs="1787480833945"/>
        <radio op="vodafone IT" rat="LTE" rsrp="-114" rsrq="-15"/>
        <radio op="I TIM" rat="LTE" rsrp="-94" rsrq="-13"/>
      </extensions>
    </trkpt>
    <trkpt lat="45.6491953" lon="10.6237578">
      <ele>123.0</ele>
      <time>2026-08-23T12:27:25.143+02:00</time>
      <extensions>
        <activity type="IN_VEHICLE" conf="96" state="moving" tsMs="1787480844658"/>
        <radio op="vodafone IT" rat="LTE" rsrp="-108" rsrq="-18"/>
        <radio op="I TIM" rat="LTE" rsrp="-99" rsrq="-15"/>
      </extensions>
    </trkpt>
    <trkpt lat="45.6498567" lon="10.6250119">
      <ele>121.0</ele>
      <time>2026-08-23T12:27:35.143+02:00</time>
      <extensions>
        <activity type="IN_VEHICLE" conf="96" state="moving" tsMs="1787480855293"/>
        <radio op="vodafone IT" rat="LTE" rsrp="-107" rsrq="-14"/>
        <radio op="I TIM" rat="LTE" rsrp="-97" rsrq="-14"/>
      </extensions>
    </trkpt>
    <trkpt lat="45.6506143" lon="10.6261642">
      <ele>121.0</ele>
      <time>2026-08-23T12:27:45.143+02:00</time>
      <extensions>
        <activity type="IN_VEHICLE" conf="96" state="moving" tsMs="1787480860621"/>
        <radio op="vodafone IT" rat="LTE" rsrp="-109" rsrq="-17"/>
        <radio op="I TIM" rat="LTE" rsrp="-94" rsrq="-14"/>
      </extensions>
    </trkpt>
    <trkpt lat="45.6512855" lon="10.6273948">
      <ele>124.0</ele>
      <time>2026-08-23T12:27:55.143+02:00</time>
      <extensions>
        <activity type="IN_VEHICLE" conf="96" state="moving" tsMs="1787480871245"/>
        <radio op="vodafone IT" rat="LTE" rsrp="-103" rsrq="-16"/>
        <radio op="I TIM" rat="LTE" q="16.50" rsrp="-92" sinr="0" rsrq="-13"/>
      </extensions>
    </trkpt>
    <trkpt lat="45.6522838" lon="10.6283757">
      <ele>128.0</ele>
      <time>2026-08-23T12:28:05.143+02:00</time>
      <extensions>
        <activity type="IN_VEHICLE" conf="96" state="moving" tsMs="1787480881867"/>
        <radio op="vodafone IT" rat="LTE" rsrp="-108" rsrq="-17"/>
        <radio op="I TIM" rat="LTE" q="13.00" rsrp="-99" sinr="0" rsrq="-15"/>
      </extensions>
    </trkpt>
    <trkpt lat="45.6532695" lon="10.6295525">
      <ele>128.0</ele>
      <time>2026-08-23T12:28:15.143+02:00</time>
      <extensions>
        <activity type="IN_VEHICLE" conf="96" state="moving" tsMs="1787480892538"/>
        <radio op="vodafone IT" rat="LTE" rsrp="-99" rsrq="-12"/>
        <radio op="I TIM" rat="LTE" rsrp="-100" rsrq="-16"/>
      </extensions>
    </trkpt>
    <trkpt lat="45.6539178" lon="10.6308378">
      <ele>126.0</ele>
      <time>2026-08-23T12:28:25.143+02:00</time>
      <extensions>
        <activity type="IN_VEHICLE" conf="96" state="moving" tsMs="1787480903240"/>
        <radio op="vodafone IT" rat="LTE" rsrp="-107" rsrq="-14"/>
        <radio op="I TIM" rat="LTE" q="16.00" rsrp="-93" sinr="0" rsrq="-13"/>
      </extensions>
    </trkpt>
    <trkpt lat="45.6544342" lon="10.6321316">
      <ele>126.0</ele>
      <time>2026-08-23T12:28:35.143+02:00</time>
      <extensions>
        <activity type="IN_VEHICLE" conf="96" state="moving" tsMs="1787480913909"/>
        <radio op="vodafone IT" rat="LTE" rsrp="-105" rsrq="-16"/>
        <radio op="I TIM" rat="LTE" q="31.00" rsrp="-94" sinr="5" rsrq="-13"/>
      </extensions>
    </trkpt>
    <trkpt lat="45.6552086" lon="10.6336415">
      <ele>126.0</ele>
      <time>2026-08-23T12:28:46.143+02:00</time>
      <extensions>
        <activity type="IN_VEHICLE" conf="96" state="moving" tsMs="1787480924617"/>
        <radio op="vodafone IT" rat="LTE" rsrp="-102" rsrq="-13"/>
        <radio op="I TIM" rat="LTE" rsrp="-96" rsrq="-14"/>
      </extensions>
    </trkpt>
    <trkpt lat="45.6560768" lon="10.6350409">
      <ele>122.0</ele>
      <time>2026-08-23T12:28:56.143+02:00</time>
      <extensions>
        <activity type="IN_VEHICLE" conf="96" state="moving" tsMs="1787480935255"/>
        <radio op="vodafone IT" rat="LTE" q="29.70" rsrp="-98" sinr="6" rsrq="-14"/>
        <radio op="I TIM" rat="LTE" rsrp="-97" rsrq="-16"/>
      </extensions>
    </trkpt>
    <trkpt lat="45.6571301" lon="10.6360642">
      <ele>122.0</ele>
      <time>2026-08-23T12:29:06.143+02:00</time>
      <extensions>
        <activity type="IN_VEHICLE" conf="96" state="moving" tsMs="1787480945921"/>
        <radio op="vodafone IT" rat="LTE" rsrp="-108" rsrq="-14"/>
        <radio op="I TIM" rat="LTE" rsrp="-99" rsrq="-15"/>
      </extensions>
    </trkpt>
    <trkpt lat="45.6579745" lon="10.6372452">
      <ele>124.0</ele>
      <time>2026-08-23T12:29:16.144+02:00</time>
      <extensions>
        <activity type="IN_VEHICLE" conf="96" state="moving" tsMs="1787480956553"/>
        <radio op="vodafone IT" rat="LTE" q="29.00" rsrp="-96" sinr="5" rsrq="-12"/>
        <radio op="I TIM" rat="LTE" rsrp="-106" rsrq="-14"/>
      </extensions>
    </trkpt>
    <trkpt lat="45.6588501" lon="10.6383525">
      <ele>125.0</ele>
      <time>2026-08-23T12:29:26.142+02:00</time>
      <extensions>
        <activity type="IN_VEHICLE" conf="96" state="moving" tsMs="1787480961868"/>
        <radio op="vodafone IT" rat="LTE" q="30.00" rsrp="-95" sinr="5" rsrq="-13"/>
        <radio op="I TIM" rat="LTE" q="15.40" rsrp="-103" sinr="2" rsrq="-14"/>
      </extensions>
    </trkpt>
    <trkpt lat="45.6595342" lon="10.6394903">
      <ele>126.0</ele>
      <time>2026-08-23T12:29:36.143+02:00</time>
      <extensions>
        <activity type="IN_VEHICLE" conf="96" state="moving" tsMs="1787480972567"/>
        <radio op="vodafone IT" rat="LTE" rsrp="-102" rsrq="-14"/>
        <radio op="I TIM" rat="LTE" rsrp="-93" rsrq="-12"/>
      </extensions>
    </trkpt>
    <trkpt lat="45.6601873" lon="10.6406799">
      <ele>127.0</ele>
      <time>2026-08-23T12:29:46.143+02:00</time>
      <extensions>
        <activity type="IN_VEHICLE" conf="96" state="moving" tsMs="1787480983199"/>
        <radio op="vodafone IT" rat="LTE" q="15.20" rsrp="-106" sinr="3" rsrq="-14"/>
        <radio op="I TIM" rat="LTE" rsrp="-102" rsrq="-16"/>
      </extensions>
    </trkpt>
    <trkpt lat="45.6609306" lon="10.6417746">
      <ele>126.0</ele>
      <time>2026-08-23T12:29:57.143+02:00</time>
      <extensions>
        <activity type="IN_VEHICLE" conf="97" state="moving" tsMs="1787480993824"/>
        <radio op="vodafone IT" rat="LTE" rsrp="-112" rsrq="-16"/>
        <radio op="I TIM" rat="LTE" rsrp="-103" rsrq="-15"/>
      </extensions>
    </trkpt>
    <trkpt lat="45.6618593" lon="10.6429402">
      <ele>128.0</ele>
      <time>2026-08-23T12:30:07.143+02:00</time>
      <extensions>
        <activity type="IN_VEHICLE" conf="96" state="moving" tsMs="1787481004463"/>
        <radio op="vodafone IT" rat="LTE" q="9.50" rsrp="-106" sinr="0" rsrq="-13"/>
        <radio op="I TIM" rat="LTE" rsrp="-107" rsrq="-17"/>
      </extensions>
    </trkpt>
    <trkpt lat="45.6628175" lon="10.6439555">
      <ele>130.0</ele>
      <time>2026-08-23T12:30:17.143+02:00</time>
      <extensions>
        <activity type="IN_VEHICLE" conf="96" state="moving" tsMs="1787481015103"/>
        <radio op="vodafone IT" rat="LTE" rsrp="-97" rsrq="-14"/>
        <radio op="I TIM" rat="LTE" q="11.40" rsrp="-106" sinr="1" rsrq="-16"/>
      </extensions>
    </trkpt>
    <trkpt lat="45.6636992" lon="10.6449649">
      <ele>133.0</ele>
      <time>2026-08-23T12:30:27.143+02:00</time>
      <extensions>
        <activity type="IN_VEHICLE" conf="99" state="moving" tsMs="1787481025782"/>
        <radio op="vodafone IT" rat="LTE" rsrp="-104" rsrq="-17"/>
        <radio op="I TIM" rat="LTE" q="23.40" rsrp="-99" sinr="4" rsrq="-16"/>
      </extensions>
    </trkpt>
    <trkpt lat="45.6647355" lon="10.6456511">
      <ele>131.0</ele>
      <time>2026-08-23T12:30:37.143+02:00</time>
      <extensions>
        <activity type="IN_VEHICLE" conf="96" state="moving" tsMs="1787481036493"/>
        <radio op="vodafone IT" rat="LTE" rsrp="-95" rsrq="-16"/>
        <radio op="I TIM" rat="LTE" q="17.60" rsrp="-103" sinr="3" rsrq="-14"/>
      </extensions>
    </trkpt>
    <trkpt lat="45.6655401" lon="10.6469896">
      <ele>133.0</ele>
      <time>2026-08-23T12:30:47.143+02:00</time>
      <extensions>
        <activity type="IN_VEHICLE" conf="96" state="moving" tsMs="1787481047160"/>
        <radio op="vodafone IT" rat="LTE" rsrp="-92" rsrq="-14"/>
        <radio op="I TIM" rat="LTE" rsrp="-102" rsrq="-13"/>
      </extensions>
    </trkpt>
    <trkpt lat="45.6666416" lon="10.647888">
      <ele>135.0</ele>
      <time>2026-08-23T12:30:57.143+02:00</time>
      <extensions>
        <activity type="IN_VEHICLE" conf="96" state="moving" tsMs="1787481057800"/>
        <radio op="vodafone IT" rat="LTE" rsrp="-93" rsrq="-15"/>
        <radio op="I TIM" rat="LTE" q="37.50" rsrp="-100" sinr="10" rsrq="-11"/>
      </extensions>
    </trkpt>
    <trkpt lat="45.6675899" lon="10.6488678">
      <ele>135.0</ele>
      <time>2026-08-23T12:31:07.143+02:00</time>
      <extensions>
        <activity type="IN_VEHICLE" conf="96" state="moving" tsMs="1787481063122"/>
        <radio op="vodafone IT" rat="LTE" rsrp="-93" rsrq="-12"/>
        <radio op="I TIM" rat="LTE" q="18.90" rsrp="-104" sinr="4" rsrq="-16"/>
      </extensions>
    </trkpt>
    <trkpt lat="45.6685097" lon="10.6496103">
      <ele>135.0</ele>
      <time>2026-08-23T12:31:17.143+02:00</time>
      <extensions>
        <activity type="IN_VEHICLE" conf="96" state="moving" tsMs="1787481073824"/>
        <radio op="vodafone IT" rat="LTE" rsrp="-95" rsrq="-16"/>
        <radio op="I TIM" rat="LTE" q="60.80" rsrp="-93" sinr="14" rsrq="-11"/>
      </extensions>
    </trkpt>
    <trkpt lat="45.6696204" lon="10.6502149">
      <ele>135.0</ele>
      <time>2026-08-23T12:31:28.143+02:00</time>
      <extensions>
        <activity type="IN_VEHICLE" conf="96" state="moving" tsMs="1787481084529"/>
        <radio op="vodafone IT" rat="LTE" q="24.50" rsrp="-90" sinr="2" rsrq="-10"/>
        <radio op="I TIM" rat="LTE" q="14.40" rsrp="-101" sinr="1" rsrq="-12"/>
      </extensions>
    </trkpt>
    <trkpt lat="45.6705266" lon="10.6511092">
      <ele>134.0</ele>
      <time>2026-08-23T12:31:38.143+02:00</time>
      <extensions>
        <activity type="IN_VEHICLE" conf="96" state="moving" tsMs="1787481095164"/>
        <radio op="vodafone IT" rat="LTE" q="19.80" rsrp="-92" sinr="1" rsrq="-11"/>
        <radio op="I TIM" rat="LTE" rsrp="-110" rsrq="-14"/>
      </extensions>
    </trkpt>
    <trkpt lat="45.6715221" lon="10.6515657">
      <ele>128.0</ele>
      <time>2026-08-23T12:31:48.143+02:00</time>
      <extensions>
        <activity type="IN_VEHICLE" conf="96" state="moving" tsMs="1787481105882"/>
        <radio op="vodafone IT" rat="LTE" q="26.40" rsrp="-92" sinr="3" rsrq="-13"/>
        <radio op="I TIM" rat="LTE" q="9.60" rsrp="-113" sinr="3" rsrq="-14"/>
      </extensions>
    </trkpt>
    <trkpt lat="45.6726754" lon="10.6511434">
      <ele>125.0</ele>
      <time>2026-08-23T12:31:58.143+02:00</time>
      <extensions>
        <activity type="IN_VEHICLE" conf="96" state="moving" tsMs="1787481116528"/>
        <radio op="vodafone IT" rat="LTE" rsrp="-97" rsrq="-14"/>
        <radio op="I TIM" rat="LTE" q="34.50" rsrp="-102" sinr="10" rsrq="-11"/>
      </extensions>
    </trkpt>
    <trkpt lat="45.6740297" lon="10.6504736">
      <ele>126.0</ele>
      <time>2026-08-23T12:32:08.143+02:00</time>
      <extensions>
        <activity type="IN_VEHICLE" conf="96" state="moving" tsMs="1787481127172"/>
        <radio op="vodafone IT" rat="LTE" rsrp="-101" rsrq="-14"/>
        <radio op="I TIM" rat="LTE" q="32.30" rsrp="-106" sinr="12" rsrq="-11"/>
      </extensions>
    </trkpt>
    <trkpt lat="45.6747118" lon="10.6504726">
      <ele>123.0</ele>
      <time>2026-08-23T12:32:18.143+02:00</time>
      <extensions>
        <activity type="IN_VEHICLE" conf="96" state="moving" tsMs="1787481137874"/>
        <radio op="vodafone IT" rat="LTE" rsrp="-104" rsrq="-14"/>
        <radio op="I TIM" rat="LTE" q="10.50" rsrp="-110" sinr="2" rsrq="-11"/>
      </extensions>
    </trkpt>
    <trkpt lat="45.6756685" lon="10.6513685">
      <ele>120.0</ele>
      <time>2026-08-23T12:32:28.143+02:00</time>
      <extensions>
        <activity type="IN_VEHICLE" conf="96" state="moving" tsMs="1787481148578"/>
        <radio op="vodafone IT" rat="LTE" rsrp="-121" rsrq="-19"/>
        <radio op="I TIM" rat="LTE" rsrp="-122" rsrq="-14"/>
      </extensions>
    </trkpt>
    <trkpt lat="45.6765917" lon="10.6525896">
      <ele>116.0</ele>
      <time>2026-08-23T12:32:38.143+02:00</time>
      <extensions>
        <activity type="IN_VEHICLE" conf="96" state="moving" tsMs="1787481159307"/>
        <radio op="vodafone IT" rat="LTE" rsrp="-115" rsrq="-20"/>
        <radio op="I TIM" rat="LTE" rsrp="-115" rsrq="-17"/>
      </extensions>
    </trkpt>
    <trkpt lat="45.6776941" lon="10.6534227">
      <ele>114.0</ele>
      <time>2026-08-23T12:32:49.143+02:00</time>
      <extensions>
        <activity type="IN_VEHICLE" conf="96" state="moving" tsMs="1787481164625"/>
        <radio op="vodafone IT" rat="LTE" rsrp="-112" rsrq="-18"/>
        <radio op="I TIM" rat="LTE" q="4.20" rsrp="-118" sinr="1" rsrq="-15"/>
      </extensions>
    </trkpt>
    <trkpt lat="45.6792711" lon="10.6539326">
      <ele>116.0</ele>
      <time>2026-08-23T12:32:59.143+02:00</time>
      <extensions>
        <activity type="IN_VEHICLE" conf="96" state="moving" tsMs="1787481175309"/>
        <radio op="vodafone IT" rat="LTE" rsrp="-112" rsrq="-21"/>
        <radio op="I TIM" rat="LTE" q="6.60" rsrp="-114" sinr="1" rsrq="-13"/>
      </extensions>
    </trkpt>
    <trkpt lat="45.6811448" lon="10.6543838">
      <ele>120.0</ele>
      <time>2026-08-23T12:33:09.143+02:00</time>
      <extensions>
        <activity type="IN_VEHICLE" conf="96" state="moving" tsMs="1787481185942"/>
        <radio op="vodafone IT" rat="LTE" rsrp="-117" rsrq="-21"/>
        <radio op="I TIM" rat="LTE" q="12.00" rsrp="-110" sinr="3" rsrq="-13"/>
      </extensions>
    </trkpt>
    <trkpt lat="45.6825975" lon="10.6560057">
      <ele>123.0</ele>
      <time>2026-08-23T12:33:19.143+02:00</time>
      <extensions>
        <activity type="IN_VEHICLE" conf="96" state="moving" tsMs="1787481196651"/>
        <radio op="vodafone IT" rat="LTE" rsrp="-111" rsrq="-17"/>
        <radio op="I TIM" rat="LTE" q="22.10" rsrp="-112" sinr="12" rsrq="-13"/>
      </extensions>
    </trkpt>
    <trkpt lat="45.6837577" lon="10.6576447">
      <ele>127.0</ele>
      <time>2026-08-23T12:33:29.143+02:00</time>
      <extensions>
        <activity type="IN_VEHICLE" conf="96" state="moving" tsMs="1787481207316"/>
        <radio op="vodafone IT" rat="LTE" rsrp="-110" rsrq="-14"/>
        <radio op="I TIM" rat="LTE" q="14.40" rsrp="-107" sinr="3" rsrq="-16"/>
      </extensions>
    </trkpt>
    <trkpt lat="45.6852059" lon="10.6589731">
      <ele>119.0</ele>
      <time>2026-08-23T12:33:39.143+02:00</time>
      <extensions>
        <activity type="IN_VEHICLE" conf="96" state="moving" tsMs="1787481218020"/>
        <radio op="vodafone IT" rat="LTE" q="11.20" rsrp="-109" sinr="2" rsrq="-13"/>
        <radio op="I TIM" rat="LTE" rsrp="-106" rsrq="-17"/>
      </extensions>
    </trkpt>
    <trkpt lat="45.6865514" lon="10.6601604">
      <ele>120.0</ele>
      <time>2026-08-23T12:33:49.143+02:00</time>
      <extensions>
        <activity type="IN_VEHICLE" conf="96" state="moving" tsMs="1787481228742"/>
        <radio op="vodafone IT" rat="LTE" rsrp="-89" rsrq="-14"/>
        <radio op="I TIM" rat="LTE" q="38.50" rsrp="-90" sinr="6" rsrq="-14"/>
      </extensions>
    </trkpt>
    <trkpt lat="45.687693" lon="10.6608797">
      <ele>121.0</ele>
      <time>2026-08-23T12:33:59.143+02:00</time>
      <extensions>
        <activity type="IN_VEHICLE" conf="96" state="moving" tsMs="1787481239391"/>
        <radio op="vodafone IT" rat="LTE" rsrp="-100" rsrq="-14"/>
        <radio op="I TIM" rat="LTE" q="72.00" rsrp="-89" sinr="15" rsrq="-13"/>
      </extensions>
    </trkpt>
    <trkpt lat="45.6886649" lon="10.6621066">
      <ele>132.0</ele>
      <time>2026-08-23T12:34:10.143+02:00</time>
      <extensions>
        <activity type="IN_VEHICLE" conf="96" state="moving" tsMs="1787481250094"/>
        <radio op="vodafone IT" rat="LTE" q="57.60" rsrp="-93" sinr="13" rsrq="-9"/>
        <radio op="I TIM" rat="LTE" q="42.00" rsrp="-95" sinr="9" rsrq="-10"/>
      </extensions>
    </trkpt>
    <trkpt lat="45.6892285" lon="10.6632437">
      <ele>138.0</ele>
      <time>2026-08-23T12:34:20.143+02:00</time>
      <extensions>
        <activity type="IN_VEHICLE" conf="96" state="moving" tsMs="1787481255417"/>
        <radio op="vodafone IT" rat="LTE" q="76.00" rsrp="-87" sinr="15" rsrq="-9"/>
        <radio op="I TIM" rat="LTE" rsrp="-91" rsrq="-13"/>
      </extensions>
    </trkpt>
    <trkpt lat="45.689845" lon="10.6640967">
      <ele>142.0</ele>
      <time>2026-08-23T12:34:30.143+02:00</time>
      <extensions>
        <activity type="IN_VEHICLE" conf="96" state="moving" tsMs="1787481266083"/>
        <radio op="vodafone IT" rat="LTE" q="76.00" rsrp="-85" sinr="14" rsrq="-10"/>
        <radio op="I TIM" rat="LTE" q="52.00" rsrp="-79" sinr="8" rsrq="-12"/>
      </extensions>
    </trkpt>
    <trkpt lat="45.6902576" lon="10.6642086">
      <ele>140.0</ele>
      <time>2026-08-23T12:34:40.144+02:00</time>
      <extensions>
        <activity type="IN_VEHICLE" conf="96" state="moving" tsMs="1787481276755"/>
        <radio op="vodafone IT" rat="LTE" q="68.40" rsrp="-89" sinr="14" rsrq="-10"/>
        <radio op="I TIM" rat="LTE" q="44.00" rsrp="-82" sinr="6" rsrq="-9"/>
      </extensions>
    </trkpt>
    <trkpt lat="45.6902576" lon="10.6642086">
      <ele>140.0</ele>
      <time>2026-08-23T12:34:50.143+02:00</time>
      <extensions>
        <activity type="IN_VEHICLE" conf="98" state="moving" tsMs="1787481287455"/>
        <radio op="vodafone IT" rat="LTE" q="77.00" rsrp="-90" sinr="17" rsrq="-10"/>
        <radio op="I TIM" rat="LTE" q="52.00" rsrp="-84" sinr="8" rsrq="-10"/>
      </extensions>
    </trkpt>
    <trkpt lat="45.6903952" lon="10.6642532">
      <ele>142.0</ele>
      <time>2026-08-23T12:35:00.143+02:00</time>
      <extensions>
        <activity type="IN_VEHICLE" conf="96" state="moving" tsMs="1787481298086"/>
        <radio op="vodafone IT" rat="LTE" q="68.00" rsrp="-91" sinr="15" rsrq="-10"/>
        <radio op="I TIM" rat="LTE" q="32.00" rsrp="-84" sinr="3" rsrq="-10"/>
      </extensions>
    </trkpt>
    <trkpt lat="45.6910137" lon="10.664974">
      <ele>146.0</ele>
      <time>2026-08-23T12:35:10.143+02:00</time>
      <extensions>
        <activity type="IN_VEHICLE" conf="96" state="moving" tsMs="1787481308729"/>
        <radio op="vodafone IT" rat="LTE" q="64.60" rsrp="-91" sinr="14" rsrq="-8"/>
        <radio op="I TIM" rat="LTE" q="36.00" rsrp="-83" sinr="4" rsrq="-10"/>
      </extensions>
    </trkpt>
    <trkpt lat="45.6916808" lon="10.6661087">
      <ele>148.35333050426215</ele>
      <time>2026-08-23T12:35:21.143+02:00</time>
      <extensions>
        <activity type="IN_VEHICLE" conf="96" state="moving" tsMs="1787481314025"/>
        <radio op="vodafone IT" rat="LTE" q="74.80" rsrp="-91" sinr="17" rsrq="-7"/>
        <radio op="I TIM" rat="LTE" q="40.70" rsrp="-88" sinr="6" rsrq="-10"/>
      </extensions>
    </trkpt>
    <trkpt lat="45.6923856" lon="10.6670685">
      <ele>155.20001220703125</ele>
      <time>2026-08-23T12:35:31.144+02:00</time>
      <extensions>
        <activity type="IN_VEHICLE" conf="96" state="moving" tsMs="1787481318658"/>
        <radio op="vodafone IT" rat="LTE" q="54.40" rsrp="-91" sinr="11" rsrq="-10"/>
        <radio op="I TIM" rat="LTE" q="35.10" rsrp="-86" sinr="4" rsrq="-12"/>
      </extensions>
    </trkpt>
    <trkpt lat="45.6934199" lon="10.6673048">
      <ele>155.20001220703125</ele>
      <time>2026-08-23T12:35:41.143+02:00</time>
      <extensions>
        <activity type="IN_VEHICLE" conf="96" state="moving" tsMs="1787481337767"/>
        <radio op="vodafone IT" rat="LTE" rsrp="-115" rsrq="-16"/>
        <radio op="I TIM" rat="LTE" rsrp="-103" rsrq="-15"/>
      </extensions>
    </trkpt>
    <trkpt lat="45.6943298" lon="10.6681068">
      <ele>155.20001220703125</ele>
      <time>2026-08-23T12:35:51.143+02:00</time>
      <extensions>
        <activity type="IN_VEHICLE" conf="96" state="moving" tsMs="1787481348446"/>
        <radio op="vodafone IT" rat="LTE" rsrp="-108" rsrq="-14"/>
        <radio op="I TIM" rat="LTE" q="46.80" rsrp="-99" sinr="13" rsrq="-11"/>
      </extensions>
    </trkpt>
    <trkpt lat="45.6951872" lon="10.6690811">
      <ele>155.20001220703125</ele>
      <time>2026-08-23T12:36:01.143+02:00</time>
      <extensions>
        <activity type="IN_VEHICLE" conf="96" state="moving" tsMs="1787481359096"/>
        <radio op="vodafone IT" rat="LTE" q="33.00" rsrp="-95" sinr="6" rsrq="-11"/>
        <radio op="I TIM" rat="LTE" rsrp="-102" rsrq="-16"/>
      </extensions>
    </trkpt>
    <trkpt lat="45.6958523" lon="10.6706889">
      <ele>155.20001220703125</ele>
      <time>2026-08-23T12:36:11.143+02:00</time>
      <extensions>
        <activity type="IN_VEHICLE" conf="96" state="moving" tsMs="1787481369790"/>
        <radio op="vodafone IT" rat="LTE" q="9.00" rsrp="-110" sinr="1" rsrq="-13"/>
        <radio op="I TIM" rat="LTE" q="14.40" rsrp="-107" sinr="3" rsrq="-15"/>
      </extensions>
    </trkpt>
    <trkpt lat="45.6966075" lon="10.6719604">
      <ele>155.20001220703125</ele>
      <time>2026-08-23T12:36:21.143+02:00</time>
      <extensions>
        <activity type="IN_VEHICLE" conf="96" state="moving" tsMs="1787481380517"/>
        <radio op="vodafone IT" rat="LTE" q="24.30" rsrp="-98" sinr="4" rsrq="-9"/>
        <radio op="I TIM" rat="LTE" rsrp="-97" rsrq="-14"/>
      </extensions>
    </trkpt>
    <trkpt lat="45.6974631" lon="10.6733018">
      <ele>155.20001220703125</ele>
      <time>2026-08-23T12:36:32.143+02:00</time>
      <extensions>
        <activity type="IN_VEHICLE" conf="96" state="moving" tsMs="1787481391154"/>
        <radio op="vodafone IT" rat="LTE" rsrp="-114" rsrq="-16"/>
        <radio op="I TIM" rat="LTE" q="11.50" rsrp="-102" sinr="0" rsrq="-12"/>
      </extensions>
    </trkpt>
    <trkpt lat="45.6982343" lon="10.6745577">
      <ele>155.20001220703125</ele>
      <time>2026-08-23T12:36:42.143+02:00</time>
      <extensions>
        <activity type="IN_VEHICLE" conf="96" state="moving" tsMs="1787481401847"/>
        <radio op="vodafone IT" rat="LTE" q="16.00" rsrp="-109" sinr="5" rsrq="-11"/>
        <radio op="I TIM" rat="LTE" rsrp="-104" rsrq="-14"/>
      </extensions>
    </trkpt>
    <trkpt lat="45.6991456" lon="10.6758831">
      <ele>187.0</ele>
      <time>2026-08-23T12:36:52.143+02:00</time>
      <extensions>
        <activity type="IN_VEHICLE" conf="96" state="moving" tsMs="1787481412511"/>
        <radio op="vodafone IT" rat="LTE" q="44.80" rsrp="-97" sinr="11" rsrq="-9"/>
        <radio op="I TIM" rat="LTE" q="16.10" rsrp="-102" sinr="2" rsrq="-15"/>
      </extensions>
    </trkpt>
    <trkpt lat="45.6999393" lon="10.6773287">
      <ele>192.0</ele>
      <time>2026-08-23T12:37:02.143+02:00</time>
      <extensions>
        <activity type="IN_VEHICLE" conf="96" state="moving" tsMs="1787481417820"/>
        <radio op="vodafone IT" rat="LTE" rsrp="-111" rsrq="-17"/>
        <radio op="I TIM" rat="LTE" q="26.00" rsrp="-99" sinr="5" rsrq="-13"/>
      </extensions>
    </trkpt>
    <trkpt lat="45.7009737" lon="10.6783201">
      <ele>196.0</ele>
      <time>2026-08-23T12:37:12.143+02:00</time>
      <extensions>
        <activity type="UNKNOWN" conf="40" state="unknown" tsMs="1787481428492"/>
        <radio op="vodafone IT" rat="LTE" rsrp="-113" rsrq="-16"/>
        <radio op="I TIM" rat="LTE" q="20.70" rsrp="-102" sinr="4" rsrq="-14"/>
      </extensions>
    </trkpt>
    <trkpt lat="45.7018382" lon="10.6795028">
      <ele>201.0</ele>
      <time>2026-08-23T12:37:22.143+02:00</time>
      <extensions>
        <activity type="IN_VEHICLE" conf="96" state="moving" tsMs="1787481439149"/>
        <radio op="vodafone IT" rat="LTE" rsrp="-104" rsrq="-13"/>
        <radio op="I TIM" rat="LTE" rsrp="-98" rsrq="-14"/>
      </extensions>
    </trkpt>
    <trkpt lat="45.7026698" lon="10.6805197">
      <ele>204.0</ele>
      <time>2026-08-23T12:37:32.143+02:00</time>
      <extensions>
        <activity type="IN_VEHICLE" conf="97" state="moving" tsMs="1787481449795"/>
        <radio op="vodafone IT" rat="LTE" rsrp="-117" rsrq="-17"/>
        <radio op="I TIM" rat="LTE" q="10.50" rsrp="-104" sinr="0" rsrq="-14"/>
      </extensions>
    </trkpt>
    <trkpt lat="45.7032888" lon="10.6818611">
      <ele>204.0</ele>
      <time>2026-08-23T12:37:42.143+02:00</time>
      <extensions>
        <activity type="IN_VEHICLE" conf="96" state="moving" tsMs="1787481460493"/>
        <radio op="vodafone IT" rat="LTE" q="9.80" rsrp="-111" sinr="2" rsrq="-11"/>
        <radio op="I TIM" rat="LTE" q="20.70" rsrp="-102" sinr="4" rsrq="-14"/>
      </extensions>
    </trkpt>
    <trkpt lat="45.7034508" lon="10.6823357">
      <ele>206.0</ele>
      <time>2026-08-23T12:37:46.143+02:00</time>
      <extensions>
        <activity type="IN_VEHICLE" conf="96" state="moving" tsMs="1787481471115"/>
        <radio op="vodafone IT" rat="LTE" rsrp="-76" rsrq="-18"/>
        <radio op="I TIM" rat="LTE" rsrp="-116" rsrq="-19"/>
      </extensions>
    </trkpt>
    <trkpt lat="45.7034508" lon="10.6823357">
      <ele>213.1856512977053</ele>
      <time>2026-08-23T12:37:56.47+02:00</time>
      <extensions>
        <activity type="IN_VEHICLE" conf="96" state="moving" tsMs="1787481476409"/>
        <radio op="vodafone IT" rat="LTE" rsrp="-100" rsrq="-18"/>
        <radio op="I TIM" rat="LTE" rsrp="-115" rsrq="-15"/>
      </extensions>
    </trkpt>
    <trkpt lat="45.7087918" lon="10.6940486">
      <ele>231.0</ele>
      <time>2026-08-23T12:39:32.142+02:00</time>
      <extensions>
        <activity type="IN_VEHICLE" conf="99" state="moving" tsMs="1787481576177"/>
        <radio op="vodafone IT" rat="LTE" rsrp="-113" rsrq="-14"/>
        <radio op="I TIM" rat="LTE" q="9.00" rsrp="-110" sinr="1" rsrq="-18"/>
      </extensions>
    </trkpt>
    <trkpt lat="45.7087918" lon="10.6940486">
      <ele>231.0</ele>
      <time>2026-08-23T12:39:42.494+02:00</time>
      <extensions>
        <activity type="IN_VEHICLE" conf="96" state="moving" tsMs="1787481581552"/>
        <radio op="vodafone IT" rat="LTE" q="11.00" rsrp="-114" sinr="5" rsrq="-11"/>
        <radio op="I TIM" rat="LTE" q="5.60" rsrp="-117" sinr="2" rsrq="-14"/>
      </extensions>
    </trkpt>
    <trkpt lat="45.7087918" lon="10.6940486">
      <ele>231.0</ele>
      <time>2026-08-23T12:40:02.889+02:00</time>
      <extensions>
        <activity type="IN_VEHICLE" conf="96" state="moving" tsMs="1787481603067"/>
        <radio op="vodafone IT" rat="LTE" rsrp="-126" rsrq="-14"/>
        <radio op="I TIM" rat="LTE" q="6.40" rsrp="-117" sinr="3" rsrq="-11"/>
      </extensions>
    </trkpt>
    <trkpt lat="45.7087918" lon="10.6940486">
      <ele>231.0</ele>
      <time>2026-08-23T12:40:23.712+02:00</time>
      <extensions>
        <activity type="IN_VEHICLE" conf="96" state="moving" tsMs="1787481623887"/>
        <radio op="vodafone IT" rat="LTE" q="9.80" rsrp="-111" sinr="2" rsrq="-10"/>
        <radio op="I TIM" rat="LTE" rsrp="-125" rsrq="-18"/>
      </extensions>
    </trkpt>
    <trkpt lat="45.7125409" lon="10.7004176">
      <ele>230.0</ele>
      <time>2026-08-23T12:40:37.142+02:00</time>
      <extensions>
        <activity type="IN_VEHICLE" conf="96" state="moving" tsMs="1787481634597"/>
        <radio op="vodafone IT" rat="LTE" q="44.80" rsrp="-97" sinr="11" rsrq="-7"/>
        <radio op="I TIM" rat="LTE" rsrp="-95" rsrq="-13"/>
      </extensions>
    </trkpt>
    <trkpt lat="45.7137941" lon="10.7011943">
      <ele>220.0</ele>
      <time>2026-08-23T12:40:47.142+02:00</time>
      <extensions>
        <activity type="IN_VEHICLE" conf="96" state="moving" tsMs="1787481645335"/>
        <radio op="vodafone IT" rat="LTE" q="49.60" rsrp="-94" sinr="11" rsrq="-11"/>
        <radio op="I TIM" rat="LTE" q="14.40" rsrp="-101" sinr="1" rsrq="-14"/>
      </extensions>
    </trkpt>
    <trkpt lat="45.715094" lon="10.7026142">
      <ele>208.0</ele>
      <time>2026-08-23T12:40:57.142+02:00</time>
      <extensions>
        <activity type="IN_VEHICLE" conf="96" state="moving" tsMs="1787481654111"/>
        <radio op="vodafone IT" rat="LTE" q="28.60" rsrp="-103" sinr="8" rsrq="-7"/>
        <radio op="I TIM" rat="LTE" rsrp="-105" rsrq="-17"/>
      </extensions>
    </trkpt>
    <trkpt lat="45.7161166" lon="10.7036105">
      <ele>203.0</ele>
      <time>2026-08-23T12:41:07.142+02:00</time>
      <extensions>
        <activity type="IN_VEHICLE" conf="96" state="moving" tsMs="1787481664777"/>
        <radio op="vodafone IT" rat="LTE" q="29.90" rsrp="-102" sinr="8" rsrq="-11"/>
        <radio op="I TIM" rat="LTE" rsrp="-100" rsrq="-14"/>
      </extensions>
    </trkpt>
    <trkpt lat="45.7170716" lon="10.7049908">
      <ele>198.0</ele>
      <time>2026-08-23T12:41:17.142+02:00</time>
      <extensions>
        <activity type="IN_VEHICLE" conf="96" state="moving" tsMs="1787481675394"/>
        <radio op="vodafone IT" rat="LTE" q="27.30" rsrp="-104" sinr="8" rsrq="-11"/>
        <radio op="I TIM" rat="LTE" rsrp="-107" rsrq="-16"/>
      </extensions>
    </trkpt>
    <trkpt lat="45.7180473" lon="10.706284">
      <ele>190.0</ele>
      <time>2026-08-23T12:41:28.142+02:00</time>
      <extensions>
        <activity type="IN_VEHICLE" conf="94" state="moving" tsMs="1787481686088"/>
        <radio op="vodafone IT" rat="LTE" q="55.00" rsrp="-100" sinr="17" rsrq="-11"/>
        <radio op="I TIM" rat="LTE" q="14.40" rsrp="-101" sinr="1" rsrq="-15"/>
      </extensions>
    </trkpt>
    <trkpt lat="45.7188821" lon="10.7070112">
      <ele>185.0</ele>
      <time>2026-08-23T12:41:36.142+02:00</time>
      <extensions>
        <activity type="IN_VEHICLE" conf="96" state="moving" tsMs="1787481696797"/>
        <radio op="vodafone IT" rat="LTE" q="6.00" rsrp="-115" sinr="1" rsrq="-9"/>
        <radio op="I TIM" rat="LTE" rsrp="-108" rsrq="-15"/>
      </extensions>
    </trkpt>
    <trkpt lat="45.7188821" lon="10.7070112">
      <ele>185.0</ele>
      <time>2026-08-23T12:41:46.478+02:00</time>
      <extensions>
        <activity type="IN_VEHICLE" conf="96" state="moving" tsMs="1787481706648"/>
        <radio op="vodafone IT" rat="LTE" rsrp="-122" rsrq="-14"/>
        <radio op="I TIM" rat="LTE" rsrp="-121" rsrq="-20"/>
      </extensions>
    </trkpt>
    <trkpt lat="45.7286029" lon="10.7194661">
      <ele>185.0</ele>
      <time>2026-08-23T12:42:48.055+02:00</time>
      <extensions>
        <activity type="IN_VEHICLE" conf="96" state="moving" tsMs="1787481778954"/>
        <radio op="vodafone IT" rat="LTE" q="20.00" rsrp="-59" sinr="0" rsrq="-11"/>
        <radio op="I TIM" rat="LTE" rsrp="-121" rsrq="-17"/>
      </extensions>
    </trkpt>
    <trkpt lat="45.72794" lon="10.7185763">
      <ele>114.0</ele>
      <time>2026-08-23T12:43:09.142+02:00</time>
      <extensions>
        <activity type="IN_VEHICLE" conf="96" state="moving" tsMs="1787481784295"/>
        <radio op="vodafone IT" rat="LTE" rsrp="-91" rsrq="-12"/>
        <radio op="I TIM" rat="LTE" rsrp="-100" rsrq="-14"/>
      </extensions>
    </trkpt>
    <trkpt lat="45.7282658" lon="10.7201492">
      <ele>117.0</ele>
      <time>2026-08-23T12:43:19.142+02:00</time>
      <extensions>
        <activity type="IN_VEHICLE" conf="96" state="moving" tsMs="1787481794965"/>
        <radio op="vodafone IT" rat="LTE" q="16.80" rsrp="-97" sinr="1" rsrq="-11"/>
        <radio op="I TIM" rat="LTE" q="15.50" rsrp="-94" sinr="0" rsrq="-15"/>
      </extensions>
    </trkpt>
    <trkpt lat="45.7291529" lon="10.7206066">
      <ele>114.0</ele>
      <time>2026-08-23T12:43:29.142+02:00</time>
      <extensions>
        <activity type="IN_VEHICLE" conf="96" state="moving" tsMs="1787481805607"/>
        <radio op="vodafone IT" rat="LTE" q="6.00" rsrp="-115" sinr="1" rsrq="-13"/>
        <radio op="I TIM" rat="LTE" rsrp="-107" rsrq="-15"/>
      </extensions>
    </trkpt>
    <trkpt lat="45.7298255" lon="10.7217644">
      <ele>122.0</ele>
      <time>2026-08-23T12:43:39.142+02:00</time>
      <extensions>
        <activity type="IN_VEHICLE" conf="96" state="moving" tsMs="1787481816231"/>
        <radio op="vodafone IT" rat="LTE" q="36.40" rsrp="-97" sinr="8" rsrq="-12"/>
        <radio op="I TIM" rat="LTE" rsrp="-107" rsrq="-15"/>
      </extensions>
    </trkpt>
    <trkpt lat="45.7305327" lon="10.7231577">
      <ele>124.0</ele>
      <time>2026-08-23T12:43:49.142+02:00</time>
      <extensions>
        <activity type="IN_VEHICLE" conf="96" state="moving" tsMs="1787481826909"/>
        <radio op="vodafone IT" rat="LTE" q="15.40" rsrp="-103" sinr="2" rsrq="-11"/>
        <radio op="I TIM" rat="LTE" rsrp="-104" rsrq="-16"/>
      </extensions>
    </trkpt>
    <trkpt lat="45.7309903" lon="10.7242408">
      <ele>124.0</ele>
      <time>2026-08-23T12:43:59.142+02:00</time>
      <extensions>
        <activity type="IN_VEHICLE" conf="96" state="moving" tsMs="1787481837605"/>
        <radio op="vodafone IT" rat="LTE" q="34.10" rsrp="-94" sinr="6" rsrq="-10"/>
        <radio op="I TIM" rat="LTE" q="10.00" rsrp="-105" sinr="0" rsrq="-16"/>
      </extensions>
    </trkpt>
    <trkpt lat="45.7315088" lon="10.7256944">
      <ele>126.0</ele>
      <time>2026-08-23T12:44:09.142+02:00</time>
      <extensions>
        <activity type="IN_VEHICLE" conf="96" state="moving" tsMs="1787481848341"/>
        <radio op="vodafone IT" rat="LTE" rsrp="-107" rsrq="-18"/>
        <radio op="I TIM" rat="LTE" rsrp="-96" rsrq="-15"/>
      </extensions>
    </trkpt>
    <trkpt lat="45.7323483" lon="10.7274119">
      <ele>128.0</ele>
      <time>2026-08-23T12:44:19.142+02:00</time>
      <extensions>
        <activity type="IN_VEHICLE" conf="96" state="moving" tsMs="1787481859044"/>
        <radio op="vodafone IT" rat="LTE" rsrp="-101" rsrq="-12"/>
        <radio op="I TIM" rat="LTE" q="12.00" rsrp="-101" sinr="0" rsrq="-14"/>
      </extensions>
    </trkpt>
    <trkpt lat="45.7333021" lon="10.7289991">
      <ele>128.0</ele>
      <time>2026-08-23T12:44:30.142+02:00</time>
      <extensions>
        <activity type="IN_VEHICLE" conf="96" state="moving" tsMs="1787481869784"/>
        <radio op="vodafone IT" rat="LTE" rsrp="-102" rsrq="-13"/>
        <radio op="I TIM" rat="LTE" q="10.50" rsrp="-104" sinr="0" rsrq="-15"/>
      </extensions>
    </trkpt>
    <trkpt lat="45.7340344" lon="10.7305416">
      <ele>127.0</ele>
      <time>2026-08-23T12:44:40.142+02:00</time>
      <extensions>
        <activity type="IN_VEHICLE" conf="96" state="moving" tsMs="1787481880419"/>
        <radio op="vodafone IT" rat="LTE" rsrp="-102" rsrq="-13"/>
        <radio op="I TIM" rat="LTE" rsrp="-104" rsrq="-17"/>
      </extensions>
    </trkpt>
    <trkpt lat="45.7347099" lon="10.7314846">
      <ele>126.0</ele>
      <time>2026-08-23T12:44:47.142+02:00</time>
      <extensions>
        <activity type="IN_VEHICLE" conf="96" state="moving" tsMs="1787481885751"/>
        <radio op="vodafone IT" rat="LTE" rsrp="-118" rsrq="-12"/>
        <radio op="I TIM" rat="LTE" rsrp="-107" rsrq="-16"/>
      </extensions>
    </trkpt>
    <trkpt lat="45.7356159" lon="10.7329795">
      <ele>149.0</ele>
      <time>2026-08-23T12:45:00.142+02:00</time>
      <extensions>
        <activity type="IN_VEHICLE" conf="96" state="moving" tsMs="1787481896423"/>
        <radio op="vodafone IT" rat="LTE" rsrp="-101" rsrq="-11"/>
        <radio op="I TIM" rat="LTE" rsrp="-105" rsrq="-16"/>
      </extensions>
    </trkpt>
    <trkpt lat="45.7358592" lon="10.7344541">
      <ele>128.0</ele>
      <time>2026-08-23T12:45:10.142+02:00</time>
      <extensions>
        <activity type="IN_VEHICLE" conf="96" state="moving" tsMs="1787481907092"/>
        <radio op="vodafone IT" rat="LTE" rsrp="-105" rsrq="-14"/>
        <radio op="I TIM" rat="LTE" rsrp="-110" rsrq="-16"/>
      </extensions>
    </trkpt>
    <trkpt lat="45.736703" lon="10.7353911">
      <ele>127.0</ele>
      <time>2026-08-23T12:45:20.143+02:00</time>
      <extensions>
        <activity type="IN_VEHICLE" conf="96" state="moving" tsMs="1787481917775"/>
        <radio op="vodafone IT" rat="LTE" rsrp="-105" rsrq="-15"/>
        <radio op="I TIM" rat="LTE" q="10.20" rsrp="-108" sinr="1" rsrq="-14"/>
      </extensions>
    </trkpt>
    <trkpt lat="45.7379956" lon="10.7357179">
      <ele>130.0</ele>
      <time>2026-08-23T12:45:30.142+02:00</time>
      <extensions>
        <activity type="IN_VEHICLE" conf="96" state="moving" tsMs="1787481928460"/>
        <radio op="vodafone IT" rat="LTE" q="19.60" rsrp="-97" sinr="2" rsrq="-11"/>
        <radio op="I TIM" rat="LTE" rsrp="-103" rsrq="-15"/>
      </extensions>
    </trkpt>
    <trkpt lat="45.738152" lon="10.7357174">
      <ele>130.0</ele>
      <time>2026-08-23T12:45:31.142+02:00</time>
      <extensions>
        <activity type="IN_VEHICLE" conf="96" state="moving" tsMs="1787481939220"/>
        <radio op="vodafone IT" rat="LTE" rsrp="-118" rsrq="-19"/>
        <radio op="I TIM" rat="LTE" rsrp="-125" rsrq="-16"/>
      </extensions>
    </trkpt>
    <trkpt lat="45.738152" lon="10.7357174">
      <ele>130.0</ele>
      <time>2026-08-23T12:45:41.542+02:00</time>
      <extensions>
        <activity type="IN_VEHICLE" conf="96" state="moving" tsMs="1787481939220"/>
        <radio op="vodafone IT" rat="LTE" rsrq="-20"/>
        <radio op="I TIM" rat="LTE" rsrp="-133" rsrq="-20"/>
      </extensions>
    </trkpt>
    <trkpt lat="45.7431256" lon="10.740577">
      <ele>123.0</ele>
      <time>2026-08-23T12:46:11.143+02:00</time>
      <extensions>
        <activity type="IN_VEHICLE" conf="96" state="moving" tsMs="1787481967426"/>
        <radio op="vodafone IT" rat="LTE" rsrp="-103" rsrq="-15"/>
        <radio op="I TIM" rat="LTE" q="11.50" rsrp="-102" sinr="0" rsrq="-15"/>
      </extensions>
    </trkpt>
    <trkpt lat="45.7433837" lon="10.7408996">
      <ele>124.0</ele>
      <time>2026-08-23T12:46:13.143+02:00</time>
      <extensions>
        <activity type="IN_VEHICLE" conf="96" state="moving" tsMs="1787481978165"/>
        <radio op="vodafone IT" rat="LTE" rsrp="-134" rsrq="-25"/>
        <radio op="I TIM" rat="LTE" rsrp="-130" rsrq="-17"/>
      </extensions>
    </trkpt>
    <trkpt lat="45.7433837" lon="10.7408996">
      <ele>124.0</ele>
      <time>2026-08-23T12:46:44.115+02:00</time>
      <extensions>
        <activity type="IN_VEHICLE" conf="94" state="moving" tsMs="1787481986991"/>
        <radio op="vodafone IT" rat="OTHER"/>
        <radio op="I TIM" rat="LTE" rsrp="-128" rsrq="-17"/>
      </extensions>
    </trkpt>
    <trkpt lat="45.7433837" lon="10.7408996">
      <ele>137.86391916401698</ele>
      <time>2026-08-23T12:47:40.723+02:00</time>
      <extensions>
        <activity type="IN_VEHICLE" conf="94" state="moving" tsMs="1787482066253"/>
        <radio op="vodafone IT" rat="LTE" rsrp="-107" rsrq="-13"/>
        <radio op="I TIM" rat="LTE" rsrp="-117" rsrq="-25"/>
      </extensions>
    </trkpt>
    <trkpt lat="45.755192" lon="10.7500764">
      <ele>119.9000015258789</ele>
      <time>2026-08-23T12:48:28.15+02:00</time>
      <extensions>
        <activity type="IN_VEHICLE" conf="93" state="moving" tsMs="1787482106873"/>
        <radio op="vodafone IT" rat="LTE" rsrp="-103" rsrq="-11"/>
        <radio op="I TIM" rat="LTE" rsrp="-103" rsrq="-15"/>
      </extensions>
    </trkpt>
    <trkpt lat="45.7544193" lon="10.7508268">
      <ele>120.30000305175781</ele>
      <time>2026-08-23T12:48:59.402+02:00</time>
      <extensions>
        <activity type="IN_VEHICLE" conf="97" state="moving" tsMs="1787482136303"/>
        <radio op="vodafone IT" rat="LTE" q="11.40" rsrp="-106" sinr="1" rsrq="-14"/>
        <radio op="I TIM" rat="LTE" rsrp="-103" rsrq="-16"/>
      </extensions>
    </trkpt>
    <trkpt lat="45.7552202" lon="10.750616">
      <ele>126.4000015258789</ele>
      <time>2026-08-23T12:49:30.454+02:00</time>
      <extensions>
        <activity type="IN_VEHICLE" conf="97" state="moving" tsMs="1787482165215"/>
        <radio op="vodafone IT" rat="LTE" rsrp="-109" rsrq="-14"/>
        <radio op="I TIM" rat="LTE" rsrp="-97" rsrq="-14"/>
      </extensions>
    </trkpt>
    <trkpt lat="45.7531502" lon="10.7488592">
      <ele>127.54578255046174</ele>
      <time>2026-08-23T12:50:32.92+02:00</time>
      <extensions>
        <activity type="IN_VEHICLE" conf="97" state="moving" tsMs="1787482249874"/>
        <radio op="vodafone IT" rat="LTE" q="7.20" rsrp="-113" sinr="1" rsrq="-16"/>
        <radio op="I TIM" rat="LTE" rsrp="-110" rsrq="-17"/>
      </extensions>
    </trkpt>
    <trkpt lat="45.7529808" lon="10.7495888">
      <ele>128.76704164806952</ele>
      <time>2026-08-23T12:51:04.229+02:00</time>
      <extensions>
        <activity type="IN_VEHICLE" conf="97" state="moving" tsMs="1787482260590"/>
        <radio op="vodafone IT" rat="LTE" rsrp="-112" rsrq="-15"/>
        <radio op="I TIM" rat="LTE" rsrp="-110" rsrq="-18"/>
      </extensions>
    </trkpt>
    <trkpt lat="45.7537853" lon="10.749806">
      <ele>128.40563058259866</ele>
      <time>2026-08-23T12:51:40.143+02:00</time>
      <extensions>
        <activity type="UNKNOWN" conf="40" state="unknown" tsMs="1787482299402"/>
        <radio op="vodafone IT" rat="LTE" q="6.00" rsrp="-115" sinr="1" rsrq="-12"/>
        <radio op="I TIM" rat="LTE" rsrp="-115" rsrq="-17"/>
      </extensions>
    </trkpt>
    <trkpt lat="45.7542796" lon="10.750221">
      <ele>128.88128393721422</ele>
      <time>2026-08-23T12:52:19.144+02:00</time>
      <extensions>
        <activity type="UNKNOWN" conf="40" state="unknown" tsMs="1787482326788"/>
        <radio op="vodafone IT" rat="LTE" rsrp="-114" rsrq="-16"/>
        <radio op="I TIM" rat="LTE" rsrp="-120" rsrq="-18"/>
      </extensions>
    </trkpt>
    <trkpt lat="45.753724" lon="10.7498341">
      <ele>128.2789325977106</ele>
      <time>2026-08-23T12:52:53.143+02:00</time>
      <extensions>
        <activity type="UNKNOWN" conf="40" state="unknown" tsMs="1787482368033"/>
        <radio op="vodafone IT" rat="LTE" rsrp="-117" rsrq="-15"/>
        <radio op="I TIM" rat="LTE" q="6.50" rsrp="-112" sinr="0" rsrq="-11"/>
      </extensions>
    </trkpt>
    <trkpt lat="45.7547922" lon="10.7503512">
      <ele>128.2498546350232</ele>
      <time>2026-08-23T12:53:45.211+02:00</time>
      <extensions>
        <activity type="UNKNOWN" conf="40" state="unknown" tsMs="1787482424363"/>
        <radio op="vodafone IT" rat="LTE" rsrp="-115" rsrq="-14"/>
        <radio op="I TIM" rat="LTE" rsrp="-115" rsrq="-14"/>
      </extensions>
    </trkpt>
    <trkpt lat="45.7546727" lon="10.7506575">
      <ele>119.69999694824219</ele>
      <time>2026-08-23T12:54:16.837+02:00</time>
      <extensions>
        <activity type="ON_FOOT" conf="91" state="moving" tsMs="1787482456566"/>
        <radio op="vodafone IT" rat="LTE" rsrp="-112" rsrq="-18"/>
        <radio op="I TIM" rat="LTE" rsrp="-115" rsrq="-16"/>
      </extensions>
    </trkpt>
    <trkpt lat="45.753964" lon="10.7502743">
      <ele>121.0</ele>
      <time>2026-08-23T12:54:29.21+02:00</time>
      <extensions>
        <activity type="ON_FOOT" conf="91" state="moving" tsMs="1787482456566"/>
        <radio op="vodafone IT" rat="LTE" rsrp="-111" rsrq="-16"/>
        <radio op="I TIM" rat="LTE" rsrp="-116" rsrq="-16"/>
      </extensions>
    </trkpt>
    <trkpt lat="45.7540236" lon="10.7503934">
      <ele>121.0</ele>
      <time>2026-08-23T12:54:39.143+02:00</time>
      <extensions>
        <activity type="ON_FOOT" conf="87" state="moving" tsMs="1787482460076"/>
        <radio op="vodafone IT" rat="LTE" rsrp="-118" rsrq="-18"/>
        <radio op="I TIM" rat="LTE" rsrp="-114" rsrq="-16"/>
      </extensions>
    </trkpt>
    <trkpt lat="45.7541" lon="10.7504691">
      <ele>119.9000015258789</ele>
      <time>2026-08-23T12:54:49.191+02:00</time>
      <extensions>
        <activity type="ON_FOOT" conf="95" state="moving" tsMs="1787482476134"/>
        <radio op="vodafone IT" rat="LTE" rsrp="-115" rsrq="-18"/>
        <radio op="I TIM" rat="LTE" rsrp="-115" rsrq="-15"/>
      </extensions>
    </trkpt>
    <trkpt lat="45.7541922" lon="10.7505767">
      <ele>120.0</ele>
      <time>2026-08-23T12:54:59.365+02:00</time>
      <extensions>
        <activity type="ON_FOOT" conf="96" state="moving" tsMs="1787482491932"/>
        <radio op="vodafone IT" rat="LTE" rsrp="-118" rsrq="-18"/>
        <radio op="I TIM" rat="LTE" rsrp="-118" rsrq="-17"/>
      </extensions>
    </trkpt>
    <trkpt lat="45.7542622" lon="10.7506768">
      <ele>120.69999694824219</ele>
      <time>2026-08-23T12:55:09.448+02:00</time>
      <extensions>
        <activity type="ON_FOOT" conf="96" state="moving" tsMs="1787482491932"/>
        <radio op="vodafone IT" rat="LTE" q="33.60" rsrp="-101" sinr="9" rsrq="-11"/>
        <radio op="I TIM" rat="LTE" q="24.00" rsrp="-110" sinr="11" rsrq="-7"/>
      </extensions>
    </trkpt>
    <trkpt lat="45.7542044" lon="10.7508087">
      <ele>118.19999694824219</ele>
      <time>2026-08-23T12:55:19.368+02:00</time>
      <extensions>
        <activity type="ON_FOOT" conf="98" state="moving" tsMs="1787482502473"/>
        <radio op="vodafone IT" rat="LTE" q="16.80" rsrp="-104" sinr="3" rsrq="-14"/>
        <radio op="I TIM" rat="LTE" q="25.60" rsrp="-109" sinr="11" rsrq="-6"/>
      </extensions>
    </trkpt>
    <trkpt lat="45.754189" lon="10.75098">
      <ele>117.30000305175781</ele>
      <time>2026-08-23T12:55:29.528+02:00</time>
      <extensions>
        <activity type="ON_FOOT" conf="97" state="moving" tsMs="1787482519539"/>
        <radio op="vodafone IT" rat="LTE" q="16.80" rsrp="-104" sinr="3" rsrq="-13"/>
        <radio op="I TIM" rat="LTE" q="9.00" rsrp="-116" sinr="5" rsrq="-8"/>
      </extensions>
    </trkpt>
    <trkpt lat="45.7542317" lon="10.7510693">
      <ele>118.0</ele>
      <time>2026-08-23T12:55:39.297+02:00</time>
      <extensions>
        <activity type="ON_FOOT" conf="97" state="moving" tsMs="1787482519539"/>
        <radio op="vodafone IT" rat="LTE" rsrp="-102" rsrq="-13"/>
        <radio op="I TIM" rat="LTE" rsrp="-100" rsrq="-15"/>
      </extensions>
    </trkpt>
    <trkpt lat="45.7541801" lon="10.7510351">
      <ele>118.0</ele>
      <time>2026-08-23T12:55:49.789+02:00</time>
      <extensions>
        <activity type="ON_FOOT" conf="86" state="moving" tsMs="1787482529581"/>
        <radio op="vodafone IT" rat="LTE" q="22.40" rsrp="-97" sinr="3" rsrq="-11"/>
        <radio op="I TIM" rat="LTE" rsrp="-96" rsrq="-14"/>
      </extensions>
    </trkpt>
    <trkpt lat="45.7540766" lon="10.7511331">
      <ele>117.30000305175781</ele>
      <time>2026-08-23T12:56:00.169+02:00</time>
      <extensions>
        <activity type="ON_FOOT" conf="89" state="moving" tsMs="1787482547780"/>
        <radio op="vodafone IT" rat="LTE" rsrp="-99" rsrq="-16"/>
        <radio op="I TIM" rat="LTE" rsrp="-95" rsrq="-15"/>
      </extensions>
    </trkpt>
    <trkpt lat="45.7539821" lon="10.7511483">
      <ele>117.30000305175781</ele>
      <time>2026-08-23T12:56:10.245+02:00</time>
      <extensions>
        <activity type="ON_FOOT" conf="89" state="moving" tsMs="1787482547780"/>
        <radio op="vodafone IT" rat="LTE" q="14.70" rsrp="-104" sinr="2" rsrq="-13"/>
        <radio op="I TIM" rat="LTE" q="15.00" rsrp="-100" sinr="1" rsrq="-16"/>
      </extensions>
    </trkpt>
    <trkpt lat="45.7539916" lon="10.7511536">
      <ele>117.69999694824219</ele>
      <time>2026-08-23T12:56:20.143+02:00</time>
      <extensions>
        <activity type="ON_FOOT" conf="87" state="moving" tsMs="1787482562816"/>
        <radio op="vodafone IT" rat="LTE" q="15.20" rsrp="-106" sinr="3" rsrq="-13"/>
        <radio op="I TIM" rat="LTE" rsrp="-102" rsrq="-15"/>
      </extensions>
    </trkpt>
    <trkpt lat="45.7539977" lon="10.7511487">
      <ele>118.19999694824219</ele>
      <time>2026-08-23T12:56:30.204+02:00</time>
      <extensions>
        <activity type="UNKNOWN" conf="40" state="unknown" tsMs="1787482577860"/>
        <radio op="vodafone IT" rat="LTE" q="13.30" rsrp="-106" sinr="2" rsrq="-10"/>
        <radio op="I TIM" rat="LTE" q="20.80" rsrp="-99" sinr="3" rsrq="-13"/>
      </extensions>
    </trkpt>
    <trkpt lat="45.7539999" lon="10.7511406">
      <ele>117.30000305175781</ele>
      <time>2026-08-23T12:56:40.519+02:00</time>
      <extensions>
        <activity type="UNKNOWN" conf="40" state="unknown" tsMs="1787482577860"/>
        <radio op="vodafone IT" rat="LTE" q="18.90" rsrp="-104" sinr="4" rsrq="-12"/>
        <radio op="I TIM" rat="LTE" q="16.20" rsrp="-98" sinr="1" rsrq="-12"/>
      </extensions>
    </trkpt>
    <trkpt lat="45.7540063" lon="10.7511197">
      <ele>117.9000015258789</ele>
      <time>2026-08-23T12:56:50.159+02:00</time>
      <extensions>
        <activity type="UNKNOWN" conf="40" state="unknown" tsMs="1787482592891"/>
        <radio op="vodafone IT" rat="LTE" rsrp="-107" rsrq="-12"/>
        <radio op="I TIM" rat="LTE" rsrp="-100" rsrq="-14"/>
      </extensions>
    </trkpt>
    <trkpt lat="45.7540092" lon="10.7511308">
      <ele>117.30000305175781</ele>
      <time>2026-08-23T12:57:00.784+02:00</time>
      <extensions>
        <activity type="UNKNOWN" conf="40" state="unknown" tsMs="1787482607931"/>
        <radio op="vodafone IT" rat="LTE" rsrp="-112" rsrq="-13"/>
        <radio op="I TIM" rat="LTE" rsrp="-103" rsrq="-15"/>
      </extensions>
    </trkpt>
    <trkpt lat="45.7540051" lon="10.7511541">
      <ele>117.30000305175781</ele>
      <time>2026-08-23T12:57:11.143+02:00</time>
      <extensions>
        <activity type="UNKNOWN" conf="40" state="unknown" tsMs="1787482607931"/>
        <radio op="vodafone IT" rat="LTE" q="15.00" rsrp="-100" sinr="1" rsrq="-12"/>
        <radio op="I TIM" rat="LTE" rsrp="-106" rsrq="-15"/>
      </extensions>
    </trkpt>
    <trkpt lat="45.7540056" lon="10.7511629">
      <ele>117.5</ele>
      <time>2026-08-23T12:57:21.203+02:00</time>
      <extensions>
        <activity type="STILL" conf="44" state="still" tsMs="1787482623647"/>
        <radio op="vodafone IT" rat="LTE" q="16.20" rsrp="-98" sinr="1" rsrq="-14"/>
        <radio op="I TIM" rat="LTE" q="10.50" rsrp="-104" sinr="0" rsrq="-15"/>
      </extensions>
    </trkpt>
    <trkpt lat="45.7540095" lon="10.7511625">
      <ele>117.30000305175781</ele>
      <time>2026-08-23T12:57:31.176+02:00</time>
      <extensions>
        <activity type="STILL" conf="100" state="still" tsMs="1787482639408"/>
        <radio op="vodafone IT" rat="LTE" rsrp="-102" rsrq="-14"/>
        <radio op="I TIM" rat="LTE" rsrp="-105" rsrq="-15"/>
      </extensions>
    </trkpt>
    <trkpt lat="45.7540093" lon="10.7511644">
      <ele>117.5</ele>
      <time>2026-08-23T12:57:41.151+02:00</time>
      <extensions>
        <activity type="UNKNOWN" conf="40" state="unknown" tsMs="1787482650112"/>
        <radio op="vodafone IT" rat="LTE" q="35.00" rsrp="-100" sinr="9" rsrq="-10"/>
        <radio op="I TIM" rat="LTE" q="28.60" rsrp="-103" sinr="8" rsrq="-8"/>
      </extensions>
    </trkpt>
    <trkpt lat="45.7540092" lon="10.751166">
      <ele>118.19999694824219</ele>
      <time>2026-08-23T12:57:51.241+02:00</time>
      <extensions>
        <activity type="STILL" conf="100" state="still" tsMs="1787482666450"/>
        <radio op="vodafone IT" rat="LTE" q="22.00" rsrp="-105" sinr="6" rsrq="-12"/>
        <radio op="I TIM" rat="LTE" q="21.60" rsrp="-101" sinr="4" rsrq="-15"/>
      </extensions>
    </trkpt>
    <trkpt lat="45.7540094" lon="10.7511655">
      <ele>117.5</ele>
      <time>2026-08-23T12:58:01.219+02:00</time>
      <extensions>
        <activity type="STILL" conf="100" state="still" tsMs="1787482666450"/>
        <radio op="vodafone IT" rat="LTE" q="22.50" rsrp="-100" sinr="4" rsrq="-13"/>
        <radio op="I TIM" rat="LTE" rsrp="-99" rsrq="-15"/>
      </extensions>
    </trkpt>
    <trkpt lat="45.7540085" lon="10.7511643">
      <ele>117.5</ele>
      <time>2026-08-23T12:58:11.201+02:00</time>
      <extensions>
        <activity type="STILL" conf="100" state="still" tsMs="1787482676892"/>
        <radio op="vodafone IT" rat="LTE" q="21.60" rsrp="-101" sinr="4" rsrq="-13"/>
        <radio op="I TIM" rat="LTE" rsrp="-100" rsrq="-15"/>
      </extensions>
    </trkpt>
    <trkpt lat="45.7540083" lon="10.7511632">
      <ele>117.30000305175781</ele>
      <time>2026-08-23T12:58:21.181+02:00</time>
      <extensions>
        <activity type="STILL" conf="100" state="still" tsMs="1787482688087"/>
        <radio op="vodafone IT" rat="LTE" q="16.10" rsrp="-102" sinr="2" rsrq="-13"/>
        <radio op="I TIM" rat="LTE" rsrp="-100" rsrq="-16"/>
      </extensions>
    </trkpt>
    <trkpt lat="45.754008" lon="10.7511631">
      <ele>117.30000305175781</ele>
      <time>2026-08-23T12:58:32.176+02:00</time>
      <extensions>
        <activity type="STILL" conf="100" state="still" tsMs="1787482698426"/>
        <radio op="vodafone IT" rat="LTE" q="22.50" rsrp="-100" sinr="4" rsrq="-10"/>
        <radio op="I TIM" rat="LTE" rsrp="-99" rsrq="-14"/>
      </extensions>
    </trkpt>
    <trkpt lat="45.7540064" lon="10.7511632">
      <ele>117.5</ele>
      <time>2026-08-23T12:58:42.154+02:00</time>
      <extensions>
        <activity type="STILL" conf="100" state="still" tsMs="1787482708444"/>
        <radio op="vodafone IT" rat="LTE" q="23.10" rsrp="-104" sinr="6" rsrq="-11"/>
        <radio op="I TIM" rat="LTE" rsrp="-101" rsrq="-16"/>
      </extensions>
    </trkpt>
    <trkpt lat="45.7540058" lon="10.7511632">
      <ele>117.30000305175781</ele>
      <time>2026-08-23T12:58:52.359+02:00</time>
      <extensions>
        <activity type="STILL" conf="100" state="still" tsMs="1787482718874"/>
        <radio op="vodafone IT" rat="LTE" q="36.00" rsrp="-101" sinr="10" rsrq="-11"/>
        <radio op="I TIM" rat="LTE" rsrp="-100" rsrq="-15"/>
      </extensions>
    </trkpt>
    <trkpt lat="45.754005" lon="10.7511633">
      <ele>117.30000305175781</ele>
      <time>2026-08-23T12:59:02.229+02:00</time>
      <extensions>
        <activity type="STILL" conf="100" state="still" tsMs="1787482729809"/>
        <radio op="vodafone IT" rat="LTE" q="32.20" rsrp="-102" sinr="9" rsrq="-12"/>
        <radio op="I TIM" rat="LTE" q="13.50" rsrp="-98" sinr="0" rsrq="-15"/>
      </extensions>
    </trkpt>
    <trkpt lat="45.7540069" lon="10.7511626">
      <ele>118.19999694824219</ele>
      <time>2026-08-23T12:59:12.667+02:00</time>
      <extensions>
        <activity type="UNKNOWN" conf="40" state="unknown" tsMs="1787482740221"/>
        <radio op="vodafone IT" rat="LTE" q="15.60" rsrp="-99" sinr="1" rsrq="-11"/>
        <radio op="I TIM" rat="LTE" rsrp="-99" rsrq="-14"/>
      </extensions>
    </trkpt>
    <trkpt lat="45.7545712" lon="10.7510865">
      <ele>118.0</ele>
      <time>2026-08-23T13:03:59.226+02:00</time>
      <extensions>
        <activity type="UNKNOWN" conf="40" state="unknown" tsMs="1787483038967"/>
        <radio op="vodafone IT" rat="LTE" q="13.50" rsrp="-98" sinr="0" rsrq="-13"/>
        <radio op="I TIM" rat="LTE" rsrp="-101" rsrq="-14"/>
      </extensions>
    </trkpt>
    <trkpt lat="45.7545189" lon="10.7511076">
      <ele>118.0</ele>
      <time>2026-08-23T13:04:55.202+02:00</time>
      <extensions>
        <activity type="STILL" conf="61" state="still" tsMs="1787483090344"/>
        <radio op="vodafone IT" rat="LTE" q="13.80" rsrp="-102" sinr="1" rsrq="-13"/>
        <radio op="I TIM" rat="LTE" rsrp="-104" rsrq="-15"/>
      </extensions>
    </trkpt>
    <trkpt lat="45.7546055" lon="10.7511095">
      <ele>120.6403108834741</ele>
      <time>2026-08-23T13:05:39.293+02:00</time>
      <extensions>
        <activity type="STILL" conf="90" state="still" tsMs="1787483134515"/>
        <radio op="vodafone IT" rat="LTE" q="23.10" rsrp="-104" sinr="6" rsrq="-12"/>
        <radio op="I TIM" rat="LTE" q="16.10" rsrp="-102" sinr="2" rsrq="-16"/>
      </extensions>
    </trkpt>
    <trkpt lat="45.7545946" lon="10.7512278">
      <ele>117.30000305175781</ele>
      <time>2026-08-23T13:06:10.138+02:00</time>
      <extensions>
        <activity type="STILL" conf="99" state="still" tsMs="1787483178428"/>
        <radio op="vodafone IT" rat="LTE" q="10.20" rsrp="-108" sinr="1" rsrq="-13"/>
        <radio op="I TIM" rat="LTE" rsrp="-101" rsrq="-16"/>
      </extensions>
    </trkpt>
    <trkpt lat="45.7545177" lon="10.7511053">
      <ele>117.30000305175781</ele>
      <time>2026-08-23T13:06:43.735+02:00</time>
      <extensions>
        <activity type="STILL" conf="82" state="still" tsMs="1787483199819"/>
        <radio op="vodafone IT" rat="LTE" rsrp="-109" rsrq="-12"/>
        <radio op="I TIM" rat="LTE" rsrp="-100" rsrq="-13"/>
      </extensions>
    </trkpt>
    <trkpt lat="45.754412" lon="10.750871">
      <ele>118.19999694824219</ele>
      <time>2026-08-23T13:07:16.336+02:00</time>
      <extensions>
        <activity type="STILL" conf="59" state="still" tsMs="1787483231196"/>
        <radio op="vodafone IT" rat="LTE" rsrp="-107" rsrq="-11"/>
        <radio op="I TIM" rat="LTE" q="36.00" rsrp="-105" sinr="13" rsrq="-6"/>
      </extensions>
    </trkpt>
    <trkpt lat="45.7544769" lon="10.7509733">
      <ele>118.19999694824219</ele>
      <time>2026-08-23T13:07:47.635+02:00</time>
      <extensions>
        <activity type="STILL" conf="98" state="still" tsMs="1787483263916"/>
        <radio op="vodafone IT" rat="LTE" rsrp="-110" rsrq="-14"/>
        <radio op="I TIM" rat="LTE" rsrp="-99" rsrq="-14"/>
      </extensions>
    </trkpt>
    <trkpt lat="45.7539232" lon="10.7510899">
      <ele>118.19999694824219</ele>
      <time>2026-08-23T13:07:55.455+02:00</time>
      <extensions>
        <activity type="STILL" conf="70" state="still" tsMs="1787483273816"/>
        <radio op="vodafone IT" rat="LTE" rsrp="-111" rsrq="-11"/>
        <radio op="I TIM" rat="LTE" rsrp="-99" rsrq="-16"/>
      </extensions>
    </trkpt>
    <trkpt lat="45.7539255" lon="10.7511078">
      <ele>118.19999694824219</ele>
      <time>2026-08-23T13:08:29.168+02:00</time>
      <extensions>
        <activity type="STILL" conf="99" state="still" tsMs="1787483306028"/>
        <radio op="vodafone IT" rat="LTE" rsrp="-113" rsrq="-13"/>
        <radio op="I TIM" rat="LTE" rsrp="-100" rsrq="-16"/>
      </extensions>
    </trkpt>
    <trkpt lat="45.7545407" lon="10.751134">
      <ele>117.30000305175781</ele>
      <time>2026-08-23T13:09:00.328+02:00</time>
      <extensions>
        <activity type="STILL" conf="65" state="still" tsMs="1787483334884"/>
        <radio op="vodafone IT" rat="LTE" q="32.50" rsrp="-100" sinr="8" rsrq="-10"/>
        <radio op="I TIM" rat="LTE" q="39.90" rsrp="-104" sinr="14" rsrq="-6"/>
      </extensions>
    </trkpt>
    <trkpt lat="45.7545691" lon="10.7511207">
      <ele>117.9000015258789</ele>
      <time>2026-08-23T13:09:29.439+02:00</time>
      <extensions>
        <activity type="STILL" conf="68" state="still" tsMs="1787483368325"/>
        <radio op="vodafone IT" rat="LTE" rsrp="-99" rsrq="-14"/>
        <radio op="I TIM" rat="LTE" q="28.80" rsrp="-109" sinr="13" rsrq="-6"/>
      </extensions>
    </trkpt>
    <trkpt lat="45.7545038" lon="10.7511037">
      <ele>118.19999694824219</ele>
      <time>2026-08-23T13:10:02.751+02:00</time>
      <extensions>
        <activity type="STILL" conf="53" state="still" tsMs="1787483397162"/>
        <radio op="vodafone IT" rat="LTE" rsrp="-100" rsrq="-13"/>
        <radio op="I TIM" rat="LTE" q="19.00" rsrp="-106" sinr="5" rsrq="-8"/>
      </extensions>
    </trkpt>
    <trkpt lat="45.7544636" lon="10.75103">
      <ele>117.30000305175781</ele>
      <time>2026-08-23T13:10:39.231+02:00</time>
      <extensions>
        <activity type="STILL" conf="81" state="still" tsMs="1787483437127"/>
        <radio op="vodafone IT" rat="LTE" q="14.40" rsrp="-101" sinr="1" rsrq="-12"/>
        <radio op="I TIM" rat="LTE" rsrp="-101" rsrq="-15"/>
      </extensions>
    </trkpt>
    <trkpt lat="45.7545984" lon="10.7510666">
      <ele>116.9000015258789</ele>
      <time>2026-08-23T13:11:10.359+02:00</time>
      <extensions>
        <activity type="UNKNOWN" conf="40" state="unknown" tsMs="1787483470210"/>
        <radio op="vodafone IT" rat="LTE" q="19.60" rsrp="-97" sinr="2" rsrq="-11"/>
        <radio op="I TIM" rat="LTE" q="22.20" rsrp="-88" sinr="1" rsrq="-15"/>
      </extensions>
    </trkpt>
    <trkpt lat="45.7545776" lon="10.75113">
      <ele>117.30000305175781</ele>
      <time>2026-08-23T13:11:41.738+02:00</time>
      <extensions>
        <activity type="UNKNOWN" conf="40" state="unknown" tsMs="1787483501314"/>
        <radio op="vodafone IT" rat="LTE" rsrp="-103" rsrq="-14"/>
        <radio op="I TIM" rat="LTE" rsrp="-93" rsrq="-15"/>
      </extensions>
    </trkpt>
    <trkpt lat="45.754588" lon="10.7510884">
      <ele>118.0</ele>
      <time>2026-08-23T13:12:12.857+02:00</time>
      <extensions>
        <activity type="ON_FOOT" conf="94" state="moving" tsMs="1787483532504"/>
        <radio op="vodafone IT" rat="LTE" rsrp="-107" rsrq="-14"/>
        <radio op="I TIM" rat="LTE" rsrp="-102" rsrq="-15"/>
      </extensions>
    </trkpt>
    <trkpt lat="45.7545072" lon="10.7510506">
      <ele>118.0</ele>
      <time>2026-08-23T13:12:41.052+02:00</time>
      <extensions>
        <activity type="UNKNOWN" conf="40" state="unknown" tsMs="1787483563990"/>
        <radio op="vodafone IT" rat="LTE" q="27.20" rsrp="-91" sinr="3" rsrq="-12"/>
        <radio op="I TIM" rat="LTE" rsrp="-90" rsrq="-15"/>
      </extensions>
    </trkpt>
    <trkpt lat="45.7542013" lon="10.7510666">
      <ele>118.0</ele>
      <time>2026-08-23T13:12:48.144+02:00</time>
      <extensions>
        <activity type="UNKNOWN" conf="40" state="unknown" tsMs="1787483563990"/>
        <radio op="vodafone IT" rat="LTE" q="17.00" rsrp="-91" sinr="0" rsrq="-12"/>
        <radio op="I TIM" rat="LTE" rsrp="-84" rsrq="-15"/>
      </extensions>
    </trkpt>
    <trkpt lat="45.754571" lon="10.7511227">
      <ele>119.98187712591148</ele>
      <time>2026-08-23T13:13:24.509+02:00</time>
      <extensions>
        <activity type="UNKNOWN" conf="40" state="unknown" tsMs="1787483600095"/>
        <radio op="vodafone IT" rat="LTE" q="32.40" rsrp="-89" sinr="4" rsrq="-11"/>
        <radio op="I TIM" rat="LTE" q="17.00" rsrp="-91" sinr="0" rsrq="-15"/>
      </extensions>
    </trkpt>
    <trkpt lat="45.7545665" lon="10.7511181">
      <ele>121.29256310824823</ele>
      <time>2026-08-23T13:13:55.663+02:00</time>
      <extensions>
        <activity type="UNKNOWN" conf="40" state="unknown" tsMs="1787483632095"/>
        <radio op="vodafone IT" rat="LTE" q="42.00" rsrp="-97" sinr="10" rsrq="-10"/>
        <radio op="I TIM" rat="LTE" rsrp="-93" rsrq="-13"/>
      </extensions>
    </trkpt>
    <trkpt lat="45.7545522" lon="10.7510052">
      <ele>118.19999694824219</ele>
      <time>2026-08-23T13:14:34.04+02:00</time>
      <extensions>
        <activity type="UNKNOWN" conf="40" state="unknown" tsMs="1787483669618"/>
        <radio op="vodafone IT" rat="LTE" rsrp="-90" rsrq="-11"/>
        <radio op="I TIM" rat="LTE" rsrp="-87" rsrq="-14"/>
      </extensions>
    </trkpt>
    <trkpt lat="45.7546039" lon="10.7511319">
      <ele>117.9000015258789</ele>
      <time>2026-08-23T13:15:00.459+02:00</time>
      <extensions>
        <activity type="UNKNOWN" conf="40" state="unknown" tsMs="1787483703242"/>
        <radio op="vodafone IT" rat="LTE" q="16.00" rsrp="-93" sinr="0" rsrq="-13"/>
        <radio op="I TIM" rat="LTE" rsrp="-92" rsrq="-15"/>
      </extensions>
    </trkpt>
    <trkpt lat="45.7545734" lon="10.7511312">
      <ele>120.00789954497678</ele>
      <time>2026-08-23T13:15:33.814+02:00</time>
      <extensions>
        <activity type="ON_BICYCLE" conf="64" state="moving" tsMs="1787483708558"/>
        <radio op="vodafone IT" rat="LTE" q="10.50" rsrp="-110" sinr="2" rsrq="-16"/>
        <radio op="I TIM" rat="LTE" rsrp="-104" rsrq="-16"/>
      </extensions>
    </trkpt>
    <trkpt lat="45.7545241" lon="10.7511075">
      <ele>119.03591784357548</ele>
      <time>2026-08-23T13:16:09.823+02:00</time>
      <extensions>
        <activity type="UNKNOWN" conf="40" state="unknown" tsMs="1787483766361"/>
        <radio op="vodafone IT" rat="LTE" q="23.20" rsrp="-96" sinr="3" rsrq="-11"/>
        <radio op="I TIM" rat="LTE" rsrp="-93" rsrq="-13"/>
      </extensions>
    </trkpt>
    <trkpt lat="45.7546027" lon="10.7510198">
      <ele>121.2063549612402</ele>
      <time>2026-08-23T13:17:03.519+02:00</time>
      <extensions>
        <activity type="ON_FOOT" conf="97" state="moving" tsMs="1787483819364"/>
        <radio op="vodafone IT" rat="LTE" rsrp="-101" rsrq="-15"/>
        <radio op="I TIM" rat="LTE" rsrp="-94" rsrq="-16"/>
      </extensions>
    </trkpt>
    <trkpt lat="45.7546162" lon="10.7510856">
      <ele>121.3311604472094</ele>
      <time>2026-08-23T13:18:02.665+02:00</time>
      <extensions>
        <activity type="STILL" conf="62" state="still" tsMs="1787483878525"/>
        <radio op="vodafone IT" rat="LTE" q="37.00" rsrp="-88" sinr="5" rsrq="-14"/>
        <radio op="I TIM" rat="LTE" rsrp="-97" rsrq="-14"/>
      </extensions>
    </trkpt>
    <trkpt lat="45.7545948" lon="10.7510981">
      <ele>121.44749185233873</ele>
      <time>2026-08-23T13:18:32.673+02:00</time>
      <extensions>
        <activity type="STILL" conf="40" state="still" tsMs="1787483912169"/>
        <radio op="vodafone IT" rat="LTE" q="29.70" rsrp="-92" sinr="4" rsrq="-12"/>
        <radio op="I TIM" rat="LTE" rsrp="-92" rsrq="-15"/>
      </extensions>
    </trkpt>
    <trkpt lat="45.7548043" lon="10.7510988">
      <ele>121.69836043342151</ele>
      <time>2026-08-23T13:19:06.516+02:00</time>
      <extensions>
        <activity type="STILL" conf="58" state="still" tsMs="1787483942858"/>
        <radio op="vodafone IT" rat="LTE" q="27.20" rsrp="-91" sinr="3" rsrq="-13"/>
        <radio op="I TIM" rat="LTE" rsrp="-94" rsrq="-14"/>
      </extensions>
    </trkpt>
    <trkpt lat="45.7548403" lon="10.7510633">
      <ele>122.99269817153812</ele>
      <time>2026-08-23T13:19:36.912+02:00</time>
      <extensions>
        <activity type="UNKNOWN" conf="40" state="unknown" tsMs="1787483974101"/>
        <radio op="vodafone IT" rat="LTE" q="15.50" rsrp="-94" sinr="0" rsrq="-14"/>
        <radio op="I TIM" rat="LTE" rsrp="-91" rsrq="-15"/>
      </extensions>
    </trkpt>
    <trkpt lat="45.7546479" lon="10.7510542">
      <ele>121.51139355615823</ele>
      <time>2026-08-23T13:20:10.268+02:00</time>
      <extensions>
        <activity type="UNKNOWN" conf="40" state="unknown" tsMs="1787484006605"/>
        <radio op="vodafone IT" rat="LTE" q="28.80" rsrp="-89" sinr="3" rsrq="-13"/>
        <radio op="I TIM" rat="LTE" rsrp="-94" rsrq="-16"/>
      </extensions>
    </trkpt>
    <trkpt lat="45.7546388" lon="10.7510904">
      <ele>120.30000305175781</ele>
      <time>2026-08-23T13:21:12.374+02:00</time>
      <extensions>
        <activity type="STILL" conf="72" state="still" tsMs="1787484071504"/>
        <radio op="vodafone IT" rat="LTE" q="33.30" rsrp="-88" sinr="4" rsrq="-12"/>
        <radio op="I TIM" rat="LTE" rsrp="-93" rsrq="-17"/>
      </extensions>
    </trkpt>
    <trkpt lat="45.7545823" lon="10.7511374">
      <ele>120.2701949916273</ele>
      <time>2026-08-23T13:22:02.073+02:00</time>
      <extensions>
        <activity type="UNKNOWN" conf="40" state="unknown" tsMs="1787484116621"/>
        <radio op="vodafone IT" rat="LTE" q="30.60" rsrp="-91" sinr="4" rsrq="-12"/>
        <radio op="I TIM" rat="LTE" q="25.60" rsrp="-93" sinr="3" rsrq="-11"/>
      </extensions>
    </trkpt>
    <trkpt lat="45.7546066" lon="10.7510529">
      <ele>121.21339358516812</ele>
      <time>2026-08-23T13:23:09.771+02:00</time>
      <extensions>
        <activity type="UNKNOWN" conf="40" state="unknown" tsMs="1787484166751"/>
        <radio op="vodafone IT" rat="LTE" q="32.50" rsrp="-100" sinr="8" rsrq="-11"/>
        <radio op="I TIM" rat="LTE" q="30.40" rsrp="-106" sinr="11" rsrq="-6"/>
      </extensions>
    </trkpt>
    <trkpt lat="45.7546063" lon="10.7510505">
      <ele>118.90345394203045</ele>
      <time>2026-08-23T13:35:25.582+02:00</time>
      <extensions>
        <activity type="UNKNOWN" conf="40" state="unknown" tsMs="1787484920761"/>
        <radio op="vodafone IT" rat="LTE" q="34.80" rsrp="-96" sinr="7" rsrq="-12"/>
        <radio op="I TIM" rat="LTE" rsrp="-105" rsrq="-11"/>
      </extensions>
    </trkpt>
    <trkpt lat="45.7538242" lon="10.7511831">
      <ele>118.90345394203045</ele>
      <time>2026-08-23T13:35:34.146+02:00</time>
      <extensions>
        <activity type="STILL" conf="32" state="still" tsMs="1787484931739"/>
        <radio op="vodafone IT" rat="LTE" q="39.00" rsrp="-95" sinr="8" rsrq="-12"/>
        <radio op="I TIM" rat="LTE" rsrp="-98" rsrq="-13"/>
      </extensions>
    </trkpt>
    <trkpt lat="45.7538237" lon="10.7511831">
      <ele>119.02395920801614</ele>
      <time>2026-08-23T13:36:06.935+02:00</time>
      <extensions>
        <activity type="STILL" conf="89" state="still" tsMs="1787484964003"/>
        <radio op="vodafone IT" rat="LTE" q="23.40" rsrp="-99" sinr="4" rsrq="-11"/>
        <radio op="I TIM" rat="LTE" q="16.80" rsrp="-104" sinr="3" rsrq="-9"/>
      </extensions>
    </trkpt>
    <trkpt lat="45.753708" lon="10.7509353">
      <ele>117.4000015258789</ele>
      <time>2026-08-23T13:36:38.237+02:00</time>
      <extensions>
        <activity type="STILL" conf="72" state="still" tsMs="1787484994955"/>
        <radio op="vodafone IT" rat="LTE" q="20.80" rsrp="-99" sinr="3" rsrq="-12"/>
        <radio op="I TIM" rat="LTE" q="19.80" rsrp="-103" sinr="4" rsrq="-9"/>
      </extensions>
    </trkpt>
    <trkpt lat="45.7537306" lon="10.7513363">
      <ele>117.4000015258789</ele>
      <time>2026-08-23T13:37:11.056+02:00</time>
      <extensions>
        <activity type="STILL" conf="96" state="still" tsMs="1787485025959"/>
        <radio op="vodafone IT" rat="LTE" q="40.30" rsrp="-94" sinr="8" rsrq="-11"/>
        <radio op="I TIM" rat="LTE" q="27.50" rsrp="-100" sinr="6" rsrq="-11"/>
      </extensions>
    </trkpt>
    <trkpt lat="45.7537286" lon="10.7513395">
      <ele>117.4000015258789</ele>
      <time>2026-08-23T13:37:49.108+02:00</time>
      <extensions>
        <activity type="STILL" conf="98" state="still" tsMs="1787485063687"/>
        <radio op="vodafone IT" rat="LTE" q="32.50" rsrp="-100" sinr="8" rsrq="-11"/>
        <radio op="I TIM" rat="LTE" q="16.80" rsrp="-101" sinr="2" rsrq="-9"/>
      </extensions>
    </trkpt>
    <trkpt lat="45.7537733" lon="10.7511598">
      <ele>118.90345394203045</ele>
      <time>2026-08-23T13:38:39.237+02:00</time>
      <extensions>
        <activity type="STILL" conf="99" state="still" tsMs="1787485117381"/>
        <radio op="vodafone IT" rat="LTE" q="35.10" rsrp="-98" sinr="8" rsrq="-13"/>
        <radio op="I TIM" rat="LTE" q="16.80" rsrp="-104" sinr="3" rsrq="-10"/>
      </extensions>
    </trkpt>
    <trkpt lat="45.7537742" lon="10.7511561">
      <ele>118.90968693161929</ele>
      <time>2026-08-23T13:39:16.693+02:00</time>
      <extensions>
        <activity type="STILL" conf="52" state="still" tsMs="1787485151211"/>
        <radio op="vodafone IT" rat="LTE" q="37.20" rsrp="-94" sinr="7" rsrq="-11"/>
        <radio op="I TIM" rat="LTE" q="27.60" rsrp="-102" sinr="7" rsrq="-10"/>
      </extensions>
    </trkpt>
    <trkpt lat="45.7537696" lon="10.7509449">
      <ele>118.19999694824219</ele>
      <time>2026-08-23T13:39:48.634+02:00</time>
      <extensions>
        <activity type="UNKNOWN" conf="40" state="unknown" tsMs="1787485184390"/>
        <radio op="vodafone IT" rat="LTE" q="43.40" rsrp="-94" sinr="9" rsrq="-11"/>
        <radio op="I TIM" rat="LTE" q="11.00" rsrp="-103" sinr="0" rsrq="-9"/>
      </extensions>
    </trkpt>
    <trkpt lat="45.7537213" lon="10.7509388">
      <ele>118.19999694824219</ele>
      <time>2026-08-23T13:40:24.215+02:00</time>
      <extensions>
        <activity type="STILL" conf="75" state="still" tsMs="1787485223741"/>
        <radio op="vodafone IT" rat="LTE" q="18.90" rsrp="-98" sinr="2" rsrq="-11"/>
        <radio op="I TIM" rat="LTE" q="16.80" rsrp="-101" sinr="2" rsrq="-10"/>
      </extensions>
    </trkpt>
    <trkpt lat="45.7537786" lon="10.7510937">
      <ele>118.19999694824219</ele>
      <time>2026-08-23T13:41:16.147+02:00</time>
      <extensions>
        <activity type="STILL" conf="99" state="still" tsMs="1787485273776"/>
        <radio op="vodafone IT" rat="LTE" q="43.40" rsrp="-94" sinr="9" rsrq="-11"/>
        <radio op="I TIM" rat="LTE" q="16.20" rsrp="-98" sinr="1" rsrq="-10"/>
      </extensions>
    </trkpt>
    <trkpt lat="45.7537796" lon="10.7510963">
      <ele>118.19999694824219</ele>
      <time>2026-08-23T13:41:55.516+02:00</time>
      <extensions>
        <activity type="UNKNOWN" conf="40" state="unknown" tsMs="1787485311399"/>
        <radio op="vodafone IT" rat="LTE" q="37.20" rsrp="-94" sinr="7" rsrq="-10"/>
        <radio op="I TIM" rat="LTE" q="20.70" rsrp="-102" sinr="4" rsrq="-10"/>
      </extensions>
    </trkpt>
    <trkpt lat="45.7538096" lon="10.7510428">
      <ele>118.19999694824219</ele>
      <time>2026-08-23T13:42:29.66+02:00</time>
      <extensions>
        <activity type="UNKNOWN" conf="40" state="unknown" tsMs="1787485343393"/>
        <radio op="vodafone IT" rat="LTE" q="21.60" rsrp="-98" sinr="3" rsrq="-12"/>
        <radio op="I TIM" rat="LTE" q="10.80" rsrp="-107" sinr="1" rsrq="-10"/>
      </extensions>
    </trkpt>
    <trkpt lat="45.7538105" lon="10.7510412">
      <ele>119.19017613879296</ele>
      <time>2026-08-23T13:43:00.221+02:00</time>
      <extensions>
        <activity type="UNKNOWN" conf="40" state="unknown" tsMs="1787485376691"/>
        <radio op="vodafone IT" rat="LTE" q="38.40" rsrp="-93" sinr="7" rsrq="-11"/>
        <radio op="I TIM" rat="LTE" q="24.00" rsrp="-101" sinr="5" rsrq="-10"/>
      </extensions>
    </trkpt>
    <trkpt lat="45.7544448" lon="10.7509056">
      <ele>119.30445214227325</ele>
      <time>2026-08-23T13:43:31.514+02:00</time>
      <extensions>
        <activity type="STILL" conf="98" state="still" tsMs="1787485407839"/>
        <radio op="vodafone IT" rat="LTE" q="27.90" rsrp="-94" sinr="4" rsrq="-12"/>
        <radio op="I TIM" rat="LTE" q="14.40" rsrp="-101" sinr="1" rsrq="-9"/>
      </extensions>
    </trkpt>
    <trkpt lat="45.754738" lon="10.7507478">
      <ele>120.30000305175781</ele>
      <time>2026-08-23T13:44:02.822+02:00</time>
      <extensions>
        <activity type="STILL" conf="77" state="still" tsMs="1787485439152"/>
        <radio op="vodafone IT" rat="LTE" q="43.40" rsrp="-94" sinr="9" rsrq="-13"/>
        <radio op="I TIM" rat="LTE" q="21.60" rsrp="-101" sinr="4" rsrq="-8"/>
      </extensions>
    </trkpt>
    <trkpt lat="45.7545387" lon="10.7511363">
      <ele>117.9000015258789</ele>
      <time>2026-08-23T13:44:34.117+02:00</time>
      <extensions>
        <activity type="STILL" conf="38" state="still" tsMs="1787485470432"/>
        <radio op="vodafone IT" rat="LTE" q="39.00" rsrp="-95" sinr="8" rsrq="-10"/>
        <radio op="I TIM" rat="LTE" q="11.50" rsrp="-102" sinr="0" rsrq="-11"/>
      </extensions>
    </trkpt>
    <trkpt lat="45.7539165" lon="10.7511464">
      <ele>117.9000015258789</ele>
      <time>2026-08-23T13:45:06.973+02:00</time>
      <extensions>
        <activity type="STILL" conf="55" state="still" tsMs="1787485501734"/>
        <radio op="vodafone IT" rat="LTE" q="13.50" rsrp="-98" sinr="0" rsrq="-12"/>
        <radio op="I TIM" rat="LTE" q="16.80" rsrp="-101" sinr="2" rsrq="-10"/>
      </extensions>
    </trkpt>
    <trkpt lat="45.7538604" lon="10.7511937">
      <ele>118.19999694824219</ele>
      <time>2026-08-23T13:45:39.024+02:00</time>
      <extensions>
        <activity type="UNKNOWN" conf="40" state="unknown" tsMs="1787485533932"/>
        <radio op="vodafone IT" rat="LTE" q="29.70" rsrp="-98" sinr="6" rsrq="-11"/>
        <radio op="I TIM" rat="LTE" q="21.00" rsrp="-95" sinr="2" rsrq="-9"/>
      </extensions>
    </trkpt>
    <trkpt lat="45.7538544" lon="10.7511945">
      <ele>120.30000305175781</ele>
      <time>2026-08-23T13:46:09.65+02:00</time>
      <extensions>
        <activity type="UNKNOWN" conf="40" state="unknown" tsMs="1787485566077"/>
        <radio op="vodafone IT" rat="LTE" q="36.00" rsrp="-95" sinr="7" rsrq="-10"/>
        <radio op="I TIM" rat="LTE" q="27.60" rsrp="-102" sinr="7" rsrq="-10"/>
      </extensions>
    </trkpt>
    <trkpt lat="45.7538317" lon="10.7512023">
      <ele>120.30000305175781</ele>
      <time>2026-08-23T13:46:42.444+02:00</time>
      <extensions>
        <activity type="STILL" conf="99" state="still" tsMs="1787485597071"/>
        <radio op="vodafone IT" rat="LTE" rsrp="-95" rsrq="-13"/>
        <radio op="I TIM" rat="LTE" q="12.60" rsrp="-104" sinr="1" rsrq="-8"/>
      </extensions>
    </trkpt>
    <trkpt lat="45.7538263" lon="10.7512029">
      <ele>121.0</ele>
      <time>2026-08-23T13:47:13.068+02:00</time>
      <extensions>
        <activity type="STILL" conf="40" state="still" tsMs="1787485629511"/>
        <radio op="vodafone IT" rat="LTE" rsrp="-95" rsrq="-13"/>
        <radio op="I TIM" rat="LTE" q="33.60" rsrp="-104" sinr="11" rsrq="-6"/>
      </extensions>
    </trkpt>
    <trkpt lat="45.7538714" lon="10.7512062">
      <ele>121.0</ele>
      <time>2026-08-23T13:47:45.904+02:00</time>
      <extensions>
        <activity type="STILL" conf="47" state="still" tsMs="1787485660664"/>
        <radio op="vodafone IT" rat="LTE" q="34.10" rsrp="-94" sinr="6" rsrq="-12"/>
        <radio op="I TIM" rat="LTE" q="32.00" rsrp="-105" sinr="11" rsrq="-6"/>
      </extensions>
    </trkpt>
    <trkpt lat="45.7538717" lon="10.7512062">
      <ele>122.0</ele>
      <time>2026-08-23T13:48:16.569+02:00</time>
      <extensions>
        <activity type="STILL" conf="42" state="still" tsMs="1787485692919"/>
        <radio op="vodafone IT" rat="LTE" rsrp="-93" rsrq="-12"/>
        <radio op="I TIM" rat="LTE" q="26.00" rsrp="-105" sinr="8" rsrq="-7"/>
      </extensions>
    </trkpt>
    <trkpt lat="45.7539099" lon="10.7511753">
      <ele>122.0</ele>
      <time>2026-08-23T13:48:49.462+02:00</time>
      <extensions>
        <activity type="UNKNOWN" conf="40" state="unknown" tsMs="1787485724149"/>
        <radio op="vodafone IT" rat="LTE" q="20.30" rsrp="-96" sinr="2" rsrq="-11"/>
        <radio op="I TIM" rat="LTE" q="33.00" rsrp="-103" sinr="10" rsrq="-7"/>
      </extensions>
    </trkpt>
    <trkpt lat="45.7539101" lon="10.7511752">
      <ele>122.0</ele>
      <time>2026-08-23T13:49:20.133+02:00</time>
      <extensions>
        <activity type="STILL" conf="54" state="still" tsMs="1787485756530"/>
        <radio op="vodafone IT" rat="LTE" rsrp="-95" rsrq="-13"/>
        <radio op="I TIM" rat="LTE" rsrp="-104" rsrq="-7"/>
      </extensions>
    </trkpt>
    <trkpt lat="45.7546358" lon="10.7511249">
      <ele>120.30000305175781</ele>
      <time>2026-08-23T13:49:51.436+02:00</time>
      <extensions>
        <activity type="UNKNOWN" conf="40" state="unknown" tsMs="1787485787644"/>
        <radio op="vodafone IT" rat="LTE" q="19.60" rsrp="-97" sinr="2" rsrq="-12"/>
        <radio op="I TIM" rat="LTE" q="12.60" rsrp="-104" sinr="1" rsrq="-7"/>
      </extensions>
    </trkpt>
    <trkpt lat="45.7538398" lon="10.7511656">
      <ele>122.0</ele>
      <time>2026-08-23T13:50:24.208+02:00</time>
      <extensions>
        <activity type="UNKNOWN" conf="40" state="unknown" tsMs="1787485819139"/>
        <radio op="vodafone IT" rat="LTE" q="29.70" rsrp="-98" sinr="6" rsrq="-12"/>
        <radio op="I TIM" rat="LTE" q="36.00" rsrp="-105" sinr="13" rsrq="-6"/>
      </extensions>
    </trkpt>
    <trkpt lat="45.7538342" lon="10.7511659">
      <ele>122.30000305175781</ele>
      <time>2026-08-23T13:50:54.987+02:00</time>
      <extensions>
        <activity type="STILL" conf="33" state="still" tsMs="1787485851184"/>
        <radio op="vodafone IT" rat="LTE" q="21.00" rsrp="-95" sinr="2" rsrq="-9"/>
        <radio op="I TIM" rat="LTE" q="42.00" rsrp="-104" sinr="15" rsrq="-6"/>
      </extensions>
    </trkpt>
    <trkpt lat="45.7541475" lon="10.7511851">
      <ele>120.30000305175781</ele>
      <time>2026-08-23T13:51:30.165+02:00</time>
      <extensions>
        <activity type="UNKNOWN" conf="40" state="unknown" tsMs="1787485901243"/>
        <radio op="vodafone IT" rat="LTE" q="42.00" rsrp="-95" sinr="9" rsrq="-11"/>
        <radio op="I TIM" rat="LTE" q="23.20" rsrp="-96" sinr="3" rsrq="-9"/>
      </extensions>
    </trkpt>
    <trkpt lat="45.753789" lon="10.751244">
      <ele>120.30000305175781</ele>
      <time>2026-08-23T13:51:48.148+02:00</time>
      <extensions>
        <activity type="UNKNOWN" conf="40" state="unknown" tsMs="1787485901243"/>
        <radio op="vodafone IT" rat="LTE" q="45.00" rsrp="-95" sinr="10" rsrq="-12"/>
        <radio op="I TIM" rat="LTE" rsrp="-97" rsrq="-11"/>
      </extensions>
    </trkpt>
    <trkpt lat="45.7538097" lon="10.7511952">
      <ele>120.30000305175781</ele>
      <time>2026-08-23T13:52:25.134+02:00</time>
      <extensions>
        <activity type="UNKNOWN" conf="40" state="unknown" tsMs="1787485941139"/>
        <radio op="vodafone IT" rat="LTE" q="23.10" rsrp="-104" sinr="6" rsrq="-13"/>
        <radio op="I TIM" rat="LTE" q="17.60" rsrp="-114" sinr="11" rsrq="-7"/>
      </extensions>
    </trkpt>
    <trkpt lat="45.7538794" lon="10.751153">
      <ele>120.30000305175781</ele>
      <time>2026-08-23T13:52:31.148+02:00</time>
      <extensions>
        <activity type="STILL" conf="79" state="still" tsMs="1787485951417"/>
        <radio op="vodafone IT" rat="LTE" q="33.60" rsrp="-97" sinr="7" rsrq="-12"/>
        <radio op="I TIM" rat="LTE" q="15.60" rsrp="-113" sinr="8" rsrq="-7"/>
      </extensions>
    </trkpt>
    <trkpt lat="45.7538782" lon="10.7511459">
      <ele>120.30000305175781</ele>
      <time>2026-08-23T13:53:06.731+02:00</time>
      <extensions>
        <activity type="STILL" conf="45" state="still" tsMs="1787485973815"/>
        <radio op="vodafone IT" rat="LTE" q="39.20" rsrp="-97" sinr="9" rsrq="-11"/>
        <radio op="I TIM" rat="LTE" q="38.00" rsrp="-105" sinr="14" rsrq="-7"/>
      </extensions>
    </trkpt>
    <trkpt lat="45.7538051" lon="10.7511758">
      <ele>122.14576235527892</ele>
      <time>2026-08-23T14:00:16.149+02:00</time>
      <extensions>
        <activity type="IN_VEHICLE" conf="83" state="moving" tsMs="1787486407425"/>
        <radio op="vodafone IT" rat="LTE" q="32.50" rsrp="-100" sinr="8" rsrq="-12"/>
        <radio op="I TIM" rat="LTE" q="23.00" rsrp="-102" sinr="5" rsrq="-11"/>
      </extensions>
    </trkpt>
    <trkpt lat="45.7545042" lon="10.7511016">
      <ele>121.74269489815707</ele>
      <time>2026-08-23T14:01:01.053+02:00</time>
      <extensions>
        <activity type="STILL" conf="86" state="still" tsMs="1787486459228"/>
        <radio op="vodafone IT" rat="LTE" q="40.30" rsrp="-94" sinr="8" rsrq="-11"/>
        <radio op="I TIM" rat="LTE" q="17.40" rsrp="-96" sinr="1" rsrq="-10"/>
      </extensions>
    </trkpt>
    <trkpt lat="45.7537125" lon="10.7513252">
      <ele>121.81335509096198</ele>
      <time>2026-08-23T14:01:33.52+02:00</time>
      <extensions>
        <activity type="STILL" conf="67" state="still" tsMs="1787486488078"/>
        <radio op="vodafone IT" rat="LTE" q="18.00" rsrp="-107" sinr="5" rsrq="-12"/>
        <radio op="I TIM" rat="LTE" q="18.20" rsrp="-112" sinr="9" rsrq="-7"/>
      </extensions>
    </trkpt>
    <trkpt lat="45.7538588" lon="10.7511721">
      <ele>122.36813217712825</ele>
      <time>2026-08-23T14:01:39.149+02:00</time>
      <extensions>
        <activity type="STILL" conf="96" state="still" tsMs="1787486502812"/>
        <radio op="vodafone IT" rat="LTE" q="49.60" rsrp="-94" sinr="11" rsrq="-11"/>
        <radio op="I TIM" rat="LTE" q="28.50" rsrp="-110" sinr="14" rsrq="-9"/>
      </extensions>
    </trkpt>
    <trkpt lat="45.7537581" lon="10.7509649">
      <ele>120.98474228902026</ele>
      <time>2026-08-23T14:02:22.896+02:00</time>
      <extensions>
        <activity type="STILL" conf="46" state="still" tsMs="1787486535829"/>
        <radio op="vodafone IT" rat="LTE" q="39.00" rsrp="-95" sinr="8" rsrq="-10"/>
        <radio op="I TIM" rat="LTE" q="34.20" rsrp="-106" sinr="13" rsrq="-9"/>
      </extensions>
    </trkpt>
    <trkpt lat="45.7539704" lon="10.7512822">
      <ele>121.62215826210078</ele>
      <time>2026-08-23T14:03:04.042+02:00</time>
      <extensions>
        <activity type="STILL" conf="36" state="still" tsMs="1787486580215"/>
        <radio op="vodafone IT" rat="LTE" q="48.00" rsrp="-93" sinr="10" rsrq="-10"/>
        <radio op="I TIM" rat="LTE" q="22.40" rsrp="-97" sinr="3" rsrq="-10"/>
      </extensions>
    </trkpt>
    <trkpt lat="45.7538118" lon="10.751194">
      <ele>121.62215826210078</ele>
      <time>2026-08-23T14:03:08.149+02:00</time>
      <extensions>
        <activity type="STILL" conf="36" state="still" tsMs="1787486580215"/>
        <radio op="vodafone IT" rat="LTE" q="48.00" rsrp="-93" sinr="10" rsrq="-10"/>
        <radio op="I TIM" rat="LTE" q="29.00" rsrp="-96" sinr="5" rsrq="-10"/>
      </extensions>
    </trkpt>
    <trkpt lat="45.7539959" lon="10.7512577">
      <ele>121.81958984173079</ele>
      <time>2026-08-23T14:03:45.646+02:00</time>
      <extensions>
        <activity type="STILL" conf="99" state="still" tsMs="1787486621392"/>
        <radio op="vodafone IT" rat="LTE" q="37.50" rsrp="-100" sinr="10" rsrq="-10"/>
        <radio op="I TIM" rat="LTE" q="27.00" rsrp="-107" sinr="10" rsrq="-6"/>
      </extensions>
    </trkpt>
    <trkpt lat="45.7538404" lon="10.7512354">
      <ele>121.06579242333592</ele>
      <time>2026-08-23T14:04:21.059+02:00</time>
      <extensions>
        <activity type="STILL" conf="99" state="still" tsMs="1787486658838"/>
        <radio op="vodafone IT" rat="LTE" q="43.40" rsrp="-94" sinr="9" rsrq="-11"/>
        <radio op="I TIM" rat="LTE" q="23.40" rsrp="-99" sinr="4" rsrq="-10"/>
      </extensions>
    </trkpt>
    <trkpt lat="45.7538528" lon="10.7511793">
      <ele>121.06579242333592</ele>
      <time>2026-08-23T14:04:25.149+02:00</time>
      <extensions>
        <activity type="STILL" conf="99" state="still" tsMs="1787486658838"/>
        <radio op="vodafone IT" rat="LTE" q="46.50" rsrp="-94" sinr="10" rsrq="-11"/>
        <radio op="I TIM" rat="LTE" q="29.70" rsrp="-98" sinr="6" rsrq="-10"/>
      </extensions>
    </trkpt>
    <trkpt lat="45.7545051" lon="10.7511028">
      <ele>118.19999694824219</ele>
      <time>2026-08-23T14:05:02.321+02:00</time>
      <extensions>
        <activity type="UNKNOWN" conf="40" state="unknown" tsMs="1787486699517"/>
        <radio op="vodafone IT" rat="LTE" q="34.10" rsrp="-94" sinr="6" rsrq="-12"/>
        <radio op="I TIM" rat="LTE" q="24.70" rsrp="-106" sinr="8" rsrq="-7"/>
      </extensions>
    </trkpt>
    <trkpt lat="45.754616" lon="10.7511156">
      <ele>120.30000305175781</ele>
      <time>2026-08-23T14:05:33.543+02:00</time>
      <extensions>
        <activity type="STILL" conf="54" state="still" tsMs="1787486733443"/>
        <radio op="vodafone IT" rat="LTE" q="34.10" rsrp="-94" sinr="6" rsrq="-12"/>
        <radio op="I TIM" rat="LTE" q="21.60" rsrp="-101" sinr="4" rsrq="-11"/>
      </extensions>
    </trkpt>
    <trkpt lat="45.7546606" lon="10.7511077">
      <ele>118.19999694824219</ele>
      <time>2026-08-23T14:05:59.804+02:00</time>
      <extensions>
        <activity type="STILL" conf="70" state="still" tsMs="1787486761661"/>
        <radio op="vodafone IT" rat="LTE" q="26.00" rsrp="-99" sinr="5" rsrq="-11"/>
        <radio op="I TIM" rat="LTE" q="10.80" rsrp="-107" sinr="1" rsrq="-10"/>
      </extensions>
    </trkpt>
    <trkpt lat="45.7538458" lon="10.7512661">
      <ele>121.28237873501456</ele>
      <time>2026-08-23T14:06:42.15+02:00</time>
      <extensions>
        <activity type="STILL" conf="99" state="still" tsMs="1787486795878"/>
        <radio op="vodafone IT" rat="LTE" q="46.50" rsrp="-94" sinr="10" rsrq="-11"/>
        <radio op="I TIM" rat="LTE" q="30.00" rsrp="-105" sinr="10" rsrq="-7"/>
      </extensions>
    </trkpt>
    <trkpt lat="45.7538753" lon="10.7511823">
      <ele>120.30000305175781</ele>
      <time>2026-08-23T14:06:44.15+02:00</time>
      <extensions>
        <activity type="STILL" conf="36" state="still" tsMs="1787486811419"/>
        <radio op="vodafone IT" rat="LTE" q="39.00" rsrp="-95" sinr="8" rsrq="-9"/>
        <radio op="I TIM" rat="LTE" q="29.40" rsrp="-104" sinr="9" rsrq="-7"/>
      </extensions>
    </trkpt>
    <trkpt lat="45.7550863" lon="10.7513401">
      <ele>118.19999694824219</ele>
      <time>2026-08-23T14:07:26.009+02:00</time>
      <extensions>
        <activity type="UNKNOWN" conf="40" state="unknown" tsMs="1787486844235"/>
        <radio op="vodafone IT" rat="LTE" q="21.60" rsrp="-101" sinr="4" rsrq="-13"/>
        <radio op="I TIM" rat="LTE" q="41.80" rsrp="-106" sinr="17" rsrq="-8"/>
      </extensions>
    </trkpt>
    <trkpt lat="45.7545993" lon="10.7511164">
      <ele>118.0</ele>
      <time>2026-08-23T14:08:05.022+02:00</time>
      <extensions>
        <activity type="ON_FOOT" conf="97" state="moving" tsMs="1787486883016"/>
        <radio op="vodafone IT" rat="LTE" rsrp="-107" rsrq="-15"/>
        <radio op="I TIM" rat="LTE" rsrp="-102" rsrq="-16"/>
      </extensions>
    </trkpt>
    <trkpt lat="45.7545744" lon="10.7510442">
      <ele>118.0</ele>
      <time>2026-08-23T14:08:36.797+02:00</time>
      <extensions>
        <activity type="UNKNOWN" conf="40" state="unknown" tsMs="1787486888361"/>
        <radio op="vodafone IT" rat="LTE" q="45.00" rsrp="-95" sinr="10" rsrq="-13"/>
        <radio op="I TIM" rat="LTE" rsrp="-99" rsrq="-16"/>
      </extensions>
    </trkpt>
    <trkpt lat="45.7543169" lon="10.7505873">
      <ele>118.0</ele>
      <time>2026-08-23T14:09:19.464+02:00</time>
      <extensions>
        <activity type="ON_FOOT" conf="97" state="moving" tsMs="1787486954788"/>
        <radio op="vodafone IT" rat="LTE" q="8.40" rsrp="-111" sinr="1" rsrq="-13"/>
        <radio op="I TIM" rat="LTE" rsrp="-111" rsrq="-14"/>
      </extensions>
    </trkpt>
    <trkpt lat="45.7531638" lon="10.7490677">
      <ele>118.0</ele>
      <time>2026-08-23T14:10:20.962+02:00</time>
      <extensions>
        <activity type="ON_FOOT" conf="97" state="moving" tsMs="1787487020375"/>
        <radio op="vodafone IT" rat="LTE" rsrp="-116" rsrq="-15"/>
        <radio op="I TIM" rat="LTE" rsrp="-109" rsrq="-16"/>
      </extensions>
    </trkpt>
    <trkpt lat="45.7546528" lon="10.7504589">
      <ele>119.80000305175781</ele>
      <time>2026-08-23T14:11:10.735+02:00</time>
      <extensions>
        <activity type="ON_FOOT" conf="54" state="moving" tsMs="1787487069420"/>
        <radio op="vodafone IT" rat="LTE" q="7.70" rsrp="-114" sinr="2" rsrq="-14"/>
        <radio op="I TIM" rat="LTE" rsrp="-115" rsrq="-19"/>
      </extensions>
    </trkpt>
    <trkpt lat="45.7547965" lon="10.750351">
      <ele>119.80000305175781</ele>
      <time>2026-08-23T14:11:42.018+02:00</time>
      <extensions>
        <activity type="UNKNOWN" conf="40" state="unknown" tsMs="1787487096483"/>
        <radio op="vodafone IT" rat="LTE" q="6.00" rsrp="-115" sinr="1" rsrq="-15"/>
        <radio op="I TIM" rat="LTE" rsrp="-111" rsrq="-14"/>
      </extensions>
    </trkpt>
    <trkpt lat="45.7535872" lon="10.7501366">
      <ele>118.5999984741211</ele>
      <time>2026-08-23T14:12:19.703+02:00</time>
      <extensions>
        <activity type="UNKNOWN" conf="40" state="unknown" tsMs="1787487138828"/>
        <radio op="vodafone IT" rat="LTE" rsrp="-117" rsrq="-16"/>
        <radio op="I TIM" rat="LTE" rsrp="-110" rsrq="-15"/>
      </extensions>
    </trkpt>
    <trkpt lat="45.7535183" lon="10.7500152">
      <ele>118.5999984741211</ele>
      <time>2026-08-23T14:13:18.268+02:00</time>
      <extensions>
        <activity type="UNKNOWN" conf="40" state="unknown" tsMs="1787487170838"/>
        <radio op="vodafone IT" rat="LTE" q="4.50" rsrp="-116" sinr="0" rsrq="-13"/>
        <radio op="I TIM" rat="LTE" rsrp="-119" rsrq="-20"/>
      </extensions>
    </trkpt>
    <trkpt lat="45.7547989" lon="10.7503511">
      <ele>119.80000305175781</ele>
      <time>2026-08-23T14:13:57.825+02:00</time>
      <extensions>
        <activity type="UNKNOWN" conf="40" state="unknown" tsMs="1787487237069"/>
        <radio op="vodafone IT" rat="LTE" rsrp="-115" rsrq="-15"/>
        <radio op="I TIM" rat="LTE" rsrp="-113" rsrq="-15"/>
      </extensions>
    </trkpt>
    <trkpt lat="45.7538036" lon="10.7498362">
      <ele>118.30000305175781</ele>
      <time>2026-08-23T14:14:08.152+02:00</time>
      <extensions>
        <activity type="UNKNOWN" conf="40" state="unknown" tsMs="1787487237069"/>
        <radio op="vodafone IT" rat="LTE" rsrp="-109" rsrq="-16"/>
        <radio op="I TIM" rat="LTE" rsrp="-116" rsrq="-17"/>
      </extensions>
    </trkpt>
    <trkpt lat="45.7537647" lon="10.7498873">
      <ele>118.30000305175781</ele>
      <time>2026-08-23T14:14:09.152+02:00</time>
      <extensions>
        <activity type="STILL" conf="100" state="still" tsMs="1787487241132"/>
        <radio op="vodafone IT" rat="LTE" rsrp="-109" rsrq="-16"/>
        <radio op="I TIM" rat="LTE" rsrp="-114" rsrq="-18"/>
      </extensions>
    </trkpt>
    <trkpt lat="45.7537585" lon="10.7499069">
      <ele>119.80000305175781</ele>
      <time>2026-08-23T14:14:48.448+02:00</time>
      <extensions>
        <activity type="UNKNOWN" conf="40" state="unknown" tsMs="1787487284623"/>
        <radio op="vodafone IT" rat="LTE" rsrp="-117" rsrq="-16"/>
        <radio op="I TIM" rat="LTE" rsrp="-116" rsrq="-18"/>
      </extensions>
    </trkpt>
    <trkpt lat="45.7537691" lon="10.7498205">
      <ele>119.80000305175781</ele>
      <time>2026-08-23T14:15:24.152+02:00</time>
      <extensions>
        <activity type="STILL" conf="58" state="still" tsMs="1787487335179"/>
        <radio op="vodafone IT" rat="LTE" rsrp="-114" rsrq="-16"/>
        <radio op="I TIM" rat="LTE" rsrp="-120" rsrq="-17"/>
      </extensions>
    </trkpt>
    <trkpt lat="45.7537673" lon="10.7498179">
      <ele>119.80000305175781</ele>
      <time>2026-08-23T14:15:58.399+02:00</time>
      <extensions>
        <activity type="STILL" conf="94" state="still" tsMs="1787487357452"/>
        <radio op="vodafone IT" rat="LTE" rsrp="-118" rsrq="-14"/>
        <radio op="I TIM" rat="LTE" rsrp="-115" rsrq="-17"/>
      </extensions>
    </trkpt>
    <trkpt lat="45.7537403" lon="10.7498484">
      <ele>119.80000305175781</ele>
      <time>2026-08-23T14:16:35.151+02:00</time>
      <extensions>
        <activity type="STILL" conf="100" state="still" tsMs="1787487394819"/>
        <radio op="vodafone IT" rat="LTE" rsrp="-116" rsrq="-16"/>
        <radio op="I TIM" rat="LTE" rsrp="-118" rsrq="-18"/>
      </extensions>
    </trkpt>
    <trkpt lat="45.7537402" lon="10.7498485">
      <ele>119.80000305175781</ele>
      <time>2026-08-23T14:17:18.933+02:00</time>
      <extensions>
        <activity type="STILL" conf="49" state="still" tsMs="1787487438437"/>
        <radio op="vodafone IT" rat="LTE" rsrp="-118" rsrq="-16"/>
        <radio op="I TIM" rat="LTE" rsrp="-117" rsrq="-17"/>
      </extensions>
    </trkpt>
    <trkpt lat="45.7547965" lon="10.750351">
      <ele>119.80000305175781</ele>
      <time>2026-08-23T14:18:23.319+02:00</time>
      <extensions>
        <activity type="IN_VEHICLE" conf="72" state="moving" tsMs="1787487502441"/>
        <radio op="vodafone IT" rat="LTE" rsrp="-108" rsrq="-14"/>
        <radio op="I TIM" rat="LTE" rsrp="-112" rsrq="-14"/>
      </extensions>
    </trkpt>
    <trkpt lat="45.7547922" lon="10.7503512">
      <ele>119.80000305175781</ele>
      <time>2026-08-23T14:18:54.324+02:00</time>
      <extensions>
        <activity type="UNKNOWN" conf="40" state="unknown" tsMs="1787487528927"/>
        <radio op="vodafone IT" rat="LTE" rsrp="-104" rsrq="-11"/>
        <radio op="I TIM" rat="LTE" rsrp="-113" rsrq="-14"/>
      </extensions>
    </trkpt>
    <trkpt lat="45.7543919" lon="10.7505691">
      <ele>120.9000015258789</ele>
      <time>2026-08-23T14:19:30.451+02:00</time>
      <extensions>
        <activity type="UNKNOWN" conf="40" state="unknown" tsMs="1787487565664"/>
        <radio op="vodafone IT" rat="LTE" rsrp="-118" rsrq="-15"/>
        <radio op="I TIM" rat="LTE" rsrp="-116" rsrq="-13"/>
      </extensions>
    </trkpt>
    <trkpt lat="45.7547922" lon="10.7503512">
      <ele>119.80000305175781</ele>
      <time>2026-08-23T14:20:03.475+02:00</time>
      <extensions>
        <activity type="STILL" conf="40" state="still" tsMs="1787487598439"/>
        <radio op="vodafone IT" rat="LTE" rsrp="-115" rsrq="-14"/>
        <radio op="I TIM" rat="LTE" q="4.50" rsrp="-116" sinr="0" rsrq="-13"/>
      </extensions>
    </trkpt>
    <trkpt lat="45.7545414" lon="10.7504944">
      <ele>119.80000305175781</ele>
      <time>2026-08-23T14:20:53.92+02:00</time>
      <extensions>
        <activity type="UNKNOWN" conf="40" state="unknown" tsMs="1787487653451"/>
        <radio op="vodafone IT" rat="LTE" q="6.00" rsrp="-115" sinr="1" rsrq="-13"/>
        <radio op="I TIM" rat="LTE" q="4.50" rsrp="-116" sinr="0" rsrq="-15"/>
      </extensions>
    </trkpt>
    <trkpt lat="45.7543041" lon="10.7504708">
      <ele>118.30000305175781</ele>
      <time>2026-08-23T14:21:39.339+02:00</time>
      <extensions>
        <activity type="UNKNOWN" conf="40" state="unknown" tsMs="1787487699438"/>
        <radio op="vodafone IT" rat="LTE" q="13.00" rsrp="-112" sinr="5" rsrq="-14"/>
        <radio op="I TIM" rat="LTE" q="11.70" rsrp="-112" sinr="4" rsrq="-15"/>
      </extensions>
    </trkpt>
    <trkpt lat="45.7537032" lon="10.7498824">
      <ele>118.30000305175781</ele>
      <time>2026-08-23T14:22:24.149+02:00</time>
      <extensions>
        <activity type="ON_FOOT" conf="60" state="moving" tsMs="1787487739847"/>
        <radio op="vodafone IT" rat="LTE" rsrp="-115" rsrq="-15"/>
        <radio op="I TIM" rat="LTE" q="9.00" rsrp="-110" sinr="1" rsrq="-14"/>
      </extensions>
    </trkpt>
    <trkpt lat="45.7544372" lon="10.7506123">
      <ele>119.69999694824219</ele>
      <time>2026-08-23T14:23:38.26+02:00</time>
      <extensions>
        <activity type="ON_FOOT" conf="96" state="moving" tsMs="1787487805093"/>
        <radio op="vodafone IT" rat="LTE" q="6.50" rsrp="-112" sinr="0" rsrq="-13"/>
        <radio op="I TIM" rat="LTE" q="9.80" rsrp="-111" sinr="2" rsrq="-14"/>
      </extensions>
    </trkpt>
    <trkpt lat="45.7541839" lon="10.7510607">
      <ele>118.30000305175781</ele>
      <time>2026-08-23T14:25:02.153+02:00</time>
      <extensions>
        <activity type="ON_FOOT" conf="97" state="moving" tsMs="1787487896799"/>
        <radio op="vodafone IT" rat="LTE" q="39.00" rsrp="-95" sinr="8" rsrq="-13"/>
        <radio op="I TIM" rat="LTE" q="27.90" rsrp="-94" sinr="4" rsrq="-13"/>
      </extensions>
    </trkpt>
    <trkpt lat="45.7541839" lon="10.7510607">
      <ele>118.0205069804187</ele>
      <time>2026-08-23T14:25:35.864+02:00</time>
      <extensions>
        <activity type="UNKNOWN" conf="40" state="unknown" tsMs="1787487934886"/>
        <radio op="vodafone IT" rat="LTE" rsrp="-102" rsrq="-13"/>
        <radio op="I TIM" rat="LTE" q="27.60" rsrp="-102" sinr="7" rsrq="-13"/>
      </extensions>
    </trkpt>
    <trkpt lat="45.754736" lon="10.7511039">
      <ele>118.19999694824219</ele>
      <time>2026-08-23T14:26:22.654+02:00</time>
      <extensions>
        <activity type="ON_FOOT" conf="81" state="moving" tsMs="1787487980495"/>
        <radio op="vodafone IT" rat="LTE" q="29.00" rsrp="-96" sinr="5" rsrq="-11"/>
        <radio op="I TIM" rat="LTE" q="38.50" rsrp="-90" sinr="6" rsrq="-11"/>
      </extensions>
    </trkpt>
    <trkpt lat="45.7541032" lon="10.7511299">
      <ele>118.19999694824219</ele>
      <time>2026-08-23T14:27:13.153+02:00</time>
      <extensions>
        <activity type="STILL" conf="58" state="still" tsMs="1787488025838"/>
        <radio op="vodafone IT" rat="LTE" rsrp="-96" rsrq="-13"/>
        <radio op="I TIM" rat="LTE" rsrp="-88" rsrq="-14"/>
      </extensions>
    </trkpt>
    <trkpt lat="45.7541032" lon="10.7511298">
      <ele>118.19999694824219</ele>
      <time>2026-08-23T14:27:49.496+02:00</time>
      <extensions>
        <activity type="STILL" conf="99" state="still" tsMs="1787488064449"/>
        <radio op="vodafone IT" rat="LTE" q="48.00" rsrp="-93" sinr="10" rsrq="-12"/>
        <radio op="I TIM" rat="LTE" rsrp="-89" rsrq="-14"/>
      </extensions>
    </trkpt>
    <trkpt lat="45.7540235" lon="10.7511819">
      <ele>118.19999694824219</ele>
      <time>2026-08-23T14:28:48.155+02:00</time>
      <extensions>
        <activity type="ON_FOOT" conf="98" state="moving" tsMs="1787488124677"/>
        <radio op="vodafone IT" rat="LTE" q="59.40" rsrp="-92" sinr="13" rsrq="-11"/>
        <radio op="I TIM" rat="LTE" rsrp="-86" rsrq="-12"/>
      </extensions>
    </trkpt>
    <trkpt lat="45.7540244" lon="10.7511794">
      <ele>117.5999984741211</ele>
      <time>2026-08-23T14:29:49.416+02:00</time>
      <extensions>
        <activity type="UNKNOWN" conf="40" state="unknown" tsMs="1787488184243"/>
        <radio op="vodafone IT" rat="LTE" q="35.20" rsrp="-93" sinr="6" rsrq="-13"/>
        <radio op="I TIM" rat="LTE" rsrp="-90" rsrq="-15"/>
      </extensions>
    </trkpt>
    <trkpt lat="45.7538208" lon="10.7513404">
      <ele>117.5999984741211</ele>
      <time>2026-08-23T14:30:38.155+02:00</time>
      <extensions>
        <activity type="STILL" conf="65" state="still" tsMs="1787488228853"/>
        <radio op="vodafone IT" rat="LTE" q="23.40" rsrp="-99" sinr="4" rsrq="-12"/>
        <radio op="I TIM" rat="LTE" q="64.80" rsrp="-98" sinr="19" rsrq="-6"/>
      </extensions>
    </trkpt>
    <trkpt lat="45.7538202" lon="10.751339">
      <ele>118.0</ele>
      <time>2026-08-23T14:31:07.156+02:00</time>
      <extensions>
        <activity type="STILL" conf="60" state="still" tsMs="1787488267052"/>
        <radio op="vodafone IT" rat="LTE" q="17.50" rsrp="-100" sinr="2" rsrq="-13"/>
        <radio op="I TIM" rat="LTE" rsrp="-93" rsrq="-15"/>
      </extensions>
    </trkpt>
    <trkpt lat="45.7548101" lon="10.7511818">
      <ele>118.0</ele>
      <time>2026-08-23T14:31:43.737+02:00</time>
      <extensions>
        <activity type="UNKNOWN" conf="40" state="unknown" tsMs="1787488299886"/>
        <radio op="vodafone IT" rat="LTE" q="13.20" rsrp="-103" sinr="1" rsrq="-14"/>
        <radio op="I TIM" rat="LTE" q="75.00" rsrp="-95" sinr="20" rsrq="-5"/>
      </extensions>
    </trkpt>
    <trkpt lat="45.7546582" lon="10.7511628">
      <ele>118.19999694824219</ele>
      <time>2026-08-23T14:32:17.649+02:00</time>
      <extensions>
        <activity type="STILL" conf="99" state="still" tsMs="1787488336834"/>
        <radio op="vodafone IT" rat="LTE" q="11.00" rsrp="-103" sinr="0" rsrq="-13"/>
        <radio op="I TIM" rat="LTE" q="64.40" rsrp="-97" sinr="18" rsrq="-5"/>
      </extensions>
    </trkpt>
    <trkpt lat="45.7547581" lon="10.7512171">
      <ele>118.0</ele>
      <time>2026-08-23T14:32:52.546+02:00</time>
      <extensions>
        <activity type="STILL" conf="53" state="still" tsMs="1787488367350"/>
        <radio op="vodafone IT" rat="LTE" q="14.40" rsrp="-101" sinr="1" rsrq="-14"/>
        <radio op="I TIM" rat="LTE" q="43.50" rsrp="-96" sinr="10" rsrq="-5"/>
      </extensions>
    </trkpt>
    <trkpt lat="45.7550074" lon="10.7512873">
      <ele>117.5999984741211</ele>
      <time>2026-08-23T14:33:29.798+02:00</time>
      <extensions>
        <activity type="STILL" conf="97" state="still" tsMs="1787488404455"/>
        <radio op="vodafone IT" rat="LTE" q="43.20" rsrp="-89" sinr="7" rsrq="-11"/>
        <radio op="I TIM" rat="LTE" q="69.00" rsrp="-95" sinr="18" rsrq="-5"/>
      </extensions>
    </trkpt>
    <trkpt lat="45.7548843" lon="10.7512071">
      <ele>118.0</ele>
      <time>2026-08-23T14:34:13.016+02:00</time>
      <extensions>
        <activity type="STILL" conf="96" state="still" tsMs="1787488452817"/>
        <radio op="vodafone IT" rat="LTE" q="38.50" rsrp="-90" sinr="6" rsrq="-9"/>
        <radio op="I TIM" rat="LTE" q="38.40" rsrp="-93" sinr="7" rsrq="-7"/>
      </extensions>
    </trkpt>
    <trkpt lat="45.754505" lon="10.7511073">
      <ele>118.19999694824219</ele>
      <time>2026-08-23T14:34:49.65+02:00</time>
      <extensions>
        <activity type="UNKNOWN" conf="40" state="unknown" tsMs="1787488486560"/>
        <radio op="vodafone IT" rat="LTE" q="35.00" rsrp="-90" sinr="5" rsrq="-13"/>
        <radio op="I TIM" rat="LTE" rsrp="-87" rsrq="-15"/>
      </extensions>
    </trkpt>
    <trkpt lat="45.7547969" lon="10.7511322">
      <ele>118.19999694824219</ele>
      <time>2026-08-23T14:35:49.96+02:00</time>
      <extensions>
        <activity type="STILL" conf="99" state="still" tsMs="1787488549190"/>
        <radio op="vodafone IT" rat="LTE" q="37.40" rsrp="-91" sinr="6" rsrq="-9"/>
        <radio op="I TIM" rat="LTE" q="49.60" rsrp="-94" sinr="11" rsrq="-8"/>
      </extensions>
    </trkpt>
    <trkpt lat="45.7548017" lon="10.7512141">
      <ele>118.19999694824219</ele>
      <time>2026-08-23T14:36:38.631+02:00</time>
      <extensions>
        <activity type="STILL" conf="99" state="still" tsMs="1787488598458"/>
        <radio op="vodafone IT" rat="LTE" q="42.00" rsrp="-90" sinr="7" rsrq="-10"/>
        <radio op="I TIM" rat="LTE" q="26.10" rsrp="-96" sinr="4" rsrq="-5"/>
      </extensions>
    </trkpt>
    <trkpt lat="45.7550927" lon="10.7513351">
      <ele>118.19999694824219</ele>
      <time>2026-08-23T14:37:14.84+02:00</time>
      <extensions>
        <activity type="STILL" conf="97" state="still" tsMs="1787488631860"/>
        <radio op="vodafone IT" rat="LTE" q="52.50" rsrp="-90" sinr="10" rsrq="-10"/>
        <radio op="I TIM" rat="LTE" q="36.00" rsrp="-95" sinr="7" rsrq="-6"/>
      </extensions>
    </trkpt>
    <trkpt lat="45.7546477" lon="10.7511886">
      <ele>117.80000305175781</ele>
      <time>2026-08-23T14:37:46.22+02:00</time>
      <extensions>
        <activity type="STILL" conf="99" state="still" tsMs="1787488662775"/>
        <radio op="vodafone IT" rat="LTE" q="50.40" rsrp="-89" sinr="9" rsrq="-11"/>
        <radio op="I TIM" rat="LTE" q="75.00" rsrp="-95" sinr="20" rsrq="-5"/>
      </extensions>
    </trkpt>
    <trkpt lat="45.7547238" lon="10.7512124">
      <ele>118.0</ele>
      <time>2026-08-23T14:38:22.193+02:00</time>
      <extensions>
        <activity type="STILL" conf="99" state="still" tsMs="1787488699561"/>
        <radio op="vodafone IT" rat="LTE" q="45.50" rsrp="-90" sinr="8" rsrq="-12"/>
        <radio op="I TIM" rat="LTE" q="72.50" rsrp="-96" sinr="22" rsrq="-7"/>
      </extensions>
    </trkpt>
    <trkpt lat="45.7549134" lon="10.7512089">
      <ele>118.0</ele>
      <time>2026-08-23T14:39:02.107+02:00</time>
      <extensions>
        <activity type="STILL" conf="62" state="still" tsMs="1787488738852"/>
        <radio op="vodafone IT" rat="LTE" q="52.50" rsrp="-90" sinr="10" rsrq="-9"/>
        <radio op="I TIM" rat="LTE" q="33.00" rsrp="-95" sinr="6" rsrq="-6"/>
      </extensions>
    </trkpt>
    <trkpt lat="45.7548016" lon="10.7511809">
      <ele>118.0</ele>
      <time>2026-08-23T14:39:47.683+02:00</time>
      <extensions>
        <activity type="STILL" conf="99" state="still" tsMs="1787488784840"/>
        <radio op="vodafone IT" rat="LTE" q="33.80" rsrp="-99" sinr="8" rsrq="-10"/>
        <radio op="I TIM" rat="LTE" q="67.20" rsrp="-97" sinr="19" rsrq="-7"/>
      </extensions>
    </trkpt>
    <trkpt lat="45.7544948" lon="10.7508567">
      <ele>118.0</ele>
      <time>2026-08-23T14:40:19.158+02:00</time>
      <extensions>
        <activity type="ON_FOOT" conf="97" state="moving" tsMs="1787488815708"/>
        <radio op="vodafone IT" rat="LTE" rsrp="-107" rsrq="-15"/>
        <radio op="I TIM" rat="LTE" rsrp="-104" rsrq="-15"/>
      </extensions>
    </trkpt>
    <trkpt lat="45.7540286" lon="10.7512637">
      <ele>118.0</ele>
      <time>2026-08-23T14:41:15.157+02:00</time>
      <extensions>
        <activity type="UNKNOWN" conf="40" state="unknown" tsMs="1787488877792"/>
        <radio op="vodafone IT" rat="LTE" rsrp="-103" rsrq="-13"/>
        <radio op="I TIM" rat="LTE" rsrp="-95" rsrq="-15"/>
      </extensions>
    </trkpt>
    <trkpt lat="45.7546556" lon="10.751191">
      <ele>117.9000015258789</ele>
      <time>2026-08-23T14:41:46.513+02:00</time>
      <extensions>
        <activity type="UNKNOWN" conf="40" state="unknown" tsMs="1787488901464"/>
        <radio op="vodafone IT" rat="LTE" q="33.60" rsrp="-97" sinr="7" rsrq="-12"/>
        <radio op="I TIM" rat="LTE" rsrp="-99" rsrq="-15"/>
      </extensions>
    </trkpt>
    <trkpt lat="45.75503" lon="10.7512005">
      <ele>117.9000015258789</ele>
      <time>2026-08-23T14:42:27.269+02:00</time>
      <extensions>
        <activity type="UNKNOWN" conf="40" state="unknown" tsMs="1787488945246"/>
        <radio op="vodafone IT" rat="LTE" rsrp="-113" rsrq="-16"/>
        <radio op="I TIM" rat="LTE" rsrp="-120" rsrq="-15"/>
      </extensions>
    </trkpt>
    <trkpt lat="45.7546497" lon="10.7511523">
      <ele>118.19999694824219</ele>
      <time>2026-08-23T14:43:11.361+02:00</time>
      <extensions>
        <activity type="ON_BICYCLE" conf="72" state="moving" tsMs="1787488990480"/>
        <radio op="vodafone IT" rat="LTE" rsrp="-98" rsrq="-14"/>
        <radio op="I TIM" rat="LTE" rsrp="-97" rsrq="-17"/>
      </extensions>
    </trkpt>
    <trkpt lat="45.754601" lon="10.7511295">
      <ele>117.9000015258789</ele>
      <time>2026-08-23T14:44:27.139+02:00</time>
      <extensions>
        <activity type="ON_FOOT" conf="70" state="moving" tsMs="1787489064075"/>
        <radio op="vodafone IT" rat="LTE" rsrp="-108" rsrq="-17"/>
        <radio op="I TIM" rat="LTE" q="20.00" rsrp="-105" sinr="5" rsrq="-7"/>
      </extensions>
    </trkpt>
    <trkpt lat="45.7546406" lon="10.7511294">
      <ele>117.9000015258789</ele>
      <time>2026-08-23T14:45:22.093+02:00</time>
      <extensions>
        <activity type="UNKNOWN" conf="40" state="unknown" tsMs="1787489118497"/>
        <radio op="vodafone IT" rat="LTE" rsrp="-96" rsrq="-12"/>
        <radio op="I TIM" rat="LTE" q="26.40" rsrp="-103" sinr="7" rsrq="-6"/>
      </extensions>
    </trkpt>
    <trkpt lat="45.754624" lon="10.751059">
      <ele>118.0</ele>
      <time>2026-08-23T14:46:00.088+02:00</time>
      <extensions>
        <activity type="UNKNOWN" conf="40" state="unknown" tsMs="1787489154627"/>
        <radio op="vodafone IT" rat="LTE" q="25.00" rsrp="-100" sinr="5" rsrq="-11"/>
        <radio op="I TIM" rat="LTE" rsrp="-91" rsrq="-14"/>
      </extensions>
    </trkpt>
    <trkpt lat="45.7544832" lon="10.7509685">
      <ele>118.19999694824219</ele>
      <time>2026-08-23T14:46:35.666+02:00</time>
      <extensions>
        <activity type="ON_FOOT" conf="97" state="moving" tsMs="1787489191858"/>
        <radio op="vodafone IT" rat="LTE" rsrp="-108" rsrq="-14"/>
        <radio op="I TIM" rat="LTE" rsrp="-99" rsrq="-15"/>
      </extensions>
    </trkpt>
    <trkpt lat="45.7545647" lon="10.750951">
      <ele>118.0</ele>
      <time>2026-08-23T14:47:09.697+02:00</time>
      <extensions>
        <activity type="UNKNOWN" conf="40" state="unknown" tsMs="1787489229097"/>
        <radio op="vodafone IT" rat="LTE" rsrp="-102" rsrq="-15"/>
        <radio op="I TIM" rat="LTE" rsrp="-100" rsrq="-16"/>
      </extensions>
    </trkpt>
    <trkpt lat="45.7546625" lon="10.7509101">
      <ele>118.0</ele>
      <time>2026-08-23T14:47:53.777+02:00</time>
      <extensions>
        <activity type="STILL" conf="98" state="still" tsMs="1787489268612"/>
        <radio op="vodafone IT" rat="LTE" q="20.00" rsrp="-105" sinr="5" rsrq="-12"/>
        <radio op="I TIM" rat="LTE" rsrp="-102" rsrq="-15"/>
      </extensions>
    </trkpt>
    <trkpt lat="45.7544652" lon="10.7508348">
      <ele>118.19999694824219</ele>
      <time>2026-08-23T14:48:59.121+02:00</time>
      <extensions>
        <activity type="STILL" conf="99" state="still" tsMs="1787489334456"/>
        <radio op="vodafone IT" rat="LTE" q="18.00" rsrp="-107" sinr="5" rsrq="-14"/>
        <radio op="I TIM" rat="LTE" rsrp="-103" rsrq="-16"/>
      </extensions>
    </trkpt>
    <trkpt lat="45.7546055" lon="10.7507898">
      <ele>118.19999694824219</ele>
      <time>2026-08-23T14:49:38.348+02:00</time>
      <extensions>
        <activity type="STILL" conf="99" state="still" tsMs="1787489377587"/>
        <radio op="vodafone IT" rat="LTE" q="24.20" rsrp="-103" sinr="6" rsrq="-12"/>
        <radio op="I TIM" rat="LTE" rsrp="-103" rsrq="-16"/>
      </extensions>
    </trkpt>
    <trkpt lat="45.754443" lon="10.7509136">
      <ele>118.19999694824219</ele>
      <time>2026-08-23T14:50:12.197+02:00</time>
      <extensions>
        <activity type="STILL" conf="99" state="still" tsMs="1787489411849"/>
        <radio op="vodafone IT" rat="LTE" q="14.00" rsrp="-105" sinr="2" rsrq="-13"/>
        <radio op="I TIM" rat="LTE" rsrp="-102" rsrq="-16"/>
      </extensions>
    </trkpt>
    <trkpt lat="45.7541656" lon="10.7510347">
      <ele>118.19999694824219</ele>
      <time>2026-08-23T14:50:49.259+02:00</time>
      <extensions>
        <activity type="STILL" conf="34" state="still" tsMs="1787489446228"/>
        <radio op="vodafone IT" rat="LTE" q="12.00" rsrp="-101" sinr="0" rsrq="-13"/>
        <radio op="I TIM" rat="LTE" rsrp="-91" rsrq="-15"/>
      </extensions>
    </trkpt>
    <trkpt lat="45.7542187" lon="10.751062">
      <ele>118.19999694824219</ele>
      <time>2026-08-23T14:50:59.158+02:00</time>
      <extensions>
        <activity type="STILL" conf="34" state="still" tsMs="1787489446228"/>
        <radio op="vodafone IT" rat="LTE" q="24.30" rsrp="-98" sinr="4" rsrq="-12"/>
        <radio op="I TIM" rat="LTE" rsrp="-93" rsrq="-15"/>
      </extensions>
    </trkpt>
    <trkpt lat="45.7542203" lon="10.7510621">
      <ele>118.0</ele>
      <time>2026-08-23T14:51:09.197+02:00</time>
      <extensions>
        <activity type="UNKNOWN" conf="40" state="unknown" tsMs="1787489449769"/>
        <radio op="vodafone IT" rat="LTE" rsrp="-93" rsrq="-13"/>
        <radio op="I TIM" rat="LTE" rsrp="-93" rsrq="-15"/>
      </extensions>
    </trkpt>
    <trkpt lat="45.7542208" lon="10.7510612">
      <ele>118.19999694824219</ele>
      <time>2026-08-23T14:51:19.325+02:00</time>
      <extensions>
        <activity type="UNKNOWN" conf="40" state="unknown" tsMs="1787489465953"/>
        <radio op="vodafone IT" rat="LTE" rsrp="-109" rsrq="-14"/>
        <radio op="I TIM" rat="LTE" rsrp="-94" rsrq="-14"/>
      </extensions>
    </trkpt>
    <trkpt lat="45.7542076" lon="10.7510168">
      <ele>118.19999694824219</ele>
      <time>2026-08-23T14:51:30.196+02:00</time>
      <extensions>
        <activity type="UNKNOWN" conf="40" state="unknown" tsMs="1787489465953"/>
        <radio op="vodafone IT" rat="LTE" q="27.00" rsrp="-98" sinr="5" rsrq="-12"/>
        <radio op="I TIM" rat="LTE" rsrp="-95" rsrq="-13"/>
      </extensions>
    </trkpt>
    <trkpt lat="45.7542151" lon="10.7510159">
      <ele>118.19999694824219</ele>
      <time>2026-08-23T14:51:40.244+02:00</time>
      <extensions>
        <activity type="STILL" conf="35" state="still" tsMs="1787489483259"/>
        <radio op="vodafone IT" rat="LTE" q="13.80" rsrp="-102" sinr="1" rsrq="-12"/>
        <radio op="I TIM" rat="LTE" rsrp="-88" rsrq="-13"/>
      </extensions>
    </trkpt>
    <trkpt lat="45.7542167" lon="10.7510189">
      <ele>117.9000015258789</ele>
      <time>2026-08-23T14:51:50.178+02:00</time>
      <extensions>
        <activity type="STILL" conf="35" state="still" tsMs="1787489483259"/>
        <radio op="vodafone IT" rat="LTE" q="24.30" rsrp="-98" sinr="4" rsrq="-11"/>
        <radio op="I TIM" rat="LTE" q="19.00" rsrp="-87" sinr="0" rsrq="-13"/>
      </extensions>
    </trkpt>
    <trkpt lat="45.7542184" lon="10.7510252">
      <ele>117.9000015258789</ele>
      <time>2026-08-23T14:52:00.447+02:00</time>
      <extensions>
        <activity type="UNKNOWN" conf="40" state="unknown" tsMs="1787489500694"/>
        <radio op="vodafone IT" rat="LTE" q="22.50" rsrp="-100" sinr="4" rsrq="-13"/>
        <radio op="I TIM" rat="LTE" rsrp="-88" rsrq="-13"/>
      </extensions>
    </trkpt>
    <trkpt lat="45.7542173" lon="10.7510258">
      <ele>118.19999694824219</ele>
      <time>2026-08-23T14:52:10.26+02:00</time>
      <extensions>
        <activity type="UNKNOWN" conf="40" state="unknown" tsMs="1787489518212"/>
        <radio op="vodafone IT" rat="LTE" q="35.00" rsrp="-90" sinr="5" rsrq="-12"/>
        <radio op="I TIM" rat="LTE" rsrp="-98" rsrq="-14"/>
      </extensions>
    </trkpt>
    <trkpt lat="45.7542184" lon="10.7510275">
      <ele>118.19999694824219</ele>
      <time>2026-08-23T14:52:20.444+02:00</time>
      <extensions>
        <activity type="UNKNOWN" conf="40" state="unknown" tsMs="1787489518212"/>
        <radio op="vodafone IT" rat="LTE" q="26.40" rsrp="-101" sinr="6" rsrq="-12"/>
        <radio op="I TIM" rat="LTE" rsrp="-93" rsrq="-12"/>
      </extensions>
    </trkpt>
    <trkpt lat="45.7542214" lon="10.751025">
      <ele>118.0</ele>
      <time>2026-08-23T14:52:30.676+02:00</time>
      <extensions>
        <activity type="UNKNOWN" conf="40" state="unknown" tsMs="1787489534508"/>
        <radio op="vodafone IT" rat="LTE" q="27.30" rsrp="-104" sinr="8" rsrq="-12"/>
        <radio op="I TIM" rat="LTE" rsrp="-100" rsrq="-15"/>
      </extensions>
    </trkpt>
    <trkpt lat="45.7542231" lon="10.7510266">
      <ele>118.0</ele>
      <time>2026-08-23T14:52:41.161+02:00</time>
      <extensions>
        <activity type="UNKNOWN" conf="40" state="unknown" tsMs="1787489534508"/>
        <radio op="vodafone IT" rat="LTE" q="11.00" rsrp="-103" sinr="0" rsrq="-13"/>
        <radio op="I TIM" rat="LTE" q="18.60" rsrp="-94" sinr="1" rsrq="-14"/>
      </extensions>
    </trkpt>
    <trkpt lat="45.7542269" lon="10.7510278">
      <ele>118.19999694824219</ele>
      <time>2026-08-23T14:52:51.202+02:00</time>
      <extensions>
        <activity type="UNKNOWN" conf="40" state="unknown" tsMs="1787489551962"/>
        <radio op="vodafone IT" rat="LTE" q="13.20" rsrp="-103" sinr="1" rsrq="-13"/>
        <radio op="I TIM" rat="LTE" q="18.20" rsrp="-99" sinr="2" rsrq="-14"/>
      </extensions>
    </trkpt>
    <trkpt lat="45.7542207" lon="10.7510229">
      <ele>117.9000015258789</ele>
      <time>2026-08-23T14:53:01.246+02:00</time>
      <extensions>
        <activity type="UNKNOWN" conf="40" state="unknown" tsMs="1787489569438"/>
        <radio op="vodafone IT" rat="LTE" q="11.50" rsrp="-102" sinr="0" rsrq="-14"/>
        <radio op="I TIM" rat="LTE" rsrp="-90" rsrq="-12"/>
      </extensions>
    </trkpt>
    <trkpt lat="45.7542183" lon="10.7510241">
      <ele>118.19999694824219</ele>
      <time>2026-08-23T14:53:11.177+02:00</time>
      <extensions>
        <activity type="UNKNOWN" conf="40" state="unknown" tsMs="1787489569438"/>
        <radio op="vodafone IT" rat="LTE" q="16.80" rsrp="-97" sinr="1" rsrq="-12"/>
        <radio op="I TIM" rat="LTE" q="18.00" rsrp="-89" sinr="0" rsrq="-13"/>
      </extensions>
    </trkpt>
    <trkpt lat="45.7542166" lon="10.7510043">
      <ele>118.19999694824219</ele>
      <time>2026-08-23T14:53:21.219+02:00</time>
      <extensions>
        <activity type="UNKNOWN" conf="40" state="unknown" tsMs="1787489587512"/>
        <radio op="vodafone IT" rat="LTE" q="21.70" rsrp="-94" sinr="2" rsrq="-11"/>
        <radio op="I TIM" rat="LTE" rsrp="-92" rsrq="-14"/>
      </extensions>
    </trkpt>
    <trkpt lat="45.7541965" lon="10.7510244">
      <ele>118.19999694824219</ele>
      <time>2026-08-23T14:53:31.375+02:00</time>
      <extensions>
        <activity type="UNKNOWN" conf="40" state="unknown" tsMs="1787489608804"/>
        <radio op="vodafone IT" rat="LTE" q="23.20" rsrp="-96" sinr="3" rsrq="-12"/>
        <radio op="I TIM" rat="LTE" rsrp="-90" rsrq="-14"/>
      </extensions>
    </trkpt>
    <trkpt lat="45.7542093" lon="10.7510093">
      <ele>117.9000015258789</ele>
      <time>2026-08-23T14:53:41.209+02:00</time>
      <extensions>
        <activity type="UNKNOWN" conf="40" state="unknown" tsMs="1787489608804"/>
        <radio op="vodafone IT" rat="LTE" q="14.50" rsrp="-96" sinr="0" rsrq="-12"/>
        <radio op="I TIM" rat="LTE" rsrp="-91" rsrq="-13"/>
      </extensions>
    </trkpt>
    <trkpt lat="45.7542266" lon="10.7510349">
      <ele>118.19999694824219</ele>
      <time>2026-08-23T14:53:52.24+02:00</time>
      <extensions>
        <activity type="UNKNOWN" conf="40" state="unknown" tsMs="1787489612518"/>
        <radio op="vodafone IT" rat="LTE" q="15.40" rsrp="-103" sinr="2" rsrq="-12"/>
        <radio op="I TIM" rat="LTE" rsrp="-91" rsrq="-13"/>
      </extensions>
    </trkpt>
    <trkpt lat="45.7542217" lon="10.7510458">
      <ele>117.9000015258789</ele>
      <time>2026-08-23T14:54:02.268+02:00</time>
      <extensions>
        <activity type="UNKNOWN" conf="40" state="unknown" tsMs="1787489630594"/>
        <radio op="vodafone IT" rat="LTE" q="28.80" rsrp="-93" sinr="4" rsrq="-12"/>
        <radio op="I TIM" rat="LTE" rsrp="-86" rsrq="-13"/>
      </extensions>
    </trkpt>
    <trkpt lat="45.7540723" lon="10.7511328">
      <ele>117.9000015258789</ele>
      <time>2026-08-23T14:54:12.503+02:00</time>
      <extensions>
        <activity type="UNKNOWN" conf="40" state="unknown" tsMs="1787489630594"/>
        <radio op="vodafone IT" rat="LTE" rsrp="-90" rsrq="-12"/>
        <radio op="I TIM" rat="LTE" rsrp="-83" rsrq="-13"/>
      </extensions>
    </trkpt>
    <trkpt lat="45.7539738" lon="10.7511954">
      <ele>117.9000015258789</ele>
      <time>2026-08-23T14:54:22.625+02:00</time>
      <extensions>
        <activity type="ON_FOOT" conf="96" state="moving" tsMs="1787489648087"/>
        <radio op="vodafone IT" rat="LTE" q="23.80" rsrp="-91" sinr="2" rsrq="-12"/>
        <radio op="I TIM" rat="LTE" q="24.00" rsrp="-85" sinr="1" rsrq="-13"/>
      </extensions>
    </trkpt>
    <trkpt lat="45.753877" lon="10.7513244">
      <ele>118.0</ele>
      <time>2026-08-23T14:54:32.843+02:00</time>
      <extensions>
        <activity type="ON_FOOT" conf="96" state="moving" tsMs="1787489659450"/>
        <radio op="vodafone IT" rat="LTE" q="27.00" rsrp="-95" sinr="4" rsrq="-11"/>
        <radio op="I TIM" rat="LTE" rsrp="-85" rsrq="-13"/>
      </extensions>
    </trkpt>
    <trkpt lat="45.7538006" lon="10.7514621">
      <ele>118.0</ele>
      <time>2026-08-23T14:54:42.486+02:00</time>
      <extensions>
        <activity type="ON_FOOT" conf="97" state="moving" tsMs="1787489670831"/>
        <radio op="vodafone IT" rat="LTE" q="19.80" rsrp="-92" sinr="1" rsrq="-12"/>
        <radio op="I TIM" rat="LTE" rsrp="-84" rsrq="-13"/>
      </extensions>
    </trkpt>
    <trkpt lat="45.753703" lon="10.7515556">
      <ele>118.0</ele>
      <time>2026-08-23T14:54:52.302+02:00</time>
      <extensions>
        <activity type="ON_FOOT" conf="97" state="moving" tsMs="1787489670831"/>
        <radio op="vodafone IT" rat="LTE" q="13.00" rsrp="-99" sinr="0" rsrq="-15"/>
        <radio op="I TIM" rat="LTE" rsrp="-87" rsrq="-13"/>
      </extensions>
    </trkpt>
    <trkpt lat="45.7538231" lon="10.751478">
      <ele>118.19999694824219</ele>
      <time>2026-08-23T14:55:03.226+02:00</time>
      <extensions>
        <activity type="ON_FOOT" conf="97" state="moving" tsMs="1787489682544"/>
        <radio op="vodafone IT" rat="LTE" rsrp="-113" rsrq="-12"/>
        <radio op="I TIM" rat="LTE" rsrp="-105" rsrq="-18"/>
      </extensions>
    </trkpt>
    <trkpt lat="45.7540025" lon="10.7512347">
      <ele>117.9000015258789</ele>
      <time>2026-08-23T14:55:23.284+02:00</time>
      <extensions>
        <activity type="ON_FOOT" conf="98" state="moving" tsMs="1787489704855"/>
        <radio op="vodafone IT" rat="LTE" q="10.50" rsrp="-110" sinr="2" rsrq="-14"/>
        <radio op="I TIM" rat="LTE" rsrp="-102" rsrq="-16"/>
      </extensions>
    </trkpt>
    <trkpt lat="45.7540338" lon="10.7512315">
      <ele>118.19999694824219</ele>
      <time>2026-08-23T14:55:33.706+02:00</time>
      <extensions>
        <activity type="ON_FOOT" conf="98" state="moving" tsMs="1787489704855"/>
        <radio op="vodafone IT" rat="LTE" rsrp="-111" rsrq="-14"/>
        <radio op="I TIM" rat="LTE" rsrp="-102" rsrq="-16"/>
      </extensions>
    </trkpt>
    <trkpt lat="45.7540586" lon="10.7513369">
      <ele>118.19999694824219</ele>
      <time>2026-08-23T14:55:43.325+02:00</time>
      <extensions>
        <activity type="UNKNOWN" conf="40" state="unknown" tsMs="1787489723080"/>
        <radio op="vodafone IT" rat="LTE" rsrp="-99" rsrq="-13"/>
        <radio op="I TIM" rat="LTE" q="19.50" rsrp="-86" sinr="0" rsrq="-14"/>
      </extensions>
    </trkpt>
    <trkpt lat="45.7540974" lon="10.7514194">
      <ele>117.9000015258789</ele>
      <time>2026-08-23T14:55:53.489+02:00</time>
      <extensions>
        <activity type="ON_FOOT" conf="88" state="moving" tsMs="1787489741022"/>
        <radio op="vodafone IT" rat="LTE" rsrp="-100" rsrq="-11"/>
        <radio op="I TIM" rat="LTE" rsrp="-83" rsrq="-13"/>
      </extensions>
    </trkpt>
    <trkpt lat="45.7540843" lon="10.7515069">
      <ele>117.9000015258789</ele>
      <time>2026-08-23T14:56:03.231+02:00</time>
      <extensions>
        <activity type="ON_FOOT" conf="88" state="moving" tsMs="1787489741022"/>
        <radio op="vodafone IT" rat="LTE" rsrp="-110" rsrq="-14"/>
        <radio op="I TIM" rat="LTE" rsrp="-92" rsrq="-15"/>
      </extensions>
    </trkpt>
    <trkpt lat="45.7540843" lon="10.7515167">
      <ele>118.19999694824219</ele>
      <time>2026-08-23T14:56:14.165+02:00</time>
      <extensions>
        <activity type="UNKNOWN" conf="40" state="unknown" tsMs="1787489758435"/>
        <radio op="vodafone IT" rat="LTE" q="13.80" rsrp="-102" sinr="1" rsrq="-14"/>
        <radio op="I TIM" rat="LTE" rsrp="-90" rsrq="-14"/>
      </extensions>
    </trkpt>
    <trkpt lat="45.7540841" lon="10.7515175">
      <ele>118.19999694824219</ele>
      <time>2026-08-23T14:56:24.209+02:00</time>
      <extensions>
        <activity type="UNKNOWN" conf="40" state="unknown" tsMs="1787489758435"/>
        <radio op="vodafone IT" rat="LTE" q="20.80" rsrp="-99" sinr="3" rsrq="-13"/>
        <radio op="I TIM" rat="LTE" q="20.00" rsrp="-81" sinr="0" rsrq="-13"/>
      </extensions>
    </trkpt>
    <trkpt lat="45.7540842" lon="10.751518">
      <ele>117.4000015258789</ele>
      <time>2026-08-23T14:56:34.256+02:00</time>
      <extensions>
        <activity type="UNKNOWN" conf="40" state="unknown" tsMs="1787489775838"/>
        <radio op="vodafone IT" rat="LTE" q="15.60" rsrp="-99" sinr="1" rsrq="-12"/>
        <radio op="I TIM" rat="LTE" rsrp="-82" rsrq="-13"/>
      </extensions>
    </trkpt>
    <trkpt lat="45.7540845" lon="10.751518">
      <ele>117.4000015258789</ele>
      <time>2026-08-23T14:56:44.191+02:00</time>
      <extensions>
        <activity type="UNKNOWN" conf="40" state="unknown" tsMs="1787489793136"/>
        <radio op="vodafone IT" rat="LTE" q="32.00" rsrp="-84" sinr="3" rsrq="-9"/>
        <radio op="I TIM" rat="LTE" rsrp="-82" rsrq="-13"/>
      </extensions>
    </trkpt>
    <trkpt lat="45.7540843" lon="10.7515176">
      <ele>117.4000015258789</ele>
      <time>2026-08-23T14:56:54.688+02:00</time>
      <extensions>
        <activity type="UNKNOWN" conf="40" state="unknown" tsMs="1787489793136"/>
        <radio op="vodafone IT" rat="LTE" q="36.00" rsrp="-85" sinr="4" rsrq="-10"/>
        <radio op="I TIM" rat="LTE" rsrp="-81" rsrq="-13"/>
      </extensions>
    </trkpt>
    <trkpt lat="45.7540845" lon="10.7515178">
      <ele>117.5</ele>
      <time>2026-08-23T14:57:04.18+02:00</time>
      <extensions>
        <activity type="STILL" conf="100" state="still" tsMs="1787489810283"/>
        <radio op="vodafone IT" rat="LTE" q="27.30" rsrp="-86" sinr="2" rsrq="-9"/>
        <radio op="I TIM" rat="LTE" rsrp="-81" rsrq="-13"/>
      </extensions>
    </trkpt>
    <trkpt lat="45.7540846" lon="10.7515173">
      <ele>117.4000015258789</ele>
      <time>2026-08-23T14:57:14.227+02:00</time>
      <extensions>
        <activity type="STILL" conf="99" state="still" tsMs="1787489827563"/>
        <radio op="vodafone IT" rat="LTE" q="48.00" rsrp="-85" sinr="7" rsrq="-9"/>
        <radio op="I TIM" rat="LTE" rsrp="-81" rsrq="-13"/>
      </extensions>
    </trkpt>
    <trkpt lat="45.7540844" lon="10.7515169">
      <ele>117.5</ele>
      <time>2026-08-23T14:57:24.275+02:00</time>
      <extensions>
        <activity type="STILL" conf="100" state="still" tsMs="1787489839027"/>
        <radio op="vodafone IT" rat="LTE" q="27.30" rsrp="-86" sinr="2" rsrq="-10"/>
        <radio op="I TIM" rat="LTE" rsrp="-82" rsrq="-13"/>
      </extensions>
    </trkpt>
    <trkpt lat="45.7540842" lon="10.7515166">
      <ele>117.4000015258789</ele>
      <time>2026-08-23T14:57:35.215+02:00</time>
      <extensions>
        <activity type="STILL" conf="96" state="still" tsMs="1787489853706"/>
        <radio op="vodafone IT" rat="LTE" q="32.00" rsrp="-85" sinr="3" rsrq="-10"/>
        <radio op="I TIM" rat="LTE" rsrp="-81" rsrq="-13"/>
      </extensions>
    </trkpt>
    <trkpt lat="45.7540843" lon="10.7515163">
      <ele>117.4000015258789</ele>
      <time>2026-08-23T14:57:45.266+02:00</time>
      <extensions>
        <activity type="STILL" conf="100" state="still" tsMs="1787489857366"/>
        <radio op="vodafone IT" rat="LTE" q="36.00" rsrp="-84" sinr="4" rsrq="-9"/>
        <radio op="I TIM" rat="LTE" q="32.00" rsrp="-81" sinr="3" rsrq="-13"/>
      </extensions>
    </trkpt>
    <trkpt lat="45.7540841" lon="10.7515162">
      <ele>117.4000015258789</ele>
      <time>2026-08-23T14:57:55.205+02:00</time>
      <extensions>
        <activity type="STILL" conf="100" state="still" tsMs="1787489871763"/>
        <radio op="vodafone IT" rat="LTE" q="36.00" rsrp="-85" sinr="4" rsrq="-10"/>
        <radio op="I TIM" rat="LTE" q="20.00" rsrp="-81" sinr="0" rsrq="-13"/>
      </extensions>
    </trkpt>
    <trkpt lat="45.7540836" lon="10.7515157">
      <ele>117.4000015258789</ele>
      <time>2026-08-23T14:58:05.699+02:00</time>
      <extensions>
        <activity type="STILL" conf="100" state="still" tsMs="1787489875479"/>
        <radio op="vodafone IT" rat="LTE" q="48.00" rsrp="-85" sinr="7" rsrq="-9"/>
        <radio op="I TIM" rat="LTE" q="20.00" rsrp="-81" sinr="0" rsrq="-13"/>
      </extensions>
    </trkpt>
    <trkpt lat="45.7540835" lon="10.7515156">
      <ele>117.4000015258789</ele>
      <time>2026-08-23T14:58:15.186+02:00</time>
      <extensions>
        <activity type="STILL" conf="100" state="still" tsMs="1787489875479"/>
        <radio op="vodafone IT" rat="LTE" q="31.20" rsrp="-86" sinr="3" rsrq="-9"/>
        <radio op="I TIM" rat="LTE" rsrp="-81" rsrq="-13"/>
      </extensions>
    </trkpt>
    <trkpt lat="45.7540819" lon="10.7515155">
      <ele>117.4000015258789</ele>
      <time>2026-08-23T14:58:25.235+02:00</time>
      <extensions>
        <activity type="UNKNOWN" conf="40" state="unknown" tsMs="1787489886957"/>
        <radio op="vodafone IT" rat="LTE" rsrp="-93" rsrq="-12"/>
        <radio op="I TIM" rat="LTE" rsrp="-85" rsrq="-13"/>
      </extensions>
    </trkpt>
    <trkpt lat="45.7540657" lon="10.751529">
      <ele>117.4000015258789</ele>
      <time>2026-08-23T14:58:35.507+02:00</time>
      <extensions>
        <activity type="UNKNOWN" conf="40" state="unknown" tsMs="1787489886957"/>
        <radio op="vodafone IT" rat="LTE" q="31.20" rsrp="-86" sinr="3" rsrq="-10"/>
        <radio op="I TIM" rat="LTE" rsrp="-82" rsrq="-13"/>
      </extensions>
    </trkpt>
    <trkpt lat="45.7540671" lon="10.7515279">
      <ele>117.4000015258789</ele>
      <time>2026-08-23T14:58:46.218+02:00</time>
      <extensions>
        <activity type="UNKNOWN" conf="40" state="unknown" tsMs="1787489905283"/>
        <radio op="vodafone IT" rat="LTE" q="19.50" rsrp="-86" sinr="0" rsrq="-8"/>
        <radio op="I TIM" rat="LTE" rsrp="-82" rsrq="-13"/>
      </extensions>
    </trkpt>
    <trkpt lat="45.75407" lon="10.7515269">
      <ele>117.9000015258789</ele>
      <time>2026-08-23T14:58:56.158+02:00</time>
      <extensions>
        <activity type="UNKNOWN" conf="40" state="unknown" tsMs="1787489922567"/>
        <radio op="vodafone IT" rat="LTE" q="31.20" rsrp="-86" sinr="3" rsrq="-10"/>
        <radio op="I TIM" rat="LTE" rsrp="-83" rsrq="-13"/>
      </extensions>
    </trkpt>
    <trkpt lat="45.7540582" lon="10.7515551">
      <ele>117.9000015258789</ele>
      <time>2026-08-23T14:59:16.239+02:00</time>
      <extensions>
        <activity type="UNKNOWN" conf="40" state="unknown" tsMs="1787489939557"/>
        <radio op="vodafone IT" rat="LTE" rsrp="-94" rsrq="-12"/>
        <radio op="I TIM" rat="LTE" rsrp="-83" rsrq="-13"/>
      </extensions>
    </trkpt>
    <trkpt lat="45.7539882" lon="10.7515221">
      <ele>117.9000015258789</ele>
      <time>2026-08-23T14:59:26.382+02:00</time>
      <extensions>
        <activity type="UNKNOWN" conf="40" state="unknown" tsMs="1787489939557"/>
        <radio op="vodafone IT" rat="LTE" rsrp="-89" rsrq="-11"/>
        <radio op="I TIM" rat="LTE" rsrp="-87" rsrq="-13"/>
      </extensions>
    </trkpt>
    <trkpt lat="45.7539208" lon="10.7514839">
      <ele>117.9000015258789</ele>
      <time>2026-08-23T14:59:36.227+02:00</time>
      <extensions>
        <activity type="UNKNOWN" conf="40" state="unknown" tsMs="1787489957990"/>
        <radio op="vodafone IT" rat="LTE" q="25.20" rsrp="-89" sinr="2" rsrq="-12"/>
        <radio op="I TIM" rat="LTE" rsrp="-86" rsrq="-13"/>
      </extensions>
    </trkpt>
    <trkpt lat="45.753887" lon="10.7514413">
      <ele>117.9000015258789</ele>
      <time>2026-08-23T14:59:46.945+02:00</time>
      <extensions>
        <activity type="UNKNOWN" conf="40" state="unknown" tsMs="1787489957990"/>
        <radio op="vodafone IT" rat="LTE" q="23.40" rsrp="-86" sinr="1" rsrq="-10"/>
        <radio op="I TIM" rat="LTE" rsrp="-84" rsrq="-13"/>
      </extensions>
    </trkpt>
    <trkpt lat="45.7538781" lon="10.7513831">
      <ele>117.9000015258789</ele>
      <time>2026-08-23T14:59:56.158+02:00</time>
      <extensions>
        <activity type="ON_BICYCLE" conf="94" state="moving" tsMs="1787489977348"/>
        <radio op="vodafone IT" rat="LTE" q="31.20" rsrp="-86" sinr="3" rsrq="-10"/>
        <radio op="I TIM" rat="LTE" rsrp="-90" rsrq="-15"/>
      </extensions>
    </trkpt>
    <trkpt lat="45.7539058" lon="10.7513918">
      <ele>118.19999694824219</ele>
      <time>2026-08-23T15:00:07.158+02:00</time>
      <extensions>
        <activity type="ON_BICYCLE" conf="94" state="moving" tsMs="1787489977348"/>
        <radio op="vodafone IT" rat="LTE" q="45.60" rsrp="-87" sinr="7" rsrq="-9"/>
        <radio op="I TIM" rat="LTE" rsrp="-93" rsrq="-16"/>
      </extensions>
    </trkpt>
    <trkpt lat="45.7539051" lon="10.7513976">
      <ele>118.19999694824219</ele>
      <time>2026-08-23T15:00:17.158+02:00</time>
      <extensions>
        <activity type="ON_BICYCLE" conf="88" state="moving" tsMs="1787489996130"/>
        <radio op="vodafone IT" rat="LTE" q="26.60" rsrp="-87" sinr="2" rsrq="-10"/>
        <radio op="I TIM" rat="LTE" rsrp="-90" rsrq="-15"/>
      </extensions>
    </trkpt>
    <trkpt lat="45.7538407" lon="10.7514405">
      <ele>117.4000015258789</ele>
      <time>2026-08-23T15:00:27.158+02:00</time>
      <extensions>
        <activity type="TILTING" conf="100" state="moving" tsMs="1787490018316"/>
        <radio op="vodafone IT" rat="LTE" q="33.30" rsrp="-88" sinr="4" rsrq="-11"/>
        <radio op="I TIM" rat="LTE" rsrp="-88" rsrq="-13"/>
      </extensions>
    </trkpt>
    <trkpt lat="45.7537401" lon="10.7515418">
      <ele>117.4000015258789</ele>
      <time>2026-08-23T15:00:37.157+02:00</time>
      <extensions>
        <activity type="UNKNOWN" conf="40" state="unknown" tsMs="1787490015253"/>
        <radio op="vodafone IT" rat="LTE" rsrp="-87" rsrq="-11"/>
        <radio op="I TIM" rat="LTE" rsrp="-85" rsrq="-13"/>
      </extensions>
    </trkpt>
    <trkpt lat="45.7536901" lon="10.7515655">
      <ele>117.4000015258789</ele>
      <time>2026-08-23T15:00:47.625+02:00</time>
      <extensions>
        <activity type="ON_FOOT" conf="89" state="moving" tsMs="1787490033772"/>
        <radio op="vodafone IT" rat="LTE" rsrp="-87" rsrq="-11"/>
        <radio op="I TIM" rat="LTE" rsrp="-85" rsrq="-13"/>
      </extensions>
    </trkpt>
    <trkpt lat="45.7536539" lon="10.7516834">
      <ele>118.0</ele>
      <time>2026-08-23T15:00:57.161+02:00</time>
      <extensions>
        <activity type="ON_FOOT" conf="89" state="moving" tsMs="1787490033772"/>
        <radio op="vodafone IT" rat="LTE" rsrp="-92" rsrq="-12"/>
        <radio op="I TIM" rat="LTE" rsrp="-88" rsrq="-13"/>
      </extensions>
    </trkpt>
    <trkpt lat="45.7536555" lon="10.7517085">
      <ele>117.9000015258789</ele>
      <time>2026-08-23T15:01:07.207+02:00</time>
      <extensions>
        <activity type="UNKNOWN" conf="40" state="unknown" tsMs="1787490051880"/>
        <radio op="vodafone IT" rat="LTE" rsrp="-95" rsrq="-14"/>
        <radio op="I TIM" rat="LTE" rsrp="-89" rsrq="-13"/>
      </extensions>
    </trkpt>
    <trkpt lat="45.7536399" lon="10.7518385">
      <ele>118.0</ele>
      <time>2026-08-23T15:01:17.157+02:00</time>
      <extensions>
        <activity type="UNKNOWN" conf="40" state="unknown" tsMs="1787490051880"/>
        <radio op="vodafone IT" rat="LTE" q="8.00" rsrp="-109" sinr="0" rsrq="-15"/>
        <radio op="I TIM" rat="LTE" rsrp="-114" rsrq="-19"/>
      </extensions>
    </trkpt>
    <trkpt lat="45.7535933" lon="10.7519403">
      <ele>118.19999694824219</ele>
      <time>2026-08-23T15:01:28.198+02:00</time>
      <extensions>
        <activity type="UNKNOWN" conf="40" state="unknown" tsMs="1787490086508"/>
        <radio op="vodafone IT" rat="LTE" rsrp="-111" rsrq="-13"/>
        <radio op="I TIM" rat="LTE" rsrp="-118" rsrq="-21"/>
      </extensions>
    </trkpt>
    <trkpt lat="45.7536151" lon="10.7520198">
      <ele>118.19999694824219</ele>
      <time>2026-08-23T15:01:38.157+02:00</time>
      <extensions>
        <activity type="IN_VEHICLE" conf="91" state="moving" tsMs="1787490091751"/>
        <radio op="vodafone IT" rat="LTE" rsrp="-116" rsrq="-18"/>
        <radio op="I TIM" rat="LTE" rsrp="-117" rsrq="-22"/>
      </extensions>
    </trkpt>
    <trkpt lat="45.7536092" lon="10.7521637">
      <ele>117.9000015258789</ele>
      <time>2026-08-23T15:01:48.158+02:00</time>
      <extensions>
        <activity type="IN_VEHICLE" conf="91" state="moving" tsMs="1787490091751"/>
        <radio op="vodafone IT" rat="LTE" rsrp="-106" rsrq="-13"/>
        <radio op="I TIM" rat="LTE" rsrp="-102" rsrq="-15"/>
      </extensions>
    </trkpt>
    <trkpt lat="45.7535337" lon="10.7524496">
      <ele>117.9000015258789</ele>
      <time>2026-08-23T15:01:58.157+02:00</time>
      <extensions>
        <activity type="UNKNOWN" conf="40" state="unknown" tsMs="1787490114616"/>
        <radio op="vodafone IT" rat="LTE" rsrp="-100" rsrq="-15"/>
        <radio op="I TIM" rat="LTE" rsrp="-101" rsrq="-16"/>
      </extensions>
    </trkpt>
    <trkpt lat="45.7533672" lon="10.7529347">
      <ele>117.9000015258789</ele>
      <time>2026-08-23T15:02:08.157+02:00</time>
      <extensions>
        <activity type="UNKNOWN" conf="40" state="unknown" tsMs="1787490125069"/>
        <radio op="vodafone IT" rat="LTE" rsrp="-96" rsrq="-14"/>
        <radio op="I TIM" rat="LTE" rsrp="-103" rsrq="-20"/>
      </extensions>
    </trkpt>
    <trkpt lat="45.7531335" lon="10.7536856">
      <ele>117.9000015258789</ele>
      <time>2026-08-23T15:02:18.157+02:00</time>
      <extensions>
        <activity type="ON_BICYCLE" conf="97" state="moving" tsMs="1787490135645"/>
        <radio op="vodafone IT" rat="LTE" q="23.00" rsrp="-102" sinr="5" rsrq="-12"/>
        <radio op="I TIM" rat="LTE" rsrp="-107" rsrq="-21"/>
      </extensions>
    </trkpt>
    <trkpt lat="45.7527799" lon="10.7544663">
      <ele>117.9000015258789</ele>
      <time>2026-08-23T15:02:28.157+02:00</time>
      <extensions>
        <activity type="ON_BICYCLE" conf="97" state="moving" tsMs="1787490146365"/>
        <radio op="vodafone IT" rat="LTE" rsrp="-97" rsrq="-11"/>
        <radio op="I TIM" rat="LTE" rsrp="-105" rsrq="-20"/>
      </extensions>
    </trkpt>
    <trkpt lat="45.7523901" lon="10.7552432">
      <ele>117.9000015258789</ele>
      <time>2026-08-23T15:02:38.157+02:00</time>
      <extensions>
        <activity type="ON_BICYCLE" conf="97" state="moving" tsMs="1787490157183"/>
        <radio op="vodafone IT" rat="LTE" rsrp="-103" rsrq="-12"/>
        <radio op="I TIM" rat="LTE" rsrp="-104" rsrq="-17"/>
      </extensions>
    </trkpt>
    <trkpt lat="45.751957" lon="10.7560931">
      <ele>117.9000015258789</ele>
      <time>2026-08-23T15:02:49.157+02:00</time>
      <extensions>
        <activity type="ON_BICYCLE" conf="96" state="moving" tsMs="1787490167938"/>
        <radio op="vodafone IT" rat="LTE" rsrp="-99" rsrq="-11"/>
        <radio op="I TIM" rat="LTE" rsrp="-103" rsrq="-17"/>
      </extensions>
    </trkpt>
    <trkpt lat="45.7516193" lon="10.7568208">
      <ele>117.9000015258789</ele>
      <time>2026-08-23T15:02:59.157+02:00</time>
      <extensions>
        <activity type="ON_BICYCLE" conf="96" state="moving" tsMs="1787490178737"/>
        <radio op="vodafone IT" rat="LTE" q="18.00" rsrp="-95" sinr="1" rsrq="-10"/>
        <radio op="I TIM" rat="LTE" q="22.10" rsrp="-108" sinr="8" rsrq="-6"/>
      </extensions>
    </trkpt>
    <trkpt lat="45.7513133" lon="10.757492">
      <ele>117.9000015258789</ele>
      <time>2026-08-23T15:03:09.157+02:00</time>
      <extensions>
        <activity type="ON_BICYCLE" conf="91" state="moving" tsMs="1787490189475"/>
        <radio op="vodafone IT" rat="LTE" rsrp="-105" rsrq="-16"/>
        <radio op="I TIM" rat="LTE" q="5.00" rsrp="-115" sinr="0" rsrq="-8"/>
      </extensions>
    </trkpt>
    <trkpt lat="45.7509998" lon="10.7581466">
      <ele>117.9000015258789</ele>
      <time>2026-08-23T15:03:19.158+02:00</time>
      <extensions>
        <activity type="ON_BICYCLE" conf="74" state="moving" tsMs="1787490194852"/>
        <radio op="vodafone IT" rat="LTE" q="14.50" rsrp="-96" sinr="0" rsrq="-13"/>
        <radio op="I TIM" rat="LTE" rsrp="-122" rsrq="-12"/>
      </extensions>
    </trkpt>
    <trkpt lat="45.7507356" lon="10.7588765">
      <ele>117.9000015258789</ele>
      <time>2026-08-23T15:03:29.157+02:00</time>
      <extensions>
        <activity type="ON_BICYCLE" conf="94" state="moving" tsMs="1787490205627"/>
        <radio op="vodafone IT" rat="LTE" rsrp="-98" rsrq="-11"/>
        <radio op="I TIM" rat="LTE" rsrp="-103" rsrq="-17"/>
      </extensions>
    </trkpt>
    <trkpt lat="45.7504776" lon="10.7596238">
      <ele>117.9000015258789</ele>
      <time>2026-08-23T15:03:39.157+02:00</time>
      <extensions>
        <activity type="ON_BICYCLE" conf="82" state="moving" tsMs="1787490216421"/>
        <radio op="vodafone IT" rat="LTE" rsrp="-99" rsrq="-11"/>
        <radio op="I TIM" rat="LTE" rsrp="-100" rsrq="-17"/>
      </extensions>
    </trkpt>
    <trkpt lat="45.750164" lon="10.7604508">
      <ele>118.10806431905164</ele>
      <time>2026-08-23T15:03:50.157+02:00</time>
      <extensions>
        <activity type="ON_BICYCLE" conf="91" state="moving" tsMs="1787490227202"/>
        <radio op="vodafone IT" rat="LTE" rsrp="-100" rsrq="-13"/>
        <radio op="I TIM" rat="LTE" rsrp="-101" rsrq="-16"/>
      </extensions>
    </trkpt>
    <trkpt lat="45.7499021" lon="10.7611044">
      <ele>118.07427172449746</ele>
      <time>2026-08-23T15:04:00.158+02:00</time>
      <extensions>
        <activity type="ON_BICYCLE" conf="77" state="moving" tsMs="1787490237984"/>
        <radio op="vodafone IT" rat="LTE" rsrp="-95" rsrq="-13"/>
        <radio op="I TIM" rat="LTE" rsrp="-101" rsrq="-18"/>
      </extensions>
    </trkpt>
    <trkpt lat="45.7496384" lon="10.7617921">
      <ele>117.7210972230122</ele>
      <time>2026-08-23T15:04:10.157+02:00</time>
      <extensions>
        <activity type="ON_BICYCLE" conf="93" state="moving" tsMs="1787490248772"/>
        <radio op="vodafone IT" rat="LTE" rsrp="-97" rsrq="-12"/>
        <radio op="I TIM" rat="LTE" rsrp="-99" rsrq="-18"/>
      </extensions>
    </trkpt>
    <trkpt lat="45.749318" lon="10.7625599">
      <ele>118.11582261940015</ele>
      <time>2026-08-23T15:04:20.157+02:00</time>
      <extensions>
        <activity type="ON_BICYCLE" conf="86" state="moving" tsMs="1787490259575"/>
        <radio op="vodafone IT" rat="LTE" q="16.00" rsrp="-93" sinr="0" rsrq="-10"/>
        <radio op="I TIM" rat="LTE" rsrp="-101" rsrq="-19"/>
      </extensions>
    </trkpt>
    <trkpt lat="45.748998" lon="10.7631801">
      <ele>117.9053351548686</ele>
      <time>2026-08-23T15:04:30.157+02:00</time>
      <extensions>
        <activity type="ON_BICYCLE" conf="87" state="moving" tsMs="1787490270332"/>
        <radio op="vodafone IT" rat="LTE" q="18.00" rsrp="-95" sinr="1" rsrq="-12"/>
        <radio op="I TIM" rat="LTE" rsrp="-98" rsrq="-17"/>
      </extensions>
    </trkpt>
    <trkpt lat="45.7487249" lon="10.763819">
      <ele>117.7507032425899</ele>
      <time>2026-08-23T15:04:40.157+02:00</time>
      <extensions>
        <activity type="ON_BICYCLE" conf="79" state="moving" tsMs="1787490281099"/>
        <radio op="vodafone IT" rat="LTE" q="15.00" rsrp="-100" sinr="1" rsrq="-12"/>
        <radio op="I TIM" rat="LTE" rsrp="-98" rsrq="-17"/>
      </extensions>
    </trkpt>
    <trkpt lat="45.7484433" lon="10.7645569">
      <ele>117.46404430062137</ele>
      <time>2026-08-23T15:04:50.157+02:00</time>
      <extensions>
        <activity type="ON_BICYCLE" conf="96" state="moving" tsMs="1787490286507"/>
        <radio op="vodafone IT" rat="LTE" q="17.40" rsrp="-96" sinr="1" rsrq="-11"/>
        <radio op="I TIM" rat="LTE" q="22.40" rsrp="-93" sinr="2" rsrq="-13"/>
      </extensions>
    </trkpt>
    <trkpt lat="45.7482861" lon="10.7652055">
      <ele>117.01621709828348</ele>
      <time>2026-08-23T15:05:01.158+02:00</time>
      <extensions>
        <activity type="ON_BICYCLE" conf="75" state="moving" tsMs="1787490297280"/>
        <radio op="vodafone IT" rat="LTE" q="16.20" rsrp="-98" sinr="1" rsrq="-11"/>
        <radio op="I TIM" rat="LTE" q="14.00" rsrp="-97" sinr="0" rsrq="-14"/>
      </extensions>
    </trkpt>
    <trkpt lat="45.7483584" lon="10.7652718">
      <ele>116.53638082490663</ele>
      <time>2026-08-23T15:05:11.157+02:00</time>
      <extensions>
        <activity type="ON_BICYCLE" conf="86" state="moving" tsMs="1787490307799"/>
        <radio op="vodafone IT" rat="LTE" q="15.50" rsrp="-94" sinr="0" rsrq="-12"/>
        <radio op="I TIM" rat="LTE" rsrp="-100" rsrq="-19"/>
      </extensions>
    </trkpt>
    <trkpt lat="45.7485643" lon="10.7647739">
      <ele>116.03943436725937</ele>
      <time>2026-08-23T15:05:21.157+02:00</time>
      <extensions>
        <activity type="ON_BICYCLE" conf="79" state="moving" tsMs="1787490313057"/>
        <radio op="vodafone IT" rat="LTE" rsrp="-104" rsrq="-13"/>
        <radio op="I TIM" rat="LTE" q="29.00" rsrp="-96" sinr="5" rsrq="-13"/>
      </extensions>
    </trkpt>
    <trkpt lat="45.7488774" lon="10.7641506">
      <ele>117.48673198176003</ele>
      <time>2026-08-23T15:05:31.157+02:00</time>
      <extensions>
        <activity type="UNKNOWN" conf="40" state="unknown" tsMs="1787490327399"/>
        <radio op="vodafone IT" rat="LTE" q="10.50" rsrp="-104" sinr="0" rsrq="-12"/>
        <radio op="I TIM" rat="LTE" q="27.00" rsrp="-95" sinr="4" rsrq="-13"/>
      </extensions>
    </trkpt>
    <trkpt lat="45.7491351" lon="10.7633666">
      <ele>117.65292452067393</ele>
      <time>2026-08-23T15:05:41.158+02:00</time>
      <extensions>
        <activity type="UNKNOWN" conf="40" state="unknown" tsMs="1787490338122"/>
        <radio op="vodafone IT" rat="LTE" rsrp="-104" rsrq="-13"/>
        <radio op="I TIM" rat="LTE" q="27.90" rsrp="-94" sinr="4" rsrq="-13"/>
      </extensions>
    </trkpt>
    <trkpt lat="45.7493872" lon="10.7625781">
      <ele>117.33940082980918</ele>
      <time>2026-08-23T15:05:51.157+02:00</time>
      <extensions>
        <activity type="UNKNOWN" conf="40" state="unknown" tsMs="1787490348884"/>
        <radio op="vodafone IT" rat="LTE" rsrp="-102" rsrq="-12"/>
        <radio op="I TIM" rat="LTE" q="36.00" rsrp="-95" sinr="7" rsrq="-13"/>
      </extensions>
    </trkpt>
    <trkpt lat="45.7496666" lon="10.7618738">
      <ele>117.12958840048</ele>
      <time>2026-08-23T15:06:01.158+02:00</time>
      <extensions>
        <activity type="UNKNOWN" conf="40" state="unknown" tsMs="1787490359637"/>
        <radio op="vodafone IT" rat="LTE" rsrp="-106" rsrq="-13"/>
        <radio op="I TIM" rat="LTE" q="34.80" rsrp="-96" sinr="7" rsrq="-13"/>
      </extensions>
    </trkpt>
    <trkpt lat="45.7499955" lon="10.761029">
      <ele>117.45609059321583</ele>
      <time>2026-08-23T15:06:12.157+02:00</time>
      <extensions>
        <activity type="ON_BICYCLE" conf="85" state="moving" tsMs="1787490370400"/>
        <radio op="vodafone IT" rat="LTE" rsrp="-103" rsrq="-15"/>
        <radio op="I TIM" rat="LTE" q="10.00" rsrp="-105" sinr="0" rsrq="-14"/>
      </extensions>
    </trkpt>
    <trkpt lat="45.7502419" lon="10.7602099">
      <ele>118.07257497472986</ele>
      <time>2026-08-23T15:06:22.157+02:00</time>
      <extensions>
        <activity type="UNKNOWN" conf="40" state="unknown" tsMs="1787490381195"/>
        <radio op="vodafone IT" rat="LTE" rsrp="-112" rsrq="-13"/>
        <radio op="I TIM" rat="LTE" rsrp="-111" rsrq="-15"/>
      </extensions>
    </trkpt>
    <trkpt lat="45.750488" lon="10.7593669">
      <ele>118.29920215729773</ele>
      <time>2026-08-23T15:06:32.157+02:00</time>
      <extensions>
        <activity type="UNKNOWN" conf="40" state="unknown" tsMs="1787490391964"/>
        <radio op="vodafone IT" rat="LTE" q="7.00" rsrp="-111" sinr="0" rsrq="-14"/>
        <radio op="I TIM" rat="LTE" rsrp="-109" rsrq="-17"/>
      </extensions>
    </trkpt>
    <trkpt lat="45.7507534" lon="10.7585734">
      <ele>118.17541257906316</ele>
      <time>2026-08-23T15:06:42.157+02:00</time>
      <extensions>
        <activity type="UNKNOWN" conf="40" state="unknown" tsMs="1787490402777"/>
        <radio op="vodafone IT" rat="LTE" rsrp="-109" rsrq="-15"/>
        <radio op="I TIM" rat="LTE" rsrp="-110" rsrq="-17"/>
      </extensions>
    </trkpt>
    <trkpt lat="45.7509543" lon="10.7581432">
      <ele>117.34599017714562</ele>
      <time>2026-08-23T15:06:52.157+02:00</time>
      <extensions>
        <activity type="UNKNOWN" conf="40" state="unknown" tsMs="1787490408162"/>
        <radio op="vodafone IT" rat="LTE" q="8.00" rsrp="-109" sinr="0" rsrq="-14"/>
        <radio op="I TIM" rat="LTE" rsrp="-109" rsrq="-17"/>
      </extensions>
    </trkpt>
    <trkpt lat="45.7510882" lon="10.7578296">
      <ele>116.58119196811555</ele>
      <time>2026-08-23T15:07:02.157+02:00</time>
      <extensions>
        <activity type="UNKNOWN" conf="40" state="unknown" tsMs="1787490418809"/>
        <radio op="vodafone IT" rat="LTE" rsrp="-105" rsrq="-13"/>
        <radio op="I TIM" rat="LTE" rsrp="-114" rsrq="-16"/>
      </extensions>
    </trkpt>
    <trkpt lat="45.7513199" lon="10.7572009">
      <ele>117.74502932179783</ele>
      <time>2026-08-23T15:07:13.157+02:00</time>
      <extensions>
        <activity type="UNKNOWN" conf="40" state="unknown" tsMs="1787490429318"/>
        <radio op="vodafone IT" rat="LTE" rsrp="-111" rsrq="-15"/>
        <radio op="I TIM" rat="LTE" rsrp="-111" rsrq="-19"/>
      </extensions>
    </trkpt>
    <trkpt lat="45.7513904" lon="10.757111">
      <ele>117.16129332788493</ele>
      <time>2026-08-23T15:07:23.157+02:00</time>
      <extensions>
        <activity type="UNKNOWN" conf="40" state="unknown" tsMs="1787490434569"/>
        <radio op="vodafone IT" rat="LTE" rsrp="-126" rsrq="-18"/>
        <radio op="I TIM" rat="LTE" q="0.00" rsrp="-125" sinr="0" rsrq="-11"/>
      </extensions>
    </trkpt>
    <trkpt lat="45.7516218" lon="10.7567562">
      <ele>118.6799203927715</ele>
      <time>2026-08-23T15:07:33.158+02:00</time>
      <extensions>
        <activity type="UNKNOWN" conf="40" state="unknown" tsMs="1787490439845"/>
        <radio op="vodafone IT" rat="LTE" q="8.00" rsrp="-109" sinr="0" rsrq="-14"/>
        <radio op="I TIM" rat="LTE" rsrp="-109" rsrq="-17"/>
      </extensions>
    </trkpt>
    <trkpt lat="45.7518608" lon="10.7561639">
      <ele>118.76925974833648</ele>
      <time>2026-08-23T15:07:43.157+02:00</time>
      <extensions>
        <activity type="UNKNOWN" conf="40" state="unknown" tsMs="1787490458924"/>
        <radio op="vodafone IT" rat="LTE" q="10.20" rsrp="-108" sinr="1" rsrq="-13"/>
        <radio op="I TIM" rat="LTE" rsrp="-110" rsrq="-17"/>
      </extensions>
    </trkpt>
    <trkpt lat="45.7519726" lon="10.7559428">
      <ele>117.0231377150289</ele>
      <time>2026-08-23T15:07:53.157+02:00</time>
      <extensions>
        <activity type="UNKNOWN" conf="40" state="unknown" tsMs="1787490469555"/>
        <radio op="vodafone IT" rat="LTE" rsrp="-119" rsrq="-17"/>
        <radio op="I TIM" rat="LTE" rsrp="-114" rsrq="-17"/>
      </extensions>
    </trkpt>
    <trkpt lat="45.7518758" lon="10.7564979">
      <ele>118.37035631697344</ele>
      <time>2026-08-23T15:08:03.157+02:00</time>
      <extensions>
        <activity type="UNKNOWN" conf="40" state="unknown" tsMs="1787490469555"/>
        <radio op="vodafone IT" rat="LTE" rsrp="-103" rsrq="-14"/>
        <radio op="I TIM" rat="LTE" rsrp="-106" rsrq="-18"/>
      </extensions>
    </trkpt>
    <trkpt lat="45.7514759" lon="10.7571748">
      <ele>119.51415630646035</ele>
      <time>2026-08-23T15:08:13.157+02:00</time>
      <extensions>
        <activity type="UNKNOWN" conf="40" state="unknown" tsMs="1787490474816"/>
        <radio op="vodafone IT" rat="LTE" rsrp="-105" rsrq="-13"/>
        <radio op="I TIM" rat="LTE" rsrp="-105" rsrq="-17"/>
      </extensions>
    </trkpt>
    <trkpt lat="45.7510568" lon="10.7578954">
      <ele>119.07989012921756</ele>
      <time>2026-08-23T15:08:23.157+02:00</time>
      <extensions>
        <activity type="UNKNOWN" conf="40" state="unknown" tsMs="1787490499718"/>
        <radio op="vodafone IT" rat="LTE" rsrp="-106" rsrq="-15"/>
        <radio op="I TIM" rat="LTE" rsrp="-108" rsrq="-18"/>
      </extensions>
    </trkpt>
    <trkpt lat="45.7506111" lon="10.7586656">
      <ele>118.79313051303909</ele>
      <time>2026-08-23T15:08:34.157+02:00</time>
      <extensions>
        <activity type="ON_BICYCLE" conf="90" state="moving" tsMs="1787490510529"/>
        <radio op="vodafone IT" rat="LTE" rsrp="-106" rsrq="-14"/>
        <radio op="I TIM" rat="LTE" rsrp="-104" rsrq="-16"/>
      </extensions>
    </trkpt>
    <trkpt lat="45.7501953" lon="10.7593032">
      <ele>118.68509009532968</ele>
      <time>2026-08-23T15:08:44.157+02:00</time>
      <extensions>
        <activity type="ON_BICYCLE" conf="92" state="moving" tsMs="1787490521283"/>
        <radio op="vodafone IT" rat="LTE" rsrp="-105" rsrq="-15"/>
        <radio op="I TIM" rat="LTE" rsrp="-105" rsrq="-17"/>
      </extensions>
    </trkpt>
    <trkpt lat="45.7497336" lon="10.7600286">
      <ele>118.91779422007681</ele>
      <time>2026-08-23T15:08:54.157+02:00</time>
      <extensions>
        <activity type="UNKNOWN" conf="40" state="unknown" tsMs="1787490532057"/>
        <radio op="vodafone IT" rat="LTE" rsrp="-106" rsrq="-15"/>
        <radio op="I TIM" rat="LTE" rsrp="-104" rsrq="-12"/>
      </extensions>
    </trkpt>
    <trkpt lat="45.7492819" lon="10.7607999">
      <ele>119.11886899869178</ele>
      <time>2026-08-23T15:09:04.157+02:00</time>
      <extensions>
        <activity type="ON_BICYCLE" conf="89" state="moving" tsMs="1787490542791"/>
        <radio op="vodafone IT" rat="LTE" q="13.20" rsrp="-103" sinr="1" rsrq="-11"/>
        <radio op="I TIM" rat="LTE" rsrp="-103" rsrq="-17"/>
      </extensions>
    </trkpt>
    <trkpt lat="45.7488612" lon="10.7614983">
      <ele>118.91831648458133</ele>
      <time>2026-08-23T15:09:14.157+02:00</time>
      <extensions>
        <activity type="ON_BICYCLE" conf="92" state="moving" tsMs="1787490553564"/>
        <radio op="vodafone IT" rat="LTE" rsrp="-100" rsrq="-13"/>
        <radio op="I TIM" rat="LTE" rsrp="-107" rsrq="-17"/>
      </extensions>
    </trkpt>
    <trkpt lat="45.7491414" lon="10.7611154">
      <ele>117.61933430845785</ele>
      <time>2026-08-23T15:09:24.157+02:00</time>
      <extensions>
        <activity type="UNKNOWN" conf="40" state="unknown" tsMs="1787490564167"/>
        <radio op="vodafone IT" rat="LTE" rsrp="-108" rsrq="-13"/>
        <radio op="I TIM" rat="LTE" q="34.80" rsrp="-96" sinr="7" rsrq="-14"/>
      </extensions>
    </trkpt>
    <trkpt lat="45.7494217" lon="10.7602286">
      <ele>117.98912565992832</ele>
      <time>2026-08-23T15:09:35.157+02:00</time>
      <extensions>
        <activity type="UNKNOWN" conf="40" state="unknown" tsMs="1787490574820"/>
        <radio op="vodafone IT" rat="LTE" rsrp="-111" rsrq="-14"/>
        <radio op="I TIM" rat="LTE" q="15.40" rsrp="-103" sinr="2" rsrq="-14"/>
      </extensions>
    </trkpt>
    <trkpt lat="45.7495908" lon="10.759404">
      <ele>118.00505506227725</ele>
      <time>2026-08-23T15:09:45.157+02:00</time>
      <extensions>
        <activity type="ON_BICYCLE" conf="88" state="moving" tsMs="1787490585457"/>
        <radio op="vodafone IT" rat="LTE" rsrp="-112" rsrq="-16"/>
        <radio op="I TIM" rat="LTE" rsrp="-111" rsrq="-16"/>
      </extensions>
    </trkpt>
    <trkpt lat="45.7497925" lon="10.7586342">
      <ele>118.3127083488393</ele>
      <time>2026-08-23T15:09:55.157+02:00</time>
      <extensions>
        <activity type="UNKNOWN" conf="40" state="unknown" tsMs="1787490590791"/>
        <radio op="vodafone IT" rat="LTE" rsrp="-112" rsrq="-15"/>
        <radio op="I TIM" rat="LTE" rsrp="-110" rsrq="-16"/>
      </extensions>
    </trkpt>
    <trkpt lat="45.7500482" lon="10.7577929">
      <ele>118.48200353871364</ele>
      <time>2026-08-23T15:10:05.157+02:00</time>
      <extensions>
        <activity type="UNKNOWN" conf="40" state="unknown" tsMs="1787490601584"/>
        <radio op="vodafone IT" rat="LTE" rsrp="-111" rsrq="-15"/>
        <radio op="I TIM" rat="LTE" rsrp="-115" rsrq="-17"/>
      </extensions>
    </trkpt>
    <trkpt lat="45.750239" lon="10.757064">
      <ele>118.00782339776552</ele>
      <time>2026-08-23T15:10:15.157+02:00</time>
      <extensions>
        <activity type="UNKNOWN" conf="40" state="unknown" tsMs="1787490612365"/>
        <radio op="vodafone IT" rat="LTE" rsrp="-112" rsrq="-16"/>
        <radio op="I TIM" rat="LTE" rsrp="-113" rsrq="-18"/>
      </extensions>
    </trkpt>
    <trkpt lat="45.750431" lon="10.7563025">
      <ele>118.17852956476126</ele>
      <time>2026-08-23T15:10:25.157+02:00</time>
      <extensions>
        <activity type="ON_BICYCLE" conf="90" state="moving" tsMs="1787490623219"/>
        <radio op="vodafone IT" rat="LTE" rsrp="-119" rsrq="-17"/>
        <radio op="I TIM" rat="LTE" rsrp="-114" rsrq="-18"/>
      </extensions>
    </trkpt>
    <trkpt lat="45.7506101" lon="10.7554841">
      <ele>118.21970073495906</ele>
      <time>2026-08-23T15:10:35.157+02:00</time>
      <extensions>
        <activity type="ON_BICYCLE" conf="97" state="moving" tsMs="1787490633961"/>
        <radio op="vodafone IT" rat="LTE" rsrp="-106" rsrq="-13"/>
        <radio op="I TIM" rat="LTE" rsrp="-112" rsrq="-19"/>
      </extensions>
    </trkpt>
    <trkpt lat="45.7508448" lon="10.7546782">
      <ele>118.9545295961742</ele>
      <time>2026-08-23T15:10:45.157+02:00</time>
      <extensions>
        <activity type="ON_BICYCLE" conf="97" state="moving" tsMs="1787490644728"/>
        <radio op="vodafone IT" rat="LTE" rsrp="-110" rsrq="-15"/>
        <radio op="I TIM" rat="LTE" rsrp="-112" rsrq="-17"/>
      </extensions>
    </trkpt>
    <trkpt lat="45.7509896" lon="10.7538125">
      <ele>118.15671463796464</ele>
      <time>2026-08-23T15:10:56.158+02:00</time>
      <extensions>
        <activity type="ON_BICYCLE" conf="84" state="moving" tsMs="1787490655486"/>
        <radio op="vodafone IT" rat="LTE" rsrp="-110" rsrq="-14"/>
        <radio op="I TIM" rat="LTE" rsrp="-111" rsrq="-17"/>
      </extensions>
    </trkpt>
    <trkpt lat="45.7511539" lon="10.7531837">
      <ele>117.85613281981131</ele>
      <time>2026-08-23T15:11:06.157+02:00</time>
      <extensions>
        <activity type="ON_BICYCLE" conf="94" state="moving" tsMs="1787490666267"/>
        <radio op="vodafone IT" rat="LTE" rsrp="-111" rsrq="-16"/>
        <radio op="I TIM" rat="LTE" rsrp="-109" rsrq="-17"/>
      </extensions>
    </trkpt>
    <trkpt lat="45.7513941" lon="10.752575">
      <ele>118.2254186011503</ele>
      <time>2026-08-23T15:11:16.157+02:00</time>
      <extensions>
        <activity type="UNKNOWN" conf="40" state="unknown" tsMs="1787490671678"/>
        <radio op="vodafone IT" rat="LTE" rsrp="-108" rsrq="-14"/>
        <radio op="I TIM" rat="LTE" rsrp="-109" rsrq="-17"/>
      </extensions>
    </trkpt>
    <trkpt lat="45.7515317" lon="10.7521855">
      <ele>117.93455699667477</ele>
      <time>2026-08-23T15:11:26.157+02:00</time>
      <extensions>
        <activity type="UNKNOWN" conf="40" state="unknown" tsMs="1787490682853"/>
        <radio op="vodafone IT" rat="LTE" rsrp="-113" rsrq="-15"/>
        <radio op="I TIM" rat="LTE" rsrp="-115" rsrq="-18"/>
      </extensions>
    </trkpt>
    <trkpt lat="45.7514086" lon="10.7526977">
      <ele>118.44357126039854</ele>
      <time>2026-08-23T15:11:36.157+02:00</time>
      <extensions>
        <activity type="UNKNOWN" conf="40" state="unknown" tsMs="1787490692719"/>
        <radio op="vodafone IT" rat="LTE" rsrp="-104" rsrq="-14"/>
        <radio op="I TIM" rat="LTE" rsrp="-109" rsrq="-17"/>
      </extensions>
    </trkpt>
    <trkpt lat="45.7509834" lon="10.753303">
      <ele>119.59052197980445</ele>
      <time>2026-08-23T15:11:46.157+02:00</time>
      <extensions>
        <activity type="UNKNOWN" conf="40" state="unknown" tsMs="1787490703300"/>
        <radio op="vodafone IT" rat="LTE" rsrp="-106" rsrq="-16"/>
        <radio op="I TIM" rat="LTE" rsrp="-105" rsrq="-17"/>
      </extensions>
    </trkpt>
    <trkpt lat="45.7505817" lon="10.7538164">
      <ele>119.53527919840538</ele>
      <time>2026-08-23T15:11:56.157+02:00</time>
      <extensions>
        <activity type="ON_BICYCLE" conf="84" state="moving" tsMs="1787490714072"/>
        <radio op="vodafone IT" rat="LTE" rsrp="-106" rsrq="-15"/>
        <radio op="I TIM" rat="LTE" rsrp="-105" rsrq="-16"/>
      </extensions>
    </trkpt>
    <trkpt lat="45.750677" lon="10.7536426">
      <ele>116.52599505439562</ele>
      <time>2026-08-23T15:12:07.157+02:00</time>
      <extensions>
        <activity type="UNKNOWN" conf="40" state="unknown" tsMs="1787490724741"/>
        <radio op="vodafone IT" rat="LTE" q="12.00" rsrp="-110" sinr="3" rsrq="-13"/>
        <radio op="I TIM" rat="LTE" rsrp="-111" rsrq="-14"/>
      </extensions>
    </trkpt>
    <trkpt lat="45.7508501" lon="10.7529732">
      <ele>117.76419976796578</ele>
      <time>2026-08-23T15:12:17.158+02:00</time>
      <extensions>
        <activity type="UNKNOWN" conf="40" state="unknown" tsMs="1787490735120"/>
        <radio op="vodafone IT" rat="LTE" q="13.60" rsrp="-108" sinr="3" rsrq="-12"/>
        <radio op="I TIM" rat="LTE" rsrp="-113" rsrq="-15"/>
      </extensions>
    </trkpt>
    <trkpt lat="45.7510544" lon="10.7521328">
      <ele>116.93013281580741</ele>
      <time>2026-08-23T15:12:27.158+02:00</time>
      <extensions>
        <activity type="UNKNOWN" conf="40" state="unknown" tsMs="1787490745912"/>
        <radio op="vodafone IT" rat="LTE" q="13.50" rsrp="-110" sinr="4" rsrq="-13"/>
        <radio op="I TIM" rat="LTE" rsrp="-111" rsrq="-16"/>
      </extensions>
    </trkpt>
    <trkpt lat="45.7512335" lon="10.7517114">
      <ele>117.54711329748464</ele>
      <time>2026-08-23T15:12:37.157+02:00</time>
      <extensions>
        <activity type="UNKNOWN" conf="40" state="unknown" tsMs="1787490751334"/>
        <radio op="vodafone IT" rat="LTE" q="12.00" rsrp="-110" sinr="3" rsrq="-11"/>
        <radio op="I TIM" rat="LTE" rsrp="-109" rsrq="-17"/>
      </extensions>
    </trkpt>
    <trkpt lat="45.7514546" lon="10.7509323">
      <ele>117.16694953466984</ele>
      <time>2026-08-23T15:12:47.157+02:00</time>
      <extensions>
        <activity type="UNKNOWN" conf="40" state="unknown" tsMs="1787490751334"/>
        <radio op="vodafone IT" rat="LTE" q="12.00" rsrp="-110" sinr="3" rsrq="-12"/>
        <radio op="I TIM" rat="LTE" rsrp="-109" rsrq="-16"/>
      </extensions>
    </trkpt>
    <trkpt lat="45.7514916" lon="10.7509943">
      <ele>118.40616953995489</ele>
      <time>2026-08-23T15:12:57.157+02:00</time>
      <extensions>
        <activity type="UNKNOWN" conf="40" state="unknown" tsMs="1787490757796"/>
        <radio op="vodafone IT" rat="LTE" q="10.50" rsrp="-110" sinr="2" rsrq="-15"/>
        <radio op="I TIM" rat="LTE" rsrp="-109" rsrq="-16"/>
      </extensions>
    </trkpt>
    <trkpt lat="45.7507137" lon="10.752722">
      <ele>120.41602645929805</ele>
      <time>2026-08-23T15:13:18.157+02:00</time>
      <extensions>
        <activity type="UNKNOWN" conf="40" state="unknown" tsMs="1787490778016"/>
        <radio op="vodafone IT" rat="LTE" rsrp="-106" rsrq="-11"/>
        <radio op="I TIM" rat="LTE" rsrp="-105" rsrq="-16"/>
      </extensions>
    </trkpt>
    <trkpt lat="45.7502965" lon="10.7534104">
      <ele>120.45965453427318</ele>
      <time>2026-08-23T15:13:28.157+02:00</time>
      <extensions>
        <activity type="ON_BICYCLE" conf="96" state="moving" tsMs="1787490805764"/>
        <radio op="vodafone IT" rat="LTE" rsrp="-105" rsrq="-14"/>
        <radio op="I TIM" rat="LTE" rsrp="-104" rsrq="-15"/>
      </extensions>
    </trkpt>
    <trkpt lat="45.7499221" lon="10.7540273">
      <ele>119.36039448251191</ele>
      <time>2026-08-23T15:13:38.158+02:00</time>
      <extensions>
        <activity type="ON_BICYCLE" conf="96" state="moving" tsMs="1787490816534"/>
        <radio op="vodafone IT" rat="LTE" rsrp="-104" rsrq="-15"/>
        <radio op="I TIM" rat="LTE" rsrp="-101" rsrq="-15"/>
      </extensions>
    </trkpt>
    <trkpt lat="45.7495443" lon="10.7547509">
      <ele>119.68125203039462</ele>
      <time>2026-08-23T15:13:48.158+02:00</time>
      <extensions>
        <activity type="ON_BICYCLE" conf="87" state="moving" tsMs="1787490827313"/>
        <radio op="vodafone IT" rat="LTE" rsrp="-102" rsrq="-15"/>
        <radio op="I TIM" rat="LTE" rsrp="-103" rsrq="-15"/>
      </extensions>
    </trkpt>
    <trkpt lat="45.7491286" lon="10.755452">
      <ele>119.93387081800697</ele>
      <time>2026-08-23T15:13:58.157+02:00</time>
      <extensions>
        <activity type="ON_BICYCLE" conf="75" state="moving" tsMs="1787490838104"/>
        <radio op="vodafone IT" rat="LTE" rsrp="-103" rsrq="-16"/>
        <radio op="I TIM" rat="LTE" rsrp="-100" rsrq="-16"/>
      </extensions>
    </trkpt>
    <trkpt lat="45.7486419" lon="10.7561077">
      <ele>120.4975213308007</ele>
      <time>2026-08-23T15:14:08.157+02:00</time>
      <extensions>
        <activity type="ON_BICYCLE" conf="80" state="moving" tsMs="1787490848911"/>
        <radio op="vodafone IT" rat="LTE" rsrp="-103" rsrq="-14"/>
        <radio op="I TIM" rat="LTE" rsrp="-100" rsrq="-14"/>
      </extensions>
    </trkpt>
    <trkpt lat="45.748184" lon="10.7567485">
      <ele>120.01857135482223</ele>
      <time>2026-08-23T15:14:19.157+02:00</time>
      <extensions>
        <activity type="ON_BICYCLE" conf="74" state="moving" tsMs="1787490854292"/>
        <radio op="vodafone IT" rat="LTE" q="13.80" rsrp="-102" sinr="1" rsrq="-14"/>
        <radio op="I TIM" rat="LTE" q="12.50" rsrp="-100" sinr="0" rsrq="-14"/>
      </extensions>
    </trkpt>
    <trkpt lat="45.7484756" lon="10.7564006">
      <ele>118.01478624392396</ele>
      <time>2026-08-23T15:14:29.157+02:00</time>
      <extensions>
        <activity type="ON_BICYCLE" conf="84" state="moving" tsMs="1787490864934"/>
        <radio op="vodafone IT" rat="LTE" q="12.60" rsrp="-107" sinr="2" rsrq="-16"/>
        <radio op="I TIM" rat="LTE" rsrp="-108" rsrq="-17"/>
      </extensions>
    </trkpt>
    <trkpt lat="45.7487768" lon="10.7557395">
      <ele>118.7409222206864</ele>
      <time>2026-08-23T15:14:39.157+02:00</time>
      <extensions>
        <activity type="UNKNOWN" conf="40" state="unknown" tsMs="1787490875579"/>
        <radio op="vodafone IT" rat="LTE" rsrp="-111" rsrq="-14"/>
        <radio op="I TIM" rat="LTE" rsrp="-111" rsrq="-17"/>
      </extensions>
    </trkpt>
    <trkpt lat="45.7486467" lon="10.7560455">
      <ele>118.89701681007756</ele>
      <time>2026-08-23T15:14:49.157+02:00</time>
      <extensions>
        <activity type="UNKNOWN" conf="40" state="unknown" tsMs="1787490880943"/>
        <radio op="vodafone IT" rat="LTE" rsrp="-103" rsrq="-12"/>
        <radio op="I TIM" rat="LTE" rsrp="-102" rsrq="-15"/>
      </extensions>
    </trkpt>
    <trkpt lat="45.7482374" lon="10.7567546">
      <ele>119.76843015869122</ele>
      <time>2026-08-23T15:14:59.157+02:00</time>
      <extensions>
        <activity type="UNKNOWN" conf="40" state="unknown" tsMs="1787490880943"/>
        <radio op="vodafone IT" rat="LTE" rsrp="-104" rsrq="-15"/>
        <radio op="I TIM" rat="LTE" rsrp="-99" rsrq="-14"/>
      </extensions>
    </trkpt>
    <trkpt lat="45.7477456" lon="10.7575102">
      <ele>120.29312769280423</ele>
      <time>2026-08-23T15:15:09.157+02:00</time>
      <extensions>
        <activity type="ON_BICYCLE" conf="86" state="moving" tsMs="1787490909057"/>
        <radio op="vodafone IT" rat="LTE" q="19.00" rsrp="-106" sinr="5" rsrq="-13"/>
        <radio op="I TIM" rat="LTE" rsrp="-99" rsrq="-14"/>
      </extensions>
    </trkpt>
    <trkpt lat="45.7475034" lon="10.7580115">
      <ele>119.44257941639957</ele>
      <time>2026-08-23T15:15:19.157+02:00</time>
      <extensions>
        <activity type="ON_BICYCLE" conf="94" state="moving" tsMs="1787490919698"/>
        <radio op="vodafone IT" rat="LTE" rsrp="-102" rsrq="-13"/>
        <radio op="I TIM" rat="LTE" q="13.50" rsrp="-98" sinr="0" rsrq="-13"/>
      </extensions>
    </trkpt>
    <trkpt lat="45.7469924" lon="10.7585187">
      <ele>120.31183067168081</ele>
      <time>2026-08-23T15:15:30.157+02:00</time>
      <extensions>
        <activity type="ON_BICYCLE" conf="91" state="moving" tsMs="1787490925077"/>
        <radio op="vodafone IT" rat="LTE" q="12.50" rsrp="-100" sinr="0" rsrq="-13"/>
        <radio op="I TIM" rat="LTE" q="17.40" rsrp="-96" sinr="1" rsrq="-14"/>
      </extensions>
    </trkpt>
    <trkpt lat="45.7465205" lon="10.7590056">
      <ele>120.07681780019352</ele>
      <time>2026-08-23T15:15:40.157+02:00</time>
      <extensions>
        <activity type="UNKNOWN" conf="40" state="unknown" tsMs="1787490935874"/>
        <radio op="vodafone IT" rat="LTE" q="15.00" rsrp="-100" sinr="1" rsrq="-14"/>
        <radio op="I TIM" rat="LTE" rsrp="-95" rsrq="-14"/>
      </extensions>
    </trkpt>
    <trkpt lat="45.7460528" lon="10.7595608">
      <ele>120.27377356175876</ele>
      <time>2026-08-23T15:15:50.157+02:00</time>
      <extensions>
        <activity type="ON_BICYCLE" conf="96" state="moving" tsMs="1787490946693"/>
        <radio op="vodafone IT" rat="LTE" rsrp="-102" rsrq="-14"/>
        <radio op="I TIM" rat="LTE" q="14.50" rsrp="-96" sinr="0" rsrq="-14"/>
      </extensions>
    </trkpt>
    <trkpt lat="45.7459038" lon="10.7598421">
      <ele>119.25829291687978</ele>
      <time>2026-08-23T15:16:00.157+02:00</time>
      <extensions>
        <activity type="ON_BICYCLE" conf="98" state="moving" tsMs="1787490952048"/>
        <radio op="vodafone IT" rat="LTE" rsrp="-104" rsrq="-12"/>
        <radio op="I TIM" rat="LTE" q="30.60" rsrp="-91" sinr="4" rsrq="-13"/>
      </extensions>
    </trkpt>
    <trkpt lat="45.7462273" lon="10.7592226">
      <ele>117.72207971368064</ele>
      <time>2026-08-23T15:16:10.157+02:00</time>
      <extensions>
        <activity type="ON_BICYCLE" conf="81" state="moving" tsMs="1787490966942"/>
        <radio op="vodafone IT" rat="LTE" rsrp="-103" rsrq="-13"/>
        <radio op="I TIM" rat="LTE" q="30.00" rsrp="-95" sinr="5" rsrq="-13"/>
      </extensions>
    </trkpt>
    <trkpt lat="45.7465617" lon="10.7584797">
      <ele>118.26721249406981</ele>
      <time>2026-08-23T15:16:20.157+02:00</time>
      <extensions>
        <activity type="UNKNOWN" conf="40" state="unknown" tsMs="1787490977763"/>
        <radio op="vodafone IT" rat="LTE" rsrp="-105" rsrq="-12"/>
        <radio op="I TIM" rat="LTE" q="27.90" rsrp="-94" sinr="4" rsrq="-13"/>
      </extensions>
    </trkpt>
    <trkpt lat="45.7468407" lon="10.7580278">
      <ele>118.29660473344958</ele>
      <time>2026-08-23T15:16:30.157+02:00</time>
      <extensions>
        <activity type="UNKNOWN" conf="40" state="unknown" tsMs="1787490988512"/>
        <radio op="vodafone IT" rat="LTE" q="16.00" rsrp="-105" sinr="3" rsrq="-14"/>
        <radio op="I TIM" rat="LTE" q="23.40" rsrp="-99" sinr="4" rsrq="-13"/>
      </extensions>
    </trkpt>
    <trkpt lat="45.7472479" lon="10.7573936">
      <ele>119.03507052185665</ele>
      <time>2026-08-23T15:16:41.158+02:00</time>
      <extensions>
        <activity type="UNKNOWN" conf="40" state="unknown" tsMs="1787490998928"/>
        <radio op="vodafone IT" rat="LTE" rsrp="-100" rsrq="-14"/>
        <radio op="I TIM" rat="LTE" q="26.10" rsrp="-96" sinr="4" rsrq="-14"/>
      </extensions>
    </trkpt>
    <trkpt lat="45.7475951" lon="10.7566989">
      <ele>119.30686767569581</ele>
      <time>2026-08-23T15:16:51.157+02:00</time>
      <extensions>
        <activity type="ON_BICYCLE" conf="80" state="moving" tsMs="1787491009694"/>
        <radio op="vodafone IT" rat="LTE" rsrp="-114" rsrq="-19"/>
        <radio op="I TIM" rat="LTE" rsrp="-104" rsrq="-16"/>
      </extensions>
    </trkpt>
    <trkpt lat="45.747327" lon="10.7571136">
      <ele>119.16508387304862</ele>
      <time>2026-08-23T15:17:01.158+02:00</time>
      <extensions>
        <activity type="UNKNOWN" conf="40" state="unknown" tsMs="1787491018756"/>
        <radio op="vodafone IT" rat="LTE" rsrp="-102" rsrq="-15"/>
        <radio op="I TIM" rat="LTE" rsrp="-97" rsrq="-13"/>
      </extensions>
    </trkpt>
    <trkpt lat="45.7468696" lon="10.7575466">
      <ele>120.26523165785224</ele>
      <time>2026-08-23T15:17:11.157+02:00</time>
      <extensions>
        <activity type="ON_BICYCLE" conf="97" state="moving" tsMs="1787491029590"/>
        <radio op="vodafone IT" rat="LTE" rsrp="-98" rsrq="-16"/>
        <radio op="I TIM" rat="LTE" q="18.00" rsrp="-95" sinr="1" rsrq="-13"/>
      </extensions>
    </trkpt>
    <trkpt lat="45.746401" lon="10.7580548">
      <ele>120.44083520205625</ele>
      <time>2026-08-23T15:17:21.157+02:00</time>
      <extensions>
        <activity type="ON_BICYCLE" conf="98" state="moving" tsMs="1787491040338"/>
        <radio op="vodafone IT" rat="LTE" rsrp="-99" rsrq="-14"/>
        <radio op="I TIM" rat="LTE" rsrp="-95" rsrq="-13"/>
      </extensions>
    </trkpt>
    <trkpt lat="45.7460921" lon="10.7585145">
      <ele>119.65912577715082</ele>
      <time>2026-08-23T15:17:31.157+02:00</time>
      <extensions>
        <activity type="ON_BICYCLE" conf="97" state="moving" tsMs="1787491051083"/>
        <radio op="vodafone IT" rat="LTE" rsrp="-110" rsrq="-21"/>
        <radio op="I TIM" rat="LTE" q="47.60" rsrp="-91" sinr="9" rsrq="-13"/>
      </extensions>
    </trkpt>
    <trkpt lat="45.7461446" lon="10.7585666">
      <ele>116.8766698346887</ele>
      <time>2026-08-23T15:17:42.157+02:00</time>
      <extensions>
        <activity type="ON_BICYCLE" conf="91" state="moving" tsMs="1787491060486"/>
        <radio op="vodafone IT" rat="LTE" rsrp="-120" rsrq="-17"/>
        <radio op="I TIM" rat="LTE" q="5.40" rsrp="-116" sinr="1" rsrq="-14"/>
      </extensions>
    </trkpt>
    <trkpt lat="45.7462485" lon="10.7585671">
      <ele>118.00431090562722</ele>
      <time>2026-08-23T15:17:52.157+02:00</time>
      <extensions>
        <activity type="UNKNOWN" conf="40" state="unknown" tsMs="1787491065681"/>
        <radio op="vodafone IT" rat="LTE" rsrp="-111" rsrq="-11"/>
        <radio op="I TIM" rat="LTE" q="35.10" rsrp="-98" sinr="8" rsrq="-12"/>
      </extensions>
    </trkpt>
    <trkpt lat="45.7466039" lon="10.7579872">
      <ele>118.44452111767933</ele>
      <time>2026-08-23T15:18:02.157+02:00</time>
      <extensions>
        <activity type="UNKNOWN" conf="40" state="unknown" tsMs="1787491065681"/>
        <radio op="vodafone IT" rat="LTE" rsrp="-106" rsrq="-9"/>
        <radio op="I TIM" rat="LTE" q="42.00" rsrp="-95" sinr="9" rsrq="-12"/>
      </extensions>
    </trkpt>
    <trkpt lat="45.7469326" lon="10.7572606">
      <ele>119.05793710829171</ele>
      <time>2026-08-23T15:18:12.157+02:00</time>
      <extensions>
        <activity type="UNKNOWN" conf="40" state="unknown" tsMs="1787491091479"/>
        <radio op="vodafone IT" rat="LTE" q="11.00" rsrp="-103" sinr="0" rsrq="-12"/>
        <radio op="I TIM" rat="LTE" q="36.40" rsrp="-97" sinr="8" rsrq="-13"/>
      </extensions>
    </trkpt>
    <trkpt lat="45.7472273" lon="10.7565745">
      <ele>118.96419339037372</ele>
      <time>2026-08-23T15:18:22.157+02:00</time>
      <extensions>
        <activity type="ON_BICYCLE" conf="71" state="moving" tsMs="1787491102273"/>
        <radio op="vodafone IT" rat="LTE" rsrp="-104" rsrq="-13"/>
        <radio op="I TIM" rat="LTE" q="27.90" rsrp="-94" sinr="4" rsrq="-13"/>
      </extensions>
    </trkpt>
    <trkpt lat="45.7474602" lon="10.7558953">
      <ele>118.23311357319184</ele>
      <time>2026-08-23T15:18:32.157+02:00</time>
      <extensions>
        <activity type="UNKNOWN" conf="40" state="unknown" tsMs="1787491113008"/>
        <radio op="vodafone IT" rat="LTE" q="25.30" rsrp="-102" sinr="6" rsrq="-9"/>
        <radio op="I TIM" rat="LTE" rsrp="-110" rsrq="-16"/>
      </extensions>
    </trkpt>
    <trkpt lat="45.7477504" lon="10.7551713">
      <ele>118.71862495381265</ele>
      <time>2026-08-23T15:18:42.157+02:00</time>
      <extensions>
        <activity type="ON_BICYCLE" conf="76" state="moving" tsMs="1787491118391"/>
        <radio op="vodafone IT" rat="LTE" q="21.00" rsrp="-104" sinr="5" rsrq="-12"/>
        <radio op="I TIM" rat="LTE" rsrp="-108" rsrq="-16"/>
      </extensions>
    </trkpt>
    <trkpt lat="45.7480811" lon="10.7543304">
      <ele>118.93023513217597</ele>
      <time>2026-08-23T15:18:53.158+02:00</time>
      <extensions>
        <activity type="UNKNOWN" conf="40" state="unknown" tsMs="1787491129180"/>
        <radio op="vodafone IT" rat="LTE" q="8.50" rsrp="-108" sinr="0" rsrq="-13"/>
        <radio op="I TIM" rat="LTE" rsrp="-109" rsrq="-15"/>
      </extensions>
    </trkpt>
    <trkpt lat="45.7481984" lon="10.7545174">
      <ele>118.23061423556334</ele>
      <time>2026-08-23T15:19:03.158+02:00</time>
      <extensions>
        <activity type="UNKNOWN" conf="40" state="unknown" tsMs="1787491139840"/>
        <radio op="vodafone IT" rat="LTE" rsrp="-113" rsrq="-16"/>
        <radio op="I TIM" rat="LTE" rsrp="-104" rsrq="-15"/>
      </extensions>
    </trkpt>
    <trkpt lat="45.7477281" lon="10.7549996">
      <ele>119.91105513029147</ele>
      <time>2026-08-23T15:19:13.157+02:00</time>
      <extensions>
        <activity type="UNKNOWN" conf="40" state="unknown" tsMs="1787491150546"/>
        <radio op="vodafone IT" rat="LTE" q="14.40" rsrp="-101" sinr="1" rsrq="-12"/>
        <radio op="I TIM" rat="LTE" rsrp="-99" rsrq="-13"/>
      </extensions>
    </trkpt>
    <trkpt lat="45.7473236" lon="10.7554131">
      <ele>119.78013972720463</ele>
      <time>2026-08-23T15:19:23.157+02:00</time>
      <extensions>
        <activity type="ON_BICYCLE" conf="85" state="moving" tsMs="1787491161315"/>
        <radio op="vodafone IT" rat="LTE" q="9.50" rsrp="-106" sinr="0" rsrq="-13"/>
        <radio op="I TIM" rat="LTE" q="20.00" rsrp="-100" sinr="3" rsrq="-13"/>
      </extensions>
    </trkpt>
    <trkpt lat="45.7474611" lon="10.7554382">
      <ele>117.60256244437062</ele>
      <time>2026-08-23T15:19:33.158+02:00</time>
      <extensions>
        <activity type="ON_BICYCLE" conf="80" state="moving" tsMs="1787491166676"/>
        <radio op="vodafone IT" rat="LTE" q="9.00" rsrp="-110" sinr="1" rsrq="-11"/>
        <radio op="I TIM" rat="LTE" rsrp="-115" rsrq="-18"/>
      </extensions>
    </trkpt>
    <trkpt lat="45.7474353" lon="10.7555746">
      <ele>117.72639199682274</ele>
      <time>2026-08-23T15:19:43.157+02:00</time>
      <extensions>
        <activity type="ON_BICYCLE" conf="80" state="moving" tsMs="1787491166676"/>
        <radio op="vodafone IT" rat="LTE" rsrp="-110" rsrq="-16"/>
        <radio op="I TIM" rat="LTE" rsrp="-118" rsrq="-16"/>
      </extensions>
    </trkpt>
    <trkpt lat="45.7476517" lon="10.7553671">
      <ele>118.05808713422734</ele>
      <time>2026-08-23T15:19:53.157+02:00</time>
      <extensions>
        <activity type="UNKNOWN" conf="40" state="unknown" tsMs="1787491191007"/>
        <radio op="vodafone IT" rat="LTE" rsrp="-115" rsrq="-18"/>
        <radio op="I TIM" rat="LTE" rsrp="-107" rsrq="-16"/>
      </extensions>
    </trkpt>
    <trkpt lat="45.7478994" lon="10.7547679">
      <ele>119.14425930694377</ele>
      <time>2026-08-23T15:20:03.157+02:00</time>
      <extensions>
        <activity type="IN_VEHICLE" conf="91" state="moving" tsMs="1787491201446"/>
        <radio op="vodafone IT" rat="LTE" rsrp="-116" rsrq="-17"/>
        <radio op="I TIM" rat="LTE" rsrp="-109" rsrq="-16"/>
      </extensions>
    </trkpt>
    <trkpt lat="45.7482203" lon="10.7539157">
      <ele>118.73949635880288</ele>
      <time>2026-08-23T15:20:14.157+02:00</time>
      <extensions>
        <activity type="UNKNOWN" conf="40" state="unknown" tsMs="1787491212157"/>
        <radio op="vodafone IT" rat="LTE" rsrp="-116" rsrq="-17"/>
        <radio op="I TIM" rat="LTE" q="9.80" rsrp="-111" sinr="2" rsrq="-16"/>
      </extensions>
    </trkpt>
    <trkpt lat="45.7484218" lon="10.7532163">
      <ele>118.5666100465148</ele>
      <time>2026-08-23T15:20:24.156+02:00</time>
      <extensions>
        <activity type="UNKNOWN" conf="40" state="unknown" tsMs="1787491222908"/>
        <radio op="vodafone IT" rat="LTE" q="20.70" rsrp="-102" sinr="4" rsrq="-11"/>
        <radio op="I TIM" rat="LTE" rsrp="-110" rsrq="-16"/>
      </extensions>
    </trkpt>
    <trkpt lat="45.7486147" lon="10.752477">
      <ele>118.81628320469316</ele>
      <time>2026-08-23T15:20:34.157+02:00</time>
      <extensions>
        <activity type="UNKNOWN" conf="40" state="unknown" tsMs="1787491233729"/>
        <radio op="vodafone IT" rat="LTE" q="11.20" rsrp="-109" sinr="2" rsrq="-14"/>
        <radio op="I TIM" rat="LTE" rsrp="-110" rsrq="-15"/>
      </extensions>
    </trkpt>
    <trkpt lat="45.7488619" lon="10.7516626">
      <ele>118.34633193385406</ele>
      <time>2026-08-23T15:20:44.157+02:00</time>
      <extensions>
        <activity type="IN_VEHICLE" conf="82" state="moving" tsMs="1787491244498"/>
        <radio op="vodafone IT" rat="LTE" q="12.60" rsrp="-111" sinr="4" rsrq="-14"/>
        <radio op="I TIM" rat="LTE" rsrp="-111" rsrq="-16"/>
      </extensions>
    </trkpt>
    <trkpt lat="45.7490511" lon="10.7508718">
      <ele>118.28401198824261</ele>
      <time>2026-08-23T15:20:54.158+02:00</time>
      <extensions>
        <activity type="UNKNOWN" conf="40" state="unknown" tsMs="1787491249894"/>
        <radio op="vodafone IT" rat="LTE" q="8.40" rsrp="-111" sinr="1" rsrq="-14"/>
        <radio op="I TIM" rat="LTE" rsrp="-110" rsrq="-16"/>
      </extensions>
    </trkpt>
    <trkpt lat="45.7492455" lon="10.7500061">
      <ele>117.85600571643295</ele>
      <time>2026-08-23T15:21:04.157+02:00</time>
      <extensions>
        <activity type="UNKNOWN" conf="40" state="unknown" tsMs="1787491260672"/>
        <radio op="vodafone IT" rat="LTE" q="9.60" rsrp="-109" sinr="1" rsrq="-12"/>
        <radio op="I TIM" rat="LTE" rsrp="-109" rsrq="-16"/>
      </extensions>
    </trkpt>
    <trkpt lat="45.7492043" lon="10.7503498">
      <ele>118.80765083543234</ele>
      <time>2026-08-23T15:21:15.157+02:00</time>
      <extensions>
        <activity type="UNKNOWN" conf="40" state="unknown" tsMs="1787491266069"/>
        <radio op="vodafone IT" rat="LTE" q="13.20" rsrp="-103" sinr="1" rsrq="-12"/>
        <radio op="I TIM" rat="LTE" rsrp="-105" rsrq="-16"/>
      </extensions>
    </trkpt>
    <trkpt lat="45.7489568" lon="10.7510345">
      <ele>119.58063879094072</ele>
      <time>2026-08-23T15:21:25.157+02:00</time>
      <extensions>
        <activity type="UNKNOWN" conf="40" state="unknown" tsMs="1787491281363"/>
        <radio op="vodafone IT" rat="LTE" q="9.00" rsrp="-107" sinr="0" rsrq="-13"/>
        <radio op="I TIM" rat="LTE" rsrp="-104" rsrq="-15"/>
      </extensions>
    </trkpt>
    <trkpt lat="45.7486994" lon="10.7515793">
      <ele>119.87230044888692</ele>
      <time>2026-08-23T15:21:35.157+02:00</time>
      <extensions>
        <activity type="UNKNOWN" conf="40" state="unknown" tsMs="1787491292129"/>
        <radio op="vodafone IT" rat="LTE" q="11.00" rsrp="-103" sinr="0" rsrq="-11"/>
        <radio op="I TIM" rat="LTE" q="12.50" rsrp="-100" sinr="0" rsrq="-13"/>
      </extensions>
    </trkpt>
    <trkpt lat="45.7484614" lon="10.7520472">
      <ele>120.05926795886303</ele>
      <time>2026-08-23T15:21:45.157+02:00</time>
      <extensions>
        <activity type="UNKNOWN" conf="40" state="unknown" tsMs="1787491302940"/>
        <radio op="vodafone IT" rat="LTE" q="20.80" rsrp="-99" sinr="3" rsrq="-10"/>
        <radio op="I TIM" rat="LTE" q="16.20" rsrp="-98" sinr="1" rsrq="-13"/>
      </extensions>
    </trkpt>
    <trkpt lat="45.7482408" lon="10.7526031">
      <ele>119.39781682555619</ele>
      <time>2026-08-23T15:21:55.157+02:00</time>
      <extensions>
        <activity type="UNKNOWN" conf="40" state="unknown" tsMs="1787491313514"/>
        <radio op="vodafone IT" rat="LTE" rsrp="-105" rsrq="-15"/>
        <radio op="I TIM" rat="LTE" rsrp="-103" rsrq="-14"/>
      </extensions>
    </trkpt>
    <trkpt lat="45.7477742" lon="10.753131">
      <ele>119.59589093440401</ele>
      <time>2026-08-23T15:22:05.157+02:00</time>
      <extensions>
        <activity type="UNKNOWN" conf="40" state="unknown" tsMs="1787491324251"/>
        <radio op="vodafone IT" rat="LTE" rsrp="-103" rsrq="-13"/>
        <radio op="I TIM" rat="LTE" rsrp="-99" rsrq="-13"/>
      </extensions>
    </trkpt>
    <trkpt lat="45.747286" lon="10.7537193">
      <ele>120.06967856092872</ele>
      <time>2026-08-23T15:22:16.158+02:00</time>
      <extensions>
        <activity type="ON_BICYCLE" conf="73" state="moving" tsMs="1787491335025"/>
        <radio op="vodafone IT" rat="LTE" rsrp="-102" rsrq="-15"/>
        <radio op="I TIM" rat="LTE" q="13.50" rsrp="-98" sinr="0" rsrq="-13"/>
      </extensions>
    </trkpt>
    <trkpt lat="45.7473621" lon="10.753788">
      <ele>118.20509327572113</ele>
      <time>2026-08-23T15:22:26.157+02:00</time>
      <extensions>
        <activity type="ON_BICYCLE" conf="92" state="moving" tsMs="1787491340428"/>
        <radio op="vodafone IT" rat="LTE" q="9.00" rsrp="-110" sinr="1" rsrq="-13"/>
        <radio op="I TIM" rat="LTE" rsrp="-108" rsrq="-16"/>
      </extensions>
    </trkpt>
    <trkpt lat="45.7476896" lon="10.7531559">
      <ele>117.76250322248751</ele>
      <time>2026-08-23T15:22:36.157+02:00</time>
      <extensions>
        <activity type="UNKNOWN" conf="40" state="unknown" tsMs="1787491353145"/>
        <radio op="vodafone IT" rat="LTE" rsrp="-113" rsrq="-16"/>
        <radio op="I TIM" rat="LTE" rsrp="-109" rsrq="-16"/>
      </extensions>
    </trkpt>
    <trkpt lat="45.7479626" lon="10.7524203">
      <ele>117.72301229497408</ele>
      <time>2026-08-23T15:22:46.157+02:00</time>
      <extensions>
        <activity type="UNKNOWN" conf="40" state="unknown" tsMs="1787491363861"/>
        <radio op="vodafone IT" rat="LTE" rsrp="-104" rsrq="-14"/>
        <radio op="I TIM" rat="LTE" rsrp="-110" rsrq="-16"/>
      </extensions>
    </trkpt>
    <trkpt lat="45.7482508" lon="10.7516923">
      <ele>117.99524527379</ele>
      <time>2026-08-23T15:22:56.157+02:00</time>
      <extensions>
        <activity type="UNKNOWN" conf="40" state="unknown" tsMs="1787491374648"/>
        <radio op="vodafone IT" rat="LTE" rsrp="-112" rsrq="-15"/>
        <radio op="I TIM" rat="LTE" rsrp="-110" rsrq="-16"/>
      </extensions>
    </trkpt>
    <trkpt lat="45.748588" lon="10.7512752">
      <ele>118.4592168739801</ele>
      <time>2026-08-23T15:23:06.157+02:00</time>
      <extensions>
        <activity type="UNKNOWN" conf="40" state="unknown" tsMs="1787491380039"/>
        <radio op="vodafone IT" rat="LTE" q="8.40" rsrp="-111" sinr="1" rsrq="-15"/>
        <radio op="I TIM" rat="LTE" rsrp="-108" rsrq="-17"/>
      </extensions>
    </trkpt>
    <trkpt lat="45.7488647" lon="10.7506446">
      <ele>118.3391891170193</ele>
      <time>2026-08-23T15:23:16.157+02:00</time>
      <extensions>
        <activity type="UNKNOWN" conf="40" state="unknown" tsMs="1787491392949"/>
        <radio op="vodafone IT" rat="LTE" rsrp="-110" rsrq="-14"/>
        <radio op="I TIM" rat="LTE" rsrp="-106" rsrq="-16"/>
      </extensions>
    </trkpt>
    <trkpt lat="45.749103" lon="10.750163">
      <ele>118.20096911812952</ele>
      <time>2026-08-23T15:23:27.157+02:00</time>
      <extensions>
        <activity type="UNKNOWN" conf="40" state="unknown" tsMs="1787491398349"/>
        <radio op="vodafone IT" rat="LTE" rsrp="-111" rsrq="-17"/>
        <radio op="I TIM" rat="LTE" rsrp="-105" rsrq="-16"/>
      </extensions>
    </trkpt>
    <trkpt lat="45.7493962" lon="10.7496837">
      <ele>117.4000015258789</ele>
      <time>2026-08-23T15:23:37.157+02:00</time>
      <extensions>
        <activity type="UNKNOWN" conf="40" state="unknown" tsMs="1787491398349"/>
        <radio op="vodafone IT" rat="LTE" rsrp="-112" rsrq="-14"/>
        <radio op="I TIM" rat="LTE" rsrp="-108" rsrq="-16"/>
      </extensions>
    </trkpt>
    <trkpt lat="45.7494887" lon="10.7493951">
      <ele>117.4000015258789</ele>
      <time>2026-08-23T15:23:47.157+02:00</time>
      <extensions>
        <activity type="UNKNOWN" conf="40" state="unknown" tsMs="1787491402834"/>
        <radio op="vodafone IT" rat="LTE" rsrp="-118" rsrq="-17"/>
        <radio op="I TIM" rat="LTE" rsrp="-110" rsrq="-15"/>
      </extensions>
    </trkpt>
    <trkpt lat="45.7489" lon="10.7507113">
      <ele>119.3773161341788</ele>
      <time>2026-08-23T15:24:07.157+02:00</time>
      <extensions>
        <activity type="UNKNOWN" conf="40" state="unknown" tsMs="1787491445177"/>
        <radio op="vodafone IT" rat="LTE" rsrp="-108" rsrq="-18"/>
        <radio op="I TIM" rat="LTE" rsrp="-100" rsrq="-14"/>
      </extensions>
    </trkpt>
    <trkpt lat="45.7485499" lon="10.7513048">
      <ele>117.4000015258789</ele>
      <time>2026-08-23T15:24:17.157+02:00</time>
      <extensions>
        <activity type="UNKNOWN" conf="40" state="unknown" tsMs="1787491455962"/>
        <radio op="vodafone IT" rat="LTE" rsrp="-102" rsrq="-16"/>
        <radio op="I TIM" rat="LTE" q="17.50" rsrp="-100" sinr="2" rsrq="-13"/>
      </extensions>
    </trkpt>
    <trkpt lat="45.7481789" lon="10.751889">
      <ele>118.37556923034666</ele>
      <time>2026-08-23T15:24:27.157+02:00</time>
      <extensions>
        <activity type="ON_BICYCLE" conf="93" state="moving" tsMs="1787491466743"/>
        <radio op="vodafone IT" rat="LTE" rsrp="-103" rsrq="-16"/>
        <radio op="I TIM" rat="LTE" rsrp="-99" rsrq="-14"/>
      </extensions>
    </trkpt>
    <trkpt lat="45.7477327" lon="10.7524962">
      <ele>117.4000015258789</ele>
      <time>2026-08-23T15:24:38.158+02:00</time>
      <extensions>
        <activity type="ON_BICYCLE" conf="86" state="moving" tsMs="1787491477543"/>
        <radio op="vodafone IT" rat="LTE" rsrp="-105" rsrq="-16"/>
        <radio op="I TIM" rat="LTE" q="12.50" rsrp="-100" sinr="0" rsrq="-12"/>
      </extensions>
    </trkpt>
    <trkpt lat="45.7477347" lon="10.7525758">
      <ele>117.4000015258789</ele>
      <time>2026-08-23T15:24:48.157+02:00</time>
      <extensions>
        <activity type="ON_BICYCLE" conf="71" state="moving" tsMs="1787491488143"/>
        <radio op="vodafone IT" rat="LTE" rsrp="-111" rsrq="-15"/>
        <radio op="I TIM" rat="LTE" rsrp="-107" rsrq="-17"/>
      </extensions>
    </trkpt>
    <trkpt lat="45.7480862" lon="10.7520652">
      <ele>117.85498975085392</ele>
      <time>2026-08-23T15:24:58.158+02:00</time>
      <extensions>
        <activity type="UNKNOWN" conf="40" state="unknown" tsMs="1787491495330"/>
        <radio op="vodafone IT" rat="LTE" rsrp="-108" rsrq="-14"/>
        <radio op="I TIM" rat="LTE" rsrp="-103" rsrq="-14"/>
      </extensions>
    </trkpt>
    <trkpt lat="45.7484226" lon="10.7515711">
      <ele>116.34491664342485</ele>
      <time>2026-08-23T15:25:08.157+02:00</time>
      <extensions>
        <activity type="UNKNOWN" conf="40" state="unknown" tsMs="1787491495330"/>
        <radio op="vodafone IT" rat="LTE" rsrp="-110" rsrq="-15"/>
        <radio op="I TIM" rat="LTE" q="9.50" rsrp="-106" sinr="0" rsrq="-16"/>
      </extensions>
    </trkpt>
    <trkpt lat="45.7487068" lon="10.7511283">
      <ele>115.55436635603039</ele>
      <time>2026-08-23T15:25:18.157+02:00</time>
      <extensions>
        <activity type="UNKNOWN" conf="40" state="unknown" tsMs="1787491500862"/>
        <radio op="vodafone IT" rat="LTE" q="9.00" rsrp="-110" sinr="1" rsrq="-15"/>
        <radio op="I TIM" rat="LTE" rsrp="-108" rsrq="-16"/>
      </extensions>
    </trkpt>
    <trkpt lat="45.7489768" lon="10.7507075">
      <ele>117.13974123540906</ele>
      <time>2026-08-23T15:25:28.157+02:00</time>
      <extensions>
        <activity type="UNKNOWN" conf="40" state="unknown" tsMs="1787491523111"/>
        <radio op="vodafone IT" rat="LTE" rsrp="-112" rsrq="-16"/>
        <radio op="I TIM" rat="LTE" rsrp="-106" rsrq="-15"/>
      </extensions>
    </trkpt>
    <trkpt lat="45.7492604" lon="10.7499958">
      <ele>117.03429048279631</ele>
      <time>2026-08-23T15:25:38.157+02:00</time>
      <extensions>
        <activity type="UNKNOWN" conf="40" state="unknown" tsMs="1787491523111"/>
        <radio op="vodafone IT" rat="LTE" rsrp="-112" rsrq="-15"/>
        <radio op="I TIM" rat="LTE" rsrp="-106" rsrq="-15"/>
      </extensions>
    </trkpt>
    <trkpt lat="45.7495268" lon="10.7495653">
      <ele>116.82130732333988</ele>
      <time>2026-08-23T15:25:48.377+02:00</time>
      <extensions>
        <activity type="UNKNOWN" conf="40" state="unknown" tsMs="1787491528847"/>
        <radio op="vodafone IT" rat="LTE" rsrp="-104" rsrq="-14"/>
        <radio op="I TIM" rat="LTE" rsrp="-103" rsrq="-16"/>
      </extensions>
    </trkpt>
    <trkpt lat="45.7492349" lon="10.7506696">
      <ele>117.31016148980163</ele>
      <time>2026-08-23T15:26:09.158+02:00</time>
      <extensions>
        <activity type="UNKNOWN" conf="40" state="unknown" tsMs="1787491551848"/>
        <radio op="vodafone IT" rat="LTE" rsrp="-104" rsrq="-13"/>
        <radio op="I TIM" rat="LTE" rsrp="-101" rsrq="-14"/>
      </extensions>
    </trkpt>
    <trkpt lat="45.7489548" lon="10.7511911">
      <ele>117.62185152696176</ele>
      <time>2026-08-23T15:26:19.157+02:00</time>
      <extensions>
        <activity type="UNKNOWN" conf="40" state="unknown" tsMs="1787491551848"/>
        <radio op="vodafone IT" rat="LTE" rsrp="-108" rsrq="-16"/>
        <radio op="I TIM" rat="LTE" rsrp="-96" rsrq="-13"/>
      </extensions>
    </trkpt>
    <trkpt lat="45.7492479" lon="10.7506785">
      <ele>116.90749777321977</ele>
      <time>2026-08-23T15:26:29.157+02:00</time>
      <extensions>
        <activity type="UNKNOWN" conf="40" state="unknown" tsMs="1787491569830"/>
        <radio op="vodafone IT" rat="LTE" rsrp="-106" rsrq="-15"/>
        <radio op="I TIM" rat="LTE" rsrp="-108" rsrq="-16"/>
      </extensions>
    </trkpt>
    <trkpt lat="45.7495165" lon="10.7499517">
      <ele>116.57866669326174</ele>
      <time>2026-08-23T15:26:39.157+02:00</time>
      <extensions>
        <activity type="UNKNOWN" conf="40" state="unknown" tsMs="1787491597555"/>
        <radio op="vodafone IT" rat="LTE" q="4.80" rsrp="-117" sinr="1" rsrq="-14"/>
        <radio op="I TIM" rat="LTE" rsrp="-109" rsrq="-16"/>
      </extensions>
    </trkpt>
    <trkpt lat="45.7497274" lon="10.7493876">
      <ele>116.595324584557</ele>
      <time>2026-08-23T15:26:49.157+02:00</time>
      <extensions>
        <activity type="UNKNOWN" conf="40" state="unknown" tsMs="1787491608311"/>
        <radio op="vodafone IT" rat="LTE" rsrp="-114" rsrq="-15"/>
        <radio op="I TIM" rat="LTE" rsrp="-108" rsrq="-16"/>
      </extensions>
    </trkpt>
    <trkpt lat="45.7498499" lon="10.7492554">
      <ele>117.65583596076124</ele>
      <time>2026-08-23T15:26:59.157+02:00</time>
      <extensions>
        <activity type="UNKNOWN" conf="40" state="unknown" tsMs="1787491618990"/>
        <radio op="vodafone IT" rat="LTE" rsrp="-106" rsrq="-14"/>
        <radio op="I TIM" rat="LTE" rsrp="-105" rsrq="-17"/>
      </extensions>
    </trkpt>
    <trkpt lat="45.7494001" lon="10.7500969">
      <ele>117.38041964941146</ele>
      <time>2026-08-23T15:27:10.157+02:00</time>
      <extensions>
        <activity type="UNKNOWN" conf="40" state="unknown" tsMs="1787491625197"/>
        <radio op="vodafone IT" rat="LTE" rsrp="-108" rsrq="-15"/>
        <radio op="I TIM" rat="LTE" rsrp="-105" rsrq="-15"/>
      </extensions>
    </trkpt>
    <trkpt lat="45.748943" lon="10.7506121">
      <ele>117.9355763827246</ele>
      <time>2026-08-23T15:27:20.156+02:00</time>
      <extensions>
        <activity type="UNKNOWN" conf="40" state="unknown" tsMs="1787491635904"/>
        <radio op="vodafone IT" rat="LTE" q="10.80" rsrp="-107" sinr="1" rsrq="-15"/>
        <radio op="I TIM" rat="LTE" rsrp="-103" rsrq="-14"/>
      </extensions>
    </trkpt>
    <trkpt lat="45.7484781" lon="10.7512365">
      <ele>118.40115353721785</ele>
      <time>2026-08-23T15:27:30.157+02:00</time>
      <extensions>
        <activity type="UNKNOWN" conf="40" state="unknown" tsMs="1787491646616"/>
        <radio op="vodafone IT" rat="LTE" rsrp="-109" rsrq="-13"/>
        <radio op="I TIM" rat="LTE" rsrp="-103" rsrq="-14"/>
      </extensions>
    </trkpt>
    <trkpt lat="45.7485895" lon="10.7513165">
      <ele>115.49710573452583</ele>
      <time>2026-08-23T15:27:40.156+02:00</time>
      <extensions>
        <activity type="UNKNOWN" conf="40" state="unknown" tsMs="1787491657415"/>
        <radio op="vodafone IT" rat="LTE" rsrp="-116" rsrq="-17"/>
        <radio op="I TIM" rat="LTE" rsrp="-106" rsrq="-15"/>
      </extensions>
    </trkpt>
    <trkpt lat="45.7489021" lon="10.7505119">
      <ele>115.71849978984962</ele>
      <time>2026-08-23T15:27:50.156+02:00</time>
      <extensions>
        <activity type="UNKNOWN" conf="40" state="unknown" tsMs="1787491668058"/>
        <radio op="vodafone IT" rat="LTE" rsrp="-115" rsrq="-15"/>
        <radio op="I TIM" rat="LTE" q="7.50" rsrp="-110" sinr="0" rsrq="-16"/>
      </extensions>
    </trkpt>
    <trkpt lat="45.7492044" lon="10.7500226">
      <ele>115.81818469249909</ele>
      <time>2026-08-23T15:28:00.156+02:00</time>
      <extensions>
        <activity type="UNKNOWN" conf="40" state="unknown" tsMs="1787491678702"/>
        <radio op="vodafone IT" rat="LTE" rsrp="-114" rsrq="-16"/>
        <radio op="I TIM" rat="LTE" rsrp="-108" rsrq="-15"/>
      </extensions>
    </trkpt>
    <trkpt lat="45.7492287" lon="10.7501551">
      <ele>116.08148841014376</ele>
      <time>2026-08-23T15:28:10.156+02:00</time>
      <extensions>
        <activity type="UNKNOWN" conf="40" state="unknown" tsMs="1787491684127"/>
        <radio op="vodafone IT" rat="LTE" rsrp="-111" rsrq="-14"/>
        <radio op="I TIM" rat="LTE" rsrp="-110" rsrq="-16"/>
      </extensions>
    </trkpt>
    <trkpt lat="45.7488803" lon="10.7509386">
      <ele>117.33926003776293</ele>
      <time>2026-08-23T15:28:20.156+02:00</time>
      <extensions>
        <activity type="UNKNOWN" conf="40" state="unknown" tsMs="1787491684127"/>
        <radio op="vodafone IT" rat="LTE" rsrp="-107" rsrq="-15"/>
        <radio op="I TIM" rat="LTE" rsrp="-107" rsrq="-17"/>
      </extensions>
    </trkpt>
    <trkpt lat="45.7484071" lon="10.7516411">
      <ele>117.402651655387</ele>
      <time>2026-08-23T15:28:31.156+02:00</time>
      <extensions>
        <activity type="UNKNOWN" conf="40" state="unknown" tsMs="1787491689821"/>
        <radio op="vodafone IT" rat="LTE" q="18.90" rsrp="-104" sinr="4" rsrq="-12"/>
        <radio op="I TIM" rat="LTE" rsrp="-102" rsrq="-15"/>
      </extensions>
    </trkpt>
    <trkpt lat="45.7480364" lon="10.7522736">
      <ele>117.24158304074881</ele>
      <time>2026-08-23T15:28:41.156+02:00</time>
      <extensions>
        <activity type="ON_BICYCLE" conf="83" state="moving" tsMs="1787491717637"/>
        <radio op="vodafone IT" rat="LTE" rsrp="-103" rsrq="-14"/>
        <radio op="I TIM" rat="LTE" rsrp="-103" rsrq="-16"/>
      </extensions>
    </trkpt>
    <trkpt lat="45.7476495" lon="10.7528861">
      <ele>116.30537867037097</ele>
      <time>2026-08-23T15:28:51.156+02:00</time>
      <extensions>
        <activity type="ON_BICYCLE" conf="96" state="moving" tsMs="1787491728423"/>
        <radio op="vodafone IT" rat="LTE" rsrp="-104" rsrq="-16"/>
        <radio op="I TIM" rat="LTE" rsrp="-102" rsrq="-13"/>
      </extensions>
    </trkpt>
    <trkpt lat="45.7473047" lon="10.7534761">
      <ele>116.41970010400762</ele>
      <time>2026-08-23T15:29:01.156+02:00</time>
      <extensions>
        <activity type="ON_BICYCLE" conf="76" state="moving" tsMs="1787491739249"/>
        <radio op="vodafone IT" rat="LTE" rsrp="-103" rsrq="-15"/>
        <radio op="I TIM" rat="LTE" rsrp="-101" rsrq="-14"/>
      </extensions>
    </trkpt>
    <trkpt lat="45.7469287" lon="10.754126">
      <ele>117.0815661459329</ele>
      <time>2026-08-23T15:29:11.157+02:00</time>
      <extensions>
        <activity type="ON_BICYCLE" conf="90" state="moving" tsMs="1787491750033"/>
        <radio op="vodafone IT" rat="LTE" rsrp="-102" rsrq="-15"/>
        <radio op="I TIM" rat="LTE" q="16.80" rsrp="-97" sinr="1" rsrq="-13"/>
      </extensions>
    </trkpt>
    <trkpt lat="45.7465232" lon="10.7547445">
      <ele>116.95687840825104</ele>
      <time>2026-08-23T15:29:21.156+02:00</time>
      <extensions>
        <activity type="UNKNOWN" conf="40" state="unknown" tsMs="1787491760771"/>
        <radio op="vodafone IT" rat="LTE" rsrp="-98" rsrq="-13"/>
        <radio op="I TIM" rat="LTE" rsrp="-96" rsrq="-13"/>
      </extensions>
    </trkpt>
    <trkpt lat="45.746094" lon="10.755373">
      <ele>116.68629286992172</ele>
      <time>2026-08-23T15:29:31.156+02:00</time>
      <extensions>
        <activity type="ON_BICYCLE" conf="93" state="moving" tsMs="1787491771519"/>
        <radio op="vodafone IT" rat="LTE" rsrp="-103" rsrq="-16"/>
        <radio op="I TIM" rat="LTE" q="13.50" rsrp="-98" sinr="0" rsrq="-14"/>
      </extensions>
    </trkpt>
    <trkpt lat="45.7459598" lon="10.7556699">
      <ele>118.62367593308035</ele>
      <time>2026-08-23T15:29:41.156+02:00</time>
      <extensions>
        <activity type="UNKNOWN" conf="40" state="unknown" tsMs="1787491776893"/>
        <radio op="vodafone IT" rat="LTE" rsrp="-105" rsrq="-14"/>
        <radio op="I TIM" rat="LTE" rsrp="-112" rsrq="-21"/>
      </extensions>
    </trkpt>
    <trkpt lat="45.7456952" lon="10.7562193">
      <ele>123.870346363073</ele>
      <time>2026-08-23T15:29:52.156+02:00</time>
      <extensions>
        <activity type="UNKNOWN" conf="40" state="unknown" tsMs="1787491776893"/>
        <radio op="vodafone IT" rat="LTE" q="13.20" rsrp="-103" sinr="1" rsrq="-13"/>
        <radio op="I TIM" rat="LTE" rsrp="-100" rsrq="-15"/>
      </extensions>
    </trkpt>
    <trkpt lat="45.7452893" lon="10.7568091">
      <ele>125.39111476028954</ele>
      <time>2026-08-23T15:30:02.156+02:00</time>
      <extensions>
        <activity type="UNKNOWN" conf="40" state="unknown" tsMs="1787491782789"/>
        <radio op="vodafone IT" rat="LTE" q="15.40" rsrp="-103" sinr="2" rsrq="-13"/>
        <radio op="I TIM" rat="LTE" rsrp="-99" rsrq="-14"/>
      </extensions>
    </trkpt>
    <trkpt lat="45.7449101" lon="10.7573952">
      <ele>127.05179417441686</ele>
      <time>2026-08-23T15:30:12.156+02:00</time>
      <extensions>
        <activity type="ON_BICYCLE" conf="73" state="moving" tsMs="1787491810597"/>
        <radio op="vodafone IT" rat="LTE" rsrp="-102" rsrq="-13"/>
        <radio op="I TIM" rat="LTE" rsrp="-97" rsrq="-15"/>
      </extensions>
    </trkpt>
    <trkpt lat="45.7445416" lon="10.7579596">
      <ele>132.46394529298783</ele>
      <time>2026-08-23T15:30:22.156+02:00</time>
      <extensions>
        <activity type="ON_BICYCLE" conf="74" state="moving" tsMs="1787491821382"/>
        <radio op="vodafone IT" rat="LTE" rsrp="-102" rsrq="-14"/>
        <radio op="I TIM" rat="LTE" rsrp="-95" rsrq="-15"/>
      </extensions>
    </trkpt>
    <trkpt lat="45.7440562" lon="10.7585596">
      <ele>132.99305232902373</ele>
      <time>2026-08-23T15:30:32.156+02:00</time>
      <extensions>
        <activity type="ON_BICYCLE" conf="91" state="moving" tsMs="1787491832153"/>
        <radio op="vodafone IT" rat="LTE" rsrp="-101" rsrq="-14"/>
        <radio op="I TIM" rat="LTE" rsrp="-97" rsrq="-14"/>
      </extensions>
    </trkpt>
    <trkpt lat="45.7437608" lon="10.7590677">
      <ele>135.10760182930878</ele>
      <time>2026-08-23T15:30:42.156+02:00</time>
      <extensions>
        <activity type="UNKNOWN" conf="40" state="unknown" tsMs="1787491842932"/>
        <radio op="vodafone IT" rat="LTE" rsrp="-106" rsrq="-15"/>
        <radio op="I TIM" rat="LTE" rsrp="-101" rsrq="-17"/>
      </extensions>
    </trkpt>
    <trkpt lat="45.7439872" lon="10.7589008">
      <ele>133.87970580745537</ele>
      <time>2026-08-23T15:30:53.156+02:00</time>
      <extensions>
        <activity type="ON_BICYCLE" conf="78" state="moving" tsMs="1787491848200"/>
        <radio op="vodafone IT" rat="LTE" rsrp="-104" rsrq="-12"/>
        <radio op="I TIM" rat="LTE" q="56.10" rsrp="-92" sinr="12" rsrq="-12"/>
      </extensions>
    </trkpt>
    <trkpt lat="45.7444094" lon="10.7583766">
      <ele>132.47937537794667</ele>
      <time>2026-08-23T15:31:03.156+02:00</time>
      <extensions>
        <activity type="UNKNOWN" conf="40" state="unknown" tsMs="1787491858698"/>
        <radio op="vodafone IT" rat="LTE" rsrp="-103" rsrq="-13"/>
        <radio op="I TIM" rat="LTE" q="51.00" rsrp="-91" sinr="10" rsrq="-12"/>
      </extensions>
    </trkpt>
    <trkpt lat="45.7447689" lon="10.7577079">
      <ele>134.82874050507428</ele>
      <time>2026-08-23T15:31:13.156+02:00</time>
      <extensions>
        <activity type="UNKNOWN" conf="40" state="unknown" tsMs="1787491869513"/>
        <radio op="vodafone IT" rat="LTE" rsrp="-103" rsrq="-12"/>
        <radio op="I TIM" rat="LTE" q="44.80" rsrp="-93" sinr="9" rsrq="-13"/>
      </extensions>
    </trkpt>
    <trkpt lat="45.7451469" lon="10.7569962">
      <ele>134.97760871446212</ele>
      <time>2026-08-23T15:31:23.157+02:00</time>
      <extensions>
        <activity type="IN_VEHICLE" conf="88" state="moving" tsMs="1787491880267"/>
        <radio op="vodafone IT" rat="LTE" rsrp="-105" rsrq="-12"/>
        <radio op="I TIM" rat="LTE" q="36.00" rsrp="-95" sinr="7" rsrq="-12"/>
      </extensions>
    </trkpt>
    <trkpt lat="45.7455448" lon="10.7564041">
      <ele>135.9871560028649</ele>
      <time>2026-08-23T15:31:33.156+02:00</time>
      <extensions>
        <activity type="UNKNOWN" conf="40" state="unknown" tsMs="1787491891047"/>
        <radio op="vodafone IT" rat="LTE" rsrp="-111" rsrq="-17"/>
        <radio op="I TIM" rat="LTE" q="15.40" rsrp="-103" sinr="2" rsrq="-13"/>
      </extensions>
    </trkpt>
    <trkpt lat="45.7458901" lon="10.7559009">
      <ele>130.76248469689523</ele>
      <time>2026-08-23T15:31:43.156+02:00</time>
      <extensions>
        <activity type="UNKNOWN" conf="40" state="unknown" tsMs="1787491901661"/>
        <radio op="vodafone IT" rat="LTE" rsrp="-105" rsrq="-13"/>
        <radio op="I TIM" rat="LTE" q="34.80" rsrp="-96" sinr="7" rsrq="-13"/>
      </extensions>
    </trkpt>
    <trkpt lat="45.7462647" lon="10.755215">
      <ele>131.2668767449273</ele>
      <time>2026-08-23T15:31:53.157+02:00</time>
      <extensions>
        <activity type="UNKNOWN" conf="40" state="unknown" tsMs="1787491912362"/>
        <radio op="vodafone IT" rat="LTE" q="22.00" rsrp="-103" sinr="5" rsrq="-13"/>
        <radio op="I TIM" rat="LTE" rsrp="-104" rsrq="-13"/>
      </extensions>
    </trkpt>
    <trkpt lat="45.7466071" lon="10.7548179">
      <ele>129.68628608280318</ele>
      <time>2026-08-23T15:32:04.156+02:00</time>
      <extensions>
        <activity type="UNKNOWN" conf="40" state="unknown" tsMs="1787491922967"/>
        <radio op="vodafone IT" rat="LTE" q="7.00" rsrp="-111" sinr="0" rsrq="-15"/>
        <radio op="I TIM" rat="LTE" q="11.00" rsrp="-103" sinr="0" rsrq="-14"/>
      </extensions>
    </trkpt>
    <trkpt lat="45.7468238" lon="10.7545981">
      <ele>123.30655640438661</ele>
      <time>2026-08-23T15:32:14.156+02:00</time>
      <extensions>
        <activity type="UNKNOWN" conf="40" state="unknown" tsMs="1787491928330"/>
        <radio op="vodafone IT" rat="LTE" q="13.30" rsrp="-106" sinr="2" rsrq="-13"/>
        <radio op="I TIM" rat="LTE" rsrp="-101" rsrq="-13"/>
      </extensions>
    </trkpt>
    <trkpt lat="45.7464178" lon="10.7552417">
      <ele>129.62672014109478</ele>
      <time>2026-08-23T15:32:24.156+02:00</time>
      <extensions>
        <activity type="UNKNOWN" conf="40" state="unknown" tsMs="1787491928330"/>
        <radio op="vodafone IT" rat="LTE" rsrp="-100" rsrq="-13"/>
        <radio op="I TIM" rat="LTE" q="18.20" rsrp="-99" sinr="2" rsrq="-13"/>
      </extensions>
    </trkpt>
    <trkpt lat="45.745928" lon="10.7559042">
      <ele>127.0206630124261</ele>
      <time>2026-08-23T15:32:34.156+02:00</time>
      <extensions>
        <activity type="UNKNOWN" conf="40" state="unknown" tsMs="1787491934780"/>
        <radio op="vodafone IT" rat="LTE" rsrp="-104" rsrq="-14"/>
        <radio op="I TIM" rat="LTE" rsrp="-98" rsrq="-14"/>
      </extensions>
    </trkpt>
    <trkpt lat="45.7455141" lon="10.7565819">
      <ele>128.7177438196576</ele>
      <time>2026-08-23T15:32:44.156+02:00</time>
      <extensions>
        <activity type="ON_BICYCLE" conf="71" state="moving" tsMs="1787491962546"/>
        <radio op="vodafone IT" rat="LTE" rsrp="-110" rsrq="-11"/>
        <radio op="I TIM" rat="LTE" q="14.40" rsrp="-109" sinr="4" rsrq="-12"/>
      </extensions>
    </trkpt>
    <trkpt lat="45.745443" lon="10.756945">
      <ele>124.04821607984944</ele>
      <time>2026-08-23T15:32:54.156+02:00</time>
      <extensions>
        <activity type="UNKNOWN" conf="40" state="unknown" tsMs="1787491973209"/>
        <radio op="vodafone IT" rat="LTE" q="13.00" rsrp="-99" sinr="0" rsrq="-10"/>
        <radio op="I TIM" rat="LTE" rsrp="-109" rsrq="-17"/>
      </extensions>
    </trkpt>
    <trkpt lat="45.7450564" lon="10.7575595">
      <ele>129.16369987601564</ele>
      <time>2026-08-23T15:33:04.156+02:00</time>
      <extensions>
        <activity type="UNKNOWN" conf="40" state="unknown" tsMs="1787491983844"/>
        <radio op="vodafone IT" rat="LTE" q="19.20" rsrp="-101" sinr="3" rsrq="-11"/>
        <radio op="I TIM" rat="LTE" q="9.00" rsrp="-107" sinr="0" rsrq="-14"/>
      </extensions>
    </trkpt>
    <trkpt lat="45.7445789" lon="10.7580866">
      <ele>131.60116504402424</ele>
      <time>2026-08-23T15:33:15.156+02:00</time>
      <extensions>
        <activity type="UNKNOWN" conf="40" state="unknown" tsMs="1787491994606"/>
        <radio op="vodafone IT" rat="LTE" q="12.00" rsrp="-101" sinr="0" rsrq="-12"/>
        <radio op="I TIM" rat="LTE" q="14.70" rsrp="-104" sinr="2" rsrq="-14"/>
      </extensions>
    </trkpt>
    <trkpt lat="45.7441026" lon="10.7586175">
      <ele>132.57706143714253</ele>
      <time>2026-08-23T15:33:25.156+02:00</time>
      <extensions>
        <activity type="UNKNOWN" conf="40" state="unknown" tsMs="1787492005385"/>
        <radio op="vodafone IT" rat="LTE" q="16.20" rsrp="-98" sinr="1" rsrq="-11"/>
        <radio op="I TIM" rat="LTE" rsrp="-99" rsrq="-15"/>
      </extensions>
    </trkpt>
    <trkpt lat="45.7439157" lon="10.7589133">
      <ele>136.60423372915523</ele>
      <time>2026-08-23T15:33:35.156+02:00</time>
      <extensions>
        <activity type="UNKNOWN" conf="40" state="unknown" tsMs="1787492010786"/>
        <radio op="vodafone IT" rat="LTE" q="28.00" rsrp="-97" sinr="5" rsrq="-11"/>
        <radio op="I TIM" rat="LTE" q="39.20" rsrp="-97" sinr="9" rsrq="-12"/>
      </extensions>
    </trkpt>
    <trkpt lat="45.7443402" lon="10.7583353">
      <ele>135.09952794217372</ele>
      <time>2026-08-23T15:33:45.156+02:00</time>
      <extensions>
        <activity type="UNKNOWN" conf="40" state="unknown" tsMs="1787492022172"/>
        <radio op="vodafone IT" rat="LTE" q="19.80" rsrp="-103" sinr="4" rsrq="-10"/>
        <radio op="I TIM" rat="LTE" q="40.30" rsrp="-94" sinr="8" rsrq="-13"/>
      </extensions>
    </trkpt>
    <trkpt lat="45.7447889" lon="10.7576256">
      <ele>131.34286311092492</ele>
      <time>2026-08-23T15:33:55.156+02:00</time>
      <extensions>
        <activity type="UNKNOWN" conf="40" state="unknown" tsMs="1787492032948"/>
        <radio op="vodafone IT" rat="LTE" rsrp="-107" rsrq="-15"/>
        <radio op="I TIM" rat="LTE" q="33.60" rsrp="-101" sinr="9" rsrq="-14"/>
      </extensions>
    </trkpt>
    <trkpt lat="45.7448659" lon="10.7577917">
      <ele>124.61624814952978</ele>
      <time>2026-08-23T15:34:05.156+02:00</time>
      <extensions>
        <activity type="UNKNOWN" conf="40" state="unknown" tsMs="1787492043265"/>
        <radio op="vodafone IT" rat="LTE" rsrp="-132" rsrq="-20"/>
        <radio op="I TIM" rat="LTE" rsrp="-117" rsrq="-17"/>
      </extensions>
    </trkpt>
    <trkpt lat="45.7448671" lon="10.7578986">
      <ele>119.101697757195</ele>
      <time>2026-08-23T15:34:16.156+02:00</time>
      <extensions>
        <activity type="UNKNOWN" conf="40" state="unknown" tsMs="1787492048515"/>
        <radio op="vodafone IT" rat="LTE" rsrp="-117" rsrq="-18"/>
        <radio op="I TIM" rat="LTE" rsrp="-121" rsrq="-18"/>
      </extensions>
    </trkpt>
    <trkpt lat="45.7449305" lon="10.7579261">
      <ele>126.10653324527638</ele>
      <time>2026-08-23T15:34:26.157+02:00</time>
      <extensions>
        <activity type="STILL" conf="58" state="still" tsMs="1787492063072"/>
        <radio op="vodafone IT" rat="LTE" rsrp="-110" rsrq="-12"/>
        <radio op="I TIM" rat="LTE" rsrp="-103" rsrq="-13"/>
      </extensions>
    </trkpt>
    <trkpt lat="45.7451262" lon="10.7577709">
      <ele>137.96009590145195</ele>
      <time>2026-08-23T15:34:36.156+02:00</time>
      <extensions>
        <activity type="UNKNOWN" conf="40" state="unknown" tsMs="1787492068354"/>
        <radio op="vodafone IT" rat="LTE" rsrp="-102" rsrq="-10"/>
        <radio op="I TIM" rat="LTE" q="34.80" rsrp="-96" sinr="7" rsrq="-12"/>
      </extensions>
    </trkpt>
    <trkpt lat="45.7455137" lon="10.7573539">
      <ele>140.5370641800959</ele>
      <time>2026-08-23T15:34:46.156+02:00</time>
      <extensions>
        <activity type="UNKNOWN" conf="40" state="unknown" tsMs="1787492068354"/>
        <radio op="vodafone IT" rat="LTE" rsrp="-105" rsrq="-11"/>
        <radio op="I TIM" rat="LTE" q="14.00" rsrp="-97" sinr="0" rsrq="-12"/>
      </extensions>
    </trkpt>
    <trkpt lat="45.7459214" lon="10.7566479">
      <ele>146.38820628944688</ele>
      <time>2026-08-23T15:34:56.156+02:00</time>
      <extensions>
        <activity type="UNKNOWN" conf="40" state="unknown" tsMs="1787492095082"/>
        <radio op="vodafone IT" rat="LTE" rsrp="-113" rsrq="-15"/>
        <radio op="I TIM" rat="LTE" rsrp="-98" rsrq="-13"/>
      </extensions>
    </trkpt>
    <trkpt lat="45.7458694" lon="10.7568646">
      <ele>147.80574060465614</ele>
      <time>2026-08-23T15:35:06.156+02:00</time>
      <extensions>
        <activity type="UNKNOWN" conf="40" state="unknown" tsMs="1787492105680"/>
        <radio op="vodafone IT" rat="LTE" rsrp="-106" rsrq="-15"/>
        <radio op="I TIM" rat="LTE" q="12.00" rsrp="-101" sinr="0" rsrq="-16"/>
      </extensions>
    </trkpt>
    <trkpt lat="45.7454913" lon="10.7574336">
      <ele>148.04630303433683</ele>
      <time>2026-08-23T15:35:16.156+02:00</time>
      <extensions>
        <activity type="UNKNOWN" conf="40" state="unknown" tsMs="1787492114904"/>
        <radio op="vodafone IT" rat="LTE" q="12.00" rsrp="-101" sinr="0" rsrq="-13"/>
        <radio op="I TIM" rat="LTE" rsrp="-99" rsrq="-15"/>
      </extensions>
    </trkpt>
    <trkpt lat="45.7450502" lon="10.7580489">
      <ele>149.25214545603146</ele>
      <time>2026-08-23T15:35:27.157+02:00</time>
      <extensions>
        <activity type="UNKNOWN" conf="40" state="unknown" tsMs="1787492125710"/>
        <radio op="vodafone IT" rat="LTE" rsrp="-101" rsrq="-12"/>
        <radio op="I TIM" rat="LTE" rsrp="-94" rsrq="-15"/>
      </extensions>
    </trkpt>
    <trkpt lat="45.7446606" lon="10.7586025">
      <ele>148.8301032908365</ele>
      <time>2026-08-23T15:35:37.157+02:00</time>
      <extensions>
        <activity type="ON_BICYCLE" conf="92" state="moving" tsMs="1787492136499"/>
        <radio op="vodafone IT" rat="LTE" rsrp="-100" rsrq="-14"/>
        <radio op="I TIM" rat="LTE" rsrp="-94" rsrq="-15"/>
      </extensions>
    </trkpt>
    <trkpt lat="45.7443013" lon="10.7591609">
      <ele>150.68839284633236</ele>
      <time>2026-08-23T15:35:47.156+02:00</time>
      <extensions>
        <activity type="UNKNOWN" conf="40" state="unknown" tsMs="1787492147256"/>
        <radio op="vodafone IT" rat="LTE" rsrp="-101" rsrq="-15"/>
        <radio op="I TIM" rat="LTE" q="15.00" rsrp="-95" sinr="0" rsrq="-13"/>
      </extensions>
    </trkpt>
    <trkpt lat="45.7437878" lon="10.759766">
      <ele>148.86605295272759</ele>
      <time>2026-08-23T15:35:57.156+02:00</time>
      <extensions>
        <activity type="ON_BICYCLE" conf="82" state="moving" tsMs="1787492152640"/>
        <radio op="vodafone IT" rat="LTE" rsrp="-100" rsrq="-14"/>
        <radio op="I TIM" rat="LTE" q="19.80" rsrp="-92" sinr="1" rsrq="-13"/>
      </extensions>
    </trkpt>
    <trkpt lat="45.7432705" lon="10.76027">
      <ele>146.93962064639535</ele>
      <time>2026-08-23T15:36:07.156+02:00</time>
      <extensions>
        <activity type="ON_BICYCLE" conf="89" state="moving" tsMs="1787492163424"/>
        <radio op="vodafone IT" rat="LTE" rsrp="-102" rsrq="-16"/>
        <radio op="I TIM" rat="LTE" q="21.60" rsrp="-98" sinr="3" rsrq="-12"/>
      </extensions>
    </trkpt>
    <trkpt lat="45.742795" lon="10.760769">
      <ele>146.00919744948678</ele>
      <time>2026-08-23T15:36:17.156+02:00</time>
      <extensions>
        <activity type="ON_BICYCLE" conf="92" state="moving" tsMs="1787492174199"/>
        <radio op="vodafone IT" rat="LTE" rsrp="-101" rsrq="-15"/>
        <radio op="I TIM" rat="LTE" q="26.10" rsrp="-96" sinr="4" rsrq="-12"/>
      </extensions>
    </trkpt>
    <trkpt lat="45.7423679" lon="10.7612694">
      <ele>144.05898154977132</ele>
      <time>2026-08-23T15:36:27.156+02:00</time>
      <extensions>
        <activity type="ON_BICYCLE" conf="96" state="moving" tsMs="1787492184926"/>
        <radio op="vodafone IT" rat="LTE" rsrp="-99" rsrq="-15"/>
        <radio op="I TIM" rat="LTE" q="23.10" rsrp="-92" sinr="2" rsrq="-12"/>
      </extensions>
    </trkpt>
    <trkpt lat="45.7419358" lon="10.7617524">
      <ele>144.45959712161388</ele>
      <time>2026-08-23T15:36:38.156+02:00</time>
      <extensions>
        <activity type="ON_BICYCLE" conf="98" state="moving" tsMs="1787492195595"/>
        <radio op="vodafone IT" rat="LTE" rsrp="-102" rsrq="-17"/>
        <radio op="I TIM" rat="LTE" rsrp="-93" rsrq="-11"/>
      </extensions>
    </trkpt>
    <trkpt lat="45.7415897" lon="10.7623788">
      <ele>142.79632769496158</ele>
      <time>2026-08-23T15:36:48.156+02:00</time>
      <extensions>
        <activity type="ON_BICYCLE" conf="93" state="moving" tsMs="1787492206329"/>
        <radio op="vodafone IT" rat="LTE" rsrp="-96" rsrq="-15"/>
        <radio op="I TIM" rat="LTE" rsrp="-93" rsrq="-13"/>
      </extensions>
    </trkpt>
    <trkpt lat="45.7412576" lon="10.7630348">
      <ele>145.19721261958125</ele>
      <time>2026-08-23T15:36:58.156+02:00</time>
      <extensions>
        <activity type="ON_BICYCLE" conf="76" state="moving" tsMs="1787492217124"/>
        <radio op="vodafone IT" rat="LTE" rsrp="-99" rsrq="-14"/>
        <radio op="I TIM" rat="LTE" q="27.90" rsrp="-94" sinr="4" rsrq="-12"/>
      </extensions>
    </trkpt>
    <trkpt lat="45.7411247" lon="10.763274">
      <ele>148.32095031996482</ele>
      <time>2026-08-23T15:37:08.156+02:00</time>
      <extensions>
        <activity type="UNKNOWN" conf="40" state="unknown" tsMs="1787492222533"/>
        <radio op="vodafone IT" rat="LTE" rsrp="-109" rsrq="-13"/>
        <radio op="I TIM" rat="LTE" q="30.00" rsrp="-95" sinr="5" rsrq="-13"/>
      </extensions>
    </trkpt>
    <trkpt lat="45.7414795" lon="10.7630346">
      <ele>145.7188986704349</ele>
      <time>2026-08-23T15:37:18.156+02:00</time>
      <extensions>
        <activity type="UNKNOWN" conf="40" state="unknown" tsMs="1787492222533"/>
        <radio op="vodafone IT" rat="LTE" rsrp="-107" rsrq="-11"/>
        <radio op="I TIM" rat="LTE" q="46.50" rsrp="-94" sinr="10" rsrq="-12"/>
      </extensions>
    </trkpt>
    <trkpt lat="45.7418762" lon="10.7624453">
      <ele>144.5931313401257</ele>
      <time>2026-08-23T15:37:28.156+02:00</time>
      <extensions>
        <activity type="ON_BICYCLE" conf="62" state="moving" tsMs="1787492247408"/>
        <radio op="vodafone IT" rat="LTE" rsrp="-106" rsrq="-14"/>
        <radio op="I TIM" rat="LTE" q="35.00" rsrp="-90" sinr="5" rsrq="-12"/>
      </extensions>
    </trkpt>
    <trkpt lat="45.7422368" lon="10.761927">
      <ele>141.69581893979074</ele>
      <time>2026-08-23T15:37:38.156+02:00</time>
      <extensions>
        <activity type="UNKNOWN" conf="40" state="unknown" tsMs="1787492258135"/>
        <radio op="vodafone IT" rat="LTE" rsrp="-103" rsrq="-12"/>
        <radio op="I TIM" rat="LTE" q="31.00" rsrp="-94" sinr="5" rsrq="-12"/>
      </extensions>
    </trkpt>
    <trkpt lat="45.7427328" lon="10.7612487">
      <ele>145.00331423347254</ele>
      <time>2026-08-23T15:37:49.156+02:00</time>
      <extensions>
        <activity type="UNKNOWN" conf="40" state="unknown" tsMs="1787492268971"/>
        <radio op="vodafone IT" rat="LTE" rsrp="-109" rsrq="-14"/>
        <radio op="I TIM" rat="LTE" q="51.00" rsrp="-95" sinr="12" rsrq="-13"/>
      </extensions>
    </trkpt>
    <trkpt lat="45.7431747" lon="10.7606163">
      <ele>143.63290216899125</ele>
      <time>2026-08-23T15:37:59.156+02:00</time>
      <extensions>
        <activity type="UNKNOWN" conf="40" state="unknown" tsMs="1787492274369"/>
        <radio op="vodafone IT" rat="LTE" rsrp="-115" rsrq="-19"/>
        <radio op="I TIM" rat="LTE" q="32.40" rsrp="-98" sinr="7" rsrq="-13"/>
      </extensions>
    </trkpt>
    <trkpt lat="45.7435215" lon="10.760426">
      <ele>141.97893506742645</ele>
      <time>2026-08-23T15:38:09.156+02:00</time>
      <extensions>
        <activity type="UNKNOWN" conf="40" state="unknown" tsMs="1787492285061"/>
        <radio op="vodafone IT" rat="LTE" rsrp="-105" rsrq="-12"/>
        <radio op="I TIM" rat="LTE" q="34.80" rsrp="-96" sinr="7" rsrq="-13"/>
      </extensions>
    </trkpt>
    <trkpt lat="45.7439381" lon="10.7598789">
      <ele>141.40450266210888</ele>
      <time>2026-08-23T15:38:19.156+02:00</time>
      <extensions>
        <activity type="UNKNOWN" conf="40" state="unknown" tsMs="1787492295692"/>
        <radio op="vodafone IT" rat="LTE" rsrp="-105" rsrq="-14"/>
        <radio op="I TIM" rat="LTE" q="39.20" rsrp="-97" sinr="9" rsrq="-13"/>
      </extensions>
    </trkpt>
    <trkpt lat="45.7443621" lon="10.7593008">
      <ele>141.94249535917845</ele>
      <time>2026-08-23T15:38:29.156+02:00</time>
      <extensions>
        <activity type="UNKNOWN" conf="40" state="unknown" tsMs="1787492306451"/>
        <radio op="vodafone IT" rat="LTE" rsrp="-106" rsrq="-13"/>
        <radio op="I TIM" rat="LTE" q="29.00" rsrp="-96" sinr="5" rsrq="-13"/>
      </extensions>
    </trkpt>
    <trkpt lat="45.7446052" lon="10.7586378">
      <ele>142.21852583827095</ele>
      <time>2026-08-23T15:38:39.156+02:00</time>
      <extensions>
        <activity type="UNKNOWN" conf="40" state="unknown" tsMs="1787492317232"/>
        <radio op="vodafone IT" rat="LTE" rsrp="-105" rsrq="-12"/>
        <radio op="I TIM" rat="LTE" q="45.00" rsrp="-95" sinr="10" rsrq="-12"/>
      </extensions>
    </trkpt>
    <trkpt lat="45.744873" lon="10.7579819">
      <ele>142.12263313753428</ele>
      <time>2026-08-23T15:38:49.156+02:00</time>
      <extensions>
        <activity type="UNKNOWN" conf="40" state="unknown" tsMs="1787492327975"/>
        <radio op="vodafone IT" rat="LTE" rsrp="-103" rsrq="-10"/>
        <radio op="I TIM" rat="LTE" q="28.80" rsrp="-93" sinr="4" rsrq="-13"/>
      </extensions>
    </trkpt>
    <trkpt lat="45.7452299" lon="10.7571959">
      <ele>140.69350638279082</ele>
      <time>2026-08-23T15:39:00.156+02:00</time>
      <extensions>
        <activity type="UNKNOWN" conf="40" state="unknown" tsMs="1787492338828"/>
        <radio op="vodafone IT" rat="LTE" rsrp="-102" rsrq="-12"/>
        <radio op="I TIM" rat="LTE" q="37.70" rsrp="-96" sinr="8" rsrq="-13"/>
      </extensions>
    </trkpt>
    <trkpt lat="45.7455263" lon="10.7568438">
      <ele>142.94075061968596</ele>
      <time>2026-08-23T15:39:10.156+02:00</time>
      <extensions>
        <activity type="UNKNOWN" conf="40" state="unknown" tsMs="1787492349583"/>
        <radio op="vodafone IT" rat="LTE" rsrp="-99" rsrq="-12"/>
        <radio op="I TIM" rat="LTE" q="42.00" rsrp="-95" sinr="9" rsrq="-13"/>
      </extensions>
    </trkpt>
    <trkpt lat="45.7458748" lon="10.75614">
      <ele>143.57720655941966</ele>
      <time>2026-08-23T15:39:20.156+02:00</time>
      <extensions>
        <activity type="UNKNOWN" conf="40" state="unknown" tsMs="1787492360258"/>
        <radio op="vodafone IT" rat="LTE" rsrp="-105" rsrq="-11"/>
        <radio op="I TIM" rat="LTE" q="37.70" rsrp="-96" sinr="8" rsrq="-13"/>
      </extensions>
    </trkpt>
    <trkpt lat="45.7462028" lon="10.7553929">
      <ele>138.92588181702655</ele>
      <time>2026-08-23T15:39:30.156+02:00</time>
      <extensions>
        <activity type="UNKNOWN" conf="40" state="unknown" tsMs="1787492365643"/>
        <radio op="vodafone IT" rat="LTE" rsrp="-102" rsrq="-12"/>
        <radio op="I TIM" rat="LTE" q="31.90" rsrp="-96" sinr="6" rsrq="-13"/>
      </extensions>
    </trkpt>
    <trkpt lat="45.746465" lon="10.7546528">
      <ele>143.4265746897001</ele>
      <time>2026-08-23T15:39:40.156+02:00</time>
      <extensions>
        <activity type="UNKNOWN" conf="40" state="unknown" tsMs="1787492376423"/>
        <radio op="vodafone IT" rat="LTE" rsrp="-100" rsrq="-15"/>
        <radio op="I TIM" rat="LTE" q="11.00" rsrp="-103" sinr="0" rsrq="-14"/>
      </extensions>
    </trkpt>
    <trkpt lat="45.7467466" lon="10.7540124">
      <ele>140.29215724847086</ele>
      <time>2026-08-23T15:39:50.156+02:00</time>
      <extensions>
        <activity type="UNKNOWN" conf="40" state="unknown" tsMs="1787492387203"/>
        <radio op="vodafone IT" rat="LTE" rsrp="-104" rsrq="-15"/>
        <radio op="I TIM" rat="LTE" rsrp="-119" rsrq="-19"/>
      </extensions>
    </trkpt>
    <trkpt lat="45.7470618" lon="10.7533213">
      <ele>137.22423127520688</ele>
      <time>2026-08-23T15:40:00.157+02:00</time>
      <extensions>
        <activity type="UNKNOWN" conf="40" state="unknown" tsMs="1787492397940"/>
        <radio op="vodafone IT" rat="LTE" rsrp="-106" rsrq="-15"/>
        <radio op="I TIM" rat="LTE" rsrp="-106" rsrq="-15"/>
      </extensions>
    </trkpt>
    <trkpt lat="45.7474078" lon="10.7526103">
      <ele>131.84071160979647</ele>
      <time>2026-08-23T15:40:11.156+02:00</time>
      <extensions>
        <activity type="ON_BICYCLE" conf="72" state="moving" tsMs="1787492408701"/>
        <radio op="vodafone IT" rat="LTE" rsrp="-114" rsrq="-18"/>
        <radio op="I TIM" rat="LTE" q="13.80" rsrp="-102" sinr="1" rsrq="-14"/>
      </extensions>
    </trkpt>
    <trkpt lat="45.7477222" lon="10.7520425">
      <ele>132.67845745967236</ele>
      <time>2026-08-23T15:40:21.157+02:00</time>
      <extensions>
        <activity type="UNKNOWN" conf="40" state="unknown" tsMs="1787492419465"/>
        <radio op="vodafone IT" rat="LTE" rsrp="-112" rsrq="-15"/>
        <radio op="I TIM" rat="LTE" q="10.00" rsrp="-105" sinr="0" rsrq="-15"/>
      </extensions>
    </trkpt>
    <trkpt lat="45.7480141" lon="10.751316">
      <ele>132.01036723408725</ele>
      <time>2026-08-23T15:40:31.156+02:00</time>
      <extensions>
        <activity type="UNKNOWN" conf="40" state="unknown" tsMs="1787492430267"/>
        <radio op="vodafone IT" rat="LTE" rsrp="-113" rsrq="-15"/>
        <radio op="I TIM" rat="LTE" rsrp="-104" rsrq="-15"/>
      </extensions>
    </trkpt>
    <trkpt lat="45.7483073" lon="10.7505721">
      <ele>129.78223895913558</ele>
      <time>2026-08-23T15:40:41.156+02:00</time>
      <extensions>
        <activity type="IN_VEHICLE" conf="81" state="moving" tsMs="1787492441025"/>
        <radio op="vodafone IT" rat="LTE" rsrp="-115" rsrq="-17"/>
        <radio op="I TIM" rat="LTE" q="11.40" rsrp="-106" sinr="1" rsrq="-15"/>
      </extensions>
    </trkpt>
    <trkpt lat="45.7485454" lon="10.7499605">
      <ele>128.71246978465553</ele>
      <time>2026-08-23T15:40:51.156+02:00</time>
      <extensions>
        <activity type="UNKNOWN" conf="40" state="unknown" tsMs="1787492451827"/>
        <radio op="vodafone IT" rat="LTE" rsrp="-113" rsrq="-17"/>
        <radio op="I TIM" rat="LTE" rsrp="-105" rsrq="-15"/>
      </extensions>
    </trkpt>
    <trkpt lat="45.7488102" lon="10.7492408">
      <ele>129.29605462714483</ele>
      <time>2026-08-23T15:41:01.156+02:00</time>
      <extensions>
        <activity type="UNKNOWN" conf="40" state="unknown" tsMs="1787492457180"/>
        <radio op="vodafone IT" rat="LTE" rsrp="-111" rsrq="-16"/>
        <radio op="I TIM" rat="LTE" q="13.30" rsrp="-106" sinr="2" rsrq="-14"/>
      </extensions>
    </trkpt>
    <trkpt lat="45.7488964" lon="10.7490738">
      <ele>121.82061580749183</ele>
      <time>2026-08-23T15:41:12.157+02:00</time>
      <extensions>
        <activity type="UNKNOWN" conf="40" state="unknown" tsMs="1787492467517"/>
        <radio op="vodafone IT" rat="LTE" rsrp="-123" rsrq="-17"/>
        <radio op="I TIM" rat="LTE" rsrp="-119" rsrq="-17"/>
      </extensions>
    </trkpt>
    <trkpt lat="45.7489383" lon="10.7492989">
      <ele>117.0</ele>
      <time>2026-08-23T15:41:22.156+02:00</time>
      <extensions>
        <activity type="UNKNOWN" conf="40" state="unknown" tsMs="1787492472782"/>
        <radio op="vodafone IT" rat="LTE" rsrp="-109" rsrq="-15"/>
        <radio op="I TIM" rat="LTE" rsrp="-109" rsrq="-15"/>
      </extensions>
    </trkpt>
    <trkpt lat="45.7487526" lon="10.7499818">
      <ele>129.891353717458</ele>
      <time>2026-08-23T15:41:32.156+02:00</time>
      <extensions>
        <activity type="UNKNOWN" conf="40" state="unknown" tsMs="1787492472782"/>
        <radio op="vodafone IT" rat="LTE" rsrp="-112" rsrq="-13"/>
        <radio op="I TIM" rat="LTE" q="12.00" rsrp="-105" sinr="1" rsrq="-15"/>
      </extensions>
    </trkpt>
    <trkpt lat="45.7484483" lon="10.7505369">
      <ele>120.88651142424638</ele>
      <time>2026-08-23T15:41:42.156+02:00</time>
      <extensions>
        <activity type="ON_BICYCLE" conf="83" state="moving" tsMs="1787492498687"/>
        <radio op="vodafone IT" rat="LTE" q="7.50" rsrp="-110" sinr="0" rsrq="-15"/>
        <radio op="I TIM" rat="LTE" q="16.80" rsrp="-101" sinr="2" rsrq="-13"/>
      </extensions>
    </trkpt>
    <trkpt lat="45.7480873" lon="10.7511516">
      <ele>120.09917344034398</ele>
      <time>2026-08-23T15:41:52.156+02:00</time>
      <extensions>
        <activity type="UNKNOWN" conf="40" state="unknown" tsMs="1787492509446"/>
        <radio op="vodafone IT" rat="LTE" rsrp="-113" rsrq="-19"/>
        <radio op="I TIM" rat="LTE" rsrp="-104" rsrq="-14"/>
      </extensions>
    </trkpt>
    <trkpt lat="45.7476718" lon="10.7516878">
      <ele>120.23907188519432</ele>
      <time>2026-08-23T15:42:02.156+02:00</time>
      <extensions>
        <activity type="ON_BICYCLE" conf="77" state="moving" tsMs="1787492520217"/>
        <radio op="vodafone IT" rat="LTE" rsrp="-107" rsrq="-15"/>
        <radio op="I TIM" rat="LTE" rsrp="-99" rsrq="-14"/>
      </extensions>
    </trkpt>
    <trkpt lat="45.7472213" lon="10.7522101">
      <ele>124.48577713893212</ele>
      <time>2026-08-23T15:42:12.156+02:00</time>
      <extensions>
        <activity type="ON_BICYCLE" conf="77" state="moving" tsMs="1787492530956"/>
        <radio op="vodafone IT" rat="LTE" q="15.30" rsrp="-108" sinr="4" rsrq="-14"/>
        <radio op="I TIM" rat="LTE" rsrp="-105" rsrq="-14"/>
      </extensions>
    </trkpt>
    <trkpt lat="45.7475135" lon="10.7519004">
      <ele>118.77326932864568</ele>
      <time>2026-08-23T15:42:23.156+02:00</time>
      <extensions>
        <activity type="UNKNOWN" conf="40" state="unknown" tsMs="1787492538649"/>
        <radio op="vodafone IT" rat="LTE" rsrp="-114" rsrq="-17"/>
        <radio op="I TIM" rat="LTE" q="10.50" rsrp="-104" sinr="0" rsrq="-15"/>
      </extensions>
    </trkpt>
    <trkpt lat="45.7478639" lon="10.7511681">
      <ele>118.96042157482262</ele>
      <time>2026-08-23T15:42:33.156+02:00</time>
      <extensions>
        <activity type="UNKNOWN" conf="40" state="unknown" tsMs="1787492549275"/>
        <radio op="vodafone IT" rat="LTE" q="8.00" rsrp="-109" sinr="0" rsrq="-14"/>
        <radio op="I TIM" rat="LTE" rsrp="-106" rsrq="-14"/>
      </extensions>
    </trkpt>
    <trkpt lat="45.7481166" lon="10.750839">
      <ele>121.41088395561243</ele>
      <time>2026-08-23T15:42:43.156+02:00</time>
      <extensions>
        <activity type="UNKNOWN" conf="40" state="unknown" tsMs="1787492559943"/>
        <radio op="vodafone IT" rat="LTE" rsrp="-112" rsrq="-15"/>
        <radio op="I TIM" rat="LTE" rsrp="-105" rsrq="-15"/>
      </extensions>
    </trkpt>
    <trkpt lat="45.7484672" lon="10.7500443">
      <ele>117.46113802822504</ele>
      <time>2026-08-23T15:42:53.156+02:00</time>
      <extensions>
        <activity type="ON_BICYCLE" conf="74" state="moving" tsMs="1787492570616"/>
        <radio op="vodafone IT" rat="LTE" q="8.40" rsrp="-113" sinr="2" rsrq="-15"/>
        <radio op="I TIM" rat="LTE" rsrp="-108" rsrq="-15"/>
      </extensions>
    </trkpt>
    <trkpt lat="45.7487494" lon="10.749692">
      <ele>118.13005249898066</ele>
      <time>2026-08-23T15:43:03.156+02:00</time>
      <extensions>
        <activity type="ON_BICYCLE" conf="76" state="moving" tsMs="1787492581391"/>
        <radio op="vodafone IT" rat="LTE" rsrp="-114" rsrq="-17"/>
        <radio op="I TIM" rat="LTE" q="8.50" rsrp="-108" sinr="0" rsrq="-15"/>
      </extensions>
    </trkpt>
    <trkpt lat="45.7490054" lon="10.7492397">
      <ele>119.85380918408784</ele>
      <time>2026-08-23T15:43:13.156+02:00</time>
      <extensions>
        <activity type="UNKNOWN" conf="40" state="unknown" tsMs="1787492592140"/>
        <radio op="vodafone IT" rat="LTE" rsrp="-119" rsrq="-15"/>
        <radio op="I TIM" rat="LTE" rsrp="-110" rsrq="-15"/>
      </extensions>
    </trkpt>
    <trkpt lat="45.7488277" lon="10.7500475">
      <ele>116.87391086442348</ele>
      <time>2026-08-23T15:43:24.156+02:00</time>
      <extensions>
        <activity type="UNKNOWN" conf="40" state="unknown" tsMs="1787492592140"/>
        <radio op="vodafone IT" rat="LTE" rsrp="-109" rsrq="-14"/>
        <radio op="I TIM" rat="LTE" rsrp="-108" rsrq="-16"/>
      </extensions>
    </trkpt>
    <trkpt lat="45.7484265" lon="10.7506958">
      <ele>120.13028655178326</ele>
      <time>2026-08-23T15:43:34.156+02:00</time>
      <extensions>
        <activity type="UNKNOWN" conf="40" state="unknown" tsMs="1787492592140"/>
        <radio op="vodafone IT" rat="LTE" q="8.40" rsrp="-111" sinr="1" rsrq="-13"/>
        <radio op="I TIM" rat="LTE" q="10.00" rsrp="-105" sinr="0" rsrq="-15"/>
      </extensions>
    </trkpt>
    <trkpt lat="45.748641" lon="10.7506599">
      <ele>118.36902505130273</ele>
      <time>2026-08-23T15:43:44.156+02:00</time>
      <extensions>
        <activity type="UNKNOWN" conf="40" state="unknown" tsMs="1787492597791"/>
        <radio op="vodafone IT" rat="LTE" rsrp="-114" rsrq="-14"/>
        <radio op="I TIM" rat="LTE" rsrp="-110" rsrq="-15"/>
      </extensions>
    </trkpt>
    <trkpt lat="45.749231" lon="10.7493467">
      <ele>114.09205804874277</ele>
      <time>2026-08-23T15:44:04.156+02:00</time>
      <extensions>
        <activity type="IN_VEHICLE" conf="86" state="moving" tsMs="1787492640419"/>
        <radio op="vodafone IT" rat="LTE" q="8.40" rsrp="-111" sinr="1" rsrq="-12"/>
        <radio op="I TIM" rat="LTE" rsrp="-108" rsrq="-15"/>
      </extensions>
    </trkpt>
    <trkpt lat="45.7494162" lon="10.7490386">
      <ele>117.4066953941536</ele>
      <time>2026-08-23T15:44:14.156+02:00</time>
      <extensions>
        <activity type="IN_VEHICLE" conf="96" state="moving" tsMs="1787492651096"/>
        <radio op="vodafone IT" rat="LTE" rsrp="-112" rsrq="-15"/>
        <radio op="I TIM" rat="LTE" rsrp="-107" rsrq="-16"/>
      </extensions>
    </trkpt>
    <trkpt lat="45.7493737" lon="10.7493389">
      <ele>114.8282638616651</ele>
      <time>2026-08-23T15:44:24.156+02:00</time>
      <extensions>
        <activity type="IN_VEHICLE" conf="83" state="moving" tsMs="1787492656366"/>
        <radio op="vodafone IT" rat="LTE" rsrp="-106" rsrq="-12"/>
        <radio op="I TIM" rat="LTE" rsrp="-103" rsrq="-15"/>
      </extensions>
    </trkpt>
    <trkpt lat="45.7490166" lon="10.7500952">
      <ele>114.87087251076532</ele>
      <time>2026-08-23T15:44:35.156+02:00</time>
      <extensions>
        <activity type="IN_VEHICLE" conf="83" state="moving" tsMs="1787492656366"/>
        <radio op="vodafone IT" rat="LTE" q="8.50" rsrp="-108" sinr="0" rsrq="-13"/>
        <radio op="I TIM" rat="LTE" rsrp="-106" rsrq="-16"/>
      </extensions>
    </trkpt>
    <trkpt lat="45.7486114" lon="10.7507778">
      <ele>115.55174316453017</ele>
      <time>2026-08-23T15:44:45.156+02:00</time>
      <extensions>
        <activity type="ON_BICYCLE" conf="85" state="moving" tsMs="1787492683197"/>
        <radio op="vodafone IT" rat="LTE" rsrp="-106" rsrq="-15"/>
        <radio op="I TIM" rat="LTE" q="12.60" rsrp="-107" sinr="2" rsrq="-15"/>
      </extensions>
    </trkpt>
    <trkpt lat="45.7481393" lon="10.7513231">
      <ele>114.93121880908345</ele>
      <time>2026-08-23T15:44:55.156+02:00</time>
      <extensions>
        <activity type="ON_BICYCLE" conf="81" state="moving" tsMs="1787492693971"/>
        <radio op="vodafone IT" rat="LTE" rsrp="-102" rsrq="-14"/>
        <radio op="I TIM" rat="LTE" rsrp="-103" rsrq="-14"/>
      </extensions>
    </trkpt>
    <trkpt lat="45.7481827" lon="10.7513865">
      <ele>117.26081354300189</ele>
      <time>2026-08-23T15:45:05.156+02:00</time>
      <extensions>
        <activity type="ON_BICYCLE" conf="94" state="moving" tsMs="1787492699356"/>
        <radio op="vodafone IT" rat="LTE" rsrp="-101" rsrq="-13"/>
        <radio op="I TIM" rat="LTE" rsrp="-119" rsrq="-17"/>
      </extensions>
    </trkpt>
    <trkpt lat="45.7485278" lon="10.7510139">
      <ele>111.29503165344927</ele>
      <time>2026-08-23T15:45:15.156+02:00</time>
      <extensions>
        <activity type="ON_BICYCLE" conf="94" state="moving" tsMs="1787492699356"/>
        <radio op="vodafone IT" rat="LTE" rsrp="-114" rsrq="-17"/>
        <radio op="I TIM" rat="LTE" q="13.20" rsrp="-103" sinr="1" rsrq="-14"/>
      </extensions>
    </trkpt>
    <trkpt lat="45.7489654" lon="10.750249">
      <ele>113.35831618255682</ele>
      <time>2026-08-23T15:45:25.157+02:00</time>
      <extensions>
        <activity type="UNKNOWN" conf="40" state="unknown" tsMs="1787492722151"/>
        <radio op="vodafone IT" rat="LTE" rsrp="-110" rsrq="-15"/>
        <radio op="I TIM" rat="LTE" rsrp="-105" rsrq="-15"/>
      </extensions>
    </trkpt>
    <trkpt lat="45.7492183" lon="10.7499375">
      <ele>116.41838389580639</ele>
      <time>2026-08-23T15:45:35.156+02:00</time>
      <extensions>
        <activity type="UNKNOWN" conf="40" state="unknown" tsMs="1787492732829"/>
        <radio op="vodafone IT" rat="LTE" rsrp="-116" rsrq="-16"/>
        <radio op="I TIM" rat="LTE" q="9.00" rsrp="-107" sinr="0" rsrq="-14"/>
      </extensions>
    </trkpt>
    <trkpt lat="45.7493708" lon="10.7497549">
      <ele>117.16214962572043</ele>
      <time>2026-08-23T15:45:46.156+02:00</time>
      <extensions>
        <activity type="UNKNOWN" conf="40" state="unknown" tsMs="1787492743426"/>
        <radio op="vodafone IT" rat="LTE" rsrp="-111" rsrq="-14"/>
        <radio op="I TIM" rat="LTE" rsrp="-112" rsrq="-16"/>
      </extensions>
    </trkpt>
    <trkpt lat="45.7491213" lon="10.7505761">
      <ele>117.54764085165587</ele>
      <time>2026-08-23T15:45:56.156+02:00</time>
      <extensions>
        <activity type="UNKNOWN" conf="40" state="unknown" tsMs="1787492753947"/>
        <radio op="vodafone IT" rat="LTE" q="9.10" rsrp="-112" sinr="2" rsrq="-14"/>
        <radio op="I TIM" rat="LTE" q="11.40" rsrp="-106" sinr="1" rsrq="-15"/>
      </extensions>
    </trkpt>
    <trkpt lat="45.7487155" lon="10.7512888">
      <ele>120.519344224991</ele>
      <time>2026-08-23T15:46:05.533+02:00</time>
      <extensions>
        <activity type="ON_BICYCLE" conf="78" state="moving" tsMs="1787492764770"/>
        <radio op="vodafone IT" rat="LTE" rsrp="-109" rsrq="-16"/>
        <radio op="I TIM" rat="LTE" q="9.50" rsrp="-106" sinr="0" rsrq="-15"/>
      </extensions>
    </trkpt>
    <trkpt lat="45.7487607" lon="10.7513781">
      <ele>118.04161864312144</ele>
      <time>2026-08-23T15:46:16.156+02:00</time>
      <extensions>
        <activity type="ON_BICYCLE" conf="78" state="moving" tsMs="1787492764770"/>
        <radio op="vodafone IT" rat="LTE" rsrp="-113" rsrq="-16"/>
        <radio op="I TIM" rat="LTE" rsrp="-107" rsrq="-16"/>
      </extensions>
    </trkpt>
    <trkpt lat="45.7491419" lon="10.7507557">
      <ele>116.31520458603282</ele>
      <time>2026-08-23T15:46:26.156+02:00</time>
      <extensions>
        <activity type="UNKNOWN" conf="40" state="unknown" tsMs="1787492769134"/>
        <radio op="vodafone IT" rat="LTE" rsrp="-115" rsrq="-17"/>
        <radio op="I TIM" rat="LTE" rsrp="-105" rsrq="-15"/>
      </extensions>
    </trkpt>
    <trkpt lat="45.749456" lon="10.7501225">
      <ele>119.72936890679591</ele>
      <time>2026-08-23T15:46:36.156+02:00</time>
      <extensions>
        <activity type="UNKNOWN" conf="40" state="unknown" tsMs="1787492796720"/>
        <radio op="vodafone IT" rat="LTE" rsrp="-115" rsrq="-16"/>
        <radio op="I TIM" rat="LTE" rsrp="-106" rsrq="-15"/>
      </extensions>
    </trkpt>
    <trkpt lat="45.7496109" lon="10.7496452">
      <ele>118.33861633699779</ele>
      <time>2026-08-23T15:46:46.156+02:00</time>
      <extensions>
        <activity type="UNKNOWN" conf="40" state="unknown" tsMs="1787492802109"/>
        <radio op="vodafone IT" rat="LTE" rsrp="-105" rsrq="-14"/>
        <radio op="I TIM" rat="LTE" q="9.50" rsrp="-106" sinr="0" rsrq="-16"/>
      </extensions>
    </trkpt>
    <trkpt lat="45.749518" lon="10.750244">
      <ele>118.37909519561202</ele>
      <time>2026-08-23T15:46:56.156+02:00</time>
      <extensions>
        <activity type="UNKNOWN" conf="40" state="unknown" tsMs="1787492812728"/>
        <radio op="vodafone IT" rat="LTE" rsrp="-109" rsrq="-11"/>
        <radio op="I TIM" rat="LTE" q="9.00" rsrp="-107" sinr="0" rsrq="-15"/>
      </extensions>
    </trkpt>
    <trkpt lat="45.7491486" lon="10.7509543">
      <ele>119.68411503963952</ele>
      <time>2026-08-23T15:47:07.156+02:00</time>
      <extensions>
        <activity type="UNKNOWN" conf="40" state="unknown" tsMs="1787492823558"/>
        <radio op="vodafone IT" rat="LTE" rsrp="-110" rsrq="-14"/>
        <radio op="I TIM" rat="LTE" rsrp="-107" rsrq="-16"/>
      </extensions>
    </trkpt>
    <trkpt lat="45.7487375" lon="10.751469">
      <ele>123.52658756607701</ele>
      <time>2026-08-23T15:47:17.156+02:00</time>
      <extensions>
        <activity type="UNKNOWN" conf="40" state="unknown" tsMs="1787492834338"/>
        <radio op="vodafone IT" rat="LTE" rsrp="-105" rsrq="-14"/>
        <radio op="I TIM" rat="LTE" q="14.70" rsrp="-104" sinr="2" rsrq="-15"/>
      </extensions>
    </trkpt>
    <trkpt lat="45.7483256" lon="10.7519423">
      <ele>119.43223361538259</ele>
      <time>2026-08-23T15:47:27.156+02:00</time>
      <extensions>
        <activity type="UNKNOWN" conf="40" state="unknown" tsMs="1787492845140"/>
        <radio op="vodafone IT" rat="LTE" q="12.60" rsrp="-104" sinr="1" rsrq="-14"/>
        <radio op="I TIM" rat="LTE" rsrp="-103" rsrq="-14"/>
      </extensions>
    </trkpt>
    <trkpt lat="45.7479065" lon="10.7524536">
      <ele>120.92060994905951</ele>
      <time>2026-08-23T15:47:37.156+02:00</time>
      <extensions>
        <activity type="UNKNOWN" conf="40" state="unknown" tsMs="1787492855902"/>
        <radio op="vodafone IT" rat="LTE" rsrp="-104" rsrq="-14"/>
        <radio op="I TIM" rat="LTE" q="11.50" rsrp="-102" sinr="0" rsrq="-13"/>
      </extensions>
    </trkpt>
    <trkpt lat="45.7474819" lon="10.752978">
      <ele>121.90694230648135</ele>
      <time>2026-08-23T15:47:47.156+02:00</time>
      <extensions>
        <activity type="ON_BICYCLE" conf="85" state="moving" tsMs="1787492866677"/>
        <radio op="vodafone IT" rat="LTE" q="23.40" rsrp="-99" sinr="4" rsrq="-11"/>
        <radio op="I TIM" rat="LTE" q="13.00" rsrp="-99" sinr="0" rsrq="-13"/>
      </extensions>
    </trkpt>
    <trkpt lat="45.7472463" lon="10.7534789">
      <ele>120.57103478562317</ele>
      <time>2026-08-23T15:47:57.156+02:00</time>
      <extensions>
        <activity type="ON_BICYCLE" conf="91" state="moving" tsMs="1787492877335"/>
        <radio op="vodafone IT" rat="LTE" q="8.00" rsrp="-109" sinr="0" rsrq="-14"/>
        <radio op="I TIM" rat="LTE" rsrp="-100" rsrq="-13"/>
      </extensions>
    </trkpt>
    <trkpt lat="45.7468355" lon="10.754185">
      <ele>119.53456134969127</ele>
      <time>2026-08-23T15:48:07.156+02:00</time>
      <extensions>
        <activity type="ON_BICYCLE" conf="72" state="moving" tsMs="1787492888135"/>
        <radio op="vodafone IT" rat="LTE" rsrp="-103" rsrq="-14"/>
        <radio op="I TIM" rat="LTE" rsrp="-101" rsrq="-12"/>
      </extensions>
    </trkpt>
    <trkpt lat="45.7462582" lon="10.7548618">
      <ele>125.32185828849464</ele>
      <time>2026-08-23T15:48:18.156+02:00</time>
      <extensions>
        <activity type="ON_BICYCLE" conf="96" state="moving" tsMs="1787492893526"/>
        <radio op="vodafone IT" rat="LTE" rsrp="-105" rsrq="-16"/>
        <radio op="I TIM" rat="LTE" rsrp="-99" rsrq="-13"/>
      </extensions>
    </trkpt>
    <trkpt lat="45.7464951" lon="10.7545936">
      <ele>118.74095221827149</ele>
      <time>2026-08-23T15:48:28.156+02:00</time>
      <extensions>
        <activity type="ON_BICYCLE" conf="74" state="moving" tsMs="1787492904287"/>
        <radio op="vodafone IT" rat="LTE" rsrp="-113" rsrq="-18"/>
        <radio op="I TIM" rat="LTE" rsrp="-101" rsrq="-14"/>
      </extensions>
    </trkpt>
    <trkpt lat="45.7468182" lon="10.7538969">
      <ele>119.34869339285325</ele>
      <time>2026-08-23T15:48:38.156+02:00</time>
      <extensions>
        <activity type="UNKNOWN" conf="40" state="unknown" tsMs="1787492914890"/>
        <radio op="vodafone IT" rat="LTE" rsrp="-112" rsrq="-15"/>
        <radio op="I TIM" rat="LTE" rsrp="-105" rsrq="-14"/>
      </extensions>
    </trkpt>
    <trkpt lat="45.7471134" lon="10.7531102">
      <ele>115.19794721525076</ele>
      <time>2026-08-23T15:48:48.156+02:00</time>
      <extensions>
        <activity type="UNKNOWN" conf="40" state="unknown" tsMs="1787492925765"/>
        <radio op="vodafone IT" rat="LTE" rsrp="-116" rsrq="-18"/>
        <radio op="I TIM" rat="LTE" rsrp="-104" rsrq="-16"/>
      </extensions>
    </trkpt>
    <trkpt lat="45.7474776" lon="10.7522816">
      <ele>114.25825212243187</ele>
      <time>2026-08-23T15:48:58.156+02:00</time>
      <extensions>
        <activity type="UNKNOWN" conf="40" state="unknown" tsMs="1787492936611"/>
        <radio op="vodafone IT" rat="LTE" rsrp="-104" rsrq="-14"/>
        <radio op="I TIM" rat="LTE" q="11.40" rsrp="-106" sinr="1" rsrq="-16"/>
      </extensions>
    </trkpt>
    <trkpt lat="45.7476182" lon="10.7523076">
      <ele>111.90003563265323</ele>
      <time>2026-08-23T15:49:08.156+02:00</time>
      <extensions>
        <activity type="UNKNOWN" conf="40" state="unknown" tsMs="1787492947272"/>
        <radio op="vodafone IT" rat="LTE" q="7.50" rsrp="-110" sinr="0" rsrq="-14"/>
        <radio op="I TIM" rat="LTE" rsrp="-107" rsrq="-16"/>
      </extensions>
    </trkpt>
    <trkpt lat="45.7479813" lon="10.7514497">
      <ele>113.47069382414412</ele>
      <time>2026-08-23T15:49:18.156+02:00</time>
      <extensions>
        <activity type="UNKNOWN" conf="40" state="unknown" tsMs="1787492957925"/>
        <radio op="vodafone IT" rat="LTE" rsrp="-108" rsrq="-15"/>
        <radio op="I TIM" rat="LTE" rsrp="-108" rsrq="-16"/>
      </extensions>
    </trkpt>
    <trkpt lat="45.7482866" lon="10.7511162">
      <ele>114.46026671877232</ele>
      <time>2026-08-23T15:49:29.156+02:00</time>
      <extensions>
        <activity type="UNKNOWN" conf="40" state="unknown" tsMs="1787492957925"/>
        <radio op="vodafone IT" rat="LTE" rsrp="-116" rsrq="-18"/>
        <radio op="I TIM" rat="LTE" rsrp="-106" rsrq="-16"/>
      </extensions>
    </trkpt>
    <trkpt lat="45.7484473" lon="10.7506276">
      <ele>112.16423898771811</ele>
      <time>2026-08-23T15:49:39.156+02:00</time>
      <extensions>
        <activity type="UNKNOWN" conf="40" state="unknown" tsMs="1787492957925"/>
        <radio op="vodafone IT" rat="LTE" rsrp="-124" rsrq="-17"/>
        <radio op="I TIM" rat="LTE" rsrp="-113" rsrq="-17"/>
      </extensions>
    </trkpt>
    <trkpt lat="45.748694" lon="10.7504238">
      <ele>109.78614760124036</ele>
      <time>2026-08-23T15:49:49.156+02:00</time>
      <extensions>
        <activity type="UNKNOWN" conf="40" state="unknown" tsMs="1787492963832"/>
        <radio op="vodafone IT" rat="LTE" rsrp="-116" rsrq="-16"/>
        <radio op="I TIM" rat="LTE" rsrp="-106" rsrq="-14"/>
      </extensions>
    </trkpt>
    <trkpt lat="45.7489897" lon="10.7498338">
      <ele>112.33754154042401</ele>
      <time>2026-08-23T15:50:09.156+02:00</time>
      <extensions>
        <activity type="UNKNOWN" conf="40" state="unknown" tsMs="1787492984180"/>
        <radio op="vodafone IT" rat="LTE" rsrp="-107" rsrq="-16"/>
        <radio op="I TIM" rat="LTE" rsrp="-113" rsrq="-18"/>
      </extensions>
    </trkpt>
    <trkpt lat="45.7484936" lon="10.7511463">
      <ele>118.04037237301465</ele>
      <time>2026-08-23T15:50:29.156+02:00</time>
      <extensions>
        <activity type="UNKNOWN" conf="40" state="unknown" tsMs="1787493027000"/>
        <radio op="vodafone IT" rat="LTE" rsrp="-107" rsrq="-11"/>
        <radio op="I TIM" rat="LTE" q="13.30" rsrp="-106" sinr="2" rsrq="-15"/>
      </extensions>
    </trkpt>
    <trkpt lat="45.7480613" lon="10.7519425">
      <ele>119.1784446651424</ele>
      <time>2026-08-23T15:50:39.156+02:00</time>
      <extensions>
        <activity type="UNKNOWN" conf="40" state="unknown" tsMs="1787493037741"/>
        <radio op="vodafone IT" rat="LTE" q="6.50" rsrp="-112" sinr="0" rsrq="-13"/>
        <radio op="I TIM" rat="LTE" rsrp="-104" rsrq="-14"/>
      </extensions>
    </trkpt>
    <trkpt lat="45.7480349" lon="10.7520582">
      <ele>118.92248716040211</ele>
      <time>2026-08-23T15:50:50.156+02:00</time>
      <extensions>
        <activity type="UNKNOWN" conf="40" state="unknown" tsMs="1787493048505"/>
        <radio op="vodafone IT" rat="LTE" rsrp="-104" rsrq="-13"/>
        <radio op="I TIM" rat="LTE" rsrp="-112" rsrq="-16"/>
      </extensions>
    </trkpt>
    <trkpt lat="45.7484271" lon="10.7514318">
      <ele>116.34161968622696</ele>
      <time>2026-08-23T15:51:00.156+02:00</time>
      <extensions>
        <activity type="UNKNOWN" conf="40" state="unknown" tsMs="1787493053751"/>
        <radio op="vodafone IT" rat="LTE" rsrp="-113" rsrq="-15"/>
        <radio op="I TIM" rat="LTE" rsrp="-107" rsrq="-15"/>
      </extensions>
    </trkpt>
    <trkpt lat="45.7486572" lon="10.7512027">
      <ele>121.01715787017957</ele>
      <time>2026-08-23T15:51:10.156+02:00</time>
      <extensions>
        <activity type="UNKNOWN" conf="40" state="unknown" tsMs="1787493065539"/>
        <radio op="vodafone IT" rat="LTE" rsrp="-121" rsrq="-17"/>
        <radio op="I TIM" rat="LTE" rsrp="-107" rsrq="-13"/>
      </extensions>
    </trkpt>
    <trkpt lat="45.7485798" lon="10.7515638">
      <ele>115.26059227719736</ele>
      <time>2026-08-23T15:51:20.156+02:00</time>
      <extensions>
        <activity type="UNKNOWN" conf="40" state="unknown" tsMs="1787493076071"/>
        <radio op="vodafone IT" rat="LTE" q="9.50" rsrp="-106" sinr="0" rsrq="-13"/>
        <radio op="I TIM" rat="LTE" rsrp="-105" rsrq="-17"/>
      </extensions>
    </trkpt>
    <trkpt lat="45.7486897" lon="10.7516649">
      <ele>118.3017540131537</ele>
      <time>2026-08-23T15:51:30.156+02:00</time>
      <extensions>
        <activity type="UNKNOWN" conf="40" state="unknown" tsMs="1787493081320"/>
        <radio op="vodafone IT" rat="LTE" q="8.80" rsrp="-114" sinr="3" rsrq="-15"/>
        <radio op="I TIM" rat="LTE" rsrp="-110" rsrq="-16"/>
      </extensions>
    </trkpt>
    <trkpt lat="45.7490279" lon="10.7508483">
      <ele>124.20301114910609</ele>
      <time>2026-08-23T15:51:40.156+02:00</time>
      <extensions>
        <activity type="UNKNOWN" conf="40" state="unknown" tsMs="1787493081320"/>
        <radio op="vodafone IT" rat="LTE" rsrp="-117" rsrq="-18"/>
        <radio op="I TIM" rat="LTE" rsrp="-110" rsrq="-16"/>
      </extensions>
    </trkpt>
    <trkpt lat="45.7492486" lon="10.7501004">
      <ele>126.48181476842734</ele>
      <time>2026-08-23T15:51:50.156+02:00</time>
      <extensions>
        <activity type="UNKNOWN" conf="40" state="unknown" tsMs="1787493110254"/>
        <radio op="vodafone IT" rat="LTE" rsrp="-118" rsrq="-15"/>
        <radio op="I TIM" rat="LTE" rsrp="-107" rsrq="-15"/>
      </extensions>
    </trkpt>
    <trkpt lat="45.7495161" lon="10.7495343">
      <ele>120.96211517145233</ele>
      <time>2026-08-23T15:52:01.156+02:00</time>
      <extensions>
        <activity type="UNKNOWN" conf="40" state="unknown" tsMs="1787493110254"/>
        <radio op="vodafone IT" rat="LTE" rsrp="-113" rsrq="-17"/>
        <radio op="I TIM" rat="LTE" q="7.80" rsrp="-112" sinr="1" rsrq="-16"/>
      </extensions>
    </trkpt>
    <trkpt lat="45.7495313" lon="10.7496618">
      <ele>120.72448190689605</ele>
      <time>2026-08-23T15:52:11.157+02:00</time>
      <extensions>
        <activity type="UNKNOWN" conf="40" state="unknown" tsMs="1787493122238"/>
        <radio op="vodafone IT" rat="LTE" rsrp="-107" rsrq="-15"/>
        <radio op="I TIM" rat="LTE" rsrp="-104" rsrq="-15"/>
      </extensions>
    </trkpt>
    <trkpt lat="45.7491614" lon="10.7503266">
      <ele>121.32372183867066</ele>
      <time>2026-08-23T15:52:21.156+02:00</time>
      <extensions>
        <activity type="UNKNOWN" conf="40" state="unknown" tsMs="1787493122238"/>
        <radio op="vodafone IT" rat="LTE" rsrp="-108" rsrq="-15"/>
        <radio op="I TIM" rat="LTE" rsrp="-104" rsrq="-15"/>
      </extensions>
    </trkpt>
    <trkpt lat="45.7486774" lon="10.7509867">
      <ele>124.82863470889718</ele>
      <time>2026-08-23T15:52:31.156+02:00</time>
      <extensions>
        <activity type="ON_BICYCLE" conf="97" state="moving" tsMs="1787493150107"/>
        <radio op="vodafone IT" rat="LTE" rsrp="-109" rsrq="-15"/>
        <radio op="I TIM" rat="LTE" q="8.00" rsrp="-109" sinr="0" rsrq="-17"/>
      </extensions>
    </trkpt>
    <trkpt lat="45.7485986" lon="10.7512099">
      <ele>121.18565267563388</ele>
      <time>2026-08-23T15:52:41.156+02:00</time>
      <extensions>
        <activity type="ON_BICYCLE" conf="90" state="moving" tsMs="1787493159508"/>
        <radio op="vodafone IT" rat="LTE" rsrp="-118" rsrq="-16"/>
        <radio op="I TIM" rat="LTE" rsrp="-112" rsrq="-17"/>
      </extensions>
    </trkpt>
    <trkpt lat="45.7489899" lon="10.7506172">
      <ele>116.04944811731123</ele>
      <time>2026-08-23T15:52:51.156+02:00</time>
      <extensions>
        <activity type="UNKNOWN" conf="40" state="unknown" tsMs="1787493164537"/>
        <radio op="vodafone IT" rat="LTE" rsrp="-117" rsrq="-18"/>
        <radio op="I TIM" rat="LTE" rsrp="-107" rsrq="-15"/>
      </extensions>
    </trkpt>
    <trkpt lat="45.7492162" lon="10.7498439">
      <ele>122.19385187377974</ele>
      <time>2026-08-23T15:53:01.156+02:00</time>
      <extensions>
        <activity type="UNKNOWN" conf="40" state="unknown" tsMs="1787493177508"/>
        <radio op="vodafone IT" rat="LTE" rsrp="-114" rsrq="-17"/>
        <radio op="I TIM" rat="LTE" rsrp="-107" rsrq="-15"/>
      </extensions>
    </trkpt>
    <trkpt lat="45.7494288" lon="10.7490385">
      <ele>119.00194301436667</ele>
      <time>2026-08-23T15:53:12.156+02:00</time>
      <extensions>
        <activity type="UNKNOWN" conf="40" state="unknown" tsMs="1787493188310"/>
        <radio op="vodafone IT" rat="LTE" rsrp="-107" rsrq="-13"/>
        <radio op="I TIM" rat="LTE" rsrp="-108" rsrq="-15"/>
      </extensions>
    </trkpt>
    <trkpt lat="45.7493956" lon="10.7493763">
      <ele>118.14245501771595</ele>
      <time>2026-08-23T15:53:22.156+02:00</time>
      <extensions>
        <activity type="UNKNOWN" conf="40" state="unknown" tsMs="1787493193680"/>
        <radio op="vodafone IT" rat="LTE" rsrp="-108" rsrq="-13"/>
        <radio op="I TIM" rat="LTE" rsrp="-108" rsrq="-16"/>
      </extensions>
    </trkpt>
    <trkpt lat="45.7490673" lon="10.7500305">
      <ele>121.64625561254917</ele>
      <time>2026-08-23T15:53:32.156+02:00</time>
      <extensions>
        <activity type="UNKNOWN" conf="40" state="unknown" tsMs="1787493193680"/>
        <radio op="vodafone IT" rat="LTE" q="9.00" rsrp="-107" sinr="0" rsrq="-15"/>
        <radio op="I TIM" rat="LTE" rsrp="-103" rsrq="-16"/>
      </extensions>
    </trkpt>
    <trkpt lat="45.7485878" lon="10.7506755">
      <ele>117.01424487753488</ele>
      <time>2026-08-23T15:53:42.156+02:00</time>
      <extensions>
        <activity type="ON_BICYCLE" conf="85" state="moving" tsMs="1787493222170"/>
        <radio op="vodafone IT" rat="LTE" rsrp="-107" rsrq="-15"/>
        <radio op="I TIM" rat="LTE" rsrp="-102" rsrq="-15"/>
      </extensions>
    </trkpt>
    <trkpt lat="45.7480606" lon="10.7512047">
      <ele>117.58493396170836</ele>
      <time>2026-08-23T15:53:52.156+02:00</time>
      <extensions>
        <activity type="UNKNOWN" conf="40" state="unknown" tsMs="1787493227593"/>
        <radio op="vodafone IT" rat="LTE" rsrp="-109" rsrq="-15"/>
        <radio op="I TIM" rat="LTE" rsrp="-102" rsrq="-15"/>
      </extensions>
    </trkpt>
    <trkpt lat="45.7475467" lon="10.7517091">
      <ele>119.30021393044484</ele>
      <time>2026-08-23T15:54:02.156+02:00</time>
      <extensions>
        <activity type="ON_BICYCLE" conf="95" state="moving" tsMs="1787493238377"/>
        <radio op="vodafone IT" rat="LTE" rsrp="-106" rsrq="-14"/>
        <radio op="I TIM" rat="LTE" q="12.50" rsrp="-100" sinr="0" rsrq="-15"/>
      </extensions>
    </trkpt>
    <trkpt lat="45.7473434" lon="10.7519964">
      <ele>120.69277314406787</ele>
      <time>2026-08-23T15:54:12.156+02:00</time>
      <extensions>
        <activity type="ON_BICYCLE" conf="78" state="moving" tsMs="1787493249321"/>
        <radio op="vodafone IT" rat="LTE" rsrp="-116" rsrq="-18"/>
        <radio op="I TIM" rat="LTE" rsrp="-107" rsrq="-16"/>
      </extensions>
    </trkpt>
    <trkpt lat="45.7476961" lon="10.7514502">
      <ele>113.62763877576552</ele>
      <time>2026-08-23T15:54:22.156+02:00</time>
      <extensions>
        <activity type="UNKNOWN" conf="40" state="unknown" tsMs="1787493259777"/>
        <radio op="vodafone IT" rat="LTE" rsrp="-113" rsrq="-15"/>
        <radio op="I TIM" rat="LTE" rsrp="-106" rsrq="-15"/>
      </extensions>
    </trkpt>
    <trkpt lat="45.7480004" lon="10.7506335">
      <ele>114.90711258000397</ele>
      <time>2026-08-23T15:54:33.156+02:00</time>
      <extensions>
        <activity type="UNKNOWN" conf="40" state="unknown" tsMs="1787493270532"/>
        <radio op="vodafone IT" rat="LTE" rsrp="-110" rsrq="-17"/>
        <radio op="I TIM" rat="LTE" rsrp="-105" rsrq="-17"/>
      </extensions>
    </trkpt>
    <trkpt lat="45.7478557" lon="10.7511729">
      <ele>116.45101394269948</ele>
      <time>2026-08-23T15:54:43.156+02:00</time>
      <extensions>
        <activity type="UNKNOWN" conf="40" state="unknown" tsMs="1787493283039"/>
        <radio op="vodafone IT" rat="LTE" rsrp="-103" rsrq="-15"/>
        <radio op="I TIM" rat="LTE" q="11.50" rsrp="-102" sinr="0" rsrq="-15"/>
      </extensions>
    </trkpt>
    <trkpt lat="45.7473701" lon="10.7517893">
      <ele>114.48198060518337</ele>
      <time>2026-08-23T15:54:53.156+02:00</time>
      <extensions>
        <activity type="UNKNOWN" conf="40" state="unknown" tsMs="1787493288444"/>
        <radio op="vodafone IT" rat="LTE" rsrp="-105" rsrq="-16"/>
        <radio op="I TIM" rat="LTE" rsrp="-99" rsrq="-14"/>
      </extensions>
    </trkpt>
    <trkpt lat="45.7470883" lon="10.7522432">
      <ele>113.93677661446762</ele>
      <time>2026-08-23T15:55:03.156+02:00</time>
      <extensions>
        <activity type="ON_BICYCLE" conf="72" state="moving" tsMs="1787493299276"/>
        <radio op="vodafone IT" rat="LTE" rsrp="-113" rsrq="-17"/>
        <radio op="I TIM" rat="LTE" q="11.40" rsrp="-106" sinr="1" rsrq="-15"/>
      </extensions>
    </trkpt>
    <trkpt lat="45.7474642" lon="10.7517082">
      <ele>106.58261492321267</ele>
      <time>2026-08-23T15:55:13.156+02:00</time>
      <extensions>
        <activity type="ON_BICYCLE" conf="83" state="moving" tsMs="1787493304626"/>
        <radio op="vodafone IT" rat="LTE" rsrp="-113" rsrq="-16"/>
        <radio op="I TIM" rat="LTE" rsrp="-104" rsrq="-15"/>
      </extensions>
    </trkpt>
    <trkpt lat="45.7477628" lon="10.7512735">
      <ele>109.12862116225153</ele>
      <time>2026-08-23T15:55:23.156+02:00</time>
      <extensions>
        <activity type="UNKNOWN" conf="40" state="unknown" tsMs="1787493320502"/>
        <radio op="vodafone IT" rat="LTE" rsrp="-105" rsrq="-14"/>
        <radio op="I TIM" rat="LTE" q="10.00" rsrp="-105" sinr="0" rsrq="-16"/>
      </extensions>
    </trkpt>
    <trkpt lat="45.747446" lon="10.7518295">
      <ele>106.1607954521677</ele>
      <time>2026-08-23T15:55:33.156+02:00</time>
      <extensions>
        <activity type="UNKNOWN" conf="40" state="unknown" tsMs="1787493331164"/>
        <radio op="vodafone IT" rat="LTE" rsrp="-105" rsrq="-14"/>
        <radio op="I TIM" rat="LTE" rsrp="-102" rsrq="-15"/>
      </extensions>
    </trkpt>
    <trkpt lat="45.7469253" lon="10.7525763">
      <ele>107.88670639534303</ele>
      <time>2026-08-23T15:55:44.156+02:00</time>
      <extensions>
        <activity type="UNKNOWN" conf="40" state="unknown" tsMs="1787493341974"/>
        <radio op="vodafone IT" rat="LTE" q="14.70" rsrp="-104" sinr="2" rsrq="-13"/>
        <radio op="I TIM" rat="LTE" rsrp="-99" rsrq="-13"/>
      </extensions>
    </trkpt>
    <trkpt lat="45.7464114" lon="10.7532654">
      <ele>109.00384094655001</ele>
      <time>2026-08-23T15:55:54.156+02:00</time>
      <extensions>
        <activity type="UNKNOWN" conf="40" state="unknown" tsMs="1787493352748"/>
        <radio op="vodafone IT" rat="LTE" rsrp="-104" rsrq="-13"/>
        <radio op="I TIM" rat="LTE" q="12.00" rsrp="-101" sinr="0" rsrq="-15"/>
      </extensions>
    </trkpt>
    <trkpt lat="45.7461543" lon="10.753697">
      <ele>112.1101034209852</ele>
      <time>2026-08-23T15:56:04.156+02:00</time>
      <extensions>
        <activity type="UNKNOWN" conf="40" state="unknown" tsMs="1787493363516"/>
        <radio op="vodafone IT" rat="LTE" rsrp="-113" rsrq="-15"/>
        <radio op="I TIM" rat="LTE" rsrp="-107" rsrq="-16"/>
      </extensions>
    </trkpt>
    <trkpt lat="45.7464978" lon="10.7530642">
      <ele>109.45507395883446</ele>
      <time>2026-08-23T15:56:14.157+02:00</time>
      <extensions>
        <activity type="ON_BICYCLE" conf="88" state="moving" tsMs="1787493374173"/>
        <radio op="vodafone IT" rat="LTE" rsrp="-114" rsrq="-12"/>
        <radio op="I TIM" rat="LTE" q="7.50" rsrp="-110" sinr="0" rsrq="-16"/>
      </extensions>
    </trkpt>
    <trkpt lat="45.7468694" lon="10.7523026">
      <ele>103.86130330122606</ele>
      <time>2026-08-23T15:56:24.156+02:00</time>
      <extensions>
        <activity type="UNKNOWN" conf="40" state="unknown" tsMs="1787493384927"/>
        <radio op="vodafone IT" rat="LTE" rsrp="-116" rsrq="-17"/>
        <radio op="I TIM" rat="LTE" rsrp="-108" rsrq="-17"/>
      </extensions>
    </trkpt>
    <trkpt lat="45.7472346" lon="10.7514827">
      <ele>105.79814891329275</ele>
      <time>2026-08-23T15:56:34.156+02:00</time>
      <extensions>
        <activity type="UNKNOWN" conf="40" state="unknown" tsMs="1787493390324"/>
        <radio op="vodafone IT" rat="LTE" rsrp="-107" rsrq="-14"/>
        <radio op="I TIM" rat="LTE" rsrp="-106" rsrq="-17"/>
      </extensions>
    </trkpt>
    <trkpt lat="45.7476284" lon="10.7506516">
      <ele>103.85961341577988</ele>
      <time>2026-08-23T15:56:44.156+02:00</time>
      <extensions>
        <activity type="UNKNOWN" conf="40" state="unknown" tsMs="1787493401079"/>
        <radio op="vodafone IT" rat="LTE" q="12.00" rsrp="-110" sinr="3" rsrq="-15"/>
        <radio op="I TIM" rat="LTE" rsrp="-104" rsrq="-15"/>
      </extensions>
    </trkpt>
    <trkpt lat="45.7478913" lon="10.7502054">
      <ele>101.57285998151914</ele>
      <time>2026-08-23T15:56:54.156+02:00</time>
      <extensions>
        <activity type="ON_FOOT" conf="82" state="moving" tsMs="1787493406476"/>
        <radio op="vodafone IT" rat="LTE" rsrp="-106" rsrq="-15"/>
        <radio op="I TIM" rat="LTE" rsrp="-106" rsrq="-15"/>
      </extensions>
    </trkpt>
    <trkpt lat="45.7480889" lon="10.749915">
      <ele>99.98160340313822</ele>
      <time>2026-08-23T15:57:05.156+02:00</time>
      <extensions>
        <activity type="UNKNOWN" conf="40" state="unknown" tsMs="1787493416142"/>
        <radio op="vodafone IT" rat="LTE" rsrp="-116" rsrq="-15"/>
        <radio op="I TIM" rat="LTE" rsrp="-108" rsrq="-16"/>
      </extensions>
    </trkpt>
    <trkpt lat="45.7483693" lon="10.7495436">
      <ele>98.096476281445</ele>
      <time>2026-08-23T15:57:15.156+02:00</time>
      <extensions>
        <activity type="UNKNOWN" conf="40" state="unknown" tsMs="1787493430705"/>
        <radio op="vodafone IT" rat="LTE" rsrp="-112" rsrq="-17"/>
        <radio op="I TIM" rat="LTE" rsrp="-108" rsrq="-15"/>
      </extensions>
    </trkpt>
    <trkpt lat="45.7483175" lon="10.7499042">
      <ele>101.01072254760366</ele>
      <time>2026-08-23T15:57:25.156+02:00</time>
      <extensions>
        <activity type="UNKNOWN" conf="40" state="unknown" tsMs="1787493436048"/>
        <radio op="vodafone IT" rat="LTE" q="13.60" rsrp="-108" sinr="3" rsrq="-13"/>
        <radio op="I TIM" rat="LTE" rsrp="-103" rsrq="-15"/>
      </extensions>
    </trkpt>
    <trkpt lat="45.7479445" lon="10.7506385">
      <ele>104.68962190910557</ele>
      <time>2026-08-23T15:57:35.156+02:00</time>
      <extensions>
        <activity type="UNKNOWN" conf="40" state="unknown" tsMs="1787493436048"/>
        <radio op="vodafone IT" rat="LTE" q="10.40" rsrp="-112" sinr="3" rsrq="-15"/>
        <radio op="I TIM" rat="LTE" rsrp="-106" rsrq="-15"/>
      </extensions>
    </trkpt>
    <trkpt lat="45.7482554" lon="10.7502123">
      <ele>99.15797842815093</ele>
      <time>2026-08-23T15:57:45.156+02:00</time>
      <extensions>
        <activity type="UNKNOWN" conf="40" state="unknown" tsMs="1787493441840"/>
        <radio op="vodafone IT" rat="LTE" rsrp="-103" rsrq="-14"/>
        <radio op="I TIM" rat="LTE" rsrp="-109" rsrq="-15"/>
      </extensions>
    </trkpt>
    <trkpt lat="45.7489402" lon="10.7488148">
      <ele>97.23789266057602</ele>
      <time>2026-08-23T15:58:05.156+02:00</time>
      <extensions>
        <activity type="UNKNOWN" conf="40" state="unknown" tsMs="1787493484520"/>
        <radio op="vodafone IT" rat="LTE" rsrp="-114" rsrq="-15"/>
        <radio op="I TIM" rat="LTE" rsrp="-108" rsrq="-15"/>
      </extensions>
    </trkpt>
    <trkpt lat="45.7489858" lon="10.748801">
      <ele>101.62947138580944</ele>
      <time>2026-08-23T15:58:15.18+02:00</time>
      <extensions>
        <activity type="UNKNOWN" conf="40" state="unknown" tsMs="1787493494746"/>
        <radio op="vodafone IT" rat="LTE" rsrp="-109" rsrq="-14"/>
        <radio op="I TIM" rat="LTE" rsrp="-110" rsrq="-16"/>
      </extensions>
    </trkpt>
    <trkpt lat="45.7486858" lon="10.7497104">
      <ele>100.53863641008112</ele>
      <time>2026-08-23T15:58:26.156+02:00</time>
      <extensions>
        <activity type="UNKNOWN" conf="40" state="unknown" tsMs="1787493494746"/>
        <radio op="vodafone IT" rat="LTE" rsrp="-106" rsrq="-14"/>
        <radio op="I TIM" rat="LTE" rsrp="-106" rsrq="-15"/>
      </extensions>
    </trkpt>
    <trkpt lat="45.748317" lon="10.7504858">
      <ele>97.43244525402955</ele>
      <time>2026-08-23T15:58:36.156+02:00</time>
      <extensions>
        <activity type="ON_BICYCLE" conf="84" state="moving" tsMs="1787493498478"/>
        <radio op="vodafone IT" rat="LTE" rsrp="-108" rsrq="-14"/>
        <radio op="I TIM" rat="LTE" rsrp="-107" rsrq="-14"/>
      </extensions>
    </trkpt>
    <trkpt lat="45.7478786" lon="10.7511669">
      <ele>102.39949758754221</ele>
      <time>2026-08-23T15:58:46.156+02:00</time>
      <extensions>
        <activity type="UNKNOWN" conf="40" state="unknown" tsMs="1787493526260"/>
        <radio op="vodafone IT" rat="LTE" rsrp="-104" rsrq="-15"/>
        <radio op="I TIM" rat="LTE" rsrp="-108" rsrq="-16"/>
      </extensions>
    </trkpt>
    <trkpt lat="45.7476556" lon="10.751793">
      <ele>106.70735623625234</ele>
      <time>2026-08-23T15:58:56.156+02:00</time>
      <extensions>
        <activity type="ON_BICYCLE" conf="97" state="moving" tsMs="1787493531660"/>
        <radio op="vodafone IT" rat="LTE" q="9.50" rsrp="-106" sinr="0" rsrq="-14"/>
        <radio op="I TIM" rat="LTE" q="9.50" rsrp="-106" sinr="0" rsrq="-15"/>
      </extensions>
    </trkpt>
    <trkpt lat="45.7472089" lon="10.7525929">
      <ele>101.57164187239258</ele>
      <time>2026-08-23T15:59:06.156+02:00</time>
      <extensions>
        <activity type="ON_BICYCLE" conf="93" state="moving" tsMs="1787493542315"/>
        <radio op="vodafone IT" rat="LTE" rsrp="-106" rsrq="-16"/>
        <radio op="I TIM" rat="LTE" rsrp="-103" rsrq="-16"/>
      </extensions>
    </trkpt>
    <trkpt lat="45.7470181" lon="10.7530056">
      <ele>103.38732078891393</ele>
      <time>2026-08-23T15:59:16.281+02:00</time>
      <extensions>
        <activity type="UNKNOWN" conf="40" state="unknown" tsMs="1787493556451"/>
        <radio op="vodafone IT" rat="LTE" rsrp="-123" rsrq="-14"/>
        <radio op="I TIM" rat="LTE" rsrp="-121" rsrq="-20"/>
      </extensions>
    </trkpt>
    <trkpt lat="45.7473148" lon="10.7527146">
      <ele>101.31883021034218</ele>
      <time>2026-08-23T15:59:26.156+02:00</time>
      <extensions>
        <activity type="UNKNOWN" conf="40" state="unknown" tsMs="1787493566981"/>
        <radio op="vodafone IT" rat="LTE" rsrp="-114" rsrq="-13"/>
        <radio op="I TIM" rat="LTE" q="10.20" rsrp="-108" sinr="1" rsrq="-15"/>
      </extensions>
    </trkpt>
    <trkpt lat="45.7477479" lon="10.7518435">
      <ele>102.4448653870719</ele>
      <time>2026-08-23T15:59:37.156+02:00</time>
      <extensions>
        <activity type="UNKNOWN" conf="40" state="unknown" tsMs="1787493572090"/>
        <radio op="vodafone IT" rat="LTE" rsrp="-116" rsrq="-14"/>
        <radio op="I TIM" rat="LTE" rsrp="-110" rsrq="-16"/>
      </extensions>
    </trkpt>
    <trkpt lat="45.7480606" lon="10.7514368">
      <ele>108.84701178377956</ele>
      <time>2026-08-23T15:59:47.157+02:00</time>
      <extensions>
        <activity type="UNKNOWN" conf="40" state="unknown" tsMs="1787493583005"/>
        <radio op="vodafone IT" rat="LTE" q="9.00" rsrp="-110" sinr="1" rsrq="-11"/>
        <radio op="I TIM" rat="LTE" rsrp="-107" rsrq="-15"/>
      </extensions>
    </trkpt>
    <trkpt lat="45.7484569" lon="10.7506746">
      <ele>105.46947921839808</ele>
      <time>2026-08-23T15:59:57.156+02:00</time>
      <extensions>
        <activity type="UNKNOWN" conf="40" state="unknown" tsMs="1787493593525"/>
        <radio op="vodafone IT" rat="LTE" rsrp="-100" rsrq="-13"/>
        <radio op="I TIM" rat="LTE" q="12.00" rsrp="-105" sinr="1" rsrq="-15"/>
      </extensions>
    </trkpt>
    <trkpt lat="45.7487848" lon="10.7503943">
      <ele>104.2582476291058</ele>
      <time>2026-08-23T16:00:07.156+02:00</time>
      <extensions>
        <activity type="UNKNOWN" conf="40" state="unknown" tsMs="1787493606507"/>
        <radio op="vodafone IT" rat="LTE" rsrp="-114" rsrq="-18"/>
        <radio op="I TIM" rat="LTE" rsrp="-104" rsrq="-15"/>
      </extensions>
    </trkpt>
    <trkpt lat="45.7491379" lon="10.7499339">
      <ele>96.45169122940028</ele>
      <time>2026-08-23T16:00:17.156+02:00</time>
      <extensions>
        <activity type="UNKNOWN" conf="40" state="unknown" tsMs="1787493617252"/>
        <radio op="vodafone IT" rat="LTE" rsrp="-109" rsrq="-13"/>
        <radio op="I TIM" rat="LTE" rsrp="-107" rsrq="-17"/>
      </extensions>
    </trkpt>
    <trkpt lat="45.7488228" lon="10.7507733">
      <ele>107.37869649731066</ele>
      <time>2026-08-23T16:00:27.156+02:00</time>
      <extensions>
        <activity type="UNKNOWN" conf="40" state="unknown" tsMs="1787493627915"/>
        <radio op="vodafone IT" rat="LTE" rsrp="-110" rsrq="-15"/>
        <radio op="I TIM" rat="LTE" rsrp="-105" rsrq="-16"/>
      </extensions>
    </trkpt>
    <trkpt lat="45.7485264" lon="10.7513499">
      <ele>112.45630609979328</ele>
      <time>2026-08-23T16:00:37.156+02:00</time>
      <extensions>
        <activity type="ON_BICYCLE" conf="76" state="moving" tsMs="1787493633335"/>
        <radio op="vodafone IT" rat="LTE" rsrp="-105" rsrq="-15"/>
        <radio op="I TIM" rat="LTE" rsrp="-105" rsrq="-16"/>
      </extensions>
    </trkpt>
    <trkpt lat="45.7489717" lon="10.7505393">
      <ele>106.69086576130755</ele>
      <time>2026-08-23T16:00:48.156+02:00</time>
      <extensions>
        <activity type="ON_BICYCLE" conf="82" state="moving" tsMs="1787493644193"/>
        <radio op="vodafone IT" rat="LTE" q="6.00" rsrp="-113" sinr="0" rsrq="-15"/>
        <radio op="I TIM" rat="LTE" rsrp="-107" rsrq="-17"/>
      </extensions>
    </trkpt>
    <trkpt lat="45.7492478" lon="10.750175">
      <ele>104.34498004540633</ele>
      <time>2026-08-23T16:00:58.156+02:00</time>
      <extensions>
        <activity type="UNKNOWN" conf="40" state="unknown" tsMs="1787493655012"/>
        <radio op="vodafone IT" rat="LTE" rsrp="-114" rsrq="-15"/>
        <radio op="I TIM" rat="LTE" rsrp="-106" rsrq="-15"/>
      </extensions>
    </trkpt>
    <trkpt lat="45.7494295" lon="10.7500729">
      <ele>103.10416505551316</ele>
      <time>2026-08-23T16:01:08.156+02:00</time>
      <extensions>
        <activity type="UNKNOWN" conf="40" state="unknown" tsMs="1787493664607"/>
        <radio op="vodafone IT" rat="LTE" rsrp="-110" rsrq="-14"/>
        <radio op="I TIM" rat="LTE" rsrp="-103" rsrq="-16"/>
      </extensions>
    </trkpt>
    <trkpt lat="45.7490808" lon="10.7508697">
      <ele>108.6785616931892</ele>
      <time>2026-08-23T16:01:18.156+02:00</time>
      <extensions>
        <activity type="UNKNOWN" conf="40" state="unknown" tsMs="1787493676174"/>
        <radio op="vodafone IT" rat="LTE" rsrp="-109" rsrq="-15"/>
        <radio op="I TIM" rat="LTE" rsrp="-105" rsrq="-16"/>
      </extensions>
    </trkpt>
    <trkpt lat="45.7485974" lon="10.7515861">
      <ele>106.75237057138723</ele>
      <time>2026-08-23T16:01:28.156+02:00</time>
      <extensions>
        <activity type="UNKNOWN" conf="40" state="unknown" tsMs="1787493686928"/>
        <radio op="vodafone IT" rat="LTE" rsrp="-106" rsrq="-16"/>
        <radio op="I TIM" rat="LTE" rsrp="-102" rsrq="-15"/>
      </extensions>
    </trkpt>
    <trkpt lat="45.748121" lon="10.7522518">
      <ele>106.32861536784203</ele>
      <time>2026-08-23T16:01:38.156+02:00</time>
      <extensions>
        <activity type="ON_BICYCLE" conf="87" state="moving" tsMs="1787493697715"/>
        <radio op="vodafone IT" rat="LTE" q="8.50" rsrp="-108" sinr="0" rsrq="-13"/>
        <radio op="I TIM" rat="LTE" rsrp="-103" rsrq="-16"/>
      </extensions>
    </trkpt>
    <trkpt lat="45.7482061" lon="10.7523144">
      <ele>108.59715041418158</ele>
      <time>2026-08-23T16:01:48.156+02:00</time>
      <extensions>
        <activity type="UNKNOWN" conf="40" state="unknown" tsMs="1787493708397"/>
        <radio op="vodafone IT" rat="LTE" rsrp="-111" rsrq="-16"/>
        <radio op="I TIM" rat="LTE" rsrp="-107" rsrq="-16"/>
      </extensions>
    </trkpt>
    <trkpt lat="45.7487086" lon="10.7516616">
      <ele>103.66260733373733</ele>
      <time>2026-08-23T16:01:59.156+02:00</time>
      <extensions>
        <activity type="UNKNOWN" conf="40" state="unknown" tsMs="1787493719032"/>
        <radio op="vodafone IT" rat="LTE" q="9.60" rsrp="-113" sinr="3" rsrq="-15"/>
        <radio op="I TIM" rat="LTE" rsrp="-107" rsrq="-15"/>
      </extensions>
    </trkpt>
    <trkpt lat="45.749174" lon="10.7509696">
      <ele>103.10624388478145</ele>
      <time>2026-08-23T16:02:09.156+02:00</time>
      <extensions>
        <activity type="UNKNOWN" conf="40" state="unknown" tsMs="1787493724429"/>
        <radio op="vodafone IT" rat="LTE" rsrp="-108" rsrq="-15"/>
        <radio op="I TIM" rat="LTE" rsrp="-107" rsrq="-17"/>
      </extensions>
    </trkpt>
    <trkpt lat="45.7495916" lon="10.7503757">
      <ele>112.68764139359133</ele>
      <time>2026-08-23T16:02:19.156+02:00</time>
      <extensions>
        <activity type="ON_BICYCLE" conf="76" state="moving" tsMs="1787493735205"/>
        <radio op="vodafone IT" rat="LTE" rsrp="-114" rsrq="-16"/>
        <radio op="I TIM" rat="LTE" rsrp="-108" rsrq="-16"/>
      </extensions>
    </trkpt>
    <trkpt lat="45.7498239" lon="10.7503049">
      <ele>106.45772187766283</ele>
      <time>2026-08-23T16:02:29.156+02:00</time>
      <extensions>
        <activity type="UNKNOWN" conf="40" state="unknown" tsMs="1787493745989"/>
        <radio op="vodafone IT" rat="LTE" q="8.50" rsrp="-108" sinr="0" rsrq="-13"/>
        <radio op="I TIM" rat="LTE" q="9.50" rsrp="-106" sinr="0" rsrq="-16"/>
      </extensions>
    </trkpt>
    <trkpt lat="45.7494746" lon="10.7510852">
      <ele>102.71714390471382</ele>
      <time>2026-08-23T16:02:39.156+02:00</time>
      <extensions>
        <activity type="UNKNOWN" conf="40" state="unknown" tsMs="1787493756725"/>
        <radio op="vodafone IT" rat="LTE" rsrp="-103" rsrq="-14"/>
        <radio op="I TIM" rat="LTE" rsrp="-100" rsrq="-14"/>
      </extensions>
    </trkpt>
    <trkpt lat="45.7491544" lon="10.7517291">
      <ele>106.49318941764146</ele>
      <time>2026-08-23T16:02:49.156+02:00</time>
      <extensions>
        <activity type="ON_BICYCLE" conf="99" state="moving" tsMs="1787493767502"/>
        <radio op="vodafone IT" rat="LTE" q="20.90" rsrp="-106" sinr="6" rsrq="-13"/>
        <radio op="I TIM" rat="LTE" rsrp="-108" rsrq="-16"/>
      </extensions>
    </trkpt>
    <trkpt lat="45.7488117" lon="10.7526756">
      <ele>107.78418997613741</ele>
      <time>2026-08-23T16:03:00.156+02:00</time>
      <extensions>
        <activity type="ON_BICYCLE" conf="78" state="moving" tsMs="1787493778265"/>
        <radio op="vodafone IT" rat="LTE" q="9.50" rsrp="-106" sinr="0" rsrq="-12"/>
        <radio op="I TIM" rat="LTE" q="16.00" rsrp="-105" sinr="3" rsrq="-11"/>
      </extensions>
    </trkpt>
    <trkpt lat="45.7483822" lon="10.7535647">
      <ele>110.32990107766275</ele>
      <time>2026-08-23T16:03:10.156+02:00</time>
      <extensions>
        <activity type="UNKNOWN" conf="40" state="unknown" tsMs="1787493789020"/>
        <radio op="vodafone IT" rat="LTE" q="13.20" rsrp="-103" sinr="1" rsrq="-12"/>
        <radio op="I TIM" rat="LTE" q="11.90" rsrp="-108" sinr="2" rsrq="-12"/>
      </extensions>
    </trkpt>
    <trkpt lat="45.74834" lon="10.7538685">
      <ele>109.21184628501759</ele>
      <time>2026-08-23T16:03:20.156+02:00</time>
      <extensions>
        <activity type="UNKNOWN" conf="40" state="unknown" tsMs="1787493794408"/>
        <radio op="vodafone IT" rat="LTE" rsrp="-107" rsrq="-14"/>
        <radio op="I TIM" rat="LTE" rsrp="-103" rsrq="-16"/>
      </extensions>
    </trkpt>
    <trkpt lat="45.7480937" lon="10.7545182">
      <ele>106.69145698457172</ele>
      <time>2026-08-23T16:03:30.156+02:00</time>
      <extensions>
        <activity type="UNKNOWN" conf="40" state="unknown" tsMs="1787493794408"/>
        <radio op="vodafone IT" rat="LTE" rsrp="-106" rsrq="-14"/>
        <radio op="I TIM" rat="LTE" rsrp="-105" rsrq="-15"/>
      </extensions>
    </trkpt>
    <trkpt lat="45.747771" lon="10.7551403">
      <ele>108.45835781996195</ele>
      <time>2026-08-23T16:03:40.156+02:00</time>
      <extensions>
        <activity type="UNKNOWN" conf="40" state="unknown" tsMs="1787493798795"/>
        <radio op="vodafone IT" rat="LTE" rsrp="-107" rsrq="-15"/>
        <radio op="I TIM" rat="LTE" rsrp="-105" rsrq="-15"/>
      </extensions>
    </trkpt>
    <trkpt lat="45.7478077" lon="10.7551888">
      <ele>113.56878634589415</ele>
      <time>2026-08-23T16:03:50.156+02:00</time>
      <extensions>
        <activity type="UNKNOWN" conf="40" state="unknown" tsMs="1787493828719"/>
        <radio op="vodafone IT" rat="LTE" q="5.00" rsrp="-115" sinr="0" rsrq="-16"/>
        <radio op="I TIM" rat="LTE" rsrp="-109" rsrq="-18"/>
      </extensions>
    </trkpt>
    <trkpt lat="45.748188" lon="10.7546026">
      <ele>109.57031353644393</ele>
      <time>2026-08-23T16:04:00.156+02:00</time>
      <extensions>
        <activity type="UNKNOWN" conf="40" state="unknown" tsMs="1787493839265"/>
        <radio op="vodafone IT" rat="LTE" q="6.00" rsrp="-113" sinr="0" rsrq="-15"/>
        <radio op="I TIM" rat="LTE" rsrp="-110" rsrq="-17"/>
      </extensions>
    </trkpt>
    <trkpt lat="45.7485075" lon="10.7537451">
      <ele>108.67052862112651</ele>
      <time>2026-08-23T16:04:11.156+02:00</time>
      <extensions>
        <activity type="UNKNOWN" conf="40" state="unknown" tsMs="1787493849994"/>
        <radio op="vodafone IT" rat="LTE" rsrp="-114" rsrq="-15"/>
        <radio op="I TIM" rat="LTE" rsrp="-107" rsrq="-17"/>
      </extensions>
    </trkpt>
    <trkpt lat="45.7488054" lon="10.7529671">
      <ele>107.48207974777199</ele>
      <time>2026-08-23T16:04:21.156+02:00</time>
      <extensions>
        <activity type="UNKNOWN" conf="40" state="unknown" tsMs="1787493860815"/>
        <radio op="vodafone IT" rat="LTE" rsrp="-110" rsrq="-15"/>
        <radio op="I TIM" rat="LTE" rsrp="-107" rsrq="-17"/>
      </extensions>
    </trkpt>
    <trkpt lat="45.7490891" lon="10.7521279">
      <ele>108.95657881271958</ele>
      <time>2026-08-23T16:04:31.156+02:00</time>
      <extensions>
        <activity type="UNKNOWN" conf="40" state="unknown" tsMs="1787493871554"/>
        <radio op="vodafone IT" rat="LTE" rsrp="-114" rsrq="-16"/>
        <radio op="I TIM" rat="LTE" rsrp="-109" rsrq="-16"/>
      </extensions>
    </trkpt>
    <trkpt lat="45.7493732" lon="10.7513087">
      <ele>109.41431750515736</ele>
      <time>2026-08-23T16:04:41.156+02:00</time>
      <extensions>
        <activity type="UNKNOWN" conf="40" state="unknown" tsMs="1787493876904"/>
        <radio op="vodafone IT" rat="LTE" rsrp="-115" rsrq="-16"/>
        <radio op="I TIM" rat="LTE" rsrp="-109" rsrq="-18"/>
      </extensions>
    </trkpt>
    <trkpt lat="45.7496964" lon="10.7503353">
      <ele>107.55565197061671</ele>
      <time>2026-08-23T16:04:51.156+02:00</time>
      <extensions>
        <activity type="UNKNOWN" conf="40" state="unknown" tsMs="1787493887505"/>
        <radio op="vodafone IT" rat="LTE" rsrp="-117" rsrq="-19"/>
        <radio op="I TIM" rat="LTE" rsrp="-109" rsrq="-15"/>
      </extensions>
    </trkpt>
    <trkpt lat="45.7499337" lon="10.749943">
      <ele>103.44920923951702</ele>
      <time>2026-08-23T16:05:01.157+02:00</time>
      <extensions>
        <activity type="UNKNOWN" conf="40" state="unknown" tsMs="1787493900477"/>
        <radio op="vodafone IT" rat="LTE" rsrp="-112" rsrq="-17"/>
        <radio op="I TIM" rat="LTE" rsrp="-105" rsrq="-15"/>
      </extensions>
    </trkpt>
    <trkpt lat="45.7499547" lon="10.7503869">
      <ele>102.98930482204437</ele>
      <time>2026-08-23T16:05:12.156+02:00</time>
      <extensions>
        <activity type="UNKNOWN" conf="40" state="unknown" tsMs="1787493911167"/>
        <radio op="vodafone IT" rat="LTE" rsrp="-106" rsrq="-14"/>
        <radio op="I TIM" rat="LTE" rsrp="-104" rsrq="-16"/>
      </extensions>
    </trkpt>
    <trkpt lat="45.7497251" lon="10.7511288">
      <ele>101.33937345242734</ele>
      <time>2026-08-23T16:05:22.156+02:00</time>
      <extensions>
        <activity type="UNKNOWN" conf="40" state="unknown" tsMs="1787493921959"/>
        <radio op="vodafone IT" rat="LTE" rsrp="-106" rsrq="-13"/>
        <radio op="I TIM" rat="LTE" rsrp="-104" rsrq="-15"/>
      </extensions>
    </trkpt>
    <trkpt lat="45.749368" lon="10.7518713">
      <ele>103.86436475116363</ele>
      <time>2026-08-23T16:05:32.156+02:00</time>
      <extensions>
        <activity type="UNKNOWN" conf="40" state="unknown" tsMs="1787493927413"/>
        <radio op="vodafone IT" rat="LTE" rsrp="-106" rsrq="-15"/>
        <radio op="I TIM" rat="LTE" rsrp="-103" rsrq="-16"/>
      </extensions>
    </trkpt>
    <trkpt lat="45.7489699" lon="10.7525759">
      <ele>104.50185207402848</ele>
      <time>2026-08-23T16:05:42.156+02:00</time>
      <extensions>
        <activity type="ON_BICYCLE" conf="83" state="moving" tsMs="1787493938219"/>
        <radio op="vodafone IT" rat="LTE" q="11.40" rsrp="-106" sinr="1" rsrq="-13"/>
        <radio op="I TIM" rat="LTE" rsrp="-107" rsrq="-16"/>
      </extensions>
    </trkpt>
    <trkpt lat="45.7485834" lon="10.7533431">
      <ele>107.18198787966439</ele>
      <time>2026-08-23T16:05:52.156+02:00</time>
      <extensions>
        <activity type="ON_BICYCLE" conf="75" state="moving" tsMs="1787493949008"/>
        <radio op="vodafone IT" rat="LTE" rsrp="-106" rsrq="-13"/>
        <radio op="I TIM" rat="LTE" q="14.00" rsrp="-105" sinr="2" rsrq="-15"/>
      </extensions>
    </trkpt>
    <trkpt lat="45.7488192" lon="10.7530153">
      <ele>103.79478050609255</ele>
      <time>2026-08-23T16:06:02.156+02:00</time>
      <extensions>
        <activity type="UNKNOWN" conf="40" state="unknown" tsMs="1787493959686"/>
        <radio op="vodafone IT" rat="LTE" rsrp="-115" rsrq="-16"/>
        <radio op="I TIM" rat="LTE" rsrp="-105" rsrq="-15"/>
      </extensions>
    </trkpt>
    <trkpt lat="45.7491739" lon="10.7521984">
      <ele>102.52037374547801</ele>
      <time>2026-08-23T16:06:13.156+02:00</time>
      <extensions>
        <activity type="UNKNOWN" conf="40" state="unknown" tsMs="1787493970262"/>
        <radio op="vodafone IT" rat="LTE" rsrp="-115" rsrq="-18"/>
        <radio op="I TIM" rat="LTE" rsrp="-108" rsrq="-16"/>
      </extensions>
    </trkpt>
    <trkpt lat="45.7494473" lon="10.7515954">
      <ele>102.91803775564173</ele>
      <time>2026-08-23T16:06:23.156+02:00</time>
      <extensions>
        <activity type="UNKNOWN" conf="40" state="unknown" tsMs="1787493981035"/>
        <radio op="vodafone IT" rat="LTE" rsrp="-119" rsrq="-17"/>
        <radio op="I TIM" rat="LTE" rsrp="-109" rsrq="-15"/>
      </extensions>
    </trkpt>
    <trkpt lat="45.7493639" lon="10.7519775">
      <ele>99.70378824642721</ele>
      <time>2026-08-23T16:06:33.156+02:00</time>
      <extensions>
        <activity type="UNKNOWN" conf="40" state="unknown" tsMs="1787493991709"/>
        <radio op="vodafone IT" rat="LTE" rsrp="-108" rsrq="-15"/>
        <radio op="I TIM" rat="LTE" rsrp="-107" rsrq="-16"/>
      </extensions>
    </trkpt>
    <trkpt lat="45.7490375" lon="10.7528011">
      <ele>102.817109923348</ele>
      <time>2026-08-23T16:06:43.156+02:00</time>
      <extensions>
        <activity type="ON_BICYCLE" conf="84" state="moving" tsMs="1787494002525"/>
        <radio op="vodafone IT" rat="LTE" q="7.50" rsrp="-110" sinr="0" rsrq="-14"/>
        <radio op="I TIM" rat="LTE" rsrp="-108" rsrq="-16"/>
      </extensions>
    </trkpt>
    <trkpt lat="45.748606" lon="10.7537358">
      <ele>105.56961096825864</ele>
      <time>2026-08-23T16:06:53.156+02:00</time>
      <extensions>
        <activity type="ON_BICYCLE" conf="84" state="moving" tsMs="1787494013300"/>
        <radio op="vodafone IT" rat="LTE" rsrp="-113" rsrq="-16"/>
        <radio op="I TIM" rat="LTE" rsrp="-107" rsrq="-15"/>
      </extensions>
    </trkpt>
    <trkpt lat="45.7483166" lon="10.7544535">
      <ele>109.0231920269145</ele>
      <time>2026-08-23T16:07:03.156+02:00</time>
      <extensions>
        <activity type="ON_BICYCLE" conf="91" state="moving" tsMs="1787494018710"/>
        <radio op="vodafone IT" rat="LTE" rsrp="-112" rsrq="-15"/>
        <radio op="I TIM" rat="LTE" rsrp="-109" rsrq="-17"/>
      </extensions>
    </trkpt>
    <trkpt lat="45.7486962" lon="10.7539772">
      <ele>106.76261724544662</ele>
      <time>2026-08-23T16:07:13.157+02:00</time>
      <extensions>
        <activity type="UNKNOWN" conf="40" state="unknown" tsMs="1787494029383"/>
        <radio op="vodafone IT" rat="LTE" rsrp="-115" rsrq="-18"/>
        <radio op="I TIM" rat="LTE" rsrp="-107" rsrq="-15"/>
      </extensions>
    </trkpt>
    <trkpt lat="45.7488427" lon="10.7539922">
      <ele>105.87198266187275</ele>
      <time>2026-08-23T16:07:24.156+02:00</time>
      <extensions>
        <activity type="UNKNOWN" conf="40" state="unknown" tsMs="1787494040246"/>
        <radio op="vodafone IT" rat="LTE" q="12.00" rsrp="-105" sinr="1" rsrq="-11"/>
        <radio op="I TIM" rat="LTE" rsrp="-104" rsrq="-14"/>
      </extensions>
    </trkpt>
    <trkpt lat="45.7484695" lon="10.7546983">
      <ele>108.34206353792823</ele>
      <time>2026-08-23T16:07:34.157+02:00</time>
      <extensions>
        <activity type="UNKNOWN" conf="40" state="unknown" tsMs="1787494050877"/>
        <radio op="vodafone IT" rat="LTE" q="11.00" rsrp="-103" sinr="0" rsrq="-13"/>
        <radio op="I TIM" rat="LTE" rsrp="-103" rsrq="-15"/>
      </extensions>
    </trkpt>
    <trkpt lat="45.7481711" lon="10.7553416">
      <ele>107.73800414956801</ele>
      <time>2026-08-23T16:07:44.156+02:00</time>
      <extensions>
        <activity type="UNKNOWN" conf="40" state="unknown" tsMs="1787494061673"/>
        <radio op="vodafone IT" rat="LTE" rsrp="-102" rsrq="-13"/>
        <radio op="I TIM" rat="LTE" rsrp="-104" rsrq="-16"/>
      </extensions>
    </trkpt>
    <trkpt lat="45.7478269" lon="10.7560305">
      <ele>106.62780781796556</ele>
      <time>2026-08-23T16:07:54.156+02:00</time>
      <extensions>
        <activity type="UNKNOWN" conf="40" state="unknown" tsMs="1787494072467"/>
        <radio op="vodafone IT" rat="LTE" q="13.80" rsrp="-102" sinr="1" rsrq="-12"/>
        <radio op="I TIM" rat="LTE" rsrp="-105" rsrq="-17"/>
      </extensions>
    </trkpt>
    <trkpt lat="45.7473888" lon="10.7567814">
      <ele>108.010891755783</ele>
      <time>2026-08-23T16:08:04.156+02:00</time>
      <extensions>
        <activity type="ON_BICYCLE" conf="89" state="moving" tsMs="1787494083248"/>
        <radio op="vodafone IT" rat="LTE" rsrp="-106" rsrq="-13"/>
        <radio op="I TIM" rat="LTE" rsrp="-102" rsrq="-15"/>
      </extensions>
    </trkpt>
    <trkpt lat="45.7473467" lon="10.7570521">
      <ele>110.98793248698388</ele>
      <time>2026-08-23T16:08:14.156+02:00</time>
      <extensions>
        <activity type="UNKNOWN" conf="40" state="unknown" tsMs="1787494092515"/>
        <radio op="vodafone IT" rat="LTE" rsrp="-122" rsrq="-18"/>
        <radio op="I TIM" rat="LTE" rsrp="-113" rsrq="-17"/>
      </extensions>
    </trkpt>
    <trkpt lat="45.7473738" lon="10.7571262">
      <ele>103.92873983741514</ele>
      <time>2026-08-23T16:08:24.156+02:00</time>
      <extensions>
        <activity type="UNKNOWN" conf="40" state="unknown" tsMs="1787494097840"/>
        <radio op="vodafone IT" rat="LTE" rsrp="-118" rsrq="-16"/>
        <radio op="I TIM" rat="LTE" rsrp="-113" rsrq="-15"/>
      </extensions>
    </trkpt>
    <trkpt lat="45.7474041" lon="10.757254">
      <ele>104.77019713255027</ele>
      <time>2026-08-23T16:08:34.156+02:00</time>
      <extensions>
        <activity type="UNKNOWN" conf="40" state="unknown" tsMs="1787494097840"/>
        <radio op="vodafone IT" rat="LTE" rsrp="-105" rsrq="-15"/>
        <radio op="I TIM" rat="LTE" rsrp="-103" rsrq="-15"/>
      </extensions>
    </trkpt>
    <trkpt lat="45.7471825" lon="10.757883">
      <ele>108.54738766338471</ele>
      <time>2026-08-23T16:08:45.156+02:00</time>
      <extensions>
        <activity type="UNKNOWN" conf="40" state="unknown" tsMs="1787494121354"/>
        <radio op="vodafone IT" rat="LTE" rsrp="-109" rsrq="-16"/>
        <radio op="I TIM" rat="LTE" rsrp="-102" rsrq="-18"/>
      </extensions>
    </trkpt>
    <trkpt lat="45.7468071" lon="10.7585424">
      <ele>104.52455324814972</ele>
      <time>2026-08-23T16:08:55.156+02:00</time>
      <extensions>
        <activity type="UNKNOWN" conf="40" state="unknown" tsMs="1787494132124"/>
        <radio op="vodafone IT" rat="LTE" q="11.40" rsrp="-106" sinr="1" rsrq="-15"/>
        <radio op="I TIM" rat="LTE" rsrp="-102" rsrq="-18"/>
      </extensions>
    </trkpt>
    <trkpt lat="45.7464024" lon="10.7592212">
      <ele>107.79482244562578</ele>
      <time>2026-08-23T16:09:05.156+02:00</time>
      <extensions>
        <activity type="ON_BICYCLE" conf="97" state="moving" tsMs="1787494142920"/>
        <radio op="vodafone IT" rat="LTE" rsrp="-110" rsrq="-15"/>
        <radio op="I TIM" rat="LTE" rsrp="-103" rsrq="-18"/>
      </extensions>
    </trkpt>
    <trkpt lat="45.7461853" lon="10.7596111">
      <ele>113.30361613147761</ele>
      <time>2026-08-23T16:09:15.156+02:00</time>
      <extensions>
        <activity type="UNKNOWN" conf="40" state="unknown" tsMs="1787494153683"/>
        <radio op="vodafone IT" rat="LTE" q="8.50" rsrp="-108" sinr="0" rsrq="-10"/>
        <radio op="I TIM" rat="LTE" q="31.20" rsrp="-99" sinr="7" rsrq="-12"/>
      </extensions>
    </trkpt>
    <trkpt lat="45.7462329" lon="10.7596043">
      <ele>105.58133649923047</ele>
      <time>2026-08-23T16:09:25.156+02:00</time>
      <extensions>
        <activity type="UNKNOWN" conf="40" state="unknown" tsMs="1787494153683"/>
        <radio op="vodafone IT" rat="LTE" q="7.50" rsrp="-110" sinr="0" rsrq="-10"/>
        <radio op="I TIM" rat="LTE" q="27.60" rsrp="-102" sinr="7" rsrq="-13"/>
      </extensions>
    </trkpt>
    <trkpt lat="45.7463009" lon="10.7596541">
      <ele>110.69918803269604</ele>
      <time>2026-08-23T16:09:35.156+02:00</time>
      <extensions>
        <activity type="UNKNOWN" conf="40" state="unknown" tsMs="1787494174783"/>
        <radio op="vodafone IT" rat="LTE" rsrp="-119" rsrq="-14"/>
        <radio op="I TIM" rat="LTE" rsrp="-111" rsrq="-14"/>
      </extensions>
    </trkpt>
    <trkpt lat="45.7463455" lon="10.7597098">
      <ele>112.6456446149677</ele>
      <time>2026-08-23T16:09:45.156+02:00</time>
      <extensions>
        <activity type="STILL" conf="98" state="still" tsMs="1787494180038"/>
        <radio op="vodafone IT" rat="LTE" rsrp="-120" rsrq="-13"/>
        <radio op="I TIM" rat="LTE" rsrp="-116" rsrq="-15"/>
      </extensions>
    </trkpt>
    <trkpt lat="45.7463745" lon="10.7598861">
      <ele>116.15408833691166</ele>
      <time>2026-08-23T16:09:56.156+02:00</time>
      <extensions>
        <activity type="STILL" conf="98" state="still" tsMs="1787494180038"/>
        <radio op="vodafone IT" rat="LTE" q="14.70" rsrp="-104" sinr="2" rsrq="-13"/>
        <radio op="I TIM" rat="LTE" rsrp="-102" rsrq="-12"/>
      </extensions>
    </trkpt>
    <trkpt lat="45.7462124" lon="10.7604187">
      <ele>115.9742802794571</ele>
      <time>2026-08-23T16:10:06.156+02:00</time>
      <extensions>
        <activity type="UNKNOWN" conf="40" state="unknown" tsMs="1787494185350"/>
        <radio op="vodafone IT" rat="LTE" q="11.00" rsrp="-103" sinr="0" rsrq="-11"/>
        <radio op="I TIM" rat="LTE" rsrp="-105" rsrq="-19"/>
      </extensions>
    </trkpt>
    <trkpt lat="45.7460182" lon="10.7610404">
      <ele>112.67070513864624</ele>
      <time>2026-08-23T16:10:16.156+02:00</time>
      <extensions>
        <activity type="UNKNOWN" conf="40" state="unknown" tsMs="1787494212755"/>
        <radio op="vodafone IT" rat="LTE" rsrp="-104" rsrq="-15"/>
        <radio op="I TIM" rat="LTE" rsrp="-107" rsrq="-19"/>
      </extensions>
    </trkpt>
    <trkpt lat="45.7456357" lon="10.7615966">
      <ele>112.48255898812837</ele>
      <time>2026-08-23T16:10:26.156+02:00</time>
      <extensions>
        <activity type="UNKNOWN" conf="40" state="unknown" tsMs="1787494212755"/>
        <radio op="vodafone IT" rat="LTE" rsrp="-106" rsrq="-14"/>
        <radio op="I TIM" rat="LTE" rsrp="-101" rsrq="-15"/>
      </extensions>
    </trkpt>
    <trkpt lat="45.7453221" lon="10.7621929">
      <ele>113.45055336529376</ele>
      <time>2026-08-23T16:10:36.156+02:00</time>
      <extensions>
        <activity type="ON_BICYCLE" conf="73" state="moving" tsMs="1787494216751"/>
        <radio op="vodafone IT" rat="LTE" rsrp="-105" rsrq="-14"/>
        <radio op="I TIM" rat="LTE" rsrp="-100" rsrq="-15"/>
      </extensions>
    </trkpt>
    <trkpt lat="45.7450079" lon="10.7628177">
      <ele>116.74392733659174</ele>
      <time>2026-08-23T16:10:46.156+02:00</time>
      <extensions>
        <activity type="UNKNOWN" conf="40" state="unknown" tsMs="1787494244497"/>
        <radio op="vodafone IT" rat="LTE" rsrp="-105" rsrq="-13"/>
        <radio op="I TIM" rat="LTE" rsrp="-101" rsrq="-13"/>
      </extensions>
    </trkpt>
    <trkpt lat="45.7447691" lon="10.763513">
      <ele>116.55466947727703</ele>
      <time>2026-08-23T16:10:56.156+02:00</time>
      <extensions>
        <activity type="ON_BICYCLE" conf="75" state="moving" tsMs="1787494255288"/>
        <radio op="vodafone IT" rat="LTE" rsrp="-103" rsrq="-13"/>
        <radio op="I TIM" rat="LTE" rsrp="-99" rsrq="-13"/>
      </extensions>
    </trkpt>
    <trkpt lat="45.7445564" lon="10.7641274">
      <ele>118.88940221054028</ele>
      <time>2026-08-23T16:11:06.156+02:00</time>
      <extensions>
        <activity type="ON_BICYCLE" conf="75" state="moving" tsMs="1787494255288"/>
        <radio op="vodafone IT" rat="LTE" rsrp="-104" rsrq="-14"/>
        <radio op="I TIM" rat="LTE" rsrp="-98" rsrq="-14"/>
      </extensions>
    </trkpt>
    <trkpt lat="45.744833" lon="10.7640395">
      <ele>119.14366606886233</ele>
      <time>2026-08-23T16:11:17.156+02:00</time>
      <extensions>
        <activity type="UNKNOWN" conf="40" state="unknown" tsMs="1787494274541"/>
        <radio op="vodafone IT" rat="LTE" q="8.50" rsrp="-108" sinr="0" rsrq="-13"/>
        <radio op="I TIM" rat="LTE" q="28.00" rsrp="-97" sinr="5" rsrq="-13"/>
      </extensions>
    </trkpt>
    <trkpt lat="45.7451584" lon="10.763418">
      <ele>116.65942457830482</ele>
      <time>2026-08-23T16:11:27.156+02:00</time>
      <extensions>
        <activity type="UNKNOWN" conf="40" state="unknown" tsMs="1787494286216"/>
        <radio op="vodafone IT" rat="LTE" rsrp="-110" rsrq="-15"/>
        <radio op="I TIM" rat="LTE" q="33.00" rsrp="-95" sinr="6" rsrq="-13"/>
      </extensions>
    </trkpt>
    <trkpt lat="45.74554" lon="10.7627827">
      <ele>116.05133235828787</ele>
      <time>2026-08-23T16:11:37.156+02:00</time>
      <extensions>
        <activity type="UNKNOWN" conf="40" state="unknown" tsMs="1787494297047"/>
        <radio op="vodafone IT" rat="LTE" rsrp="-110" rsrq="-14"/>
        <radio op="I TIM" rat="LTE" q="42.90" rsrp="-92" sinr="8" rsrq="-13"/>
      </extensions>
    </trkpt>
    <trkpt lat="45.7459168" lon="10.7622724">
      <ele>112.91092357584037</ele>
      <time>2026-08-23T16:11:47.156+02:00</time>
      <extensions>
        <activity type="UNKNOWN" conf="40" state="unknown" tsMs="1787494307828"/>
        <radio op="vodafone IT" rat="LTE" q="10.50" rsrp="-104" sinr="0" rsrq="-11"/>
        <radio op="I TIM" rat="LTE" q="39.60" rsrp="-92" sinr="7" rsrq="-12"/>
      </extensions>
    </trkpt>
    <trkpt lat="45.7461001" lon="10.7622639">
      <ele>121.11823606601186</ele>
      <time>2026-08-23T16:11:57.156+02:00</time>
      <extensions>
        <activity type="UNKNOWN" conf="40" state="unknown" tsMs="1787494313094"/>
        <radio op="vodafone IT" rat="LTE" rsrp="-104" rsrq="-15"/>
        <radio op="I TIM" rat="LTE" q="33.60" rsrp="-97" sinr="7" rsrq="-12"/>
      </extensions>
    </trkpt>
    <trkpt lat="45.7464585" lon="10.7617635">
      <ele>120.02435350349862</ele>
      <time>2026-08-23T16:12:07.156+02:00</time>
      <extensions>
        <activity type="UNKNOWN" conf="40" state="unknown" tsMs="1787494313094"/>
        <radio op="vodafone IT" rat="LTE" rsrp="-103" rsrq="-14"/>
        <radio op="I TIM" rat="LTE" q="34.80" rsrp="-96" sinr="7" rsrq="-12"/>
      </extensions>
    </trkpt>
    <trkpt lat="45.7468376" lon="10.7610908">
      <ele>117.47996381184463</ele>
      <time>2026-08-23T16:12:17.156+02:00</time>
      <extensions>
        <activity type="UNKNOWN" conf="40" state="unknown" tsMs="1787494317799"/>
        <radio op="vodafone IT" rat="LTE" rsrp="-102" rsrq="-12"/>
        <radio op="I TIM" rat="LTE" q="30.00" rsrp="-95" sinr="5" rsrq="-13"/>
      </extensions>
    </trkpt>
    <trkpt lat="45.7472341" lon="10.7602517">
      <ele>118.79324473276138</ele>
      <time>2026-08-23T16:12:28.156+02:00</time>
      <extensions>
        <activity type="UNKNOWN" conf="40" state="unknown" tsMs="1787494345632"/>
        <radio op="vodafone IT" rat="LTE" rsrp="-103" rsrq="-13"/>
        <radio op="I TIM" rat="LTE" q="30.80" rsrp="-97" sinr="6" rsrq="-13"/>
      </extensions>
    </trkpt>
    <trkpt lat="45.7475604" lon="10.7595131">
      <ele>119.57878441855254</ele>
      <time>2026-08-23T16:12:38.156+02:00</time>
      <extensions>
        <activity type="UNKNOWN" conf="40" state="unknown" tsMs="1787494356414"/>
        <radio op="vodafone IT" rat="LTE" rsrp="-104" rsrq="-13"/>
        <radio op="I TIM" rat="LTE" q="37.70" rsrp="-96" sinr="8" rsrq="-13"/>
      </extensions>
    </trkpt>
    <trkpt lat="45.7479077" lon="10.7587569">
      <ele>119.822560839668</ele>
      <time>2026-08-23T16:12:48.156+02:00</time>
      <extensions>
        <activity type="ON_BICYCLE" conf="88" state="moving" tsMs="1787494367220"/>
        <radio op="vodafone IT" rat="LTE" rsrp="-105" rsrq="-12"/>
        <radio op="I TIM" rat="LTE" q="36.40" rsrp="-97" sinr="8" rsrq="-13"/>
      </extensions>
    </trkpt>
    <trkpt lat="45.7482439" lon="10.7580739">
      <ele>115.94078221440543</ele>
      <time>2026-08-23T16:12:58.156+02:00</time>
      <extensions>
        <activity type="UNKNOWN" conf="40" state="unknown" tsMs="1787494377932"/>
        <radio op="vodafone IT" rat="LTE" rsrp="-111" rsrq="-16"/>
        <radio op="I TIM" rat="LTE" rsrp="-101" rsrq="-13"/>
      </extensions>
    </trkpt>
    <trkpt lat="45.748597" lon="10.757337">
      <ele>115.98273330499542</ele>
      <time>2026-08-23T16:13:08.157+02:00</time>
      <extensions>
        <activity type="UNKNOWN" conf="40" state="unknown" tsMs="1787494388690"/>
        <radio op="vodafone IT" rat="LTE" rsrp="-101" rsrq="-14"/>
        <radio op="I TIM" rat="LTE" rsrp="-114" rsrq="-17"/>
      </extensions>
    </trkpt>
    <trkpt lat="45.7488936" lon="10.7566937">
      <ele>111.16457357801349</ele>
      <time>2026-08-23T16:13:18.156+02:00</time>
      <extensions>
        <activity type="ON_BICYCLE" conf="81" state="moving" tsMs="1787494394028"/>
        <radio op="vodafone IT" rat="LTE" rsrp="-115" rsrq="-17"/>
        <radio op="I TIM" rat="LTE" q="9.80" rsrp="-111" sinr="2" rsrq="-16"/>
      </extensions>
    </trkpt>
    <trkpt lat="45.7492584" lon="10.7559793">
      <ele>110.77027459708256</ele>
      <time>2026-08-23T16:13:29.156+02:00</time>
      <extensions>
        <activity type="UNKNOWN" conf="40" state="unknown" tsMs="1787494404796"/>
        <radio op="vodafone IT" rat="LTE" rsrp="-111" rsrq="-16"/>
        <radio op="I TIM" rat="LTE" rsrp="-111" rsrq="-16"/>
      </extensions>
    </trkpt>
    <trkpt lat="45.7495765" lon="10.7553682">
      <ele>109.34803572453325</ele>
      <time>2026-08-23T16:13:39.156+02:00</time>
      <extensions>
        <activity type="UNKNOWN" conf="40" state="unknown" tsMs="1787494415601"/>
        <radio op="vodafone IT" rat="LTE" rsrp="-115" rsrq="-17"/>
        <radio op="I TIM" rat="LTE" rsrp="-110" rsrq="-16"/>
      </extensions>
    </trkpt>
    <trkpt lat="45.7499827" lon="10.7548594">
      <ele>109.31740191380902</ele>
      <time>2026-08-23T16:13:49.157+02:00</time>
      <extensions>
        <activity type="UNKNOWN" conf="40" state="unknown" tsMs="1787494426367"/>
        <radio op="vodafone IT" rat="LTE" rsrp="-112" rsrq="-17"/>
        <radio op="I TIM" rat="LTE" rsrp="-109" rsrq="-16"/>
      </extensions>
    </trkpt>
    <trkpt lat="45.7504406" lon="10.7544522">
      <ele>111.98038377106764</ele>
      <time>2026-08-23T16:13:59.155+02:00</time>
      <extensions>
        <activity type="UNKNOWN" conf="40" state="unknown" tsMs="1787494437183"/>
        <radio op="vodafone IT" rat="LTE" rsrp="-112" rsrq="-16"/>
        <radio op="I TIM" rat="LTE" rsrp="-109" rsrq="-17"/>
      </extensions>
    </trkpt>
    <trkpt lat="45.7509075" lon="10.7538819">
      <ele>111.7190500705043</ele>
      <time>2026-08-23T16:14:09.155+02:00</time>
      <extensions>
        <activity type="UNKNOWN" conf="40" state="unknown" tsMs="1787494447939"/>
        <radio op="vodafone IT" rat="LTE" rsrp="-109" rsrq="-16"/>
        <radio op="I TIM" rat="LTE" rsrp="-109" rsrq="-16"/>
      </extensions>
    </trkpt>
    <trkpt lat="45.7513411" lon="10.7535394">
      <ele>108.09606480165655</ele>
      <time>2026-08-23T16:14:19.156+02:00</time>
      <extensions>
        <activity type="UNKNOWN" conf="40" state="unknown" tsMs="1787494458827"/>
        <radio op="vodafone IT" rat="LTE" rsrp="-111" rsrq="-16"/>
        <radio op="I TIM" rat="LTE" q="16.90" rsrp="-112" sinr="8" rsrq="-8"/>
      </extensions>
    </trkpt>
    <trkpt lat="45.7518283" lon="10.7532278">
      <ele>108.40785889347984</ele>
      <time>2026-08-23T16:14:29.155+02:00</time>
      <extensions>
        <activity type="UNKNOWN" conf="40" state="unknown" tsMs="1787494469146"/>
        <radio op="vodafone IT" rat="LTE" rsrp="-108" rsrq="-15"/>
        <radio op="I TIM" rat="LTE" q="11.70" rsrp="-112" sinr="4" rsrq="-7"/>
      </extensions>
    </trkpt>
    <trkpt lat="45.7522981" lon="10.7530041">
      <ele>111.60573897952723</ele>
      <time>2026-08-23T16:14:40.156+02:00</time>
      <extensions>
        <activity type="IN_VEHICLE" conf="92" state="moving" tsMs="1787494479904"/>
        <radio op="vodafone IT" rat="LTE" rsrp="-110" rsrq="-15"/>
        <radio op="I TIM" rat="LTE" q="14.00" rsrp="-115" sinr="9" rsrq="-8"/>
      </extensions>
    </trkpt>
    <trkpt lat="45.7526277" lon="10.7528609">
      <ele>110.60181900170224</ele>
      <time>2026-08-23T16:14:50.155+02:00</time>
      <extensions>
        <activity type="IN_VEHICLE" conf="92" state="moving" tsMs="1787494479904"/>
        <radio op="vodafone IT" rat="LTE" q="11.40" rsrp="-106" sinr="1" rsrq="-13"/>
        <radio op="I TIM" rat="LTE" q="11.00" rsrp="-114" sinr="5" rsrq="-9"/>
      </extensions>
    </trkpt>
    <trkpt lat="45.7529411" lon="10.7527905">
      <ele>111.70589843624055</ele>
      <time>2026-08-23T16:15:00.155+02:00</time>
      <extensions>
        <activity type="IN_VEHICLE" conf="92" state="moving" tsMs="1787494479904"/>
        <radio op="vodafone IT" rat="LTE" q="11.20" rsrp="-109" sinr="2" rsrq="-13"/>
        <radio op="I TIM" rat="LTE" q="5.40" rsrp="-116" sinr="1" rsrq="-10"/>
      </extensions>
    </trkpt>
    <trkpt lat="45.7531573" lon="10.7526181">
      <ele>106.76038740044355</ele>
      <time>2026-08-23T16:15:10.155+02:00</time>
      <extensions>
        <activity type="UNKNOWN" conf="40" state="unknown" tsMs="1787494484859"/>
        <radio op="vodafone IT" rat="LTE" rsrp="-116" rsrq="-15"/>
        <radio op="I TIM" rat="LTE" rsrp="-110" rsrq="-17"/>
      </extensions>
    </trkpt>
    <trkpt lat="45.7532948" lon="10.7525705">
      <ele>108.32164068570866</ele>
      <time>2026-08-23T16:15:20.155+02:00</time>
      <extensions>
        <activity type="UNKNOWN" conf="40" state="unknown" tsMs="1787494504943"/>
        <radio op="vodafone IT" rat="LTE" rsrp="-116" rsrq="-17"/>
        <radio op="I TIM" rat="LTE" rsrp="-113" rsrq="-17"/>
      </extensions>
    </trkpt>
    <trkpt lat="45.7534686" lon="10.7522089">
      <ele>108.52096969515435</ele>
      <time>2026-08-23T16:15:30.155+02:00</time>
      <extensions>
        <activity type="ON_BICYCLE" conf="62" state="moving" tsMs="1787494529479"/>
        <radio op="vodafone IT" rat="LTE" rsrp="-111" rsrq="-15"/>
        <radio op="I TIM" rat="LTE" rsrp="-111" rsrq="-17"/>
      </extensions>
    </trkpt>
    <trkpt lat="45.7535884" lon="10.7519792">
      <ele>107.69603725413255</ele>
      <time>2026-08-23T16:15:40.277+02:00</time>
      <extensions>
        <activity type="UNKNOWN" conf="40" state="unknown" tsMs="1787494539916"/>
        <radio op="vodafone IT" rat="LTE" rsrp="-126" rsrq="-18"/>
        <radio op="I TIM" rat="LTE" rsrp="-119" rsrq="-18"/>
      </extensions>
    </trkpt>
    <trkpt lat="45.7535884" lon="10.7519792">
      <ele>79.36143907026279</ele>
      <time>2026-08-23T16:15:45.984+02:00</time>
      <extensions>
        <activity type="UNKNOWN" conf="40" state="unknown" tsMs="1787494539916"/>
        <radio op="vodafone IT" rat="LTE" rsrq="-25"/>
        <radio op="I TIM" rat="LTE" rsrp="-135" rsrq="-20"/>
      </extensions>
    </trkpt>
    <trkpt lat="45.7535884" lon="10.7519792">
      <ele>59.14887849862133</ele>
      <time>2026-08-23T16:15:53.262+02:00</time>
      <extensions>
        <activity type="ON_BICYCLE" conf="64" state="moving" tsMs="1787494560726"/>
        <radio op="vodafone IT" rat="LTE" rsrp="-129" rsrq="-18"/>
        <radio op="I TIM" rat="LTE" rsrq="-20"/>
      </extensions>
    </trkpt>
    <trkpt lat="45.7535884" lon="10.7519792">
      <ele>105.99487671968603</ele>
      <time>2026-08-23T16:16:07.823+02:00</time>
      <extensions>
        <activity type="UNKNOWN" conf="40" state="unknown" tsMs="1787494568003"/>
        <radio op="vodafone IT" rat="LTE" rsrp="-119" rsrq="-17"/>
        <radio op="I TIM" rat="LTE" q="1.00" rsrp="-123" sinr="0" rsrq="-16"/>
      </extensions>
    </trkpt>
    <trkpt lat="45.7545042" lon="10.7511016">
      <ele>121.5026337987554</ele>
      <time>2026-08-23T16:16:15.258+02:00</time>
      <extensions>
        <activity type="UNKNOWN" conf="40" state="unknown" tsMs="1787494573391"/>
        <radio op="vodafone IT" rat="LTE" rsrp="-108" rsrq="-16"/>
        <radio op="I TIM" rat="LTE" rsrp="-116" rsrq="-18"/>
      </extensions>
    </trkpt>
    <trkpt lat="45.7537076" lon="10.7517086">
      <ele>125.12340118291431</ele>
      <time>2026-08-23T16:16:31.156+02:00</time>
      <extensions>
        <activity type="UNKNOWN" conf="40" state="unknown" tsMs="1787494578697"/>
        <radio op="vodafone IT" rat="LTE" rsrp="-113" rsrq="-17"/>
        <radio op="I TIM" rat="LTE" rsrp="-114" rsrq="-19"/>
      </extensions>
    </trkpt>
    <trkpt lat="45.7537203" lon="10.7516826">
      <ele>129.0304882134948</ele>
      <time>2026-08-23T16:16:41.155+02:00</time>
      <extensions>
        <activity type="ON_BICYCLE" conf="97" state="moving" tsMs="1787494594929"/>
        <radio op="vodafone IT" rat="LTE" rsrp="-115" rsrq="-17"/>
        <radio op="I TIM" rat="LTE" rsrp="-115" rsrq="-15"/>
      </extensions>
    </trkpt>
    <trkpt lat="45.7537307" lon="10.7516596">
      <ele>137.05840058738542</ele>
      <time>2026-08-23T16:16:51.155+02:00</time>
      <extensions>
        <activity type="ON_BICYCLE" conf="97" state="moving" tsMs="1787494594929"/>
        <radio op="vodafone IT" rat="LTE" rsrp="-103" rsrq="-12"/>
        <radio op="I TIM" rat="LTE" rsrp="-109" rsrq="-17"/>
      </extensions>
    </trkpt>
    <trkpt lat="45.7537307" lon="10.7516596">
      <ele>133.808839055688</ele>
      <time>2026-08-23T16:17:01.155+02:00</time>
      <extensions>
        <activity type="UNKNOWN" conf="40" state="unknown" tsMs="1787494605290"/>
        <radio op="vodafone IT" rat="LTE" rsrp="-111" rsrq="-14"/>
        <radio op="I TIM" rat="LTE" rsrp="-110" rsrq="-16"/>
      </extensions>
    </trkpt>
    <trkpt lat="45.7537307" lon="10.7516596">
      <ele>129.6766490824777</ele>
      <time>2026-08-23T16:17:12.155+02:00</time>
      <extensions>
        <activity type="UNKNOWN" conf="40" state="unknown" tsMs="1787494605290"/>
        <radio op="vodafone IT" rat="LTE" q="9.50" rsrp="-106" sinr="0" rsrq="-12"/>
        <radio op="I TIM" rat="LTE" rsrp="-109" rsrq="-16"/>
      </extensions>
    </trkpt>
    <trkpt lat="45.7537307" lon="10.7516596">
      <ele>127.58184075415389</ele>
      <time>2026-08-23T16:17:22.155+02:00</time>
      <extensions>
        <activity type="UNKNOWN" conf="40" state="unknown" tsMs="1787494621691"/>
        <radio op="vodafone IT" rat="LTE" q="12.00" rsrp="-105" sinr="1" rsrq="-13"/>
        <radio op="I TIM" rat="LTE" rsrp="-110" rsrq="-16"/>
      </extensions>
    </trkpt>
    <trkpt lat="45.7537307" lon="10.7516596">
      <ele>130.84373850628737</ele>
      <time>2026-08-23T16:17:32.155+02:00</time>
      <extensions>
        <activity type="UNKNOWN" conf="40" state="unknown" tsMs="1787494638548"/>
        <radio op="vodafone IT" rat="LTE" rsrp="-105" rsrq="-14"/>
        <radio op="I TIM" rat="LTE" rsrp="-108" rsrq="-16"/>
      </extensions>
    </trkpt>
    <trkpt lat="45.7537307" lon="10.7516596">
      <ele>131.73879297527805</ele>
      <time>2026-08-23T16:17:42.155+02:00</time>
      <extensions>
        <activity type="UNKNOWN" conf="40" state="unknown" tsMs="1787494638548"/>
        <radio op="vodafone IT" rat="LTE" q="21.60" rsrp="-98" sinr="3" rsrq="-11"/>
        <radio op="I TIM" rat="LTE" rsrp="-110" rsrq="-17"/>
      </extensions>
    </trkpt>
    <trkpt lat="45.7537307" lon="10.7516596">
      <ele>130.07374915540345</ele>
      <time>2026-08-23T16:17:52.155+02:00</time>
      <extensions>
        <activity type="UNKNOWN" conf="40" state="unknown" tsMs="1787494654950"/>
        <radio op="vodafone IT" rat="LTE" q="9.60" rsrp="-109" sinr="1" rsrq="-11"/>
        <radio op="I TIM" rat="LTE" rsrp="-111" rsrq="-17"/>
      </extensions>
    </trkpt>
    <trkpt lat="45.7537307" lon="10.7516596">
      <ele>128.87413261046788</ele>
      <time>2026-08-23T16:18:02.155+02:00</time>
      <extensions>
        <activity type="UNKNOWN" conf="40" state="unknown" tsMs="1787494671705"/>
        <radio op="vodafone IT" rat="LTE" q="24.00" rsrp="-101" sinr="5" rsrq="-8"/>
        <radio op="I TIM" rat="LTE" rsrp="-108" rsrq="-17"/>
      </extensions>
    </trkpt>
    <trkpt lat="45.7537307" lon="10.7516596">
      <ele>129.8993865816243</ele>
      <time>2026-08-23T16:18:12.155+02:00</time>
      <extensions>
        <activity type="UNKNOWN" conf="40" state="unknown" tsMs="1787494671705"/>
        <radio op="vodafone IT" rat="LTE" rsrp="-111" rsrq="-13"/>
        <radio op="I TIM" rat="LTE" rsrp="-111" rsrq="-17"/>
      </extensions>
    </trkpt>
    <trkpt lat="45.7537307" lon="10.7516596">
      <ele>136.5516806901632</ele>
      <time>2026-08-23T16:18:23.155+02:00</time>
      <extensions>
        <activity type="UNKNOWN" conf="40" state="unknown" tsMs="1787494688508"/>
        <radio op="vodafone IT" rat="LTE" q="28.60" rsrp="-99" sinr="6" rsrq="-8"/>
        <radio op="I TIM" rat="LTE" rsrp="-106" rsrq="-18"/>
      </extensions>
    </trkpt>
    <trkpt lat="45.753753" lon="10.7516007">
      <ele>128.00632157280404</ele>
      <time>2026-08-23T16:18:33.156+02:00</time>
      <extensions>
        <activity type="UNKNOWN" conf="40" state="unknown" tsMs="1787494688508"/>
        <radio op="vodafone IT" rat="LTE" q="18.40" rsrp="-102" sinr="3" rsrq="-10"/>
        <radio op="I TIM" rat="LTE" rsrp="-100" rsrq="-15"/>
      </extensions>
    </trkpt>
    <trkpt lat="45.7537045" lon="10.7515374">
      <ele>126.30279138794745</ele>
      <time>2026-08-23T16:18:43.155+02:00</time>
      <extensions>
        <activity type="UNKNOWN" conf="40" state="unknown" tsMs="1787494705102"/>
        <radio op="vodafone IT" rat="LTE" q="16.80" rsrp="-97" sinr="1" rsrq="-10"/>
        <radio op="I TIM" rat="LTE" rsrp="-93" rsrq="-14"/>
      </extensions>
    </trkpt>
    <trkpt lat="45.7536949" lon="10.7516568">
      <ele>122.30000305175781</ele>
      <time>2026-08-23T16:18:53.155+02:00</time>
      <extensions>
        <activity type="UNKNOWN" conf="40" state="unknown" tsMs="1787494721937"/>
        <radio op="vodafone IT" rat="LTE" q="12.60" rsrp="-107" sinr="2" rsrq="-14"/>
        <radio op="I TIM" rat="LTE" rsrp="-106" rsrq="-16"/>
      </extensions>
    </trkpt>
    <trkpt lat="45.7537114" lon="10.7516596">
      <ele>127.06115913213256</ele>
      <time>2026-08-23T16:19:03.155+02:00</time>
      <extensions>
        <activity type="UNKNOWN" conf="40" state="unknown" tsMs="1787494721937"/>
        <radio op="vodafone IT" rat="LTE" q="7.50" rsrp="-110" sinr="0" rsrq="-14"/>
        <radio op="I TIM" rat="LTE" rsrp="-110" rsrq="-17"/>
      </extensions>
    </trkpt>
    <trkpt lat="45.7537453" lon="10.7516251">
      <ele>122.0</ele>
      <time>2026-08-23T16:19:13.155+02:00</time>
      <extensions>
        <activity type="UNKNOWN" conf="40" state="unknown" tsMs="1787494738799"/>
        <radio op="vodafone IT" rat="LTE" rsrp="-110" rsrq="-13"/>
        <radio op="I TIM" rat="LTE" rsrp="-107" rsrq="-16"/>
      </extensions>
    </trkpt>
    <trkpt lat="45.7537864" lon="10.751499">
      <ele>122.56414716661982</ele>
      <time>2026-08-23T16:19:23.155+02:00</time>
      <extensions>
        <activity type="UNKNOWN" conf="40" state="unknown" tsMs="1787494738799"/>
        <radio op="vodafone IT" rat="LTE" rsrp="-110" rsrq="-14"/>
        <radio op="I TIM" rat="LTE" rsrp="-109" rsrq="-18"/>
      </extensions>
    </trkpt>
    <trkpt lat="45.7538518" lon="10.7513341">
      <ele>111.41854053491531</ele>
      <time>2026-08-23T16:19:34.185+02:00</time>
      <extensions>
        <activity type="ON_FOOT" conf="97" state="moving" tsMs="1787494755166"/>
        <radio op="vodafone IT" rat="LTE" rsrp="-111" rsrq="-15"/>
        <radio op="I TIM" rat="LTE" rsrp="-106" rsrq="-16"/>
      </extensions>
    </trkpt>
    <trkpt lat="45.7538517" lon="10.7512902">
      <ele>121.77545585470958</ele>
      <time>2026-08-23T16:19:44.193+02:00</time>
      <extensions>
        <activity type="UNKNOWN" conf="40" state="unknown" tsMs="1787494772015"/>
        <radio op="vodafone IT" rat="LTE" rsrp="-106" rsrq="-12"/>
        <radio op="I TIM" rat="LTE" rsrp="-97" rsrq="-14"/>
      </extensions>
    </trkpt>
    <trkpt lat="45.7538505" lon="10.7512794">
      <ele>128.30211443157347</ele>
      <time>2026-08-23T16:19:54.352+02:00</time>
      <extensions>
        <activity type="UNKNOWN" conf="40" state="unknown" tsMs="1787494772015"/>
        <radio op="vodafone IT" rat="LTE" rsrp="-107" rsrq="-13"/>
        <radio op="I TIM" rat="LTE" q="13.00" rsrp="-99" sinr="0" rsrq="-14"/>
      </extensions>
    </trkpt>
    <trkpt lat="45.7538276" lon="10.7512786">
      <ele>139.55017593816154</ele>
      <time>2026-08-23T16:20:04.156+02:00</time>
      <extensions>
        <activity type="ON_BICYCLE" conf="79" state="moving" tsMs="1787494788861"/>
        <radio op="vodafone IT" rat="LTE" q="22.00" rsrp="-103" sinr="5" rsrq="-11"/>
        <radio op="I TIM" rat="LTE" rsrp="-99" rsrq="-15"/>
      </extensions>
    </trkpt>
    <trkpt lat="45.7538276" lon="10.7512786">
      <ele>140.27990813521583</ele>
      <time>2026-08-23T16:20:14.155+02:00</time>
      <extensions>
        <activity type="ON_BICYCLE" conf="79" state="moving" tsMs="1787494788861"/>
        <radio op="vodafone IT" rat="LTE" q="21.60" rsrp="-101" sinr="4" rsrq="-12"/>
        <radio op="I TIM" rat="LTE" rsrp="-101" rsrq="-16"/>
      </extensions>
    </trkpt>
    <trkpt lat="45.7538276" lon="10.7512786">
      <ele>138.54693956238287</ele>
      <time>2026-08-23T16:20:24.156+02:00</time>
      <extensions>
        <activity type="STILL" conf="100" state="still" tsMs="1787494806249"/>
        <radio op="vodafone IT" rat="LTE" q="26.00" rsrp="-99" sinr="5" rsrq="-12"/>
        <radio op="I TIM" rat="LTE" q="52.90" rsrp="-102" sinr="18" rsrq="-6"/>
      </extensions>
    </trkpt>
    <trkpt lat="45.7538276" lon="10.7512786">
      <ele>136.80844963960237</ele>
      <time>2026-08-23T16:20:34.155+02:00</time>
      <extensions>
        <activity type="STILL" conf="100" state="still" tsMs="1787494824190"/>
        <radio op="vodafone IT" rat="LTE" q="34.80" rsrp="-96" sinr="7" rsrq="-11"/>
        <radio op="I TIM" rat="LTE" q="37.80" rsrp="-104" sinr="13" rsrq="-7"/>
      </extensions>
    </trkpt>
    <trkpt lat="45.7538276" lon="10.7512786">
      <ele>138.77869879711756</ele>
      <time>2026-08-23T16:20:44.156+02:00</time>
      <extensions>
        <activity type="STILL" conf="100" state="still" tsMs="1787494835767"/>
        <radio op="vodafone IT" rat="LTE" q="28.60" rsrp="-99" sinr="6" rsrq="-11"/>
        <radio op="I TIM" rat="LTE" q="65.00" rsrp="-99" sinr="22" rsrq="-5"/>
      </extensions>
    </trkpt>
    <trkpt lat="45.7538276" lon="10.7512786">
      <ele>133.4898111037707</ele>
      <time>2026-08-23T16:20:55.156+02:00</time>
      <extensions>
        <activity type="STILL" conf="100" state="still" tsMs="1787494847050"/>
        <radio op="vodafone IT" rat="LTE" q="29.70" rsrp="-98" sinr="6" rsrq="-11"/>
        <radio op="I TIM" rat="LTE" q="57.60" rsrp="-101" sinr="19" rsrq="-5"/>
      </extensions>
    </trkpt>
    <trkpt lat="45.7538276" lon="10.7512786">
      <ele>134.98298843784946</ele>
      <time>2026-08-23T16:21:05.156+02:00</time>
      <extensions>
        <activity type="STILL" conf="100" state="still" tsMs="1787494858484"/>
        <radio op="vodafone IT" rat="LTE" q="29.70" rsrp="-98" sinr="6" rsrq="-11"/>
        <radio op="I TIM" rat="LTE" q="57.60" rsrp="-101" sinr="19" rsrq="-5"/>
      </extensions>
    </trkpt>
    <trkpt lat="45.7538276" lon="10.7512786">
      <ele>135.7876535987538</ele>
      <time>2026-08-23T16:21:15.156+02:00</time>
      <extensions>
        <activity type="STILL" conf="100" state="still" tsMs="1787494869787"/>
        <radio op="vodafone IT" rat="LTE" q="34.80" rsrp="-96" sinr="7" rsrq="-10"/>
        <radio op="I TIM" rat="LTE" q="48.40" rsrp="-103" sinr="17" rsrq="-8"/>
      </extensions>
    </trkpt>
    <trkpt lat="45.7538276" lon="10.7512786">
      <ele>132.94784697092862</ele>
      <time>2026-08-23T16:21:25.156+02:00</time>
      <extensions>
        <activity type="STILL" conf="100" state="still" tsMs="1787494869787"/>
        <radio op="vodafone IT" rat="LTE" q="29.00" rsrp="-96" sinr="5" rsrq="-9"/>
        <radio op="I TIM" rat="LTE" q="48.30" rsrp="-104" sinr="18" rsrq="-6"/>
      </extensions>
    </trkpt>
    <trkpt lat="45.7538276" lon="10.7512786">
      <ele>134.3903189443011</ele>
      <time>2026-08-23T16:21:35.156+02:00</time>
      <extensions>
        <activity type="STILL" conf="100" state="still" tsMs="1787494881246"/>
        <radio op="vodafone IT" rat="LTE" q="37.70" rsrp="-96" sinr="8" rsrq="-11"/>
        <radio op="I TIM" rat="LTE" q="57.50" rsrp="-102" sinr="20" rsrq="-5"/>
      </extensions>
    </trkpt>
    <trkpt lat="45.7538276" lon="10.7512786">
      <ele>136.83839643972226</ele>
      <time>2026-08-23T16:21:45.156+02:00</time>
      <extensions>
        <activity type="STILL" conf="100" state="still" tsMs="1787494892519"/>
        <radio op="vodafone IT" rat="LTE" q="37.70" rsrp="-96" sinr="8" rsrq="-8"/>
        <radio op="I TIM" rat="LTE" q="62.50" rsrp="-100" sinr="21" rsrq="-5"/>
      </extensions>
    </trkpt>
    <trkpt lat="45.7538276" lon="10.7512786">
      <ele>134.31148296296848</ele>
      <time>2026-08-23T16:21:55.156+02:00</time>
      <extensions>
        <activity type="STILL" conf="100" state="still" tsMs="1787494903837"/>
        <radio op="vodafone IT" rat="LTE" q="30.00" rsrp="-100" sinr="7" rsrq="-12"/>
        <radio op="I TIM" rat="LTE" q="50.60" rsrp="-102" sinr="17" rsrq="-6"/>
      </extensions>
    </trkpt>
    <trkpt lat="45.7538276" lon="10.7512786">
      <ele>134.65621946484725</ele>
      <time>2026-08-23T16:22:06.156+02:00</time>
      <extensions>
        <activity type="STILL" conf="100" state="still" tsMs="1787494915157"/>
        <radio op="vodafone IT" rat="LTE" q="42.00" rsrp="-95" sinr="9" rsrq="-12"/>
        <radio op="I TIM" rat="LTE" q="37.50" rsrp="-100" sinr="10" rsrq="-6"/>
      </extensions>
    </trkpt>
    <trkpt lat="45.7538276" lon="10.7512786">
      <ele>134.12064196192546</ele>
      <time>2026-08-23T16:22:16.156+02:00</time>
      <extensions>
        <activity type="STILL" conf="100" state="still" tsMs="1787494926422"/>
        <radio op="vodafone IT" rat="LTE" q="39.00" rsrp="-95" sinr="8" rsrq="-12"/>
        <radio op="I TIM" rat="LTE" q="60.00" rsrp="-101" sinr="21" rsrq="-7"/>
      </extensions>
    </trkpt>
    <trkpt lat="45.7538276" lon="10.7512786">
      <ele>132.81022210071765</ele>
      <time>2026-08-23T16:22:26.156+02:00</time>
      <extensions>
        <activity type="STILL" conf="100" state="still" tsMs="1787494937636"/>
        <radio op="vodafone IT" rat="LTE" q="39.00" rsrp="-95" sinr="8" rsrq="-9"/>
        <radio op="I TIM" rat="LTE" q="60.00" rsrp="-101" sinr="23" rsrq="-5"/>
      </extensions>
    </trkpt>
    <trkpt lat="45.7538276" lon="10.7512786">
      <ele>134.442757276034</ele>
      <time>2026-08-23T16:22:36.156+02:00</time>
      <extensions>
        <activity type="STILL" conf="100" state="still" tsMs="1787494949222"/>
        <radio op="vodafone IT" rat="LTE" q="40.60" rsrp="-96" sinr="9" rsrq="-8"/>
        <radio op="I TIM" rat="LTE" q="62.50" rsrp="-100" sinr="21" rsrq="-6"/>
      </extensions>
    </trkpt>
    <trkpt lat="45.7538276" lon="10.7512786">
      <ele>133.50958922685504</ele>
      <time>2026-08-23T16:22:46.157+02:00</time>
      <extensions>
        <activity type="STILL" conf="100" state="still" tsMs="1787494960510"/>
        <radio op="vodafone IT" rat="LTE" q="42.00" rsrp="-95" sinr="9" rsrq="-9"/>
        <radio op="I TIM" rat="LTE" q="60.00" rsrp="-101" sinr="21" rsrq="-8"/>
      </extensions>
    </trkpt>
    <trkpt lat="45.7538276" lon="10.7512786">
      <ele>132.80525181282198</ele>
      <time>2026-08-23T16:22:56.156+02:00</time>
      <extensions>
        <activity type="STILL" conf="100" state="still" tsMs="1787494960510"/>
        <radio op="vodafone IT" rat="LTE" q="37.70" rsrp="-96" sinr="8" rsrq="-8"/>
        <radio op="I TIM" rat="LTE" q="62.50" rsrp="-100" sinr="22" rsrq="-6"/>
      </extensions>
    </trkpt>
    <trkpt lat="45.7538276" lon="10.7512786">
      <ele>132.5776042313087</ele>
      <time>2026-08-23T16:23:06.156+02:00</time>
      <extensions>
        <activity type="STILL" conf="100" state="still" tsMs="1787494972261"/>
        <radio op="vodafone IT" rat="LTE" q="33.60" rsrp="-97" sinr="7" rsrq="-8"/>
        <radio op="I TIM" rat="LTE" q="62.50" rsrp="-100" sinr="22" rsrq="-4"/>
      </extensions>
    </trkpt>
    <trkpt lat="45.7540334" lon="10.7511333">
      <ele>95.42842194262812</ele>
      <time>2026-08-23T17:19:43.878+02:00</time>
      <extensions>
        <activity type="UNKNOWN" conf="40" state="unknown" tsMs="1787498361118"/>
        <radio op="vodafone IT" rat="LTE" q="29.70" rsrp="-92" sinr="4" rsrq="-10"/>
        <radio op="I TIM" rat="LTE" rsrp="-91" rsrq="-15"/>
      </extensions>
    </trkpt>
    <trkpt lat="45.7540788" lon="10.750998">
      <ele>97.19464383556144</ele>
      <time>2026-08-23T17:19:53.492+02:00</time>
      <extensions>
        <activity type="ON_FOOT" conf="96" state="moving" tsMs="1787498375609"/>
        <radio op="vodafone IT" rat="LTE" rsrp="-104" rsrq="-15"/>
        <radio op="I TIM" rat="LTE" rsrp="-99" rsrq="-15"/>
      </extensions>
    </trkpt>
    <trkpt lat="45.7540682" lon="10.7510095">
      <ele>99.72783948531286</ele>
      <time>2026-08-23T17:20:03.495+02:00</time>
      <extensions>
        <activity type="ON_FOOT" conf="96" state="moving" tsMs="1787498375609"/>
        <radio op="vodafone IT" rat="LTE" rsrp="-106" rsrq="-16"/>
        <radio op="I TIM" rat="LTE" rsrp="-105" rsrq="-16"/>
      </extensions>
    </trkpt>
    <trkpt lat="45.7540803" lon="10.7509999">
      <ele>100.99459975474058</ele>
      <time>2026-08-23T17:20:14.197+02:00</time>
      <extensions>
        <activity type="UNKNOWN" conf="40" state="unknown" tsMs="1787498410264"/>
        <radio op="vodafone IT" rat="LTE" q="12.00" rsrp="-101" sinr="0" rsrq="-14"/>
        <radio op="I TIM" rat="LTE" rsrp="-104" rsrq="-16"/>
      </extensions>
    </trkpt>
    <trkpt lat="45.7540744" lon="10.7510042">
      <ele>100.68838972325295</ele>
      <time>2026-08-23T17:20:24.224+02:00</time>
      <extensions>
        <activity type="UNKNOWN" conf="40" state="unknown" tsMs="1787498415606"/>
        <radio op="vodafone IT" rat="LTE" rsrp="-106" rsrq="-15"/>
        <radio op="I TIM" rat="LTE" rsrp="-101" rsrq="-15"/>
      </extensions>
    </trkpt>
    <trkpt lat="45.7540678" lon="10.750996">
      <ele>100.60503127728599</ele>
      <time>2026-08-23T17:20:34.155+02:00</time>
      <extensions>
        <activity type="STILL" conf="28" state="still" tsMs="1787498419156"/>
        <radio op="vodafone IT" rat="LTE" rsrp="-100" rsrq="-14"/>
        <radio op="I TIM" rat="LTE" rsrp="-102" rsrq="-16"/>
      </extensions>
    </trkpt>
    <trkpt lat="45.7540635" lon="10.7510088">
      <ele>103.52475255431526</ele>
      <time>2026-08-23T17:20:44.155+02:00</time>
      <extensions>
        <activity type="STILL" conf="28" state="still" tsMs="1787498419156"/>
        <radio op="vodafone IT" rat="LTE" q="10.50" rsrp="-104" sinr="0" rsrq="-14"/>
        <radio op="I TIM" rat="LTE" rsrp="-100" rsrq="-16"/>
      </extensions>
    </trkpt>
    <trkpt lat="45.7540627" lon="10.7510098">
      <ele>103.58728001131148</ele>
      <time>2026-08-23T17:20:54.175+02:00</time>
      <extensions>
        <activity type="UNKNOWN" conf="40" state="unknown" tsMs="1787498436567"/>
        <radio op="vodafone IT" rat="LTE" rsrp="-103" rsrq="-15"/>
        <radio op="I TIM" rat="LTE" rsrp="-101" rsrq="-16"/>
      </extensions>
    </trkpt>
    <trkpt lat="45.7540635" lon="10.7510054">
      <ele>103.15582181356024</ele>
      <time>2026-08-23T17:21:04.779+02:00</time>
      <extensions>
        <activity type="UNKNOWN" conf="40" state="unknown" tsMs="1787498436567"/>
        <radio op="vodafone IT" rat="LTE" rsrp="-101" rsrq="-14"/>
        <radio op="I TIM" rat="LTE" rsrp="-100" rsrq="-16"/>
      </extensions>
    </trkpt>
    <trkpt lat="45.7541556" lon="10.750896">
      <ele>104.35853477578848</ele>
      <time>2026-08-23T17:21:15.053+02:00</time>
      <extensions>
        <activity type="UNKNOWN" conf="40" state="unknown" tsMs="1787498453953"/>
        <radio op="vodafone IT" rat="LTE" rsrp="-101" rsrq="-13"/>
        <radio op="I TIM" rat="LTE" rsrp="-95" rsrq="-14"/>
      </extensions>
    </trkpt>
    <trkpt lat="45.7542002" lon="10.7507185">
      <ele>106.36411464163197</ele>
      <time>2026-08-23T17:21:24.834+02:00</time>
      <extensions>
        <activity type="ON_FOOT" conf="97" state="moving" tsMs="1787498470753"/>
        <radio op="vodafone IT" rat="LTE" q="12.60" rsrp="-107" sinr="2" rsrq="-15"/>
        <radio op="I TIM" rat="LTE" rsrp="-104" rsrq="-16"/>
      </extensions>
    </trkpt>
    <trkpt lat="45.7542148" lon="10.7505747">
      <ele>108.29299328769508</ele>
      <time>2026-08-23T17:21:35.155+02:00</time>
      <extensions>
        <activity type="ON_FOOT" conf="97" state="moving" tsMs="1787498483505"/>
        <radio op="vodafone IT" rat="LTE" q="10.00" rsrp="-105" sinr="0" rsrq="-12"/>
        <radio op="I TIM" rat="LTE" rsrp="-107" rsrq="-16"/>
      </extensions>
    </trkpt>
    <trkpt lat="45.7541574" lon="10.7505273">
      <ele>111.13592496585294</ele>
      <time>2026-08-23T17:21:45.333+02:00</time>
      <extensions>
        <activity type="ON_FOOT" conf="97" state="moving" tsMs="1787498483505"/>
        <radio op="vodafone IT" rat="LTE" q="26.00" rsrp="-105" sinr="8" rsrq="-13"/>
        <radio op="I TIM" rat="LTE" rsrp="-111" rsrq="-16"/>
      </extensions>
    </trkpt>
    <trkpt lat="45.7540903" lon="10.7504196">
      <ele>111.74529706900474</ele>
      <time>2026-08-23T17:21:55.234+02:00</time>
      <extensions>
        <activity type="ON_FOOT" conf="98" state="moving" tsMs="1787498497160"/>
        <radio op="vodafone IT" rat="LTE" rsrp="-112" rsrq="-16"/>
        <radio op="I TIM" rat="LTE" rsrp="-107" rsrq="-16"/>
      </extensions>
    </trkpt>
    <trkpt lat="45.7540361" lon="10.7503229">
      <ele>114.09484602577402</ele>
      <time>2026-08-23T17:22:05.208+02:00</time>
      <extensions>
        <activity type="ON_FOOT" conf="98" state="moving" tsMs="1787498497160"/>
        <radio op="vodafone IT" rat="LTE" rsrp="-115" rsrq="-16"/>
        <radio op="I TIM" rat="LTE" rsrp="-109" rsrq="-15"/>
      </extensions>
    </trkpt>
    <trkpt lat="45.7539101" lon="10.7502794">
      <ele>115.62031215979232</ele>
      <time>2026-08-23T17:22:15.759+02:00</time>
      <extensions>
        <activity type="ON_FOOT" conf="95" state="moving" tsMs="1787498514122"/>
        <radio op="vodafone IT" rat="LTE" rsrp="-110" rsrq="-16"/>
        <radio op="I TIM" rat="LTE" rsrp="-108" rsrq="-17"/>
      </extensions>
    </trkpt>
    <trkpt lat="45.753826" lon="10.7501909">
      <ele>118.30000305175781</ele>
      <time>2026-08-23T17:22:25.639+02:00</time>
      <extensions>
        <activity type="ON_FOOT" conf="96" state="moving" tsMs="1787498530512"/>
        <radio op="vodafone IT" rat="LTE" rsrp="-112" rsrq="-16"/>
        <radio op="I TIM" rat="LTE" rsrp="-108" rsrq="-16"/>
      </extensions>
    </trkpt>
    <trkpt lat="45.753737" lon="10.7500694">
      <ele>120.9000015258789</ele>
      <time>2026-08-23T17:22:36.014+02:00</time>
      <extensions>
        <activity type="ON_FOOT" conf="98" state="moving" tsMs="1787498541865"/>
        <radio op="vodafone IT" rat="LTE" rsrp="-111" rsrq="-15"/>
        <radio op="I TIM" rat="LTE" rsrp="-107" rsrq="-17"/>
      </extensions>
    </trkpt>
    <trkpt lat="45.7537636" lon="10.7498811">
      <ele>121.81053715507218</ele>
      <time>2026-08-23T17:22:45.799+02:00</time>
      <extensions>
        <activity type="ON_FOOT" conf="98" state="moving" tsMs="1787498553271"/>
        <radio op="vodafone IT" rat="LTE" q="7.70" rsrp="-114" sinr="2" rsrq="-15"/>
        <radio op="I TIM" rat="LTE" rsrp="-110" rsrq="-16"/>
      </extensions>
    </trkpt>
    <trkpt lat="45.7537789" lon="10.7498322">
      <ele>123.60196412449078</ele>
      <time>2026-08-23T17:22:56.181+02:00</time>
      <extensions>
        <activity type="UNKNOWN" conf="40" state="unknown" tsMs="1787498564679"/>
        <radio op="vodafone IT" rat="LTE" rsrp="-113" rsrq="-15"/>
        <radio op="I TIM" rat="LTE" rsrp="-116" rsrq="-17"/>
      </extensions>
    </trkpt>
    <trkpt lat="45.7537761" lon="10.7498357">
      <ele>125.26500755830173</ele>
      <time>2026-08-23T17:23:06.198+02:00</time>
      <extensions>
        <activity type="UNKNOWN" conf="40" state="unknown" tsMs="1787498564679"/>
        <radio op="vodafone IT" rat="LTE" rsrp="-105" rsrq="-13"/>
        <radio op="I TIM" rat="LTE" rsrp="-120" rsrq="-16"/>
      </extensions>
    </trkpt>
    <trkpt lat="45.7537855" lon="10.7498679">
      <ele>126.63401604655186</ele>
      <time>2026-08-23T17:23:16.394+02:00</time>
      <extensions>
        <activity type="UNKNOWN" conf="40" state="unknown" tsMs="1787498581970"/>
        <radio op="vodafone IT" rat="LTE" rsrp="-112" rsrq="-16"/>
        <radio op="I TIM" rat="LTE" rsrp="-118" rsrq="-19"/>
      </extensions>
    </trkpt>
    <trkpt lat="45.7537822" lon="10.7498471">
      <ele>124.97888976250242</ele>
      <time>2026-08-23T17:23:26.62+02:00</time>
      <extensions>
        <activity type="UNKNOWN" conf="40" state="unknown" tsMs="1787498581970"/>
        <radio op="vodafone IT" rat="LTE" rsrp="-112" rsrq="-15"/>
        <radio op="I TIM" rat="LTE" rsrp="-115" rsrq="-18"/>
      </extensions>
    </trkpt>
    <trkpt lat="45.7537735" lon="10.7498581">
      <ele>129.01927173352723</ele>
      <time>2026-08-23T17:23:36.341+02:00</time>
      <extensions>
        <activity type="UNKNOWN" conf="40" state="unknown" tsMs="1787498599275"/>
        <radio op="vodafone IT" rat="LTE" rsrp="-111" rsrq="-16"/>
        <radio op="I TIM" rat="LTE" rsrp="-115" rsrq="-18"/>
      </extensions>
    </trkpt>
    <trkpt lat="45.7537727" lon="10.7498585">
      <ele>130.1188519798525</ele>
      <time>2026-08-23T17:23:46.236+02:00</time>
      <extensions>
        <activity type="STILL" conf="100" state="still" tsMs="1787498617296"/>
        <radio op="vodafone IT" rat="LTE" rsrp="-114" rsrq="-15"/>
        <radio op="I TIM" rat="LTE" rsrp="-116" rsrq="-19"/>
      </extensions>
    </trkpt>
    <trkpt lat="45.7537721" lon="10.7498588">
      <ele>130.45386881423275</ele>
      <time>2026-08-23T17:23:56.247+02:00</time>
      <extensions>
        <activity type="STILL" conf="100" state="still" tsMs="1787498629573"/>
        <radio op="vodafone IT" rat="LTE" rsrp="-110" rsrq="-17"/>
        <radio op="I TIM" rat="LTE" rsrp="-115" rsrq="-18"/>
      </extensions>
    </trkpt>
    <trkpt lat="45.7537725" lon="10.7498588">
      <ele>131.00146957567037</ele>
      <time>2026-08-23T17:24:07.033+02:00</time>
      <extensions>
        <activity type="STILL" conf="100" state="still" tsMs="1787498629573"/>
        <radio op="vodafone IT" rat="LTE" rsrp="-112" rsrq="-16"/>
        <radio op="I TIM" rat="LTE" rsrp="-116" rsrq="-18"/>
      </extensions>
    </trkpt>
    <trkpt lat="45.7537728" lon="10.7498584">
      <ele>130.62521317534143</ele>
      <time>2026-08-23T17:24:17.155+02:00</time>
      <extensions>
        <activity type="STILL" conf="100" state="still" tsMs="1787498641871"/>
        <radio op="vodafone IT" rat="LTE" rsrp="-110" rsrq="-14"/>
        <radio op="I TIM" rat="LTE" rsrp="-116" rsrq="-18"/>
      </extensions>
    </trkpt>
    <trkpt lat="45.7537729" lon="10.7498584">
      <ele>130.17376053142172</ele>
      <time>2026-08-23T17:24:27.269+02:00</time>
      <extensions>
        <activity type="STILL" conf="100" state="still" tsMs="1787498654157"/>
        <radio op="vodafone IT" rat="LTE" rsrp="-111" rsrq="-15"/>
        <radio op="I TIM" rat="LTE" rsrp="-120" rsrq="-18"/>
      </extensions>
    </trkpt>
    <trkpt lat="45.7537729" lon="10.7498583">
      <ele>130.263790900185</ele>
      <time>2026-08-23T17:24:37.165+02:00</time>
      <extensions>
        <activity type="STILL" conf="100" state="still" tsMs="1787498666466"/>
        <radio op="vodafone IT" rat="LTE" rsrp="-112" rsrq="-15"/>
        <radio op="I TIM" rat="LTE" rsrp="-114" rsrq="-17"/>
      </extensions>
    </trkpt>
    <trkpt lat="45.7537728" lon="10.7498585">
      <ele>129.88889987503694</ele>
      <time>2026-08-23T17:24:47.284+02:00</time>
      <extensions>
        <activity type="STILL" conf="100" state="still" tsMs="1787498678730"/>
        <radio op="vodafone IT" rat="LTE" rsrp="-113" rsrq="-16"/>
        <radio op="I TIM" rat="LTE" rsrp="-115" rsrq="-18"/>
      </extensions>
    </trkpt>
    <trkpt lat="45.7537729" lon="10.7498587">
      <ele>129.01972722751566</ele>
      <time>2026-08-23T17:24:57.183+02:00</time>
      <extensions>
        <activity type="STILL" conf="100" state="still" tsMs="1787498691027"/>
        <radio op="vodafone IT" rat="LTE" rsrp="-118" rsrq="-17"/>
        <radio op="I TIM" rat="LTE" rsrp="-116" rsrq="-18"/>
      </extensions>
    </trkpt>
    <trkpt lat="45.7537732" lon="10.7498586">
      <ele>127.49600093401904</ele>
      <time>2026-08-23T17:25:07.199+02:00</time>
      <extensions>
        <activity type="STILL" conf="100" state="still" tsMs="1787498691027"/>
        <radio op="vodafone IT" rat="LTE" rsrp="-117" rsrq="-16"/>
        <radio op="I TIM" rat="LTE" rsrp="-116" rsrq="-18"/>
      </extensions>
    </trkpt>
    <trkpt lat="45.7537728" lon="10.7498587">
      <ele>127.1544836979123</ele>
      <time>2026-08-23T17:25:17.21+02:00</time>
      <extensions>
        <activity type="STILL" conf="100" state="still" tsMs="1787498703312"/>
        <radio op="vodafone IT" rat="LTE" rsrp="-117" rsrq="-16"/>
        <radio op="I TIM" rat="LTE" rsrp="-116" rsrq="-17"/>
      </extensions>
    </trkpt>
    <trkpt lat="45.7537728" lon="10.7498583">
      <ele>126.11647690025953</ele>
      <time>2026-08-23T17:25:27.22+02:00</time>
      <extensions>
        <activity type="STILL" conf="100" state="still" tsMs="1787498715599"/>
        <radio op="vodafone IT" rat="LTE" rsrp="-118" rsrq="-17"/>
        <radio op="I TIM" rat="LTE" rsrp="-116" rsrq="-17"/>
      </extensions>
    </trkpt>
    <trkpt lat="45.7537728" lon="10.7498586">
      <ele>125.62057339673039</ele>
      <time>2026-08-23T17:25:38.233+02:00</time>
      <extensions>
        <activity type="STILL" conf="100" state="still" tsMs="1787498726743"/>
        <radio op="vodafone IT" rat="LTE" rsrp="-118" rsrq="-16"/>
        <radio op="I TIM" rat="LTE" rsrp="-116" rsrq="-17"/>
      </extensions>
    </trkpt>
    <trkpt lat="45.7537529" lon="10.7498557">
      <ele>8.906459964776516</ele>
      <time>2026-08-23T17:34:32.154+02:00</time>
      <extensions>
        <activity type="UNKNOWN" conf="40" state="unknown" tsMs="1787499276250"/>
        <radio op="vodafone IT" rat="LTE" rsrp="-112" rsrq="-15"/>
        <radio op="I TIM" rat="LTE" rsrp="-115" rsrq="-19"/>
      </extensions>
    </trkpt>
    <trkpt lat="45.7528168" lon="10.750024">
      <ele>5.150223841947529</ele>
      <time>2026-08-23T17:35:08.847+02:00</time>
      <extensions>
        <activity type="STILL" conf="95" state="still" tsMs="1787499308359"/>
        <radio op="vodafone IT" rat="LTE" rsrp="-112" rsrq="-17"/>
        <radio op="I TIM" rat="LTE" rsrp="-117" rsrq="-19"/>
      </extensions>
    </trkpt>
    <trkpt lat="45.7529721" lon="10.749616">
      <ele>4.773292056794503</ele>
      <time>2026-08-23T17:35:40.205+02:00</time>
      <extensions>
        <activity type="STILL" conf="96" state="still" tsMs="1787499336638"/>
        <radio op="vodafone IT" rat="LTE" rsrp="-111" rsrq="-16"/>
        <radio op="I TIM" rat="LTE" rsrp="-115" rsrq="-18"/>
      </extensions>
    </trkpt>
    <trkpt lat="45.7530164" lon="10.7500586">
      <ele>4.083521317706591</ele>
      <time>2026-08-23T17:36:11.466+02:00</time>
      <extensions>
        <activity type="STILL" conf="97" state="still" tsMs="1787499366763"/>
        <radio op="vodafone IT" rat="LTE" rsrp="-113" rsrq="-17"/>
        <radio op="I TIM" rat="LTE" rsrp="-118" rsrq="-18"/>
      </extensions>
    </trkpt>
    <trkpt lat="45.7537595" lon="10.7497035">
      <ele>-13.27183768672191</ele>
      <time>2026-08-23T17:36:49.154+02:00</time>
      <extensions>
        <activity type="UNKNOWN" conf="40" state="unknown" tsMs="1787499413066"/>
        <radio op="vodafone IT" rat="LTE" rsrp="-120" rsrq="-15"/>
        <radio op="I TIM" rat="LTE" rsrp="-119" rsrq="-15"/>
      </extensions>
    </trkpt>
    <trkpt lat="45.7537581" lon="10.749815">
      <ele>-0.5914284462589308</ele>
      <time>2026-08-23T17:37:29.155+02:00</time>
      <extensions>
        <activity type="STILL" conf="99" state="still" tsMs="1787499448810"/>
        <radio op="vodafone IT" rat="LTE" rsrp="-112" rsrq="-15"/>
        <radio op="I TIM" rat="LTE" rsrp="-114" rsrq="-15"/>
      </extensions>
    </trkpt>
    <trkpt lat="45.7535867" lon="10.7500681">
      <ele>-7.633702859831871</ele>
      <time>2026-08-23T17:38:09.534+02:00</time>
      <extensions>
        <activity type="STILL" conf="99" state="still" tsMs="1787499484036"/>
        <radio op="vodafone IT" rat="LTE" rsrp="-118" rsrq="-17"/>
        <radio op="I TIM" rat="LTE" rsrp="-117" rsrq="-15"/>
      </extensions>
    </trkpt>
    <trkpt lat="45.7547965" lon="10.750351">
      <ele>8.453582207485823</ele>
      <time>2026-08-23T17:38:40.846+02:00</time>
      <extensions>
        <activity type="IN_VEHICLE" conf="96" state="moving" tsMs="1787499498007"/>
        <radio op="vodafone IT" rat="LTE" q="10.80" rsrp="-107" sinr="1" rsrq="-15"/>
        <radio op="I TIM" rat="LTE" q="10.80" rsrp="-107" sinr="1" rsrq="-14"/>
      </extensions>
    </trkpt>
    <trkpt lat="45.7528068" lon="10.7495568">
      <ele>31.62372173851172</ele>
      <time>2026-08-23T17:39:12.049+02:00</time>
      <extensions>
        <activity type="IN_VEHICLE" conf="96" state="moving" tsMs="1787499548567"/>
        <radio op="vodafone IT" rat="LTE" rsrp="-104" rsrq="-17"/>
        <radio op="I TIM" rat="LTE" rsrp="-110" rsrq="-17"/>
      </extensions>
    </trkpt>
    <trkpt lat="45.7515865" lon="10.7496542">
      <ele>54.867924387341304</ele>
      <time>2026-08-23T17:39:45.154+02:00</time>
      <extensions>
        <activity type="IN_VEHICLE" conf="97" state="moving" tsMs="1787499579784"/>
        <radio op="vodafone IT" rat="LTE" rsrp="-106" rsrq="-16"/>
        <radio op="I TIM" rat="LTE" rsrp="-100" rsrq="-17"/>
      </extensions>
    </trkpt>
    <trkpt lat="45.7514594" lon="10.7495219">
      <ele>54.86584150368017</ele>
      <time>2026-08-23T17:39:47.155+02:00</time>
      <extensions>
        <activity type="IN_VEHICLE" conf="96" state="moving" tsMs="1787499586458"/>
        <radio op="vodafone IT" rat="LTE" rsrp="-114" rsrq="-18"/>
        <radio op="I TIM" rat="LTE" rsrp="-97" rsrq="-15"/>
      </extensions>
    </trkpt>
    <trkpt lat="45.7509738" lon="10.7487743">
      <ele>82.5376950230114</ele>
      <time>2026-08-23T17:40:26.494+02:00</time>
      <extensions>
        <activity type="IN_VEHICLE" conf="97" state="moving" tsMs="1787499621796"/>
        <radio op="vodafone IT" rat="LTE" rsrp="-126" rsrq="-17"/>
        <radio op="I TIM" rat="LTE" rsrp="-121" rsrq="-15"/>
      </extensions>
    </trkpt>
    <trkpt lat="45.7509738" lon="10.7487743">
      <ele>100.81162124169896</ele>
      <time>2026-08-23T17:41:02.92+02:00</time>
      <extensions>
        <activity type="IN_VEHICLE" conf="97" state="moving" tsMs="1787499662448"/>
        <radio op="vodafone IT" rat="LTE" rsrp="-133" rsrq="-21"/>
        <radio op="I TIM" rat="LTE" rsrq="-20"/>
      </extensions>
    </trkpt>
    <trkpt lat="45.7509738" lon="10.7487743">
      <ele>102.53075180977746</ele>
      <time>2026-08-23T17:41:08.053+02:00</time>
      <extensions>
        <activity type="IN_VEHICLE" conf="96" state="moving" tsMs="1787499666227"/>
        <radio op="vodafone IT" rat="LTE" rsrq="-20"/>
        <radio op="I TIM" rat="WCDMA"/>
      </extensions>
    </trkpt>
    <trkpt lat="45.7509738" lon="10.7487743">
      <ele>112.61863353036225</ele>
      <time>2026-08-23T17:41:13.197+02:00</time>
      <extensions>
        <activity type="IN_VEHICLE" conf="97" state="moving" tsMs="1787499695786"/>
        <radio op="vodafone IT" rat="LTE" rsrq="-20"/>
        <radio op="I TIM" rat="WCDMA"/>
      </extensions>
    </trkpt>
    <trkpt lat="45.7370681" lon="10.7356371">
      <ele>148.78118883946755</ele>
      <time>2026-08-23T17:42:50.154+02:00</time>
      <extensions>
        <activity type="IN_VEHICLE" conf="96" state="moving" tsMs="1787499772641"/>
        <radio op="vodafone IT" rat="LTE" q="24.20" rsrp="-103" sinr="6" rsrq="-10"/>
        <radio op="I TIM" rat="LTE" rsrp="-103" rsrq="-16"/>
      </extensions>
    </trkpt>
    <trkpt lat="45.7370681" lon="10.7356371">
      <ele>148.78118883946755</ele>
      <time>2026-08-23T17:43:24.137+02:00</time>
      <extensions>
        <activity type="IN_VEHICLE" conf="98" state="moving" tsMs="1787499802617"/>
        <radio op="vodafone IT" rat="LTE" rsrp="-102" rsrq="-16"/>
        <radio op="I TIM" rat="LTE" rsrp="-117" rsrq="-20"/>
      </extensions>
    </trkpt>
    <trkpt lat="45.7312645" lon="10.7250302">
      <ele>169.05517140635885</ele>
      <time>2026-08-23T17:44:01.157+02:00</time>
      <extensions>
        <activity type="IN_VEHICLE" conf="97" state="moving" tsMs="1787499848083"/>
        <radio op="vodafone IT" rat="LTE" q="33.80" rsrp="-99" sinr="8" rsrq="-10"/>
        <radio op="I TIM" rat="LTE" rsrp="-114" rsrq="-17"/>
      </extensions>
    </trkpt>
    <trkpt lat="45.7182389" lon="10.7064934">
      <ele>209.8505233293922</ele>
      <time>2026-08-23T17:45:37.455+02:00</time>
      <extensions>
        <activity type="IN_VEHICLE" conf="96" state="moving" tsMs="1787499955068"/>
        <radio op="vodafone IT" rat="LTE" q="15.30" rsrp="-108" sinr="4" rsrq="-12"/>
        <radio op="I TIM" rat="LTE" rsrp="-102" rsrq="-14"/>
      </extensions>
    </trkpt>
    <trkpt lat="45.7130005" lon="10.7007045">
      <ele>236.42639460360726</ele>
      <time>2026-08-23T17:46:19.154+02:00</time>
      <extensions>
        <activity type="IN_VEHICLE" conf="96" state="moving" tsMs="1787499980094"/>
        <radio op="vodafone IT" rat="LTE" q="38.40" rsrp="-101" sinr="11" rsrq="-12"/>
        <radio op="I TIM" rat="LTE" rsrp="-109" rsrq="-14"/>
      </extensions>
    </trkpt>
    <trkpt lat="45.7130005" lon="10.7007045">
      <ele>249.6970341839003</ele>
      <time>2026-08-23T17:46:55.424+02:00</time>
      <extensions>
        <activity type="IN_VEHICLE" conf="97" state="moving" tsMs="1787500014951"/>
        <radio op="vodafone IT" rat="LTE" q="16.80" rsrp="-113" sinr="9" rsrq="-11"/>
        <radio op="I TIM" rat="LTE" q="16.20" rsrp="-107" sinr="4" rsrq="-9"/>
      </extensions>
    </trkpt>
    <trkpt lat="45.7130005" lon="10.7007045">
      <ele>250.1195302291386</ele>
      <time>2026-08-23T17:47:02.723+02:00</time>
      <extensions>
        <activity type="IN_VEHICLE" conf="97" state="moving" tsMs="1787500031482"/>
        <radio op="vodafone IT" rat="LTE" rsrp="-111" rsrq="-13"/>
        <radio op="I TIM" rat="LTE" rsrp="-95" rsrq="-11"/>
      </extensions>
    </trkpt>
    <trkpt lat="45.7130005" lon="10.7007045">
      <ele>251.8491220736339</ele>
      <time>2026-08-23T17:47:48.642+02:00</time>
      <extensions>
        <activity type="IN_VEHICLE" conf="97" state="moving" tsMs="1787500068157"/>
        <radio op="vodafone IT" rat="LTE" rsrp="-99" rsrq="-19"/>
        <radio op="I TIM" rat="LTE" rsrp="-140" rsrq="-25"/>
      </extensions>
    </trkpt>
    <trkpt lat="45.7025708" lon="10.6804739">
      <ele>248.9922422508842</ele>
      <time>2026-08-23T17:48:39.153+02:00</time>
      <extensions>
        <activity type="IN_VEHICLE" conf="97" state="moving" tsMs="1787500137529"/>
        <radio op="vodafone IT" rat="LTE" rsrp="-106" rsrq="-19"/>
        <radio op="I TIM" rat="LTE" q="17.50" rsrp="-100" sinr="2" rsrq="-13"/>
      </extensions>
    </trkpt>
    <trkpt lat="45.6941489" lon="10.6678255">
      <ele>271.2510775885837</ele>
      <time>2026-08-23T17:49:50.57+02:00</time>
      <extensions>
        <activity type="IN_VEHICLE" conf="97" state="moving" tsMs="1787500206414"/>
        <radio op="vodafone IT" rat="LTE" q="75.60" rsrp="-89" sinr="16" rsrq="-8"/>
        <radio op="I TIM" rat="LTE" q="44.40" rsrp="-88" sinr="7" rsrq="-13"/>
      </extensions>
    </trkpt>
    <trkpt lat="45.6914398" lon="10.6653653">
      <ele>267.5482118715531</ele>
      <time>2026-08-23T17:50:21.724+02:00</time>
      <extensions>
        <activity type="IN_VEHICLE" conf="97" state="moving" tsMs="1787500217165"/>
        <radio op="vodafone IT" rat="LTE" q="62.70" rsrp="-92" sinr="14" rsrq="-9"/>
        <radio op="I TIM" rat="LTE" q="49.00" rsrp="-90" sinr="9" rsrq="-13"/>
      </extensions>
    </trkpt>
    <trkpt lat="45.6896049" lon="10.6633898">
      <ele>277.3171795632753</ele>
      <time>2026-08-23T17:50:53.005+02:00</time>
      <extensions>
        <activity type="IN_VEHICLE" conf="97" state="moving" tsMs="1787500248280"/>
        <radio op="vodafone IT" rat="LTE" q="43.50" rsrp="-96" sinr="10" rsrq="-11"/>
        <radio op="I TIM" rat="LTE" q="36.00" rsrp="-89" sinr="5" rsrq="-15"/>
      </extensions>
    </trkpt>
    <trkpt lat="45.6886793" lon="10.6619776">
      <ele>317.46826084071927</ele>
      <time>2026-08-23T17:51:24.273+02:00</time>
      <extensions>
        <activity type="IN_VEHICLE" conf="97" state="moving" tsMs="1787500279673"/>
        <radio op="vodafone IT" rat="LTE" q="40.50" rsrp="-98" sinr="10" rsrq="-12"/>
        <radio op="I TIM" rat="LTE" q="12.50" rsrp="-100" sinr="0" rsrq="-13"/>
      </extensions>
    </trkpt>
    <trkpt lat="45.6836034" lon="10.6573397">
      <ele>313.919776290581</ele>
      <time>2026-08-23T17:51:55.506+02:00</time>
      <extensions>
        <activity type="IN_VEHICLE" conf="97" state="moving" tsMs="1787500310994"/>
        <radio op="vodafone IT" rat="LTE" q="6.50" rsrp="-112" sinr="0" rsrq="-13"/>
        <radio op="I TIM" rat="LTE" q="16.80" rsrp="-111" sinr="7" rsrq="-16"/>
      </extensions>
    </trkpt>
    <trkpt lat="45.6804627" lon="10.6542368">
      <ele>318.4551281295461</ele>
      <time>2026-08-23T17:52:26.759+02:00</time>
      <extensions>
        <activity type="IN_VEHICLE" conf="97" state="moving" tsMs="1787500342056"/>
        <radio op="vodafone IT" rat="LTE" rsrp="-108" rsrq="-17"/>
        <radio op="I TIM" rat="LTE" q="9.00" rsrp="-110" sinr="1" rsrq="-13"/>
      </extensions>
    </trkpt>
    <trkpt lat="45.6771825" lon="10.6530659">
      <ele>319.98405156738306</ele>
      <time>2026-08-23T17:52:58.009+02:00</time>
      <extensions>
        <activity type="IN_VEHICLE" conf="97" state="moving" tsMs="1787500373317"/>
        <radio op="vodafone IT" rat="LTE" q="4.50" rsrp="-116" sinr="0" rsrq="-15"/>
        <radio op="I TIM" rat="LTE" rsrp="-117" rsrq="-15"/>
      </extensions>
    </trkpt>
    <trkpt lat="45.6750055" lon="10.6506865">
      <ele>305.32719465353557</ele>
      <time>2026-08-23T17:53:29.11+02:00</time>
      <extensions>
        <activity type="IN_VEHICLE" conf="97" state="moving" tsMs="1787500404512"/>
        <radio op="vodafone IT" rat="LTE" rsrp="-103" rsrq="-13"/>
        <radio op="I TIM" rat="LTE" q="26.60" rsrp="-106" sinr="9" rsrq="-13"/>
      </extensions>
    </trkpt>
    <trkpt lat="45.668111" lon="10.6504144">
      <ele>315.26342895433237</ele>
      <time>2026-08-23T17:54:34.774+02:00</time>
      <extensions>
        <activity type="IN_VEHICLE" conf="97" state="moving" tsMs="1787500497310"/>
        <radio op="vodafone IT" rat="LTE" rsrp="-98" rsrq="-14"/>
        <radio op="I TIM" rat="LTE" q="18.40" rsrp="-102" sinr="3" rsrq="-14"/>
      </extensions>
    </trkpt>
    <trkpt lat="45.6635757" lon="10.6449037">
      <ele>318.184453302458</ele>
      <time>2026-08-23T17:55:15.154+02:00</time>
      <extensions>
        <activity type="IN_VEHICLE" conf="97" state="moving" tsMs="1787500522972"/>
        <radio op="vodafone IT" rat="LTE" rsrp="-101" rsrq="-16"/>
        <radio op="I TIM" rat="LTE" rsrp="-99" rsrq="-13"/>
      </extensions>
    </trkpt>
    <trkpt lat="45.6594121" lon="10.6391296">
      <ele>117.19999694824219</ele>
      <time>2026-08-23T17:56:07.154+02:00</time>
      <extensions>
        <activity type="IN_VEHICLE" conf="97" state="moving" tsMs="1787500580411"/>
        <radio op="vodafone IT" rat="LTE" q="17.00" rsrp="-108" sinr="5" rsrq="-14"/>
        <radio op="I TIM" rat="LTE" rsrp="-103" rsrq="-15"/>
      </extensions>
    </trkpt>
    <trkpt lat="45.6554106" lon="10.6339181">
      <ele>144.91202229832828</ele>
      <time>2026-08-23T17:56:53.154+02:00</time>
      <extensions>
        <activity type="IN_VEHICLE" conf="97" state="moving" tsMs="1787500610689"/>
        <radio op="vodafone IT" rat="LTE" rsrp="-108" rsrq="-18"/>
        <radio op="I TIM" rat="LTE" rsrp="-104" rsrq="-14"/>
      </extensions>
    </trkpt>
    <trkpt lat="45.6522629" lon="10.6284267">
      <ele>136.0506265231109</ele>
      <time>2026-08-23T17:57:35.154+02:00</time>
      <extensions>
        <activity type="IN_VEHICLE" conf="96" state="moving" tsMs="1787500654749"/>
        <radio op="vodafone IT" rat="LTE" rsrp="-100" rsrq="-12"/>
        <radio op="I TIM" rat="LTE" q="31.90" rsrp="-96" sinr="6" rsrq="-11"/>
      </extensions>
    </trkpt>
    <trkpt lat="45.6485739" lon="10.6226078">
      <ele>109.26189932310834</ele>
      <time>2026-08-23T17:58:18.155+02:00</time>
      <extensions>
        <activity type="IN_VEHICLE" conf="97" state="moving" tsMs="1787500705172"/>
        <radio op="vodafone IT" rat="LTE" rsrp="-95" rsrq="-16"/>
        <radio op="I TIM" rat="LTE" q="23.40" rsrp="-99" sinr="4" rsrq="-14"/>
      </extensions>
    </trkpt>
    <trkpt lat="45.6445805" lon="10.6166454">
      <ele>48.92286765893249</ele>
      <time>2026-08-23T17:59:28.322+02:00</time>
      <extensions>
        <activity type="IN_VEHICLE" conf="97" state="moving" tsMs="1787500764902"/>
        <radio op="vodafone IT" rat="LTE" q="35.00" rsrp="-90" sinr="5" rsrq="-10"/>
        <radio op="I TIM" rat="LTE" q="20.70" rsrp="-102" sinr="4" rsrq="-12"/>
      </extensions>
    </trkpt>
    <trkpt lat="45.6440811" lon="10.6164789">
      <ele>44.38544263829708</ele>
      <time>2026-08-23T17:59:59.228+02:00</time>
      <extensions>
        <activity type="IN_VEHICLE" conf="97" state="moving" tsMs="1787500795798"/>
        <radio op="vodafone IT" rat="LTE" q="24.80" rsrp="-94" sinr="3" rsrq="-14"/>
        <radio op="I TIM" rat="LTE" q="16.00" rsrp="-105" sinr="3" rsrq="-14"/>
      </extensions>
    </trkpt>
    <trkpt lat="45.6426496" lon="10.6146737">
      <ele>43.23440270340717</ele>
      <time>2026-08-23T18:00:30.101+02:00</time>
      <extensions>
        <activity type="IN_VEHICLE" conf="97" state="moving" tsMs="1787500826691"/>
        <radio op="vodafone IT" rat="LTE" rsrp="-96" rsrq="-12"/>
        <radio op="I TIM" rat="LTE" rsrp="-107" rsrq="-16"/>
      </extensions>
    </trkpt>
    <trkpt lat="45.6419865" lon="10.6125411">
      <ele>125.08871736696659</ele>
      <time>2026-08-23T18:01:01.325+02:00</time>
      <extensions>
        <activity type="IN_VEHICLE" conf="97" state="moving" tsMs="1787500857883"/>
        <radio op="vodafone IT" rat="LTE" rsrp="-92" rsrq="-14"/>
        <radio op="I TIM" rat="LTE" q="26.40" rsrp="-101" sinr="6" rsrq="-13"/>
      </extensions>
    </trkpt>
    <trkpt lat="45.6412945" lon="10.6107209">
      <ele>130.60000610351562</ele>
      <time>2026-08-23T18:01:32.635+02:00</time>
      <extensions>
        <activity type="IN_VEHICLE" conf="97" state="moving" tsMs="1787500889168"/>
        <radio op="vodafone IT" rat="LTE" q="62.40" rsrp="-86" sinr="11" rsrq="-11"/>
        <radio op="I TIM" rat="LTE" q="18.00" rsrp="-110" sinr="7" rsrq="-14"/>
      </extensions>
    </trkpt>
    <trkpt lat="45.640233" lon="10.6086642">
      <ele>124.88897260766376</ele>
      <time>2026-08-23T18:02:03.899+02:00</time>
      <extensions>
        <activity type="IN_VEHICLE" conf="97" state="moving" tsMs="1787500920511"/>
        <radio op="vodafone IT" rat="LTE" q="88.00" rsrp="-57" sinr="17" rsrq="-10"/>
        <radio op="I TIM" rat="LTE" q="34.50" rsrp="-102" sinr="10" rsrq="-13"/>
      </extensions>
    </trkpt>
    <trkpt lat="45.6370989" lon="10.6057839">
      <ele>120.79834650339829</ele>
      <time>2026-08-23T18:02:35.351+02:00</time>
      <extensions>
        <activity type="IN_VEHICLE" conf="97" state="moving" tsMs="1787500951723"/>
        <radio op="vodafone IT" rat="LTE" q="56.00" rsrp="-76" sinr="9" rsrq="-12"/>
        <radio op="I TIM" rat="LTE" rsrp="-108" rsrq="-17"/>
      </extensions>
    </trkpt>
    <trkpt lat="45.6356003" lon="10.6029961">
      <ele>114.27874566499462</ele>
      <time>2026-08-23T18:03:06.654+02:00</time>
      <extensions>
        <activity type="IN_VEHICLE" conf="97" state="moving" tsMs="1787500981928"/>
        <radio op="vodafone IT" rat="LTE" q="22.20" rsrp="-88" sinr="1" rsrq="-13"/>
        <radio op="I TIM" rat="LTE" rsrp="-112" rsrq="-17"/>
      </extensions>
    </trkpt>
    <trkpt lat="45.6352321" lon="10.601705">
      <ele>110.23494124537612</ele>
      <time>2026-08-23T18:03:24.601+02:00</time>
      <extensions>
        <activity type="IN_VEHICLE" conf="97" state="moving" tsMs="1787501002568"/>
        <radio op="vodafone IT" rat="LTE" rsrp="-91" rsrq="-11"/>
        <radio op="I TIM" rat="LTE" rsrp="-116" rsrq="-17"/>
      </extensions>
    </trkpt>
    <trkpt lat="45.6353019" lon="10.602237">
      <ele>110.23494124537612</ele>
      <time>2026-08-23T18:03:31.154+02:00</time>
      <extensions>
        <activity type="IN_VEHICLE" conf="96" state="moving" tsMs="1787501007784"/>
        <radio op="vodafone IT" rat="LTE" q="29.00" rsrp="-96" sinr="5" rsrq="-10"/>
        <radio op="I TIM" rat="LTE" rsrp="-113" rsrq="-16"/>
      </extensions>
    </trkpt>
    <trkpt lat="45.6351479" lon="10.601402">
      <ele>106.99162305805959</ele>
      <time>2026-08-23T18:04:08.588+02:00</time>
      <extensions>
        <activity type="IN_VEHICLE" conf="97" state="moving" tsMs="1787501043128"/>
        <radio op="vodafone IT" rat="LTE" q="23.20" rsrp="-96" sinr="3" rsrq="-11"/>
        <radio op="I TIM" rat="LTE" q="9.50" rsrp="-106" sinr="0" rsrq="-13"/>
      </extensions>
    </trkpt>
    <trkpt lat="45.6353795" lon="10.5998181">
      <ele>102.99576814093408</ele>
      <time>2026-08-23T18:04:39.893+02:00</time>
      <extensions>
        <activity type="IN_VEHICLE" conf="97" state="moving" tsMs="1787501075298"/>
        <radio op="vodafone IT" rat="LTE" q="23.00" rsrp="-102" sinr="5" rsrq="-11"/>
        <radio op="I TIM" rat="LTE" rsrp="-112" rsrq="-18"/>
      </extensions>
    </trkpt>
    <trkpt lat="45.6339108" lon="10.5993077">
      <ele>98.47343075025336</ele>
      <time>2026-08-23T18:05:11.287+02:00</time>
      <extensions>
        <activity type="IN_VEHICLE" conf="97" state="moving" tsMs="1787501106500"/>
        <radio op="vodafone IT" rat="LTE" q="27.00" rsrp="-98" sinr="5" rsrq="-12"/>
        <radio op="I TIM" rat="LTE" rsrp="-113" rsrq="-22"/>
      </extensions>
    </trkpt>
    <trkpt lat="45.6312436" lon="10.5889877">
      <ele>96.49227081961251</ele>
      <time>2026-08-23T18:05:43.02+02:00</time>
      <extensions>
        <activity type="IN_VEHICLE" conf="97" state="moving" tsMs="1787501137992"/>
        <radio op="vodafone IT" rat="LTE" q="13.80" rsrp="-102" sinr="1" rsrq="-13"/>
        <radio op="I TIM" rat="LTE" rsrp="-107" rsrq="-17"/>
      </extensions>
    </trkpt>
    <trkpt lat="45.6309345" lon="10.5884877">
      <ele>96.49227081961251</ele>
      <time>2026-08-23T18:05:51.155+02:00</time>
      <extensions>
        <activity type="IN_VEHICLE" conf="97" state="moving" tsMs="1787501153516"/>
        <radio op="vodafone IT" rat="LTE" rsrp="-96" rsrq="-11"/>
        <radio op="I TIM" rat="LTE" rsrp="-105" rsrq="-16"/>
      </extensions>
    </trkpt>
    <trkpt lat="45.6260301" lon="10.5832167">
      <ele>84.37151492775239</ele>
      <time>2026-08-23T18:06:55.814+02:00</time>
      <extensions>
        <activity type="TILTING" conf="100" state="moving" tsMs="1787501221040"/>
        <radio op="vodafone IT" rat="LTE" q="10.20" rsrp="-108" sinr="1" rsrq="-11"/>
        <radio op="I TIM" rat="LTE" rsrp="-104" rsrq="-18"/>
      </extensions>
    </trkpt>
    <trkpt lat="45.6260076" lon="10.5782001">
      <ele>77.77607847295528</ele>
      <time>2026-08-23T18:07:27.358+02:00</time>
      <extensions>
        <activity type="UNKNOWN" conf="40" state="unknown" tsMs="1787501246257"/>
        <radio op="vodafone IT" rat="LTE" q="8.50" rsrp="-108" sinr="0" rsrq="-11"/>
        <radio op="I TIM" rat="LTE" rsrp="-111" rsrq="-12"/>
      </extensions>
    </trkpt>
    <trkpt lat="45.6261225" lon="10.5784725">
      <ele>72.26506746626798</ele>
      <time>2026-08-23T18:07:58.58+02:00</time>
      <extensions>
        <activity type="IN_VEHICLE" conf="97" state="moving" tsMs="1787501278096"/>
        <radio op="vodafone IT" rat="LTE" rsrp="-100" rsrq="-13"/>
        <radio op="I TIM" rat="LTE" rsrp="-106" rsrq="-19"/>
      </extensions>
    </trkpt>
    <trkpt lat="45.6234416" lon="10.5712431">
      <ele>83.39186011569113</ele>
      <time>2026-08-23T18:08:29.886+02:00</time>
      <extensions>
        <activity type="IN_VEHICLE" conf="97" state="moving" tsMs="1787501306559"/>
        <radio op="vodafone IT" rat="LTE" q="15.00" rsrp="-100" sinr="1" rsrq="-14"/>
        <radio op="I TIM" rat="LTE" q="16.10" rsrp="-102" sinr="2" rsrq="-15"/>
      </extensions>
    </trkpt>
    <trkpt lat="45.6217762" lon="10.5684705">
      <ele>85.10164873365707</ele>
      <time>2026-08-23T18:08:58.201+02:00</time>
      <extensions>
        <activity type="IN_VEHICLE" conf="97" state="moving" tsMs="1787501337669"/>
        <radio op="vodafone IT" rat="LTE" q="83.60" rsrp="-87" sinr="17" rsrq="-12"/>
        <radio op="I TIM" rat="LTE" q="49.40" rsrp="-99" sinr="14" rsrq="-13"/>
      </extensions>
    </trkpt>
    <trkpt lat="45.619445" lon="10.5644731">
      <ele>82.30729336280855</ele>
      <time>2026-08-23T18:09:32.31+02:00</time>
      <extensions>
        <activity type="IN_VEHICLE" conf="97" state="moving" tsMs="1787501368462"/>
        <radio op="vodafone IT" rat="LTE" q="36.00" rsrp="-84" sinr="4" rsrq="-13"/>
        <radio op="I TIM" rat="LTE" rsrp="-97" rsrq="-15"/>
      </extensions>
    </trkpt>
    <trkpt lat="45.6183931" lon="10.5596078">
      <ele>84.77621541505853</ele>
      <time>2026-08-23T18:10:03.576+02:00</time>
      <extensions>
        <activity type="IN_VEHICLE" conf="97" state="moving" tsMs="1787501398707"/>
        <radio op="vodafone IT" rat="LTE" q="100.00" rsrp="-83" sinr="20" rsrq="-9"/>
        <radio op="I TIM" rat="LTE" q="78.20" rsrp="-91" sinr="18" rsrq="-12"/>
      </extensions>
    </trkpt>
    <trkpt lat="45.6150872" lon="10.5520333">
      <ele>91.43501374788511</ele>
      <time>2026-08-23T18:11:06.571+02:00</time>
      <extensions>
        <activity type="IN_VEHICLE" conf="97" state="moving" tsMs="1787501477070"/>
        <radio op="vodafone IT" rat="LTE" q="18.60" rsrp="-94" sinr="1" rsrq="-10"/>
        <radio op="I TIM" rat="LTE" rsrp="-105" rsrq="-15"/>
      </extensions>
    </trkpt>
    <trkpt lat="45.6140633" lon="10.5493686">
      <ele>89.56153053618846</ele>
      <time>2026-08-23T18:11:38.177+02:00</time>
      <extensions>
        <activity type="IN_VEHICLE" conf="97" state="moving" tsMs="1787501493112"/>
        <radio op="vodafone IT" rat="LTE" rsrp="-97" rsrq="-13"/>
        <radio op="I TIM" rat="LTE" rsrp="-105" rsrq="-15"/>
      </extensions>
    </trkpt>
    <trkpt lat="45.6128012" lon="10.5439139">
      <ele>90.65869576656665</ele>
      <time>2026-08-23T18:12:13.159+02:00</time>
      <extensions>
        <activity type="IN_VEHICLE" conf="97" state="moving" tsMs="1787501538421"/>
        <radio op="vodafone IT" rat="LTE" q="55.50" rsrp="-88" sinr="10" rsrq="-10"/>
        <radio op="I TIM" rat="LTE" q="27.30" rsrp="-104" sinr="8" rsrq="-14"/>
      </extensions>
    </trkpt>
    <trkpt lat="45.6107362" lon="10.5366631">
      <ele>114.31426795873142</ele>
      <time>2026-08-23T18:12:52.502+02:00</time>
      <extensions>
        <activity type="IN_VEHICLE" conf="97" state="moving" tsMs="1787501570515"/>
        <radio op="vodafone IT" rat="LTE" q="40.80" rsrp="-91" sinr="7" rsrq="-12"/>
        <radio op="I TIM" rat="LTE" q="43.50" rsrp="-96" sinr="10" rsrq="-11"/>
      </extensions>
    </trkpt>
    <trkpt lat="45.6094581" lon="10.531328">
      <ele>127.61245685081805</ele>
      <time>2026-08-23T18:13:24.048+02:00</time>
      <extensions>
        <activity type="IN_VEHICLE" conf="97" state="moving" tsMs="1787501600234"/>
        <radio op="vodafone IT" rat="LTE" rsrp="-93" rsrq="-15"/>
        <radio op="I TIM" rat="LTE" rsrp="-108" rsrq="-15"/>
      </extensions>
    </trkpt>
    <trkpt lat="45.6086665" lon="10.5249943">
      <ele>134.5879523147219</ele>
      <time>2026-08-23T18:13:58.153+02:00</time>
      <extensions>
        <activity type="IN_VEHICLE" conf="97" state="moving" tsMs="1787501646144"/>
        <radio op="vodafone IT" rat="LTE" q="60.00" rsrp="-80" sinr="10" rsrq="-13"/>
        <radio op="I TIM" rat="LTE" q="28.00" rsrp="-84" sinr="2" rsrq="-12"/>
      </extensions>
    </trkpt>
    <trkpt lat="45.6110267" lon="10.5144362">
      <ele>139.66286239104178</ele>
      <time>2026-08-23T18:15:00.24+02:00</time>
      <extensions>
        <activity type="IN_VEHICLE" conf="97" state="moving" tsMs="1787501699579"/>
        <radio op="vodafone IT" rat="LTE" rsrp="-90" rsrq="-13"/>
        <radio op="I TIM" rat="LTE" q="10.20" rsrp="-108" sinr="1" rsrq="-15"/>
      </extensions>
    </trkpt>
    <trkpt lat="45.6119197" lon="10.5094931">
      <ele>140.7102364185879</ele>
      <time>2026-08-23T18:15:31.418+02:00</time>
      <extensions>
        <activity type="IN_VEHICLE" conf="97" state="moving" tsMs="1787501731080"/>
        <radio op="vodafone IT" rat="LTE" rsrp="-87" rsrq="-13"/>
        <radio op="I TIM" rat="LTE" rsrp="-101" rsrq="-14"/>
      </extensions>
    </trkpt>
    <trkpt lat="45.6103614" lon="10.5054223">
      <ele>157.20001220703125</ele>
      <time>2026-08-23T18:16:06.143+02:00</time>
      <extensions>
        <activity type="IN_VEHICLE" conf="97" state="moving" tsMs="1787501773484"/>
        <radio op="vodafone IT" rat="LTE" q="24.00" rsrp="-85" sinr="1" rsrq="-12"/>
        <radio op="I TIM" rat="LTE" rsrp="-98" rsrq="-18"/>
      </extensions>
    </trkpt>
    <trkpt lat="45.6111829" lon="10.5013223">
      <ele>184.44654136935384</ele>
      <time>2026-08-23T18:16:45.956+02:00</time>
      <extensions>
        <activity type="IN_VEHICLE" conf="97" state="moving" tsMs="1787501805598"/>
        <radio op="vodafone IT" rat="LTE" q="40.00" rsrp="-84" sinr="5" rsrq="-8"/>
        <radio op="I TIM" rat="LTE" rsrp="-105" rsrq="-15"/>
      </extensions>
    </trkpt>
    <trkpt lat="45.6097415" lon="10.4967459">
      <ele>199.49781562350114</ele>
      <time>2026-08-23T18:17:21.164+02:00</time>
      <extensions>
        <activity type="IN_VEHICLE" conf="97" state="moving" tsMs="1787501847733"/>
        <radio op="vodafone IT" rat="LTE" q="19.20" rsrp="-93" sinr="1" rsrq="-10"/>
        <radio op="I TIM" rat="LTE" rsrp="-113" rsrq="-17"/>
      </extensions>
    </trkpt>
    <trkpt lat="45.6120762" lon="10.4903427">
      <ele>227.65183741143827</ele>
      <time>2026-08-23T18:18:00.273+02:00</time>
      <extensions>
        <activity type="IN_VEHICLE" conf="97" state="moving" tsMs="1787501879859"/>
        <radio op="vodafone IT" rat="LTE" rsrp="-103" rsrq="-18"/>
        <radio op="I TIM" rat="LTE" rsrp="-99" rsrq="-12"/>
      </extensions>
    </trkpt>
    <trkpt lat="45.6123336" lon="10.4895999">
      <ele>227.65183741143827</ele>
      <time>2026-08-23T18:18:06.157+02:00</time>
      <extensions>
        <activity type="IN_VEHICLE" conf="97" state="moving" tsMs="1787501879859"/>
        <radio op="vodafone IT" rat="LTE" rsrp="-100" rsrq="-12"/>
        <radio op="I TIM" rat="LTE" rsrp="-112" rsrq="-17"/>
      </extensions>
    </trkpt>
    <trkpt lat="45.6059459" lon="10.4684103">
      <ele>252.20497193524704</ele>
      <time>2026-08-23T18:19:44.159+02:00</time>
      <extensions>
        <activity type="IN_VEHICLE" conf="97" state="moving" tsMs="1787501989196"/>
        <radio op="vodafone IT" rat="LTE" q="67.50" rsrp="-98" sinr="23" rsrq="-5"/>
        <radio op="I TIM" rat="LTE" q="65.00" rsrp="-99" sinr="20" rsrq="-9"/>
      </extensions>
    </trkpt>
    <trkpt lat="45.6059459" lon="10.4684103">
      <ele>255.3020428123299</ele>
      <time>2026-08-23T18:19:54.913+02:00</time>
      <extensions>
        <activity type="IN_VEHICLE" conf="95" state="moving" tsMs="1787501994614"/>
        <radio op="vodafone IT" rat="LTE" q="65.00" rsrp="-99" sinr="25" rsrq="-7"/>
        <radio op="I TIM" rat="LTE" q="62.10" rsrp="-98" sinr="18" rsrq="-7"/>
      </extensions>
    </trkpt>
    <trkpt lat="45.6064185" lon="10.4686328">
      <ele>267.20001220703125</ele>
      <time>2026-08-23T18:20:30.559+02:00</time>
      <extensions>
        <activity type="IN_VEHICLE" conf="97" state="moving" tsMs="1787502025956"/>
        <radio op="vodafone IT" rat="LTE" q="97.50" rsrp="-86" sinr="26" rsrq="-6"/>
        <radio op="I TIM" rat="LTE" q="69.30" rsrp="-92" sinr="16" rsrq="-8"/>
      </extensions>
    </trkpt>
    <trkpt lat="45.6049898" lon="10.4655299">
      <ele>259.60861324666075</ele>
      <time>2026-08-23T18:21:07.463+02:00</time>
      <extensions>
        <activity type="IN_VEHICLE" conf="97" state="moving" tsMs="1787502072224"/>
        <radio op="vodafone IT" rat="LTE" q="100.00" rsrp="-71" sinr="21" rsrq="-5"/>
        <radio op="I TIM" rat="LTE" q="39.60" rsrp="-92" sinr="7" rsrq="-9"/>
      </extensions>
    </trkpt>
    <trkpt lat="45.6039578" lon="10.4617524">
      <ele>259.55149543983737</ele>
      <time>2026-08-23T18:21:44.707+02:00</time>
      <extensions>
        <activity type="IN_VEHICLE" conf="97" state="moving" tsMs="1787502098959"/>
        <radio op="vodafone IT" rat="LTE" q="100.00" rsrp="-77" sinr="26" rsrq="-9"/>
        <radio op="I TIM" rat="LTE" rsrp="-102" rsrq="-22"/>
      </extensions>
    </trkpt>
    <trkpt lat="45.6039415" lon="10.4604167">
      <ele>262.2657063530991</ele>
      <time>2026-08-23T18:21:51.155+02:00</time>
      <extensions>
        <activity type="IN_VEHICLE" conf="97" state="moving" tsMs="1787502104397"/>
        <radio op="vodafone IT" rat="LTE" q="56.00" rsrp="-73" sinr="9" rsrq="-8"/>
        <radio op="I TIM" rat="LTE" q="97.50" rsrp="-86" sinr="22" rsrq="-12"/>
      </extensions>
    </trkpt>
    <trkpt lat="45.6030847" lon="10.4575785">
      <ele>258.8731660366203</ele>
      <time>2026-08-23T18:22:26.089+02:00</time>
      <extensions>
        <activity type="IN_VEHICLE" conf="96" state="moving" tsMs="1787502143189"/>
        <radio op="vodafone IT" rat="LTE" q="100.00" rsrp="-81" sinr="28" rsrq="-7"/>
        <radio op="I TIM" rat="LTE" q="100.00" rsrp="-78" sinr="23" rsrq="-10"/>
      </extensions>
    </trkpt>
    <trkpt lat="45.6021738" lon="10.4549465">
      <ele>256.5875515642838</ele>
      <time>2026-08-23T18:22:57.323+02:00</time>
      <extensions>
        <activity type="IN_VEHICLE" conf="97" state="moving" tsMs="1787502173912"/>
        <radio op="vodafone IT" rat="LTE" q="16.80" rsrp="-101" sinr="2" rsrq="-15"/>
        <radio op="I TIM" rat="LTE" rsrp="-101" rsrq="-15"/>
      </extensions>
    </trkpt>
    <trkpt lat="45.6021388" lon="10.4534274">
      <ele>257.6464422890615</ele>
      <time>2026-08-23T18:23:28.691+02:00</time>
      <extensions>
        <activity type="IN_VEHICLE" conf="97" state="moving" tsMs="1787502205174"/>
        <radio op="vodafone IT" rat="LTE" q="27.00" rsrp="-98" sinr="5" rsrq="-13"/>
        <radio op="I TIM" rat="LTE" rsrp="-93" rsrq="-11"/>
      </extensions>
    </trkpt>
    <trkpt lat="45.6022029" lon="10.4535265">
      <ele>258.1289255599822</ele>
      <time>2026-08-23T18:23:33.155+02:00</time>
      <extensions>
        <activity type="IN_VEHICLE" conf="97" state="moving" tsMs="1787502205174"/>
        <radio op="vodafone IT" rat="LTE" rsrp="-101" rsrq="-12"/>
        <radio op="I TIM" rat="LTE" rsrp="-102" rsrq="-16"/>
      </extensions>
    </trkpt>
    <trkpt lat="45.6022714" lon="10.4534611">
      <ele>259.30071947778544</ele>
      <time>2026-08-23T18:24:12.963+02:00</time>
      <extensions>
        <activity type="TILTING" conf="100" state="moving" tsMs="1787502233286"/>
        <radio op="vodafone IT" rat="LTE" rsrp="-107" rsrq="-11"/>
        <radio op="I TIM" rat="LTE" q="14.00" rsrp="-97" sinr="0" rsrq="-14"/>
      </extensions>
    </trkpt>
    <trkpt lat="45.6021784" lon="10.4534967">
      <ele>261.4000244140625</ele>
      <time>2026-08-23T18:25:16.156+02:00</time>
      <extensions>
        <activity type="UNKNOWN" conf="40" state="unknown" tsMs="1787502314541"/>
        <radio op="vodafone IT" rat="LTE" q="19.20" rsrp="-109" sinr="7" rsrq="-8"/>
        <radio op="I TIM" rat="LTE" q="13.30" rsrp="-106" sinr="2" rsrq="-12"/>
      </extensions>
    </trkpt>
    <trkpt lat="45.602193" lon="10.4534081">
      <ele>261.3000183105469</ele>
      <time>2026-08-23T18:26:28.866+02:00</time>
      <extensions>
        <activity type="UNKNOWN" conf="40" state="unknown" tsMs="1787502383372"/>
        <radio op="vodafone IT" rat="LTE" rsrp="-106" rsrq="-9"/>
        <radio op="I TIM" rat="LTE" rsrp="-101" rsrq="-12"/>
      </extensions>
    </trkpt>
    <trkpt lat="45.6026258" lon="10.4535963">
      <ele>263.81472723393307</ele>
      <time>2026-08-23T18:27:13.893+02:00</time>
      <extensions>
        <activity type="ON_FOOT" conf="95" state="moving" tsMs="1787502448368"/>
        <radio op="vodafone IT" rat="LTE" q="16.00" rsrp="-109" sinr="5" rsrq="-12"/>
        <radio op="I TIM" rat="LTE" q="11.20" rsrp="-111" sinr="3" rsrq="-14"/>
      </extensions>
    </trkpt>
    <trkpt lat="45.6025574" lon="10.453691">
      <ele>263.49327715896914</ele>
      <time>2026-08-23T18:27:53.853+02:00</time>
      <extensions>
        <activity type="UNKNOWN" conf="40" state="unknown" tsMs="1787502469959"/>
        <radio op="vodafone IT" rat="LTE" q="12.80" rsrp="-109" sinr="3" rsrq="-12"/>
        <radio op="I TIM" rat="LTE" q="6.00" rsrp="-113" sinr="0" rsrq="-13"/>
      </extensions>
    </trkpt>
    <trkpt lat="45.6025654" lon="10.4536989">
      <ele>261.5</ele>
      <time>2026-08-23T18:28:42.05+02:00</time>
      <extensions>
        <activity type="UNKNOWN" conf="40" state="unknown" tsMs="1787502519376"/>
        <radio op="vodafone IT" rat="LTE" q="19.20" rsrp="-109" sinr="7" rsrq="-13"/>
        <radio op="I TIM" rat="LTE" q="7.80" rsrp="-119" sinr="8" rsrq="-13"/>
      </extensions>
    </trkpt>
    <trkpt lat="45.6025618" lon="10.4536974">
      <ele>261.5</ele>
      <time>2026-08-23T18:29:18.636+02:00</time>
      <extensions>
        <activity type="STILL" conf="99" state="still" tsMs="1787502564872"/>
        <radio op="vodafone IT" rat="LTE" q="17.60" rsrp="-103" sinr="3" rsrq="-10"/>
        <radio op="I TIM" rat="LTE" q="25.50" rsrp="-108" sinr="10" rsrq="-11"/>
      </extensions>
    </trkpt>
    <trkpt lat="45.6025627" lon="10.4536946">
      <ele>261.5</ele>
      <time>2026-08-23T18:29:49.142+02:00</time>
      <extensions>
        <activity type="STILL" conf="99" state="still" tsMs="1787502586806"/>
        <radio op="vodafone IT" rat="LTE" q="10.80" rsrp="-107" sinr="1" rsrq="-11"/>
        <radio op="I TIM" rat="LTE" rsrp="-110" rsrq="-11"/>
      </extensions>
    </trkpt>
    <trkpt lat="45.6025605" lon="10.4536829">
      <ele>261.5</ele>
      <time>2026-08-23T18:30:17.076+02:00</time>
      <extensions>
        <activity type="UNKNOWN" conf="40" state="unknown" tsMs="1787502620117"/>
        <radio op="vodafone IT" rat="LTE" q="11.40" rsrp="-106" sinr="1" rsrq="-11"/>
        <radio op="I TIM" rat="LTE" rsrp="-120" rsrq="-15"/>
      </extensions>
    </trkpt>
    <trkpt lat="45.6025826" lon="10.4537099">
      <ele>261.5</ele>
      <time>2026-08-23T18:30:50.233+02:00</time>
      <extensions>
        <activity type="STILL" conf="99" state="still" tsMs="1787502660563"/>
        <radio op="vodafone IT" rat="LTE" rsrp="-106" rsrq="-13"/>
        <radio op="I TIM" rat="LTE" q="30.40" rsrp="-109" sinr="14" rsrq="-9"/>
      </extensions>
    </trkpt>
  </trkseg></trk>
</gpx>
