<?xml version="1.0" encoding="UTF-8"?>
<gpx version="1.1" creator="CellGPX" xmlns="http://www.topografix.com/GPX/1/1">
  <trk><name>CellGPX</name><trkseg>
    <trkpt lat="45.6022368" lon="10.4537494">
      <ele>261.4000244140625</ele>
      <time>2026-08-15T08:36:54.518+02:00</time>
      <extensions>
        <activity type="ON_FOOT" conf="96" state="moving" tsMs="1786775786485"/>
        <radio op="vodafone IT" rat="LTE" q="24.00" rsrp="-109" sinr="10" rsrq="-11"/>
        <radio op="I TIM" rat="LTE" q="56.00" rsrp="-97" sinr="15" rsrq="-10"/>
      </extensions>
    </trkpt>
    <trkpt lat="45.6021881" lon="10.453413">
      <ele>261.5</ele>
      <time>2026-08-15T08:37:05.219+02:00</time>
      <extensions>
        <activity type="ON_FOOT" conf="95" state="moving" tsMs="1786775806923"/>
        <radio op="vodafone IT" rat="LTE" q="25.20" rsrp="-107" sinr="9" rsrq="-12"/>
        <radio op="I TIM" rat="LTE" q="14.50" rsrp="-96" sinr="0" rsrq="-14"/>
      </extensions>
    </trkpt>
    <trkpt lat="45.6021045" lon="10.4532754">
      <ele>261.5</ele>
      <time>2026-08-15T08:37:15.32+02:00</time>
      <extensions>
        <activity type="ON_FOOT" conf="93" state="moving" tsMs="1786775832790"/>
        <radio op="vodafone IT" rat="LTE" q="43.20" rsrp="-101" sinr="13" rsrq="-10"/>
        <radio op="I TIM" rat="LTE" q="39.20" rsrp="-97" sinr="9" rsrq="-12"/>
      </extensions>
    </trkpt>
    <trkpt lat="45.6020579" lon="10.4531667">
      <ele>261.4000244140625</ele>
      <time>2026-08-15T08:37:25.604+02:00</time>
      <extensions>
        <activity type="ON_FOOT" conf="93" state="moving" tsMs="1786775832790"/>
        <radio op="vodafone IT" rat="LTE" q="45.60" rsrp="-101" sinr="14" rsrq="-8"/>
        <radio op="I TIM" rat="LTE" q="62.10" rsrp="-98" sinr="18" rsrq="-9"/>
      </extensions>
    </trkpt>
    <trkpt lat="45.6020604" lon="10.4531828">
      <ele>261.5</ele>
      <time>2026-08-15T08:37:35.619+02:00</time>
      <extensions>
        <activity type="UNKNOWN" conf="40" state="unknown" tsMs="1786775838837"/>
        <radio op="vodafone IT" rat="LTE" q="30.80" rsrp="-103" sinr="9" rsrq="-8"/>
        <radio op="I TIM" rat="LTE" rsrp="-99" rsrq="-10"/>
      </extensions>
    </trkpt>
    <trkpt lat="45.6020449" lon="10.453193">
      <ele>261.5</ele>
      <time>2026-08-15T08:37:45.629+02:00</time>
      <extensions>
        <activity type="UNKNOWN" conf="40" state="unknown" tsMs="1786775865294"/>
        <radio op="vodafone IT" rat="LTE" q="26.00" rsrp="-105" sinr="8" rsrq="-7"/>
        <radio op="I TIM" rat="LTE" q="27.00" rsrp="-98" sinr="5" rsrq="-8"/>
      </extensions>
    </trkpt>
    <trkpt lat="45.6020679" lon="10.4532719">
      <ele>261.5</ele>
      <time>2026-08-15T08:37:55.584+02:00</time>
      <extensions>
        <activity type="ON_FOOT" conf="86" state="moving" tsMs="1786775875324"/>
        <radio op="vodafone IT" rat="LTE" q="27.20" rsrp="-108" sinr="11" rsrq="-9"/>
        <radio op="I TIM" rat="LTE" q="47.60" rsrp="-97" sinr="12" rsrq="-7"/>
      </extensions>
    </trkpt>
    <trkpt lat="45.6020942" lon="10.4534106">
      <ele>261.5</ele>
      <time>2026-08-15T08:38:05.875+02:00</time>
      <extensions>
        <activity type="ON_FOOT" conf="92" state="moving" tsMs="1786775885331"/>
        <radio op="vodafone IT" rat="LTE" q="18.00" rsrp="-110" sinr="7" rsrq="-10"/>
        <radio op="I TIM" rat="LTE" q="40.00" rsrp="-100" sinr="11" rsrq="-11"/>
      </extensions>
    </trkpt>
    <trkpt lat="45.602241" lon="10.4535446">
      <ele>261.4000244140625</ele>
      <time>2026-08-15T08:38:15.605+02:00</time>
      <extensions>
        <activity type="ON_FOOT" conf="90" state="moving" tsMs="1786775895356"/>
        <radio op="vodafone IT" rat="LTE" q="7.80" rsrp="-112" sinr="1" rsrq="-12"/>
        <radio op="I TIM" rat="LTE" q="29.90" rsrp="-102" sinr="8" rsrq="-10"/>
      </extensions>
    </trkpt>
    <trkpt lat="45.6023264" lon="10.4537127">
      <ele>261.5</ele>
      <time>2026-08-15T08:38:26.18+02:00</time>
      <extensions>
        <activity type="ON_FOOT" conf="92" state="moving" tsMs="1786775905384"/>
        <radio op="vodafone IT" rat="LTE" rsrp="-114" rsrq="-14"/>
        <radio op="I TIM" rat="LTE" q="18.90" rsrp="-104" sinr="4" rsrq="-12"/>
      </extensions>
    </trkpt>
    <trkpt lat="45.6024788" lon="10.4536338">
      <ele>261.5</ele>
      <time>2026-08-15T08:38:35.94+02:00</time>
      <extensions>
        <activity type="ON_FOOT" conf="89" state="moving" tsMs="1786775914619"/>
        <radio op="vodafone IT" rat="LTE" rsrp="-106" rsrq="-12"/>
        <radio op="I TIM" rat="LTE" q="20.70" rsrp="-102" sinr="4" rsrq="-13"/>
      </extensions>
    </trkpt>
    <trkpt lat="45.6025724" lon="10.4536421">
      <ele>261.5</ele>
      <time>2026-08-15T08:38:45.517+02:00</time>
      <extensions>
        <activity type="ON_FOOT" conf="94" state="moving" tsMs="1786775920048"/>
        <radio op="vodafone IT" rat="LTE" rsrp="-130" rsrq="-18"/>
        <radio op="I TIM" rat="LTE" q="19.60" rsrp="-111" sinr="9" rsrq="-12"/>
      </extensions>
    </trkpt>
    <trkpt lat="45.6025626" lon="10.4536666">
      <ele>261.6000061035156</ele>
      <time>2026-08-15T08:38:55.818+02:00</time>
      <extensions>
        <activity type="ON_FOOT" conf="94" state="moving" tsMs="1786775920048"/>
        <radio op="vodafone IT" rat="LTE" rsrp="-130" rsrq="-16"/>
        <radio op="I TIM" rat="LTE" q="3.50" rsrp="-118" sinr="0" rsrq="-13"/>
      </extensions>
    </trkpt>
    <trkpt lat="45.6025678" lon="10.4536887">
      <ele>261.6000061035156</ele>
      <time>2026-08-15T08:39:06.503+02:00</time>
      <extensions>
        <activity type="UNKNOWN" conf="40" state="unknown" tsMs="1786775943599"/>
        <radio op="vodafone IT" rat="LTE" rsrp="-123" rsrq="-11"/>
        <radio op="I TIM" rat="LTE" q="13.20" rsrp="-113" sinr="6" rsrq="-11"/>
      </extensions>
    </trkpt>
    <trkpt lat="45.6025931" lon="10.4536395">
      <ele>261.6000061035156</ele>
      <time>2026-08-15T08:39:16.337+02:00</time>
      <extensions>
        <activity type="UNKNOWN" conf="40" state="unknown" tsMs="1786775948969"/>
        <radio op="vodafone IT" rat="LTE" rsrp="-117" rsrq="-11"/>
        <radio op="I TIM" rat="LTE" q="22.40" rsrp="-111" sinr="11" rsrq="-9"/>
      </extensions>
    </trkpt>
    <trkpt lat="45.6025857" lon="10.453637">
      <ele>261.6000061035156</ele>
      <time>2026-08-15T08:39:25.939+02:00</time>
      <extensions>
        <activity type="UNKNOWN" conf="40" state="unknown" tsMs="1786775948969"/>
        <radio op="vodafone IT" rat="LTE" rsrp="-127" rsrq="-16"/>
        <radio op="I TIM" rat="LTE" q="10.40" rsrp="-117" sinr="8" rsrq="-10"/>
      </extensions>
    </trkpt>
    <trkpt lat="45.6026001" lon="10.4536428">
      <ele>261.4000244140625</ele>
      <time>2026-08-15T08:39:36.517+02:00</time>
      <extensions>
        <activity type="UNKNOWN" conf="40" state="unknown" tsMs="1786775972679"/>
        <radio op="vodafone IT" rat="LTE" q="13.00" rsrp="-115" sinr="8" rsrq="-11"/>
        <radio op="I TIM" rat="LTE" q="27.20" rsrp="-108" sinr="11" rsrq="-13"/>
      </extensions>
    </trkpt>
    <trkpt lat="45.6024513" lon="10.4536273">
      <ele>261.5</ele>
      <time>2026-08-15T08:39:47.077+02:00</time>
      <extensions>
        <activity type="UNKNOWN" conf="40" state="unknown" tsMs="1786775978063"/>
        <radio op="vodafone IT" rat="LTE" q="14.40" rsrp="-113" sinr="7" rsrq="-12"/>
        <radio op="I TIM" rat="LTE" q="35.20" rsrp="-103" sinr="11" rsrq="-7"/>
      </extensions>
    </trkpt>
    <trkpt lat="45.6023323" lon="10.4536199">
      <ele>261.4000244140625</ele>
      <time>2026-08-15T08:39:56.62+02:00</time>
      <extensions>
        <activity type="UNKNOWN" conf="40" state="unknown" tsMs="1786775978063"/>
        <radio op="vodafone IT" rat="LTE" q="18.70" rsrp="-108" sinr="6" rsrq="-9"/>
        <radio op="I TIM" rat="LTE" q="40.00" rsrp="-100" sinr="11" rsrq="-12"/>
      </extensions>
    </trkpt>
    <trkpt lat="45.6022512" lon="10.4534602">
      <ele>261.4000244140625</ele>
      <time>2026-08-15T08:40:07.5+02:00</time>
      <extensions>
        <activity type="ON_FOOT" conf="94" state="moving" tsMs="1786776003904"/>
        <radio op="vodafone IT" rat="LTE" q="34.00" rsrp="-105" sinr="12" rsrq="-10"/>
        <radio op="I TIM" rat="LTE" rsrp="-99" rsrq="-9"/>
      </extensions>
    </trkpt>
    <trkpt lat="45.6021383" lon="10.4533493">
      <ele>261.5</ele>
      <time>2026-08-15T08:40:17.548+02:00</time>
      <extensions>
        <activity type="ON_FOOT" conf="94" state="moving" tsMs="1786776003904"/>
        <radio op="vodafone IT" rat="LTE" q="15.40" rsrp="-103" sinr="2" rsrq="-8"/>
        <radio op="I TIM" rat="LTE" q="50.40" rsrp="-97" sinr="13" rsrq="-12"/>
      </extensions>
    </trkpt>
    <trkpt lat="45.6020278" lon="10.4532212">
      <ele>261.5</ele>
      <time>2026-08-15T08:40:27.577+02:00</time>
      <extensions>
        <activity type="ON_FOOT" conf="94" state="moving" tsMs="1786776025211"/>
        <radio op="vodafone IT" rat="LTE" q="35.00" rsrp="-100" sinr="9" rsrq="-8"/>
        <radio op="I TIM" rat="LTE" q="25.20" rsrp="-97" sinr="4" rsrq="-10"/>
      </extensions>
    </trkpt>
    <trkpt lat="45.6020284" lon="10.4532044">
      <ele>261.5</ele>
      <time>2026-08-15T08:40:37.593+02:00</time>
      <extensions>
        <activity type="ON_FOOT" conf="86" state="moving" tsMs="1786776030593"/>
        <radio op="vodafone IT" rat="LTE" q="37.40" rsrp="-103" sinr="12" rsrq="-9"/>
        <radio op="I TIM" rat="LTE" q="44.80" rsrp="-97" sinr="11" rsrq="-10"/>
      </extensions>
    </trkpt>
    <trkpt lat="45.6020212" lon="10.4532161">
      <ele>261.5</ele>
      <time>2026-08-15T08:40:47.554+02:00</time>
      <extensions>
        <activity type="UNKNOWN" conf="40" state="unknown" tsMs="1786776035411"/>
        <radio op="vodafone IT" rat="LTE" q="12.80" rsrp="-109" sinr="3" rsrq="-9"/>
        <radio op="I TIM" rat="LTE" q="52.50" rsrp="-100" sinr="16" rsrq="-10"/>
      </extensions>
    </trkpt>
    <trkpt lat="45.6020271" lon="10.4532216">
      <ele>261.5</ele>
      <time>2026-08-15T08:40:57.627+02:00</time>
      <extensions>
        <activity type="UNKNOWN" conf="40" state="unknown" tsMs="1786776035411"/>
        <radio op="vodafone IT" rat="LTE" q="23.80" rsrp="-108" sinr="9" rsrq="-10"/>
        <radio op="I TIM" rat="LTE" q="46.80" rsrp="-99" sinr="13" rsrq="-8"/>
      </extensions>
    </trkpt>
    <trkpt lat="45.6020327" lon="10.453209">
      <ele>261.5</ele>
      <time>2026-08-15T08:41:07.588+02:00</time>
      <extensions>
        <activity type="UNKNOWN" conf="40" state="unknown" tsMs="1786776051207"/>
        <radio op="vodafone IT" rat="LTE" q="22.40" rsrp="-109" sinr="9" rsrq="-9"/>
        <radio op="I TIM" rat="LTE" q="44.20" rsrp="-99" sinr="12" rsrq="-11"/>
      </extensions>
    </trkpt>
    <trkpt lat="45.6020357" lon="10.4531997">
      <ele>261.5</ele>
      <time>2026-08-15T08:41:17.545+02:00</time>
      <extensions>
        <activity type="UNKNOWN" conf="40" state="unknown" tsMs="1786776066958"/>
        <radio op="vodafone IT" rat="LTE" q="27.20" rsrp="-108" sinr="11" rsrq="-9"/>
        <radio op="I TIM" rat="LTE" q="30.00" rsrp="-100" sinr="7" rsrq="-10"/>
      </extensions>
    </trkpt>
    <trkpt lat="45.6020463" lon="10.4531245">
      <ele>261.5</ele>
      <time>2026-08-15T08:41:28.519+02:00</time>
      <extensions>
        <activity type="UNKNOWN" conf="40" state="unknown" tsMs="1786776066958"/>
        <radio op="vodafone IT" rat="LTE" q="25.60" rsrp="-109" sinr="11" rsrq="-8"/>
        <radio op="I TIM" rat="LTE" q="25.00" rsrp="-100" sinr="5" rsrq="-9"/>
      </extensions>
    </trkpt>
    <trkpt lat="45.6020781" lon="10.4530834">
      <ele>261.5</ele>
      <time>2026-08-15T08:41:38.58+02:00</time>
      <extensions>
        <activity type="UNKNOWN" conf="40" state="unknown" tsMs="1786776082805"/>
        <radio op="vodafone IT" rat="LTE" q="14.00" rsrp="-111" sinr="5" rsrq="-9"/>
        <radio op="I TIM" rat="LTE" q="28.60" rsrp="-103" sinr="8" rsrq="-9"/>
      </extensions>
    </trkpt>
    <trkpt lat="45.602121" lon="10.4533073">
      <ele>261.5</ele>
      <time>2026-08-15T08:41:43.614+02:00</time>
      <extensions>
        <activity type="UNKNOWN" conf="40" state="unknown" tsMs="1786776082805"/>
        <radio op="vodafone IT" rat="LTE" q="11.70" rsrp="-112" sinr="4" rsrq="-12"/>
        <radio op="I TIM" rat="LTE" q="30.60" rsrp="-108" sinr="13" rsrq="-10"/>
      </extensions>
    </trkpt>
    <trkpt lat="45.6020183" lon="10.4546201">
      <ele>261.6000061035156</ele>
      <time>2026-08-15T08:42:08.518+02:00</time>
      <extensions>
        <activity type="IN_VEHICLE" conf="84" state="moving" tsMs="1786776125194"/>
        <radio op="vodafone IT" rat="LTE" q="31.20" rsrp="-101" sinr="8" rsrq="-9"/>
        <radio op="I TIM" rat="LTE" q="29.40" rsrp="-104" sinr="9" rsrq="-9"/>
      </extensions>
    </trkpt>
    <trkpt lat="45.6024239" lon="10.4556085">
      <ele>261.6000061035156</ele>
      <time>2026-08-15T08:42:18.519+02:00</time>
      <extensions>
        <activity type="IN_VEHICLE" conf="84" state="moving" tsMs="1786776125194"/>
        <radio op="vodafone IT" rat="LTE" q="9.50" rsrp="-106" sinr="0" rsrq="-12"/>
        <radio op="I TIM" rat="LTE" q="15.40" rsrp="-103" sinr="2" rsrq="-12"/>
      </extensions>
    </trkpt>
    <trkpt lat="45.6028217" lon="10.4568798">
      <ele>261.6000061035156</ele>
      <time>2026-08-15T08:42:28.519+02:00</time>
      <extensions>
        <activity type="UNKNOWN" conf="40" state="unknown" tsMs="1786776129927"/>
        <radio op="vodafone IT" rat="LTE" rsrp="-91" rsrq="-7"/>
        <radio op="I TIM" rat="LTE" q="77.50" rsrp="-94" sinr="25" rsrq="-9"/>
      </extensions>
    </trkpt>
    <trkpt lat="45.6032357" lon="10.4582949">
      <ele>261.6000061035156</ele>
      <time>2026-08-15T08:42:39.519+02:00</time>
      <extensions>
        <activity type="UNKNOWN" conf="40" state="unknown" tsMs="1786776157817"/>
        <radio op="vodafone IT" rat="LTE" q="100.00" rsrp="-79" sinr="29" rsrq="-9"/>
        <radio op="I TIM" rat="LTE" q="100.00" rsrp="-82" sinr="25" rsrq="-6"/>
      </extensions>
    </trkpt>
    <trkpt lat="45.6036765" lon="10.4597978">
      <ele>261.6000061035156</ele>
      <time>2026-08-15T08:42:49.519+02:00</time>
      <extensions>
        <activity type="UNKNOWN" conf="40" state="unknown" tsMs="1786776168653"/>
        <radio op="vodafone IT" rat="LTE" q="100.00" rsrp="-74" sinr="30" rsrq="-4"/>
        <radio op="I TIM" rat="LTE" q="100.00" rsrp="-76" sinr="28" rsrq="-8"/>
      </extensions>
    </trkpt>
    <trkpt lat="45.6041498" lon="10.4612274">
      <ele>261.6000061035156</ele>
      <time>2026-08-15T08:42:59.519+02:00</time>
      <extensions>
        <activity type="UNKNOWN" conf="40" state="unknown" tsMs="1786776174093"/>
        <radio op="vodafone IT" rat="LTE" rsrp="-76" rsrq="-4"/>
        <radio op="I TIM" rat="LTE" q="96.00" rsrp="-85" sinr="19" rsrq="-9"/>
      </extensions>
    </trkpt>
    <trkpt lat="45.6046295" lon="10.4627626">
      <ele>261.6000061035156</ele>
      <time>2026-08-15T08:43:09.519+02:00</time>
      <extensions>
        <activity type="UNKNOWN" conf="40" state="unknown" tsMs="1786776184991"/>
        <radio op="vodafone IT" rat="LTE" rsrp="-85" rsrq="-9"/>
        <radio op="I TIM" rat="LTE" rsrp="-98" rsrq="-15"/>
      </extensions>
    </trkpt>
    <trkpt lat="45.6050669" lon="10.4642211">
      <ele>261.6000061035156</ele>
      <time>2026-08-15T08:43:19.519+02:00</time>
      <extensions>
        <activity type="IN_VEHICLE" conf="87" state="moving" tsMs="1786776195899"/>
        <radio op="vodafone IT" rat="LTE" q="100.00" rsrp="-81" sinr="26" rsrq="-9"/>
        <radio op="I TIM" rat="LTE" q="39.60" rsrp="-92" sinr="7" rsrq="-8"/>
      </extensions>
    </trkpt>
    <trkpt lat="45.6046951" lon="10.4652441">
      <ele>261.6000061035156</ele>
      <time>2026-08-15T08:43:29.519+02:00</time>
      <extensions>
        <activity type="IN_VEHICLE" conf="87" state="moving" tsMs="1786776195899"/>
        <radio op="vodafone IT" rat="LTE" q="100.00" rsrp="-78" sinr="29" rsrq="-7"/>
        <radio op="I TIM" rat="LTE" q="17.10" rsrp="-106" sinr="4" rsrq="-8"/>
      </extensions>
    </trkpt>
    <trkpt lat="45.6043359" lon="10.4661891">
      <ele>265.0</ele>
      <time>2026-08-15T08:43:40.519+02:00</time>
      <extensions>
        <activity type="IN_VEHICLE" conf="94" state="moving" tsMs="1786776215413"/>
        <radio op="vodafone IT" rat="LTE" q="44.00" rsrp="-103" sinr="15" rsrq="-6"/>
        <radio op="I TIM" rat="LTE" q="22.40" rsrp="-111" sinr="11" rsrq="-8"/>
      </extensions>
    </trkpt>
    <trkpt lat="45.6047803" lon="10.4673203">
      <ele>268.0</ele>
      <time>2026-08-15T08:43:50.519+02:00</time>
      <extensions>
        <activity type="IN_VEHICLE" conf="93" state="moving" tsMs="1786776226320"/>
        <radio op="vodafone IT" rat="LTE" q="80.00" rsrp="-93" sinr="22" rsrq="-5"/>
        <radio op="I TIM" rat="LTE" q="50.60" rsrp="-102" sinr="17" rsrq="-7"/>
      </extensions>
    </trkpt>
    <trkpt lat="45.6048373" lon="10.4680027">
      <ele>266.0</ele>
      <time>2026-08-15T08:44:00.519+02:00</time>
      <extensions>
        <activity type="UNKNOWN" conf="40" state="unknown" tsMs="1786776237148"/>
        <radio op="vodafone IT" rat="LTE" q="65.00" rsrp="-99" sinr="22" rsrq="-5"/>
        <radio op="I TIM" rat="LTE" q="48.00" rsrp="-101" sinr="15" rsrq="-6"/>
      </extensions>
    </trkpt>
    <trkpt lat="45.6048439" lon="10.4682552">
      <ele>267.0</ele>
      <time>2026-08-15T08:44:02.519+02:00</time>
      <extensions>
        <activity type="UNKNOWN" conf="40" state="unknown" tsMs="1786776242607"/>
        <radio op="vodafone IT" rat="LTE" q="52.80" rsrp="-103" sinr="19" rsrq="-6"/>
        <radio op="I TIM" rat="LTE" q="30.00" rsrp="-105" sinr="10" rsrq="-7"/>
      </extensions>
    </trkpt>
    <trkpt lat="45.606201" lon="10.4688794">
      <ele>241.03424297683284</ele>
      <time>2026-08-15T08:45:17.768+02:00</time>
      <extensions>
        <activity type="UNKNOWN" conf="40" state="unknown" tsMs="1786776304966"/>
        <radio op="vodafone IT" rat="LTE" rsrq="-24"/>
        <radio op="I TIM" rat="LTE" rsrq="-20"/>
      </extensions>
    </trkpt>
    <trkpt lat="45.606201" lon="10.4688794">
      <ele>241.03424297683284</ele>
      <time>2026-08-15T08:45:24.173+02:00</time>
      <extensions>
        <activity type="UNKNOWN" conf="40" state="unknown" tsMs="1786776304966"/>
        <radio op="vodafone IT" rat="LTE" rsrp="-122" rsrq="-10"/>
        <radio op="I TIM" rat="LTE" q="0.00" rsrp="-125" sinr="0" rsrq="-14"/>
      </extensions>
    </trkpt>
    <trkpt lat="45.6116597" lon="10.4914147">
      <ele>233.6224186591582</ele>
      <time>2026-08-15T08:46:03.519+02:00</time>
      <extensions>
        <activity type="IN_VEHICLE" conf="85" state="moving" tsMs="1786776351964"/>
        <radio op="vodafone IT" rat="OTHER"/>
        <radio op="I TIM" rat="LTE" q="25.50" rsrp="-110" sinr="12" rsrq="-10"/>
      </extensions>
    </trkpt>
    <trkpt lat="45.6100848" lon="10.4998945">
      <ele>200.71578016903837</ele>
      <time>2026-08-15T08:46:44.519+02:00</time>
      <extensions>
        <activity type="IN_VEHICLE" conf="82" state="moving" tsMs="1786776396770"/>
        <radio op="vodafone IT" rat="LTE" q="13.60" rsrp="-108" sinr="3" rsrq="-12"/>
        <radio op="I TIM" rat="LTE" rsrp="-109" rsrq="-13"/>
      </extensions>
    </trkpt>
    <trkpt lat="45.6105753" lon="10.504056">
      <ele>181.18805879978333</ele>
      <time>2026-08-15T08:47:26.519+02:00</time>
      <extensions>
        <activity type="IN_VEHICLE" conf="94" state="moving" tsMs="1786776439865"/>
        <radio op="vodafone IT" rat="LTE" q="69.00" rsrp="-95" sinr="18" rsrq="-8"/>
        <radio op="I TIM" rat="LTE" rsrp="-103" rsrq="-12"/>
      </extensions>
    </trkpt>
    <trkpt lat="45.6104473" lon="10.5055586">
      <ele>177.63279649229906</ele>
      <time>2026-08-15T08:48:08.519+02:00</time>
      <extensions>
        <activity type="UNKNOWN" conf="40" state="unknown" tsMs="1786776483014"/>
        <radio op="vodafone IT" rat="LTE" q="57.20" rsrp="-99" sinr="17" rsrq="-10"/>
        <radio op="I TIM" rat="LTE" q="39.60" rsrp="-92" sinr="7" rsrq="-13"/>
      </extensions>
    </trkpt>
    <trkpt lat="45.6113594" lon="10.5087689">
      <ele>167.54729158564788</ele>
      <time>2026-08-15T08:48:52.519+02:00</time>
      <extensions>
        <activity type="IN_VEHICLE" conf="84" state="moving" tsMs="1786776526117"/>
        <radio op="vodafone IT" rat="LTE" q="36.80" rsrp="-102" sinr="11" rsrq="-8"/>
        <radio op="I TIM" rat="LTE" q="28.80" rsrp="-101" sinr="7" rsrq="-13"/>
      </extensions>
    </trkpt>
    <trkpt lat="45.6100562" lon="10.5193624">
      <ele>164.76564810784572</ele>
      <time>2026-08-15T08:50:07.519+02:00</time>
      <extensions>
        <activity type="UNKNOWN" conf="40" state="unknown" tsMs="1786776605199"/>
        <radio op="vodafone IT" rat="LTE" q="21.60" rsrp="-89" sinr="1" rsrq="-10"/>
        <radio op="I TIM" rat="LTE" q="31.90" rsrp="-96" sinr="6" rsrq="-11"/>
      </extensions>
    </trkpt>
    <trkpt lat="45.6089562" lon="10.5212215">
      <ele>164.2801562201704</ele>
      <time>2026-08-15T08:50:49.519+02:00</time>
      <extensions>
        <activity type="UNKNOWN" conf="40" state="unknown" tsMs="1786776643827"/>
        <radio op="vodafone IT" rat="LTE" rsrp="-93" rsrq="-16"/>
        <radio op="I TIM" rat="LTE" q="28.00" rsrp="-97" sinr="5" rsrq="-13"/>
      </extensions>
    </trkpt>
    <trkpt lat="45.6086093" lon="10.5228329">
      <ele>165.82671069512372</ele>
      <time>2026-08-15T08:51:31.519+02:00</time>
      <extensions>
        <activity type="UNKNOWN" conf="40" state="unknown" tsMs="1786776686864"/>
        <radio op="vodafone IT" rat="LTE" rsrp="-99" rsrq="-13"/>
        <radio op="I TIM" rat="LTE" q="17.60" rsrp="-103" sinr="3" rsrq="-14"/>
      </extensions>
    </trkpt>
    <trkpt lat="45.6088003" lon="10.5243483">
      <ele>167.42797012382863</ele>
      <time>2026-08-15T08:52:13.518+02:00</time>
      <extensions>
        <activity type="UNKNOWN" conf="40" state="unknown" tsMs="1786776730043"/>
        <radio op="vodafone IT" rat="LTE" q="13.00" rsrp="-99" sinr="0" rsrq="-13"/>
        <radio op="I TIM" rat="LTE" q="39.20" rsrp="-97" sinr="9" rsrq="-12"/>
      </extensions>
    </trkpt>
    <trkpt lat="45.6087024" lon="10.527439">
      <ele>169.42106498439608</ele>
      <time>2026-08-15T08:52:47.518+02:00</time>
      <extensions>
        <activity type="UNKNOWN" conf="40" state="unknown" tsMs="1786776762293"/>
        <radio op="vodafone IT" rat="LTE" q="12.00" rsrp="-110" sinr="3" rsrq="-10"/>
        <radio op="I TIM" rat="LTE" rsrp="-111" rsrq="-18"/>
      </extensions>
    </trkpt>
    <trkpt lat="45.6094699" lon="10.5329348">
      <ele>163.07282324586654</ele>
      <time>2026-08-15T08:53:31.518+02:00</time>
      <extensions>
        <activity type="IN_VEHICLE" conf="83" state="moving" tsMs="1786776805811"/>
        <radio op="vodafone IT" rat="LTE" q="21.60" rsrp="-113" sinr="13" rsrq="-12"/>
        <radio op="I TIM" rat="LTE" q="24.00" rsrp="-105" sinr="7" rsrq="-12"/>
      </extensions>
    </trkpt>
    <trkpt lat="45.6098246" lon="10.5345511">
      <ele>159.5836004109483</ele>
      <time>2026-08-15T08:54:13.518+02:00</time>
      <extensions>
        <activity type="STILL" conf="100" state="still" tsMs="1786776853569"/>
        <radio op="vodafone IT" rat="LTE" q="18.00" rsrp="-107" sinr="5" rsrq="-12"/>
        <radio op="I TIM" rat="LTE" q="18.90" rsrp="-104" sinr="4" rsrq="-11"/>
      </extensions>
    </trkpt>
    <trkpt lat="45.610318" lon="10.5356359">
      <ele>156.02262239841758</ele>
      <time>2026-08-15T08:54:57.518+02:00</time>
      <extensions>
        <activity type="UNKNOWN" conf="40" state="unknown" tsMs="1786776902238"/>
        <radio op="vodafone IT" rat="LTE" q="9.10" rsrp="-112" sinr="2" rsrq="-12"/>
        <radio op="I TIM" rat="LTE" q="15.30" rsrp="-108" sinr="4" rsrq="-11"/>
      </extensions>
    </trkpt>
    <trkpt lat="45.6106055" lon="10.5362832">
      <ele>153.3512887455197</ele>
      <time>2026-08-15T08:55:40.518+02:00</time>
      <extensions>
        <activity type="UNKNOWN" conf="40" state="unknown" tsMs="1786776934771"/>
        <radio op="vodafone IT" rat="LTE" q="22.50" rsrp="-110" sinr="10" rsrq="-10"/>
        <radio op="I TIM" rat="LTE" q="22.10" rsrp="-108" sinr="8" rsrq="-11"/>
      </extensions>
    </trkpt>
    <trkpt lat="45.6107541" lon="10.5373126">
      <ele>148.8988202595748</ele>
      <time>2026-08-15T08:56:23.518+02:00</time>
      <extensions>
        <activity type="UNKNOWN" conf="40" state="unknown" tsMs="1786776978482"/>
        <radio op="vodafone IT" rat="LTE" q="50.00" rsrp="-100" sinr="15" rsrq="-11"/>
        <radio op="I TIM" rat="LTE" q="44.80" rsrp="-97" sinr="11" rsrq="-10"/>
      </extensions>
    </trkpt>
    <trkpt lat="45.6109806" lon="10.5384992">
      <ele>142.3000030517578</ele>
      <time>2026-08-15T08:57:04.657+02:00</time>
      <extensions>
        <activity type="IN_VEHICLE" conf="82" state="moving" tsMs="1786777021511"/>
        <radio op="vodafone IT" rat="LTE" q="27.20" rsrp="-108" sinr="11" rsrq="-10"/>
        <radio op="I TIM" rat="LTE" q="28.80" rsrp="-107" sinr="11" rsrq="-10"/>
      </extensions>
    </trkpt>
    <trkpt lat="45.6112823" lon="10.5396808">
      <ele>138.19287555780528</ele>
      <time>2026-08-15T08:57:35.41+02:00</time>
      <extensions>
        <activity type="UNKNOWN" conf="40" state="unknown" tsMs="1786777053777"/>
        <radio op="vodafone IT" rat="LTE" q="30.40" rsrp="-106" sinr="11" rsrq="-11"/>
        <radio op="I TIM" rat="LTE" q="23.40" rsrp="-107" sinr="8" rsrq="-11"/>
      </extensions>
    </trkpt>
    <trkpt lat="45.6125278" lon="10.5423537">
      <ele>131.55910418641534</ele>
      <time>2026-08-15T08:58:36.223+02:00</time>
      <extensions>
        <activity type="UNKNOWN" conf="40" state="unknown" tsMs="1786777114022"/>
        <radio op="vodafone IT" rat="LTE" q="9.60" rsrp="-113" sinr="3" rsrq="-12"/>
        <radio op="I TIM" rat="LTE" q="8.40" rsrp="-111" sinr="1" rsrq="-13"/>
      </extensions>
    </trkpt>
    <trkpt lat="45.6127431" lon="10.5437591">
      <ele>128.4869058487448</ele>
      <time>2026-08-15T08:59:25.498+02:00</time>
      <extensions>
        <activity type="UNKNOWN" conf="40" state="unknown" tsMs="1786777159056"/>
        <radio op="vodafone IT" rat="LTE" q="15.40" rsrp="-111" sinr="6" rsrq="-11"/>
        <radio op="I TIM" rat="LTE" q="8.50" rsrp="-108" sinr="0" rsrq="-12"/>
      </extensions>
    </trkpt>
    <trkpt lat="45.6133256" lon="10.5451077">
      <ele>125.56438183854135</ele>
      <time>2026-08-15T09:00:14.007+02:00</time>
      <extensions>
        <activity type="IN_VEHICLE" conf="81" state="moving" tsMs="1786777224627"/>
        <radio op="vodafone IT" rat="LTE" q="5.50" rsrp="-114" sinr="0" rsrq="-13"/>
        <radio op="I TIM" rat="LTE" q="4.50" rsrp="-116" sinr="0" rsrq="-13"/>
      </extensions>
    </trkpt>
    <trkpt lat="45.6139755" lon="10.5483814">
      <ele>126.71824536478275</ele>
      <time>2026-08-15T09:00:53.518+02:00</time>
      <extensions>
        <activity type="IN_VEHICLE" conf="84" state="moving" tsMs="1786777247644"/>
        <radio op="vodafone IT" rat="LTE" q="4.50" rsrp="-116" sinr="0" rsrq="-15"/>
        <radio op="I TIM" rat="LTE" q="29.70" rsrp="-98" sinr="6" rsrq="-12"/>
      </extensions>
    </trkpt>
    <trkpt lat="45.6135065" lon="10.5505044">
      <ele>122.69999694824219</ele>
      <time>2026-08-15T09:01:38.995+02:00</time>
      <extensions>
        <activity type="UNKNOWN" conf="40" state="unknown" tsMs="1786777296632"/>
        <radio op="vodafone IT" rat="LTE" q="31.50" rsrp="-104" sinr="10" rsrq="-13"/>
        <radio op="I TIM" rat="LTE" q="27.60" rsrp="-102" sinr="7" rsrq="-10"/>
      </extensions>
    </trkpt>
    <trkpt lat="45.6142786" lon="10.551144">
      <ele>122.9000015258789</ele>
      <time>2026-08-15T09:02:12.542+02:00</time>
      <extensions>
        <activity type="TILTING" conf="100" state="moving" tsMs="1786777332705"/>
        <radio op="vodafone IT" rat="LTE" rsrp="-110" rsrq="-17"/>
        <radio op="I TIM" rat="LTE" rsrp="-117" rsrq="-17"/>
      </extensions>
    </trkpt>
    <trkpt lat="45.6143018" lon="10.551219">
      <ele>122.80000305175781</ele>
      <time>2026-08-15T09:02:42.568+02:00</time>
      <extensions>
        <activity type="UNKNOWN" conf="40" state="unknown" tsMs="1786777363363"/>
        <radio op="vodafone IT" rat="LTE" rsrp="-110" rsrq="-15"/>
        <radio op="I TIM" rat="LTE" rsrp="-105" rsrq="-15"/>
      </extensions>
    </trkpt>
    <trkpt lat="45.6141733" lon="10.5511037">
      <ele>126.172649984172</ele>
      <time>2026-08-15T09:03:16.315+02:00</time>
      <extensions>
        <activity type="UNKNOWN" conf="40" state="unknown" tsMs="1786777390851"/>
        <radio op="vodafone IT" rat="LTE" rsrp="-104" rsrq="-13"/>
        <radio op="I TIM" rat="LTE" rsrq="-20"/>
      </extensions>
    </trkpt>
    <trkpt lat="45.6142522" lon="10.5511495">
      <ele>126.91220893621065</ele>
      <time>2026-08-15T09:03:47.493+02:00</time>
      <extensions>
        <activity type="UNKNOWN" conf="40" state="unknown" tsMs="1786777422452"/>
        <radio op="vodafone IT" rat="LTE" q="18.90" rsrp="-104" sinr="4" rsrq="-11"/>
        <radio op="I TIM" rat="LTE" rsrq="-20"/>
      </extensions>
    </trkpt>
    <trkpt lat="45.6141304" lon="10.5514631">
      <ele>122.30000305175781</ele>
      <time>2026-08-15T09:04:09.518+02:00</time>
      <extensions>
        <activity type="UNKNOWN" conf="40" state="unknown" tsMs="1786777448107"/>
        <radio op="vodafone IT" rat="LTE" rsrp="-110" rsrq="-16"/>
        <radio op="I TIM" rat="LTE" rsrp="-112" rsrq="-18"/>
      </extensions>
    </trkpt>
    <trkpt lat="45.6142077" lon="10.5510381">
      <ele>118.5</ele>
      <time>2026-08-15T09:04:41.556+02:00</time>
      <extensions>
        <activity type="TILTING" conf="100" state="moving" tsMs="1786777476299"/>
        <radio op="vodafone IT" rat="LTE" q="6.50" rsrp="-112" sinr="0" rsrq="-12"/>
        <radio op="I TIM" rat="LTE" rsrp="-120" rsrq="-16"/>
      </extensions>
    </trkpt>
    <trkpt lat="45.6140999" lon="10.5510072">
      <ele>118.5999984741211</ele>
      <time>2026-08-15T09:05:19.913+02:00</time>
      <extensions>
        <activity type="UNKNOWN" conf="40" state="unknown" tsMs="1786777514640"/>
        <radio op="vodafone IT" rat="LTE" q="9.00" rsrp="-107" sinr="0" rsrq="-12"/>
        <radio op="I TIM" rat="LTE" rsrp="-120" rsrq="-16"/>
      </extensions>
    </trkpt>
    <trkpt lat="45.6140499" lon="10.5505226">
      <ele>122.5</ele>
      <time>2026-08-15T09:05:51.09+02:00</time>
      <extensions>
        <activity type="TILTING" conf="100" state="moving" tsMs="1786777542331"/>
        <radio op="vodafone IT" rat="LTE" q="24.20" rsrp="-103" sinr="6" rsrq="-11"/>
        <radio op="I TIM" rat="LTE" q="19.80" rsrp="-103" sinr="4" rsrq="-14"/>
      </extensions>
    </trkpt>
    <trkpt lat="45.6140684" lon="10.5504715">
      <ele>118.5999984741211</ele>
      <time>2026-08-15T09:06:28.695+02:00</time>
      <extensions>
        <activity type="UNKNOWN" conf="40" state="unknown" tsMs="1786777584028"/>
        <radio op="vodafone IT" rat="LTE" q="10.50" rsrp="-110" sinr="2" rsrq="-10"/>
        <radio op="I TIM" rat="LTE" rsrp="-109" rsrq="-14"/>
      </extensions>
    </trkpt>
    <trkpt lat="45.6139387" lon="10.5506009">
      <ele>122.5</ele>
      <time>2026-08-15T09:06:49.519+02:00</time>
      <extensions>
        <activity type="UNKNOWN" conf="40" state="unknown" tsMs="1786777610423"/>
        <radio op="vodafone IT" rat="LTE" q="23.10" rsrp="-104" sinr="6" rsrq="-11"/>
        <radio op="I TIM" rat="LTE" q="16.80" rsrp="-104" sinr="3" rsrq="-13"/>
      </extensions>
    </trkpt>
    <trkpt lat="45.6140715" lon="10.5504793">
      <ele>118.5999984741211</ele>
      <time>2026-08-15T09:07:22.416+02:00</time>
      <extensions>
        <activity type="UNKNOWN" conf="40" state="unknown" tsMs="1786777641885"/>
        <radio op="vodafone IT" rat="LTE" q="6.60" rsrp="-114" sinr="1" rsrq="-13"/>
        <radio op="I TIM" rat="LTE" q="8.00" rsrp="-109" sinr="0" rsrq="-13"/>
      </extensions>
    </trkpt>
    <trkpt lat="45.6140672" lon="10.5504833">
      <ele>118.5999984741211</ele>
      <time>2026-08-15T09:08:00.559+02:00</time>
      <extensions>
        <activity type="UNKNOWN" conf="40" state="unknown" tsMs="1786777679804"/>
        <radio op="vodafone IT" rat="LTE" q="9.10" rsrp="-112" sinr="2" rsrq="-11"/>
        <radio op="I TIM" rat="LTE" rsrp="-120" rsrq="-16"/>
      </extensions>
    </trkpt>
    <trkpt lat="45.6141096" lon="10.5505196">
      <ele>122.5</ele>
      <time>2026-08-15T09:08:42.055+02:00</time>
      <extensions>
        <activity type="STILL" conf="38" state="still" tsMs="1786777717046"/>
        <radio op="vodafone IT" rat="LTE" q="2.50" rsrp="-120" sinr="0" rsrq="-13"/>
        <radio op="I TIM" rat="LTE" rsrp="-124" rsrq="-14"/>
      </extensions>
    </trkpt>
    <trkpt lat="45.614147" lon="10.5505515">
      <ele>122.5</ele>
      <time>2026-08-15T09:09:49.829+02:00</time>
      <extensions>
        <activity type="STILL" conf="100" state="still" tsMs="1786777789063"/>
        <radio op="vodafone IT" rat="LTE" rsrp="-119" rsrq="-14"/>
        <radio op="I TIM" rat="LTE" q="1.20" rsrp="-123" sinr="1" rsrq="-13"/>
      </extensions>
    </trkpt>
    <trkpt lat="45.6141499" lon="10.5505549">
      <ele>122.5</ele>
      <time>2026-08-15T09:10:27.114+02:00</time>
      <extensions>
        <activity type="STILL" conf="99" state="still" tsMs="1786777822256"/>
        <radio op="vodafone IT" rat="LTE" rsrp="-119" rsrq="-13"/>
        <radio op="I TIM" rat="LTE" q="1.60" rsrp="-123" sinr="3" rsrq="-12"/>
      </extensions>
    </trkpt>
    <trkpt lat="45.6141689" lon="10.5505684">
      <ele>122.5</ele>
      <time>2026-08-15T09:10:58.345+02:00</time>
      <extensions>
        <activity type="STILL" conf="41" state="still" tsMs="1786777854175"/>
        <radio op="vodafone IT" rat="LTE" q="2.50" rsrp="-120" sinr="0" rsrq="-14"/>
        <radio op="I TIM" rat="LTE" q="5.00" rsrp="-115" sinr="0" rsrq="-14"/>
      </extensions>
    </trkpt>
    <trkpt lat="45.6141081" lon="10.5505103">
      <ele>122.5</ele>
      <time>2026-08-15T09:11:38.186+02:00</time>
      <extensions>
        <activity type="UNKNOWN" conf="40" state="unknown" tsMs="1786777897457"/>
        <radio op="vodafone IT" rat="LTE" rsrp="-116" rsrq="-12"/>
        <radio op="I TIM" rat="LTE" q="6.00" rsrp="-113" sinr="0" rsrq="-13"/>
      </extensions>
    </trkpt>
    <trkpt lat="45.6141459" lon="10.5505332">
      <ele>122.5</ele>
      <time>2026-08-15T09:12:29.323+02:00</time>
      <extensions>
        <activity type="STILL" conf="97" state="still" tsMs="1786777946030"/>
        <radio op="vodafone IT" rat="LTE" rsrp="-117" rsrq="-13"/>
        <radio op="I TIM" rat="LTE" rsrp="-115" rsrq="-13"/>
      </extensions>
    </trkpt>
    <trkpt lat="45.6140627" lon="10.5504783">
      <ele>122.5</ele>
      <time>2026-08-15T09:13:10.962+02:00</time>
      <extensions>
        <activity type="UNKNOWN" conf="40" state="unknown" tsMs="1786777989602"/>
        <radio op="vodafone IT" rat="LTE" q="14.40" rsrp="-107" sinr="3" rsrq="-11"/>
        <radio op="I TIM" rat="LTE" q="11.20" rsrp="-111" sinr="3" rsrq="-13"/>
      </extensions>
    </trkpt>
    <trkpt lat="45.6140729" lon="10.5504744">
      <ele>122.5</ele>
      <time>2026-08-15T09:13:51.077+02:00</time>
      <extensions>
        <activity type="UNKNOWN" conf="40" state="unknown" tsMs="1786778027632"/>
        <radio op="vodafone IT" rat="LTE" q="27.50" rsrp="-100" sinr="6" rsrq="-12"/>
        <radio op="I TIM" rat="LTE" q="17.00" rsrp="-108" sinr="5" rsrq="-11"/>
      </extensions>
    </trkpt>
    <trkpt lat="45.6140652" lon="10.5505751">
      <ele>122.5</ele>
      <time>2026-08-15T09:14:32.192+02:00</time>
      <extensions>
        <activity type="STILL" conf="48" state="still" tsMs="1786778069991"/>
        <radio op="vodafone IT" rat="LTE" q="20.40" rsrp="-108" sinr="7" rsrq="-11"/>
        <radio op="I TIM" rat="LTE" q="14.40" rsrp="-107" sinr="3" rsrq="-12"/>
      </extensions>
    </trkpt>
    <trkpt lat="45.6140675" lon="10.5505037">
      <ele>122.5</ele>
      <time>2026-08-15T09:15:17.301+02:00</time>
      <extensions>
        <activity type="UNKNOWN" conf="40" state="unknown" tsMs="1786778114649"/>
        <radio op="vodafone IT" rat="LTE" q="11.20" rsrp="-109" sinr="2" rsrq="-12"/>
        <radio op="I TIM" rat="LTE" q="12.80" rsrp="-109" sinr="3" rsrq="-13"/>
      </extensions>
    </trkpt>
    <trkpt lat="45.6140365" lon="10.5506347">
      <ele>122.5</ele>
      <time>2026-08-15T09:15:48.319+02:00</time>
      <extensions>
        <activity type="UNKNOWN" conf="40" state="unknown" tsMs="1786778142319"/>
        <radio op="vodafone IT" rat="LTE" q="15.00" rsrp="-110" sinr="5" rsrq="-13"/>
        <radio op="I TIM" rat="LTE" q="8.00" rsrp="-109" sinr="0" rsrq="-13"/>
      </extensions>
    </trkpt>
    <trkpt lat="45.6140588" lon="10.5504797">
      <ele>122.5</ele>
      <time>2026-08-15T09:16:19.468+02:00</time>
      <extensions>
        <activity type="UNKNOWN" conf="40" state="unknown" tsMs="1786778173359"/>
        <radio op="vodafone IT" rat="LTE" q="17.00" rsrp="-108" sinr="5" rsrq="-13"/>
        <radio op="I TIM" rat="LTE" q="8.50" rsrp="-108" sinr="0" rsrq="-12"/>
      </extensions>
    </trkpt>
    <trkpt lat="45.6140637" lon="10.550479">
      <ele>122.5</ele>
      <time>2026-08-15T09:16:50.699+02:00</time>
      <extensions>
        <activity type="ON_FOOT" conf="85" state="moving" tsMs="1786778204560"/>
        <radio op="vodafone IT" rat="LTE" q="11.40" rsrp="-106" sinr="1" rsrq="-14"/>
        <radio op="I TIM" rat="LTE" q="16.00" rsrp="-105" sinr="3" rsrq="-12"/>
      </extensions>
    </trkpt>
    <trkpt lat="45.6140629" lon="10.5504575">
      <ele>122.5</ele>
      <time>2026-08-15T09:17:21.933+02:00</time>
      <extensions>
        <activity type="UNKNOWN" conf="40" state="unknown" tsMs="1786778235838"/>
        <radio op="vodafone IT" rat="LTE" q="15.20" rsrp="-106" sinr="3" rsrq="-11"/>
        <radio op="I TIM" rat="LTE" q="18.90" rsrp="-104" sinr="4" rsrq="-12"/>
      </extensions>
    </trkpt>
    <trkpt lat="45.614112" lon="10.5509429">
      <ele>122.80000305175781</ele>
      <time>2026-08-15T09:17:48.139+02:00</time>
      <extensions>
        <activity type="TILTING" conf="100" state="moving" tsMs="1786778269765"/>
        <radio op="vodafone IT" rat="LTE" q="15.40" rsrp="-111" sinr="6" rsrq="-13"/>
        <radio op="I TIM" rat="LTE" rsrp="-108" rsrq="-13"/>
      </extensions>
    </trkpt>
    <trkpt lat="45.6145332" lon="10.5510907">
      <ele>127.64126345369482</ele>
      <time>2026-08-15T09:18:25.118+02:00</time>
      <extensions>
        <activity type="IN_VEHICLE" conf="96" state="moving" tsMs="1786778303918"/>
        <radio op="vodafone IT" rat="LTE" q="20.00" rsrp="-105" sinr="5" rsrq="-13"/>
        <radio op="I TIM" rat="LTE" rsrp="-105" rsrq="-12"/>
      </extensions>
    </trkpt>
    <trkpt lat="45.6122418" lon="10.5400728">
      <ele>155.69958893090524</ele>
      <time>2026-08-15T09:20:05.543+02:00</time>
      <extensions>
        <activity type="IN_VEHICLE" conf="97" state="moving" tsMs="1786778402032"/>
        <radio op="vodafone IT" rat="LTE" q="9.80" rsrp="-111" sinr="2" rsrq="-11"/>
        <radio op="I TIM" rat="LTE" rsrp="-109" rsrq="-16"/>
      </extensions>
    </trkpt>
    <trkpt lat="45.6142142" lon="10.5420653">
      <ele>187.90633018435773</ele>
      <time>2026-08-15T09:20:53.516+02:00</time>
      <extensions>
        <activity type="IN_VEHICLE" conf="96" state="moving" tsMs="1786778465649"/>
        <radio op="vodafone IT" rat="LTE" q="35.10" rsrp="-98" sinr="8" rsrq="-11"/>
        <radio op="I TIM" rat="LTE" q="17.40" rsrp="-96" sinr="1" rsrq="-9"/>
      </extensions>
    </trkpt>
    <trkpt lat="45.6153482" lon="10.5437786">
      <ele>231.17848267695783</ele>
      <time>2026-08-15T09:21:52.512+02:00</time>
      <extensions>
        <activity type="IN_VEHICLE" conf="97" state="moving" tsMs="1786778506662"/>
        <radio op="vodafone IT" rat="LTE" q="16.10" rsrp="-102" sinr="2" rsrq="-11"/>
        <radio op="I TIM" rat="LTE" rsrp="-113" rsrq="-21"/>
      </extensions>
    </trkpt>
    <trkpt lat="45.6182532" lon="10.5459107">
      <ele>266.7110655267888</ele>
      <time>2026-08-15T09:22:55.51+02:00</time>
      <extensions>
        <activity type="IN_VEHICLE" conf="97" state="moving" tsMs="1786778571659"/>
        <radio op="vodafone IT" rat="LTE" rsrp="-116" rsrq="-17"/>
        <radio op="I TIM" rat="LTE" rsrp="-115" rsrq="-20"/>
      </extensions>
    </trkpt>
    <trkpt lat="45.618381" lon="10.5456736">
      <ele>266.7110655267888</ele>
      <time>2026-08-15T09:22:58.519+02:00</time>
      <extensions>
        <activity type="IN_VEHICLE" conf="97" state="moving" tsMs="1786778571659"/>
        <radio op="vodafone IT" rat="LTE" rsrp="-98" rsrq="-14"/>
        <radio op="I TIM" rat="LTE" rsrp="-112" rsrq="-21"/>
      </extensions>
    </trkpt>
    <trkpt lat="45.6178765" lon="10.5434862">
      <ele>294.0162514271019</ele>
      <time>2026-08-15T09:23:37.519+02:00</time>
      <extensions>
        <activity type="IN_VEHICLE" conf="96" state="moving" tsMs="1786778616930"/>
        <radio op="vodafone IT" rat="LTE" rsrp="-114" rsrq="-16"/>
        <radio op="I TIM" rat="LTE" rsrp="-115" rsrq="-19"/>
      </extensions>
    </trkpt>
    <trkpt lat="45.6172534" lon="10.54124">
      <ele>339.20146976758576</ele>
      <time>2026-08-15T09:24:24.519+02:00</time>
      <extensions>
        <activity type="IN_VEHICLE" conf="97" state="moving" tsMs="1786778671945"/>
        <radio op="vodafone IT" rat="LTE" rsrp="-100" rsrq="-15"/>
        <radio op="I TIM" rat="LTE" rsrp="-110" rsrq="-23"/>
      </extensions>
    </trkpt>
    <trkpt lat="45.61716" lon="10.5400043">
      <ele>374.1432888610334</ele>
      <time>2026-08-15T09:25:04.519+02:00</time>
      <extensions>
        <activity type="IN_VEHICLE" conf="97" state="moving" tsMs="1786778708227"/>
        <radio op="vodafone IT" rat="LTE" rsrp="-105" rsrq="-17"/>
        <radio op="I TIM" rat="LTE" rsrp="-118" rsrq="-22"/>
      </extensions>
    </trkpt>
    <trkpt lat="45.621786" lon="10.5406767">
      <ele>424.84159632010096</ele>
      <time>2026-08-15T09:25:48.519+02:00</time>
      <extensions>
        <activity type="IN_VEHICLE" conf="97" state="moving" tsMs="1786778751244"/>
        <radio op="vodafone IT" rat="LTE" rsrp="-106" rsrq="-14"/>
        <radio op="I TIM" rat="LTE" rsrp="-108" rsrq="-13"/>
      </extensions>
    </trkpt>
    <trkpt lat="45.6241763" lon="10.5391807">
      <ele>439.2929692116854</ele>
      <time>2026-08-15T09:26:30.517+02:00</time>
      <extensions>
        <activity type="IN_VEHICLE" conf="96" state="moving" tsMs="1786778787052"/>
        <radio op="vodafone IT" rat="LTE" rsrp="-107" rsrq="-17"/>
        <radio op="I TIM" rat="LTE" rsrp="-111" rsrq="-16"/>
      </extensions>
    </trkpt>
    <trkpt lat="45.6277105" lon="10.5401759">
      <ele>454.53509565588007</ele>
      <time>2026-08-15T09:27:09.518+02:00</time>
      <extensions>
        <activity type="IN_VEHICLE" conf="98" state="moving" tsMs="1786778837315"/>
        <radio op="vodafone IT" rat="LTE" rsrp="-115" rsrq="-16"/>
        <radio op="I TIM" rat="LTE" rsrp="-114" rsrq="-22"/>
      </extensions>
    </trkpt>
    <trkpt lat="45.6304997" lon="10.5396352">
      <ele>435.0211101030069</ele>
      <time>2026-08-15T09:27:43.518+02:00</time>
      <extensions>
        <activity type="IN_VEHICLE" conf="96" state="moving" tsMs="1786778862961"/>
        <radio op="vodafone IT" rat="LTE" rsrp="-124" rsrq="-16"/>
        <radio op="I TIM" rat="LTE" rsrp="-122" rsrq="-18"/>
      </extensions>
    </trkpt>
    <trkpt lat="45.6322453" lon="10.540193">
      <ele>123.69999694824219</ele>
      <time>2026-08-15T09:28:01.518+02:00</time>
      <extensions>
        <activity type="IN_VEHICLE" conf="97" state="moving" tsMs="1786778880234"/>
        <radio op="vodafone IT" rat="LTE" rsrp="-127" rsrq="-19"/>
        <radio op="I TIM" rat="LTE" rsrq="-20"/>
      </extensions>
    </trkpt>
    <trkpt lat="45.6335522" lon="10.5434079">
      <ele>432.5717445825446</ele>
      <time>2026-08-15T09:28:36.519+02:00</time>
      <extensions>
        <activity type="IN_VEHICLE" conf="96" state="moving" tsMs="1786778916279"/>
        <radio op="vodafone IT" rat="LTE" rsrp="-137" rsrq="-26"/>
        <radio op="I TIM" rat="LTE" rsrp="-121" rsrq="-22"/>
      </extensions>
    </trkpt>
    <trkpt lat="45.6367126" lon="10.5462817">
      <ele>425.2515665164344</ele>
      <time>2026-08-15T09:29:33.519+02:00</time>
      <extensions>
        <activity type="IN_VEHICLE" conf="96" state="moving" tsMs="1786778972793"/>
        <radio op="vodafone IT" rat="WCDMA"/>
        <radio op="I TIM" rat="LTE" rsrq="-20"/>
      </extensions>
    </trkpt>
    <trkpt lat="45.6378783" lon="10.5483581">
      <ele>419.56120131431635</ele>
      <time>2026-08-15T09:30:29.519+02:00</time>
      <extensions>
        <activity type="TILTING" conf="100" state="moving" tsMs="1786779055744"/>
        <radio op="vodafone IT" rat="OTHER"/>
        <radio op="I TIM" rat="LTE" rsrq="-20"/>
      </extensions>
    </trkpt>
    <trkpt lat="45.636955" lon="10.5509177">
      <ele>421.9313697690965</ele>
      <time>2026-08-15T09:31:18.519+02:00</time>
      <extensions>
        <activity type="TILTING" conf="100" state="moving" tsMs="1786779084680"/>
        <radio op="WINDTRE" rat="LTE" q="77.50" rsrp="-94" sinr="22" rsrq="-7"/>
        <radio op="I TIM" rat="LTE" rsrq="-20"/>
      </extensions>
    </trkpt>
    <trkpt lat="45.632948" lon="10.5521435">
      <ele>439.70579033361236</ele>
      <time>2026-08-15T09:32:43.801+02:00</time>
      <extensions>
        <activity type="TILTING" conf="100" state="moving" tsMs="1786779172428"/>
        <radio op="WINDTRE" rat="LTE" q="68.40" rsrp="-87" sinr="13" rsrq="-8"/>
        <radio op="I TIM" rat="OTHER"/>
      </extensions>
    </trkpt>
    <trkpt lat="45.6329024" lon="10.5518398">
      <ele>440.52778957566875</ele>
      <time>2026-08-15T09:33:18.519+02:00</time>
      <extensions>
        <activity type="UNKNOWN" conf="40" state="unknown" tsMs="1786779193240"/>
        <radio op="vodafone IT" rat="LTE" rsrp="-117" rsrq="-15"/>
        <radio op="I TIM" rat="OTHER"/>
      </extensions>
    </trkpt>
    <trkpt lat="45.6329699" lon="10.5517232">
      <ele>440.6207413976092</ele>
      <time>2026-08-15T09:34:01.518+02:00</time>
      <extensions>
        <activity type="ON_FOOT" conf="85" state="moving" tsMs="1786779236548"/>
        <radio op="vodafone IT" rat="LTE" rsrp="-120" rsrq="-17"/>
        <radio op="I TIM" rat="OTHER"/>
      </extensions>
    </trkpt>
    <trkpt lat="45.633099" lon="10.5520374">
      <ele>440.821780169654</ele>
      <time>2026-08-15T09:34:42.778+02:00</time>
      <extensions>
        <activity type="UNKNOWN" conf="40" state="unknown" tsMs="1786779279434"/>
        <radio op="vodafone IT" rat="LTE" rsrp="-125" rsrq="-20"/>
        <radio op="I TIM" rat="OTHER"/>
      </extensions>
    </trkpt>
    <trkpt lat="45.6328831" lon="10.5518554">
      <ele>440.76460452656784</ele>
      <time>2026-08-15T09:35:15.518+02:00</time>
      <extensions>
        <activity type="UNKNOWN" conf="40" state="unknown" tsMs="1786779311683"/>
        <radio op="vodafone IT" rat="LTE" rsrp="-122" rsrq="-19"/>
        <radio op="I TIM" rat="OTHER"/>
      </extensions>
    </trkpt>
    <trkpt lat="45.6329778" lon="10.5519608">
      <ele>440.50735696960675</ele>
      <time>2026-08-15T09:35:25.518+02:00</time>
      <extensions>
        <activity type="UNKNOWN" conf="40" state="unknown" tsMs="1786779311683"/>
        <radio op="vodafone IT" rat="LTE" rsrp="-118" rsrq="-17"/>
        <radio op="I TIM" rat="OTHER"/>
      </extensions>
    </trkpt>
    <trkpt lat="45.6329597" lon="10.5519912">
      <ele>440.574370297889</ele>
      <time>2026-08-15T09:35:27.518+02:00</time>
      <extensions>
        <activity type="UNKNOWN" conf="40" state="unknown" tsMs="1786779316218"/>
        <radio op="vodafone IT" rat="LTE" rsrp="-120" rsrq="-16"/>
        <radio op="I TIM" rat="OTHER"/>
      </extensions>
    </trkpt>
    <trkpt lat="45.6329551" lon="10.5519855">
      <ele>440.75735840591614</ele>
      <time>2026-08-15T09:36:06.198+02:00</time>
      <extensions>
        <activity type="STILL" conf="35" state="still" tsMs="1786779365342"/>
        <radio op="vodafone IT" rat="LTE" rsrp="-121" rsrq="-19"/>
        <radio op="I TIM" rat="OTHER"/>
      </extensions>
    </trkpt>
    <trkpt lat="45.6329989" lon="10.5519339">
      <ele>440.9281370543814</ele>
      <time>2026-08-15T09:36:39.057+02:00</time>
      <extensions>
        <activity type="STILL" conf="72" state="still" tsMs="1786779396686"/>
        <radio op="vodafone IT" rat="LTE" rsrp="-120" rsrq="-18"/>
        <radio op="" rat="LTE" rsrp="-120" rsrq="-18"/>
      </extensions>
    </trkpt>
    <trkpt lat="45.6329991" lon="10.5519337">
      <ele>441.8901814083542</ele>
      <time>2026-08-15T09:37:09.458+02:00</time>
      <extensions>
        <activity type="STILL" conf="96" state="still" tsMs="1786779424758"/>
        <radio op="vodafone IT" rat="LTE" rsrp="-120" rsrq="-16"/>
        <radio op="I TIM" rat="LTE" rsrp="-124" rsrq="-18"/>
      </extensions>
    </trkpt>
    <trkpt lat="45.6330092" lon="10.552003">
      <ele>441.38240956366724</ele>
      <time>2026-08-15T09:37:52.027+02:00</time>
      <extensions>
        <activity type="STILL" conf="99" state="still" tsMs="1786779468670"/>
        <radio op="vodafone IT" rat="LTE" rsrp="-116" rsrq="-15"/>
        <radio op="I TIM" rat="LTE" rsrp="-118" rsrq="-18"/>
      </extensions>
    </trkpt>
    <trkpt lat="45.6329369" lon="10.552097">
      <ele>445.8000183105469</ele>
      <time>2026-08-15T10:20:24.829+02:00</time>
      <extensions>
        <activity type="UNKNOWN" conf="40" state="unknown" tsMs="1786782035784"/>
        <radio op="vodafone IT" rat="LTE" rsrq="-20"/>
        <radio op="I TIM" rat="LTE" rsrq="-20"/>
      </extensions>
    </trkpt>
    <trkpt lat="45.6330749" lon="10.5518069">
      <ele>444.9000244140625</ele>
      <time>2026-08-15T10:21:01.132+02:00</time>
      <extensions>
        <activity type="UNKNOWN" conf="40" state="unknown" tsMs="1786782057295"/>
        <radio op="vodafone IT" rat="LTE" rsrp="-120" rsrq="-16"/>
        <radio op="I TIM" rat="LTE" rsrp="-126" rsrq="-20"/>
      </extensions>
    </trkpt>
    <trkpt lat="45.6329019" lon="10.5520211">
      <ele>445.20001220703125</ele>
      <time>2026-08-15T10:21:31.668+02:00</time>
      <extensions>
        <activity type="ON_FOOT" conf="87" state="moving" tsMs="1786782086220"/>
        <radio op="vodafone IT" rat="LTE" q="8.80" rsrp="-114" sinr="3" rsrq="-13"/>
        <radio op="I TIM" rat="LTE" rsrp="-119" rsrq="-14"/>
      </extensions>
    </trkpt>
    <trkpt lat="45.6329767" lon="10.5520024">
      <ele>445.3000183105469</ele>
      <time>2026-08-15T10:22:28.067+02:00</time>
      <extensions>
        <activity type="UNKNOWN" conf="40" state="unknown" tsMs="1786782142707"/>
        <radio op="vodafone IT" rat="LTE" q="7.20" rsrp="-113" sinr="1" rsrq="-13"/>
        <radio op="I TIM" rat="LTE" rsrp="-115" rsrq="-15"/>
      </extensions>
    </trkpt>
    <trkpt lat="45.633039" lon="10.5519355">
      <ele>444.9000244140625</ele>
      <time>2026-08-15T10:22:59.352+02:00</time>
      <extensions>
        <activity type="UNKNOWN" conf="40" state="unknown" tsMs="1786782175326"/>
        <radio op="vodafone IT" rat="LTE" rsrp="-120" rsrq="-18"/>
        <radio op="I TIM" rat="LTE" rsrp="-122" rsrq="-15"/>
      </extensions>
    </trkpt>
    <trkpt lat="45.6330337" lon="10.5519395">
      <ele>445.3000183105469</ele>
      <time>2026-08-15T10:23:30.602+02:00</time>
      <extensions>
        <activity type="UNKNOWN" conf="40" state="unknown" tsMs="1786782206480"/>
        <radio op="vodafone IT" rat="LTE" rsrp="-116" rsrq="-13"/>
        <radio op="I TIM" rat="LTE" rsrp="-119" rsrq="-16"/>
      </extensions>
    </trkpt>
    <trkpt lat="45.632712" lon="10.5521373">
      <ele>444.9000244140625</ele>
      <time>2026-08-15T10:24:01.812+02:00</time>
      <extensions>
        <activity type="IN_VEHICLE" conf="91" state="moving" tsMs="1786782237761"/>
        <radio op="vodafone IT" rat="LTE" rsrp="-115" rsrq="-11"/>
        <radio op="I TIM" rat="LTE" rsrp="-119" rsrq="-12"/>
      </extensions>
    </trkpt>
    <trkpt lat="45.6323982" lon="10.5562849">
      <ele>446.5874114448225</ele>
      <time>2026-08-15T10:24:37.474+02:00</time>
      <extensions>
        <activity type="IN_VEHICLE" conf="97" state="moving" tsMs="1786782282993"/>
        <radio op="vodafone IT" rat="LTE" q="9.50" rsrp="-106" sinr="0" rsrq="-13"/>
        <radio op="I TIM" rat="LTE" q="10.00" rsrp="-105" sinr="0" rsrq="-13"/>
      </extensions>
    </trkpt>
    <trkpt lat="45.6312253" lon="10.5693223">
      <ele>378.2647939812887</ele>
      <time>2026-08-15T10:26:19.493+02:00</time>
      <extensions>
        <activity type="IN_VEHICLE" conf="97" state="moving" tsMs="1786782391808"/>
        <radio op="vodafone IT" rat="LTE" rsrp="-117" rsrq="-18"/>
        <radio op="I TIM" rat="LTE" rsrp="-120" rsrq="-21"/>
      </extensions>
    </trkpt>
    <trkpt lat="45.630427" lon="10.5734228">
      <ele>325.29541883087757</ele>
      <time>2026-08-15T10:27:04.493+02:00</time>
      <extensions>
        <activity type="IN_VEHICLE" conf="97" state="moving" tsMs="1786782413737"/>
        <radio op="vodafone IT" rat="LTE" rsrp="-118" rsrq="-22"/>
        <radio op="I TIM" rat="LTE" rsrp="-110" rsrq="-19"/>
      </extensions>
    </trkpt>
    <trkpt lat="45.6317936" lon="10.5784002">
      <ele>267.94384416201285</ele>
      <time>2026-08-15T10:27:40.743+02:00</time>
      <extensions>
        <activity type="IN_VEHICLE" conf="97" state="moving" tsMs="1786782459737"/>
        <radio op="vodafone IT" rat="LTE" q="31.20" rsrp="-101" sinr="8" rsrq="-9"/>
        <radio op="I TIM" rat="LTE" rsrp="-125" rsrq="-22"/>
      </extensions>
    </trkpt>
    <trkpt lat="45.6275073" lon="10.568848">
      <ele>225.34698096490538</ele>
      <time>2026-08-15T10:29:56.493+02:00</time>
      <extensions>
        <activity type="IN_VEHICLE" conf="98" state="moving" tsMs="1786782596065"/>
        <radio op="vodafone IT" rat="LTE" rsrp="-118" rsrq="-15"/>
        <radio op="I TIM" rat="LTE" rsrp="-106" rsrq="-12"/>
      </extensions>
    </trkpt>
    <trkpt lat="45.6249351" lon="10.5647041">
      <ele>203.50202158283173</ele>
      <time>2026-08-15T10:30:54.493+02:00</time>
      <extensions>
        <activity type="IN_VEHICLE" conf="96" state="moving" tsMs="1786782654330"/>
        <radio op="vodafone IT" rat="LTE" q="28.50" rsrp="-106" sinr="10" rsrq="-7"/>
        <radio op="I TIM" rat="LTE" q="8.40" rsrp="-111" sinr="1" rsrq="-11"/>
      </extensions>
    </trkpt>
    <trkpt lat="45.6232606" lon="10.5637832">
      <ele>181.85599618316476</ele>
      <time>2026-08-15T10:31:29.258+02:00</time>
      <extensions>
        <activity type="IN_VEHICLE" conf="97" state="moving" tsMs="1786782685350"/>
        <radio op="vodafone IT" rat="LTE" q="18.00" rsrp="-110" sinr="7" rsrq="-7"/>
        <radio op="I TIM" rat="LTE" q="7.50" rsrp="-110" sinr="0" rsrq="-10"/>
      </extensions>
    </trkpt>
    <trkpt lat="45.6233084" lon="10.5645227">
      <ele>181.87166870779132</ele>
      <time>2026-08-15T10:31:37.493+02:00</time>
      <extensions>
        <activity type="IN_VEHICLE" conf="97" state="moving" tsMs="1786782699467"/>
        <radio op="vodafone IT" rat="LTE" q="10.50" rsrp="-110" sinr="2" rsrq="-10"/>
        <radio op="I TIM" rat="LTE" q="40.60" rsrp="-96" sinr="9" rsrq="-8"/>
      </extensions>
    </trkpt>
    <trkpt lat="45.6229125" lon="10.5703795">
      <ele>131.42713923861984</ele>
      <time>2026-08-15T10:32:43.229+02:00</time>
      <extensions>
        <activity type="IN_VEHICLE" conf="96" state="moving" tsMs="1786782773575"/>
        <radio op="vodafone IT" rat="LTE" q="5.40" rsrp="-116" sinr="1" rsrq="-12"/>
        <radio op="I TIM" rat="LTE" rsrp="-114" rsrq="-19"/>
      </extensions>
    </trkpt>
    <trkpt lat="45.6237483" lon="10.5718262">
      <ele>132.5503623464363</ele>
      <time>2026-08-15T10:33:24.494+02:00</time>
      <extensions>
        <activity type="IN_VEHICLE" conf="96" state="moving" tsMs="1786782804654"/>
        <radio op="vodafone IT" rat="LTE" q="13.20" rsrp="-113" sinr="6" rsrq="-8"/>
        <radio op="I TIM" rat="LTE" rsrp="-111" rsrq="-15"/>
      </extensions>
    </trkpt>
    <trkpt lat="45.6261132" lon="10.5787477">
      <ele>131.8335164242328</ele>
      <time>2026-08-15T10:34:51.702+02:00</time>
      <extensions>
        <activity type="IN_VEHICLE" conf="96" state="moving" tsMs="1786782890875"/>
        <radio op="vodafone IT" rat="LTE" rsrp="-119" rsrq="-14"/>
        <radio op="I TIM" rat="LTE" rsrp="-121" rsrq="-18"/>
      </extensions>
    </trkpt>
    <trkpt lat="45.6265037" lon="10.5854476">
      <ele>132.52071385820116</ele>
      <time>2026-08-15T10:35:51.494+02:00</time>
      <extensions>
        <activity type="IN_VEHICLE" conf="97" state="moving" tsMs="1786782964012"/>
        <radio op="vodafone IT" rat="LTE" rsrp="-117" rsrq="-14"/>
        <radio op="I TIM" rat="LTE" rsrp="-122" rsrq="-20"/>
      </extensions>
    </trkpt>
    <trkpt lat="45.6308567" lon="10.5882697">
      <ele>126.73789036813707</ele>
      <time>2026-08-15T10:36:51.493+02:00</time>
      <extensions>
        <activity type="IN_VEHICLE" conf="97" state="moving" tsMs="1786783008723"/>
        <radio op="vodafone IT" rat="LTE" rsrp="-113" rsrq="-13"/>
        <radio op="I TIM" rat="LTE" q="7.20" rsrp="-113" sinr="1" rsrq="-15"/>
      </extensions>
    </trkpt>
    <trkpt lat="45.6311141" lon="10.5885395">
      <ele>126.69087299221377</ele>
      <time>2026-08-15T10:36:56.493+02:00</time>
      <extensions>
        <activity type="IN_VEHICLE" conf="96" state="moving" tsMs="1786783012621"/>
        <radio op="vodafone IT" rat="LTE" rsrp="-108" rsrq="-13"/>
        <radio op="I TIM" rat="LTE" rsrp="-118" rsrq="-19"/>
      </extensions>
    </trkpt>
    <trkpt lat="45.6326604" lon="10.5915258">
      <ele>124.5</ele>
      <time>2026-08-15T10:37:34.493+02:00</time>
      <extensions>
        <activity type="IN_VEHICLE" conf="96" state="moving" tsMs="1786783048087"/>
        <radio op="vodafone IT" rat="LTE" q="39.00" rsrp="-95" sinr="8" rsrq="-9"/>
        <radio op="I TIM" rat="LTE" rsrp="-118" rsrq="-18"/>
      </extensions>
    </trkpt>
    <trkpt lat="45.6344408" lon="10.5947205">
      <ele>125.08714878201762</ele>
      <time>2026-08-15T10:38:17.493+02:00</time>
      <extensions>
        <activity type="IN_VEHICLE" conf="96" state="moving" tsMs="1786783093764"/>
        <radio op="vodafone IT" rat="LTE" q="51.30" rsrp="-98" sinr="14" rsrq="-9"/>
        <radio op="I TIM" rat="LTE" rsrp="-111" rsrq="-18"/>
      </extensions>
    </trkpt>
    <trkpt lat="45.6350764" lon="10.5994593">
      <ele>115.30000305175781</ele>
      <time>2026-08-15T10:38:56.783+02:00</time>
      <extensions>
        <activity type="TILTING" conf="100" state="moving" tsMs="1786783122949"/>
        <radio op="vodafone IT" rat="LTE" q="21.60" rsrp="-107" sinr="7" rsrq="-13"/>
        <radio op="I TIM" rat="LTE" rsrp="-111" rsrq="-17"/>
      </extensions>
    </trkpt>
    <trkpt lat="45.6359863" lon="10.5978526">
      <ele>115.0</ele>
      <time>2026-08-15T10:39:47.374+02:00</time>
      <extensions>
        <activity type="IN_VEHICLE" conf="96" state="moving" tsMs="1786783185751"/>
        <radio op="vodafone IT" rat="LTE" q="10.50" rsrp="-110" sinr="2" rsrq="-13"/>
        <radio op="I TIM" rat="LTE" rsrp="-118" rsrq="-18"/>
      </extensions>
    </trkpt>
    <trkpt lat="45.6351399" lon="10.6017058">
      <ele>120.30178721597244</ele>
      <time>2026-08-15T10:40:52.914+02:00</time>
      <extensions>
        <activity type="IN_VEHICLE" conf="97" state="moving" tsMs="1786783248763"/>
        <radio op="vodafone IT" rat="LTE" q="39.00" rsrp="-99" sinr="10" rsrq="-9"/>
        <radio op="I TIM" rat="LTE" rsrp="-123" rsrq="-16"/>
      </extensions>
    </trkpt>
    <trkpt lat="45.6407374" lon="10.6082693">
      <ele>133.00001525878906</ele>
      <time>2026-08-15T10:42:13.071+02:00</time>
      <extensions>
        <activity type="IN_VEHICLE" conf="98" state="moving" tsMs="1786783338870"/>
        <radio op="vodafone IT" rat="LTE" q="39.20" rsrp="-97" sinr="9" rsrq="-11"/>
        <radio op="I TIM" rat="LTE" q="14.40" rsrp="-107" sinr="3" rsrq="-13"/>
      </extensions>
    </trkpt>
    <trkpt lat="45.6419439" lon="10.6126109">
      <ele>132.00001525878906</ele>
      <time>2026-08-15T10:42:44.647+02:00</time>
      <extensions>
        <activity type="IN_VEHICLE" conf="97" state="moving" tsMs="1786783360474"/>
        <radio op="vodafone IT" rat="LTE" q="29.90" rsrp="-102" sinr="8" rsrq="-10"/>
        <radio op="I TIM" rat="LTE" q="35.20" rsrp="-103" sinr="11" rsrq="-13"/>
      </extensions>
    </trkpt>
    <trkpt lat="45.6428251" lon="10.6145973">
      <ele>130.70001220703125</ele>
      <time>2026-08-15T10:43:19.358+02:00</time>
      <extensions>
        <activity type="IN_VEHICLE" conf="96" state="moving" tsMs="1786783392760"/>
        <radio op="vodafone IT" rat="LTE" q="8.40" rsrp="-113" sinr="2" rsrq="-9"/>
        <radio op="I TIM" rat="LTE" q="8.40" rsrp="-111" sinr="1" rsrq="-14"/>
      </extensions>
    </trkpt>
    <trkpt lat="45.6512289" lon="10.6272031">
      <ele>125.88052458382174</ele>
      <time>2026-08-15T10:45:03.494+02:00</time>
      <extensions>
        <activity type="IN_VEHICLE" conf="97" state="moving" tsMs="1786783530721"/>
        <radio op="vodafone IT" rat="LTE" rsrp="-113" rsrq="-16"/>
        <radio op="I TIM" rat="LTE" q="11.40" rsrp="-106" sinr="1" rsrq="-14"/>
      </extensions>
    </trkpt>
    <trkpt lat="45.6552624" lon="10.6335745">
      <ele>127.5999984741211</ele>
      <time>2026-08-15T10:45:44.495+02:00</time>
      <extensions>
        <activity type="IN_VEHICLE" conf="97" state="moving" tsMs="1786783536142"/>
        <radio op="vodafone IT" rat="LTE" q="7.50" rsrp="-110" sinr="0" rsrq="-13"/>
        <radio op="I TIM" rat="LTE" q="10.20" rsrp="-108" sinr="1" rsrq="-14"/>
      </extensions>
    </trkpt>
    <trkpt lat="45.6554621" lon="10.6338734">
      <ele>127.5999984741211</ele>
      <time>2026-08-15T10:45:46.495+02:00</time>
      <extensions>
        <activity type="IN_VEHICLE" conf="98" state="moving" tsMs="1786783555154"/>
        <radio op="vodafone IT" rat="LTE" rsrp="-120" rsrq="-17"/>
        <radio op="I TIM" rat="LTE" rsrp="-112" rsrq="-16"/>
      </extensions>
    </trkpt>
    <trkpt lat="45.6641605" lon="10.645326">
      <ele>132.00001525878906</ele>
      <time>2026-08-15T10:47:07.495+02:00</time>
      <extensions>
        <activity type="IN_VEHICLE" conf="97" state="moving" tsMs="1786783633317"/>
        <radio op="vodafone IT" rat="LTE" rsrp="-115" rsrq="-15"/>
        <radio op="I TIM" rat="LTE" q="10.40" rsrp="-112" sinr="3" rsrq="-13"/>
      </extensions>
    </trkpt>
    <trkpt lat="45.6690656" lon="10.6499361">
      <ele>135.1751625702323</ele>
      <time>2026-08-15T10:47:56.495+02:00</time>
      <extensions>
        <activity type="IN_VEHICLE" conf="97" state="moving" tsMs="1786783671762"/>
        <radio op="vodafone IT" rat="LTE" q="10.50" rsrp="-110" sinr="2" rsrq="-12"/>
        <radio op="I TIM" rat="LTE" rsrp="-113" rsrq="-15"/>
      </extensions>
    </trkpt>
    <trkpt lat="45.6731125" lon="10.6509711">
      <ele>125.34255685098452</ele>
      <time>2026-08-15T10:48:43.495+02:00</time>
      <extensions>
        <activity type="IN_VEHICLE" conf="97" state="moving" tsMs="1786783714465"/>
        <radio op="vodafone IT" rat="LTE" rsrp="-120" rsrq="-18"/>
        <radio op="I TIM" rat="LTE" q="22.50" rsrp="-110" sinr="10" rsrq="-12"/>
      </extensions>
    </trkpt>
    <trkpt lat="45.6767956" lon="10.6527223">
      <ele>119.0</ele>
      <time>2026-08-15T10:49:30.495+02:00</time>
      <extensions>
        <activity type="IN_VEHICLE" conf="97" state="moving" tsMs="1786783778599"/>
        <radio op="vodafone IT" rat="LTE" rsrp="-122" rsrq="-14"/>
        <radio op="I TIM" rat="LTE" rsrp="-125" rsrq="-16"/>
      </extensions>
    </trkpt>
    <trkpt lat="45.6802521" lon="10.6542872">
      <ele>118.4000015258789</ele>
      <time>2026-08-15T10:50:04.256+02:00</time>
      <extensions>
        <activity type="IN_VEHICLE" conf="97" state="moving" tsMs="1786783799895"/>
        <radio op="vodafone IT" rat="LTE" rsrp="-123" rsrq="-16"/>
        <radio op="I TIM" rat="LTE" q="4.50" rsrp="-120" sinr="4" rsrq="-16"/>
      </extensions>
    </trkpt>
    <trkpt lat="45.6837424" lon="10.6577658">
      <ele>128.4029577438181</ele>
      <time>2026-08-15T10:50:36.955+02:00</time>
      <extensions>
        <activity type="IN_VEHICLE" conf="96" state="moving" tsMs="1786783835887"/>
        <radio op="vodafone IT" rat="LTE" q="3.50" rsrp="-118" sinr="0" rsrq="-15"/>
        <radio op="I TIM" rat="LTE" rsrp="-122" rsrq="-15"/>
      </extensions>
    </trkpt>
    <trkpt lat="45.6894888" lon="10.6637138">
      <ele>135.5665714136569</ele>
      <time>2026-08-15T10:51:46.494+02:00</time>
      <extensions>
        <activity type="IN_VEHICLE" conf="98" state="moving" tsMs="1786783920162"/>
        <radio op="vodafone IT" rat="LTE" q="32.00" rsrp="-105" sinr="11" rsrq="-12"/>
        <radio op="I TIM" rat="LTE" q="40.30" rsrp="-94" sinr="8" rsrq="-12"/>
      </extensions>
    </trkpt>
    <trkpt lat="45.6914851" lon="10.6661693">
      <ele>148.70001220703125</ele>
      <time>2026-08-15T10:52:21.489+02:00</time>
      <extensions>
        <activity type="IN_VEHICLE" conf="96" state="moving" tsMs="1786783930271"/>
        <radio op="vodafone IT" rat="LTE" q="29.90" rsrp="-102" sinr="8" rsrq="-9"/>
        <radio op="I TIM" rat="LTE" q="53.20" rsrp="-97" sinr="14" rsrq="-11"/>
      </extensions>
    </trkpt>
    <trkpt lat="45.6949994" lon="10.6684037">
      <ele>159.8373747270906</ele>
      <time>2026-08-15T10:52:57.495+02:00</time>
      <extensions>
        <activity type="IN_VEHICLE" conf="97" state="moving" tsMs="1786783983944"/>
        <radio op="vodafone IT" rat="LTE" rsrp="-122" rsrq="-14"/>
        <radio op="I TIM" rat="LTE" rsrp="-119" rsrq="-14"/>
      </extensions>
    </trkpt>
    <trkpt lat="45.6980784" lon="10.6742335">
      <ele>178.13483518741327</ele>
      <time>2026-08-15T10:53:39.495+02:00</time>
      <extensions>
        <activity type="IN_VEHICLE" conf="97" state="moving" tsMs="1786784016015"/>
        <radio op="vodafone IT" rat="LTE" rsrp="-107" rsrq="-10"/>
        <radio op="I TIM" rat="LTE" rsrp="-113" rsrq="-15"/>
      </extensions>
    </trkpt>
    <trkpt lat="45.7019232" lon="10.6796365">
      <ele>200.91902990592234</ele>
      <time>2026-08-15T10:54:22.495+02:00</time>
      <extensions>
        <activity type="IN_VEHICLE" conf="96" state="moving" tsMs="1786784062468"/>
        <radio op="vodafone IT" rat="LTE" rsrp="-126" rsrq="-22"/>
        <radio op="I TIM" rat="LTE" rsrp="-115" rsrq="-15"/>
      </extensions>
    </trkpt>
    <trkpt lat="45.7085711" lon="10.6926443">
      <ele>227.78248489512447</ele>
      <time>2026-08-15T10:56:06.493+02:00</time>
      <extensions>
        <activity type="IN_VEHICLE" conf="97" state="moving" tsMs="1786784160387"/>
        <radio op="vodafone IT" rat="LTE" rsrp="-113" rsrq="-16"/>
        <radio op="I TIM" rat="LTE" rsrp="-109" rsrq="-15"/>
      </extensions>
    </trkpt>
    <trkpt lat="45.7085711" lon="10.6926443">
      <ele>230.86373354878594</ele>
      <time>2026-08-15T10:56:43.672+02:00</time>
      <extensions>
        <activity type="IN_VEHICLE" conf="96" state="moving" tsMs="1786784208397"/>
        <radio op="vodafone IT" rat="LTE" rsrq="-20"/>
        <radio op="I TIM" rat="LTE" rsrp="-131" rsrq="-17"/>
      </extensions>
    </trkpt>
    <trkpt lat="45.7078614" lon="10.6919743">
      <ele>229.46648263344798</ele>
      <time>2026-08-15T10:56:55.264+02:00</time>
      <extensions>
        <activity type="IN_VEHICLE" conf="96" state="moving" tsMs="1786784213794"/>
        <radio op="vodafone IT" rat="LTE" rsrp="-123" rsrq="-12"/>
        <radio op="I TIM" rat="LTE" rsrp="-135" rsrq="-19"/>
      </extensions>
    </trkpt>
    <trkpt lat="45.7147984" lon="10.7021588">
      <ele>211.3000030517578</ele>
      <time>2026-08-15T10:57:37.479+02:00</time>
      <extensions>
        <activity type="IN_VEHICLE" conf="96" state="moving" tsMs="1786784254412"/>
        <radio op="vodafone IT" rat="LTE" rsrp="-113" rsrq="-13"/>
        <radio op="I TIM" rat="LTE" rsrp="-116" rsrq="-18"/>
      </extensions>
    </trkpt>
    <trkpt lat="45.7147984" lon="10.7021588">
      <ele>181.43077447784322</ele>
      <time>2026-08-15T10:58:19.69+02:00</time>
      <extensions>
        <activity type="IN_VEHICLE" conf="96" state="moving" tsMs="1786784297526"/>
        <radio op="vodafone IT" rat="LTE" rsrp="-117" rsrq="-12"/>
        <radio op="I TIM" rat="LTE" rsrp="-114" rsrq="-13"/>
      </extensions>
    </trkpt>
    <trkpt lat="45.7147984" lon="10.7021588">
      <ele>174.04224280410665</ele>
      <time>2026-08-15T10:58:30.065+02:00</time>
      <extensions>
        <activity type="IN_VEHICLE" conf="96" state="moving" tsMs="1786784307868"/>
        <radio op="vodafone IT" rat="LTE" rsrp="-126" rsrq="-14"/>
        <radio op="I TIM" rat="LTE" rsrp="-139" rsrq="-25"/>
      </extensions>
    </trkpt>
    <trkpt lat="45.7300315" lon="10.7221096">
      <ele>119.43501142622853</ele>
      <time>2026-08-15T11:00:11.494+02:00</time>
      <extensions>
        <activity type="IN_VEHICLE" conf="97" state="moving" tsMs="1786784419975"/>
        <radio op="vodafone IT" rat="LTE" rsrp="-115" rsrq="-10"/>
        <radio op="I TIM" rat="LTE" rsrp="-113" rsrq="-15"/>
      </extensions>
    </trkpt>
    <trkpt lat="45.7326234" lon="10.7278351">
      <ele>126.88951080006072</ele>
      <time>2026-08-15T11:00:48.494+02:00</time>
      <extensions>
        <activity type="IN_VEHICLE" conf="96" state="moving" tsMs="1786784446949"/>
        <radio op="vodafone IT" rat="LTE" q="7.50" rsrp="-110" sinr="0" rsrq="-13"/>
        <radio op="I TIM" rat="LTE" q="7.00" rsrp="-111" sinr="0" rsrq="-14"/>
      </extensions>
    </trkpt>
    <trkpt lat="45.7356716" lon="10.7336432">
      <ele>126.76855292482351</ele>
      <time>2026-08-15T11:01:30.494+02:00</time>
      <extensions>
        <activity type="IN_VEHICLE" conf="97" state="moving" tsMs="1786784497415"/>
        <radio op="vodafone IT" rat="LTE" rsrp="-111" rsrq="-13"/>
        <radio op="I TIM" rat="LTE" rsrp="-112" rsrq="-15"/>
      </extensions>
    </trkpt>
    <trkpt lat="45.7322336" lon="10.7253785">
      <ele>127.6258056966543</ele>
      <time>2026-08-15T11:03:18.794+02:00</time>
      <extensions>
        <activity type="IN_VEHICLE" conf="96" state="moving" tsMs="1786784590830"/>
        <radio op="vodafone IT" rat="LTE" rsrq="-26"/>
        <radio op="I TIM" rat="LTE" rsrp="-137" rsrq="-22"/>
      </extensions>
    </trkpt>
    <trkpt lat="45.7560349" lon="10.7500593">
      <ele>121.65873140400865</ele>
      <time>2026-08-15T11:04:20.494+02:00</time>
      <extensions>
        <activity type="IN_VEHICLE" conf="97" state="moving" tsMs="1786784653597"/>
        <radio op="vodafone IT" rat="LTE" rsrp="-126" rsrq="-17"/>
        <radio op="I TIM" rat="WCDMA"/>
      </extensions>
    </trkpt>
    <trkpt lat="45.7544356" lon="10.7506638">
      <ele>121.83589094909368</ele>
      <time>2026-08-15T11:04:55.493+02:00</time>
      <extensions>
        <activity type="IN_VEHICLE" conf="96" state="moving" tsMs="1786784695173"/>
        <radio op="vodafone IT" rat="LTE" rsrp="-110" rsrq="-13"/>
        <radio op="I TIM" rat="LTE" rsrp="-114" rsrq="-16"/>
      </extensions>
    </trkpt>
    <trkpt lat="45.7533294" lon="10.7505896">
      <ele>118.6599142923527</ele>
      <time>2026-08-15T11:05:36.493+02:00</time>
      <extensions>
        <activity type="TILTING" conf="100" state="moving" tsMs="1786784736242"/>
        <radio op="vodafone IT" rat="LTE" q="12.60" rsrp="-104" sinr="1" rsrq="-13"/>
        <radio op="I TIM" rat="LTE" q="15.00" rsrp="-100" sinr="1" rsrq="-13"/>
      </extensions>
    </trkpt>
    <trkpt lat="45.7533544" lon="10.7506717">
      <ele>117.57108998586881</ele>
      <time>2026-08-15T11:06:10.492+02:00</time>
      <extensions>
        <activity type="UNKNOWN" conf="40" state="unknown" tsMs="1786784763754"/>
        <radio op="vodafone IT" rat="LTE" q="9.00" rsrp="-110" sinr="1" rsrq="-13"/>
        <radio op="I TIM" rat="LTE" rsrp="-103" rsrq="-17"/>
      </extensions>
    </trkpt>
    <trkpt lat="45.7532954" lon="10.7508835">
      <ele>119.63613146596401</ele>
      <time>2026-08-15T11:06:50.882+02:00</time>
      <extensions>
        <activity type="STILL" conf="55" state="still" tsMs="1786784805762"/>
        <radio op="vodafone IT" rat="LTE" rsrp="-107" rsrq="-12"/>
        <radio op="I TIM" rat="LTE" rsrp="-97" rsrq="-14"/>
      </extensions>
    </trkpt>
    <trkpt lat="45.7533364" lon="10.7508574">
      <ele>117.79819944182213</ele>
      <time>2026-08-15T11:07:00.493+02:00</time>
      <extensions>
        <activity type="STILL" conf="55" state="still" tsMs="1786784805762"/>
        <radio op="vodafone IT" rat="LTE" q="31.50" rsrp="-90" sinr="4" rsrq="-10"/>
        <radio op="I TIM" rat="LTE" rsrp="-96" rsrq="-15"/>
      </extensions>
    </trkpt>
    <trkpt lat="45.7533352" lon="10.750859">
      <ele>118.03958886514218</ele>
      <time>2026-08-15T11:07:10.493+02:00</time>
      <extensions>
        <activity type="UNKNOWN" conf="40" state="unknown" tsMs="1786784812176"/>
        <radio op="vodafone IT" rat="LTE" q="26.40" rsrp="-92" sinr="3" rsrq="-11"/>
        <radio op="I TIM" rat="LTE" rsrp="-94" rsrq="-15"/>
      </extensions>
    </trkpt>
    <trkpt lat="45.7533352" lon="10.750859">
      <ele>118.05031879815145</ele>
      <time>2026-08-15T11:07:20.493+02:00</time>
      <extensions>
        <activity type="UNKNOWN" conf="40" state="unknown" tsMs="1786784812176"/>
        <radio op="vodafone IT" rat="LTE" q="16.00" rsrp="-93" sinr="0" rsrq="-11"/>
        <radio op="I TIM" rat="LTE" rsrp="-95" rsrq="-14"/>
      </extensions>
    </trkpt>
    <trkpt lat="45.7533378" lon="10.7508723">
      <ele>118.0565697851807</ele>
      <time>2026-08-15T11:07:23.493+02:00</time>
      <extensions>
        <activity type="ON_FOOT" conf="86" state="moving" tsMs="1786784846217"/>
        <radio op="vodafone IT" rat="LTE" q="12.60" rsrp="-107" sinr="2" rsrq="-8"/>
        <radio op="I TIM" rat="LTE" rsrp="-106" rsrq="-16"/>
      </extensions>
    </trkpt>
    <trkpt lat="45.7538304" lon="10.7511261">
      <ele>118.02531489546175</ele>
      <time>2026-08-15T11:08:05.493+02:00</time>
      <extensions>
        <activity type="ON_FOOT" conf="91" state="moving" tsMs="1786784879857"/>
        <radio op="vodafone IT" rat="LTE" q="13.20" rsrp="-103" sinr="1" rsrq="-12"/>
        <radio op="I TIM" rat="LTE" rsrp="-110" rsrq="-17"/>
      </extensions>
    </trkpt>
    <trkpt lat="45.754106" lon="10.7510752">
      <ele>115.26283139384593</ele>
      <time>2026-08-15T11:08:45.493+02:00</time>
      <extensions>
        <activity type="ON_FOOT" conf="88" state="moving" tsMs="1786784921185"/>
        <radio op="vodafone IT" rat="LTE" rsrp="-91" rsrq="-11"/>
        <radio op="I TIM" rat="LTE" q="15.50" rsrp="-94" sinr="0" rsrq="-15"/>
      </extensions>
    </trkpt>
    <trkpt lat="45.754015" lon="10.751157">
      <ele>115.3690643525758</ele>
      <time>2026-08-15T11:09:47.689+02:00</time>
      <extensions>
        <activity type="UNKNOWN" conf="40" state="unknown" tsMs="1786784986756"/>
        <radio op="vodafone IT" rat="LTE" rsrp="-110" rsrq="-15"/>
        <radio op="I TIM" rat="LTE" rsrp="-104" rsrq="-15"/>
      </extensions>
    </trkpt>
    <trkpt lat="45.7539758" lon="10.7511887">
      <ele>117.5</ele>
      <time>2026-08-15T11:11:09.698+02:00</time>
      <extensions>
        <activity type="UNKNOWN" conf="40" state="unknown" tsMs="1786785066765"/>
        <radio op="vodafone IT" rat="LTE" q="13.30" rsrp="-106" sinr="2" rsrq="-13"/>
        <radio op="I TIM" rat="LTE" rsrp="-110" rsrq="-18"/>
      </extensions>
    </trkpt>
    <trkpt lat="45.753985" lon="10.7511725">
      <ele>117.30000305175781</ele>
      <time>2026-08-15T11:11:40.975+02:00</time>
      <extensions>
        <activity type="STILL" conf="47" state="still" tsMs="1786785094806"/>
        <radio op="vodafone IT" rat="LTE" q="8.50" rsrp="-108" sinr="0" rsrq="-13"/>
        <radio op="I TIM" rat="LTE" rsrp="-107" rsrq="-17"/>
      </extensions>
    </trkpt>
    <trkpt lat="45.754224" lon="10.7511567">
      <ele>117.30000305175781</ele>
      <time>2026-08-15T11:12:15.416+02:00</time>
      <extensions>
        <activity type="STILL" conf="98" state="still" tsMs="1786785128565"/>
        <radio op="vodafone IT" rat="LTE" q="16.80" rsrp="-104" sinr="3" rsrq="-13"/>
        <radio op="I TIM" rat="LTE" rsrp="-105" rsrq="-17"/>
      </extensions>
    </trkpt>
    <trkpt lat="45.7539996" lon="10.7511565">
      <ele>117.30000305175781</ele>
      <time>2026-08-15T11:12:54.345+02:00</time>
      <extensions>
        <activity type="UNKNOWN" conf="40" state="unknown" tsMs="1786785171768"/>
        <radio op="vodafone IT" rat="LTE" q="22.00" rsrp="-105" sinr="6" rsrq="-12"/>
        <radio op="I TIM" rat="LTE" rsrp="-106" rsrq="-16"/>
      </extensions>
    </trkpt>
    <trkpt lat="45.753989" lon="10.7511676">
      <ele>117.30000305175781</ele>
      <time>2026-08-15T11:13:37.432+02:00</time>
      <extensions>
        <activity type="UNKNOWN" conf="40" state="unknown" tsMs="1786785210748"/>
        <radio op="vodafone IT" rat="LTE" rsrp="-108" rsrq="-14"/>
        <radio op="I TIM" rat="LTE" rsrp="-107" rsrq="-16"/>
      </extensions>
    </trkpt>
    <trkpt lat="45.7539952" lon="10.7511574">
      <ele>117.30000305175781</ele>
      <time>2026-08-15T11:14:18.402+02:00</time>
      <extensions>
        <activity type="STILL" conf="99" state="still" tsMs="1786785255711"/>
        <radio op="vodafone IT" rat="LTE" q="9.80" rsrp="-111" sinr="2" rsrq="-13"/>
        <radio op="I TIM" rat="LTE" rsrp="-108" rsrq="-17"/>
      </extensions>
    </trkpt>
    <trkpt lat="45.7539933" lon="10.7511719">
      <ele>117.30000305175781</ele>
      <time>2026-08-15T11:14:57.333+02:00</time>
      <extensions>
        <activity type="STILL" conf="96" state="still" tsMs="1786785296309"/>
        <radio op="vodafone IT" rat="LTE" rsrp="-109" rsrq="-14"/>
        <radio op="I TIM" rat="LTE" rsrp="-108" rsrq="-17"/>
      </extensions>
    </trkpt>
    <trkpt lat="45.7536956" lon="10.7511985">
      <ele>117.30000305175781</ele>
      <time>2026-08-15T11:15:43.49+02:00</time>
      <extensions>
        <activity type="UNKNOWN" conf="40" state="unknown" tsMs="1786785336409"/>
        <radio op="vodafone IT" rat="LTE" q="12.60" rsrp="-104" sinr="1" rsrq="-12"/>
        <radio op="I TIM" rat="LTE" rsrp="-107" rsrq="-16"/>
      </extensions>
    </trkpt>
    <trkpt lat="45.7537061" lon="10.7512066">
      <ele>117.30000305175781</ele>
      <time>2026-08-15T11:16:17.383+02:00</time>
      <extensions>
        <activity type="ON_FOOT" conf="86" state="moving" tsMs="1786785371770"/>
        <radio op="vodafone IT" rat="LTE" rsrp="-105" rsrq="-14"/>
        <radio op="I TIM" rat="LTE" rsrp="-104" rsrq="-16"/>
      </extensions>
    </trkpt>
    <trkpt lat="45.7531364" lon="10.7507495">
      <ele>117.4000015258789</ele>
      <time>2026-08-15T11:16:27.626+02:00</time>
      <extensions>
        <activity type="ON_FOOT" conf="92" state="moving" tsMs="1786785387332"/>
        <radio op="vodafone IT" rat="LTE" q="16.80" rsrp="-101" sinr="2" rsrq="-11"/>
        <radio op="I TIM" rat="LTE" rsrp="-100" rsrq="-16"/>
      </extensions>
    </trkpt>
    <trkpt lat="45.7530725" lon="10.7507591">
      <ele>117.4000015258789</ele>
      <time>2026-08-15T11:16:37.494+02:00</time>
      <extensions>
        <activity type="ON_FOOT" conf="94" state="moving" tsMs="1786785394839"/>
        <radio op="vodafone IT" rat="LTE" rsrp="-108" rsrq="-15"/>
        <radio op="I TIM" rat="LTE" rsrp="-98" rsrq="-17"/>
      </extensions>
    </trkpt>
    <trkpt lat="45.7529741" lon="10.7507038">
      <ele>117.4000015258789</ele>
      <time>2026-08-15T11:16:47.494+02:00</time>
      <extensions>
        <activity type="ON_FOOT" conf="96" state="moving" tsMs="1786785405581"/>
        <radio op="vodafone IT" rat="LTE" rsrp="-101" rsrq="-12"/>
        <radio op="I TIM" rat="LTE" rsrp="-97" rsrq="-16"/>
      </extensions>
    </trkpt>
    <trkpt lat="45.7528939" lon="10.7506247">
      <ele>117.4000015258789</ele>
      <time>2026-08-15T11:16:57.494+02:00</time>
      <extensions>
        <activity type="ON_FOOT" conf="91" state="moving" tsMs="1786785416297"/>
        <radio op="vodafone IT" rat="LTE" q="23.40" rsrp="-99" sinr="4" rsrq="-10"/>
        <radio op="I TIM" rat="LTE" rsrp="-92" rsrq="-15"/>
      </extensions>
    </trkpt>
    <trkpt lat="45.752771" lon="10.7505163">
      <ele>117.4000015258789</ele>
      <time>2026-08-15T11:17:08.494+02:00</time>
      <extensions>
        <activity type="UNKNOWN" conf="40" state="unknown" tsMs="1786785427098"/>
        <radio op="vodafone IT" rat="LTE" q="13.80" rsrp="-102" sinr="1" rsrq="-12"/>
        <radio op="I TIM" rat="LTE" rsrp="-91" rsrq="-15"/>
      </extensions>
    </trkpt>
    <trkpt lat="45.7526511" lon="10.7504429">
      <ele>117.4000015258789</ele>
      <time>2026-08-15T11:17:18.494+02:00</time>
      <extensions>
        <activity type="ON_FOOT" conf="93" state="moving" tsMs="1786785437921"/>
        <radio op="vodafone IT" rat="LTE" rsrp="-102" rsrq="-14"/>
        <radio op="I TIM" rat="LTE" rsrp="-91" rsrq="-14"/>
      </extensions>
    </trkpt>
    <trkpt lat="45.7525359" lon="10.7503827">
      <ele>117.4000015258789</ele>
      <time>2026-08-15T11:17:29.494+02:00</time>
      <extensions>
        <activity type="ON_FOOT" conf="96" state="moving" tsMs="1786785448718"/>
        <radio op="vodafone IT" rat="LTE" q="13.20" rsrp="-103" sinr="1" rsrq="-13"/>
        <radio op="I TIM" rat="LTE" q="14.50" rsrp="-96" sinr="0" rsrq="-15"/>
      </extensions>
    </trkpt>
    <trkpt lat="45.7524681" lon="10.7504522">
      <ele>117.4000015258789</ele>
      <time>2026-08-15T11:17:39.494+02:00</time>
      <extensions>
        <activity type="ON_FOOT" conf="95" state="moving" tsMs="1786785459498"/>
        <radio op="vodafone IT" rat="LTE" rsrp="-107" rsrq="-14"/>
        <radio op="I TIM" rat="LTE" rsrp="-96" rsrq="-15"/>
      </extensions>
    </trkpt>
    <trkpt lat="45.7524196" lon="10.750635">
      <ele>117.4000015258789</ele>
      <time>2026-08-15T11:17:49.494+02:00</time>
      <extensions>
        <activity type="ON_FOOT" conf="91" state="moving" tsMs="1786785464856"/>
        <radio op="vodafone IT" rat="LTE" rsrp="-105" rsrq="-15"/>
        <radio op="I TIM" rat="LTE" rsrp="-96" rsrq="-15"/>
      </extensions>
    </trkpt>
    <trkpt lat="45.752372" lon="10.7507957">
      <ele>116.0</ele>
      <time>2026-08-15T11:17:59.494+02:00</time>
      <extensions>
        <activity type="ON_FOOT" conf="89" state="moving" tsMs="1786785475548"/>
        <radio op="vodafone IT" rat="LTE" rsrp="-105" rsrq="-15"/>
        <radio op="I TIM" rat="LTE" rsrp="-95" rsrq="-15"/>
      </extensions>
    </trkpt>
    <trkpt lat="45.752338" lon="10.750956">
      <ele>116.0</ele>
      <time>2026-08-15T11:18:10.494+02:00</time>
      <extensions>
        <activity type="ON_FOOT" conf="87" state="moving" tsMs="1786785486343"/>
        <radio op="vodafone IT" rat="LTE" rsrp="-108" rsrq="-16"/>
        <radio op="I TIM" rat="LTE" q="20.00" rsrp="-100" sinr="3" rsrq="-10"/>
      </extensions>
    </trkpt>
    <trkpt lat="45.7523042" lon="10.751058">
      <ele>117.0</ele>
      <time>2026-08-15T11:18:20.494+02:00</time>
      <extensions>
        <activity type="ON_FOOT" conf="97" state="moving" tsMs="1786785497020"/>
        <radio op="vodafone IT" rat="LTE" q="13.30" rsrp="-106" sinr="2" rsrq="-12"/>
        <radio op="I TIM" rat="LTE" rsrp="-96" rsrq="-15"/>
      </extensions>
    </trkpt>
    <trkpt lat="45.7523042" lon="10.7510574">
      <ele>117.0</ele>
      <time>2026-08-15T11:18:30.494+02:00</time>
      <extensions>
        <activity type="UNKNOWN" conf="40" state="unknown" tsMs="1786785507851"/>
        <radio op="vodafone IT" rat="LTE" rsrp="-103" rsrq="-12"/>
        <radio op="I TIM" rat="LTE" rsrp="-105" rsrq="-16"/>
      </extensions>
    </trkpt>
    <trkpt lat="45.7523286" lon="10.7509558">
      <ele>117.0</ele>
      <time>2026-08-15T11:18:41.494+02:00</time>
      <extensions>
        <activity type="UNKNOWN" conf="40" state="unknown" tsMs="1786785518581"/>
        <radio op="vodafone IT" rat="LTE" rsrp="-111" rsrq="-19"/>
        <radio op="I TIM" rat="LTE" rsrp="-103" rsrq="-15"/>
      </extensions>
    </trkpt>
    <trkpt lat="45.7523805" lon="10.7507855">
      <ele>114.0</ele>
      <time>2026-08-15T11:18:51.494+02:00</time>
      <extensions>
        <activity type="ON_FOOT" conf="93" state="moving" tsMs="1786785529365"/>
        <radio op="vodafone IT" rat="LTE" rsrp="-109" rsrq="-14"/>
        <radio op="I TIM" rat="LTE" rsrp="-101" rsrq="-15"/>
      </extensions>
    </trkpt>
    <trkpt lat="45.7524077" lon="10.7507103">
      <ele>116.0</ele>
      <time>2026-08-15T11:18:56.494+02:00</time>
      <extensions>
        <activity type="UNKNOWN" conf="40" state="unknown" tsMs="1786785534775"/>
        <radio op="vodafone IT" rat="LTE" rsrp="-112" rsrq="-19"/>
        <radio op="I TIM" rat="LTE" rsrp="-99" rsrq="-17"/>
      </extensions>
    </trkpt>
    <trkpt lat="45.752685" lon="10.7503897">
      <ele>117.4000015258789</ele>
      <time>2026-08-15T11:19:32.65+02:00</time>
      <extensions>
        <activity type="ON_FOOT" conf="92" state="moving" tsMs="1786785567592"/>
        <radio op="vodafone IT" rat="LTE" q="11.50" rsrp="-102" sinr="0" rsrq="-11"/>
        <radio op="I TIM" rat="LTE" rsrp="-102" rsrq="-18"/>
      </extensions>
    </trkpt>
    <trkpt lat="45.7526393" lon="10.750467">
      <ele>117.30000305175781</ele>
      <time>2026-08-15T11:20:04.143+02:00</time>
      <extensions>
        <activity type="ON_FOOT" conf="84" state="moving" tsMs="1786785599855"/>
        <radio op="vodafone IT" rat="LTE" q="13.30" rsrp="-106" sinr="2" rsrq="-12"/>
        <radio op="I TIM" rat="LTE" rsrp="-101" rsrq="-16"/>
      </extensions>
    </trkpt>
    <trkpt lat="45.75266" lon="10.7504732">
      <ele>117.30000305175781</ele>
      <time>2026-08-15T11:20:35.377+02:00</time>
      <extensions>
        <activity type="ON_FOOT" conf="88" state="moving" tsMs="1786785631327"/>
        <radio op="vodafone IT" rat="LTE" rsrp="-106" rsrq="-13"/>
        <radio op="I TIM" rat="LTE" rsrp="-94" rsrq="-14"/>
      </extensions>
    </trkpt>
    <trkpt lat="45.7526479" lon="10.7504689">
      <ele>117.30000305175781</ele>
      <time>2026-08-15T11:21:06.628+02:00</time>
      <extensions>
        <activity type="ON_FOOT" conf="91" state="moving" tsMs="1786785662591"/>
        <radio op="vodafone IT" rat="LTE" q="16.20" rsrp="-98" sinr="1" rsrq="-12"/>
        <radio op="I TIM" rat="LTE" rsrp="-101" rsrq="-16"/>
      </extensions>
    </trkpt>
    <trkpt lat="45.7526634" lon="10.7504738">
      <ele>117.4000015258789</ele>
      <time>2026-08-15T11:21:37.83+02:00</time>
      <extensions>
        <activity type="UNKNOWN" conf="40" state="unknown" tsMs="1786785693828"/>
        <radio op="vodafone IT" rat="LTE" q="22.40" rsrp="-97" sinr="3" rsrq="-11"/>
        <radio op="I TIM" rat="LTE" q="25.20" rsrp="-107" sinr="9" rsrq="-8"/>
      </extensions>
    </trkpt>
    <trkpt lat="45.7526573" lon="10.7504699">
      <ele>117.30000305175781</ele>
      <time>2026-08-15T11:22:09.183+02:00</time>
      <extensions>
        <activity type="STILL" conf="99" state="still" tsMs="1786785725015"/>
        <radio op="vodafone IT" rat="LTE" q="12.50" rsrp="-100" sinr="0" rsrq="-13"/>
        <radio op="I TIM" rat="LTE" q="24.70" rsrp="-106" sinr="8" rsrq="-8"/>
      </extensions>
    </trkpt>
    <trkpt lat="45.75266" lon="10.7504732">
      <ele>117.30000305175781</ele>
      <time>2026-08-15T11:22:40.5+02:00</time>
      <extensions>
        <activity type="UNKNOWN" conf="40" state="unknown" tsMs="1786785756323"/>
        <radio op="vodafone IT" rat="LTE" rsrp="-94" rsrq="-13"/>
        <radio op="I TIM" rat="LTE" rsrp="-101" rsrq="-16"/>
      </extensions>
    </trkpt>
    <trkpt lat="45.7531714" lon="10.7511182">
      <ele>117.30000305175781</ele>
      <time>2026-08-15T11:23:15.499+02:00</time>
      <extensions>
        <activity type="UNKNOWN" conf="40" state="unknown" tsMs="1786785800496"/>
        <radio op="vodafone IT" rat="LTE" q="16.50" rsrp="-92" sinr="0" rsrq="-12"/>
        <radio op="I TIM" rat="LTE" rsrp="-100" rsrq="-16"/>
      </extensions>
    </trkpt>
    <trkpt lat="45.7526612" lon="10.7504715">
      <ele>117.4000015258789</ele>
      <time>2026-08-15T11:24:10.399+02:00</time>
      <extensions>
        <activity type="STILL" conf="87" state="still" tsMs="1786785849617"/>
        <radio op="vodafone IT" rat="LTE" rsrp="-97" rsrq="-14"/>
        <radio op="I TIM" rat="LTE" rsrp="-98" rsrq="-13"/>
      </extensions>
    </trkpt>
    <trkpt lat="45.7532294" lon="10.7508505">
      <ele>117.30000305175781</ele>
      <time>2026-08-15T11:25:04.481+02:00</time>
      <extensions>
        <activity type="UNKNOWN" conf="40" state="unknown" tsMs="1786785914934"/>
        <radio op="vodafone IT" rat="LTE" q="17.60" rsrp="-103" sinr="3" rsrq="-13"/>
        <radio op="I TIM" rat="LTE" rsrp="-103" rsrq="-17"/>
      </extensions>
    </trkpt>
    <trkpt lat="45.7526581" lon="10.7504717">
      <ele>117.30000305175781</ele>
      <time>2026-08-15T11:25:39.829+02:00</time>
      <extensions>
        <activity type="UNKNOWN" conf="40" state="unknown" tsMs="1786785936552"/>
        <radio op="vodafone IT" rat="LTE" q="12.00" rsrp="-105" sinr="1" rsrq="-14"/>
        <radio op="I TIM" rat="LTE" q="24.00" rsrp="-105" sinr="7" rsrq="-7"/>
      </extensions>
    </trkpt>
    <trkpt lat="45.7532763" lon="10.7509691">
      <ele>117.30000305175781</ele>
      <time>2026-08-15T11:26:17.504+02:00</time>
      <extensions>
        <activity type="UNKNOWN" conf="40" state="unknown" tsMs="1786785981532"/>
        <radio op="vodafone IT" rat="LTE" q="11.50" rsrp="-102" sinr="0" rsrq="-13"/>
        <radio op="I TIM" rat="LTE" q="17.10" rsrp="-106" sinr="4" rsrq="-7"/>
      </extensions>
    </trkpt>
    <trkpt lat="45.7526417" lon="10.7504711">
      <ele>117.30000305175781</ele>
      <time>2026-08-15T11:27:06.287+02:00</time>
      <extensions>
        <activity type="UNKNOWN" conf="40" state="unknown" tsMs="1786786025194"/>
        <radio op="vodafone IT" rat="LTE" rsrp="-107" rsrq="-15"/>
        <radio op="I TIM" rat="LTE" q="9.60" rsrp="-113" sinr="3" rsrq="-7"/>
      </extensions>
    </trkpt>
    <trkpt lat="45.7526652" lon="10.7504744">
      <ele>117.4000015258789</ele>
      <time>2026-08-15T11:28:03.814+02:00</time>
      <extensions>
        <activity type="STILL" conf="90" state="still" tsMs="1786786079171"/>
        <radio op="vodafone IT" rat="LTE" rsrp="-106" rsrq="-14"/>
        <radio op="I TIM" rat="LTE" rsrp="-118" rsrq="-11"/>
      </extensions>
    </trkpt>
    <trkpt lat="45.7544985" lon="10.7510278">
      <ele>115.46042156221095</ele>
      <time>2026-08-15T11:29:21.576+02:00</time>
      <extensions>
        <activity type="ON_FOOT" conf="89" state="moving" tsMs="1786786160776"/>
        <radio op="vodafone IT" rat="LTE" q="15.30" rsrp="-108" sinr="4" rsrq="-11"/>
        <radio op="I TIM" rat="LTE" q="7.20" rsrp="-116" sinr="3" rsrq="-9"/>
      </extensions>
    </trkpt>
    <trkpt lat="45.7543692" lon="10.7507015">
      <ele>120.2055149246065</ele>
      <time>2026-08-15T11:30:20.638+02:00</time>
      <extensions>
        <activity type="ON_FOOT" conf="94" state="moving" tsMs="1786786214789"/>
        <radio op="vodafone IT" rat="LTE" q="11.20" rsrp="-111" sinr="3" rsrq="-15"/>
        <radio op="I TIM" rat="LTE" q="6.50" rsrp="-120" sinr="8" rsrq="-9"/>
      </extensions>
    </trkpt>
    <trkpt lat="45.7551249" lon="10.7506143">
      <ele>119.5</ele>
      <time>2026-08-15T11:31:37.116+02:00</time>
      <extensions>
        <activity type="ON_FOOT" conf="81" state="moving" tsMs="1786786295595"/>
        <radio op="vodafone IT" rat="LTE" q="14.40" rsrp="-107" sinr="3" rsrq="-10"/>
        <radio op="I TIM" rat="LTE" rsrp="-117" rsrq="-19"/>
      </extensions>
    </trkpt>
    <trkpt lat="45.7550558" lon="10.7505934">
      <ele>119.5</ele>
      <time>2026-08-15T11:32:20.65+02:00</time>
      <extensions>
        <activity type="ON_FOOT" conf="87" state="moving" tsMs="1786786337911"/>
        <radio op="vodafone IT" rat="LTE" rsrp="-119" rsrq="-17"/>
        <radio op="I TIM" rat="LTE" rsrp="-122" rsrq="-16"/>
      </extensions>
    </trkpt>
    <trkpt lat="45.7550826" lon="10.7505211">
      <ele>119.5</ele>
      <time>2026-08-15T11:33:08.386+02:00</time>
      <extensions>
        <activity type="UNKNOWN" conf="40" state="unknown" tsMs="1786786412782"/>
        <radio op="vodafone IT" rat="LTE" rsrq="-20"/>
        <radio op="I TIM" rat="WCDMA"/>
      </extensions>
    </trkpt>
    <trkpt lat="45.7550751" lon="10.7505772">
      <ele>119.5</ele>
      <time>2026-08-15T11:33:33.57+02:00</time>
      <extensions>
        <activity type="UNKNOWN" conf="40" state="unknown" tsMs="1786786423015"/>
        <radio op="vodafone IT" rat="LTE" rsrq="-20"/>
        <radio op="I TIM" rat="OTHER"/>
      </extensions>
    </trkpt>
    <trkpt lat="45.7550734" lon="10.7505768">
      <ele>119.5</ele>
      <time>2026-08-15T11:34:00.606+02:00</time>
      <extensions>
        <activity type="UNKNOWN" conf="40" state="unknown" tsMs="1786786428944"/>
        <radio op="vodafone IT" rat="LTE" rsrq="-20"/>
        <radio op="I TIM" rat="NR" q="20.00" rsrp="-44" sinr="0" rsrq="-3"/>
      </extensions>
    </trkpt>
    <trkpt lat="45.7552278" lon="10.7507568">
      <ele>118.9000015258789</ele>
      <time>2026-08-15T11:34:51.438+02:00</time>
      <extensions>
        <activity type="ON_FOOT" conf="86" state="moving" tsMs="1786786490167"/>
        <radio op="vodafone IT" rat="LTE" rsrq="-20"/>
        <radio op="I TIM" rat="NR" q="20.00" rsrp="-44" sinr="0" rsrq="-3"/>
      </extensions>
    </trkpt>
    <trkpt lat="45.7552142" lon="10.7507558">
      <ele>118.9000015258789</ele>
      <time>2026-08-15T11:35:27.193+02:00</time>
      <extensions>
        <activity type="UNKNOWN" conf="40" state="unknown" tsMs="1786786520148"/>
        <radio op="vodafone IT" rat="LTE" rsrq="-20"/>
        <radio op="I TIM" rat="NR" q="20.00" rsrp="-44" sinr="0" rsrq="-3"/>
      </extensions>
    </trkpt>
    <trkpt lat="45.7551592" lon="10.7507823">
      <ele>118.80000305175781</ele>
      <time>2026-08-15T11:35:57.142+02:00</time>
      <extensions>
        <activity type="UNKNOWN" conf="40" state="unknown" tsMs="1786786557707"/>
        <radio op="vodafone IT" rat="LTE" rsrp="-121" rsrq="-16"/>
        <radio op="I TIM" rat="LTE" q="3.50" rsrp="-120" sinr="2" rsrq="-15"/>
      </extensions>
    </trkpt>
    <trkpt lat="45.755153" lon="10.7507491">
      <ele>118.69999694824219</ele>
      <time>2026-08-15T11:36:27.19+02:00</time>
      <extensions>
        <activity type="UNKNOWN" conf="40" state="unknown" tsMs="1786786585602"/>
        <radio op="vodafone IT" rat="LTE" rsrp="-115" rsrq="-13"/>
        <radio op="I TIM" rat="LTE" rsrp="-117" rsrq="-16"/>
      </extensions>
    </trkpt>
    <trkpt lat="45.7551489" lon="10.750699">
      <ele>118.80000305175781</ele>
      <time>2026-08-15T11:37:09.61+02:00</time>
      <extensions>
        <activity type="STILL" conf="99" state="still" tsMs="1786786628787"/>
        <radio op="vodafone IT" rat="LTE" rsrp="-125" rsrq="-15"/>
        <radio op="I TIM" rat="LTE" rsrp="-123" rsrq="-17"/>
      </extensions>
    </trkpt>
    <trkpt lat="45.7551061" lon="10.7506517">
      <ele>119.5</ele>
      <time>2026-08-15T11:37:57.465+02:00</time>
      <extensions>
        <activity type="UNKNOWN" conf="40" state="unknown" tsMs="1786786674933"/>
        <radio op="vodafone IT" rat="LTE" rsrp="-120" rsrq="-18"/>
        <radio op="I TIM" rat="LTE" rsrp="-116" rsrq="-16"/>
      </extensions>
    </trkpt>
    <trkpt lat="45.7547222" lon="10.7507794">
      <ele>123.99349717121017</ele>
      <time>2026-08-15T11:38:39.806+02:00</time>
      <extensions>
        <activity type="ON_FOOT" conf="93" state="moving" tsMs="1786786714817"/>
        <radio op="vodafone IT" rat="LTE" q="7.50" rsrp="-110" sinr="0" rsrq="-17"/>
        <radio op="I TIM" rat="LTE" rsrp="-104" rsrq="-16"/>
      </extensions>
    </trkpt>
    <trkpt lat="45.754674" lon="10.7511172">
      <ele>117.30000305175781</ele>
      <time>2026-08-15T11:39:16.092+02:00</time>
      <extensions>
        <activity type="ON_FOOT" conf="92" state="moving" tsMs="1786786752801"/>
        <radio op="vodafone IT" rat="LTE" q="20.00" rsrp="-100" sinr="3" rsrq="-13"/>
        <radio op="I TIM" rat="LTE" rsrp="-100" rsrq="-17"/>
      </extensions>
    </trkpt>
    <trkpt lat="45.7546347" lon="10.7510527">
      <ele>117.0999984741211</ele>
      <time>2026-08-15T11:40:00.278+02:00</time>
      <extensions>
        <activity type="STILL" conf="72" state="still" tsMs="1786786797723"/>
        <radio op="vodafone IT" rat="LTE" rsrp="-106" rsrq="-13"/>
        <radio op="I TIM" rat="LTE" rsrp="-109" rsrq="-16"/>
      </extensions>
    </trkpt>
    <trkpt lat="45.7546053" lon="10.7510731">
      <ele>117.0999984741211</ele>
      <time>2026-08-15T11:40:31.97+02:00</time>
      <extensions>
        <activity type="UNKNOWN" conf="40" state="unknown" tsMs="1786786830672"/>
        <radio op="vodafone IT" rat="LTE" rsrp="-114" rsrq="-16"/>
        <radio op="I TIM" rat="LTE" q="1.00" rsrp="-123" sinr="0" rsrq="-11"/>
      </extensions>
    </trkpt>
    <trkpt lat="45.754723" lon="10.7511147">
      <ele>117.5</ele>
      <time>2026-08-15T11:41:03.337+02:00</time>
      <extensions>
        <activity type="UNKNOWN" conf="40" state="unknown" tsMs="1786786862511"/>
        <radio op="vodafone IT" rat="LTE" q="7.50" rsrp="-110" sinr="0" rsrq="-12"/>
        <radio op="I TIM" rat="LTE" rsrp="-102" rsrq="-14"/>
      </extensions>
    </trkpt>
    <trkpt lat="45.7546578" lon="10.7511159">
      <ele>117.30000305175781</ele>
      <time>2026-08-15T11:41:34.514+02:00</time>
      <extensions>
        <activity type="UNKNOWN" conf="40" state="unknown" tsMs="1786786888423"/>
        <radio op="vodafone IT" rat="LTE" rsrp="-112" rsrq="-14"/>
        <radio op="I TIM" rat="LTE" rsrp="-109" rsrq="-15"/>
      </extensions>
    </trkpt>
    <trkpt lat="45.7546808" lon="10.7511766">
      <ele>117.69999694824219</ele>
      <time>2026-08-15T11:42:03.75+02:00</time>
      <extensions>
        <activity type="UNKNOWN" conf="40" state="unknown" tsMs="1786786924874"/>
        <radio op="vodafone IT" rat="LTE" rsrp="-108" rsrq="-13"/>
        <radio op="I TIM" rat="LTE" rsrp="-105" rsrq="-15"/>
      </extensions>
    </trkpt>
    <trkpt lat="45.7546721" lon="10.751119">
      <ele>117.9000015258789</ele>
      <time>2026-08-15T11:42:36.978+02:00</time>
      <extensions>
        <activity type="STILL" conf="37" state="still" tsMs="1786786956102"/>
        <radio op="vodafone IT" rat="LTE" q="24.00" rsrp="-101" sinr="5" rsrq="-12"/>
        <radio op="I TIM" rat="LTE" rsrp="-93" rsrq="-15"/>
      </extensions>
    </trkpt>
    <trkpt lat="45.7547774" lon="10.7511414">
      <ele>117.9000015258789</ele>
      <time>2026-08-15T11:43:39.093+02:00</time>
      <extensions>
        <activity type="UNKNOWN" conf="40" state="unknown" tsMs="1786787016525"/>
        <radio op="vodafone IT" rat="LTE" rsrp="-104" rsrq="-14"/>
        <radio op="I TIM" rat="LTE" rsrp="-105" rsrq="-15"/>
      </extensions>
    </trkpt>
    <trkpt lat="45.7546339" lon="10.7511072">
      <ele>117.30000305175781</ele>
      <time>2026-08-15T11:44:10.196+02:00</time>
      <extensions>
        <activity type="STILL" conf="62" state="still" tsMs="1786787044163"/>
        <radio op="vodafone IT" rat="LTE" rsrp="-106" rsrq="-14"/>
        <radio op="I TIM" rat="LTE" rsrp="-107" rsrq="-16"/>
      </extensions>
    </trkpt>
    <trkpt lat="45.754692" lon="10.7511686">
      <ele>117.9000015258789</ele>
      <time>2026-08-15T11:44:41.948+02:00</time>
      <extensions>
        <activity type="STILL" conf="64" state="still" tsMs="1786787077365"/>
        <radio op="vodafone IT" rat="LTE" rsrp="-107" rsrq="-14"/>
        <radio op="I TIM" rat="LTE" rsrp="-102" rsrq="-16"/>
      </extensions>
    </trkpt>
    <trkpt lat="45.7546459" lon="10.7511348">
      <ele>117.4000015258789</ele>
      <time>2026-08-15T11:45:15.458+02:00</time>
      <extensions>
        <activity type="STILL" conf="99" state="still" tsMs="1786787109201"/>
        <radio op="vodafone IT" rat="LTE" rsrp="-103" rsrq="-12"/>
        <radio op="I TIM" rat="LTE" rsrp="-96" rsrq="-15"/>
      </extensions>
    </trkpt>
    <trkpt lat="45.754709" lon="10.7511803">
      <ele>117.30000305175781</ele>
      <time>2026-08-15T11:46:01.985+02:00</time>
      <extensions>
        <activity type="STILL" conf="99" state="still" tsMs="1786787156810"/>
        <radio op="vodafone IT" rat="LTE" rsrp="-102" rsrq="-14"/>
        <radio op="I TIM" rat="LTE" rsrp="-96" rsrq="-15"/>
      </extensions>
    </trkpt>
    <trkpt lat="45.7546814" lon="10.7511512">
      <ele>117.19999694824219</ele>
      <time>2026-08-15T11:46:50.669+02:00</time>
      <extensions>
        <activity type="STILL" conf="99" state="still" tsMs="1786787206799"/>
        <radio op="vodafone IT" rat="LTE" rsrp="-109" rsrq="-14"/>
        <radio op="I TIM" rat="LTE" rsrp="-103" rsrq="-15"/>
      </extensions>
    </trkpt>
    <trkpt lat="45.754648" lon="10.7511968">
      <ele>117.9000015258789</ele>
      <time>2026-08-15T11:47:02.495+02:00</time>
      <extensions>
        <activity type="STILL" conf="62" state="still" tsMs="1786787217136"/>
        <radio op="vodafone IT" rat="LTE" rsrp="-109" rsrq="-15"/>
        <radio op="I TIM" rat="LTE" rsrp="-103" rsrq="-16"/>
      </extensions>
    </trkpt>
    <trkpt lat="45.7546477" lon="10.7511968">
      <ele>117.9000015258789</ele>
      <time>2026-08-15T11:47:12.495+02:00</time>
      <extensions>
        <activity type="UNKNOWN" conf="40" state="unknown" tsMs="1786787230190"/>
        <radio op="vodafone IT" rat="LTE" rsrp="-106" rsrq="-13"/>
        <radio op="I TIM" rat="LTE" q="12.00" rsrp="-101" sinr="0" rsrq="-16"/>
      </extensions>
    </trkpt>
    <trkpt lat="45.7546477" lon="10.7511968">
      <ele>117.9000015258789</ele>
      <time>2026-08-15T11:47:23.495+02:00</time>
      <extensions>
        <activity type="STILL" conf="61" state="still" tsMs="1786787240816"/>
        <radio op="vodafone IT" rat="LTE" rsrp="-106" rsrq="-13"/>
        <radio op="I TIM" rat="LTE" rsrp="-101" rsrq="-17"/>
      </extensions>
    </trkpt>
    <trkpt lat="45.7546477" lon="10.7511968">
      <ele>117.9000015258789</ele>
      <time>2026-08-15T11:47:33.495+02:00</time>
      <extensions>
        <activity type="STILL" conf="61" state="still" tsMs="1786787251497"/>
        <radio op="vodafone IT" rat="LTE" rsrp="-107" rsrq="-15"/>
        <radio op="I TIM" rat="LTE" rsrp="-101" rsrq="-16"/>
      </extensions>
    </trkpt>
    <trkpt lat="45.754666" lon="10.7511969">
      <ele>117.69999694824219</ele>
      <time>2026-08-15T11:47:39.565+02:00</time>
      <extensions>
        <activity type="STILL" conf="43" state="still" tsMs="1786787256872"/>
        <radio op="vodafone IT" rat="LTE" rsrp="-108" rsrq="-18"/>
        <radio op="I TIM" rat="LTE" rsrp="-106" rsrq="-17"/>
      </extensions>
    </trkpt>
    <trkpt lat="45.7545948" lon="10.7510912">
      <ele>117.9000015258789</ele>
      <time>2026-08-15T11:48:14.529+02:00</time>
      <extensions>
        <activity type="STILL" conf="66" state="still" tsMs="1786787291198"/>
        <radio op="vodafone IT" rat="LTE" rsrp="-107" rsrq="-16"/>
        <radio op="I TIM" rat="LTE" rsrp="-103" rsrq="-16"/>
      </extensions>
    </trkpt>
    <trkpt lat="45.7547893" lon="10.751165">
      <ele>117.30000305175781</ele>
      <time>2026-08-15T11:48:45.881+02:00</time>
      <extensions>
        <activity type="STILL" conf="54" state="still" tsMs="1786787324943"/>
        <radio op="vodafone IT" rat="LTE" q="9.00" rsrp="-107" sinr="0" rsrq="-14"/>
        <radio op="I TIM" rat="LTE" rsrp="-106" rsrq="-17"/>
      </extensions>
    </trkpt>
    <trkpt lat="45.7546849" lon="10.7511645">
      <ele>117.9000015258789</ele>
      <time>2026-08-15T11:49:17.161+02:00</time>
      <extensions>
        <activity type="STILL" conf="53" state="still" tsMs="1786787353179"/>
        <radio op="vodafone IT" rat="LTE" rsrp="-106" rsrq="-15"/>
        <radio op="I TIM" rat="LTE" rsrp="-105" rsrq="-17"/>
      </extensions>
    </trkpt>
    <trkpt lat="45.7546396" lon="10.751163">
      <ele>117.4000015258789</ele>
      <time>2026-08-15T11:49:48.444+02:00</time>
      <extensions>
        <activity type="STILL" conf="86" state="still" tsMs="1786787384297"/>
        <radio op="vodafone IT" rat="LTE" rsrp="-108" rsrq="-15"/>
        <radio op="I TIM" rat="LTE" rsrp="-105" rsrq="-16"/>
      </extensions>
    </trkpt>
    <trkpt lat="45.7546787" lon="10.7511346">
      <ele>118.19999694824219</ele>
      <time>2026-08-15T11:50:19.506+02:00</time>
      <extensions>
        <activity type="STILL" conf="96" state="still" tsMs="1786787415514"/>
        <radio op="vodafone IT" rat="LTE" rsrp="-109" rsrq="-15"/>
        <radio op="I TIM" rat="LTE" rsrp="-103" rsrq="-17"/>
      </extensions>
    </trkpt>
    <trkpt lat="45.7546116" lon="10.7512047">
      <ele>118.19999694824219</ele>
      <time>2026-08-15T11:50:49.503+02:00</time>
      <extensions>
        <activity type="STILL" conf="45" state="still" tsMs="1786787444419"/>
        <radio op="vodafone IT" rat="LTE" rsrp="-110" rsrq="-15"/>
        <radio op="I TIM" rat="LTE" rsrp="-104" rsrq="-16"/>
      </extensions>
    </trkpt>
    <trkpt lat="45.7546135" lon="10.7512025">
      <ele>117.9000015258789</ele>
      <time>2026-08-15T11:50:59.552+02:00</time>
      <extensions>
        <activity type="UNKNOWN" conf="40" state="unknown" tsMs="1786787448748"/>
        <radio op="vodafone IT" rat="LTE" rsrp="-110" rsrq="-16"/>
        <radio op="I TIM" rat="LTE" rsrp="-102" rsrq="-16"/>
      </extensions>
    </trkpt>
    <trkpt lat="45.7546179" lon="10.7512008">
      <ele>117.19999694824219</ele>
      <time>2026-08-15T11:51:10.495+02:00</time>
      <extensions>
        <activity type="UNKNOWN" conf="40" state="unknown" tsMs="1786787448748"/>
        <radio op="vodafone IT" rat="LTE" rsrp="-111" rsrq="-15"/>
        <radio op="I TIM" rat="LTE" rsrp="-107" rsrq="-16"/>
      </extensions>
    </trkpt>
    <trkpt lat="45.754622" lon="10.7512013">
      <ele>117.9000015258789</ele>
      <time>2026-08-15T11:51:20.548+02:00</time>
      <extensions>
        <activity type="STILL" conf="49" state="still" tsMs="1786787466079"/>
        <radio op="vodafone IT" rat="LTE" rsrp="-110" rsrq="-16"/>
        <radio op="I TIM" rat="LTE" rsrp="-104" rsrq="-16"/>
      </extensions>
    </trkpt>
    <trkpt lat="45.7546224" lon="10.7512017">
      <ele>117.4000015258789</ele>
      <time>2026-08-15T11:51:30.494+02:00</time>
      <extensions>
        <activity type="STILL" conf="49" state="still" tsMs="1786787466079"/>
        <radio op="vodafone IT" rat="LTE" rsrp="-110" rsrq="-16"/>
        <radio op="I TIM" rat="LTE" rsrp="-103" rsrq="-16"/>
      </extensions>
    </trkpt>
    <trkpt lat="45.7546225" lon="10.7512024">
      <ele>117.9000015258789</ele>
      <time>2026-08-15T11:51:40.494+02:00</time>
      <extensions>
        <activity type="STILL" conf="98" state="still" tsMs="1786787484598"/>
        <radio op="vodafone IT" rat="LTE" rsrp="-111" rsrq="-17"/>
        <radio op="I TIM" rat="LTE" rsrp="-104" rsrq="-16"/>
      </extensions>
    </trkpt>
    <trkpt lat="45.7546223" lon="10.7512024">
      <ele>117.9000015258789</ele>
      <time>2026-08-15T11:51:50.507+02:00</time>
      <extensions>
        <activity type="STILL" conf="100" state="still" tsMs="1786787496882"/>
        <radio op="vodafone IT" rat="LTE" rsrp="-110" rsrq="-16"/>
        <radio op="I TIM" rat="LTE" rsrp="-103" rsrq="-16"/>
      </extensions>
    </trkpt>
    <trkpt lat="45.7546223" lon="10.7512022">
      <ele>117.9000015258789</ele>
      <time>2026-08-15T11:52:00.494+02:00</time>
      <extensions>
        <activity type="STILL" conf="100" state="still" tsMs="1786787496882"/>
        <radio op="vodafone IT" rat="LTE" rsrp="-110" rsrq="-16"/>
        <radio op="I TIM" rat="LTE" rsrp="-103" rsrq="-16"/>
      </extensions>
    </trkpt>
    <trkpt lat="45.7546214" lon="10.7512024">
      <ele>117.30000305175781</ele>
      <time>2026-08-15T11:52:10.514+02:00</time>
      <extensions>
        <activity type="STILL" conf="100" state="still" tsMs="1786787514895"/>
        <radio op="vodafone IT" rat="LTE" rsrp="-113" rsrq="-16"/>
        <radio op="I TIM" rat="LTE" rsrp="-105" rsrq="-16"/>
      </extensions>
    </trkpt>
    <trkpt lat="45.7546211" lon="10.7512023">
      <ele>117.9000015258789</ele>
      <time>2026-08-15T11:52:20.57+02:00</time>
      <extensions>
        <activity type="STILL" conf="100" state="still" tsMs="1786787532115"/>
        <radio op="vodafone IT" rat="LTE" rsrp="-111" rsrq="-16"/>
        <radio op="I TIM" rat="LTE" rsrp="-104" rsrq="-16"/>
      </extensions>
    </trkpt>
    <trkpt lat="45.7546202" lon="10.7510714">
      <ele>117.19999694824219</ele>
      <time>2026-08-15T11:55:35.881+02:00</time>
      <extensions>
        <activity type="UNKNOWN" conf="40" state="unknown" tsMs="1786787735123"/>
        <radio op="vodafone IT" rat="LTE" q="12.60" rsrp="-107" sinr="2" rsrq="-14"/>
        <radio op="I TIM" rat="LTE" rsrp="-107" rsrq="-16"/>
      </extensions>
    </trkpt>
    <trkpt lat="45.7547047" lon="10.7510975">
      <ele>117.4000015258789</ele>
      <time>2026-08-15T11:56:15.237+02:00</time>
      <extensions>
        <activity type="UNKNOWN" conf="40" state="unknown" tsMs="1786787772587"/>
        <radio op="vodafone IT" rat="LTE" q="16.80" rsrp="-101" sinr="2" rsrq="-11"/>
        <radio op="I TIM" rat="LTE" rsrp="-106" rsrq="-17"/>
      </extensions>
    </trkpt>
    <trkpt lat="45.7547555" lon="10.7504441">
      <ele>121.65289954344472</ele>
      <time>2026-08-15T11:57:05.926+02:00</time>
      <extensions>
        <activity type="ON_FOOT" conf="94" state="moving" tsMs="1786787811198"/>
        <radio op="vodafone IT" rat="LTE" rsrp="-114" rsrq="-13"/>
        <radio op="I TIM" rat="LTE" rsrp="-110" rsrq="-16"/>
      </extensions>
    </trkpt>
    <trkpt lat="45.7540879" lon="10.7506638">
      <ele>126.86212681187317</ele>
      <time>2026-08-15T11:58:19.502+02:00</time>
      <extensions>
        <activity type="ON_FOOT" conf="86" state="moving" tsMs="1786787898401"/>
        <radio op="vodafone IT" rat="LTE" q="10.00" rsrp="-105" sinr="0" rsrq="-12"/>
        <radio op="I TIM" rat="LTE" rsrp="-106" rsrq="-15"/>
      </extensions>
    </trkpt>
    <trkpt lat="45.7540877" lon="10.7506641">
      <ele>126.86212681187317</ele>
      <time>2026-08-15T11:58:19.595+02:00</time>
      <extensions>
        <activity type="ON_FOOT" conf="86" state="moving" tsMs="1786787898401"/>
        <radio op="vodafone IT" rat="LTE" q="31.50" rsrp="-104" sinr="10" rsrq="-14"/>
        <radio op="I TIM" rat="LTE" rsrp="-108" rsrq="-17"/>
      </extensions>
    </trkpt>
    <trkpt lat="45.7526582" lon="10.7504749">
      <ele>121.19482654425906</ele>
      <time>2026-08-15T11:59:43.644+02:00</time>
      <extensions>
        <activity type="ON_FOOT" conf="91" state="moving" tsMs="1786787982061"/>
        <radio op="vodafone IT" rat="LTE" rsrp="-103" rsrq="-13"/>
        <radio op="I TIM" rat="LTE" rsrp="-96" rsrq="-17"/>
      </extensions>
    </trkpt>
    <trkpt lat="45.7526426" lon="10.7499053">
      <ele>120.02763472082822</ele>
      <time>2026-08-15T12:00:25.352+02:00</time>
      <extensions>
        <activity type="ON_FOOT" conf="87" state="moving" tsMs="1786788019735"/>
        <radio op="vodafone IT" rat="LTE" rsrp="-103" rsrq="-13"/>
        <radio op="I TIM" rat="LTE" rsrp="-97" rsrq="-16"/>
      </extensions>
    </trkpt>
    <trkpt lat="45.7529775" lon="10.7496014">
      <ele>120.2693971619903</ele>
      <time>2026-08-15T12:01:19.117+02:00</time>
      <extensions>
        <activity type="ON_FOOT" conf="89" state="moving" tsMs="1786788076249"/>
        <radio op="vodafone IT" rat="LTE" rsrp="-118" rsrq="-14"/>
        <radio op="I TIM" rat="LTE" rsrp="-111" rsrq="-16"/>
      </extensions>
    </trkpt>
    <trkpt lat="45.7547737" lon="10.7503292">
      <ele>124.96427041741492</ele>
      <time>2026-08-15T12:02:00.77+02:00</time>
      <extensions>
        <activity type="ON_FOOT" conf="81" state="moving" tsMs="1786788115799"/>
        <radio op="vodafone IT" rat="LTE" rsrp="-115" rsrq="-16"/>
        <radio op="I TIM" rat="LTE" rsrp="-114" rsrq="-17"/>
      </extensions>
    </trkpt>
    <trkpt lat="45.7528986" lon="10.749623">
      <ele>119.80000305175781</ele>
      <time>2026-08-15T12:02:55.67+02:00</time>
      <extensions>
        <activity type="ON_FOOT" conf="89" state="moving" tsMs="1786788169842"/>
        <radio op="vodafone IT" rat="LTE" q="4.20" rsrp="-118" sinr="1" rsrq="-16"/>
        <radio op="I TIM" rat="LTE" rsrp="-113" rsrq="-18"/>
      </extensions>
    </trkpt>
    <trkpt lat="45.7527827" lon="10.748493">
      <ele>122.0</ele>
      <time>2026-08-15T12:04:03.3+02:00</time>
      <extensions>
        <activity type="ON_FOOT" conf="96" state="moving" tsMs="1786788241804"/>
        <radio op="vodafone IT" rat="LTE" rsrp="-117" rsrq="-17"/>
        <radio op="I TIM" rat="LTE" q="6.50" rsrp="-112" sinr="0" rsrq="-15"/>
      </extensions>
    </trkpt>
    <trkpt lat="45.7529789" lon="10.7486343">
      <ele>124.5</ele>
      <time>2026-08-15T12:05:10.474+02:00</time>
      <extensions>
        <activity type="STILL" conf="99" state="still" tsMs="1786788304140"/>
        <radio op="vodafone IT" rat="LTE" rsrp="-117" rsrq="-14"/>
        <radio op="I TIM" rat="LTE" rsrp="-122" rsrq="-16"/>
      </extensions>
    </trkpt>
    <trkpt lat="45.7531224" lon="10.7487633">
      <ele>124.5999984741211</ele>
      <time>2026-08-15T12:06:20.413+02:00</time>
      <extensions>
        <activity type="STILL" conf="99" state="still" tsMs="1786788376207"/>
        <radio op="vodafone IT" rat="LTE" rsrp="-119" rsrq="-14"/>
        <radio op="I TIM" rat="LTE" q="2.00" rsrp="-121" sinr="0" rsrq="-16"/>
      </extensions>
    </trkpt>
    <trkpt lat="45.7531067" lon="10.748773">
      <ele>124.5</ele>
      <time>2026-08-15T12:07:16.37+02:00</time>
      <extensions>
        <activity type="STILL" conf="99" state="still" tsMs="1786788435193"/>
        <radio op="vodafone IT" rat="LTE" rsrp="-118" rsrq="-14"/>
        <radio op="I TIM" rat="LTE" rsrp="-121" rsrq="-15"/>
      </extensions>
    </trkpt>
    <trkpt lat="45.7530471" lon="10.7488744">
      <ele>124.5</ele>
      <time>2026-08-15T12:08:14.555+02:00</time>
      <extensions>
        <activity type="UNKNOWN" conf="40" state="unknown" tsMs="1786788487412"/>
        <radio op="vodafone IT" rat="LTE" q="0.00" rsrp="-126" sinr="6" rsrq="-15"/>
        <radio op="I TIM" rat="LTE" rsrp="-119" rsrq="-15"/>
      </extensions>
    </trkpt>
    <trkpt lat="45.7530203" lon="10.7488775">
      <ele>124.4000015258789</ele>
      <time>2026-08-15T12:08:58.707+02:00</time>
      <extensions>
        <activity type="STILL" conf="59" state="still" tsMs="1786788537231"/>
        <radio op="vodafone IT" rat="LTE" q="2.40" rsrp="-123" sinr="7" rsrq="-13"/>
        <radio op="I TIM" rat="LTE" rsrp="-125" rsrq="-16"/>
      </extensions>
    </trkpt>
    <trkpt lat="45.753121" lon="10.7487035">
      <ele>124.5999984741211</ele>
      <time>2026-08-15T12:09:50.439+02:00</time>
      <extensions>
        <activity type="STILL" conf="96" state="still" tsMs="1786788586169"/>
        <radio op="vodafone IT" rat="LTE" rsrp="-128" rsrq="-15"/>
        <radio op="I TIM" rat="LTE" rsrp="-125" rsrq="-16"/>
      </extensions>
    </trkpt>
    <trkpt lat="45.7530886" lon="10.7486568">
      <ele>124.5</ele>
      <time>2026-08-15T12:10:22.636+02:00</time>
      <extensions>
        <activity type="STILL" conf="93" state="still" tsMs="1786788618211"/>
        <radio op="vodafone IT" rat="LTE" q="0.00" rsrp="-127" sinr="0" rsrq="-17"/>
        <radio op="I TIM" rat="LTE" rsrp="-122" rsrq="-15"/>
      </extensions>
    </trkpt>
    <trkpt lat="45.7529508" lon="10.7494066">
      <ele>124.5999984741211</ele>
      <time>2026-08-15T12:11:08.971+02:00</time>
      <extensions>
        <activity type="UNKNOWN" conf="40" state="unknown" tsMs="1786788659207"/>
        <radio op="vodafone IT" rat="LTE" rsrp="-115" rsrq="-14"/>
        <radio op="I TIM" rat="LTE" rsrp="-109" rsrq="-15"/>
      </extensions>
    </trkpt>
    <trkpt lat="45.7532168" lon="10.7487177">
      <ele>123.4000015258789</ele>
      <time>2026-08-15T12:12:01.374+02:00</time>
      <extensions>
        <activity type="ON_FOOT" conf="83" state="moving" tsMs="1786788717860"/>
        <radio op="vodafone IT" rat="LTE" rsrp="-106" rsrq="-13"/>
        <radio op="I TIM" rat="LTE" rsrp="-114" rsrq="-16"/>
      </extensions>
    </trkpt>
    <trkpt lat="45.7530023" lon="10.7489741">
      <ele>120.80000305175781</ele>
      <time>2026-08-15T12:12:32.614+02:00</time>
      <extensions>
        <activity type="ON_FOOT" conf="94" state="moving" tsMs="1786788746507"/>
        <radio op="vodafone IT" rat="LTE" rsrp="-120" rsrq="-15"/>
        <radio op="I TIM" rat="LTE" rsrp="-112" rsrq="-16"/>
      </extensions>
    </trkpt>
    <trkpt lat="45.7528674" lon="10.7493968">
      <ele>120.87070649928928</ele>
      <time>2026-08-15T12:13:03.878+02:00</time>
      <extensions>
        <activity type="ON_FOOT" conf="91" state="moving" tsMs="1786788777773"/>
        <radio op="vodafone IT" rat="LTE" q="7.80" rsrp="-112" sinr="1" rsrq="-12"/>
        <radio op="I TIM" rat="LTE" rsrp="-111" rsrq="-16"/>
      </extensions>
    </trkpt>
    <trkpt lat="45.7526661" lon="10.7500097">
      <ele>122.20478372963615</ele>
      <time>2026-08-15T12:13:35.186+02:00</time>
      <extensions>
        <activity type="ON_FOOT" conf="91" state="moving" tsMs="1786788814343"/>
        <radio op="vodafone IT" rat="LTE" q="12.60" rsrp="-107" sinr="2" rsrq="-12"/>
        <radio op="I TIM" rat="LTE" rsrp="-100" rsrq="-15"/>
      </extensions>
    </trkpt>
    <trkpt lat="45.7526893" lon="10.7504851">
      <ele>120.15631524634654</ele>
      <time>2026-08-15T12:14:24.54+02:00</time>
      <extensions>
        <activity type="ON_FOOT" conf="94" state="moving" tsMs="1786788862819"/>
        <radio op="vodafone IT" rat="LTE" rsrp="-111" rsrq="-15"/>
        <radio op="I TIM" rat="LTE" rsrp="-100" rsrq="-15"/>
      </extensions>
    </trkpt>
    <trkpt lat="45.7526483" lon="10.7504736">
      <ele>120.80000305175781</ele>
      <time>2026-08-15T12:15:01.115+02:00</time>
      <extensions>
        <activity type="ON_FOOT" conf="89" state="moving" tsMs="1786788895842"/>
        <radio op="vodafone IT" rat="LTE" rsrp="-114" rsrq="-17"/>
        <radio op="I TIM" rat="LTE" rsrp="-105" rsrq="-15"/>
      </extensions>
    </trkpt>
    <trkpt lat="45.7526581" lon="10.7504717">
      <ele>120.80000305175781</ele>
      <time>2026-08-15T12:15:50.568+02:00</time>
      <extensions>
        <activity type="UNKNOWN" conf="40" state="unknown" tsMs="1786788944502"/>
        <radio op="vodafone IT" rat="LTE" rsrp="-110" rsrq="-13"/>
        <radio op="I TIM" rat="LTE" rsrp="-101" rsrq="-15"/>
      </extensions>
    </trkpt>
    <trkpt lat="45.7533064" lon="10.7506947">
      <ele>119.82425457694164</ele>
      <time>2026-08-15T12:16:37.501+02:00</time>
      <extensions>
        <activity type="STILL" conf="100" state="still" tsMs="1786788996669"/>
        <radio op="vodafone IT" rat="LTE" q="5.00" rsrp="-115" sinr="0" rsrq="-14"/>
        <radio op="I TIM" rat="LTE" rsrp="-108" rsrq="-15"/>
      </extensions>
    </trkpt>
    <trkpt lat="45.7533293" lon="10.7506673">
      <ele>117.30000305175781</ele>
      <time>2026-08-15T12:17:04.496+02:00</time>
      <extensions>
        <activity type="STILL" conf="98" state="still" tsMs="1786789021203"/>
        <radio op="vodafone IT" rat="LTE" rsrp="-112" rsrq="-13"/>
        <radio op="I TIM" rat="LTE" rsrp="-105" rsrq="-15"/>
      </extensions>
    </trkpt>
    <trkpt lat="45.7533292" lon="10.7506671">
      <ele>119.07670514419368</ele>
      <time>2026-08-15T12:17:58.076+02:00</time>
      <extensions>
        <activity type="STILL" conf="76" state="still" tsMs="1786789076818"/>
        <radio op="vodafone IT" rat="LTE" rsrp="-109" rsrq="-14"/>
        <radio op="I TIM" rat="LTE" rsrp="-107" rsrq="-15"/>
      </extensions>
    </trkpt>
    <trkpt lat="45.7526483" lon="10.7504736">
      <ele>117.4000015258789</ele>
      <time>2026-08-15T12:19:17.794+02:00</time>
      <extensions>
        <activity type="UNKNOWN" conf="40" state="unknown" tsMs="1786789152832"/>
        <radio op="vodafone IT" rat="LTE" rsrp="-109" rsrq="-15"/>
        <radio op="I TIM" rat="LTE" rsrp="-107" rsrq="-16"/>
      </extensions>
    </trkpt>
    <trkpt lat="45.7533007" lon="10.7505363">
      <ele>117.30000305175781</ele>
      <time>2026-08-15T12:20:01.505+02:00</time>
      <extensions>
        <activity type="STILL" conf="64" state="still" tsMs="1786789206478"/>
        <radio op="vodafone IT" rat="LTE" q="9.50" rsrp="-106" sinr="0" rsrq="-15"/>
        <radio op="I TIM" rat="LTE" rsrp="-108" rsrq="-17"/>
      </extensions>
    </trkpt>
    <trkpt lat="45.7532871" lon="10.750763">
      <ele>117.4000015258789</ele>
      <time>2026-08-15T12:20:21.556+02:00</time>
      <extensions>
        <activity type="STILL" conf="72" state="still" tsMs="1786789211857"/>
        <radio op="vodafone IT" rat="LTE" q="18.90" rsrp="-104" sinr="4" rsrq="-13"/>
        <radio op="I TIM" rat="LTE" rsrp="-104" rsrq="-17"/>
      </extensions>
    </trkpt>
    <trkpt lat="45.753289" lon="10.7507596">
      <ele>117.30000305175781</ele>
      <time>2026-08-15T12:20:31.498+02:00</time>
      <extensions>
        <activity type="UNKNOWN" conf="40" state="unknown" tsMs="1786789230030"/>
        <radio op="vodafone IT" rat="LTE" rsrp="-106" rsrq="-14"/>
        <radio op="I TIM" rat="LTE" rsrp="-103" rsrq="-16"/>
      </extensions>
    </trkpt>
    <trkpt lat="45.7532886" lon="10.7507596">
      <ele>117.4000015258789</ele>
      <time>2026-08-15T12:20:41.572+02:00</time>
      <extensions>
        <activity type="UNKNOWN" conf="40" state="unknown" tsMs="1786789235234"/>
        <radio op="vodafone IT" rat="LTE" rsrp="-108" rsrq="-15"/>
        <radio op="I TIM" rat="LTE" rsrp="-102" rsrq="-15"/>
      </extensions>
    </trkpt>
    <trkpt lat="45.7526361" lon="10.7504594">
      <ele>117.30000305175781</ele>
      <time>2026-08-15T12:21:12.935+02:00</time>
      <extensions>
        <activity type="UNKNOWN" conf="40" state="unknown" tsMs="1786789267000"/>
        <radio op="vodafone IT" rat="LTE" rsrp="-117" rsrq="-16"/>
        <radio op="I TIM" rat="LTE" rsrp="-108" rsrq="-15"/>
      </extensions>
    </trkpt>
    <trkpt lat="45.7509508" lon="10.748705">
      <ele>129.7185108532588</ele>
      <time>2026-08-15T12:23:38.159+02:00</time>
      <extensions>
        <activity type="IN_VEHICLE" conf="96" state="moving" tsMs="1786789409754"/>
        <radio op="vodafone IT" rat="LTE" rsrq="-24"/>
        <radio op="I TIM" rat="OTHER"/>
      </extensions>
    </trkpt>
    <trkpt lat="45.7283485" lon="10.7189917">
      <ele>121.79509912484713</ele>
      <time>2026-08-15T12:26:13.645+02:00</time>
      <extensions>
        <activity type="IN_VEHICLE" conf="96" state="moving" tsMs="1786789571243"/>
        <radio op="vodafone IT" rat="LTE" q="19.00" rsrp="-87" sinr="0" rsrq="-12"/>
        <radio op="I TIM" rat="LTE" rsrp="-136" rsrq="-24"/>
      </extensions>
    </trkpt>
    <trkpt lat="45.7286029" lon="10.7194661">
      <ele>128.39931814851866</ele>
      <time>2026-08-15T12:26:28.149+02:00</time>
      <extensions>
        <activity type="IN_VEHICLE" conf="97" state="moving" tsMs="1786789585895"/>
        <radio op="vodafone IT" rat="LTE" q="12.50" rsrp="-100" sinr="0" rsrq="-12"/>
        <radio op="I TIM" rat="LTE" rsrq="-20"/>
      </extensions>
    </trkpt>
    <trkpt lat="45.7178066" lon="10.7059519">
      <ele>187.80760434924957</ele>
      <time>2026-08-15T12:28:10.498+02:00</time>
      <extensions>
        <activity type="IN_VEHICLE" conf="97" state="moving" tsMs="1786789700670"/>
        <radio op="vodafone IT" rat="LTE" q="10.80" rsrp="-113" sinr="4" rsrq="-11"/>
        <radio op="I TIM" rat="LTE" rsrp="-108" rsrq="-18"/>
      </extensions>
    </trkpt>
    <trkpt lat="45.7124577" lon="10.6999769">
      <ele>222.80251654303117</ele>
      <time>2026-08-15T12:28:55.497+02:00</time>
      <extensions>
        <activity type="IN_VEHICLE" conf="96" state="moving" tsMs="1786789731972"/>
        <radio op="vodafone IT" rat="LTE" q="1.40" rsrp="-123" sinr="2" rsrq="-12"/>
        <radio op="I TIM" rat="LTE" rsrp="-138" rsrq="-23"/>
      </extensions>
    </trkpt>
    <trkpt lat="45.7082226" lon="10.6916769">
      <ele>229.92343451393742</ele>
      <time>2026-08-15T12:29:45.497+02:00</time>
      <extensions>
        <activity type="IN_VEHICLE" conf="96" state="moving" tsMs="1786789779774"/>
        <radio op="vodafone IT" rat="LTE" rsrp="-136" rsrq="-22"/>
        <radio op="I TIM" rat="LTE" rsrp="-122" rsrq="-17"/>
      </extensions>
    </trkpt>
    <trkpt lat="45.7082226" lon="10.6916769">
      <ele>214.8450603403703</ele>
      <time>2026-08-15T12:30:25.106+02:00</time>
      <extensions>
        <activity type="IN_VEHICLE" conf="96" state="moving" tsMs="1786789822668"/>
        <radio op="vodafone IT" rat="LTE" rsrp="-102" rsrq="-16"/>
        <radio op="I TIM" rat="LTE" rsrp="-134" rsrq="-23"/>
      </extensions>
    </trkpt>
    <trkpt lat="45.7082226" lon="10.6916769">
      <ele>212.57505355937542</ele>
      <time>2026-08-15T12:30:36.278+02:00</time>
      <extensions>
        <activity type="IN_VEHICLE" conf="96" state="moving" tsMs="1786789822668"/>
        <radio op="vodafone IT" rat="LTE" rsrp="-108" rsrq="-19"/>
        <radio op="I TIM" rat="LTE" q="4.90" rsrp="-118" sinr="2" rsrq="-16"/>
      </extensions>
    </trkpt>
    <trkpt lat="45.6990051" lon="10.6755341">
      <ele>185.06576483835522</ele>
      <time>2026-08-15T12:31:30.497+02:00</time>
      <extensions>
        <activity type="IN_VEHICLE" conf="96" state="moving" tsMs="1786789890213"/>
        <radio op="vodafone IT" rat="LTE" q="8.10" rsrp="-116" sinr="4" rsrq="-13"/>
        <radio op="I TIM" rat="LTE" q="13.20" rsrp="-119" sinr="17" rsrq="-15"/>
      </extensions>
    </trkpt>
    <trkpt lat="45.6957577" lon="10.6700593">
      <ele>168.10000610351562</ele>
      <time>2026-08-15T12:32:02.587+02:00</time>
      <extensions>
        <activity type="IN_VEHICLE" conf="97" state="moving" tsMs="1786789917834"/>
        <radio op="vodafone IT" rat="LTE" rsrp="-115" rsrq="-17"/>
        <radio op="I TIM" rat="LTE" q="8.10" rsrp="-116" sinr="4" rsrq="-14"/>
      </extensions>
    </trkpt>
    <trkpt lat="45.6917253" lon="10.6661245">
      <ele>148.40000915527344</ele>
      <time>2026-08-15T12:32:48.193+02:00</time>
      <extensions>
        <activity type="IN_VEHICLE" conf="97" state="moving" tsMs="1786789967160"/>
        <radio op="vodafone IT" rat="LTE" q="41.60" rsrp="-99" sinr="11" rsrq="-10"/>
        <radio op="I TIM" rat="LTE" q="18.90" rsrp="-98" sinr="2" rsrq="-14"/>
      </extensions>
    </trkpt>
    <trkpt lat="45.6886866" lon="10.6619999">
      <ele>134.55610176097088</ele>
      <time>2026-08-15T12:33:28.058+02:00</time>
      <extensions>
        <activity type="IN_VEHICLE" conf="96" state="moving" tsMs="1786790001949"/>
        <radio op="vodafone IT" rat="LTE" q="16.80" rsrp="-101" sinr="2" rsrq="-11"/>
        <radio op="I TIM" rat="LTE" rsrp="-94" rsrq="-13"/>
      </extensions>
    </trkpt>
    <trkpt lat="45.6875129" lon="10.6599114">
      <ele>145.467625693244</ele>
      <time>2026-08-15T12:34:05.498+02:00</time>
      <extensions>
        <activity type="IN_VEHICLE" conf="97" state="moving" tsMs="1786790048614"/>
        <radio op="vodafone IT" rat="LTE" q="29.70" rsrp="-98" sinr="6" rsrq="-10"/>
        <radio op="I TIM" rat="LTE" q="35.20" rsrp="-103" sinr="11" rsrq="-14"/>
      </extensions>
    </trkpt>
    <trkpt lat="45.6850491" lon="10.6562676">
      <ele>165.37540457759383</ele>
      <time>2026-08-15T12:34:45.497+02:00</time>
      <extensions>
        <activity type="IN_VEHICLE" conf="96" state="moving" tsMs="1786790085152"/>
        <radio op="vodafone IT" rat="LTE" q="7.00" rsrp="-115" sinr="2" rsrq="-13"/>
        <radio op="I TIM" rat="LTE" q="21.60" rsrp="-113" sinr="13" rsrq="-12"/>
      </extensions>
    </trkpt>
    <trkpt lat="45.6833522" lon="10.6513356">
      <ele>192.57085797848669</ele>
      <time>2026-08-15T12:35:38.497+02:00</time>
      <extensions>
        <activity type="IN_VEHICLE" conf="96" state="moving" tsMs="1786790138256"/>
        <radio op="vodafone IT" rat="LTE" q="11.00" rsrp="-103" sinr="0" rsrq="-13"/>
        <radio op="I TIM" rat="LTE" q="11.70" rsrp="-116" sinr="8" rsrq="-13"/>
      </extensions>
    </trkpt>
    <trkpt lat="45.6810627" lon="10.6494459">
      <ele>208.7166793427836</ele>
      <time>2026-08-15T12:36:13.497+02:00</time>
      <extensions>
        <activity type="IN_VEHICLE" conf="97" state="moving" tsMs="1786790168204"/>
        <radio op="vodafone IT" rat="LTE" rsrp="-114" rsrq="-19"/>
        <radio op="I TIM" rat="LTE" q="14.30" rsrp="-112" sinr="6" rsrq="-12"/>
      </extensions>
    </trkpt>
    <trkpt lat="45.6818909" lon="10.6494849">
      <ele>229.33769823301756</ele>
      <time>2026-08-15T12:36:57.497+02:00</time>
      <extensions>
        <activity type="IN_VEHICLE" conf="96" state="moving" tsMs="1786790216866"/>
        <radio op="vodafone IT" rat="LTE" rsrp="-119" rsrq="-19"/>
        <radio op="I TIM" rat="LTE" q="7.70" rsrp="-118" sinr="6" rsrq="-14"/>
      </extensions>
    </trkpt>
    <trkpt lat="45.6847488" lon="10.6515801">
      <ele>251.22845882370987</ele>
      <time>2026-08-15T12:37:35.497+02:00</time>
      <extensions>
        <activity type="IN_VEHICLE" conf="97" state="moving" tsMs="1786790262204"/>
        <radio op="vodafone IT" rat="LTE" rsrp="-112" rsrq="-17"/>
        <radio op="I TIM" rat="LTE" q="7.20" rsrp="-113" sinr="1" rsrq="-13"/>
      </extensions>
    </trkpt>
    <trkpt lat="45.6871647" lon="10.6541979">
      <ele>273.89971688093794</ele>
      <time>2026-08-15T12:38:09.497+02:00</time>
      <extensions>
        <activity type="IN_VEHICLE" conf="97" state="moving" tsMs="1786790284227"/>
        <radio op="vodafone IT" rat="LTE" rsrp="-119" rsrq="-21"/>
        <radio op="I TIM" rat="LTE" q="3.00" rsrp="-119" sinr="0" rsrq="-15"/>
      </extensions>
    </trkpt>
    <trkpt lat="45.6903456" lon="10.6562035">
      <ele>313.6904641401445</ele>
      <time>2026-08-15T12:39:08.497+02:00</time>
      <extensions>
        <activity type="IN_VEHICLE" conf="96" state="moving" tsMs="1786790348811"/>
        <radio op="vodafone IT" rat="LTE" rsrp="-119" rsrq="-13"/>
        <radio op="I TIM" rat="LTE" q="5.40" rsrp="-116" sinr="1" rsrq="-12"/>
      </extensions>
    </trkpt>
    <trkpt lat="45.6869595" lon="10.6518559">
      <ele>343.8872514355733</ele>
      <time>2026-08-15T12:39:49.497+02:00</time>
      <extensions>
        <activity type="IN_VEHICLE" conf="96" state="moving" tsMs="1786790385178"/>
        <radio op="vodafone IT" rat="LTE" rsrp="-106" rsrq="-17"/>
        <radio op="I TIM" rat="LTE" q="14.40" rsrp="-113" sinr="7" rsrq="-13"/>
      </extensions>
    </trkpt>
    <trkpt lat="45.6846537" lon="10.6473894">
      <ele>371.30901866434385</ele>
      <time>2026-08-15T12:40:44.498+02:00</time>
      <extensions>
        <activity type="IN_VEHICLE" conf="96" state="moving" tsMs="1786790443801"/>
        <radio op="vodafone IT" rat="LTE" rsrp="-119" rsrq="-16"/>
        <radio op="I TIM" rat="LTE" rsrp="-119" rsrq="-13"/>
      </extensions>
    </trkpt>
    <trkpt lat="45.6854935" lon="10.648001">
      <ele>393.33033462763296</ele>
      <time>2026-08-15T12:41:18.498+02:00</time>
      <extensions>
        <activity type="IN_VEHICLE" conf="96" state="moving" tsMs="1786790477988"/>
        <radio op="vodafone IT" rat="LTE" rsrp="-109" rsrq="-14"/>
        <radio op="I TIM" rat="LTE" q="6.50" rsrp="-112" sinr="0" rsrq="-13"/>
      </extensions>
    </trkpt>
    <trkpt lat="45.6889224" lon="10.6471669">
      <ele>461.0254380583378</ele>
      <time>2026-08-15T12:42:59.498+02:00</time>
      <extensions>
        <activity type="IN_VEHICLE" conf="97" state="moving" tsMs="1786790586663"/>
        <radio op="vodafone IT" rat="LTE" rsrp="-122" rsrq="-17"/>
        <radio op="I TIM" rat="LTE" q="7.20" rsrp="-113" sinr="1" rsrq="-12"/>
      </extensions>
    </trkpt>
    <trkpt lat="45.6916022" lon="10.6503905">
      <ele>482.9198081160763</ele>
      <time>2026-08-15T12:43:38.498+02:00</time>
      <extensions>
        <activity type="IN_VEHICLE" conf="96" state="moving" tsMs="1786790618272"/>
        <radio op="vodafone IT" rat="LTE" rsrp="-114" rsrq="-14"/>
        <radio op="I TIM" rat="LTE" rsrp="-122" rsrq="-16"/>
      </extensions>
    </trkpt>
    <trkpt lat="45.6920634" lon="10.6523646">
      <ele>489.5361627883459</ele>
      <time>2026-08-15T12:44:17.922+02:00</time>
      <extensions>
        <activity type="IN_VEHICLE" conf="95" state="moving" tsMs="1786790656969"/>
        <radio op="vodafone IT" rat="LTE" rsrp="-104" rsrq="-15"/>
        <radio op="I TIM" rat="LTE" rsrp="-103" rsrq="-13"/>
      </extensions>
    </trkpt>
    <trkpt lat="45.6919728" lon="10.6523076">
      <ele>489.9856237705558</ele>
      <time>2026-08-15T12:44:29.498+02:00</time>
      <extensions>
        <activity type="IN_VEHICLE" conf="95" state="moving" tsMs="1786790656969"/>
        <radio op="vodafone IT" rat="LTE" rsrp="-108" rsrq="-16"/>
        <radio op="I TIM" rat="LTE" rsrp="-118" rsrq="-22"/>
      </extensions>
    </trkpt>
    <trkpt lat="45.6919728" lon="10.6523076">
      <ele>489.62810767499866</ele>
      <time>2026-08-15T12:44:39.498+02:00</time>
      <extensions>
        <activity type="UNKNOWN" conf="40" state="unknown" tsMs="1786790661345"/>
        <radio op="vodafone IT" rat="LTE" q="11.00" rsrp="-103" sinr="0" rsrq="-13"/>
        <radio op="I TIM" rat="LTE" rsrp="-119" rsrq="-23"/>
      </extensions>
    </trkpt>
    <trkpt lat="45.6919728" lon="10.6523076">
      <ele>500.4000244140625</ele>
      <time>2026-08-15T12:44:49.498+02:00</time>
      <extensions>
        <activity type="UNKNOWN" conf="40" state="unknown" tsMs="1786790661345"/>
        <radio op="vodafone IT" rat="LTE" q="14.00" rsrp="-105" sinr="2" rsrq="-14"/>
        <radio op="I TIM" rat="LTE" rsrp="-119" rsrq="-22"/>
      </extensions>
    </trkpt>
    <trkpt lat="45.6919728" lon="10.6523076">
      <ele>500.4000244140625</ele>
      <time>2026-08-15T12:44:51.498+02:00</time>
      <extensions>
        <activity type="UNKNOWN" conf="40" state="unknown" tsMs="1786790683602"/>
        <radio op="vodafone IT" rat="LTE" rsrp="-113" rsrq="-17"/>
        <radio op="I TIM" rat="LTE" rsrp="-117" rsrq="-23"/>
      </extensions>
    </trkpt>
    <trkpt lat="45.69139" lon="10.6508881">
      <ele>493.68291705768775</ele>
      <time>2026-08-15T12:45:42.497+02:00</time>
      <extensions>
        <activity type="IN_VEHICLE" conf="96" state="moving" tsMs="1786790733956"/>
        <radio op="vodafone IT" rat="LTE" rsrp="-120" rsrq="-15"/>
        <radio op="I TIM" rat="LTE" q="12.00" rsrp="-110" sinr="3" rsrq="-14"/>
      </extensions>
    </trkpt>
    <trkpt lat="45.6914193" lon="10.6510363">
      <ele>492.8479957462426</ele>
      <time>2026-08-15T12:45:44.497+02:00</time>
      <extensions>
        <activity type="IN_VEHICLE" conf="97" state="moving" tsMs="1786790758251"/>
        <radio op="vodafone IT" rat="LTE" rsrp="-121" rsrq="-20"/>
        <radio op="I TIM" rat="LTE" rsrp="-120" rsrq="-20"/>
      </extensions>
    </trkpt>
    <trkpt lat="45.6913956" lon="10.6520707">
      <ele>474.70001220703125</ele>
      <time>2026-08-15T12:46:14.497+02:00</time>
      <extensions>
        <activity type="TILTING" conf="100" state="moving" tsMs="1786790765466"/>
        <radio op="vodafone IT" rat="LTE" rsrp="-115" rsrq="-18"/>
        <radio op="I TIM" rat="LTE" rsrp="-114" rsrq="-21"/>
      </extensions>
    </trkpt>
    <trkpt lat="45.6916052" lon="10.6510799">
      <ele>483.8179801082429</ele>
      <time>2026-08-15T12:46:49.497+02:00</time>
      <extensions>
        <activity type="IN_VEHICLE" conf="96" state="moving" tsMs="1786790804134"/>
        <radio op="vodafone IT" rat="OTHER"/>
        <radio op="I TIM" rat="LTE" rsrp="-114" rsrq="-15"/>
      </extensions>
    </trkpt>
    <trkpt lat="45.6895134" lon="10.6481026">
      <ele>477.6759055608818</ele>
      <time>2026-08-15T12:47:26.498+02:00</time>
      <extensions>
        <activity type="IN_VEHICLE" conf="97" state="moving" tsMs="1786790839240"/>
        <radio op="vodafone IT" rat="OTHER"/>
        <radio op="I TIM" rat="LTE" rsrp="-115" rsrq="-15"/>
      </extensions>
    </trkpt>
    <trkpt lat="45.6870735" lon="10.6480224">
      <ele>478.860990898534</ele>
      <time>2026-08-15T12:47:59.097+02:00</time>
      <extensions>
        <activity type="IN_VEHICLE" conf="97" state="moving" tsMs="1786790875986"/>
        <radio op="vodafone IT" rat="OTHER"/>
        <radio op="I TIM" rat="LTE" q="8.40" rsrp="-113" sinr="2" rsrq="-13"/>
      </extensions>
    </trkpt>
    <trkpt lat="45.6859981" lon="10.6456872">
      <ele>474.70001220703125</ele>
      <time>2026-08-15T12:48:15.498+02:00</time>
      <extensions>
        <activity type="IN_VEHICLE" conf="97" state="moving" tsMs="1786790897652"/>
        <radio op="vodafone IT" rat="OTHER"/>
        <radio op="I TIM" rat="LTE" rsrp="-113" rsrq="-16"/>
      </extensions>
    </trkpt>
    <trkpt lat="45.6865287" lon="10.6408795">
      <ele>523.3152593552416</ele>
      <time>2026-08-15T12:48:53.497+02:00</time>
      <extensions>
        <activity type="IN_VEHICLE" conf="96" state="moving" tsMs="1786790940221"/>
        <radio op="vodafone IT" rat="OTHER"/>
        <radio op="I TIM" rat="LTE" q="95.00" rsrp="-87" sinr="21" rsrq="-11"/>
      </extensions>
    </trkpt>
    <trkpt lat="45.6896741" lon="10.6439071">
      <ele>552.1316348815758</ele>
      <time>2026-08-15T12:49:36.497+02:00</time>
      <extensions>
        <activity type="IN_VEHICLE" conf="96" state="moving" tsMs="1786790975900"/>
        <radio op="vodafone IT" rat="OTHER"/>
        <radio op="I TIM" rat="LTE" q="60.00" rsrp="-95" sinr="15" rsrq="-12"/>
      </extensions>
    </trkpt>
    <trkpt lat="45.6892304" lon="10.641282">
      <ele>577.4586232580482</ele>
      <time>2026-08-15T12:50:19.497+02:00</time>
      <extensions>
        <activity type="IN_VEHICLE" conf="97" state="moving" tsMs="1786791026290"/>
        <radio op="vodafone IT" rat="OTHER"/>
        <radio op="I TIM" rat="LTE" q="39.10" rsrp="-102" sinr="12" rsrq="-12"/>
      </extensions>
    </trkpt>
    <trkpt lat="45.6892923" lon="10.6391251">
      <ele>603.924128898359</ele>
      <time>2026-08-15T12:51:03.497+02:00</time>
      <extensions>
        <activity type="IN_VEHICLE" conf="96" state="moving" tsMs="1786791062756"/>
        <radio op="vodafone IT" rat="OTHER"/>
        <radio op="I TIM" rat="LTE" rsrp="-111" rsrq="-14"/>
      </extensions>
    </trkpt>
    <trkpt lat="45.6905876" lon="10.6366674">
      <ele>627.412075725053</ele>
      <time>2026-08-15T12:51:39.497+02:00</time>
      <extensions>
        <activity type="IN_VEHICLE" conf="97" state="moving" tsMs="1786791097309"/>
        <radio op="vodafone IT" rat="OTHER"/>
        <radio op="I TIM" rat="LTE" rsrp="-116" rsrq="-19"/>
      </extensions>
    </trkpt>
    <trkpt lat="45.6889511" lon="10.6339666">
      <ele>652.9022638382867</ele>
      <time>2026-08-15T12:52:16.497+02:00</time>
      <extensions>
        <activity type="IN_VEHICLE" conf="97" state="moving" tsMs="1786791143337"/>
        <radio op="vodafone IT" rat="OTHER"/>
        <radio op="I TIM" rat="LTE" rsrp="-115" rsrq="-17"/>
      </extensions>
    </trkpt>
    <trkpt lat="45.6895386" lon="10.6327302">
      <ele>680.1279284400202</ele>
      <time>2026-08-15T12:52:52.497+02:00</time>
      <extensions>
        <activity type="IN_VEHICLE" conf="97" state="moving" tsMs="1786791178987"/>
        <radio op="vodafone IT" rat="OTHER"/>
        <radio op="I TIM" rat="LTE" q="8.10" rsrp="-116" sinr="4" rsrq="-15"/>
      </extensions>
    </trkpt>
    <trkpt lat="45.6919803" lon="10.634722">
      <ele>711.1768445001959</ele>
      <time>2026-08-15T12:53:24.967+02:00</time>
      <extensions>
        <activity type="IN_VEHICLE" conf="97" state="moving" tsMs="1786791200561"/>
        <radio op="vodafone IT" rat="OTHER"/>
        <radio op="I TIM" rat="LTE" rsrp="-120" rsrq="-18"/>
      </extensions>
    </trkpt>
    <trkpt lat="45.6937643" lon="10.6386278">
      <ele>746.654531624091</ele>
      <time>2026-08-15T12:54:00.497+02:00</time>
      <extensions>
        <activity type="IN_VEHICLE" conf="96" state="moving" tsMs="1786791239943"/>
        <radio op="vodafone IT" rat="OTHER"/>
        <radio op="I TIM" rat="LTE" rsrp="-118" rsrq="-20"/>
      </extensions>
    </trkpt>
    <trkpt lat="45.6935519" lon="10.6346319">
      <ele>783.8240986510276</ele>
      <time>2026-08-15T12:54:52.497+02:00</time>
      <extensions>
        <activity type="IN_VEHICLE" conf="97" state="moving" tsMs="1786791290527"/>
        <radio op="vodafone IT" rat="LTE" q="12.00" rsrp="-113" sinr="5" rsrq="-13"/>
        <radio op="I TIM" rat="LTE" rsrp="-116" rsrq="-19"/>
      </extensions>
    </trkpt>
    <trkpt lat="45.6981031" lon="10.6317456">
      <ele>787.3804857265546</ele>
      <time>2026-08-15T12:55:48.497+02:00</time>
      <extensions>
        <activity type="IN_VEHICLE" conf="96" state="moving" tsMs="1786791348299"/>
        <radio op="vodafone IT" rat="LTE" rsrp="-124" rsrq="-12"/>
        <radio op="I TIM" rat="LTE" q="2.00" rsrp="-121" sinr="0" rsrq="-11"/>
      </extensions>
    </trkpt>
    <trkpt lat="45.7015368" lon="10.6291163">
      <ele>781.0014526059745</ele>
      <time>2026-08-15T12:56:25.497+02:00</time>
      <extensions>
        <activity type="IN_VEHICLE" conf="96" state="moving" tsMs="1786791384793"/>
        <radio op="vodafone IT" rat="LTE" q="3.00" rsrp="-120" sinr="1" rsrq="-13"/>
        <radio op="I TIM" rat="LTE" rsrp="-124" rsrq="-13"/>
      </extensions>
    </trkpt>
    <trkpt lat="45.7037601" lon="10.6320258">
      <ele>758.5601158463619</ele>
      <time>2026-08-15T12:57:13.497+02:00</time>
      <extensions>
        <activity type="IN_VEHICLE" conf="96" state="moving" tsMs="1786791431636"/>
        <radio op="vodafone IT" rat="LTE" rsrp="-123" rsrq="-14"/>
        <radio op="I TIM" rat="LTE" rsrp="-122" rsrq="-11"/>
      </extensions>
    </trkpt>
    <trkpt lat="45.7140304" lon="10.6375874">
      <ele>814.1601791589496</ele>
      <time>2026-08-15T13:00:01.993+02:00</time>
      <extensions>
        <activity type="IN_VEHICLE" conf="96" state="moving" tsMs="1786791600236"/>
        <radio op="vodafone IT" rat="LTE" q="37.80" rsrp="-104" sinr="13" rsrq="-9"/>
        <radio op="I TIM" rat="LTE" q="39.60" rsrp="-103" sinr="13" rsrq="-11"/>
      </extensions>
    </trkpt>
    <trkpt lat="45.7173726" lon="10.6419011">
      <ele>775.0255370331797</ele>
      <time>2026-08-15T13:00:44.496+02:00</time>
      <extensions>
        <activity type="IN_VEHICLE" conf="97" state="moving" tsMs="1786791650737"/>
        <radio op="vodafone IT" rat="LTE" q="19.20" rsrp="-113" sinr="11" rsrq="-9"/>
        <radio op="I TIM" rat="LTE" q="23.80" rsrp="-108" sinr="9" rsrq="-6"/>
      </extensions>
    </trkpt>
    <trkpt lat="45.7214501" lon="10.645034">
      <ele>756.3919960672424</ele>
      <time>2026-08-15T13:01:26.497+02:00</time>
      <extensions>
        <activity type="IN_VEHICLE" conf="97" state="moving" tsMs="1786791693716"/>
        <radio op="vodafone IT" rat="LTE" q="4.00" rsrp="-117" sinr="0" rsrq="-11"/>
        <radio op="I TIM" rat="LTE" q="4.90" rsrp="-118" sinr="2" rsrq="-10"/>
      </extensions>
    </trkpt>
    <trkpt lat="45.7253494" lon="10.647044">
      <ele>728.1670095080758</ele>
      <time>2026-08-15T13:02:09.496+02:00</time>
      <extensions>
        <activity type="IN_VEHICLE" conf="96" state="moving" tsMs="1786791729589"/>
        <radio op="vodafone IT" rat="LTE" rsrp="-120" rsrq="-13"/>
        <radio op="I TIM" rat="LTE" q="8.10" rsrp="-116" sinr="4" rsrq="-10"/>
      </extensions>
    </trkpt>
    <trkpt lat="45.7283384" lon="10.6461453">
      <ele>728.6806331375333</ele>
      <time>2026-08-15T13:02:52.496+02:00</time>
      <extensions>
        <activity type="IN_VEHICLE" conf="97" state="moving" tsMs="1786791779849"/>
        <radio op="vodafone IT" rat="LTE" q="7.80" rsrp="-119" sinr="8" rsrq="-11"/>
        <radio op="I TIM" rat="LTE" q="8.80" rsrp="-114" sinr="3" rsrq="-13"/>
      </extensions>
    </trkpt>
    <trkpt lat="45.7332742" lon="10.6475226">
      <ele>716.4865839331212</ele>
      <time>2026-08-15T13:03:47.496+02:00</time>
      <extensions>
        <activity type="IN_VEHICLE" conf="97" state="moving" tsMs="1786791839886"/>
        <radio op="vodafone IT" rat="LTE" rsrp="-115" rsrq="-8"/>
        <radio op="I TIM" rat="LTE" q="23.40" rsrp="-107" sinr="8" rsrq="-8"/>
      </extensions>
    </trkpt>
    <trkpt lat="45.7373077" lon="10.6485282">
      <ele>712.441991844541</ele>
      <time>2026-08-15T13:04:37.496+02:00</time>
      <extensions>
        <activity type="IN_VEHICLE" conf="96" state="moving" tsMs="1786791876878"/>
        <radio op="vodafone IT" rat="LTE" q="19.20" rsrp="-109" sinr="7" rsrq="-7"/>
        <radio op="I TIM" rat="LTE" q="17.60" rsrp="-109" sinr="6" rsrq="-6"/>
      </extensions>
    </trkpt>
    <trkpt lat="45.7344566" lon="10.6449498">
      <ele>759.0240717207355</ele>
      <time>2026-08-15T13:05:28.496+02:00</time>
      <extensions>
        <activity type="IN_VEHICLE" conf="96" state="moving" tsMs="1786791928684"/>
        <radio op="vodafone IT" rat="LTE" q="11.00" rsrp="-115" sinr="6" rsrq="-9"/>
        <radio op="I TIM" rat="LTE" q="25.00" rsrp="-115" sinr="20" rsrq="-8"/>
      </extensions>
    </trkpt>
    <trkpt lat="45.7335139" lon="10.6437469">
      <ele>772.7639381808359</ele>
      <time>2026-08-15T13:05:45.496+02:00</time>
      <extensions>
        <activity type="IN_VEHICLE" conf="96" state="moving" tsMs="1786791928684"/>
        <radio op="vodafone IT" rat="LTE" q="32.20" rsrp="-102" sinr="9" rsrq="-5"/>
        <radio op="I TIM" rat="LTE" q="57.60" rsrp="-101" sinr="19" rsrq="-8"/>
      </extensions>
    </trkpt>
    <trkpt lat="45.733782" lon="10.6416431">
      <ele>807.7900950614155</ele>
      <time>2026-08-15T13:06:34.496+02:00</time>
      <extensions>
        <activity type="IN_VEHICLE" conf="97" state="moving" tsMs="1786792012883"/>
        <radio op="vodafone IT" rat="LTE" q="15.40" rsrp="-111" sinr="6" rsrq="-8"/>
        <radio op="I TIM" rat="LTE" q="24.70" rsrp="-112" sinr="14" rsrq="-8"/>
      </extensions>
    </trkpt>
    <trkpt lat="45.7334407" lon="10.6400586">
      <ele>815.1939824886549</ele>
      <time>2026-08-15T13:07:24.496+02:00</time>
      <extensions>
        <activity type="IN_VEHICLE" conf="96" state="moving" tsMs="1786792040227"/>
        <radio op="vodafone IT" rat="LTE" q="12.00" rsrp="-115" sinr="7" rsrq="-12"/>
        <radio op="I TIM" rat="LTE" q="13.00" rsrp="-115" sinr="8" rsrq="-6"/>
      </extensions>
    </trkpt>
    <trkpt lat="45.7332865" lon="10.6401883">
      <ele>814.6389060835834</ele>
      <time>2026-08-15T13:07:59.771+02:00</time>
      <extensions>
        <activity type="UNKNOWN" conf="40" state="unknown" tsMs="1786792078896"/>
        <radio op="vodafone IT" rat="LTE" q="19.60" rsrp="-111" sinr="9" rsrq="-11"/>
        <radio op="I TIM" rat="LTE" q="39.90" rsrp="-106" sinr="16" rsrq="-8"/>
      </extensions>
    </trkpt>
    <trkpt lat="45.7333668" lon="10.6403366">
      <ele>819.0999755859375</ele>
      <time>2026-08-15T13:08:25.372+02:00</time>
      <extensions>
        <activity type="ON_FOOT" conf="91" state="moving" tsMs="1786792082666"/>
        <radio op="vodafone IT" rat="LTE" q="14.30" rsrp="-114" sinr="8" rsrq="-9"/>
        <radio op="I TIM" rat="LTE" q="16.90" rsrp="-112" sinr="8" rsrq="-6"/>
      </extensions>
    </trkpt>
    <trkpt lat="45.7333878" lon="10.6399007">
      <ele>819.0999755859375</ele>
      <time>2026-08-15T13:08:35.211+02:00</time>
      <extensions>
        <activity type="UNKNOWN" conf="40" state="unknown" tsMs="1786792103820"/>
        <radio op="vodafone IT" rat="LTE" q="15.30" rsrp="-116" sinr="12" rsrq="-7"/>
        <radio op="I TIM" rat="LTE" q="27.60" rsrp="-113" sinr="18" rsrq="-7"/>
      </extensions>
    </trkpt>
    <trkpt lat="45.7333558" lon="10.6399029">
      <ele>819.0999755859375</ele>
      <time>2026-08-15T13:08:45.524+02:00</time>
      <extensions>
        <activity type="UNKNOWN" conf="40" state="unknown" tsMs="1786792103820"/>
        <radio op="vodafone IT" rat="LTE" q="45.00" rsrp="-107" sinr="27" rsrq="-7"/>
        <radio op="I TIM" rat="LTE" q="30.40" rsrp="-106" sinr="11" rsrq="-5"/>
      </extensions>
    </trkpt>
    <trkpt lat="45.7333542" lon="10.639901">
      <ele>819.0999755859375</ele>
      <time>2026-08-15T13:08:54.498+02:00</time>
      <extensions>
        <activity type="ON_BICYCLE" conf="71" state="moving" tsMs="1786792120005"/>
        <radio op="vodafone IT" rat="LTE" q="12.00" rsrp="-115" sinr="7" rsrq="-8"/>
        <radio op="I TIM" rat="LTE" q="15.60" rsrp="-112" sinr="7" rsrq="-6"/>
      </extensions>
    </trkpt>
    <trkpt lat="45.7333547" lon="10.639899">
      <ele>819.0999755859375</ele>
      <time>2026-08-15T13:09:05.498+02:00</time>
      <extensions>
        <activity type="STILL" conf="100" state="still" tsMs="1786792142220"/>
        <radio op="vodafone IT" rat="LTE" q="37.80" rsrp="-107" sinr="16" rsrq="-7"/>
        <radio op="I TIM" rat="LTE" q="37.40" rsrp="-103" sinr="12" rsrq="-7"/>
      </extensions>
    </trkpt>
    <trkpt lat="45.7333548" lon="10.6398995">
      <ele>819.0999755859375</ele>
      <time>2026-08-15T13:09:15.498+02:00</time>
      <extensions>
        <activity type="STILL" conf="57" state="still" tsMs="1786792152234"/>
        <radio op="vodafone IT" rat="LTE" q="40.00" rsrp="-109" sinr="22" rsrq="-6"/>
        <radio op="I TIM" rat="LTE" q="22.80" rsrp="-106" sinr="7" rsrq="-6"/>
      </extensions>
    </trkpt>
    <trkpt lat="45.7333547" lon="10.6398995">
      <ele>819.0999755859375</ele>
      <time>2026-08-15T13:09:25.498+02:00</time>
      <extensions>
        <activity type="STILL" conf="98" state="still" tsMs="1786792162250"/>
        <radio op="vodafone IT" rat="LTE" q="34.50" rsrp="-110" sinr="18" rsrq="-6"/>
        <radio op="I TIM" rat="LTE" q="32.30" rsrp="-108" sinr="14" rsrq="-6"/>
      </extensions>
    </trkpt>
    <trkpt lat="45.7333552" lon="10.6398997">
      <ele>819.0999755859375</ele>
      <time>2026-08-15T13:09:31.498+02:00</time>
      <extensions>
        <activity type="STILL" conf="97" state="still" tsMs="1786792172269"/>
        <radio op="vodafone IT" rat="LTE" q="22.40" rsrp="-111" sinr="11" rsrq="-8"/>
        <radio op="I TIM" rat="LTE" q="21.60" rsrp="-113" sinr="13" rsrq="-9"/>
      </extensions>
    </trkpt>
    <trkpt lat="45.7333546" lon="10.6398995">
      <ele>819.0999755859375</ele>
      <time>2026-08-15T13:09:45.498+02:00</time>
      <extensions>
        <activity type="UNKNOWN" conf="40" state="unknown" tsMs="1786792182299"/>
        <radio op="vodafone IT" rat="LTE" q="6.50" rsrp="-120" sinr="8" rsrq="-8"/>
        <radio op="I TIM" rat="LTE" q="14.30" rsrp="-112" sinr="6" rsrq="-6"/>
      </extensions>
    </trkpt>
    <trkpt lat="45.7333543" lon="10.6398994">
      <ele>819.0999755859375</ele>
      <time>2026-08-15T13:09:55.498+02:00</time>
      <extensions>
        <activity type="UNKNOWN" conf="40" state="unknown" tsMs="1786792193163"/>
        <radio op="vodafone IT" rat="LTE" q="22.80" rsrp="-113" sinr="14" rsrq="-6"/>
        <radio op="I TIM" rat="LTE" q="22.50" rsrp="-110" sinr="10" rsrq="-5"/>
      </extensions>
    </trkpt>
    <trkpt lat="45.7333545" lon="10.6398997">
      <ele>819.0999755859375</ele>
      <time>2026-08-15T13:10:06.498+02:00</time>
      <extensions>
        <activity type="UNKNOWN" conf="40" state="unknown" tsMs="1786792198564"/>
        <radio op="vodafone IT" rat="LTE" q="16.20" rsrp="-116" sinr="13" rsrq="-6"/>
        <radio op="I TIM" rat="LTE" q="7.20" rsrp="-119" sinr="7" rsrq="-7"/>
      </extensions>
    </trkpt>
    <trkpt lat="45.7333548" lon="10.6398995">
      <ele>819.0999755859375</ele>
      <time>2026-08-15T13:10:16.498+02:00</time>
      <extensions>
        <activity type="STILL" conf="100" state="still" tsMs="1786792204456"/>
        <radio op="vodafone IT" rat="LTE" q="11.20" rsrp="-118" sinr="11" rsrq="-10"/>
        <radio op="I TIM" rat="LTE" q="7.20" rsrp="-119" sinr="7" rsrq="-7"/>
      </extensions>
    </trkpt>
    <trkpt lat="45.7333548" lon="10.6398995">
      <ele>819.0999755859375</ele>
      <time>2026-08-15T13:10:26.498+02:00</time>
      <extensions>
        <activity type="UNKNOWN" conf="40" state="unknown" tsMs="1786792214883"/>
        <radio op="vodafone IT" rat="LTE" q="28.60" rsrp="-112" sinr="17" rsrq="-7"/>
        <radio op="I TIM" rat="LTE" q="23.40" rsrp="-112" sinr="13" rsrq="-5"/>
      </extensions>
    </trkpt>
    <trkpt lat="45.733355" lon="10.6398995">
      <ele>819.0999755859375</ele>
      <time>2026-08-15T13:10:36.498+02:00</time>
      <extensions>
        <activity type="UNKNOWN" conf="40" state="unknown" tsMs="1786792214883"/>
        <radio op="vodafone IT" rat="LTE" q="15.00" rsrp="-115" sinr="10" rsrq="-8"/>
        <radio op="I TIM" rat="LTE" q="19.80" rsrp="-114" sinr="13" rsrq="-6"/>
      </extensions>
    </trkpt>
    <trkpt lat="45.7333547" lon="10.6398996">
      <ele>819.0999755859375</ele>
      <time>2026-08-15T13:10:46.498+02:00</time>
      <extensions>
        <activity type="UNKNOWN" conf="40" state="unknown" tsMs="1786792230706"/>
        <radio op="vodafone IT" rat="LTE" q="19.00" rsrp="-115" sinr="14" rsrq="-7"/>
        <radio op="I TIM" rat="LTE" q="16.20" rsrp="-116" sinr="13" rsrq="-6"/>
      </extensions>
    </trkpt>
    <trkpt lat="45.7333543" lon="10.6399011">
      <ele>819.0999755859375</ele>
      <time>2026-08-15T13:10:56.498+02:00</time>
      <extensions>
        <activity type="UNKNOWN" conf="40" state="unknown" tsMs="1786792230706"/>
        <radio op="vodafone IT" rat="LTE" q="22.00" rsrp="-114" sinr="15" rsrq="-7"/>
        <radio op="I TIM" rat="LTE" q="9.10" rsrp="-118" sinr="8" rsrq="-9"/>
      </extensions>
    </trkpt>
    <trkpt lat="45.7333546" lon="10.6398995">
      <ele>819.0999755859375</ele>
      <time>2026-08-15T13:11:06.498+02:00</time>
      <extensions>
        <activity type="STILL" conf="100" state="still" tsMs="1786792264356"/>
        <radio op="vodafone IT" rat="LTE" q="9.60" rsrp="-119" sinr="11" rsrq="-7"/>
        <radio op="I TIM" rat="LTE" q="12.80" rsrp="-117" sinr="11" rsrq="-7"/>
      </extensions>
    </trkpt>
    <trkpt lat="45.7333548" lon="10.6398995">
      <ele>819.0999755859375</ele>
      <time>2026-08-15T13:11:17.498+02:00</time>
      <extensions>
        <activity type="STILL" conf="100" state="still" tsMs="1786792274953"/>
        <radio op="vodafone IT" rat="LTE" q="11.90" rsrp="-118" sinr="12" rsrq="-6"/>
        <radio op="I TIM" rat="LTE" q="11.20" rsrp="-117" sinr="9" rsrq="-7"/>
      </extensions>
    </trkpt>
    <trkpt lat="45.7333548" lon="10.6398995">
      <ele>819.0999755859375</ele>
      <time>2026-08-15T13:11:27.498+02:00</time>
      <extensions>
        <activity type="STILL" conf="100" state="still" tsMs="1786792285474"/>
        <radio op="vodafone IT" rat="LTE" q="13.60" rsrp="-117" sinr="12" rsrq="-7"/>
        <radio op="I TIM" rat="LTE" q="9.10" rsrp="-118" sinr="8" rsrq="-9"/>
      </extensions>
    </trkpt>
    <trkpt lat="45.7333548" lon="10.6398995">
      <ele>819.0999755859375</ele>
      <time>2026-08-15T13:11:37.498+02:00</time>
      <extensions>
        <activity type="STILL" conf="100" state="still" tsMs="1786792296018"/>
        <radio op="vodafone IT" rat="LTE" q="13.60" rsrp="-117" sinr="12" rsrq="-10"/>
        <radio op="I TIM" rat="LTE" q="10.50" rsrp="-118" sinr="10" rsrq="-8"/>
      </extensions>
    </trkpt>
    <trkpt lat="45.7333548" lon="10.6398995">
      <ele>819.0999755859375</ele>
      <time>2026-08-15T13:11:47.498+02:00</time>
      <extensions>
        <activity type="STILL" conf="100" state="still" tsMs="1786792306561"/>
        <radio op="vodafone IT" rat="LTE" q="14.40" rsrp="-117" sinr="13" rsrq="-7"/>
        <radio op="I TIM" rat="LTE" q="9.00" rsrp="-119" sinr="10" rsrq="-7"/>
      </extensions>
    </trkpt>
    <trkpt lat="45.7333548" lon="10.6398995">
      <ele>819.0999755859375</ele>
      <time>2026-08-15T13:11:57.498+02:00</time>
      <extensions>
        <activity type="STILL" conf="100" state="still" tsMs="1786792317108"/>
        <radio op="vodafone IT" rat="LTE" q="13.60" rsrp="-117" sinr="12" rsrq="-7"/>
        <radio op="I TIM" rat="LTE" q="8.40" rsrp="-119" sinr="9" rsrq="-10"/>
      </extensions>
    </trkpt>
    <trkpt lat="45.7333548" lon="10.6398995">
      <ele>819.0999755859375</ele>
      <time>2026-08-15T13:12:07.498+02:00</time>
      <extensions>
        <activity type="STILL" conf="100" state="still" tsMs="1786792322381"/>
        <radio op="vodafone IT" rat="LTE" q="14.40" rsrp="-117" sinr="13" rsrq="-8"/>
        <radio op="I TIM" rat="LTE" q="9.10" rsrp="-118" sinr="8" rsrq="-8"/>
      </extensions>
    </trkpt>
    <trkpt lat="45.7333548" lon="10.6398995">
      <ele>819.0999755859375</ele>
      <time>2026-08-15T13:12:17.498+02:00</time>
      <extensions>
        <activity type="STILL" conf="100" state="still" tsMs="1786792332936"/>
        <radio op="vodafone IT" rat="LTE" q="16.20" rsrp="-116" sinr="13" rsrq="-6"/>
        <radio op="I TIM" rat="LTE" q="10.50" rsrp="-118" sinr="10" rsrq="-7"/>
      </extensions>
    </trkpt>
    <trkpt lat="45.7333548" lon="10.6398995">
      <ele>819.0999755859375</ele>
      <time>2026-08-15T13:12:27.498+02:00</time>
      <extensions>
        <activity type="STILL" conf="100" state="still" tsMs="1786792343477"/>
        <radio op="vodafone IT" rat="LTE" q="16.20" rsrp="-116" sinr="13" rsrq="-7"/>
        <radio op="I TIM" rat="LTE" q="7.80" rsrp="-119" sinr="8" rsrq="-7"/>
      </extensions>
    </trkpt>
    <trkpt lat="45.7333817" lon="10.6398629">
      <ele>819.0999755859375</ele>
      <time>2026-08-15T13:18:34.562+02:00</time>
      <extensions>
        <activity type="UNKNOWN" conf="40" state="unknown" tsMs="1786792701153"/>
        <radio op="vodafone IT" rat="LTE" q="24.00" rsrp="-110" sinr="11" rsrq="-8"/>
        <radio op="I TIM" rat="LTE" q="23.80" rsrp="-108" sinr="9" rsrq="-9"/>
      </extensions>
    </trkpt>
    <trkpt lat="45.7333217" lon="10.6398356">
      <ele>819.0999755859375</ele>
      <time>2026-08-15T13:18:44.512+02:00</time>
      <extensions>
        <activity type="UNKNOWN" conf="40" state="unknown" tsMs="1786792704549"/>
        <radio op="vodafone IT" rat="LTE" q="25.20" rsrp="-111" sinr="13" rsrq="-8"/>
        <radio op="I TIM" rat="LTE" q="32.30" rsrp="-108" sinr="14" rsrq="-7"/>
      </extensions>
    </trkpt>
    <trkpt lat="45.7333153" lon="10.6399237">
      <ele>819.0999755859375</ele>
      <time>2026-08-15T13:18:54.51+02:00</time>
      <extensions>
        <activity type="STILL" conf="97" state="still" tsMs="1786792720910"/>
        <radio op="vodafone IT" rat="LTE" q="28.50" rsrp="-110" sinr="14" rsrq="-8"/>
        <radio op="I TIM" rat="LTE" q="28.90" rsrp="-108" sinr="12" rsrq="-6"/>
      </extensions>
    </trkpt>
    <trkpt lat="45.7333842" lon="10.639904">
      <ele>819.0999755859375</ele>
      <time>2026-08-15T13:19:04.526+02:00</time>
      <extensions>
        <activity type="UNKNOWN" conf="40" state="unknown" tsMs="1786792732214"/>
        <radio op="vodafone IT" rat="LTE" q="23.80" rsrp="-111" sinr="12" rsrq="-10"/>
        <radio op="I TIM" rat="LTE" q="27.20" rsrp="-108" sinr="11" rsrq="-7"/>
      </extensions>
    </trkpt>
    <trkpt lat="45.7333562" lon="10.6398369">
      <ele>819.0999755859375</ele>
      <time>2026-08-15T13:19:14.51+02:00</time>
      <extensions>
        <activity type="UNKNOWN" conf="40" state="unknown" tsMs="1786792732214"/>
        <radio op="vodafone IT" rat="LTE" q="33.60" rsrp="-109" sinr="16" rsrq="-11"/>
        <radio op="I TIM" rat="LTE" q="30.60" rsrp="-107" sinr="12" rsrq="-5"/>
      </extensions>
    </trkpt>
    <trkpt lat="45.7333172" lon="10.6399175">
      <ele>819.0999755859375</ele>
      <time>2026-08-15T13:19:24.969+02:00</time>
      <extensions>
        <activity type="STILL" conf="53" state="still" tsMs="1786792748555"/>
        <radio op="vodafone IT" rat="LTE" q="26.60" rsrp="-111" sinr="14" rsrq="-9"/>
        <radio op="I TIM" rat="LTE" q="32.30" rsrp="-108" sinr="14" rsrq="-7"/>
      </extensions>
    </trkpt>
    <trkpt lat="45.7333461" lon="10.6398835">
      <ele>819.0999755859375</ele>
      <time>2026-08-15T13:19:27.499+02:00</time>
      <extensions>
        <activity type="STILL" conf="98" state="still" tsMs="1786792765605"/>
        <radio op="vodafone IT" rat="LTE" q="47.50" rsrp="-106" sinr="21" rsrq="-8"/>
        <radio op="I TIM" rat="LTE" q="40.80" rsrp="-108" sinr="19" rsrq="-4"/>
      </extensions>
    </trkpt>
    <trkpt lat="45.7333452" lon="10.6398818">
      <ele>819.0999755859375</ele>
      <time>2026-08-15T13:20:06.188+02:00</time>
      <extensions>
        <activity type="STILL" conf="99" state="still" tsMs="1786792801170"/>
        <radio op="vodafone IT" rat="LTE" q="50.00" rsrp="-105" sinr="22" rsrq="-9"/>
        <radio op="I TIM" rat="LTE" q="47.50" rsrp="-106" sinr="21" rsrq="-8"/>
      </extensions>
    </trkpt>
    <trkpt lat="45.7333452" lon="10.6398818">
      <ele>819.0999755859375</ele>
      <time>2026-08-15T13:20:37.459+02:00</time>
      <extensions>
        <activity type="STILL" conf="99" state="still" tsMs="1786792832619"/>
        <radio op="vodafone IT" rat="LTE" q="62.50" rsrp="-100" sinr="24" rsrq="-7"/>
        <radio op="I TIM" rat="LTE" q="52.50" rsrp="-104" sinr="21" rsrq="-6"/>
      </extensions>
    </trkpt>
    <trkpt lat="45.7333456" lon="10.6398818">
      <ele>819.0999755859375</ele>
      <time>2026-08-15T13:21:08.72+02:00</time>
      <extensions>
        <activity type="STILL" conf="99" state="still" tsMs="1786792863811"/>
        <radio op="vodafone IT" rat="LTE" q="57.50" rsrp="-102" sinr="24" rsrq="-4"/>
        <radio op="I TIM" rat="LTE" q="50.00" rsrp="-105" sinr="21" rsrq="-7"/>
      </extensions>
    </trkpt>
    <trkpt lat="45.7333452" lon="10.6398818">
      <ele>819.0999755859375</ele>
      <time>2026-08-15T13:21:40.001+02:00</time>
      <extensions>
        <activity type="STILL" conf="99" state="still" tsMs="1786792895161"/>
        <radio op="vodafone IT" rat="LTE" q="55.00" rsrp="-103" sinr="22" rsrq="-6"/>
        <radio op="I TIM" rat="LTE" q="38.40" rsrp="-109" sinr="19" rsrq="-6"/>
      </extensions>
    </trkpt>
    <trkpt lat="45.7333455" lon="10.6398819">
      <ele>819.0999755859375</ele>
      <time>2026-08-15T13:22:11.328+02:00</time>
      <extensions>
        <activity type="STILL" conf="99" state="still" tsMs="1786792926429"/>
        <radio op="vodafone IT" rat="LTE" q="45.00" rsrp="-107" sinr="22" rsrq="-8"/>
        <radio op="I TIM" rat="LTE" q="36.80" rsrp="-109" sinr="18" rsrq="-7"/>
      </extensions>
    </trkpt>
    <trkpt lat="45.7333452" lon="10.6398818">
      <ele>819.0999755859375</ele>
      <time>2026-08-15T13:22:42.594+02:00</time>
      <extensions>
        <activity type="STILL" conf="99" state="still" tsMs="1786792957827"/>
        <radio op="vodafone IT" rat="LTE" q="57.50" rsrp="-102" sinr="23" rsrq="-4"/>
        <radio op="I TIM" rat="LTE" q="42.50" rsrp="-108" sinr="22" rsrq="-8"/>
      </extensions>
    </trkpt>
    <trkpt lat="45.7333498" lon="10.6398717">
      <ele>819.0999755859375</ele>
      <time>2026-08-15T13:44:04.501+02:00</time>
      <extensions>
        <activity type="UNKNOWN" conf="40" state="unknown" tsMs="1786794228968"/>
        <radio op="vodafone IT" rat="LTE" q="25.20" rsrp="-113" sinr="16" rsrq="-11"/>
        <radio op="I TIM" rat="LTE" q="42.50" rsrp="-108" sinr="20" rsrq="-9"/>
      </extensions>
    </trkpt>
    <trkpt lat="45.7333623" lon="10.6398133">
      <ele>819.0999755859375</ele>
      <time>2026-08-15T13:44:14.501+02:00</time>
      <extensions>
        <activity type="UNKNOWN" conf="40" state="unknown" tsMs="1786794228968"/>
        <radio op="vodafone IT" rat="LTE" q="26.00" rsrp="-112" sinr="15" rsrq="-8"/>
        <radio op="I TIM" rat="LTE" q="42.50" rsrp="-108" sinr="22" rsrq="-9"/>
      </extensions>
    </trkpt>
    <trkpt lat="45.733353" lon="10.6397636">
      <ele>819.0999755859375</ele>
      <time>2026-08-15T13:44:24.501+02:00</time>
      <extensions>
        <activity type="UNKNOWN" conf="40" state="unknown" tsMs="1786794247064"/>
        <radio op="vodafone IT" rat="LTE" q="22.00" rsrp="-114" sinr="15" rsrq="-10"/>
        <radio op="I TIM" rat="LTE" q="34.00" rsrp="-108" sinr="15" rsrq="-5"/>
      </extensions>
    </trkpt>
    <trkpt lat="45.7333167" lon="10.6398382">
      <ele>819.0999755859375</ele>
      <time>2026-08-15T13:44:34.654+02:00</time>
      <extensions>
        <activity type="STILL" conf="98" state="still" tsMs="1786794263997"/>
        <radio op="vodafone IT" rat="LTE" q="27.30" rsrp="-112" sinr="16" rsrq="-8"/>
        <radio op="I TIM" rat="LTE" q="39.10" rsrp="-108" sinr="18" rsrq="-6"/>
      </extensions>
    </trkpt>
    <trkpt lat="45.7333955" lon="10.6398604">
      <ele>819.0999755859375</ele>
      <time>2026-08-15T13:44:44.529+02:00</time>
      <extensions>
        <activity type="STILL" conf="98" state="still" tsMs="1786794263997"/>
        <radio op="vodafone IT" rat="LTE" q="35.20" rsrp="-109" sinr="17" rsrq="-9"/>
        <radio op="I TIM" rat="LTE" q="42.50" rsrp="-108" sinr="21" rsrq="-6"/>
      </extensions>
    </trkpt>
    <trkpt lat="45.7334016" lon="10.6398144">
      <ele>819.0999755859375</ele>
      <time>2026-08-15T13:44:54.515+02:00</time>
      <extensions>
        <activity type="UNKNOWN" conf="40" state="unknown" tsMs="1786794275279"/>
        <radio op="vodafone IT" rat="LTE" q="30.80" rsrp="-111" sinr="17" rsrq="-7"/>
        <radio op="I TIM" rat="LTE" q="35.70" rsrp="-108" sinr="16" rsrq="-8"/>
      </extensions>
    </trkpt>
    <trkpt lat="45.733332" lon="10.6398106">
      <ele>819.0999755859375</ele>
      <time>2026-08-15T13:45:05.514+02:00</time>
      <extensions>
        <activity type="STILL" conf="42" state="still" tsMs="1786794292214"/>
        <radio op="vodafone IT" rat="LTE" q="29.40" rsrp="-111" sinr="16" rsrq="-11"/>
        <radio op="I TIM" rat="LTE" q="25.20" rsrp="-107" sinr="9" rsrq="-5"/>
      </extensions>
    </trkpt>
    <trkpt lat="45.7333395" lon="10.6398518">
      <ele>819.0999755859375</ele>
      <time>2026-08-15T13:45:15.504+02:00</time>
      <extensions>
        <activity type="STILL" conf="42" state="still" tsMs="1786794292214"/>
        <radio op="vodafone IT" rat="LTE" q="24.00" rsrp="-113" sinr="15" rsrq="-8"/>
        <radio op="I TIM" rat="LTE" q="30.40" rsrp="-109" sinr="14" rsrq="-11"/>
      </extensions>
    </trkpt>
    <trkpt lat="45.7333861" lon="10.6398646">
      <ele>819.0999755859375</ele>
      <time>2026-08-15T13:45:25.501+02:00</time>
      <extensions>
        <activity type="UNKNOWN" conf="40" state="unknown" tsMs="1786794309348"/>
        <radio op="vodafone IT" rat="LTE" q="22.00" rsrp="-114" sinr="15" rsrq="-10"/>
        <radio op="I TIM" rat="LTE" q="36.00" rsrp="-107" sinr="15" rsrq="-9"/>
      </extensions>
    </trkpt>
    <trkpt lat="45.7333612" lon="10.6397944">
      <ele>819.0999755859375</ele>
      <time>2026-08-15T13:45:35.501+02:00</time>
      <extensions>
        <activity type="UNKNOWN" conf="40" state="unknown" tsMs="1786794309348"/>
        <radio op="vodafone IT" rat="LTE" q="24.70" rsrp="-112" sinr="14" rsrq="-9"/>
        <radio op="I TIM" rat="LTE" q="36.80" rsrp="-109" sinr="18" rsrq="-8"/>
      </extensions>
    </trkpt>
    <trkpt lat="45.7333241" lon="10.6398467">
      <ele>819.0999755859375</ele>
      <time>2026-08-15T13:45:45.501+02:00</time>
      <extensions>
        <activity type="STILL" conf="52" state="still" tsMs="1786794326374"/>
        <radio op="vodafone IT" rat="LTE" q="27.30" rsrp="-112" sinr="16" rsrq="-8"/>
        <radio op="I TIM" rat="LTE" q="55.00" rsrp="-103" sinr="22" rsrq="-5"/>
      </extensions>
    </trkpt>
    <trkpt lat="45.733327" lon="10.6398643">
      <ele>819.0999755859375</ele>
      <time>2026-08-15T13:45:55.501+02:00</time>
      <extensions>
        <activity type="STILL" conf="57" state="still" tsMs="1786794343311"/>
        <radio op="vodafone IT" rat="LTE" q="33.00" rsrp="-110" sinr="17" rsrq="-6"/>
        <radio op="I TIM" rat="LTE" q="45.00" rsrp="-107" sinr="20" rsrq="-11"/>
      </extensions>
    </trkpt>
    <trkpt lat="45.7333688" lon="10.6398427">
      <ele>819.0999755859375</ele>
      <time>2026-08-15T13:46:05.565+02:00</time>
      <extensions>
        <activity type="STILL" conf="57" state="still" tsMs="1786794343311"/>
        <radio op="vodafone IT" rat="LTE" q="29.40" rsrp="-111" sinr="16" rsrq="-7"/>
        <radio op="I TIM" rat="LTE" q="45.00" rsrp="-107" sinr="21" rsrq="-7"/>
      </extensions>
    </trkpt>
    <trkpt lat="45.7333746" lon="10.6397016">
      <ele>819.0999755859375</ele>
      <time>2026-08-15T13:46:15.553+02:00</time>
      <extensions>
        <activity type="STILL" conf="98" state="still" tsMs="1786794360261"/>
        <radio op="vodafone IT" rat="LTE" q="24.00" rsrp="-113" sinr="15" rsrq="-9"/>
        <radio op="I TIM" rat="LTE" q="35.70" rsrp="-108" sinr="16" rsrq="-5"/>
      </extensions>
    </trkpt>
    <trkpt lat="45.7333296" lon="10.6397491">
      <ele>819.0999755859375</ele>
      <time>2026-08-15T13:46:25.548+02:00</time>
      <extensions>
        <activity type="UNKNOWN" conf="40" state="unknown" tsMs="1786794371576"/>
        <radio op="vodafone IT" rat="LTE" q="40.80" rsrp="-108" sinr="19" rsrq="-10"/>
        <radio op="I TIM" rat="LTE" q="41.40" rsrp="-107" sinr="18" rsrq="-7"/>
      </extensions>
    </trkpt>
    <trkpt lat="45.7333508" lon="10.6398895">
      <ele>819.0999755859375</ele>
      <time>2026-08-15T13:46:36.552+02:00</time>
      <extensions>
        <activity type="UNKNOWN" conf="40" state="unknown" tsMs="1786794371576"/>
        <radio op="vodafone IT" rat="LTE" q="40.80" rsrp="-108" sinr="19" rsrq="-12"/>
        <radio op="I TIM" rat="LTE" q="23.40" rsrp="-107" sinr="8" rsrq="-5"/>
      </extensions>
    </trkpt>
    <trkpt lat="45.7333593" lon="10.6398972">
      <ele>819.0999755859375</ele>
      <time>2026-08-15T13:46:46.54+02:00</time>
      <extensions>
        <activity type="UNKNOWN" conf="40" state="unknown" tsMs="1786794388913"/>
        <radio op="vodafone IT" rat="LTE" q="36.80" rsrp="-109" sinr="18" rsrq="-8"/>
        <radio op="I TIM" rat="LTE" q="20.40" rsrp="-108" sinr="7" rsrq="-8"/>
      </extensions>
    </trkpt>
    <trkpt lat="45.7333771" lon="10.6398466">
      <ele>819.0999755859375</ele>
      <time>2026-08-15T13:46:56.529+02:00</time>
      <extensions>
        <activity type="STILL" conf="97" state="still" tsMs="1786794405695"/>
        <radio op="vodafone IT" rat="LTE" q="32.20" rsrp="-111" sinr="18" rsrq="-7"/>
        <radio op="I TIM" rat="LTE" q="45.60" rsrp="-106" sinr="19" rsrq="-8"/>
      </extensions>
    </trkpt>
    <trkpt lat="45.7333451" lon="10.6397911">
      <ele>819.0999755859375</ele>
      <time>2026-08-15T13:47:06.515+02:00</time>
      <extensions>
        <activity type="STILL" conf="100" state="still" tsMs="1786794417046"/>
        <radio op="vodafone IT" rat="LTE" q="36.80" rsrp="-109" sinr="18" rsrq="-7"/>
        <radio op="I TIM" rat="LTE" q="25.20" rsrp="-107" sinr="9" rsrq="-6"/>
      </extensions>
    </trkpt>
    <trkpt lat="45.7333054" lon="10.6397881">
      <ele>819.0999755859375</ele>
      <time>2026-08-15T13:47:16.502+02:00</time>
      <extensions>
        <activity type="STILL" conf="100" state="still" tsMs="1786794427826"/>
        <radio op="vodafone IT" rat="LTE" q="30.80" rsrp="-111" sinr="17" rsrq="-8"/>
        <radio op="I TIM" rat="LTE" q="47.50" rsrp="-106" sinr="22" rsrq="-6"/>
      </extensions>
    </trkpt>
    <trkpt lat="45.7333738" lon="10.6397956">
      <ele>819.0999755859375</ele>
      <time>2026-08-15T13:47:26.501+02:00</time>
      <extensions>
        <activity type="STILL" conf="100" state="still" tsMs="1786794439127"/>
        <radio op="vodafone IT" rat="LTE" q="32.20" rsrp="-111" sinr="18" rsrq="-7"/>
        <radio op="I TIM" rat="LTE" q="32.00" rsrp="-105" sinr="11" rsrq="-5"/>
      </extensions>
    </trkpt>
    <trkpt lat="45.7333558" lon="10.6398581">
      <ele>819.0999755859375</ele>
      <time>2026-08-15T13:47:36.501+02:00</time>
      <extensions>
        <activity type="STILL" conf="100" state="still" tsMs="1786794450499"/>
        <radio op="vodafone IT" rat="LTE" q="34.50" rsrp="-110" sinr="18" rsrq="-9"/>
        <radio op="I TIM" rat="LTE" q="47.50" rsrp="-106" sinr="21" rsrq="-7"/>
      </extensions>
    </trkpt>
    <trkpt lat="45.7333494" lon="10.6398569">
      <ele>819.0999755859375</ele>
      <time>2026-08-15T13:47:46.796+02:00</time>
      <extensions>
        <activity type="STILL" conf="100" state="still" tsMs="1786794450499"/>
        <radio op="vodafone IT" rat="LTE" q="28.00" rsrp="-111" sinr="15" rsrq="-8"/>
        <radio op="I TIM" rat="LTE" q="45.00" rsrp="-107" sinr="21" rsrq="-5"/>
      </extensions>
    </trkpt>
    <trkpt lat="45.7333502" lon="10.6398414">
      <ele>819.0999755859375</ele>
      <time>2026-08-15T13:47:57.561+02:00</time>
      <extensions>
        <activity type="STILL" conf="100" state="still" tsMs="1786794461847"/>
        <radio op="vodafone IT" rat="LTE" q="33.00" rsrp="-110" sinr="17" rsrq="-7"/>
        <radio op="I TIM" rat="LTE" q="47.50" rsrp="-106" sinr="20" rsrq="-7"/>
      </extensions>
    </trkpt>
    <trkpt lat="45.7333403" lon="10.6398213">
      <ele>819.0999755859375</ele>
      <time>2026-08-15T13:48:07.544+02:00</time>
      <extensions>
        <activity type="STILL" conf="100" state="still" tsMs="1786794473124"/>
        <radio op="vodafone IT" rat="LTE" q="28.60" rsrp="-112" sinr="17" rsrq="-9"/>
        <radio op="I TIM" rat="LTE" q="43.20" rsrp="-107" sinr="19" rsrq="-5"/>
      </extensions>
    </trkpt>
    <trkpt lat="45.7334107" lon="10.6397942">
      <ele>819.0999755859375</ele>
      <time>2026-08-15T13:48:17.53+02:00</time>
      <extensions>
        <activity type="STILL" conf="97" state="still" tsMs="1786794484477"/>
        <radio op="vodafone IT" rat="LTE" q="34.50" rsrp="-110" sinr="18" rsrq="-12"/>
        <radio op="I TIM" rat="LTE" q="23.40" rsrp="-107" sinr="8" rsrq="-6"/>
      </extensions>
    </trkpt>
    <trkpt lat="45.7333965" lon="10.6398296">
      <ele>819.0999755859375</ele>
      <time>2026-08-15T13:48:27.517+02:00</time>
      <extensions>
        <activity type="STILL" conf="38" state="still" tsMs="1786794495866"/>
        <radio op="vodafone IT" rat="LTE" q="30.80" rsrp="-111" sinr="17" rsrq="-7"/>
        <radio op="I TIM" rat="LTE" q="47.50" rsrp="-106" sinr="21" rsrq="-7"/>
      </extensions>
    </trkpt>
    <trkpt lat="45.7333528" lon="10.639828">
      <ele>819.0999755859375</ele>
      <time>2026-08-15T13:48:30.109+02:00</time>
      <extensions>
        <activity type="STILL" conf="38" state="still" tsMs="1786794495866"/>
        <radio op="vodafone IT" rat="LTE" q="33.00" rsrp="-110" sinr="17" rsrq="-8"/>
        <radio op="I TIM" rat="LTE" q="45.00" rsrp="-107" sinr="20" rsrq="-6"/>
      </extensions>
    </trkpt>
    <trkpt lat="45.7333453" lon="10.6398819">
      <ele>819.0999755859375</ele>
      <time>2026-08-15T13:49:08.633+02:00</time>
      <extensions>
        <activity type="UNKNOWN" conf="40" state="unknown" tsMs="1786794545926"/>
        <radio op="vodafone IT" rat="LTE" q="33.00" rsrp="-110" sinr="17" rsrq="-5"/>
        <radio op="I TIM" rat="LTE" q="42.50" rsrp="-108" sinr="22" rsrq="-7"/>
      </extensions>
    </trkpt>
    <trkpt lat="45.7333458" lon="10.6398817">
      <ele>819.0999755859375</ele>
      <time>2026-08-15T13:49:39.808+02:00</time>
      <extensions>
        <activity type="UNKNOWN" conf="40" state="unknown" tsMs="1786794573772"/>
        <radio op="vodafone IT" rat="LTE" q="36.00" rsrp="-110" sinr="19" rsrq="-9"/>
        <radio op="I TIM" rat="LTE" q="45.00" rsrp="-107" sinr="21" rsrq="-7"/>
      </extensions>
    </trkpt>
    <trkpt lat="45.7333452" lon="10.6398818">
      <ele>819.0999755859375</ele>
      <time>2026-08-15T13:50:10.971+02:00</time>
      <extensions>
        <activity type="UNKNOWN" conf="40" state="unknown" tsMs="1786794604926"/>
        <radio op="vodafone IT" rat="LTE" q="33.00" rsrp="-110" sinr="17" rsrq="-10"/>
        <radio op="I TIM" rat="LTE" q="36.80" rsrp="-109" sinr="18" rsrq="-8"/>
      </extensions>
    </trkpt>
    <trkpt lat="45.7333451" lon="10.639882">
      <ele>819.0999755859375</ele>
      <time>2026-08-15T13:50:42.105+02:00</time>
      <extensions>
        <activity type="UNKNOWN" conf="40" state="unknown" tsMs="1786794636096"/>
        <radio op="vodafone IT" rat="LTE" q="34.50" rsrp="-110" sinr="18" rsrq="-9"/>
        <radio op="I TIM" rat="LTE" q="42.50" rsrp="-108" sinr="20" rsrq="-9"/>
      </extensions>
    </trkpt>
    <trkpt lat="45.7333452" lon="10.6398818">
      <ele>819.0999755859375</ele>
      <time>2026-08-15T13:51:13.221+02:00</time>
      <extensions>
        <activity type="UNKNOWN" conf="40" state="unknown" tsMs="1786794667262"/>
        <radio op="vodafone IT" rat="LTE" q="33.00" rsrp="-110" sinr="17" rsrq="-6"/>
        <radio op="I TIM" rat="LTE" q="40.80" rsrp="-108" sinr="19" rsrq="-11"/>
      </extensions>
    </trkpt>
    <trkpt lat="45.733318" lon="10.6399121">
      <ele>819.0999755859375</ele>
      <time>2026-08-15T14:11:05.537+02:00</time>
      <extensions>
        <activity type="UNKNOWN" conf="40" state="unknown" tsMs="1786795843477"/>
        <radio op="vodafone IT" rat="LTE" q="40.80" rsrp="-108" sinr="19" rsrq="-11"/>
        <radio op="I TIM" rat="LTE" q="37.80" rsrp="-107" sinr="16" rsrq="-5"/>
      </extensions>
    </trkpt>
    <trkpt lat="45.7332507" lon="10.6399312">
      <ele>819.0999755859375</ele>
      <time>2026-08-15T14:11:15.505+02:00</time>
      <extensions>
        <activity type="STILL" conf="99" state="still" tsMs="1786795860454"/>
        <radio op="vodafone IT" rat="LTE" q="35.00" rsrp="-111" sinr="20" rsrq="-9"/>
        <radio op="I TIM" rat="LTE" q="26.00" rsrp="-112" sinr="15" rsrq="-6"/>
      </extensions>
    </trkpt>
    <trkpt lat="45.7332229" lon="10.639892">
      <ele>819.0999755859375</ele>
      <time>2026-08-15T14:11:25.502+02:00</time>
      <extensions>
        <activity type="STILL" conf="97" state="still" tsMs="1786795871789"/>
        <radio op="vodafone IT" rat="LTE" q="27.30" rsrp="-112" sinr="16" rsrq="-6"/>
        <radio op="I TIM" rat="LTE" q="25.20" rsrp="-107" sinr="9" rsrq="-7"/>
      </extensions>
    </trkpt>
    <trkpt lat="45.733239" lon="10.6398847">
      <ele>819.0999755859375</ele>
      <time>2026-08-15T14:11:35.555+02:00</time>
      <extensions>
        <activity type="STILL" conf="51" state="still" tsMs="1786795883135"/>
        <radio op="vodafone IT" rat="LTE" q="28.00" rsrp="-111" sinr="15" rsrq="-8"/>
        <radio op="I TIM" rat="LTE" q="22.40" rsrp="-109" sinr="9" rsrq="-7"/>
      </extensions>
    </trkpt>
    <trkpt lat="45.7332819" lon="10.6398809">
      <ele>819.0999755859375</ele>
      <time>2026-08-15T14:11:45.521+02:00</time>
      <extensions>
        <activity type="STILL" conf="51" state="still" tsMs="1786795883135"/>
        <radio op="vodafone IT" rat="LTE" q="18.00" rsrp="-115" sinr="13" rsrq="-8"/>
        <radio op="I TIM" rat="LTE" q="25.50" rsrp="-108" sinr="10" rsrq="-8"/>
      </extensions>
    </trkpt>
    <trkpt lat="45.7333098" lon="10.6398955">
      <ele>819.0999755859375</ele>
      <time>2026-08-15T14:11:55.502+02:00</time>
      <extensions>
        <activity type="STILL" conf="96" state="still" tsMs="1786795900123"/>
        <radio op="vodafone IT" rat="LTE" q="16.80" rsrp="-113" sinr="9" rsrq="-11"/>
        <radio op="I TIM" rat="LTE" q="25.50" rsrp="-110" sinr="12" rsrq="-8"/>
      </extensions>
    </trkpt>
    <trkpt lat="45.7333525" lon="10.6398755">
      <ele>819.0999755859375</ele>
      <time>2026-08-15T14:12:05.502+02:00</time>
      <extensions>
        <activity type="STILL" conf="44" state="still" tsMs="1786795911370"/>
        <radio op="vodafone IT" rat="LTE" q="22.00" rsrp="-114" sinr="15" rsrq="-7"/>
        <radio op="I TIM" rat="LTE" q="42.50" rsrp="-108" sinr="21" rsrq="-10"/>
      </extensions>
    </trkpt>
    <trkpt lat="45.7333557" lon="10.639866">
      <ele>819.0999755859375</ele>
      <time>2026-08-15T14:12:15.552+02:00</time>
      <extensions>
        <activity type="STILL" conf="44" state="still" tsMs="1786795911370"/>
        <radio op="vodafone IT" rat="LTE" q="24.00" rsrp="-113" sinr="15" rsrq="-9"/>
        <radio op="I TIM" rat="LTE" q="35.20" rsrp="-109" sinr="17" rsrq="-6"/>
      </extensions>
    </trkpt>
    <trkpt lat="45.7333276" lon="10.6399033">
      <ele>819.0999755859375</ele>
      <time>2026-08-15T14:12:25.527+02:00</time>
      <extensions>
        <activity type="STILL" conf="60" state="still" tsMs="1786795928307"/>
        <radio op="vodafone IT" rat="LTE" q="19.50" rsrp="-112" sinr="10" rsrq="-12"/>
        <radio op="I TIM" rat="LTE" q="25.50" rsrp="-110" sinr="12" rsrq="-7"/>
      </extensions>
    </trkpt>
    <trkpt lat="45.7332995" lon="10.6399191">
      <ele>819.0999755859375</ele>
      <time>2026-08-15T14:12:35.837+02:00</time>
      <extensions>
        <activity type="STILL" conf="60" state="still" tsMs="1786795928307"/>
        <radio op="vodafone IT" rat="LTE" q="16.50" rsrp="-114" sinr="10" rsrq="-11"/>
        <radio op="I TIM" rat="LTE" q="27.20" rsrp="-109" sinr="12" rsrq="-6"/>
      </extensions>
    </trkpt>
    <trkpt lat="45.7332989" lon="10.6398913">
      <ele>819.0999755859375</ele>
      <time>2026-08-15T14:12:46.502+02:00</time>
      <extensions>
        <activity type="UNKNOWN" conf="40" state="unknown" tsMs="1786795945242"/>
        <radio op="vodafone IT" rat="LTE" q="22.10" rsrp="-112" sinr="12" rsrq="-12"/>
        <radio op="I TIM" rat="LTE" q="30.60" rsrp="-107" sinr="12" rsrq="-7"/>
      </extensions>
    </trkpt>
    <trkpt lat="45.7333209" lon="10.639876">
      <ele>819.0999755859375</ele>
      <time>2026-08-15T14:12:56.502+02:00</time>
      <extensions>
        <activity type="STILL" conf="100" state="still" tsMs="1786795962143"/>
        <radio op="vodafone IT" rat="LTE" q="20.90" rsrp="-114" sinr="14" rsrq="-8"/>
        <radio op="I TIM" rat="LTE" q="34.00" rsrp="-108" sinr="15" rsrq="-8"/>
      </extensions>
    </trkpt>
    <trkpt lat="45.7333363" lon="10.6398692">
      <ele>819.0999755859375</ele>
      <time>2026-08-15T14:13:06.546+02:00</time>
      <extensions>
        <activity type="STILL" conf="96" state="still" tsMs="1786795979037"/>
        <radio op="vodafone IT" rat="LTE" q="14.40" rsrp="-117" sinr="13" rsrq="-10"/>
        <radio op="I TIM" rat="LTE" q="36.00" rsrp="-107" sinr="15" rsrq="-8"/>
      </extensions>
    </trkpt>
    <trkpt lat="45.7333247" lon="10.6398517">
      <ele>819.0999755859375</ele>
      <time>2026-08-15T14:13:16.522+02:00</time>
      <extensions>
        <activity type="STILL" conf="97" state="still" tsMs="1786795989707"/>
        <radio op="vodafone IT" rat="LTE" q="16.50" rsrp="-114" sinr="10" rsrq="-9"/>
        <radio op="I TIM" rat="LTE" q="28.80" rsrp="-109" sinr="13" rsrq="-9"/>
      </extensions>
    </trkpt>
    <trkpt lat="45.733313" lon="10.6398736">
      <ele>819.0999755859375</ele>
      <time>2026-08-15T14:13:26.502+02:00</time>
      <extensions>
        <activity type="STILL" conf="97" state="still" tsMs="1786795989707"/>
        <radio op="vodafone IT" rat="LTE" q="19.20" rsrp="-113" sinr="11" rsrq="-9"/>
        <radio op="I TIM" rat="LTE" q="32.00" rsrp="-105" sinr="11" rsrq="-5"/>
      </extensions>
    </trkpt>
    <trkpt lat="45.7332826" lon="10.6399334">
      <ele>819.0999755859375</ele>
      <time>2026-08-15T14:13:36.502+02:00</time>
      <extensions>
        <activity type="STILL" conf="54" state="still" tsMs="1786796001001"/>
        <radio op="vodafone IT" rat="LTE" q="45.00" rsrp="-107" sinr="20" rsrq="-10"/>
        <radio op="I TIM" rat="LTE" q="40.00" rsrp="-109" sinr="20" rsrq="-7"/>
      </extensions>
    </trkpt>
    <trkpt lat="45.7332958" lon="10.6399473">
      <ele>819.0999755859375</ele>
      <time>2026-08-15T14:13:46.563+02:00</time>
      <extensions>
        <activity type="STILL" conf="54" state="still" tsMs="1786796001001"/>
        <radio op="vodafone IT" rat="LTE" q="20.40" rsrp="-113" sinr="12" rsrq="-10"/>
        <radio op="I TIM" rat="LTE" q="42.50" rsrp="-108" sinr="21" rsrq="-8"/>
      </extensions>
    </trkpt>
    <trkpt lat="45.7332998" lon="10.6399068">
      <ele>819.0999755859375</ele>
      <time>2026-08-15T14:13:55.528+02:00</time>
      <extensions>
        <activity type="STILL" conf="73" state="still" tsMs="1786796017938"/>
        <radio op="vodafone IT" rat="LTE" q="28.60" rsrp="-112" sinr="17" rsrq="-12"/>
        <radio op="I TIM" rat="LTE" q="40.00" rsrp="-109" sinr="20" rsrq="-7"/>
      </extensions>
    </trkpt>
    <trkpt lat="45.7333527" lon="10.6398759">
      <ele>819.0999755859375</ele>
      <time>2026-08-15T14:14:07.522+02:00</time>
      <extensions>
        <activity type="STILL" conf="99" state="still" tsMs="1786796034926"/>
        <radio op="vodafone IT" rat="LTE" q="18.70" rsrp="-114" sinr="12" rsrq="-8"/>
        <radio op="I TIM" rat="LTE" q="39.10" rsrp="-108" sinr="18" rsrq="-8"/>
      </extensions>
    </trkpt>
    <trkpt lat="45.7333476" lon="10.6398716">
      <ele>819.0999755859375</ele>
      <time>2026-08-15T14:14:17.502+02:00</time>
      <extensions>
        <activity type="STILL" conf="99" state="still" tsMs="1786796034926"/>
        <radio op="vodafone IT" rat="LTE" q="9.60" rsrp="-113" sinr="3" rsrq="-12"/>
        <radio op="I TIM" rat="LTE" q="28.80" rsrp="-109" sinr="13" rsrq="-7"/>
      </extensions>
    </trkpt>
    <trkpt lat="45.7333467" lon="10.6398758">
      <ele>819.0999755859375</ele>
      <time>2026-08-15T14:14:21.536+02:00</time>
      <extensions>
        <activity type="STILL" conf="99" state="still" tsMs="1786796046261"/>
        <radio op="vodafone IT" rat="LTE" q="30.80" rsrp="-111" sinr="17" rsrq="-10"/>
        <radio op="I TIM" rat="LTE" q="34.00" rsrp="-108" sinr="15" rsrq="-5"/>
      </extensions>
    </trkpt>
    <trkpt lat="45.7332526" lon="10.6400094">
      <ele>819.0999755859375</ele>
      <time>2026-08-15T14:14:55.502+02:00</time>
      <extensions>
        <activity type="STILL" conf="61" state="still" tsMs="1786796088112"/>
        <radio op="vodafone IT" rat="LTE" q="39.90" rsrp="-106" sinr="16" rsrq="-8"/>
        <radio op="I TIM" rat="LTE" q="36.00" rsrp="-105" sinr="13" rsrq="-7"/>
      </extensions>
    </trkpt>
    <trkpt lat="45.7333397" lon="10.639888">
      <ele>819.0999755859375</ele>
      <time>2026-08-15T14:15:07.502+02:00</time>
      <extensions>
        <activity type="STILL" conf="100" state="still" tsMs="1786796093372"/>
        <radio op="vodafone IT" rat="LTE" q="35.20" rsrp="-109" sinr="17" rsrq="-6"/>
        <radio op="I TIM" rat="LTE" q="34.00" rsrp="-108" sinr="15" rsrq="-9"/>
      </extensions>
    </trkpt>
    <trkpt lat="45.733318" lon="10.6398928">
      <ele>819.0999755859375</ele>
      <time>2026-08-15T14:15:18.502+02:00</time>
      <extensions>
        <activity type="STILL" conf="98" state="still" tsMs="1786796107479"/>
        <radio op="vodafone IT" rat="LTE" q="52.50" rsrp="-104" sinr="20" rsrq="-8"/>
        <radio op="I TIM" rat="LTE" q="24.70" rsrp="-106" sinr="8" rsrq="-6"/>
      </extensions>
    </trkpt>
    <trkpt lat="45.7333795" lon="10.6399401">
      <ele>819.0999755859375</ele>
      <time>2026-08-15T14:15:24.953+02:00</time>
      <extensions>
        <activity type="STILL" conf="98" state="still" tsMs="1786796107479"/>
        <radio op="vodafone IT" rat="LTE" q="46.00" rsrp="-105" sinr="18" rsrq="-8"/>
        <radio op="I TIM" rat="LTE" q="42.00" rsrp="-104" sinr="15" rsrq="-9"/>
      </extensions>
    </trkpt>
    <trkpt lat="45.7333675" lon="10.6399704">
      <ele>816.8999633789062</ele>
      <time>2026-08-15T14:15:59.793+02:00</time>
      <extensions>
        <activity type="UNKNOWN" conf="40" state="unknown" tsMs="1786796154414"/>
        <radio op="vodafone IT" rat="LTE" q="23.80" rsrp="-111" sinr="12" rsrq="-9"/>
        <radio op="I TIM" rat="LTE" q="27.30" rsrp="-112" sinr="16" rsrq="-9"/>
      </extensions>
    </trkpt>
    <trkpt lat="45.7333675" lon="10.6399704">
      <ele>816.7999877929688</ele>
      <time>2026-08-15T14:16:09.42+02:00</time>
      <extensions>
        <activity type="UNKNOWN" conf="40" state="unknown" tsMs="1786796176915"/>
        <radio op="vodafone IT" rat="LTE" q="45.60" rsrp="-106" sinr="19" rsrq="-10"/>
        <radio op="I TIM" rat="LTE" q="45.60" rsrp="-106" sinr="19" rsrq="-6"/>
      </extensions>
    </trkpt>
    <trkpt lat="45.733505" lon="10.6400961">
      <ele>816.7999877929688</ele>
      <time>2026-08-15T14:16:56.501+02:00</time>
      <extensions>
        <activity type="UNKNOWN" conf="40" state="unknown" tsMs="1786796209982"/>
        <radio op="vodafone IT" rat="LTE" q="34.50" rsrp="-110" sinr="18" rsrq="-8"/>
        <radio op="I TIM" rat="LTE" q="30.00" rsrp="-110" sinr="15" rsrq="-6"/>
      </extensions>
    </trkpt>
    <trkpt lat="45.7338062" lon="10.6408996">
      <ele>816.7999877929688</ele>
      <time>2026-08-15T14:17:46.501+02:00</time>
      <extensions>
        <activity type="IN_VEHICLE" conf="96" state="moving" tsMs="1786796265861"/>
        <radio op="vodafone IT" rat="LTE" q="92.50" rsrp="-88" sinr="30" rsrq="-7"/>
        <radio op="I TIM" rat="LTE" rsrp="-87" rsrq="-8"/>
      </extensions>
    </trkpt>
    <trkpt lat="45.7334584" lon="10.6439175">
      <ele>784.7947147084332</ele>
      <time>2026-08-15T14:18:35.501+02:00</time>
      <extensions>
        <activity type="IN_VEHICLE" conf="96" state="moving" tsMs="1786796315197"/>
        <radio op="vodafone IT" rat="LTE" q="33.00" rsrp="-110" sinr="17" rsrq="-7"/>
        <radio op="I TIM" rat="LTE" q="23.80" rsrp="-108" sinr="9" rsrq="-6"/>
      </extensions>
    </trkpt>
    <trkpt lat="45.7360873" lon="10.64697">
      <ele>741.0486353275151</ele>
      <time>2026-08-15T14:19:12.501+02:00</time>
      <extensions>
        <activity type="IN_VEHICLE" conf="96" state="moving" tsMs="1786796352069"/>
        <radio op="vodafone IT" rat="LTE" q="41.40" rsrp="-107" sinr="18" rsrq="-7"/>
        <radio op="I TIM" rat="LTE" q="34.00" rsrp="-108" sinr="15" rsrq="-11"/>
      </extensions>
    </trkpt>
    <trkpt lat="45.734263" lon="10.6479855">
      <ele>724.334668812732</ele>
      <time>2026-08-15T14:20:09.501+02:00</time>
      <extensions>
        <activity type="IN_VEHICLE" conf="96" state="moving" tsMs="1786796409551"/>
        <radio op="vodafone IT" rat="LTE" q="50.00" rsrp="-105" sinr="22" rsrq="-11"/>
        <radio op="I TIM" rat="LTE" q="45.00" rsrp="-107" sinr="24" rsrq="-7"/>
      </extensions>
    </trkpt>
    <trkpt lat="45.7304527" lon="10.6474636">
      <ele>723.6917853849756</ele>
      <time>2026-08-15T14:20:45.501+02:00</time>
      <extensions>
        <activity type="IN_VEHICLE" conf="97" state="moving" tsMs="1786796441962"/>
        <radio op="vodafone IT" rat="LTE" q="8.40" rsrp="-118" sinr="7" rsrq="-14"/>
        <radio op="I TIM" rat="LTE" q="18.00" rsrp="-115" sinr="13" rsrq="-10"/>
      </extensions>
    </trkpt>
    <trkpt lat="45.7243685" lon="10.6467931">
      <ele>742.0104530205061</ele>
      <time>2026-08-15T14:22:05.504+02:00</time>
      <extensions>
        <activity type="IN_VEHICLE" conf="96" state="moving" tsMs="1786796525613"/>
        <radio op="vodafone IT" rat="LTE" q="15.60" rsrp="-113" sinr="8" rsrq="-9"/>
        <radio op="I TIM" rat="LTE" q="18.20" rsrp="-112" sinr="9" rsrq="-13"/>
      </extensions>
    </trkpt>
    <trkpt lat="45.7211519" lon="10.6445321">
      <ele>761.8568354886604</ele>
      <time>2026-08-15T14:22:46.503+02:00</time>
      <extensions>
        <activity type="IN_VEHICLE" conf="96" state="moving" tsMs="1786796561839"/>
        <radio op="vodafone IT" rat="LTE" q="62.50" rsrp="-100" sinr="21" rsrq="-7"/>
        <radio op="I TIM" rat="LTE" q="27.00" rsrp="-110" sinr="13" rsrq="-8"/>
      </extensions>
    </trkpt>
    <trkpt lat="45.7171846" lon="10.6416539">
      <ele>782.9222790912452</ele>
      <time>2026-08-15T14:23:27.504+02:00</time>
      <extensions>
        <activity type="IN_VEHICLE" conf="96" state="moving" tsMs="1786796598989"/>
        <radio op="vodafone IT" rat="LTE" q="100.00" rsrp="-81" sinr="29" rsrq="-7"/>
        <radio op="I TIM" rat="LTE" q="100.00" rsrp="-82" sinr="30" rsrq="-9"/>
      </extensions>
    </trkpt>
    <trkpt lat="45.7157835" lon="10.6407396">
      <ele>816.7999877929688</ele>
      <time>2026-08-15T14:23:41.504+02:00</time>
      <extensions>
        <activity type="IN_VEHICLE" conf="97" state="moving" tsMs="1786796637111"/>
        <radio op="vodafone IT" rat="LTE" q="72.00" rsrp="-89" sinr="15" rsrq="-6"/>
        <radio op="I TIM" rat="LTE" q="42.90" rsrp="-86" sinr="6" rsrq="-8"/>
      </extensions>
    </trkpt>
    <trkpt lat="45.7037621" lon="10.6320829">
      <ele>764.9734929787794</ele>
      <time>2026-08-15T14:26:34.504+02:00</time>
      <extensions>
        <activity type="IN_VEHICLE" conf="97" state="moving" tsMs="1786796806668"/>
        <radio op="vodafone IT" rat="WCDMA"/>
        <radio op="I TIM" rat="LTE" rsrq="-20"/>
      </extensions>
    </trkpt>
    <trkpt lat="45.7011491" lon="10.6291894">
      <ele>788.2774489591534</ele>
      <time>2026-08-15T14:27:32.503+02:00</time>
      <extensions>
        <activity type="IN_VEHICLE" conf="96" state="moving" tsMs="1786796851956"/>
        <radio op="vodafone IT" rat="LTE" rsrp="-128" rsrq="-15"/>
        <radio op="I TIM" rat="LTE" q="0.00" rsrp="-126" sinr="1" rsrq="-13"/>
      </extensions>
    </trkpt>
    <trkpt lat="45.6971823" lon="10.6332322">
      <ele>797.6811330002055</ele>
      <time>2026-08-15T14:28:22.503+02:00</time>
      <extensions>
        <activity type="IN_VEHICLE" conf="96" state="moving" tsMs="1786796900519"/>
        <radio op="vodafone IT" rat="LTE" rsrq="-20"/>
        <radio op="I TIM" rat="LTE" rsrp="-138" rsrq="-23"/>
      </extensions>
    </trkpt>
    <trkpt lat="45.6931023" lon="10.6351751">
      <ele>796.1187657031782</ele>
      <time>2026-08-15T14:29:03.504+02:00</time>
      <extensions>
        <activity type="IN_VEHICLE" conf="96" state="moving" tsMs="1786796942577"/>
        <radio op="vodafone IT" rat="OTHER"/>
        <radio op="I TIM" rat="LTE" rsrp="-121" rsrq="-21"/>
      </extensions>
    </trkpt>
    <trkpt lat="45.6932641" lon="10.6382623">
      <ele>753.4168292395727</ele>
      <time>2026-08-15T14:29:47.504+02:00</time>
      <extensions>
        <activity type="IN_VEHICLE" conf="97" state="moving" tsMs="1786796993167"/>
        <radio op="vodafone IT" rat="LTE" q="36.00" rsrp="-101" sinr="10" rsrq="-9"/>
        <radio op="I TIM" rat="LTE" rsrp="-115" rsrq="-18"/>
      </extensions>
    </trkpt>
    <trkpt lat="45.6906985" lon="10.6339424">
      <ele>709.8226624564154</ele>
      <time>2026-08-15T14:30:22.504+02:00</time>
      <extensions>
        <activity type="IN_VEHICLE" conf="97" state="moving" tsMs="1786797029780"/>
        <radio op="vodafone IT" rat="LTE" q="11.20" rsrp="-109" sinr="2" rsrq="-13"/>
        <radio op="I TIM" rat="LTE" rsrp="-116" rsrq="-15"/>
      </extensions>
    </trkpt>
    <trkpt lat="45.689509" lon="10.6347692">
      <ele>658.8989536705736</ele>
      <time>2026-08-15T14:31:12.504+02:00</time>
      <extensions>
        <activity type="IN_VEHICLE" conf="97" state="moving" tsMs="1786797068312"/>
        <radio op="vodafone IT" rat="LTE" q="30.80" rsrp="-103" sinr="9" rsrq="-13"/>
        <radio op="I TIM" rat="LTE" rsrp="-115" rsrq="-13"/>
      </extensions>
    </trkpt>
    <trkpt lat="45.6897115" lon="10.6386426">
      <ele>619.3102662310686</ele>
      <time>2026-08-15T14:32:04.504+02:00</time>
      <extensions>
        <activity type="IN_VEHICLE" conf="97" state="moving" tsMs="1786797131454"/>
        <radio op="vodafone IT" rat="LTE" q="77.50" rsrp="-94" sinr="22" rsrq="-8"/>
        <radio op="I TIM" rat="LTE" q="54.60" rsrp="-99" sinr="16" rsrq="-11"/>
      </extensions>
    </trkpt>
    <trkpt lat="45.6885691" lon="10.6408006">
      <ele>592.9432102115879</ele>
      <time>2026-08-15T14:32:41.504+02:00</time>
      <extensions>
        <activity type="IN_VEHICLE" conf="96" state="moving" tsMs="1786797169994"/>
        <radio op="vodafone IT" rat="LTE" q="25.20" rsrp="-107" sinr="9" rsrq="-13"/>
        <radio op="I TIM" rat="LTE" rsrp="-121" rsrq="-16"/>
      </extensions>
    </trkpt>
    <trkpt lat="45.6898888" lon="10.644222">
      <ele>563.555609326567</ele>
      <time>2026-08-15T14:33:17.504+02:00</time>
      <extensions>
        <activity type="IN_VEHICLE" conf="96" state="moving" tsMs="1786797197432"/>
        <radio op="vodafone IT" rat="LTE" q="100.00" rsrp="-84" sinr="28" rsrq="-11"/>
        <radio op="I TIM" rat="LTE" q="88.00" rsrp="-83" sinr="17" rsrq="-10"/>
      </extensions>
    </trkpt>
    <trkpt lat="45.6874253" lon="10.6404191">
      <ele>541.4196318355893</ele>
      <time>2026-08-15T14:33:58.186+02:00</time>
      <extensions>
        <activity type="IN_VEHICLE" conf="97" state="moving" tsMs="1786797232947"/>
        <radio op="vodafone IT" rat="LTE" q="90.00" rsrp="-89" sinr="20" rsrq="-9"/>
        <radio op="I TIM" rat="LTE" q="100.00" rsrp="-81" sinr="21" rsrq="-12"/>
      </extensions>
    </trkpt>
    <trkpt lat="45.6846578" lon="10.635436">
      <ele>538.6206256666626</ele>
      <time>2026-08-15T14:34:28.909+02:00</time>
      <extensions>
        <activity type="IN_VEHICLE" conf="97" state="moving" tsMs="1786797264031"/>
        <radio op="vodafone IT" rat="LTE" q="27.90" rsrp="-94" sinr="4" rsrq="-13"/>
        <radio op="I TIM" rat="LTE" q="44.00" rsrp="-78" sinr="6" rsrq="-12"/>
      </extensions>
    </trkpt>
    <trkpt lat="45.6837662" lon="10.631774">
      <ele>545.1272465231127</ele>
      <time>2026-08-15T14:35:07.893+02:00</time>
      <extensions>
        <activity type="IN_VEHICLE" conf="97" state="moving" tsMs="1786797306979"/>
        <radio op="vodafone IT" rat="LTE" q="77.50" rsrp="-94" sinr="23" rsrq="-7"/>
        <radio op="I TIM" rat="LTE" q="100.00" rsrp="-85" sinr="22" rsrq="-9"/>
      </extensions>
    </trkpt>
    <trkpt lat="45.682857" lon="10.6251996">
      <ele>562.3695701529982</ele>
      <time>2026-08-15T14:35:56.504+02:00</time>
      <extensions>
        <activity type="IN_VEHICLE" conf="97" state="moving" tsMs="1786797356673"/>
        <radio op="vodafone IT" rat="LTE" rsrp="-121" rsrq="-18"/>
        <radio op="I TIM" rat="LTE" rsrp="-122" rsrq="-16"/>
      </extensions>
    </trkpt>
    <trkpt lat="45.6854367" lon="10.6137853">
      <ele>544.7548358131198</ele>
      <time>2026-08-15T14:37:10.504+02:00</time>
      <extensions>
        <activity type="IN_VEHICLE" conf="96" state="moving" tsMs="1786797427957"/>
        <radio op="vodafone IT" rat="LTE" q="1.20" rsrp="-123" sinr="1" rsrq="-13"/>
        <radio op="I TIM" rat="LTE" rsrq="-20"/>
      </extensions>
    </trkpt>
    <trkpt lat="45.6874107" lon="10.6119166">
      <ele>530.3999633789062</ele>
      <time>2026-08-15T14:37:53.504+02:00</time>
      <extensions>
        <activity type="IN_VEHICLE" conf="96" state="moving" tsMs="1786797472757"/>
        <radio op="vodafone IT" rat="LTE" q="1.00" rsrp="-123" sinr="0" rsrq="-14"/>
        <radio op="I TIM" rat="LTE" rsrq="-20"/>
      </extensions>
    </trkpt>
    <trkpt lat="45.6925633" lon="10.6109535">
      <ele>525.33140530314</ele>
      <time>2026-08-15T14:38:47.504+02:00</time>
      <extensions>
        <activity type="IN_VEHICLE" conf="96" state="moving" tsMs="1786797526063"/>
        <radio op="vodafone IT" rat="LTE" q="0.00" rsrp="-126" sinr="1" rsrq="-15"/>
        <radio op="I TIM" rat="LTE" rsrq="-20"/>
      </extensions>
    </trkpt>
    <trkpt lat="45.6950675" lon="10.6121849">
      <ele>522.6048037026176</ele>
      <time>2026-08-15T14:39:29.504+02:00</time>
      <extensions>
        <activity type="IN_VEHICLE" conf="96" state="moving" tsMs="1786797569132"/>
        <radio op="vodafone IT" rat="LTE" rsrq="-20"/>
        <radio op="I TIM" rat="LTE" rsrq="-20"/>
      </extensions>
    </trkpt>
    <trkpt lat="45.6983903" lon="10.6114924">
      <ele>521.4611545494035</ele>
      <time>2026-08-15T14:40:12.504+02:00</time>
      <extensions>
        <activity type="IN_VEHICLE" conf="96" state="moving" tsMs="1786797619661"/>
        <radio op="vodafone IT" rat="LTE" rsrq="-20"/>
        <radio op="I TIM" rat="WCDMA"/>
      </extensions>
    </trkpt>
    <trkpt lat="45.7023798" lon="10.6114844">
      <ele>517.8304217120285</ele>
      <time>2026-08-15T14:40:55.504+02:00</time>
      <extensions>
        <activity type="IN_VEHICLE" conf="96" state="moving" tsMs="1786797655504"/>
        <radio op="vodafone IT" rat="LTE" rsrq="-20"/>
        <radio op="I TIM" rat="NR" q="20.00" rsrp="-44" sinr="0" rsrq="-3"/>
      </extensions>
    </trkpt>
    <trkpt lat="45.7055407" lon="10.6165916">
      <ele>533.5</ele>
      <time>2026-08-15T14:42:14.504+02:00</time>
      <extensions>
        <activity type="IN_VEHICLE" conf="96" state="moving" tsMs="1786797752332"/>
        <radio op="vodafone IT" rat="LTE" q="0.00" rsrp="-126" sinr="0" rsrq="-14"/>
        <radio op="WINDTRE" rat="LTE" q="37.80" rsrp="-98" sinr="9" rsrq="-7"/>
      </extensions>
    </trkpt>
    <trkpt lat="45.7145299" lon="10.6110928">
      <ele>568.4386254941965</ele>
      <time>2026-08-15T14:44:30.524+02:00</time>
      <extensions>
        <activity type="IN_VEHICLE" conf="96" state="moving" tsMs="1786797869471"/>
        <radio op="vodafone IT" rat="WCDMA"/>
        <radio op="WINDTRE" rat="LTE" q="14.40" rsrp="-116" sinr="11" rsrq="-7"/>
      </extensions>
    </trkpt>
    <trkpt lat="45.7180402" lon="10.6115751">
      <ele>567.5916498889453</ele>
      <time>2026-08-15T14:45:13.82+02:00</time>
      <extensions>
        <activity type="IN_VEHICLE" conf="97" state="moving" tsMs="1786797911684"/>
        <radio op="vodafone IT" rat="LTE" q="22.40" rsrp="-111" sinr="11" rsrq="-11"/>
        <radio op="WINDTRE" rat="LTE" q="4.50" rsrp="-120" sinr="4" rsrq="-9"/>
      </extensions>
    </trkpt>
    <trkpt lat="45.7190475" lon="10.6122366">
      <ele>533.5</ele>
      <time>2026-08-15T14:45:29.504+02:00</time>
      <extensions>
        <activity type="IN_VEHICLE" conf="97" state="moving" tsMs="1786797930512"/>
        <radio op="vodafone IT" rat="LTE" q="29.40" rsrp="-111" sinr="16" rsrq="-10"/>
        <radio op="I TIM" rat="LTE" q="32.00" rsrp="-105" sinr="11" rsrq="-8"/>
      </extensions>
    </trkpt>
    <trkpt lat="45.7248461" lon="10.6112332">
      <ele>567.8856682373762</ele>
      <time>2026-08-15T14:46:32.503+02:00</time>
      <extensions>
        <activity type="IN_VEHICLE" conf="96" state="moving" tsMs="1786797995904"/>
        <radio op="vodafone IT" rat="LTE" q="72.50" rsrp="-96" sinr="25" rsrq="-8"/>
        <radio op="I TIM" rat="LTE" q="35.00" rsrp="-111" sinr="26" rsrq="-9"/>
      </extensions>
    </trkpt>
    <trkpt lat="45.7282999" lon="10.60805">
      <ele>569.0596476568926</ele>
      <time>2026-08-15T14:47:13.503+02:00</time>
      <extensions>
        <activity type="IN_VEHICLE" conf="96" state="moving" tsMs="1786798028658"/>
        <radio op="vodafone IT" rat="LTE" q="75.00" rsrp="-95" sinr="23" rsrq="-10"/>
        <radio op="I TIM" rat="LTE" q="64.80" rsrp="-98" sinr="19" rsrq="-9"/>
      </extensions>
    </trkpt>
    <trkpt lat="45.7315843" lon="10.6071624">
      <ele>566.1274640802114</ele>
      <time>2026-08-15T14:47:51.503+02:00</time>
      <extensions>
        <activity type="IN_VEHICLE" conf="97" state="moving" tsMs="1786798078828"/>
        <radio op="vodafone IT" rat="LTE" q="57.20" rsrp="-99" sinr="17" rsrq="-12"/>
        <radio op="I TIM" rat="LTE" q="64.40" rsrp="-97" sinr="18" rsrq="-10"/>
      </extensions>
    </trkpt>
    <trkpt lat="45.7363603" lon="10.6051676">
      <ele>558.1580980220921</ele>
      <time>2026-08-15T14:48:40.503+02:00</time>
      <extensions>
        <activity type="IN_VEHICLE" conf="97" state="moving" tsMs="1786798133325"/>
        <radio op="vodafone IT" rat="LTE" q="22.40" rsrp="-111" sinr="11" rsrq="-14"/>
        <radio op="I TIM" rat="LTE" rsrp="-121" rsrq="-11"/>
      </extensions>
    </trkpt>
    <trkpt lat="45.7390616" lon="10.5995832">
      <ele>566.6015153763124</ele>
      <time>2026-08-15T14:49:24.503+02:00</time>
      <extensions>
        <activity type="IN_VEHICLE" conf="97" state="moving" tsMs="1786798175340"/>
        <radio op="vodafone IT" rat="LTE" q="39.60" rsrp="-107" sinr="17" rsrq="-13"/>
        <radio op="I TIM" rat="LTE" q="70.00" rsrp="-97" sinr="22" rsrq="-9"/>
      </extensions>
    </trkpt>
    <trkpt lat="45.7416691" lon="10.5963535">
      <ele>566.3337609698381</ele>
      <time>2026-08-15T14:50:02.503+02:00</time>
      <extensions>
        <activity type="IN_VEHICLE" conf="97" state="moving" tsMs="1786798201611"/>
        <radio op="vodafone IT" rat="LTE" q="33.00" rsrp="-110" sinr="17" rsrq="-13"/>
        <radio op="I TIM" rat="LTE" q="35.20" rsrp="-109" sinr="17" rsrq="-11"/>
      </extensions>
    </trkpt>
    <trkpt lat="45.744872" lon="10.5915824">
      <ele>560.2999877929688</ele>
      <time>2026-08-15T14:50:43.297+02:00</time>
      <extensions>
        <activity type="IN_VEHICLE" conf="97" state="moving" tsMs="1786798241996"/>
        <radio op="vodafone IT" rat="LTE" q="57.60" rsrp="-101" sinr="19" rsrq="-10"/>
        <radio op="I TIM" rat="LTE" q="66.00" rsrp="-95" sinr="17" rsrq="-8"/>
      </extensions>
    </trkpt>
    <trkpt lat="45.7472362" lon="10.5894393">
      <ele>570.6726286369748</ele>
      <time>2026-08-15T14:51:22.505+02:00</time>
      <extensions>
        <activity type="IN_VEHICLE" conf="97" state="moving" tsMs="1786798281365"/>
        <radio op="vodafone IT" rat="LTE" q="19.20" rsrp="-113" sinr="11" rsrq="-13"/>
        <radio op="I TIM" rat="LTE" q="19.50" rsrp="-112" sinr="10" rsrq="-11"/>
      </extensions>
    </trkpt>
    <trkpt lat="45.7512734" lon="10.5817173">
      <ele>705.3035295025591</ele>
      <time>2026-08-15T14:54:35.511+02:00</time>
      <extensions>
        <activity type="IN_VEHICLE" conf="97" state="moving" tsMs="1786798474219"/>
        <radio op="vodafone IT" rat="LTE" q="4.80" rsrp="-117" sinr="1" rsrq="-15"/>
        <radio op="I TIM" rat="LTE" q="8.40" rsrp="-113" sinr="2" rsrq="-12"/>
      </extensions>
    </trkpt>
    <trkpt lat="45.7518757" lon="10.5769526">
      <ele>741.1855490793725</ele>
      <time>2026-08-15T14:55:37.5+02:00</time>
      <extensions>
        <activity type="IN_VEHICLE" conf="96" state="moving" tsMs="1786798533963"/>
        <radio op="vodafone IT" rat="LTE" rsrp="-121" rsrq="-16"/>
        <radio op="I TIM" rat="LTE" rsrp="-115" rsrq="-13"/>
      </extensions>
    </trkpt>
    <trkpt lat="45.7505481" lon="10.5709062">
      <ele>777.2696385465091</ele>
      <time>2026-08-15T14:56:38.01+02:00</time>
      <extensions>
        <activity type="IN_VEHICLE" conf="97" state="moving" tsMs="1786798603438"/>
        <radio op="vodafone IT" rat="LTE" q="4.00" rsrp="-120" sinr="3" rsrq="-15"/>
        <radio op="I TIM" rat="LTE" rsrp="-117" rsrq="-16"/>
      </extensions>
    </trkpt>
    <trkpt lat="45.7538455" lon="10.5434882">
      <ele>944.0556450435397</ele>
      <time>2026-08-15T15:00:52.111+02:00</time>
      <extensions>
        <activity type="IN_VEHICLE" conf="97" state="moving" tsMs="1786798851373"/>
        <radio op="vodafone IT" rat="LTE" q="92.50" rsrp="-88" sinr="27" rsrq="-11"/>
        <radio op="I TIM" rat="LTE" q="5.00" rsrp="-120" sinr="5" rsrq="-14"/>
      </extensions>
    </trkpt>
    <trkpt lat="45.7478627" lon="10.5380177">
      <ele>977.545503750559</ele>
      <time>2026-08-15T15:02:22.507+02:00</time>
      <extensions>
        <activity type="IN_VEHICLE" conf="97" state="moving" tsMs="1786798949039"/>
        <radio op="vodafone IT" rat="LTE" q="80.00" rsrp="-93" sinr="25" rsrq="-10"/>
        <radio op="I TIM" rat="LTE" q="55.20" rsrp="-101" sinr="18" rsrq="-10"/>
      </extensions>
    </trkpt>
    <trkpt lat="45.7463293" lon="10.5330545">
      <ele>932.3648227747133</ele>
      <time>2026-08-15T15:02:57.506+02:00</time>
      <extensions>
        <activity type="IN_VEHICLE" conf="96" state="moving" tsMs="1786798976933"/>
        <radio op="vodafone IT" rat="LTE" q="90.00" rsrp="-89" sinr="25" rsrq="-11"/>
        <radio op="I TIM" rat="LTE" q="49.40" rsrp="-99" sinr="14" rsrq="-12"/>
      </extensions>
    </trkpt>
    <trkpt lat="45.7464657" lon="10.530877">
      <ele>896.247200899646</ele>
      <time>2026-08-15T15:03:33.506+02:00</time>
      <extensions>
        <activity type="IN_VEHICLE" conf="93" state="moving" tsMs="1786799007403"/>
        <radio op="vodafone IT" rat="LTE" q="60.00" rsrp="-101" sinr="23" rsrq="-12"/>
        <radio op="I TIM" rat="LTE" q="37.80" rsrp="-107" sinr="16" rsrq="-13"/>
      </extensions>
    </trkpt>
    <trkpt lat="45.7476336" lon="10.5302613">
      <ele>861.8998258774793</ele>
      <time>2026-08-15T15:04:20.506+02:00</time>
      <extensions>
        <activity type="IN_VEHICLE" conf="96" state="moving" tsMs="1786799059904"/>
        <radio op="vodafone IT" rat="LTE" q="95.00" rsrp="-87" sinr="25" rsrq="-10"/>
        <radio op="I TIM" rat="LTE" q="62.10" rsrp="-98" sinr="18" rsrq="-11"/>
      </extensions>
    </trkpt>
    <trkpt lat="45.7477766" lon="10.5299275">
      <ele>846.0</ele>
      <time>2026-08-15T15:04:36.506+02:00</time>
      <extensions>
        <activity type="IN_VEHICLE" conf="96" state="moving" tsMs="1786799059904"/>
        <radio op="vodafone IT" rat="LTE" q="45.00" rsrp="-107" sinr="20" rsrq="-11"/>
        <radio op="I TIM" rat="LTE" q="32.30" rsrp="-108" sinr="14" rsrq="-12"/>
      </extensions>
    </trkpt>
    <trkpt lat="45.7476275" lon="10.5262393">
      <ele>789.7910389573137</ele>
      <time>2026-08-15T15:05:32.506+02:00</time>
      <extensions>
        <activity type="IN_VEHICLE" conf="98" state="moving" tsMs="1786799127008"/>
        <radio op="vodafone IT" rat="LTE" q="15.30" rsrp="-116" sinr="12" rsrq="-12"/>
        <radio op="I TIM" rat="LTE" q="0.60" rsrp="-124" sinr="1" rsrq="-14"/>
      </extensions>
    </trkpt>
    <trkpt lat="45.7479112" lon="10.5244582">
      <ele>749.113319821035</ele>
      <time>2026-08-15T15:06:14.506+02:00</time>
      <extensions>
        <activity type="IN_VEHICLE" conf="96" state="moving" tsMs="1786799173732"/>
        <radio op="vodafone IT" rat="LTE" q="2.00" rsrp="-123" sinr="5" rsrq="-12"/>
        <radio op="I TIM" rat="LTE" q="3.60" rsrp="-121" sinr="4" rsrq="-14"/>
      </extensions>
    </trkpt>
    <trkpt lat="45.7504323" lon="10.5177129">
      <ele>694.1931198090765</ele>
      <time>2026-08-15T15:06:57.508+02:00</time>
      <extensions>
        <activity type="IN_VEHICLE" conf="96" state="moving" tsMs="1786799224210"/>
        <radio op="vodafone IT" rat="LTE" rsrq="-20"/>
        <radio op="I TIM" rat="LTE" q="0.00" rsrp="-127" sinr="0" rsrq="-17"/>
      </extensions>
    </trkpt>
    <trkpt lat="45.7491737" lon="10.5083554">
      <ele>595.0</ele>
      <time>2026-08-15T15:08:08.508+02:00</time>
      <extensions>
        <activity type="IN_VEHICLE" conf="97" state="moving" tsMs="1786799283315"/>
        <radio op="vodafone IT" rat="LTE" rsrq="-20"/>
        <radio op="I TIM" rat="LTE" rsrq="-20"/>
      </extensions>
    </trkpt>
    <trkpt lat="45.7490932" lon="10.508282">
      <ele>595.0</ele>
      <time>2026-08-15T15:08:09.508+02:00</time>
      <extensions>
        <activity type="IN_VEHICLE" conf="96" state="moving" tsMs="1786799288822"/>
        <radio op="vodafone IT" rat="WCDMA"/>
        <radio op="I TIM" rat="LTE" rsrq="-20"/>
      </extensions>
    </trkpt>
    <trkpt lat="45.7484927" lon="10.5065466">
      <ele>611.0</ele>
      <time>2026-08-15T15:08:24.508+02:00</time>
      <extensions>
        <activity type="IN_VEHICLE" conf="96" state="moving" tsMs="1786799314393"/>
        <radio op="vodafone IT" rat="WCDMA"/>
        <radio op="I TIM" rat="LTE" rsrq="-20"/>
      </extensions>
    </trkpt>
    <trkpt lat="45.7427523" lon="10.4930539">
      <ele>603.010783030996</ele>
      <time>2026-08-15T15:10:08.508+02:00</time>
      <extensions>
        <activity type="IN_VEHICLE" conf="97" state="moving" tsMs="1786799405029"/>
        <radio op="vodafone IT" rat="LTE" q="7.70" rsrp="-114" sinr="2" rsrq="-14"/>
        <radio op="I TIM" rat="LTE" q="8.00" rsrp="-109" sinr="0" rsrq="-14"/>
      </extensions>
    </trkpt>
    <trkpt lat="45.7430541" lon="10.4927679">
      <ele>587.1534579355584</ele>
      <time>2026-08-15T15:10:46.507+02:00</time>
      <extensions>
        <activity type="IN_VEHICLE" conf="96" state="moving" tsMs="1786799442819"/>
        <radio op="vodafone IT" rat="LTE" q="9.00" rsrp="-110" sinr="1" rsrq="-13"/>
        <radio op="I TIM" rat="LTE" q="23.00" rsrp="-102" sinr="5" rsrq="-13"/>
      </extensions>
    </trkpt>
    <trkpt lat="45.7426861" lon="10.4911897">
      <ele>558.0953014913692</ele>
      <time>2026-08-15T15:11:30.507+02:00</time>
      <extensions>
        <activity type="IN_VEHICLE" conf="96" state="moving" tsMs="1786799489512"/>
        <radio op="vodafone IT" rat="LTE" q="22.10" rsrp="-108" sinr="8" rsrq="-13"/>
        <radio op="I TIM" rat="LTE" q="14.40" rsrp="-101" sinr="1" rsrq="-14"/>
      </extensions>
    </trkpt>
    <trkpt lat="45.7421224" lon="10.4895534">
      <ele>520.0088289922847</ele>
      <time>2026-08-15T15:12:26.507+02:00</time>
      <extensions>
        <activity type="IN_VEHICLE" conf="97" state="moving" tsMs="1786799559039"/>
        <radio op="vodafone IT" rat="LTE" q="41.40" rsrp="-102" sinr="13" rsrq="-12"/>
        <radio op="I TIM" rat="LTE" q="28.80" rsrp="-107" sinr="11" rsrq="-12"/>
      </extensions>
    </trkpt>
    <trkpt lat="45.7379617" lon="10.482806">
      <ele>476.80052180474473</ele>
      <time>2026-08-15T15:13:16.506+02:00</time>
      <extensions>
        <activity type="IN_VEHICLE" conf="96" state="moving" tsMs="1786799591827"/>
        <radio op="vodafone IT" rat="LTE" q="39.60" rsrp="-89" sinr="6" rsrq="-11"/>
        <radio op="I TIM" rat="LTE" q="52.50" rsrp="-104" sinr="23" rsrq="-12"/>
      </extensions>
    </trkpt>
    <trkpt lat="45.7379064" lon="10.481917">
      <ele>479.4946143748025</ele>
      <time>2026-08-15T15:13:51.657+02:00</time>
      <extensions>
        <activity type="TILTING" conf="100" state="moving" tsMs="1786799631186"/>
        <radio op="vodafone IT" rat="LTE" q="36.00" rsrp="-84" sinr="4" rsrq="-9"/>
        <radio op="I TIM" rat="LTE" q="82.50" rsrp="-92" sinr="22" rsrq="-11"/>
      </extensions>
    </trkpt>
    <trkpt lat="45.7367523" lon="10.4790201">
      <ele>447.0</ele>
      <time>2026-08-15T15:14:04.509+02:00</time>
      <extensions>
        <activity type="TILTING" conf="100" state="moving" tsMs="1786799631186"/>
        <radio op="vodafone IT" rat="LTE" q="56.00" rsrp="-83" sinr="9" rsrq="-10"/>
        <radio op="I TIM" rat="LTE" q="100.00" rsrp="-83" sinr="21" rsrq="-12"/>
      </extensions>
    </trkpt>
    <trkpt lat="45.7367523" lon="10.4790201">
      <ele>447.0411555665279</ele>
      <time>2026-08-15T15:14:14.509+02:00</time>
      <extensions>
        <activity type="UNKNOWN" conf="40" state="unknown" tsMs="1786799634643"/>
        <radio op="vodafone IT" rat="LTE" q="40.00" rsrp="-85" sinr="5" rsrq="-12"/>
        <radio op="I TIM" rat="LTE" q="100.00" rsrp="-84" sinr="22" rsrq="-11"/>
      </extensions>
    </trkpt>
    <trkpt lat="45.7367523" lon="10.4790201">
      <ele>453.20001220703125</ele>
      <time>2026-08-15T15:14:34.509+02:00</time>
      <extensions>
        <activity type="UNKNOWN" conf="40" state="unknown" tsMs="1786799651754"/>
        <radio op="vodafone IT" rat="LTE" q="60.00" rsrp="-83" sinr="10" rsrq="-12"/>
        <radio op="I TIM" rat="LTE" q="90.00" rsrp="-89" sinr="25" rsrq="-12"/>
      </extensions>
    </trkpt>
    <trkpt lat="45.7367523" lon="10.4790201">
      <ele>453.20001220703125</ele>
      <time>2026-08-15T15:14:54.509+02:00</time>
      <extensions>
        <activity type="UNKNOWN" conf="40" state="unknown" tsMs="1786799694328"/>
        <radio op="vodafone IT" rat="LTE" q="50.70" rsrp="-86" sinr="8" rsrq="-11"/>
        <radio op="I TIM" rat="LTE" q="100.00" rsrp="-83" sinr="22" rsrq="-11"/>
      </extensions>
    </trkpt>
    <trkpt lat="45.7367523" lon="10.4790201">
      <ele>453.15344047251983</ele>
      <time>2026-08-15T15:14:57.509+02:00</time>
      <extensions>
        <activity type="UNKNOWN" conf="40" state="unknown" tsMs="1786799694328"/>
        <radio op="vodafone IT" rat="LTE" q="37.40" rsrp="-91" sinr="6" rsrq="-8"/>
        <radio op="I TIM" rat="LTE" q="82.50" rsrp="-92" sinr="22" rsrq="-11"/>
      </extensions>
    </trkpt>
    <trkpt lat="45.7390911" lon="10.478784">
      <ele>424.0</ele>
      <time>2026-08-15T15:16:00.816+02:00</time>
      <extensions>
        <activity type="IN_VEHICLE" conf="98" state="moving" tsMs="1786799757180"/>
        <radio op="vodafone IT" rat="LTE" q="32.20" rsrp="-102" sinr="9" rsrq="-11"/>
        <radio op="I TIM" rat="LTE" q="30.40" rsrp="-109" sinr="14" rsrq="-12"/>
      </extensions>
    </trkpt>
    <trkpt lat="45.7398852" lon="10.4803161">
      <ele>421.0</ele>
      <time>2026-08-15T15:16:32.144+02:00</time>
      <extensions>
        <activity type="IN_VEHICLE" conf="93" state="moving" tsMs="1786799786056"/>
        <radio op="vodafone IT" rat="LTE" q="37.50" rsrp="-100" sinr="10" rsrq="-11"/>
        <radio op="I TIM" rat="LTE" q="46.00" rsrp="-105" sinr="18" rsrq="-12"/>
      </extensions>
    </trkpt>
    <trkpt lat="45.7410038" lon="10.4808079">
      <ele>420.5</ele>
      <time>2026-08-15T15:17:03.398+02:00</time>
      <extensions>
        <activity type="TILTING" conf="100" state="moving" tsMs="1786799819427"/>
        <radio op="vodafone IT" rat="LTE" q="76.00" rsrp="-79" sinr="14" rsrq="-11"/>
        <radio op="I TIM" rat="LTE" q="93.60" rsrp="-86" sinr="19" rsrq="-12"/>
      </extensions>
    </trkpt>
    <trkpt lat="45.7409649" lon="10.4806486">
      <ele>420.5</ele>
      <time>2026-08-15T15:17:33.334+02:00</time>
      <extensions>
        <activity type="UNKNOWN" conf="40" state="unknown" tsMs="1786799853736"/>
        <radio op="vodafone IT" rat="LTE" q="64.00" rsrp="-78" sinr="11" rsrq="-11"/>
        <radio op="I TIM" rat="LTE" q="84.00" rsrp="-80" sinr="16" rsrq="-12"/>
      </extensions>
    </trkpt>
    <trkpt lat="45.7409701" lon="10.4807653">
      <ele>420.5</ele>
      <time>2026-08-15T15:17:41.508+02:00</time>
      <extensions>
        <activity type="UNKNOWN" conf="40" state="unknown" tsMs="1786799858821"/>
        <radio op="vodafone IT" rat="LTE" q="60.00" rsrp="-85" sinr="10" rsrq="-11"/>
        <radio op="I TIM" rat="LTE" q="88.80" rsrp="-88" sinr="19" rsrq="-12"/>
      </extensions>
    </trkpt>
    <trkpt lat="45.7411507" lon="10.4808325">
      <ele>420.6000061035156</ele>
      <time>2026-08-15T15:18:16.796+02:00</time>
      <extensions>
        <activity type="UNKNOWN" conf="40" state="unknown" tsMs="1786799893997"/>
        <radio op="vodafone IT" rat="LTE" q="66.60" rsrp="-88" sinr="13" rsrq="-6"/>
        <radio op="I TIM" rat="LTE" q="95.00" rsrp="-87" sinr="21" rsrq="-11"/>
      </extensions>
    </trkpt>
    <trkpt lat="45.7409728" lon="10.4807593">
      <ele>420.5</ele>
      <time>2026-08-15T15:18:48.172+02:00</time>
      <extensions>
        <activity type="STILL" conf="99" state="still" tsMs="1786799924303"/>
        <radio op="vodafone IT" rat="LTE" q="61.20" rsrp="-89" sinr="12" rsrq="-8"/>
        <radio op="I TIM" rat="LTE" q="90.00" rsrp="-89" sinr="20" rsrq="-11"/>
      </extensions>
    </trkpt>
    <trkpt lat="45.7410158" lon="10.4808294">
      <ele>420.5</ele>
      <time>2026-08-15T15:19:34.458+02:00</time>
      <extensions>
        <activity type="UNKNOWN" conf="40" state="unknown" tsMs="1786799970173"/>
        <radio op="vodafone IT" rat="LTE" q="82.80" rsrp="-89" sinr="18" rsrq="-7"/>
        <radio op="I TIM" rat="LTE" q="97.50" rsrp="-86" sinr="22" rsrq="-12"/>
      </extensions>
    </trkpt>
    <trkpt lat="45.7409106" lon="10.4809039">
      <ele>420.6000061035156</ele>
      <time>2026-08-15T15:20:07.506+02:00</time>
      <extensions>
        <activity type="UNKNOWN" conf="40" state="unknown" tsMs="1786800006403"/>
        <radio op="vodafone IT" rat="LTE" q="60.00" rsrp="-81" sinr="10" rsrq="-11"/>
        <radio op="I TIM" rat="LTE" q="89.70" rsrp="-86" sinr="18" rsrq="-12"/>
      </extensions>
    </trkpt>
    <trkpt lat="45.7409288" lon="10.4808183">
      <ele>420.4000244140625</ele>
      <time>2026-08-15T15:20:17.508+02:00</time>
      <extensions>
        <activity type="UNKNOWN" conf="40" state="unknown" tsMs="1786800011673"/>
        <radio op="vodafone IT" rat="LTE" q="68.00" rsrp="-84" sinr="12" rsrq="-8"/>
        <radio op="I TIM" rat="LTE" q="100.00" rsrp="-84" sinr="21" rsrq="-12"/>
      </extensions>
    </trkpt>
    <trkpt lat="45.7409288" lon="10.4808183">
      <ele>420.6000061035156</ele>
      <time>2026-08-15T15:20:27.508+02:00</time>
      <extensions>
        <activity type="UNKNOWN" conf="40" state="unknown" tsMs="1786800015504"/>
        <radio op="vodafone IT" rat="LTE" q="60.00" rsrp="-80" sinr="10" rsrq="-12"/>
        <radio op="I TIM" rat="LTE" q="96.00" rsrp="-82" sinr="19" rsrq="-13"/>
      </extensions>
    </trkpt>
    <trkpt lat="45.7409288" lon="10.4808183">
      <ele>420.6000061035156</ele>
      <time>2026-08-15T15:20:37.509+02:00</time>
      <extensions>
        <activity type="UNKNOWN" conf="40" state="unknown" tsMs="1786800015504"/>
        <radio op="vodafone IT" rat="LTE" q="68.00" rsrp="-80" sinr="12" rsrq="-9"/>
        <radio op="I TIM" rat="LTE" q="96.00" rsrp="-84" sinr="19" rsrq="-11"/>
      </extensions>
    </trkpt>
    <trkpt lat="45.7409288" lon="10.4808183">
      <ele>420.5</ele>
      <time>2026-08-15T15:20:47.509+02:00</time>
      <extensions>
        <activity type="UNKNOWN" conf="40" state="unknown" tsMs="1786800032691"/>
        <radio op="vodafone IT" rat="LTE" q="72.00" rsrp="-80" sinr="13" rsrq="-9"/>
        <radio op="I TIM" rat="LTE" q="96.00" rsrp="-85" sinr="19" rsrq="-11"/>
      </extensions>
    </trkpt>
    <trkpt lat="45.7409288" lon="10.4808183">
      <ele>420.6000061035156</ele>
      <time>2026-08-15T15:20:57.509+02:00</time>
      <extensions>
        <activity type="UNKNOWN" conf="40" state="unknown" tsMs="1786800032691"/>
        <radio op="vodafone IT" rat="LTE" q="64.00" rsrp="-81" sinr="11" rsrq="-8"/>
        <radio op="I TIM" rat="LTE" q="93.60" rsrp="-86" sinr="19" rsrq="-12"/>
      </extensions>
    </trkpt>
    <trkpt lat="45.7409288" lon="10.4808183">
      <ele>420.6000061035156</ele>
      <time>2026-08-15T15:20:58.509+02:00</time>
      <extensions>
        <activity type="UNKNOWN" conf="40" state="unknown" tsMs="1786800050023"/>
        <radio op="vodafone IT" rat="LTE" q="52.00" rsrp="-80" sinr="8" rsrq="-11"/>
        <radio op="I TIM" rat="LTE" q="70.00" rsrp="-90" sinr="15" rsrq="-13"/>
      </extensions>
    </trkpt>
    <trkpt lat="45.7408557" lon="10.4808285">
      <ele>420.6000061035156</ele>
      <time>2026-08-15T15:21:17.508+02:00</time>
      <extensions>
        <activity type="UNKNOWN" conf="40" state="unknown" tsMs="1786800050023"/>
        <radio op="vodafone IT" rat="LTE" q="52.00" rsrp="-83" sinr="8" rsrq="-9"/>
        <radio op="I TIM" rat="LTE" q="96.00" rsrp="-85" sinr="19" rsrq="-12"/>
      </extensions>
    </trkpt>
    <trkpt lat="45.740873" lon="10.4808245">
      <ele>420.6000061035156</ele>
      <time>2026-08-15T15:21:27.508+02:00</time>
      <extensions>
        <activity type="STILL" conf="99" state="still" tsMs="1786800069703"/>
        <radio op="vodafone IT" rat="LTE" q="80.00" rsrp="-82" sinr="15" rsrq="-9"/>
        <radio op="I TIM" rat="LTE" q="85.00" rsrp="-91" sinr="20" rsrq="-12"/>
      </extensions>
    </trkpt>
    <trkpt lat="45.7408979" lon="10.4808181">
      <ele>420.6000061035156</ele>
      <time>2026-08-15T15:21:37.508+02:00</time>
      <extensions>
        <activity type="STILL" conf="100" state="still" tsMs="1786800085750"/>
        <radio op="vodafone IT" rat="LTE" q="68.00" rsrp="-83" sinr="12" rsrq="-12"/>
        <radio op="I TIM" rat="LTE" rsrp="-88" rsrq="-12"/>
      </extensions>
    </trkpt>
    <trkpt lat="45.740903" lon="10.480816">
      <ele>420.5</ele>
      <time>2026-08-15T15:21:48.508+02:00</time>
      <extensions>
        <activity type="STILL" conf="100" state="still" tsMs="1786800085750"/>
        <radio op="vodafone IT" rat="LTE" q="64.00" rsrp="-80" sinr="11" rsrq="-6"/>
        <radio op="I TIM" rat="LTE" q="100.00" rsrp="-85" sinr="20" rsrq="-12"/>
      </extensions>
    </trkpt>
    <trkpt lat="45.7408997" lon="10.4808173">
      <ele>420.5</ele>
      <time>2026-08-15T15:21:58.508+02:00</time>
      <extensions>
        <activity type="UNKNOWN" conf="40" state="unknown" tsMs="1786800116331"/>
        <radio op="vodafone IT" rat="LTE" q="52.00" rsrp="-84" sinr="8" rsrq="-8"/>
        <radio op="I TIM" rat="LTE" q="81.90" rsrp="-86" sinr="16" rsrq="-12"/>
      </extensions>
    </trkpt>
    <trkpt lat="45.7408997" lon="10.4808173">
      <ele>420.5</ele>
      <time>2026-08-15T15:22:08.508+02:00</time>
      <extensions>
        <activity type="UNKNOWN" conf="40" state="unknown" tsMs="1786800127108"/>
        <radio op="vodafone IT" rat="LTE" q="60.00" rsrp="-79" sinr="10" rsrq="-11"/>
        <radio op="I TIM" rat="LTE" q="39.60" rsrp="-89" sinr="6" rsrq="-13"/>
      </extensions>
    </trkpt>
    <trkpt lat="45.7408999" lon="10.4808163">
      <ele>420.5</ele>
      <time>2026-08-15T15:22:18.508+02:00</time>
      <extensions>
        <activity type="STILL" conf="39" state="still" tsMs="1786800137930"/>
        <radio op="vodafone IT" rat="LTE" q="60.00" rsrp="-83" sinr="10" rsrq="-11"/>
        <radio op="I TIM" rat="LTE" q="85.80" rsrp="-86" sinr="17" rsrq="-12"/>
      </extensions>
    </trkpt>
    <trkpt lat="45.7408999" lon="10.4808072">
      <ele>420.5</ele>
      <time>2026-08-15T15:22:28.508+02:00</time>
      <extensions>
        <activity type="UNKNOWN" conf="40" state="unknown" tsMs="1786800148610"/>
        <radio op="vodafone IT" rat="LTE" q="59.20" rsrp="-88" sinr="11" rsrq="-12"/>
        <radio op="I TIM" rat="LTE" q="75.00" rsrp="-95" sinr="20" rsrq="-12"/>
      </extensions>
    </trkpt>
    <trkpt lat="45.7409681" lon="10.48086">
      <ele>420.5</ele>
      <time>2026-08-15T15:22:38.508+02:00</time>
      <extensions>
        <activity type="UNKNOWN" conf="40" state="unknown" tsMs="1786800153953"/>
        <radio op="vodafone IT" rat="LTE" q="47.60" rsrp="-91" sinr="9" rsrq="-11"/>
        <radio op="I TIM" rat="LTE" q="62.70" rsrp="-92" sinr="14" rsrq="-12"/>
      </extensions>
    </trkpt>
    <trkpt lat="45.7403531" lon="10.4805286">
      <ele>420.5</ele>
      <time>2026-08-15T15:22:48.508+02:00</time>
      <extensions>
        <activity type="UNKNOWN" conf="40" state="unknown" tsMs="1786800164687"/>
        <radio op="vodafone IT" rat="LTE" q="43.40" rsrp="-94" sinr="9" rsrq="-12"/>
        <radio op="I TIM" rat="LTE" q="46.00" rsrp="-102" sinr="15" rsrq="-11"/>
      </extensions>
    </trkpt>
    <trkpt lat="45.7396698" lon="10.4796967">
      <ele>420.5</ele>
      <time>2026-08-15T15:22:59.508+02:00</time>
      <extensions>
        <activity type="IN_VEHICLE" conf="96" state="moving" tsMs="1786800175448"/>
        <radio op="vodafone IT" rat="LTE" q="36.80" rsrp="-102" sinr="11" rsrq="-11"/>
        <radio op="I TIM" rat="LTE" q="39.60" rsrp="-107" sinr="17" rsrq="-12"/>
      </extensions>
    </trkpt>
    <trkpt lat="45.7393355" lon="10.4795212">
      <ele>415.0</ele>
      <time>2026-08-15T15:23:09.508+02:00</time>
      <extensions>
        <activity type="IN_VEHICLE" conf="96" state="moving" tsMs="1786800186161"/>
        <radio op="vodafone IT" rat="LTE" q="32.50" rsrp="-100" sinr="8" rsrq="-11"/>
        <radio op="I TIM" rat="LTE" q="32.30" rsrp="-108" sinr="14" rsrq="-12"/>
      </extensions>
    </trkpt>
    <trkpt lat="45.7388011" lon="10.4782592">
      <ele>420.0</ele>
      <time>2026-08-15T15:23:19.508+02:00</time>
      <extensions>
        <activity type="IN_VEHICLE" conf="98" state="moving" tsMs="1786800196823"/>
        <radio op="vodafone IT" rat="LTE" q="25.00" rsrp="-100" sinr="5" rsrq="-12"/>
        <radio op="I TIM" rat="LTE" q="45.60" rsrp="-106" sinr="19" rsrq="-12"/>
      </extensions>
    </trkpt>
    <trkpt lat="45.7383734" lon="10.4767291">
      <ele>426.0</ele>
      <time>2026-08-15T15:23:29.508+02:00</time>
      <extensions>
        <activity type="IN_VEHICLE" conf="96" state="moving" tsMs="1786800207577"/>
        <radio op="vodafone IT" rat="LTE" q="19.80" rsrp="-103" sinr="4" rsrq="-13"/>
        <radio op="I TIM" rat="LTE" q="33.60" rsrp="-104" sinr="11" rsrq="-12"/>
      </extensions>
    </trkpt>
    <trkpt lat="45.7377378" lon="10.4753578">
      <ele>423.0</ele>
      <time>2026-08-15T15:23:39.508+02:00</time>
      <extensions>
        <activity type="IN_VEHICLE" conf="96" state="moving" tsMs="1786800218345"/>
        <radio op="vodafone IT" rat="LTE" q="7.00" rsrp="-111" sinr="0" rsrq="-14"/>
        <radio op="I TIM" rat="LTE" q="32.30" rsrp="-106" sinr="12" rsrq="-12"/>
      </extensions>
    </trkpt>
    <trkpt lat="45.7371546" lon="10.4738341">
      <ele>421.0</ele>
      <time>2026-08-15T15:23:49.508+02:00</time>
      <extensions>
        <activity type="IN_VEHICLE" conf="96" state="moving" tsMs="1786800229015"/>
        <radio op="vodafone IT" rat="LTE" rsrp="-99" rsrq="-15"/>
        <radio op="I TIM" rat="LTE" q="43.70" rsrp="-102" sinr="14" rsrq="-11"/>
      </extensions>
    </trkpt>
    <trkpt lat="45.7362741" lon="10.473092">
      <ele>421.0</ele>
      <time>2026-08-15T15:23:59.508+02:00</time>
      <extensions>
        <activity type="IN_VEHICLE" conf="96" state="moving" tsMs="1786800239714"/>
        <radio op="vodafone IT" rat="LTE" q="20.80" rsrp="-99" sinr="3" rsrq="-14"/>
        <radio op="I TIM" rat="LTE" q="40.60" rsrp="-96" sinr="9" rsrq="-11"/>
      </extensions>
    </trkpt>
    <trkpt lat="45.7351642" lon="10.4727706">
      <ele>421.0</ele>
      <time>2026-08-15T15:24:09.508+02:00</time>
      <extensions>
        <activity type="IN_VEHICLE" conf="92" state="moving" tsMs="1786800245065"/>
        <radio op="vodafone IT" rat="LTE" rsrp="-111" rsrq="-14"/>
        <radio op="I TIM" rat="LTE" q="32.00" rsrp="-105" sinr="11" rsrq="-12"/>
      </extensions>
    </trkpt>
    <trkpt lat="45.7347643" lon="10.471327">
      <ele>419.0</ele>
      <time>2026-08-15T15:24:19.508+02:00</time>
      <extensions>
        <activity type="IN_VEHICLE" conf="96" state="moving" tsMs="1786800255730"/>
        <radio op="vodafone IT" rat="LTE" rsrp="-111" rsrq="-14"/>
        <radio op="I TIM" rat="LTE" q="21.60" rsrp="-107" sinr="7" rsrq="-13"/>
      </extensions>
    </trkpt>
    <trkpt lat="45.7343886" lon="10.4695576">
      <ele>419.0</ele>
      <time>2026-08-15T15:24:29.508+02:00</time>
      <extensions>
        <activity type="IN_VEHICLE" conf="96" state="moving" tsMs="1786800266372"/>
        <radio op="vodafone IT" rat="LTE" q="19.20" rsrp="-109" sinr="7" rsrq="-12"/>
        <radio op="I TIM" rat="LTE" q="12.00" rsrp="-113" sinr="5" rsrq="-15"/>
      </extensions>
    </trkpt>
    <trkpt lat="45.7349144" lon="10.4692462">
      <ele>423.3000183105469</ele>
      <time>2026-08-15T15:24:40.508+02:00</time>
      <extensions>
        <activity type="IN_VEHICLE" conf="96" state="moving" tsMs="1786800271706"/>
        <radio op="vodafone IT" rat="LTE" q="36.00" rsrp="-105" sinr="13" rsrq="-9"/>
        <radio op="I TIM" rat="LTE" q="32.30" rsrp="-106" sinr="12" rsrq="-12"/>
      </extensions>
    </trkpt>
    <trkpt lat="45.7355909" lon="10.4691758">
      <ele>423.3000183105469</ele>
      <time>2026-08-15T15:24:50.508+02:00</time>
      <extensions>
        <activity type="IN_VEHICLE" conf="96" state="moving" tsMs="1786800277803"/>
        <radio op="vodafone IT" rat="LTE" q="29.70" rsrp="-98" sinr="6" rsrq="-8"/>
        <radio op="I TIM" rat="LTE" q="46.80" rsrp="-99" sinr="13" rsrq="-12"/>
      </extensions>
    </trkpt>
    <trkpt lat="45.735418" lon="10.4681827">
      <ele>423.3000183105469</ele>
      <time>2026-08-15T15:25:00.508+02:00</time>
      <extensions>
        <activity type="IN_VEHICLE" conf="96" state="moving" tsMs="1786800296932"/>
        <radio op="vodafone IT" rat="LTE" q="43.50" rsrp="-96" sinr="10" rsrq="-7"/>
        <radio op="I TIM" rat="LTE" q="32.20" rsrp="-102" sinr="9" rsrq="-11"/>
      </extensions>
    </trkpt>
    <trkpt lat="45.7356783" lon="10.4671028">
      <ele>423.3000183105469</ele>
      <time>2026-08-15T15:25:10.508+02:00</time>
      <extensions>
        <activity type="IN_VEHICLE" conf="96" state="moving" tsMs="1786800307607"/>
        <radio op="vodafone IT" rat="LTE" q="33.60" rsrp="-97" sinr="7" rsrq="-7"/>
        <radio op="I TIM" rat="LTE" q="34.00" rsrp="-105" sinr="12" rsrq="-12"/>
      </extensions>
    </trkpt>
    <trkpt lat="45.736254" lon="10.4662631">
      <ele>423.3000183105469</ele>
      <time>2026-08-15T15:25:20.508+02:00</time>
      <extensions>
        <activity type="IN_VEHICLE" conf="98" state="moving" tsMs="1786800318373"/>
        <radio op="vodafone IT" rat="LTE" q="51.30" rsrp="-98" sinr="14" rsrq="-9"/>
        <radio op="I TIM" rat="LTE" q="40.00" rsrp="-100" sinr="11" rsrq="-12"/>
      </extensions>
    </trkpt>
    <trkpt lat="45.7361793" lon="10.4651556">
      <ele>423.3000183105469</ele>
      <time>2026-08-15T15:25:30.507+02:00</time>
      <extensions>
        <activity type="IN_VEHICLE" conf="96" state="moving" tsMs="1786800329099"/>
        <radio op="vodafone IT" rat="LTE" q="16.00" rsrp="-109" sinr="5" rsrq="-11"/>
        <radio op="I TIM" rat="LTE" rsrp="-116" rsrq="-13"/>
      </extensions>
    </trkpt>
    <trkpt lat="45.7355595" lon="10.4637512">
      <ele>423.3000183105469</ele>
      <time>2026-08-15T15:25:40.508+02:00</time>
      <extensions>
        <activity type="IN_VEHICLE" conf="95" state="moving" tsMs="1786800339891"/>
        <radio op="vodafone IT" rat="LTE" q="27.30" rsrp="-104" sinr="8" rsrq="-8"/>
        <radio op="I TIM" rat="LTE" q="7.70" rsrp="-118" sinr="6" rsrq="-16"/>
      </extensions>
    </trkpt>
    <trkpt lat="45.7348676" lon="10.4627515">
      <ele>423.3000183105469</ele>
      <time>2026-08-15T15:25:51.508+02:00</time>
      <extensions>
        <activity type="IN_VEHICLE" conf="96" state="moving" tsMs="1786800350596"/>
        <radio op="vodafone IT" rat="LTE" q="28.90" rsrp="-108" sinr="12" rsrq="-8"/>
        <radio op="I TIM" rat="LTE" rsrp="-118" rsrq="-16"/>
      </extensions>
    </trkpt>
    <trkpt lat="45.7340283" lon="10.4613155">
      <ele>423.3000183105469</ele>
      <time>2026-08-15T15:26:01.508+02:00</time>
      <extensions>
        <activity type="IN_VEHICLE" conf="96" state="moving" tsMs="1786800355977"/>
        <radio op="vodafone IT" rat="LTE" q="3.60" rsrp="-119" sinr="1" rsrq="-12"/>
        <radio op="I TIM" rat="LTE" q="5.00" rsrp="-115" sinr="0" rsrq="-14"/>
      </extensions>
    </trkpt>
    <trkpt lat="45.7334342" lon="10.4592136">
      <ele>417.0</ele>
      <time>2026-08-15T15:26:21.01+02:00</time>
      <extensions>
        <activity type="IN_VEHICLE" conf="96" state="moving" tsMs="1786800377461"/>
        <radio op="vodafone IT" rat="LTE" q="6.00" rsrp="-119" sinr="5" rsrq="-12"/>
        <radio op="I TIM" rat="LTE" rsrp="-123" rsrq="-16"/>
      </extensions>
    </trkpt>
    <trkpt lat="45.733849" lon="10.4586439">
      <ele>421.0</ele>
      <time>2026-08-15T15:26:31.009+02:00</time>
      <extensions>
        <activity type="IN_VEHICLE" conf="96" state="moving" tsMs="1786800388203"/>
        <radio op="vodafone IT" rat="LTE" q="0.00" rsrp="-131" sinr="7" rsrq="-17"/>
        <radio op="I TIM" rat="LTE" rsrp="-128" rsrq="-17"/>
      </extensions>
    </trkpt>
    <trkpt lat="45.7339857" lon="10.4583971">
      <ele>426.0</ele>
      <time>2026-08-15T15:26:41.009+02:00</time>
      <extensions>
        <activity type="TILTING" conf="100" state="moving" tsMs="1786800396765"/>
        <radio op="vodafone IT" rat="LTE" rsrp="-128" rsrq="-17"/>
        <radio op="I TIM" rat="LTE" rsrp="-131" rsrq="-17"/>
      </extensions>
    </trkpt>
    <trkpt lat="45.7344087" lon="10.4578658">
      <ele>425.0</ele>
      <time>2026-08-15T15:26:51.01+02:00</time>
      <extensions>
        <activity type="TILTING" conf="100" state="moving" tsMs="1786800396765"/>
        <radio op="vodafone IT" rat="OTHER"/>
        <radio op="I TIM" rat="LTE" rsrp="-131" rsrq="-17"/>
      </extensions>
    </trkpt>
    <trkpt lat="45.7347109" lon="10.4584973">
      <ele>426.0</ele>
      <time>2026-08-15T15:27:01.009+02:00</time>
      <extensions>
        <activity type="IN_VEHICLE" conf="96" state="moving" tsMs="1786800421915"/>
        <radio op="vodafone IT" rat="OTHER"/>
        <radio op="I TIM" rat="LTE" rsrp="-131" rsrq="-17"/>
      </extensions>
    </trkpt>
    <trkpt lat="45.7355935" lon="10.460034">
      <ele>419.0</ele>
      <time>2026-08-15T15:27:12.01+02:00</time>
      <extensions>
        <activity type="IN_VEHICLE" conf="94" state="moving" tsMs="1786800427296"/>
        <radio op="vodafone IT" rat="OTHER"/>
        <radio op="I TIM" rat="LTE" rsrp="-131" rsrq="-17"/>
      </extensions>
    </trkpt>
    <trkpt lat="45.7361752" lon="10.4614155">
      <ele>418.0</ele>
      <time>2026-08-15T15:27:22.009+02:00</time>
      <extensions>
        <activity type="IN_VEHICLE" conf="97" state="moving" tsMs="1786800438069"/>
        <radio op="vodafone IT" rat="OTHER"/>
        <radio op="I TIM" rat="LTE" rsrp="-131" rsrq="-17"/>
      </extensions>
    </trkpt>
    <trkpt lat="45.7374648" lon="10.4619043">
      <ele>418.0</ele>
      <time>2026-08-15T15:27:32.009+02:00</time>
      <extensions>
        <activity type="IN_VEHICLE" conf="96" state="moving" tsMs="1786800448829"/>
        <radio op="vodafone IT" rat="OTHER"/>
        <radio op="I TIM" rat="LTE" rsrp="-131" rsrq="-17"/>
      </extensions>
    </trkpt>
    <trkpt lat="45.738828" lon="10.462953">
      <ele>421.0</ele>
      <time>2026-08-15T15:27:42.009+02:00</time>
      <extensions>
        <activity type="IN_VEHICLE" conf="96" state="moving" tsMs="1786800459525"/>
        <radio op="vodafone IT" rat="OTHER"/>
        <radio op="I TIM" rat="LTE" q="4.90" rsrp="-118" sinr="2" rsrq="-16"/>
      </extensions>
    </trkpt>
    <trkpt lat="45.739565" lon="10.46484">
      <ele>422.0</ele>
      <time>2026-08-15T15:27:52.01+02:00</time>
      <extensions>
        <activity type="IN_VEHICLE" conf="96" state="moving" tsMs="1786800470271"/>
        <radio op="vodafone IT" rat="OTHER"/>
        <radio op="I TIM" rat="LTE" rsrp="-114" rsrq="-15"/>
      </extensions>
    </trkpt>
    <trkpt lat="45.7403968" lon="10.4666357">
      <ele>420.0</ele>
      <time>2026-08-15T15:28:02.009+02:00</time>
      <extensions>
        <activity type="IN_VEHICLE" conf="89" state="moving" tsMs="1786800480964"/>
        <radio op="vodafone IT" rat="OTHER"/>
        <radio op="I TIM" rat="LTE" q="5.60" rsrp="-117" sinr="2" rsrq="-15"/>
      </extensions>
    </trkpt>
    <trkpt lat="45.7409202" lon="10.4688771">
      <ele>424.0</ele>
      <time>2026-08-15T15:28:13.01+02:00</time>
      <extensions>
        <activity type="IN_VEHICLE" conf="97" state="moving" tsMs="1786800491766"/>
        <radio op="vodafone IT" rat="LTE" q="31.90" rsrp="-96" sinr="6" rsrq="-9"/>
        <radio op="I TIM" rat="LTE" q="25.20" rsrp="-113" sinr="16" rsrq="-13"/>
      </extensions>
    </trkpt>
    <trkpt lat="45.742334" lon="10.470094">
      <ele>427.0</ele>
      <time>2026-08-15T15:28:23.01+02:00</time>
      <extensions>
        <activity type="IN_VEHICLE" conf="98" state="moving" tsMs="1786800502529"/>
        <radio op="vodafone IT" rat="LTE" q="8.00" rsrp="-115" sinr="3" rsrq="-12"/>
        <radio op="I TIM" rat="LTE" q="8.00" rsrp="-117" sinr="5" rsrq="-15"/>
      </extensions>
    </trkpt>
    <trkpt lat="45.7436613" lon="10.471849">
      <ele>431.0</ele>
      <time>2026-08-15T15:28:33.009+02:00</time>
      <extensions>
        <activity type="IN_VEHICLE" conf="91" state="moving" tsMs="1786800513317"/>
        <radio op="vodafone IT" rat="LTE" q="23.40" rsrp="-99" sinr="4" rsrq="-9"/>
        <radio op="I TIM" rat="LTE" q="47.50" rsrp="-100" sinr="14" rsrq="-12"/>
      </extensions>
    </trkpt>
    <trkpt lat="45.7450636" lon="10.473032">
      <ele>432.0</ele>
      <time>2026-08-15T15:28:43.008+02:00</time>
      <extensions>
        <activity type="IN_VEHICLE" conf="88" state="moving" tsMs="1786800518691"/>
        <radio op="vodafone IT" rat="LTE" q="37.40" rsrp="-91" sinr="6" rsrq="-9"/>
        <radio op="I TIM" rat="LTE" q="96.00" rsrp="-82" sinr="19" rsrq="-13"/>
      </extensions>
    </trkpt>
    <trkpt lat="45.746132" lon="10.4744178">
      <ele>435.0</ele>
      <time>2026-08-15T15:28:53.008+02:00</time>
      <extensions>
        <activity type="IN_VEHICLE" conf="96" state="moving" tsMs="1786800529468"/>
        <radio op="vodafone IT" rat="LTE" q="16.10" rsrp="-102" sinr="2" rsrq="-12"/>
        <radio op="I TIM" rat="LTE" q="26.40" rsrp="-92" sinr="3" rsrq="-12"/>
      </extensions>
    </trkpt>
    <trkpt lat="45.7471629" lon="10.4757937">
      <ele>441.0</ele>
      <time>2026-08-15T15:29:03.008+02:00</time>
      <extensions>
        <activity type="IN_VEHICLE" conf="95" state="moving" tsMs="1786800540167"/>
        <radio op="vodafone IT" rat="LTE" rsrp="-101" rsrq="-12"/>
        <radio op="I TIM" rat="LTE" q="37.70" rsrp="-96" sinr="8" rsrq="-14"/>
      </extensions>
    </trkpt>
    <trkpt lat="45.7483139" lon="10.4770369">
      <ele>440.0</ele>
      <time>2026-08-15T15:29:13.008+02:00</time>
      <extensions>
        <activity type="IN_VEHICLE" conf="88" state="moving" tsMs="1786800550907"/>
        <radio op="vodafone IT" rat="LTE" q="28.00" rsrp="-97" sinr="5" rsrq="-12"/>
        <radio op="I TIM" rat="LTE" q="19.80" rsrp="-92" sinr="1" rsrq="-13"/>
      </extensions>
    </trkpt>
    <trkpt lat="45.7496166" lon="10.4784173">
      <ele>442.0</ele>
      <time>2026-08-15T15:29:24.009+02:00</time>
      <extensions>
        <activity type="IN_VEHICLE" conf="91" state="moving" tsMs="1786800561650"/>
        <radio op="vodafone IT" rat="LTE" q="96.00" rsrp="-82" sinr="19" rsrq="-9"/>
        <radio op="I TIM" rat="LTE" q="48.00" rsrp="-93" sinr="10" rsrq="-13"/>
      </extensions>
    </trkpt>
    <trkpt lat="45.7509478" lon="10.4792632">
      <ele>441.0</ele>
      <time>2026-08-15T15:29:34.008+02:00</time>
      <extensions>
        <activity type="UNKNOWN" conf="40" state="unknown" tsMs="1786800572408"/>
        <radio op="vodafone IT" rat="LTE" q="71.40" rsrp="-91" sinr="16" rsrq="-7"/>
        <radio op="I TIM" rat="LTE" q="31.20" rsrp="-99" sinr="7" rsrq="-12"/>
      </extensions>
    </trkpt>
    <trkpt lat="45.7522396" lon="10.4799901">
      <ele>443.0</ele>
      <time>2026-08-15T15:29:44.009+02:00</time>
      <extensions>
        <activity type="IN_VEHICLE" conf="95" state="moving" tsMs="1786800583193"/>
        <radio op="vodafone IT" rat="LTE" q="52.50" rsrp="-100" sinr="16" rsrq="-9"/>
        <radio op="I TIM" rat="LTE" q="23.10" rsrp="-104" sinr="6" rsrq="-12"/>
      </extensions>
    </trkpt>
    <trkpt lat="45.7534999" lon="10.4807147">
      <ele>448.0</ele>
      <time>2026-08-15T15:29:54.008+02:00</time>
      <extensions>
        <activity type="IN_VEHICLE" conf="97" state="moving" tsMs="1786800593922"/>
        <radio op="vodafone IT" rat="LTE" q="65.00" rsrp="-99" sinr="23" rsrq="-8"/>
        <radio op="I TIM" rat="LTE" q="12.60" rsrp="-107" sinr="2" rsrq="-12"/>
      </extensions>
    </trkpt>
    <trkpt lat="45.7547494" lon="10.4814594">
      <ele>452.0</ele>
      <time>2026-08-15T15:30:04.008+02:00</time>
      <extensions>
        <activity type="IN_VEHICLE" conf="91" state="moving" tsMs="1786800599277"/>
        <radio op="vodafone IT" rat="LTE" q="32.40" rsrp="-107" sinr="13" rsrq="-10"/>
        <radio op="I TIM" rat="LTE" rsrp="-113" rsrq="-15"/>
      </extensions>
    </trkpt>
    <trkpt lat="45.755098" lon="10.4820191">
      <ele>453.0</ele>
      <time>2026-08-15T15:30:08.008+02:00</time>
      <extensions>
        <activity type="IN_VEHICLE" conf="96" state="moving" tsMs="1786800610028"/>
        <radio op="vodafone IT" rat="LTE" q="0.00" rsrp="-125" sinr="1" rsrq="-13"/>
        <radio op="I TIM" rat="LTE" rsrp="-123" rsrq="-14"/>
      </extensions>
    </trkpt>
    <trkpt lat="45.755098" lon="10.4820191">
      <ele>453.0</ele>
      <time>2026-08-15T15:30:18.779+02:00</time>
      <extensions>
        <activity type="IN_VEHICLE" conf="91" state="moving" tsMs="1786800643759"/>
        <radio op="vodafone IT" rat="LTE" rsrp="-130" rsrq="-17"/>
        <radio op="I TIM" rat="LTE" rsrp="-129" rsrq="-19"/>
      </extensions>
    </trkpt>
    <trkpt lat="45.761591" lon="10.4894274">
      <ele>448.2988944110309</ele>
      <time>2026-08-15T15:31:07.008+02:00</time>
      <extensions>
        <activity type="IN_VEHICLE" conf="97" state="moving" tsMs="1786800664213"/>
        <radio op="vodafone IT" rat="LTE" q="18.20" rsrp="-111" sinr="8" rsrq="-13"/>
        <radio op="I TIM" rat="LTE" q="22.00" rsrp="-105" sinr="6" rsrq="-12"/>
      </extensions>
    </trkpt>
    <trkpt lat="45.7625367" lon="10.4907178">
      <ele>445.0</ele>
      <time>2026-08-15T15:31:18.009+02:00</time>
      <extensions>
        <activity type="IN_VEHICLE" conf="96" state="moving" tsMs="1786800674896"/>
        <radio op="vodafone IT" rat="LTE" q="14.00" rsrp="-111" sinr="5" rsrq="-13"/>
        <radio op="I TIM" rat="LTE" q="10.40" rsrp="-112" sinr="3" rsrq="-13"/>
      </extensions>
    </trkpt>
    <trkpt lat="45.7638329" lon="10.4913151">
      <ele>441.0</ele>
      <time>2026-08-15T15:31:28.009+02:00</time>
      <extensions>
        <activity type="IN_VEHICLE" conf="98" state="moving" tsMs="1786800685578"/>
        <radio op="vodafone IT" rat="LTE" q="16.80" rsrp="-113" sinr="9" rsrq="-12"/>
        <radio op="I TIM" rat="LTE" rsrp="-110" rsrq="-13"/>
      </extensions>
    </trkpt>
    <trkpt lat="45.7645438" lon="10.4916929">
      <ele>440.0</ele>
      <time>2026-08-15T15:31:38.009+02:00</time>
      <extensions>
        <activity type="IN_VEHICLE" conf="96" state="moving" tsMs="1786800696355"/>
        <radio op="vodafone IT" rat="LTE" q="8.00" rsrp="-117" sinr="5" rsrq="-11"/>
        <radio op="I TIM" rat="LTE" q="8.40" rsrp="-113" sinr="2" rsrq="-12"/>
      </extensions>
    </trkpt>
    <trkpt lat="45.7651863" lon="10.4917463">
      <ele>443.0</ele>
      <time>2026-08-15T15:31:48.008+02:00</time>
      <extensions>
        <activity type="IN_VEHICLE" conf="96" state="moving" tsMs="1786800707105"/>
        <radio op="vodafone IT" rat="LTE" q="7.70" rsrp="-114" sinr="2" rsrq="-11"/>
        <radio op="I TIM" rat="LTE" q="14.30" rsrp="-112" sinr="6" rsrq="-12"/>
      </extensions>
    </trkpt>
    <trkpt lat="45.7660729" lon="10.4919089">
      <ele>442.0</ele>
      <time>2026-08-15T15:31:58.008+02:00</time>
      <extensions>
        <activity type="IN_VEHICLE" conf="96" state="moving" tsMs="1786800717893"/>
        <radio op="vodafone IT" rat="LTE" q="0.00" rsrp="-126" sinr="0" rsrq="-15"/>
        <radio op="I TIM" rat="LTE" rsrp="-125" rsrq="-15"/>
      </extensions>
    </trkpt>
    <trkpt lat="45.7665796" lon="10.4923138">
      <ele>442.0</ele>
      <time>2026-08-15T15:32:08.008+02:00</time>
      <extensions>
        <activity type="IN_VEHICLE" conf="96" state="moving" tsMs="1786800728621"/>
        <radio op="vodafone IT" rat="LTE" rsrp="-124" rsrq="-12"/>
        <radio op="I TIM" rat="LTE" rsrp="-123" rsrq="-14"/>
      </extensions>
    </trkpt>
    <trkpt lat="45.7676398" lon="10.4929712">
      <ele>443.0</ele>
      <time>2026-08-15T15:32:18.009+02:00</time>
      <extensions>
        <activity type="IN_VEHICLE" conf="98" state="moving" tsMs="1786800733991"/>
        <radio op="vodafone IT" rat="LTE" q="1.60" rsrp="-123" sinr="3" rsrq="-14"/>
        <radio op="I TIM" rat="LTE" q="3.00" rsrp="-119" sinr="0" rsrq="-13"/>
      </extensions>
    </trkpt>
    <trkpt lat="45.7684953" lon="10.4942717">
      <ele>450.0</ele>
      <time>2026-08-15T15:32:28.009+02:00</time>
      <extensions>
        <activity type="IN_VEHICLE" conf="96" state="moving" tsMs="1786800744704"/>
        <radio op="vodafone IT" rat="LTE" q="15.60" rsrp="-113" sinr="8" rsrq="-12"/>
        <radio op="I TIM" rat="LTE" q="6.60" rsrp="-114" sinr="1" rsrq="-13"/>
      </extensions>
    </trkpt>
    <trkpt lat="45.7687855" lon="10.4952776">
      <ele>452.0</ele>
      <time>2026-08-15T15:32:39.009+02:00</time>
      <extensions>
        <activity type="IN_VEHICLE" conf="96" state="moving" tsMs="1786800755444"/>
        <radio op="vodafone IT" rat="LTE" q="16.80" rsrp="-111" sinr="7" rsrq="-12"/>
        <radio op="I TIM" rat="LTE" q="13.50" rsrp="-110" sinr="4" rsrq="-13"/>
      </extensions>
    </trkpt>
    <trkpt lat="45.7693134" lon="10.4968162">
      <ele>451.0</ele>
      <time>2026-08-15T15:32:49.008+02:00</time>
      <extensions>
        <activity type="IN_VEHICLE" conf="96" state="moving" tsMs="1786800766198"/>
        <radio op="vodafone IT" rat="LTE" q="5.40" rsrp="-116" sinr="1" rsrq="-12"/>
        <radio op="I TIM" rat="LTE" q="6.00" rsrp="-115" sinr="1" rsrq="-13"/>
      </extensions>
    </trkpt>
    <trkpt lat="45.7704601" lon="10.4983875">
      <ele>451.0</ele>
      <time>2026-08-15T15:32:59.009+02:00</time>
      <extensions>
        <activity type="IN_VEHICLE" conf="96" state="moving" tsMs="1786800776988"/>
        <radio op="vodafone IT" rat="LTE" q="9.60" rsrp="-113" sinr="3" rsrq="-13"/>
        <radio op="I TIM" rat="LTE" q="3.60" rsrp="-121" sinr="4" rsrq="-15"/>
      </extensions>
    </trkpt>
    <trkpt lat="45.7718025" lon="10.499986">
      <ele>447.0</ele>
      <time>2026-08-15T15:33:09.008+02:00</time>
      <extensions>
        <activity type="IN_VEHICLE" conf="96" state="moving" tsMs="1786800787763"/>
        <radio op="vodafone IT" rat="LTE" rsrp="-119" rsrq="-16"/>
        <radio op="I TIM" rat="LTE" rsrp="-121" rsrq="-16"/>
      </extensions>
    </trkpt>
    <trkpt lat="45.7730564" lon="10.5016985">
      <ele>445.0</ele>
      <time>2026-08-15T15:33:19.008+02:00</time>
      <extensions>
        <activity type="IN_VEHICLE" conf="98" state="moving" tsMs="1786800798517"/>
        <radio op="vodafone IT" rat="LTE" q="5.40" rsrp="-116" sinr="1" rsrq="-16"/>
        <radio op="I TIM" rat="LTE" rsrp="-113" rsrq="-14"/>
      </extensions>
    </trkpt>
    <trkpt lat="45.7747003" lon="10.5025343">
      <ele>440.0</ele>
      <time>2026-08-15T15:33:29.009+02:00</time>
      <extensions>
        <activity type="IN_VEHICLE" conf="95" state="moving" tsMs="1786800809265"/>
        <radio op="vodafone IT" rat="LTE" q="4.00" rsrp="-117" sinr="0" rsrq="-14"/>
        <radio op="I TIM" rat="LTE" q="9.00" rsrp="-110" sinr="1" rsrq="-13"/>
      </extensions>
    </trkpt>
    <trkpt lat="45.7763342" lon="10.5037769">
      <ele>435.0</ele>
      <time>2026-08-15T15:33:39.008+02:00</time>
      <extensions>
        <activity type="IN_VEHICLE" conf="96" state="moving" tsMs="1786800814610"/>
        <radio op="vodafone IT" rat="LTE" rsrp="-121" rsrq="-16"/>
        <radio op="I TIM" rat="LTE" q="13.50" rsrp="-110" sinr="4" rsrq="-13"/>
      </extensions>
    </trkpt>
    <trkpt lat="45.7777634" lon="10.5032556">
      <ele>439.0</ele>
      <time>2026-08-15T15:33:49.008+02:00</time>
      <extensions>
        <activity type="IN_VEHICLE" conf="97" state="moving" tsMs="1786800825325"/>
        <radio op="vodafone IT" rat="LTE" rsrp="-116" rsrq="-14"/>
        <radio op="I TIM" rat="LTE" q="6.00" rsrp="-113" sinr="0" rsrq="-13"/>
      </extensions>
    </trkpt>
    <trkpt lat="45.7790887" lon="10.50347">
      <ele>441.0</ele>
      <time>2026-08-15T15:34:00.008+02:00</time>
      <extensions>
        <activity type="IN_VEHICLE" conf="96" state="moving" tsMs="1786800836015"/>
        <radio op="vodafone IT" rat="LTE" q="7.70" rsrp="-114" sinr="2" rsrq="-11"/>
        <radio op="I TIM" rat="LTE" q="8.00" rsrp="-117" sinr="5" rsrq="-14"/>
      </extensions>
    </trkpt>
    <trkpt lat="45.7803077" lon="10.5032398">
      <ele>440.0</ele>
      <time>2026-08-15T15:34:10.008+02:00</time>
      <extensions>
        <activity type="IN_VEHICLE" conf="96" state="moving" tsMs="1786800846741"/>
        <radio op="vodafone IT" rat="LTE" rsrp="-123" rsrq="-18"/>
        <radio op="I TIM" rat="LTE" rsrp="-116" rsrq="-13"/>
      </extensions>
    </trkpt>
    <trkpt lat="45.7815184" lon="10.5030132">
      <ele>443.0</ele>
      <time>2026-08-15T15:34:20.009+02:00</time>
      <extensions>
        <activity type="IN_VEHICLE" conf="95" state="moving" tsMs="1786800857489"/>
        <radio op="vodafone IT" rat="LTE" q="4.80" rsrp="-117" sinr="1" rsrq="-10"/>
        <radio op="I TIM" rat="LTE" q="4.90" rsrp="-118" sinr="2" rsrq="-14"/>
      </extensions>
    </trkpt>
    <trkpt lat="45.78265" lon="10.5023496">
      <ele>446.0</ele>
      <time>2026-08-15T15:34:30.008+02:00</time>
      <extensions>
        <activity type="IN_VEHICLE" conf="96" state="moving" tsMs="1786800868244"/>
        <radio op="vodafone IT" rat="LTE" q="7.70" rsrp="-114" sinr="2" rsrq="-13"/>
        <radio op="I TIM" rat="LTE" rsrp="-113" rsrq="-13"/>
      </extensions>
    </trkpt>
    <trkpt lat="45.7835474" lon="10.5011643">
      <ele>443.0</ele>
      <time>2026-08-15T15:34:40.008+02:00</time>
      <extensions>
        <activity type="IN_VEHICLE" conf="98" state="moving" tsMs="1786800878964"/>
        <radio op="vodafone IT" rat="LTE" q="9.00" rsrp="-110" sinr="1" rsrq="-12"/>
        <radio op="I TIM" rat="LTE" q="5.50" rsrp="-114" sinr="0" rsrq="-14"/>
      </extensions>
    </trkpt>
    <trkpt lat="45.7846275" lon="10.5006696">
      <ele>441.0</ele>
      <time>2026-08-15T15:34:50.008+02:00</time>
      <extensions>
        <activity type="IN_VEHICLE" conf="96" state="moving" tsMs="1786800889782"/>
        <radio op="vodafone IT" rat="LTE" q="4.90" rsrp="-118" sinr="2" rsrq="-14"/>
        <radio op="I TIM" rat="LTE" q="6.40" rsrp="-117" sinr="3" rsrq="-14"/>
      </extensions>
    </trkpt>
    <trkpt lat="45.7858586" lon="10.5011049">
      <ele>448.0</ele>
      <time>2026-08-15T15:35:00.008+02:00</time>
      <extensions>
        <activity type="IN_VEHICLE" conf="96" state="moving" tsMs="1786800900551"/>
        <radio op="vodafone IT" rat="LTE" q="9.60" rsrp="-109" sinr="1" rsrq="-9"/>
        <radio op="I TIM" rat="LTE" rsrp="-112" rsrq="-13"/>
      </extensions>
    </trkpt>
    <trkpt lat="45.7871384" lon="10.5010211">
      <ele>454.0</ele>
      <time>2026-08-15T15:35:10.008+02:00</time>
      <extensions>
        <activity type="IN_VEHICLE" conf="96" state="moving" tsMs="1786800905900"/>
        <radio op="vodafone IT" rat="LTE" q="21.60" rsrp="-107" sinr="7" rsrq="-8"/>
        <radio op="I TIM" rat="LTE" q="12.10" rsrp="-114" sinr="6" rsrq="-14"/>
      </extensions>
    </trkpt>
    <trkpt lat="45.7884853" lon="10.500487">
      <ele>461.0</ele>
      <time>2026-08-15T15:35:21.009+02:00</time>
      <extensions>
        <activity type="IN_VEHICLE" conf="96" state="moving" tsMs="1786800916597"/>
        <radio op="vodafone IT" rat="LTE" q="16.20" rsrp="-107" sinr="4" rsrq="-10"/>
        <radio op="I TIM" rat="LTE" q="14.00" rsrp="-111" sinr="5" rsrq="-13"/>
      </extensions>
    </trkpt>
    <trkpt lat="45.789698" lon="10.5001185">
      <ele>466.0</ele>
      <time>2026-08-15T15:35:31.008+02:00</time>
      <extensions>
        <activity type="IN_VEHICLE" conf="96" state="moving" tsMs="1786800927316"/>
        <radio op="vodafone IT" rat="LTE" q="15.00" rsrp="-110" sinr="5" rsrq="-11"/>
        <radio op="I TIM" rat="LTE" rsrp="-113" rsrq="-13"/>
      </extensions>
    </trkpt>
    <trkpt lat="45.7909611" lon="10.5002233">
      <ele>472.0</ele>
      <time>2026-08-15T15:35:41.009+02:00</time>
      <extensions>
        <activity type="IN_VEHICLE" conf="96" state="moving" tsMs="1786800937967"/>
        <radio op="vodafone IT" rat="LTE" q="5.40" rsrp="-116" sinr="1" rsrq="-13"/>
        <radio op="I TIM" rat="LTE" q="6.30" rsrp="-116" sinr="2" rsrq="-13"/>
      </extensions>
    </trkpt>
    <trkpt lat="45.7918736" lon="10.4997201">
      <ele>477.0</ele>
      <time>2026-08-15T15:35:51.008+02:00</time>
      <extensions>
        <activity type="IN_VEHICLE" conf="96" state="moving" tsMs="1786800948728"/>
        <radio op="vodafone IT" rat="LTE" rsrp="-122" rsrq="-16"/>
        <radio op="I TIM" rat="LTE" rsrp="-121" rsrq="-15"/>
      </extensions>
    </trkpt>
    <trkpt lat="45.7926803" lon="10.5005614">
      <ele>479.0</ele>
      <time>2026-08-15T15:36:01.008+02:00</time>
      <extensions>
        <activity type="IN_VEHICLE" conf="98" state="moving" tsMs="1786800959510"/>
        <radio op="vodafone IT" rat="LTE" q="6.30" rsrp="-118" sinr="4" rsrq="-14"/>
        <radio op="I TIM" rat="LTE" rsrp="-121" rsrq="-14"/>
      </extensions>
    </trkpt>
    <trkpt lat="45.7939478" lon="10.5009078">
      <ele>482.0</ele>
      <time>2026-08-15T15:36:11.008+02:00</time>
      <extensions>
        <activity type="IN_VEHICLE" conf="96" state="moving" tsMs="1786800970200"/>
        <radio op="vodafone IT" rat="LTE" q="2.50" rsrp="-120" sinr="0" rsrq="-15"/>
        <radio op="I TIM" rat="LTE" q="3.60" rsrp="-119" sinr="1" rsrq="-14"/>
      </extensions>
    </trkpt>
    <trkpt lat="45.7950319" lon="10.5013874">
      <ele>489.0</ele>
      <time>2026-08-15T15:36:21.009+02:00</time>
      <extensions>
        <activity type="IN_VEHICLE" conf="96" state="moving" tsMs="1786800980890"/>
        <radio op="vodafone IT" rat="LTE" rsrp="-127" rsrq="-17"/>
        <radio op="I TIM" rat="LTE" q="17.60" rsrp="-103" sinr="3" rsrq="-11"/>
      </extensions>
    </trkpt>
    <trkpt lat="45.7960941" lon="10.5018424">
      <ele>493.0</ele>
      <time>2026-08-15T15:36:32.009+02:00</time>
      <extensions>
        <activity type="IN_VEHICLE" conf="96" state="moving" tsMs="1786800991620"/>
        <radio op="vodafone IT" rat="LTE" rsrp="-131" rsrq="-19"/>
        <radio op="I TIM" rat="LTE" rsrp="-115" rsrq="-10"/>
      </extensions>
    </trkpt>
    <trkpt lat="45.7967592" lon="10.5025699">
      <ele>493.0</ele>
      <time>2026-08-15T15:36:42.008+02:00</time>
      <extensions>
        <activity type="IN_VEHICLE" conf="99" state="moving" tsMs="1786800997027"/>
        <radio op="vodafone IT" rat="LTE" rsrp="-128" rsrq="-18"/>
        <radio op="I TIM" rat="LTE" rsrp="-110" rsrq="-9"/>
      </extensions>
    </trkpt>
    <trkpt lat="45.7972579" lon="10.5034062">
      <ele>492.0</ele>
      <time>2026-08-15T15:36:52.008+02:00</time>
      <extensions>
        <activity type="IN_VEHICLE" conf="96" state="moving" tsMs="1786801007821"/>
        <radio op="vodafone IT" rat="LTE" q="22.40" rsrp="-111" sinr="11" rsrq="-12"/>
        <radio op="I TIM" rat="LTE" q="11.20" rsrp="-111" sinr="3" rsrq="-11"/>
      </extensions>
    </trkpt>
    <trkpt lat="45.7980334" lon="10.5039076">
      <ele>494.0</ele>
      <time>2026-08-15T15:37:02.007+02:00</time>
      <extensions>
        <activity type="IN_VEHICLE" conf="96" state="moving" tsMs="1786801018565"/>
        <radio op="vodafone IT" rat="LTE" q="14.40" rsrp="-107" sinr="3" rsrq="-12"/>
        <radio op="I TIM" rat="LTE" q="18.00" rsrp="-110" sinr="7" rsrq="-14"/>
      </extensions>
    </trkpt>
    <trkpt lat="45.7990591" lon="10.5043513">
      <ele>494.0</ele>
      <time>2026-08-15T15:37:12.008+02:00</time>
      <extensions>
        <activity type="IN_VEHICLE" conf="96" state="moving" tsMs="1786801029289"/>
        <radio op="vodafone IT" rat="LTE" q="15.00" rsrp="-110" sinr="5" rsrq="-11"/>
        <radio op="I TIM" rat="LTE" q="14.30" rsrp="-112" sinr="6" rsrq="-12"/>
      </extensions>
    </trkpt>
    <trkpt lat="45.7998924" lon="10.5037123">
      <ele>489.0</ele>
      <time>2026-08-15T15:37:22.007+02:00</time>
      <extensions>
        <activity type="IN_VEHICLE" conf="96" state="moving" tsMs="1786801039962"/>
        <radio op="vodafone IT" rat="LTE" q="20.90" rsrp="-106" sinr="6" rsrq="-11"/>
        <radio op="I TIM" rat="LTE" q="8.40" rsrp="-111" sinr="1" rsrq="-15"/>
      </extensions>
    </trkpt>
    <trkpt lat="45.7995358" lon="10.5038">
      <ele>488.0</ele>
      <time>2026-08-15T15:37:32.007+02:00</time>
      <extensions>
        <activity type="IN_VEHICLE" conf="96" state="moving" tsMs="1786801050655"/>
        <radio op="vodafone IT" rat="LTE" q="8.00" rsrp="-109" sinr="0" rsrq="-13"/>
        <radio op="I TIM" rat="LTE" rsrp="-107" rsrq="-15"/>
      </extensions>
    </trkpt>
    <trkpt lat="45.798744" lon="10.5041678">
      <ele>492.0</ele>
      <time>2026-08-15T15:37:42.007+02:00</time>
      <extensions>
        <activity type="IN_VEHICLE" conf="96" state="moving" tsMs="1786801061366"/>
        <radio op="vodafone IT" rat="LTE" rsrp="-109" rsrq="-11"/>
        <radio op="I TIM" rat="LTE" q="15.20" rsrp="-106" sinr="3" rsrq="-14"/>
      </extensions>
    </trkpt>
    <trkpt lat="45.7976379" lon="10.5035719">
      <ele>493.0</ele>
      <time>2026-08-15T15:37:53.008+02:00</time>
      <extensions>
        <activity type="IN_VEHICLE" conf="96" state="moving" tsMs="1786801072152"/>
        <radio op="vodafone IT" rat="LTE" rsrp="-114" rsrq="-15"/>
        <radio op="I TIM" rat="LTE" q="17.00" rsrp="-108" sinr="5" rsrq="-7"/>
      </extensions>
    </trkpt>
    <trkpt lat="45.7971716" lon="10.5033202">
      <ele>491.0</ele>
      <time>2026-08-15T15:38:03.008+02:00</time>
      <extensions>
        <activity type="IN_VEHICLE" conf="96" state="moving" tsMs="1786801082904"/>
        <radio op="vodafone IT" rat="LTE" rsrp="-111" rsrq="-9"/>
        <radio op="I TIM" rat="LTE" q="19.80" rsrp="-107" sinr="6" rsrq="-13"/>
      </extensions>
    </trkpt>
    <trkpt lat="45.7973631" lon="10.5035343">
      <ele>493.0</ele>
      <time>2026-08-15T15:38:13.008+02:00</time>
      <extensions>
        <activity type="TILTING" conf="100" state="moving" tsMs="1786801084437"/>
        <radio op="vodafone IT" rat="LTE" q="15.30" rsrp="-108" sinr="4" rsrq="-12"/>
        <radio op="I TIM" rat="LTE" q="7.70" rsrp="-114" sinr="2" rsrq="-12"/>
      </extensions>
    </trkpt>
    <trkpt lat="45.7973906" lon="10.5035958">
      <ele>494.0</ele>
      <time>2026-08-15T15:38:23.007+02:00</time>
      <extensions>
        <activity type="TILTING" conf="100" state="moving" tsMs="1786801084437"/>
        <radio op="vodafone IT" rat="LTE" q="16.80" rsrp="-104" sinr="3" rsrq="-11"/>
        <radio op="I TIM" rat="LTE" q="36.00" rsrp="-101" sinr="10" rsrq="-12"/>
      </extensions>
    </trkpt>
    <trkpt lat="45.797402" lon="10.5035915">
      <ele>495.0</ele>
      <time>2026-08-15T15:38:33.007+02:00</time>
      <extensions>
        <activity type="STILL" conf="93" state="still" tsMs="1786801109725"/>
        <radio op="vodafone IT" rat="LTE" q="11.90" rsrp="-108" sinr="2" rsrq="-11"/>
        <radio op="I TIM" rat="LTE" q="33.80" rsrp="-99" sinr="8" rsrq="-12"/>
      </extensions>
    </trkpt>
    <trkpt lat="45.797402" lon="10.5035915">
      <ele>495.0</ele>
      <time>2026-08-15T15:38:43.007+02:00</time>
      <extensions>
        <activity type="STILL" conf="100" state="still" tsMs="1786801120004"/>
        <radio op="vodafone IT" rat="LTE" q="9.80" rsrp="-111" sinr="2" rsrq="-14"/>
        <radio op="I TIM" rat="LTE" q="33.80" rsrp="-99" sinr="8" rsrq="-12"/>
      </extensions>
    </trkpt>
    <trkpt lat="45.797402" lon="10.5035915">
      <ele>495.0</ele>
      <time>2026-08-15T15:38:53.007+02:00</time>
      <extensions>
        <activity type="STILL" conf="99" state="still" tsMs="1786801130276"/>
        <radio op="vodafone IT" rat="LTE" q="20.00" rsrp="-105" sinr="5" rsrq="-12"/>
        <radio op="I TIM" rat="LTE" q="39.20" rsrp="-97" sinr="9" rsrq="-11"/>
      </extensions>
    </trkpt>
    <trkpt lat="45.797402" lon="10.5035915">
      <ele>495.0</ele>
      <time>2026-08-15T15:39:04.008+02:00</time>
      <extensions>
        <activity type="STILL" conf="48" state="still" tsMs="1786801140514"/>
        <radio op="vodafone IT" rat="LTE" q="10.80" rsrp="-113" sinr="4" rsrq="-13"/>
        <radio op="I TIM" rat="LTE" q="27.00" rsrp="-98" sinr="5" rsrq="-12"/>
      </extensions>
    </trkpt>
    <trkpt lat="45.797402" lon="10.5035915">
      <ele>495.0</ele>
      <time>2026-08-15T15:39:14.007+02:00</time>
      <extensions>
        <activity type="UNKNOWN" conf="40" state="unknown" tsMs="1786801150923"/>
        <radio op="vodafone IT" rat="LTE" q="9.10" rsrp="-112" sinr="2" rsrq="-11"/>
        <radio op="I TIM" rat="LTE" rsrp="-97" rsrq="-12"/>
      </extensions>
    </trkpt>
    <trkpt lat="45.797402" lon="10.5035915">
      <ele>495.0</ele>
      <time>2026-08-15T15:39:20.007+02:00</time>
      <extensions>
        <activity type="UNKNOWN" conf="40" state="unknown" tsMs="1786801159875"/>
        <radio op="vodafone IT" rat="LTE" q="9.10" rsrp="-112" sinr="2" rsrq="-11"/>
        <radio op="I TIM" rat="LTE" q="18.60" rsrp="-94" sinr="1" rsrq="-12"/>
      </extensions>
    </trkpt>
    <trkpt lat="45.797263" lon="10.5035223">
      <ele>493.8000183105469</ele>
      <time>2026-08-15T15:39:39.385+02:00</time>
      <extensions>
        <activity type="STILL" conf="47" state="still" tsMs="1786801182861"/>
        <radio op="vodafone IT" rat="LTE" q="11.90" rsrp="-108" sinr="2" rsrq="-10"/>
        <radio op="I TIM" rat="LTE" q="37.70" rsrp="-96" sinr="8" rsrq="-12"/>
      </extensions>
    </trkpt>
    <trkpt lat="45.7972756" lon="10.5035242">
      <ele>496.8805638055217</ele>
      <time>2026-08-15T15:40:15.157+02:00</time>
      <extensions>
        <activity type="STILL" conf="61" state="still" tsMs="1786801213924"/>
        <radio op="vodafone IT" rat="LTE" q="22.80" rsrp="-106" sinr="7" rsrq="-11"/>
        <radio op="I TIM" rat="LTE" rsrp="-91" rsrq="-12"/>
      </extensions>
    </trkpt>
    <trkpt lat="45.7972685" lon="10.5035246">
      <ele>496.46970010632344</ele>
      <time>2026-08-15T15:40:46.3+02:00</time>
      <extensions>
        <activity type="STILL" conf="74" state="still" tsMs="1786801243111"/>
        <radio op="vodafone IT" rat="LTE" q="13.50" rsrp="-110" sinr="4" rsrq="-11"/>
        <radio op="I TIM" rat="LTE" q="36.30" rsrp="-92" sinr="6" rsrq="-13"/>
      </extensions>
    </trkpt>
    <trkpt lat="45.7972899" lon="10.5035224">
      <ele>497.19032917409424</ele>
      <time>2026-08-15T15:41:17.477+02:00</time>
      <extensions>
        <activity type="STILL" conf="54" state="still" tsMs="1786801274162"/>
        <radio op="vodafone IT" rat="LTE" q="12.00" rsrp="-105" sinr="1" rsrq="-10"/>
        <radio op="I TIM" rat="LTE" q="38.50" rsrp="-90" sinr="6" rsrq="-12"/>
      </extensions>
    </trkpt>
    <trkpt lat="45.7972917" lon="10.5035221">
      <ele>496.55624402613824</ele>
      <time>2026-08-15T15:41:48.688+02:00</time>
      <extensions>
        <activity type="STILL" conf="71" state="still" tsMs="1786801303142"/>
        <radio op="vodafone IT" rat="LTE" q="9.60" rsrp="-109" sinr="1" rsrq="-11"/>
        <radio op="I TIM" rat="LTE" q="35.20" rsrp="-93" sinr="6" rsrq="-12"/>
      </extensions>
    </trkpt>
    <trkpt lat="45.797336" lon="10.503744">
      <ele>496.55624402613824</ele>
      <time>2026-08-15T15:41:52.008+02:00</time>
      <extensions>
        <activity type="STILL" conf="98" state="still" tsMs="1786801308505"/>
        <radio op="vodafone IT" rat="LTE" q="10.50" rsrp="-110" sinr="2" rsrq="-11"/>
        <radio op="I TIM" rat="LTE" q="37.20" rsrp="-94" sinr="7" rsrq="-11"/>
      </extensions>
    </trkpt>
    <trkpt lat="45.7972851" lon="10.5035211">
      <ele>497.51308803992794</ele>
      <time>2026-08-15T15:42:29.912+02:00</time>
      <extensions>
        <activity type="STILL" conf="67" state="still" tsMs="1786801347223"/>
        <radio op="vodafone IT" rat="LTE" q="7.80" rsrp="-112" sinr="1" rsrq="-14"/>
        <radio op="I TIM" rat="LTE" q="31.00" rsrp="-94" sinr="5" rsrq="-12"/>
      </extensions>
    </trkpt>
    <trkpt lat="45.7972777" lon="10.5035188">
      <ele>496.9201290991387</ele>
      <time>2026-08-15T15:43:02.833+02:00</time>
      <extensions>
        <activity type="STILL" conf="96" state="still" tsMs="1786801377789"/>
        <radio op="vodafone IT" rat="LTE" q="13.30" rsrp="-106" sinr="2" rsrq="-11"/>
        <radio op="I TIM" rat="LTE" rsrp="-92" rsrq="-12"/>
      </extensions>
    </trkpt>
    <trkpt lat="45.7973439" lon="10.5037121">
      <ele>497.4185775289657</ele>
      <time>2026-08-15T15:43:37.006+02:00</time>
      <extensions>
        <activity type="STILL" conf="85" state="still" tsMs="1786801424817"/>
        <radio op="vodafone IT" rat="LTE" q="21.60" rsrp="-107" sinr="7" rsrq="-11"/>
        <radio op="I TIM" rat="LTE" rsrp="-91" rsrq="-16"/>
      </extensions>
    </trkpt>
    <trkpt lat="45.7972552" lon="10.5035224">
      <ele>493.8000183105469</ele>
      <time>2026-08-15T15:44:17.189+02:00</time>
      <extensions>
        <activity type="STILL" conf="96" state="still" tsMs="1786801451593"/>
        <radio op="vodafone IT" rat="LTE" q="11.40" rsrp="-106" sinr="1" rsrq="-11"/>
        <radio op="I TIM" rat="LTE" rsrp="-89" rsrq="-13"/>
      </extensions>
    </trkpt>
    <trkpt lat="45.797327" lon="10.5036965">
      <ele>493.8000183105469</ele>
      <time>2026-08-15T15:44:37.226+02:00</time>
      <extensions>
        <activity type="STILL" conf="97" state="still" tsMs="1786801474367"/>
        <radio op="vodafone IT" rat="LTE" rsrp="-105" rsrq="-12"/>
        <radio op="I TIM" rat="LTE" rsrp="-90" rsrq="-15"/>
      </extensions>
    </trkpt>
    <trkpt lat="45.7973279" lon="10.5036185">
      <ele>493.8000183105469</ele>
      <time>2026-08-15T15:44:40.006+02:00</time>
      <extensions>
        <activity type="STILL" conf="99" state="still" tsMs="1786801485089"/>
        <radio op="vodafone IT" rat="LTE" q="13.30" rsrp="-106" sinr="2" rsrq="-11"/>
        <radio op="I TIM" rat="LTE" rsrp="-90" rsrq="-17"/>
      </extensions>
    </trkpt>
    <trkpt lat="45.797323" lon="10.5035102">
      <ele>493.8000183105469</ele>
      <time>2026-08-15T15:45:18.818+02:00</time>
      <extensions>
        <activity type="STILL" conf="98" state="still" tsMs="1786801505491"/>
        <radio op="vodafone IT" rat="LTE" q="20.00" rsrp="-105" sinr="5" rsrq="-11"/>
        <radio op="I TIM" rat="LTE" q="45.60" rsrp="-87" sinr="7" rsrq="-12"/>
      </extensions>
    </trkpt>
    <trkpt lat="45.7972568" lon="10.503534">
      <ele>493.8000183105469</ele>
      <time>2026-08-15T15:45:49.967+02:00</time>
      <extensions>
        <activity type="STILL" conf="99" state="still" tsMs="1786801545537"/>
        <radio op="vodafone IT" rat="LTE" q="15.30" rsrp="-108" sinr="4" rsrq="-11"/>
        <radio op="I TIM" rat="LTE" rsrp="-89" rsrq="-12"/>
      </extensions>
    </trkpt>
    <trkpt lat="45.7973171" lon="10.5035114">
      <ele>493.8000183105469</ele>
      <time>2026-08-15T15:46:21.073+02:00</time>
      <extensions>
        <activity type="STILL" conf="99" state="still" tsMs="1786801576481"/>
        <radio op="vodafone IT" rat="LTE" rsrp="-107" rsrq="-10"/>
        <radio op="I TIM" rat="LTE" rsrp="-89" rsrq="-13"/>
      </extensions>
    </trkpt>
    <trkpt lat="45.797263" lon="10.5035249">
      <ele>493.8000183105469</ele>
      <time>2026-08-15T15:46:52.517+02:00</time>
      <extensions>
        <activity type="STILL" conf="98" state="still" tsMs="1786801607755"/>
        <radio op="vodafone IT" rat="LTE" q="10.50" rsrp="-110" sinr="2" rsrq="-11"/>
        <radio op="I TIM" rat="LTE" rsrp="-91" rsrq="-12"/>
      </extensions>
    </trkpt>
    <trkpt lat="45.7973896" lon="10.5038595">
      <ele>493.70001220703125</ele>
      <time>2026-08-15T15:47:25.15+02:00</time>
      <extensions>
        <activity type="STILL" conf="96" state="still" tsMs="1786801639105"/>
        <radio op="vodafone IT" rat="LTE" rsrp="-108" rsrq="-10"/>
        <radio op="I TIM" rat="LTE" rsrp="-90" rsrq="-14"/>
      </extensions>
    </trkpt>
    <trkpt lat="45.7972552" lon="10.5035224">
      <ele>493.8000183105469</ele>
      <time>2026-08-15T15:47:55.759+02:00</time>
      <extensions>
        <activity type="STILL" conf="97" state="still" tsMs="1786801670258"/>
        <radio op="vodafone IT" rat="LTE" q="11.90" rsrp="-108" sinr="2" rsrq="-9"/>
        <radio op="I TIM" rat="LTE" rsrp="-91" rsrq="-13"/>
      </extensions>
    </trkpt>
    <trkpt lat="45.7972625" lon="10.5035286">
      <ele>495.52043701370104</ele>
      <time>2026-08-15T15:48:26.972+02:00</time>
      <extensions>
        <activity type="STILL" conf="99" state="still" tsMs="1786801703587"/>
        <radio op="vodafone IT" rat="LTE" q="7.00" rsrp="-111" sinr="0" rsrq="-11"/>
        <radio op="I TIM" rat="LTE" q="33.00" rsrp="-92" sinr="5" rsrq="-6"/>
      </extensions>
    </trkpt>
    <trkpt lat="45.79727" lon="10.50352">
      <ele>493.8000183105469</ele>
      <time>2026-08-15T15:48:58.178+02:00</time>
      <extensions>
        <activity type="STILL" conf="96" state="still" tsMs="1786801733641"/>
        <radio op="vodafone IT" rat="LTE" q="13.60" rsrp="-108" sinr="3" rsrq="-12"/>
        <radio op="I TIM" rat="LTE" q="62.70" rsrp="-92" sinr="14" rsrq="-7"/>
      </extensions>
    </trkpt>
    <trkpt lat="45.7972573" lon="10.5035263">
      <ele>493.8000183105469</ele>
      <time>2026-08-15T15:49:29.241+02:00</time>
      <extensions>
        <activity type="STILL" conf="99" state="still" tsMs="1786801764840"/>
        <radio op="vodafone IT" rat="LTE" rsrp="-108" rsrq="-10"/>
        <radio op="I TIM" rat="LTE" q="48.00" rsrp="-93" sinr="10" rsrq="-6"/>
      </extensions>
    </trkpt>
    <trkpt lat="45.7972623" lon="10.5035269">
      <ele>493.8000183105469</ele>
      <time>2026-08-15T15:50:00.463+02:00</time>
      <extensions>
        <activity type="STILL" conf="96" state="still" tsMs="1786801795891"/>
        <radio op="vodafone IT" rat="LTE" q="12.60" rsrp="-107" sinr="2" rsrq="-10"/>
        <radio op="I TIM" rat="LTE" rsrp="-90" rsrq="-16"/>
      </extensions>
    </trkpt>
    <trkpt lat="45.7972573" lon="10.5035263">
      <ele>493.8000183105469</ele>
      <time>2026-08-15T15:50:31.555+02:00</time>
      <extensions>
        <activity type="STILL" conf="98" state="still" tsMs="1786801827112"/>
        <radio op="vodafone IT" rat="LTE" q="15.30" rsrp="-108" sinr="4" rsrq="-10"/>
        <radio op="I TIM" rat="LTE" q="41.60" rsrp="-93" sinr="8" rsrq="-7"/>
      </extensions>
    </trkpt>
    <trkpt lat="45.7973171" lon="10.5035114">
      <ele>493.8000183105469</ele>
      <time>2026-08-15T15:51:02.56+02:00</time>
      <extensions>
        <activity type="STILL" conf="91" state="still" tsMs="1786801858197"/>
        <radio op="vodafone IT" rat="LTE" q="26.00" rsrp="-105" sinr="8" rsrq="-11"/>
        <radio op="I TIM" rat="LTE" rsrp="-94" rsrq="-16"/>
      </extensions>
    </trkpt>
    <trkpt lat="45.7972895" lon="10.503572">
      <ele>493.70001220703125</ele>
      <time>2026-08-15T16:00:09.426+02:00</time>
      <extensions>
        <activity type="ON_FOOT" conf="87" state="moving" tsMs="1786802384361"/>
        <radio op="vodafone IT" rat="LTE" rsrp="-119" rsrq="-17"/>
        <radio op="I TIM" rat="LTE" rsrp="-109" rsrq="-9"/>
      </extensions>
    </trkpt>
    <trkpt lat="45.7973227" lon="10.5035181">
      <ele>493.8000183105469</ele>
      <time>2026-08-15T16:00:40.394+02:00</time>
      <extensions>
        <activity type="UNKNOWN" conf="40" state="unknown" tsMs="1786802438565"/>
        <radio op="vodafone IT" rat="LTE" q="18.90" rsrp="-104" sinr="4" rsrq="-13"/>
        <radio op="I TIM" rat="LTE" q="37.80" rsrp="-98" sinr="9" rsrq="-12"/>
      </extensions>
    </trkpt>
    <trkpt lat="45.7973199" lon="10.5035185">
      <ele>493.8000183105469</ele>
      <time>2026-08-15T16:01:01.203+02:00</time>
      <extensions>
        <activity type="UNKNOWN" conf="40" state="unknown" tsMs="1786802443638"/>
        <radio op="vodafone IT" rat="LTE" q="33.60" rsrp="-97" sinr="7" rsrq="-12"/>
        <radio op="I TIM" rat="LTE" q="24.00" rsrp="-101" sinr="5" rsrq="-12"/>
      </extensions>
    </trkpt>
    <trkpt lat="45.797316" lon="10.5035163">
      <ele>493.8000183105469</ele>
      <time>2026-08-15T16:01:31.194+02:00</time>
      <extensions>
        <activity type="UNKNOWN" conf="40" state="unknown" tsMs="1786802487631"/>
        <radio op="vodafone IT" rat="LTE" q="39.00" rsrp="-95" sinr="8" rsrq="-12"/>
        <radio op="I TIM" rat="LTE" q="31.20" rsrp="-99" sinr="7" rsrq="-13"/>
      </extensions>
    </trkpt>
    <trkpt lat="45.7973199" lon="10.5035185">
      <ele>493.8000183105469</ele>
      <time>2026-08-15T16:02:04.335+02:00</time>
      <extensions>
        <activity type="STILL" conf="42" state="still" tsMs="1786802520608"/>
        <radio op="vodafone IT" rat="LTE" q="40.60" rsrp="-96" sinr="9" rsrq="-13"/>
        <radio op="I TIM" rat="LTE" q="32.50" rsrp="-100" sinr="8" rsrq="-12"/>
      </extensions>
    </trkpt>
    <trkpt lat="45.7973161" lon="10.5035191">
      <ele>493.8000183105469</ele>
      <time>2026-08-15T16:02:35.49+02:00</time>
      <extensions>
        <activity type="UNKNOWN" conf="40" state="unknown" tsMs="1786802551765"/>
        <radio op="vodafone IT" rat="LTE" q="14.70" rsrp="-104" sinr="2" rsrq="-13"/>
        <radio op="I TIM" rat="LTE" q="26.40" rsrp="-103" sinr="7" rsrq="-13"/>
      </extensions>
    </trkpt>
    <trkpt lat="45.7984177" lon="10.5041365">
      <ele>496.64180773121467</ele>
      <time>2026-08-15T16:03:10.004+02:00</time>
      <extensions>
        <activity type="IN_VEHICLE" conf="97" state="moving" tsMs="1786802608385"/>
        <radio op="vodafone IT" rat="LTE" q="28.60" rsrp="-103" sinr="8" rsrq="-11"/>
        <radio op="I TIM" rat="LTE" q="23.40" rsrp="-107" sinr="8" rsrq="-13"/>
      </extensions>
    </trkpt>
    <trkpt lat="45.8034446" lon="10.5057931">
      <ele>471.8401311433094</ele>
      <time>2026-08-15T16:03:53.005+02:00</time>
      <extensions>
        <activity type="IN_VEHICLE" conf="96" state="moving" tsMs="1786802633345"/>
        <radio op="vodafone IT" rat="LTE" q="21.00" rsrp="-110" sinr="9" rsrq="-12"/>
        <radio op="I TIM" rat="LTE" rsrp="-110" rsrq="-12"/>
      </extensions>
    </trkpt>
    <trkpt lat="45.8083175" lon="10.5092142">
      <ele>490.03003452064246</ele>
      <time>2026-08-15T16:04:40.004+02:00</time>
      <extensions>
        <activity type="IN_VEHICLE" conf="98" state="moving" tsMs="1786802683714"/>
        <radio op="vodafone IT" rat="LTE" q="16.50" rsrp="-110" sinr="6" rsrq="-12"/>
        <radio op="I TIM" rat="LTE" q="14.00" rsrp="-111" sinr="5" rsrq="-6"/>
      </extensions>
    </trkpt>
    <trkpt lat="45.8097008" lon="10.5111888">
      <ele>493.8000183105469</ele>
      <time>2026-08-15T16:04:54.003+02:00</time>
      <extensions>
        <activity type="IN_VEHICLE" conf="98" state="moving" tsMs="1786802693406"/>
        <radio op="vodafone IT" rat="LTE" q="33.00" rsrp="-103" sinr="10" rsrq="-11"/>
        <radio op="I TIM" rat="LTE" q="27.00" rsrp="-107" sinr="10" rsrq="-7"/>
      </extensions>
    </trkpt>
    <trkpt lat="45.8132268" lon="10.5163111">
      <ele>473.35974205432876</ele>
      <time>2026-08-15T16:05:33.003+02:00</time>
      <extensions>
        <activity type="IN_VEHICLE" conf="97" state="moving" tsMs="1786802725736"/>
        <radio op="vodafone IT" rat="LTE" q="76.00" rsrp="-82" sinr="14" rsrq="-10"/>
        <radio op="I TIM" rat="LTE" q="16.00" rsrp="-105" sinr="3" rsrq="-13"/>
      </extensions>
    </trkpt>
    <trkpt lat="45.8175612" lon="10.5214481">
      <ele>445.4712675038395</ele>
      <time>2026-08-15T16:06:15.004+02:00</time>
      <extensions>
        <activity type="IN_VEHICLE" conf="96" state="moving" tsMs="1786802772520"/>
        <radio op="vodafone IT" rat="LTE" q="52.00" rsrp="-83" sinr="8" rsrq="-11"/>
        <radio op="I TIM" rat="LTE" rsrp="-106" rsrq="-13"/>
      </extensions>
    </trkpt>
    <trkpt lat="45.8188601" lon="10.5231116">
      <ele>493.4000244140625</ele>
      <time>2026-08-15T16:06:29.758+02:00</time>
      <extensions>
        <activity type="IN_VEHICLE" conf="97" state="moving" tsMs="1786802789818"/>
        <radio op="vodafone IT" rat="LTE" rsrp="-101" rsrq="-14"/>
        <radio op="I TIM" rat="LTE" q="15.40" rsrp="-103" sinr="2" rsrq="-13"/>
      </extensions>
    </trkpt>
    <trkpt lat="45.8211205" lon="10.5269193">
      <ele>429.3000183105469</ele>
      <time>2026-08-15T16:07:02.32+02:00</time>
      <extensions>
        <activity type="IN_VEHICLE" conf="96" state="moving" tsMs="1786802816674"/>
        <radio op="vodafone IT" rat="LTE" q="57.50" rsrp="-102" sinr="20" rsrq="-10"/>
        <radio op="I TIM" rat="LTE" q="19.00" rsrp="-106" sinr="5" rsrq="-14"/>
      </extensions>
    </trkpt>
    <trkpt lat="45.8239273" lon="10.529455">
      <ele>436.83741707857047</ele>
      <time>2026-08-15T16:07:34.077+02:00</time>
      <extensions>
        <activity type="IN_VEHICLE" conf="97" state="moving" tsMs="1786802853430"/>
        <radio op="vodafone IT" rat="LTE" q="48.00" rsrp="-95" sinr="11" rsrq="-10"/>
        <radio op="I TIM" rat="LTE" q="31.20" rsrp="-99" sinr="7" rsrq="-12"/>
      </extensions>
    </trkpt>
    <trkpt lat="45.8242741" lon="10.5328286">
      <ele>437.26608921596386</ele>
      <time>2026-08-15T16:08:05.535+02:00</time>
      <extensions>
        <activity type="IN_VEHICLE" conf="97" state="moving" tsMs="1786802882195"/>
        <radio op="vodafone IT" rat="LTE" q="43.40" rsrp="-94" sinr="9" rsrq="-9"/>
        <radio op="I TIM" rat="LTE" q="34.20" rsrp="-106" sinr="13" rsrq="-11"/>
      </extensions>
    </trkpt>
    <trkpt lat="45.8237449" lon="10.5336676">
      <ele>437.26608921596386</ele>
      <time>2026-08-15T16:08:14.004+02:00</time>
      <extensions>
        <activity type="IN_VEHICLE" conf="97" state="moving" tsMs="1786802882195"/>
        <radio op="vodafone IT" rat="LTE" q="17.50" rsrp="-100" sinr="2" rsrq="-9"/>
        <radio op="I TIM" rat="LTE" rsrp="-114" rsrq="-11"/>
      </extensions>
    </trkpt>
    <trkpt lat="45.8181254" lon="10.5434991">
      <ele>430.88400460404785</ele>
      <time>2026-08-15T16:09:22.003+02:00</time>
      <extensions>
        <activity type="IN_VEHICLE" conf="98" state="moving" tsMs="1786802962087"/>
        <radio op="vodafone IT" rat="LTE" q="13.30" rsrp="-106" sinr="2" rsrq="-14"/>
        <radio op="I TIM" rat="LTE" q="36.00" rsrp="-101" sinr="10" rsrq="-13"/>
      </extensions>
    </trkpt>
    <trkpt lat="45.81814" lon="10.5503568">
      <ele>436.63174863828954</ele>
      <time>2026-08-15T16:10:05.003+02:00</time>
      <extensions>
        <activity type="IN_VEHICLE" conf="97" state="moving" tsMs="1786803000629"/>
        <radio op="vodafone IT" rat="LTE" q="27.20" rsrp="-91" sinr="3" rsrq="-9"/>
        <radio op="I TIM" rat="LTE" q="17.60" rsrp="-103" sinr="3" rsrq="-14"/>
      </extensions>
    </trkpt>
    <trkpt lat="45.8249896" lon="10.5565609">
      <ele>436.6945311142934</ele>
      <time>2026-08-15T16:10:48.004+02:00</time>
      <extensions>
        <activity type="IN_VEHICLE" conf="96" state="moving" tsMs="1786803043714"/>
        <radio op="vodafone IT" rat="LTE" q="25.30" rsrp="-102" sinr="6" rsrq="-12"/>
        <radio op="I TIM" rat="LTE" q="32.30" rsrp="-108" sinr="14" rsrq="-9"/>
      </extensions>
    </trkpt>
    <trkpt lat="45.8309483" lon="10.562038">
      <ele>437.4328008178679</ele>
      <time>2026-08-15T16:11:27.868+02:00</time>
      <extensions>
        <activity type="IN_VEHICLE" conf="96" state="moving" tsMs="1786803086733"/>
        <radio op="vodafone IT" rat="LTE" q="52.80" rsrp="-101" sinr="17" rsrq="-11"/>
        <radio op="I TIM" rat="LTE" q="45.60" rsrp="-101" sinr="14" rsrq="-9"/>
      </extensions>
    </trkpt>
    <trkpt lat="45.8358251" lon="10.5647196">
      <ele>442.38618890509565</ele>
      <time>2026-08-15T16:11:59.369+02:00</time>
      <extensions>
        <activity type="IN_VEHICLE" conf="96" state="moving" tsMs="1786803113637"/>
        <radio op="vodafone IT" rat="LTE" q="62.50" rsrp="-100" sinr="24" rsrq="-7"/>
        <radio op="I TIM" rat="LTE" q="80.00" rsrp="-93" sinr="26" rsrq="-6"/>
      </extensions>
    </trkpt>
    <trkpt lat="45.8403392" lon="10.5667171">
      <ele>439.84723370768273</ele>
      <time>2026-08-15T16:12:34.002+02:00</time>
      <extensions>
        <activity type="IN_VEHICLE" conf="90" state="moving" tsMs="1786803161819"/>
        <radio op="vodafone IT" rat="LTE" q="57.50" rsrp="-102" sinr="20" rsrq="-9"/>
        <radio op="I TIM" rat="LTE" q="81.60" rsrp="-91" sinr="19" rsrq="-8"/>
      </extensions>
    </trkpt>
    <trkpt lat="45.8458145" lon="10.5740604">
      <ele>445.3845826843547</ele>
      <time>2026-08-15T16:13:17.003+02:00</time>
      <extensions>
        <activity type="IN_VEHICLE" conf="96" state="moving" tsMs="1786803204862"/>
        <radio op="vodafone IT" rat="LTE" q="28.90" rsrp="-108" sinr="12" rsrq="-12"/>
        <radio op="I TIM" rat="LTE" q="28.00" rsrp="-97" sinr="5" rsrq="-9"/>
      </extensions>
    </trkpt>
    <trkpt lat="45.8481012" lon="10.5802929">
      <ele>446.8886882460787</ele>
      <time>2026-08-15T16:14:01.003+02:00</time>
      <extensions>
        <activity type="IN_VEHICLE" conf="97" state="moving" tsMs="1786803247744"/>
        <radio op="vodafone IT" rat="LTE" q="11.00" rsrp="-114" sinr="5" rsrq="-14"/>
        <radio op="I TIM" rat="LTE" q="40.80" rsrp="-101" sinr="12" rsrq="-11"/>
      </extensions>
    </trkpt>
    <trkpt lat="45.8443246" lon="10.5839904">
      <ele>454.2960184815512</ele>
      <time>2026-08-15T16:14:40.09+02:00</time>
      <extensions>
        <activity type="IN_VEHICLE" conf="96" state="moving" tsMs="1786803274729"/>
        <radio op="vodafone IT" rat="LTE" q="60.00" rsrp="-101" sinr="24" rsrq="-10"/>
        <radio op="I TIM" rat="LTE" q="20.00" rsrp="-81" sinr="0" rsrq="-9"/>
      </extensions>
    </trkpt>
    <trkpt lat="45.8409424" lon="10.5827083">
      <ele>474.59258508710616</ele>
      <time>2026-08-15T16:15:15.002+02:00</time>
      <extensions>
        <activity type="IN_VEHICLE" conf="96" state="moving" tsMs="1786803315195"/>
        <radio op="vodafone IT" rat="LTE" q="77.50" rsrp="-94" sinr="22" rsrq="-6"/>
        <radio op="I TIM" rat="LTE" q="100.00" rsrp="-85" sinr="25" rsrq="-6"/>
      </extensions>
    </trkpt>
    <trkpt lat="45.8403725" lon="10.5869703">
      <ele>507.93759638750146</ele>
      <time>2026-08-15T16:15:58.002+02:00</time>
      <extensions>
        <activity type="IN_VEHICLE" conf="97" state="moving" tsMs="1786803365536"/>
        <radio op="vodafone IT" rat="LTE" q="77.50" rsrp="-94" sinr="29" rsrq="-7"/>
        <radio op="I TIM" rat="LTE" q="18.90" rsrp="-104" sinr="4" rsrq="-8"/>
      </extensions>
    </trkpt>
    <trkpt lat="45.8405534" lon="10.5945995">
      <ele>546.06828611848</ele>
      <time>2026-08-15T16:16:41.002+02:00</time>
      <extensions>
        <activity type="IN_VEHICLE" conf="93" state="moving" tsMs="1786803408548"/>
        <radio op="vodafone IT" rat="LTE" q="14.00" rsrp="-115" sinr="9" rsrq="-13"/>
        <radio op="I TIM" rat="LTE" q="36.00" rsrp="-105" sinr="13" rsrq="-8"/>
      </extensions>
    </trkpt>
    <trkpt lat="45.842368" lon="10.5946379">
      <ele>572.5411429106526</ele>
      <time>2026-08-15T16:17:27.003+02:00</time>
      <extensions>
        <activity type="IN_VEHICLE" conf="97" state="moving" tsMs="1786803446084"/>
        <radio op="vodafone IT" rat="LTE" q="5.50" rsrp="-120" sinr="6" rsrq="-10"/>
        <radio op="I TIM" rat="LTE" q="16.80" rsrp="-111" sinr="7" rsrq="-9"/>
      </extensions>
    </trkpt>
    <trkpt lat="45.8452439" lon="10.6003776">
      <ele>594.153086890641</ele>
      <time>2026-08-15T16:18:10.002+02:00</time>
      <extensions>
        <activity type="IN_VEHICLE" conf="97" state="moving" tsMs="1786803483234"/>
        <radio op="vodafone IT" rat="WCDMA"/>
        <radio op="I TIM" rat="LTE" rsrp="-136" rsrq="-20"/>
      </extensions>
    </trkpt>
    <trkpt lat="45.8453469" lon="10.6078331">
      <ele>613.9805513871099</ele>
      <time>2026-08-15T16:18:53.002+02:00</time>
      <extensions>
        <activity type="IN_VEHICLE" conf="96" state="moving" tsMs="1786803530158"/>
        <radio op="vodafone IT" rat="LTE" rsrq="-20"/>
        <radio op="I TIM" rat="LTE" rsrp="-136" rsrq="-20"/>
      </extensions>
    </trkpt>
    <trkpt lat="45.8439563" lon="10.6149011">
      <ele>637.7260614151476</ele>
      <time>2026-08-15T16:19:33.003+02:00</time>
      <extensions>
        <activity type="IN_VEHICLE" conf="97" state="moving" tsMs="1786803568292"/>
        <radio op="vodafone IT" rat="LTE" rsrq="-20"/>
        <radio op="I TIM" rat="LTE" rsrq="-20"/>
      </extensions>
    </trkpt>
    <trkpt lat="45.8430447" lon="10.620499">
      <ele>658.2383780577243</ele>
      <time>2026-08-15T16:20:16.002+02:00</time>
      <extensions>
        <activity type="IN_VEHICLE" conf="96" state="moving" tsMs="1786803616293"/>
        <radio op="vodafone IT" rat="WCDMA"/>
        <radio op="I TIM" rat="LTE" rsrq="-20"/>
      </extensions>
    </trkpt>
    <trkpt lat="45.8463876" lon="10.6241624">
      <ele>688.2335232153232</ele>
      <time>2026-08-15T16:21:02.002+02:00</time>
      <extensions>
        <activity type="IN_VEHICLE" conf="97" state="moving" tsMs="1786803661372"/>
        <radio op="vodafone IT" rat="OTHER"/>
        <radio op="I TIM" rat="LTE" rsrq="-20"/>
      </extensions>
    </trkpt>
    <trkpt lat="45.8484022" lon="10.6298195">
      <ele>720.1557118754914</ele>
      <time>2026-08-15T16:21:50.002+02:00</time>
      <extensions>
        <activity type="IN_VEHICLE" conf="98" state="moving" tsMs="1786803698385"/>
        <radio op="" rat="OTHER"/>
        <radio op="I TIM" rat="LTE" rsrq="-20"/>
      </extensions>
    </trkpt>
    <trkpt lat="45.8522229" lon="10.6352873">
      <ele>745.3295474678619</ele>
      <time>2026-08-15T16:22:28.002+02:00</time>
      <extensions>
        <activity type="IN_VEHICLE" conf="96" state="moving" tsMs="1786803747596"/>
        <radio op="" rat="OTHER"/>
        <radio op="I TIM" rat="OTHER"/>
      </extensions>
    </trkpt>
    <trkpt lat="45.8584809" lon="10.6376446">
      <ele>758.4702463767171</ele>
      <time>2026-08-15T16:23:10.002+02:00</time>
      <extensions>
        <activity type="IN_VEHICLE" conf="96" state="moving" tsMs="1786803788690"/>
        <radio op="" rat="OTHER"/>
        <radio op="I TIM" rat="NR" q="20.00" rsrp="-44" sinr="0" rsrq="-3"/>
      </extensions>
    </trkpt>
    <trkpt lat="45.8635881" lon="10.6445645">
      <ele>765.5814379012052</ele>
      <time>2026-08-15T16:23:53.002+02:00</time>
      <extensions>
        <activity type="IN_VEHICLE" conf="98" state="moving" tsMs="1786803839110"/>
        <radio op="" rat="OTHER"/>
        <radio op="I TIM" rat="NR" q="20.00" rsrp="-44" sinr="0" rsrq="-3"/>
      </extensions>
    </trkpt>
    <trkpt lat="45.8670764" lon="10.6502267">
      <ele>780.2318406289176</ele>
      <time>2026-08-15T16:24:38.002+02:00</time>
      <extensions>
        <activity type="IN_VEHICLE" conf="97" state="moving" tsMs="1786803876627"/>
        <radio op="vodafone IT" rat="LTE" q="3.30" rsrp="-122" sinr="6" rsrq="-9"/>
        <radio op="I TIM" rat="LTE" q="5.20" rsrp="-121" sinr="8" rsrq="-12"/>
      </extensions>
    </trkpt>
    <trkpt lat="45.8679183" lon="10.6531576">
      <ele>815.7207940036974</ele>
      <time>2026-08-15T16:25:22.001+02:00</time>
      <extensions>
        <activity type="IN_VEHICLE" conf="96" state="moving" tsMs="1786803917690"/>
        <radio op="vodafone IT" rat="LTE" q="0.80" rsrp="-124" sinr="3" rsrq="-14"/>
        <radio op="I TIM" rat="LTE" q="0.60" rsrp="-124" sinr="1" rsrq="-12"/>
      </extensions>
    </trkpt>
    <trkpt lat="45.8711821" lon="10.6586548">
      <ele>863.2898490373898</ele>
      <time>2026-08-15T16:26:04.002+02:00</time>
      <extensions>
        <activity type="IN_VEHICLE" conf="97" state="moving" tsMs="1786803955987"/>
        <radio op="vodafone IT" rat="WCDMA"/>
        <radio op="I TIM" rat="LTE" q="0.00" rsrp="-128" sinr="11" rsrq="-15"/>
      </extensions>
    </trkpt>
    <trkpt lat="45.8698152" lon="10.6588319">
      <ele>901.6993599980635</ele>
      <time>2026-08-15T16:26:47.002+02:00</time>
      <extensions>
        <activity type="IN_VEHICLE" conf="95" state="moving" tsMs="1786804005552"/>
        <radio op="vodafone IT" rat="LTE" rsrp="-134" rsrq="-19"/>
        <radio op="I TIM" rat="LTE" rsrp="-134" rsrq="-19"/>
      </extensions>
    </trkpt>
    <trkpt lat="45.8714624" lon="10.6610689">
      <ele>448.9000244140625</ele>
      <time>2026-08-15T16:27:22.001+02:00</time>
      <extensions>
        <activity type="IN_VEHICLE" conf="96" state="moving" tsMs="1786804040878"/>
        <radio op="vodafone IT" rat="LTE" q="11.20" rsrp="-117" sinr="9" rsrq="-12"/>
        <radio op="I TIM" rat="LTE" q="8.40" rsrp="-118" sinr="7" rsrq="-10"/>
      </extensions>
    </trkpt>
    <trkpt lat="45.8714825" lon="10.6611917">
      <ele>448.9000244140625</ele>
      <time>2026-08-15T16:27:23.002+02:00</time>
      <extensions>
        <activity type="IN_VEHICLE" conf="96" state="moving" tsMs="1786804051588"/>
        <radio op="vodafone IT" rat="LTE" q="0.80" rsrp="-124" sinr="3" rsrq="-13"/>
        <radio op="I TIM" rat="LTE" q="1.20" rsrp="-123" sinr="1" rsrq="-14"/>
      </extensions>
    </trkpt>
    <trkpt lat="45.8682306" lon="10.659198">
      <ele>968.7786030855857</ele>
      <time>2026-08-15T16:28:03.001+02:00</time>
      <extensions>
        <activity type="IN_VEHICLE" conf="94" state="moving" tsMs="1786804073029"/>
        <radio op="vodafone IT" rat="LTE" rsrp="-127" rsrq="-14"/>
        <radio op="I TIM" rat="LTE" rsrq="-20"/>
      </extensions>
    </trkpt>
    <trkpt lat="45.8678166" lon="10.6596587">
      <ele>1006.0777245634147</ele>
      <time>2026-08-15T16:28:41.001+02:00</time>
      <extensions>
        <activity type="IN_VEHICLE" conf="98" state="moving" tsMs="1786804127411"/>
        <radio op="vodafone IT" rat="OTHER"/>
        <radio op="I TIM" rat="LTE" rsrp="-133" rsrq="-17"/>
      </extensions>
    </trkpt>
    <trkpt lat="45.8677266" lon="10.6634238">
      <ele>1046.1611292249625</ele>
      <time>2026-08-15T16:29:23.001+02:00</time>
      <extensions>
        <activity type="IN_VEHICLE" conf="97" state="moving" tsMs="1786804170556"/>
        <radio op="vodafone IT" rat="WCDMA"/>
        <radio op="I TIM" rat="LTE" q="1.60" rsrp="-123" sinr="3" rsrq="-11"/>
      </extensions>
    </trkpt>
    <trkpt lat="45.8668599" lon="10.6602446">
      <ele>1079.2046067157285</ele>
      <time>2026-08-15T16:30:07+02:00</time>
      <extensions>
        <activity type="IN_VEHICLE" conf="97" state="moving" tsMs="1786804213556"/>
        <radio op="vodafone IT" rat="OTHER"/>
        <radio op="I TIM" rat="LTE" rsrp="-124" rsrq="-11"/>
      </extensions>
    </trkpt>
    <trkpt lat="45.8665797" lon="10.6621598">
      <ele>1115.9945021496708</ele>
      <time>2026-08-15T16:30:50.001+02:00</time>
      <extensions>
        <activity type="IN_VEHICLE" conf="96" state="moving" tsMs="1786804245877"/>
        <radio op="vodafone IT" rat="WCDMA"/>
        <radio op="I TIM" rat="LTE" q="0.00" rsrp="-127" sinr="3" rsrq="-14"/>
      </extensions>
    </trkpt>
    <trkpt lat="45.8635402" lon="10.6590637">
      <ele>1150.767417563923</ele>
      <time>2026-08-15T16:31:35+02:00</time>
      <extensions>
        <activity type="IN_VEHICLE" conf="97" state="moving" tsMs="1786804287987"/>
        <radio op="vodafone IT" rat="LTE" rsrq="-20"/>
        <radio op="I TIM" rat="LTE" rsrq="-20"/>
      </extensions>
    </trkpt>
    <trkpt lat="45.8601249" lon="10.6598308">
      <ele>1173.9191255239043</ele>
      <time>2026-08-15T16:32:17+02:00</time>
      <extensions>
        <activity type="IN_VEHICLE" conf="96" state="moving" tsMs="1786804335617"/>
        <radio op="vodafone IT" rat="WCDMA"/>
        <radio op="I TIM" rat="LTE" rsrq="-20"/>
      </extensions>
    </trkpt>
    <trkpt lat="45.8559167" lon="10.6614134">
      <ele>1208.2452568868707</ele>
      <time>2026-08-15T16:33:07+02:00</time>
      <extensions>
        <activity type="IN_VEHICLE" conf="97" state="moving" tsMs="1786804380689"/>
        <radio op="vodafone IT" rat="WCDMA"/>
        <radio op="I TIM" rat="LTE" rsrq="-20"/>
      </extensions>
    </trkpt>
    <trkpt lat="45.8555518" lon="10.6612038">
      <ele>1209.6859944202513</ele>
      <time>2026-08-15T16:33:10.001+02:00</time>
      <extensions>
        <activity type="IN_VEHICLE" conf="97" state="moving" tsMs="1786804380689"/>
        <radio op="vodafone IT" rat="LTE" rsrq="-20"/>
        <radio op="I TIM" rat="LTE" rsrq="-20"/>
      </extensions>
    </trkpt>
    <trkpt lat="45.8530923" lon="10.6616496">
      <ele>1253.7496011978576</ele>
      <time>2026-08-15T16:33:53+02:00</time>
      <extensions>
        <activity type="IN_VEHICLE" conf="97" state="moving" tsMs="1786804428433"/>
        <radio op="vodafone IT" rat="WCDMA"/>
        <radio op="I TIM" rat="LTE" rsrq="-20"/>
      </extensions>
    </trkpt>
    <trkpt lat="45.850321" lon="10.6650803">
      <ele>1291.955967941049</ele>
      <time>2026-08-15T16:34:35+02:00</time>
      <extensions>
        <activity type="IN_VEHICLE" conf="96" state="moving" tsMs="1786804475103"/>
        <radio op="vodafone IT" rat="LTE" rsrq="-20"/>
        <radio op="I TIM" rat="LTE" rsrq="-20"/>
      </extensions>
    </trkpt>
    <trkpt lat="45.8510412" lon="10.6657067">
      <ele>1329.9401068180805</ele>
      <time>2026-08-15T16:35:18.001+02:00</time>
      <extensions>
        <activity type="IN_VEHICLE" conf="96" state="moving" tsMs="1786804525521"/>
        <radio op="" rat="LTE" rsrq="-20"/>
        <radio op="I TIM" rat="LTE" rsrq="-20"/>
      </extensions>
    </trkpt>
    <trkpt lat="45.8514796" lon="10.6707466">
      <ele>1355.7141095481106</ele>
      <time>2026-08-15T16:36:02+02:00</time>
      <extensions>
        <activity type="IN_VEHICLE" conf="97" state="moving" tsMs="1786804568578"/>
        <radio op="" rat="LTE" rsrq="-20"/>
        <radio op="I TIM" rat="NR" q="20.00" rsrp="-44" sinr="0" rsrq="-3"/>
      </extensions>
    </trkpt>
    <trkpt lat="45.8530186" lon="10.6776976">
      <ele>1375.513414203701</ele>
      <time>2026-08-15T16:36:50.001+02:00</time>
      <extensions>
        <activity type="IN_VEHICLE" conf="96" state="moving" tsMs="1786804606210"/>
        <radio op="" rat="LTE" rsrq="-20"/>
        <radio op="I TIM" rat="LTE" rsrq="-20"/>
      </extensions>
    </trkpt>
    <trkpt lat="45.8530186" lon="10.6776976">
      <ele>1375.513414203701</ele>
      <time>2026-08-15T16:37:21.753+02:00</time>
      <extensions>
        <activity type="IN_VEHICLE" conf="96" state="moving" tsMs="1786804640036"/>
        <radio op="vodafone IT" rat="LTE" q="1.20" rsrp="-123" sinr="1" rsrq="-12"/>
        <radio op="vodafone IT" rat="LTE" rsrp="-127" rsrq="-15"/>
      </extensions>
    </trkpt>
    <trkpt lat="45.847027" lon="10.6799795">
      <ele>1459.2336403510385</ele>
      <time>2026-08-15T16:38:08+02:00</time>
      <extensions>
        <activity type="IN_VEHICLE" conf="96" state="moving" tsMs="1786804701759"/>
        <radio op="vodafone IT" rat="LTE" rsrq="-20"/>
        <radio op="vodafone IT" rat="LTE" rsrp="-137" rsrq="-20"/>
      </extensions>
    </trkpt>
    <trkpt lat="45.845675" lon="10.680878">
      <ele>1493.1488683773914</ele>
      <time>2026-08-15T16:38:51+02:00</time>
      <extensions>
        <activity type="IN_VEHICLE" conf="96" state="moving" tsMs="1786804738257"/>
        <radio op="vodafone IT" rat="LTE" rsrq="-20"/>
        <radio op="vodafone IT" rat="LTE" rsrq="-20"/>
      </extensions>
    </trkpt>
    <trkpt lat="45.844786" lon="10.6803618">
      <ele>1529.4052570929357</ele>
      <time>2026-08-15T16:39:34+02:00</time>
      <extensions>
        <activity type="IN_VEHICLE" conf="96" state="moving" tsMs="1786804770229"/>
        <radio op="vodafone IT" rat="WCDMA"/>
        <radio op="vodafone IT" rat="LTE" rsrq="-20"/>
      </extensions>
    </trkpt>
    <trkpt lat="45.8426525" lon="10.6840388">
      <ele>1571.0940049867982</ele>
      <time>2026-08-15T16:40:17+02:00</time>
      <extensions>
        <activity type="IN_VEHICLE" conf="96" state="moving" tsMs="1786804817113"/>
        <radio op="vodafone IT" rat="OTHER"/>
        <radio op="vodafone IT" rat="LTE" rsrq="-20"/>
      </extensions>
    </trkpt>
    <trkpt lat="45.8412105" lon="10.6856918">
      <ele>1604.33129442455</ele>
      <time>2026-08-15T16:40:59+02:00</time>
      <extensions>
        <activity type="IN_VEHICLE" conf="97" state="moving" tsMs="1786804852528"/>
        <radio op="vodafone IT" rat="OTHER"/>
        <radio op="I TIM" rat="LTE" rsrp="-125" rsrq="-13"/>
      </extensions>
    </trkpt>
    <trkpt lat="45.8383902" lon="10.6859853">
      <ele>1633.7358966550264</ele>
      <time>2026-08-15T16:41:32.999+02:00</time>
      <extensions>
        <activity type="IN_VEHICLE" conf="97" state="moving" tsMs="1786804898363"/>
        <radio op="vodafone IT" rat="OTHER"/>
        <radio op="I TIM" rat="LTE" rsrq="-20"/>
      </extensions>
    </trkpt>
    <trkpt lat="45.834416" lon="10.6835197">
      <ele>1681.105739733727</ele>
      <time>2026-08-15T16:42:19+02:00</time>
      <extensions>
        <activity type="IN_VEHICLE" conf="96" state="moving" tsMs="1786804936057"/>
        <radio op="vodafone IT" rat="OTHER"/>
        <radio op="I TIM" rat="NR" q="20.00" rsrp="-44" sinr="0" rsrq="-3"/>
      </extensions>
    </trkpt>
    <trkpt lat="45.8358864" lon="10.6877579">
      <ele>1724.2296307008955</ele>
      <time>2026-08-15T16:42:58+02:00</time>
      <extensions>
        <activity type="IN_VEHICLE" conf="96" state="moving" tsMs="1786804979087"/>
        <radio op="vodafone IT" rat="OTHER"/>
        <radio op="I TIM" rat="LTE" rsrq="-20"/>
      </extensions>
    </trkpt>
    <trkpt lat="45.8363166" lon="10.6899401">
      <ele>1741.716673421522</ele>
      <time>2026-08-15T16:43:30.999+02:00</time>
      <extensions>
        <activity type="IN_VEHICLE" conf="96" state="moving" tsMs="1786805018057"/>
        <radio op="vodafone IT" rat="WCDMA"/>
        <radio op="" rat="LTE" rsrp="-120" rsrq="-17"/>
      </extensions>
    </trkpt>
    <trkpt lat="45.8362029" lon="10.6898139">
      <ele>1742.827504288188</ele>
      <time>2026-08-15T16:44:03.999+02:00</time>
      <extensions>
        <activity type="TILTING" conf="100" state="moving" tsMs="1786805045499"/>
        <radio op="vodafone IT" rat="LTE" rsrp="-116" rsrq="-17"/>
        <radio op="" rat="LTE" rsrp="-122" rsrq="-19"/>
      </extensions>
    </trkpt>
    <trkpt lat="45.8362726" lon="10.6898724">
      <ele>1752.0</ele>
      <time>2026-08-15T16:44:34+02:00</time>
      <extensions>
        <activity type="UNKNOWN" conf="40" state="unknown" tsMs="1786805044980"/>
        <radio op="vodafone IT" rat="OTHER"/>
        <radio op="" rat="LTE" q="9.50" rsrp="-106" sinr="0" rsrq="-14"/>
      </extensions>
    </trkpt>
    <trkpt lat="45.8363395" lon="10.6899994">
      <ele>1752.0</ele>
      <time>2026-08-15T16:44:44+02:00</time>
      <extensions>
        <activity type="ON_FOOT" conf="98" state="moving" tsMs="1786805067486"/>
        <radio op="vodafone IT" rat="OTHER"/>
        <radio op="" rat="LTE" q="34.00" rsrp="-105" sinr="12" rsrq="-12"/>
      </extensions>
    </trkpt>
    <trkpt lat="45.8363139" lon="10.6901567">
      <ele>1754.0</ele>
      <time>2026-08-15T16:44:53.999+02:00</time>
      <extensions>
        <activity type="ON_FOOT" conf="97" state="moving" tsMs="1786805091077"/>
        <radio op="vodafone IT" rat="WCDMA"/>
        <radio op="" rat="LTE" q="10.80" rsrp="-107" sinr="1" rsrq="-16"/>
      </extensions>
    </trkpt>
    <trkpt lat="45.8363017" lon="10.6902973">
      <ele>1754.0</ele>
      <time>2026-08-15T16:45:03.999+02:00</time>
      <extensions>
        <activity type="ON_FOOT" conf="97" state="moving" tsMs="1786805096432"/>
        <radio op="vodafone IT" rat="WCDMA"/>
        <radio op="" rat="LTE" rsrp="-100" rsrq="-19"/>
      </extensions>
    </trkpt>
    <trkpt lat="45.8363025" lon="10.6903176">
      <ele>1754.0</ele>
      <time>2026-08-15T16:45:13.999+02:00</time>
      <extensions>
        <activity type="ON_FOOT" conf="97" state="moving" tsMs="1786805096432"/>
        <radio op="vodafone IT" rat="WCDMA"/>
        <radio op="" rat="LTE" rsrp="-106" rsrq="-21"/>
      </extensions>
    </trkpt>
    <trkpt lat="45.8363025" lon="10.6903175">
      <ele>1754.0</ele>
      <time>2026-08-15T16:45:24+02:00</time>
      <extensions>
        <activity type="ON_FOOT" conf="88" state="moving" tsMs="1786805100318"/>
        <radio op="vodafone IT" rat="LTE" rsrp="-116" rsrq="-18"/>
        <radio op="" rat="LTE" rsrp="-106" rsrq="-21"/>
      </extensions>
    </trkpt>
    <trkpt lat="45.83633" lon="10.6903526">
      <ele>1754.0</ele>
      <time>2026-08-15T16:45:43.999+02:00</time>
      <extensions>
        <activity type="IN_VEHICLE" conf="78" state="moving" tsMs="1786805142393"/>
        <radio op="vodafone IT" rat="OTHER"/>
        <radio op="" rat="LTE" q="17.50" rsrp="-100" sinr="2" rsrq="-14"/>
      </extensions>
    </trkpt>
    <trkpt lat="45.8363486" lon="10.6903751">
      <ele>1754.0</ele>
      <time>2026-08-15T16:45:53.999+02:00</time>
      <extensions>
        <activity type="UNKNOWN" conf="40" state="unknown" tsMs="1786805153008"/>
        <radio op="vodafone IT" rat="OTHER"/>
        <radio op="" rat="LTE" q="20.90" rsrp="-106" sinr="6" rsrq="-18"/>
      </extensions>
    </trkpt>
    <trkpt lat="45.8363486" lon="10.6903751">
      <ele>1754.0</ele>
      <time>2026-08-15T16:46:03.999+02:00</time>
      <extensions>
        <activity type="UNKNOWN" conf="40" state="unknown" tsMs="1786805163723"/>
        <radio op="vodafone IT" rat="OTHER"/>
        <radio op="" rat="LTE" rsrp="-107" rsrq="-20"/>
      </extensions>
    </trkpt>
    <trkpt lat="45.8363486" lon="10.6903751">
      <ele>1754.0</ele>
      <time>2026-08-15T16:46:14+02:00</time>
      <extensions>
        <activity type="UNKNOWN" conf="40" state="unknown" tsMs="1786805172994"/>
        <radio op="vodafone IT" rat="OTHER"/>
        <radio op="" rat="LTE" q="24.00" rsrp="-109" sinr="10" rsrq="-19"/>
      </extensions>
    </trkpt>
    <trkpt lat="45.8363486" lon="10.6903751">
      <ele>1754.0</ele>
      <time>2026-08-15T16:46:23.999+02:00</time>
      <extensions>
        <activity type="STILL" conf="45" state="still" tsMs="1786805183751"/>
        <radio op="vodafone IT" rat="OTHER"/>
        <radio op="" rat="LTE" rsrp="-108" rsrq="-18"/>
      </extensions>
    </trkpt>
    <trkpt lat="45.8363486" lon="10.6903751">
      <ele>1754.0</ele>
      <time>2026-08-15T16:46:34.998+02:00</time>
      <extensions>
        <activity type="UNKNOWN" conf="40" state="unknown" tsMs="1786805193008"/>
        <radio op="vodafone IT" rat="OTHER"/>
        <radio op="" rat="LTE" rsrp="-107" rsrq="-18"/>
      </extensions>
    </trkpt>
    <trkpt lat="45.8363486" lon="10.6903751">
      <ele>1754.0</ele>
      <time>2026-08-15T16:46:44.998+02:00</time>
      <extensions>
        <activity type="UNKNOWN" conf="40" state="unknown" tsMs="1786805203621"/>
        <radio op="vodafone IT" rat="OTHER"/>
        <radio op="" rat="LTE" rsrp="-107" rsrq="-18"/>
      </extensions>
    </trkpt>
    <trkpt lat="45.8363486" lon="10.6903751">
      <ele>1754.0779268615322</ele>
      <time>2026-08-15T16:46:54.999+02:00</time>
      <extensions>
        <activity type="UNKNOWN" conf="40" state="unknown" tsMs="1786805214227"/>
        <radio op="vodafone IT" rat="OTHER"/>
        <radio op="" rat="LTE" rsrp="-107" rsrq="-18"/>
      </extensions>
    </trkpt>
    <trkpt lat="45.8363486" lon="10.6903751">
      <ele>1754.0703858712427</ele>
      <time>2026-08-15T16:47:04.999+02:00</time>
      <extensions>
        <activity type="UNKNOWN" conf="40" state="unknown" tsMs="1786805214227"/>
        <radio op="vodafone IT" rat="OTHER"/>
        <radio op="" rat="LTE" rsrp="-107" rsrq="-18"/>
      </extensions>
    </trkpt>
    <trkpt lat="45.836338" lon="10.6903666">
      <ele>1754.1407723185598</ele>
      <time>2026-08-15T16:47:14.999+02:00</time>
      <extensions>
        <activity type="UNKNOWN" conf="40" state="unknown" tsMs="1786805220643"/>
        <radio op="vodafone IT" rat="WCDMA"/>
        <radio op="I TIM" rat="LTE" rsrp="-99" rsrq="-16"/>
      </extensions>
    </trkpt>
    <trkpt lat="45.8363362" lon="10.6903661">
      <ele>1753.2232798901707</ele>
      <time>2026-08-15T16:47:24.998+02:00</time>
      <extensions>
        <activity type="UNKNOWN" conf="40" state="unknown" tsMs="1786805220643"/>
        <radio op="vodafone IT" rat="WCDMA"/>
        <radio op="I TIM" rat="LTE" rsrp="-107" rsrq="-15"/>
      </extensions>
    </trkpt>
    <trkpt lat="45.836337" lon="10.690364">
      <ele>1753.6531065205284</ele>
      <time>2026-08-15T16:47:58.999+02:00</time>
      <extensions>
        <activity type="STILL" conf="99" state="still" tsMs="1786805287235"/>
        <radio op="vodafone IT" rat="LTE" rsrq="-20"/>
        <radio op="I TIM" rat="LTE" rsrp="-107" rsrq="-16"/>
      </extensions>
    </trkpt>
    <trkpt lat="45.8363447" lon="10.6903929">
      <ele>1753.6581326632295</ele>
      <time>2026-08-15T16:48:31.998+02:00</time>
      <extensions>
        <activity type="STILL" conf="100" state="still" tsMs="1786805312755"/>
        <radio op="vodafone IT" rat="LTE" rsrq="-20"/>
        <radio op="I TIM" rat="LTE" rsrp="-107" rsrq="-16"/>
      </extensions>
    </trkpt>
    <trkpt lat="45.8361922" lon="10.6897973">
      <ele>1752.0</ele>
      <time>2026-08-15T17:08:18.997+02:00</time>
      <extensions>
        <activity type="ON_FOOT" conf="90" state="moving" tsMs="1786806497949"/>
        <radio op="" rat="OTHER"/>
        <radio op="I TIM" rat="OTHER"/>
      </extensions>
    </trkpt>
    <trkpt lat="45.8361922" lon="10.6897974">
      <ele>1752.0</ele>
      <time>2026-08-15T17:08:28.997+02:00</time>
      <extensions>
        <activity type="ON_FOOT" conf="86" state="moving" tsMs="1786806508728"/>
        <radio op="" rat="OTHER"/>
        <radio op="I TIM" rat="OTHER"/>
      </extensions>
    </trkpt>
    <trkpt lat="45.8361922" lon="10.6897974">
      <ele>1752.0</ele>
      <time>2026-08-15T17:08:38.996+02:00</time>
      <extensions>
        <activity type="ON_FOOT" conf="86" state="moving" tsMs="1786806508728"/>
        <radio op="" rat="OTHER"/>
        <radio op="I TIM" rat="OTHER"/>
      </extensions>
    </trkpt>
    <trkpt lat="45.8361922" lon="10.6897974">
      <ele>1752.0</ele>
      <time>2026-08-15T17:08:48.997+02:00</time>
      <extensions>
        <activity type="ON_FOOT" conf="86" state="moving" tsMs="1786806508728"/>
        <radio op="" rat="OTHER"/>
        <radio op="I TIM" rat="OTHER"/>
      </extensions>
    </trkpt>
    <trkpt lat="45.8361782" lon="10.6898221">
      <ele>1751.0</ele>
      <time>2026-08-15T17:08:58.996+02:00</time>
      <extensions>
        <activity type="UNKNOWN" conf="40" state="unknown" tsMs="1786806513167"/>
        <radio op="" rat="WCDMA"/>
        <radio op="I TIM" rat="OTHER"/>
      </extensions>
    </trkpt>
    <trkpt lat="45.8361836" lon="10.6898145">
      <ele>1751.5745312305235</ele>
      <time>2026-08-15T17:09:09.996+02:00</time>
      <extensions>
        <activity type="UNKNOWN" conf="40" state="unknown" tsMs="1786806533766"/>
        <radio op="" rat="WCDMA"/>
        <radio op="I TIM" rat="OTHER"/>
      </extensions>
    </trkpt>
    <trkpt lat="45.8361897" lon="10.6898131">
      <ele>1751.0</ele>
      <time>2026-08-15T17:09:19.997+02:00</time>
      <extensions>
        <activity type="UNKNOWN" conf="40" state="unknown" tsMs="1786806558753"/>
        <radio op="" rat="WCDMA"/>
        <radio op="I TIM" rat="OTHER"/>
      </extensions>
    </trkpt>
    <trkpt lat="45.836195" lon="10.6898028">
      <ele>1752.0</ele>
      <time>2026-08-15T17:09:29.996+02:00</time>
      <extensions>
        <activity type="UNKNOWN" conf="40" state="unknown" tsMs="1786806564141"/>
        <radio op="" rat="WCDMA"/>
        <radio op="I TIM" rat="OTHER"/>
      </extensions>
    </trkpt>
    <trkpt lat="45.8362065" lon="10.6898099">
      <ele>1754.0</ele>
      <time>2026-08-15T17:09:39.997+02:00</time>
      <extensions>
        <activity type="UNKNOWN" conf="40" state="unknown" tsMs="1786806564141"/>
        <radio op="" rat="WCDMA"/>
        <radio op="I TIM" rat="OTHER"/>
      </extensions>
    </trkpt>
    <trkpt lat="45.8363157" lon="10.6899189">
      <ele>1751.0</ele>
      <time>2026-08-15T17:09:49.996+02:00</time>
      <extensions>
        <activity type="UNKNOWN" conf="40" state="unknown" tsMs="1786806568077"/>
        <radio op="" rat="WCDMA"/>
        <radio op="I TIM" rat="OTHER"/>
      </extensions>
    </trkpt>
    <trkpt lat="45.8367045" lon="10.6892093">
      <ele>1745.0</ele>
      <time>2026-08-15T17:10:09.996+02:00</time>
      <extensions>
        <activity type="IN_VEHICLE" conf="89" state="moving" tsMs="1786806588631"/>
        <radio op="" rat="LTE" rsrq="-20"/>
        <radio op="I TIM" rat="OTHER"/>
      </extensions>
    </trkpt>
    <trkpt lat="45.8360008" lon="10.6878283">
      <ele>1736.0</ele>
      <time>2026-08-15T17:10:19.997+02:00</time>
      <extensions>
        <activity type="IN_VEHICLE" conf="97" state="moving" tsMs="1786806616318"/>
        <radio op="" rat="LTE" rsrq="-20"/>
        <radio op="I TIM" rat="OTHER"/>
      </extensions>
    </trkpt>
    <trkpt lat="45.8349716" lon="10.6865535">
      <ele>1726.0</ele>
      <time>2026-08-15T17:10:30.996+02:00</time>
      <extensions>
        <activity type="IN_VEHICLE" conf="96" state="moving" tsMs="1786806630545"/>
        <radio op="" rat="LTE" rsrq="-20"/>
        <radio op="I TIM" rat="OTHER"/>
      </extensions>
    </trkpt>
    <trkpt lat="45.8342116" lon="10.6853378">
      <ele>1717.0</ele>
      <time>2026-08-15T17:10:40.996+02:00</time>
      <extensions>
        <activity type="IN_VEHICLE" conf="97" state="moving" tsMs="1786806635920"/>
        <radio op="" rat="LTE" rsrq="-20"/>
        <radio op="I TIM" rat="OTHER"/>
      </extensions>
    </trkpt>
    <trkpt lat="45.834323" lon="10.6838284">
      <ele>1703.0</ele>
      <time>2026-08-15T17:10:50.996+02:00</time>
      <extensions>
        <activity type="IN_VEHICLE" conf="97" state="moving" tsMs="1786806651301"/>
        <radio op="" rat="LTE" rsrq="-20"/>
        <radio op="I TIM" rat="OTHER"/>
      </extensions>
    </trkpt>
    <trkpt lat="45.834513" lon="10.683986">
      <ele>1699.0</ele>
      <time>2026-08-15T17:11:00.997+02:00</time>
      <extensions>
        <activity type="IN_VEHICLE" conf="97" state="moving" tsMs="1786806656705"/>
        <radio op="" rat="LTE" rsrq="-20"/>
        <radio op="I TIM" rat="OTHER"/>
      </extensions>
    </trkpt>
    <trkpt lat="45.8351639" lon="10.6851798">
      <ele>1687.0</ele>
      <time>2026-08-15T17:11:10.996+02:00</time>
      <extensions>
        <activity type="IN_VEHICLE" conf="97" state="moving" tsMs="1786806666668"/>
        <radio op="" rat="LTE" rsrq="-20"/>
        <radio op="I TIM" rat="OTHER"/>
      </extensions>
    </trkpt>
    <trkpt lat="45.8361577" lon="10.6853361">
      <ele>1675.0</ele>
      <time>2026-08-15T17:11:20.997+02:00</time>
      <extensions>
        <activity type="IN_VEHICLE" conf="97" state="moving" tsMs="1786806677347"/>
        <radio op="" rat="LTE" rsrp="-132" rsrq="-18"/>
        <radio op="I TIM" rat="WCDMA"/>
      </extensions>
    </trkpt>
    <trkpt lat="45.8374376" lon="10.685814">
      <ele>1662.0</ele>
      <time>2026-08-15T17:11:30.996+02:00</time>
      <extensions>
        <activity type="IN_VEHICLE" conf="97" state="moving" tsMs="1786806687398"/>
        <radio op="" rat="LTE" rsrp="-133" rsrq="-19"/>
        <radio op="I TIM" rat="WCDMA"/>
      </extensions>
    </trkpt>
    <trkpt lat="45.8385652" lon="10.6861757">
      <ele>1648.0</ele>
      <time>2026-08-15T17:11:40.997+02:00</time>
      <extensions>
        <activity type="IN_VEHICLE" conf="97" state="moving" tsMs="1786806698095"/>
        <radio op="" rat="LTE" rsrp="-135" rsrq="-21"/>
        <radio op="I TIM" rat="WCDMA"/>
      </extensions>
    </trkpt>
    <trkpt lat="45.8397323" lon="10.686044">
      <ele>1640.0</ele>
      <time>2026-08-15T17:11:51.996+02:00</time>
      <extensions>
        <activity type="IN_VEHICLE" conf="97" state="moving" tsMs="1786806708116"/>
        <radio op="" rat="LTE" rsrp="-135" rsrq="-21"/>
        <radio op="I TIM" rat="WCDMA"/>
      </extensions>
    </trkpt>
    <trkpt lat="45.840769" lon="10.6860174">
      <ele>1628.0</ele>
      <time>2026-08-15T17:12:01.997+02:00</time>
      <extensions>
        <activity type="IN_VEHICLE" conf="97" state="moving" tsMs="1786806718771"/>
        <radio op="" rat="LTE" q="1.00" rsrp="-124" sinr="5" rsrq="-13"/>
        <radio op="I TIM" rat="LTE" rsrq="-20"/>
      </extensions>
    </trkpt>
    <trkpt lat="45.8415759" lon="10.6850948">
      <ele>1619.0</ele>
      <time>2026-08-15T17:12:11.996+02:00</time>
      <extensions>
        <activity type="IN_VEHICLE" conf="97" state="moving" tsMs="1786806728711"/>
        <radio op="" rat="LTE" rsrp="-123" rsrq="-14"/>
        <radio op="I TIM" rat="LTE" rsrq="-20"/>
      </extensions>
    </trkpt>
    <trkpt lat="45.8424056" lon="10.6845127">
      <ele>1608.0</ele>
      <time>2026-08-15T17:12:21.997+02:00</time>
      <extensions>
        <activity type="IN_VEHICLE" conf="97" state="moving" tsMs="1786806739439"/>
        <radio op="" rat="LTE" rsrp="-133" rsrq="-18"/>
        <radio op="I TIM" rat="LTE" rsrq="-20"/>
      </extensions>
    </trkpt>
    <trkpt lat="45.8433363" lon="10.6838039">
      <ele>1600.0</ele>
      <time>2026-08-15T17:12:31.997+02:00</time>
      <extensions>
        <activity type="IN_VEHICLE" conf="97" state="moving" tsMs="1786806748721"/>
        <radio op="" rat="LTE" rsrp="-121" rsrq="-12"/>
        <radio op="I TIM" rat="LTE" rsrq="-20"/>
      </extensions>
    </trkpt>
    <trkpt lat="45.8426909" lon="10.6839521">
      <ele>1594.0</ele>
      <time>2026-08-15T17:12:41.997+02:00</time>
      <extensions>
        <activity type="IN_VEHICLE" conf="97" state="moving" tsMs="1786806759410"/>
        <radio op="" rat="LTE" rsrp="-126" rsrq="-14"/>
        <radio op="I TIM" rat="LTE" rsrq="-20"/>
      </extensions>
    </trkpt>
    <trkpt lat="45.8431158" lon="10.6826798">
      <ele>1582.0</ele>
      <time>2026-08-15T17:12:51.996+02:00</time>
      <extensions>
        <activity type="IN_VEHICLE" conf="96" state="moving" tsMs="1786806769088"/>
        <radio op="" rat="LTE" rsrp="-133" rsrq="-18"/>
        <radio op="I TIM" rat="NR" q="20.00" rsrp="-44" sinr="0" rsrq="-3"/>
      </extensions>
    </trkpt>
    <trkpt lat="45.8437466" lon="10.680717">
      <ele>1564.0</ele>
      <time>2026-08-15T17:13:02.997+02:00</time>
      <extensions>
        <activity type="IN_VEHICLE" conf="97" state="moving" tsMs="1786806779791"/>
        <radio op="" rat="LTE" rsrp="-138" rsrq="-22"/>
        <radio op="I TIM" rat="NR" q="20.00" rsrp="-44" sinr="0" rsrq="-3"/>
      </extensions>
    </trkpt>
    <trkpt lat="45.8446987" lon="10.6800258">
      <ele>1551.0</ele>
      <time>2026-08-15T17:13:12.996+02:00</time>
      <extensions>
        <activity type="IN_VEHICLE" conf="97" state="moving" tsMs="1786806789249"/>
        <radio op="" rat="LTE" rsrp="-138" rsrq="-22"/>
        <radio op="I TIM" rat="NR" q="20.00" rsrp="-44" sinr="0" rsrq="-3"/>
      </extensions>
    </trkpt>
    <trkpt lat="45.8448896" lon="10.6813968">
      <ele>1543.0</ele>
      <time>2026-08-15T17:13:22.996+02:00</time>
      <extensions>
        <activity type="IN_VEHICLE" conf="96" state="moving" tsMs="1786806799898"/>
        <radio op="" rat="LTE" rsrp="-138" rsrq="-22"/>
        <radio op="I TIM" rat="NR" q="20.00" rsrp="-44" sinr="0" rsrq="-3"/>
      </extensions>
    </trkpt>
    <trkpt lat="45.84609" lon="10.6817696">
      <ele>1535.0</ele>
      <time>2026-08-15T17:13:32.997+02:00</time>
      <extensions>
        <activity type="IN_VEHICLE" conf="97" state="moving" tsMs="1786806809975"/>
        <radio op="" rat="LTE" rsrp="-138" rsrq="-22"/>
        <radio op="I TIM" rat="NR" q="20.00" rsrp="-44" sinr="0" rsrq="-3"/>
      </extensions>
    </trkpt>
    <trkpt lat="45.8465132" lon="10.6818156">
      <ele>1528.0</ele>
      <time>2026-08-15T17:13:42.996+02:00</time>
      <extensions>
        <activity type="IN_VEHICLE" conf="97" state="moving" tsMs="1786806820654"/>
        <radio op="" rat="LTE" rsrp="-138" rsrq="-22"/>
        <radio op="I TIM" rat="NR" q="20.00" rsrp="-44" sinr="0" rsrq="-3"/>
      </extensions>
    </trkpt>
    <trkpt lat="45.8456112" lon="10.6807483">
      <ele>1514.0</ele>
      <time>2026-08-15T17:13:52.996+02:00</time>
      <extensions>
        <activity type="IN_VEHICLE" conf="97" state="moving" tsMs="1786806830689"/>
        <radio op="" rat="LTE" rsrp="-138" rsrq="-22"/>
        <radio op="I TIM" rat="LTE" rsrq="-20"/>
      </extensions>
    </trkpt>
    <trkpt lat="45.8456548" lon="10.6793671">
      <ele>1507.0</ele>
      <time>2026-08-15T17:14:02.997+02:00</time>
      <extensions>
        <activity type="IN_VEHICLE" conf="98" state="moving" tsMs="1786806841402"/>
        <radio op="" rat="LTE" rsrp="-138" rsrq="-22"/>
        <radio op="I TIM" rat="LTE" rsrq="-20"/>
      </extensions>
    </trkpt>
    <trkpt lat="45.8459339" lon="10.6796081">
      <ele>1493.0</ele>
      <time>2026-08-15T17:14:13.996+02:00</time>
      <extensions>
        <activity type="IN_VEHICLE" conf="97" state="moving" tsMs="1786806851409"/>
        <radio op="" rat="LTE" rsrp="-138" rsrq="-22"/>
        <radio op="I TIM" rat="LTE" rsrq="-20"/>
      </extensions>
    </trkpt>
    <trkpt lat="45.8467018" lon="10.6798972">
      <ele>1487.0</ele>
      <time>2026-08-15T17:14:23.995+02:00</time>
      <extensions>
        <activity type="IN_VEHICLE" conf="97" state="moving" tsMs="1786806862116"/>
        <radio op="" rat="LTE" rsrp="-138" rsrq="-22"/>
        <radio op="I TIM" rat="LTE" rsrq="-20"/>
      </extensions>
    </trkpt>
    <trkpt lat="45.8475332" lon="10.6802991">
      <ele>1480.0</ele>
      <time>2026-08-15T17:14:33.996+02:00</time>
      <extensions>
        <activity type="IN_VEHICLE" conf="97" state="moving" tsMs="1786806872140"/>
        <radio op="" rat="LTE" rsrp="-138" rsrq="-22"/>
        <radio op="I TIM" rat="WCDMA"/>
      </extensions>
    </trkpt>
    <trkpt lat="45.8482158" lon="10.679254">
      <ele>1469.0</ele>
      <time>2026-08-15T17:14:43.996+02:00</time>
      <extensions>
        <activity type="IN_VEHICLE" conf="96" state="moving" tsMs="1786806882855"/>
        <radio op="" rat="LTE" rsrp="-138" rsrq="-22"/>
        <radio op="" rat="WCDMA"/>
      </extensions>
    </trkpt>
    <trkpt lat="45.8488438" lon="10.6780069">
      <ele>1457.0</ele>
      <time>2026-08-15T17:14:53.996+02:00</time>
      <extensions>
        <activity type="IN_VEHICLE" conf="97" state="moving" tsMs="1786806892852"/>
        <radio op="vodafone IT" rat="OTHER"/>
        <radio op="" rat="WCDMA"/>
      </extensions>
    </trkpt>
    <trkpt lat="45.8498682" lon="10.6781364">
      <ele>1446.0</ele>
      <time>2026-08-15T17:15:03.995+02:00</time>
      <extensions>
        <activity type="IN_VEHICLE" conf="97" state="moving" tsMs="1786806903523"/>
        <radio op="vodafone IT" rat="OTHER"/>
        <radio op="" rat="WCDMA"/>
      </extensions>
    </trkpt>
    <trkpt lat="45.8510015" lon="10.6776153">
      <ele>1431.0</ele>
      <time>2026-08-15T17:15:13.995+02:00</time>
      <extensions>
        <activity type="IN_VEHICLE" conf="97" state="moving" tsMs="1786806913659"/>
        <radio op="vodafone IT" rat="OTHER"/>
        <radio op="" rat="WCDMA"/>
      </extensions>
    </trkpt>
    <trkpt lat="45.8520816" lon="10.6772654">
      <ele>1427.0</ele>
      <time>2026-08-15T17:15:23.996+02:00</time>
      <extensions>
        <activity type="IN_VEHICLE" conf="97" state="moving" tsMs="1786806924398"/>
        <radio op="vodafone IT" rat="OTHER"/>
        <radio op="" rat="WCDMA"/>
      </extensions>
    </trkpt>
    <trkpt lat="45.8531316" lon="10.6774176">
      <ele>1425.0</ele>
      <time>2026-08-15T17:15:34.996+02:00</time>
      <extensions>
        <activity type="IN_VEHICLE" conf="97" state="moving" tsMs="1786806934373"/>
        <radio op="vodafone IT" rat="OTHER"/>
        <radio op="" rat="WCDMA"/>
      </extensions>
    </trkpt>
    <trkpt lat="45.8524763" lon="10.6757304">
      <ele>1405.0</ele>
      <time>2026-08-15T17:15:44.995+02:00</time>
      <extensions>
        <activity type="IN_VEHICLE" conf="97" state="moving" tsMs="1786806945158"/>
        <radio op="vodafone IT" rat="WCDMA"/>
        <radio op="" rat="WCDMA"/>
      </extensions>
    </trkpt>
    <trkpt lat="45.8520877" lon="10.6739134">
      <ele>1394.0</ele>
      <time>2026-08-15T17:15:54.996+02:00</time>
      <extensions>
        <activity type="IN_VEHICLE" conf="97" state="moving" tsMs="1786806955091"/>
        <radio op="vodafone IT" rat="WCDMA"/>
        <radio op="" rat="WCDMA"/>
      </extensions>
    </trkpt>
    <trkpt lat="45.851648" lon="10.6724775">
      <ele>1391.0</ele>
      <time>2026-08-15T17:16:04.996+02:00</time>
      <extensions>
        <activity type="IN_VEHICLE" conf="96" state="moving" tsMs="1786806960475"/>
        <radio op="vodafone IT" rat="WCDMA"/>
        <radio op="" rat="WCDMA"/>
      </extensions>
    </trkpt>
    <trkpt lat="45.8515987" lon="10.6708449">
      <ele>1393.0</ele>
      <time>2026-08-15T17:16:14.995+02:00</time>
      <extensions>
        <activity type="IN_VEHICLE" conf="97" state="moving" tsMs="1786806971189"/>
        <radio op="vodafone IT" rat="LTE" rsrq="-20"/>
        <radio op="" rat="WCDMA"/>
      </extensions>
    </trkpt>
    <trkpt lat="45.851291" lon="10.6694022">
      <ele>1386.0</ele>
      <time>2026-08-15T17:16:24.995+02:00</time>
      <extensions>
        <activity type="IN_VEHICLE" conf="96" state="moving" tsMs="1786806981153"/>
        <radio op="vodafone IT" rat="LTE" rsrq="-20"/>
        <radio op="" rat="WCDMA"/>
      </extensions>
    </trkpt>
    <trkpt lat="45.8514299" lon="10.6677135">
      <ele>1378.0</ele>
      <time>2026-08-15T17:16:34.996+02:00</time>
      <extensions>
        <activity type="IN_VEHICLE" conf="96" state="moving" tsMs="1786806991874"/>
        <radio op="vodafone IT" rat="LTE" rsrq="-20"/>
        <radio op="" rat="WCDMA"/>
      </extensions>
    </trkpt>
    <trkpt lat="45.8511729" lon="10.6658798">
      <ele>1373.0</ele>
      <time>2026-08-15T17:16:44.995+02:00</time>
      <extensions>
        <activity type="IN_VEHICLE" conf="97" state="moving" tsMs="1786807001930"/>
        <radio op="vodafone IT" rat="LTE" rsrq="-20"/>
        <radio op="" rat="WCDMA"/>
      </extensions>
    </trkpt>
    <trkpt lat="45.8510857" lon="10.6661014">
      <ele>1364.0</ele>
      <time>2026-08-15T17:16:55.995+02:00</time>
      <extensions>
        <activity type="IN_VEHICLE" conf="97" state="moving" tsMs="1786807012625"/>
        <radio op="vodafone IT" rat="LTE" rsrq="-20"/>
        <radio op="" rat="WCDMA"/>
      </extensions>
    </trkpt>
    <trkpt lat="45.851113" lon="10.6679582">
      <ele>1351.0</ele>
      <time>2026-08-15T17:17:05.995+02:00</time>
      <extensions>
        <activity type="IN_VEHICLE" conf="96" state="moving" tsMs="1786807022681"/>
        <radio op="vodafone IT" rat="LTE" rsrq="-20"/>
        <radio op="" rat="WCDMA"/>
      </extensions>
    </trkpt>
    <trkpt lat="45.8511044" lon="10.6674151">
      <ele>1344.0</ele>
      <time>2026-08-15T17:17:15.995+02:00</time>
      <extensions>
        <activity type="IN_VEHICLE" conf="96" state="moving" tsMs="1786807033397"/>
        <radio op="vodafone IT" rat="LTE" rsrq="-20"/>
        <radio op="" rat="WCDMA"/>
      </extensions>
    </trkpt>
    <trkpt lat="45.8505156" lon="10.6656576">
      <ele>1335.0</ele>
      <time>2026-08-15T17:17:25.996+02:00</time>
      <extensions>
        <activity type="IN_VEHICLE" conf="97" state="moving" tsMs="1786807043389"/>
        <radio op="vodafone IT" rat="LTE" rsrq="-20"/>
        <radio op="" rat="WCDMA"/>
      </extensions>
    </trkpt>
    <trkpt lat="45.8505699" lon="10.6643711">
      <ele>1323.0</ele>
      <time>2026-08-15T17:17:35.996+02:00</time>
      <extensions>
        <activity type="IN_VEHICLE" conf="97" state="moving" tsMs="1786807054116"/>
        <radio op="vodafone IT" rat="LTE" rsrq="-20"/>
        <radio op="" rat="WCDMA"/>
      </extensions>
    </trkpt>
    <trkpt lat="45.8515486" lon="10.6632381">
      <ele>1309.0</ele>
      <time>2026-08-15T17:17:45.996+02:00</time>
      <extensions>
        <activity type="IN_VEHICLE" conf="96" state="moving" tsMs="1786807064165"/>
        <radio op="vodafone IT" rat="WCDMA"/>
        <radio op="" rat="LTE" rsrq="-20"/>
      </extensions>
    </trkpt>
    <trkpt lat="45.8523707" lon="10.6622386">
      <ele>1301.0</ele>
      <time>2026-08-15T17:17:55.996+02:00</time>
      <extensions>
        <activity type="IN_VEHICLE" conf="98" state="moving" tsMs="1786807074867"/>
        <radio op="vodafone IT" rat="WCDMA"/>
        <radio op="" rat="LTE" rsrq="-20"/>
      </extensions>
    </trkpt>
    <trkpt lat="45.853161" lon="10.6615176">
      <ele>1287.0</ele>
      <time>2026-08-15T17:18:06.995+02:00</time>
      <extensions>
        <activity type="IN_VEHICLE" conf="97" state="moving" tsMs="1786807084844"/>
        <radio op="vodafone IT" rat="WCDMA"/>
        <radio op="" rat="LTE" rsrq="-20"/>
      </extensions>
    </trkpt>
    <trkpt lat="45.853995" lon="10.6603806">
      <ele>1277.0</ele>
      <time>2026-08-15T17:18:16.996+02:00</time>
      <extensions>
        <activity type="IN_VEHICLE" conf="97" state="moving" tsMs="1786807095615"/>
        <radio op="vodafone IT" rat="LTE" rsrq="-20"/>
        <radio op="" rat="LTE" rsrq="-20"/>
      </extensions>
    </trkpt>
    <trkpt lat="45.8545557" lon="10.6594803">
      <ele>1264.0</ele>
      <time>2026-08-15T17:18:26.996+02:00</time>
      <extensions>
        <activity type="IN_VEHICLE" conf="96" state="moving" tsMs="1786807105559"/>
        <radio op="vodafone IT" rat="LTE" rsrq="-20"/>
        <radio op="" rat="LTE" rsrq="-20"/>
      </extensions>
    </trkpt>
    <trkpt lat="45.8548996" lon="10.6609004">
      <ele>1256.0</ele>
      <time>2026-08-15T17:18:36.995+02:00</time>
      <extensions>
        <activity type="IN_VEHICLE" conf="98" state="moving" tsMs="1786807116245"/>
        <radio op="vodafone IT" rat="LTE" rsrq="-20"/>
        <radio op="" rat="LTE" rsrq="-20"/>
      </extensions>
    </trkpt>
    <trkpt lat="45.8560853" lon="10.6616672">
      <ele>1247.0</ele>
      <time>2026-08-15T17:18:46.996+02:00</time>
      <extensions>
        <activity type="IN_VEHICLE" conf="96" state="moving" tsMs="1786807126254"/>
        <radio op="vodafone IT" rat="LTE" rsrq="-20"/>
        <radio op="" rat="LTE" rsrq="-20"/>
      </extensions>
    </trkpt>
    <trkpt lat="45.8571584" lon="10.6619802">
      <ele>1233.0</ele>
      <time>2026-08-15T17:18:56.996+02:00</time>
      <extensions>
        <activity type="IN_VEHICLE" conf="97" state="moving" tsMs="1786807136966"/>
        <radio op="vodafone IT" rat="LTE" rsrq="-20"/>
        <radio op="" rat="LTE" rsrq="-20"/>
      </extensions>
    </trkpt>
    <trkpt lat="45.8579396" lon="10.6618755">
      <ele>1228.0</ele>
      <time>2026-08-15T17:19:06.995+02:00</time>
      <extensions>
        <activity type="IN_VEHICLE" conf="97" state="moving" tsMs="1786807147055"/>
        <radio op="vodafone IT" rat="LTE" rsrq="-20"/>
        <radio op="" rat="LTE" rsrq="-20"/>
      </extensions>
    </trkpt>
    <trkpt lat="45.8590236" lon="10.6608265">
      <ele>1215.0</ele>
      <time>2026-08-15T17:19:16.995+02:00</time>
      <extensions>
        <activity type="IN_VEHICLE" conf="97" state="moving" tsMs="1786807157702"/>
        <radio op="vodafone IT" rat="LTE" rsrq="-20"/>
        <radio op="" rat="LTE" rsrq="-20"/>
      </extensions>
    </trkpt>
    <trkpt lat="45.8600332" lon="10.6599072">
      <ele>1209.0</ele>
      <time>2026-08-15T17:19:27.996+02:00</time>
      <extensions>
        <activity type="IN_VEHICLE" conf="97" state="moving" tsMs="1786807167717"/>
        <radio op="vodafone IT" rat="LTE" rsrq="-20"/>
        <radio op="" rat="LTE" rsrq="-20"/>
      </extensions>
    </trkpt>
    <trkpt lat="45.8608611" lon="10.6589621">
      <ele>1199.0</ele>
      <time>2026-08-15T17:19:37.995+02:00</time>
      <extensions>
        <activity type="IN_VEHICLE" conf="98" state="moving" tsMs="1786807173076"/>
        <radio op="vodafone IT" rat="LTE" rsrq="-20"/>
        <radio op="" rat="LTE" rsrq="-20"/>
      </extensions>
    </trkpt>
    <trkpt lat="45.8620078" lon="10.659894">
      <ele>1191.0</ele>
      <time>2026-08-15T17:19:47.995+02:00</time>
      <extensions>
        <activity type="IN_VEHICLE" conf="97" state="moving" tsMs="1786807183115"/>
        <radio op="vodafone IT" rat="LTE" rsrq="-20"/>
        <radio op="" rat="LTE" rsrq="-20"/>
      </extensions>
    </trkpt>
    <trkpt lat="45.8627394" lon="10.659109">
      <ele>1187.0</ele>
      <time>2026-08-15T17:19:57.995+02:00</time>
      <extensions>
        <activity type="IN_VEHICLE" conf="97" state="moving" tsMs="1786807193806"/>
        <radio op="vodafone IT" rat="LTE" rsrq="-20"/>
        <radio op="" rat="LTE" rsrq="-20"/>
      </extensions>
    </trkpt>
    <trkpt lat="45.863437" lon="10.6589292">
      <ele>1183.0</ele>
      <time>2026-08-15T17:20:07.995+02:00</time>
      <extensions>
        <activity type="IN_VEHICLE" conf="97" state="moving" tsMs="1786807203870"/>
        <radio op="vodafone IT" rat="WCDMA"/>
        <radio op="" rat="LTE" rsrq="-20"/>
      </extensions>
    </trkpt>
    <trkpt lat="45.8648244" lon="10.659772">
      <ele>1172.0</ele>
      <time>2026-08-15T17:20:17.995+02:00</time>
      <extensions>
        <activity type="IN_VEHICLE" conf="97" state="moving" tsMs="1786807214617"/>
        <radio op="vodafone IT" rat="WCDMA"/>
        <radio op="" rat="LTE" rsrq="-20"/>
      </extensions>
    </trkpt>
    <trkpt lat="45.866221" lon="10.6609011">
      <ele>1160.0</ele>
      <time>2026-08-15T17:20:28.995+02:00</time>
      <extensions>
        <activity type="IN_VEHICLE" conf="98" state="moving" tsMs="1786807224549"/>
        <radio op="vodafone IT" rat="WCDMA"/>
        <radio op="" rat="LTE" rsrq="-20"/>
      </extensions>
    </trkpt>
    <trkpt lat="45.8664264" lon="10.6624255">
      <ele>1145.0</ele>
      <time>2026-08-15T17:20:38.996+02:00</time>
      <extensions>
        <activity type="IN_VEHICLE" conf="98" state="moving" tsMs="1786807235211"/>
        <radio op="vodafone IT" rat="WCDMA"/>
        <radio op="" rat="LTE" rsrq="-20"/>
      </extensions>
    </trkpt>
    <trkpt lat="45.8666382" lon="10.6613325">
      <ele>1143.0</ele>
      <time>2026-08-15T17:20:48.995+02:00</time>
      <extensions>
        <activity type="IN_VEHICLE" conf="97" state="moving" tsMs="1786807245219"/>
        <radio op="vodafone IT" rat="OTHER"/>
        <radio op="" rat="OTHER"/>
      </extensions>
    </trkpt>
    <trkpt lat="45.8659651" lon="10.659904">
      <ele>1136.0</ele>
      <time>2026-08-15T17:20:58.996+02:00</time>
      <extensions>
        <activity type="IN_VEHICLE" conf="97" state="moving" tsMs="1786807255968"/>
        <radio op="vodafone IT" rat="OTHER"/>
        <radio op="" rat="OTHER"/>
      </extensions>
    </trkpt>
    <trkpt lat="45.8656733" lon="10.6591545">
      <ele>1120.0</ele>
      <time>2026-08-15T17:21:08.995+02:00</time>
      <extensions>
        <activity type="IN_VEHICLE" conf="96" state="moving" tsMs="1786807265944"/>
        <radio op="vodafone IT" rat="OTHER"/>
        <radio op="" rat="WCDMA"/>
      </extensions>
    </trkpt>
    <trkpt lat="45.8663848" lon="10.6597812">
      <ele>1117.0</ele>
      <time>2026-08-15T17:21:18.996+02:00</time>
      <extensions>
        <activity type="IN_VEHICLE" conf="97" state="moving" tsMs="1786807276633"/>
        <radio op="vodafone IT" rat="OTHER"/>
        <radio op="" rat="WCDMA"/>
      </extensions>
    </trkpt>
    <trkpt lat="45.8669564" lon="10.6609045">
      <ele>1105.0</ele>
      <time>2026-08-15T17:21:28.995+02:00</time>
      <extensions>
        <activity type="IN_VEHICLE" conf="97" state="moving" tsMs="1786807286651"/>
        <radio op="vodafone IT" rat="OTHER"/>
        <radio op="" rat="WCDMA"/>
      </extensions>
    </trkpt>
    <trkpt lat="45.8679865" lon="10.6613973">
      <ele>1090.0</ele>
      <time>2026-08-15T17:21:38.995+02:00</time>
      <extensions>
        <activity type="IN_VEHICLE" conf="97" state="moving" tsMs="1786807297352"/>
        <radio op="vodafone IT" rat="WCDMA"/>
        <radio op="I TIM" rat="LTE" rsrp="-124" rsrq="-10"/>
      </extensions>
    </trkpt>
    <trkpt lat="45.8675497" lon="10.6628503">
      <ele>1097.076195494145</ele>
      <time>2026-08-15T17:21:48.996+02:00</time>
      <extensions>
        <activity type="IN_VEHICLE" conf="97" state="moving" tsMs="1786807307374"/>
        <radio op="vodafone IT" rat="WCDMA"/>
        <radio op="I TIM" rat="LTE" q="9.60" rsrp="-117" sinr="7" rsrq="-11"/>
      </extensions>
    </trkpt>
    <trkpt lat="45.8677964" lon="10.6636759">
      <ele>1072.0</ele>
      <time>2026-08-15T17:21:59.995+02:00</time>
      <extensions>
        <activity type="IN_VEHICLE" conf="96" state="moving" tsMs="1786807318122"/>
        <radio op="vodafone IT" rat="WCDMA"/>
        <radio op="I TIM" rat="LTE" rsrp="-125" rsrq="-12"/>
      </extensions>
    </trkpt>
    <trkpt lat="45.8684089" lon="10.6623345">
      <ele>1077.3947182883453</ele>
      <time>2026-08-15T17:22:09.995+02:00</time>
      <extensions>
        <activity type="IN_VEHICLE" conf="96" state="moving" tsMs="1786807328098"/>
        <radio op="vodafone IT" rat="WCDMA"/>
        <radio op="I TIM" rat="LTE" q="0.70" rsrp="-124" sinr="2" rsrq="-12"/>
      </extensions>
    </trkpt>
    <trkpt lat="45.8690271" lon="10.6613808">
      <ele>1076.2608002540835</ele>
      <time>2026-08-15T17:22:19.994+02:00</time>
      <extensions>
        <activity type="IN_VEHICLE" conf="96" state="moving" tsMs="1786807338877"/>
        <radio op="vodafone IT" rat="WCDMA"/>
        <radio op="I TIM" rat="LTE" rsrp="-126" rsrq="-13"/>
      </extensions>
    </trkpt>
    <trkpt lat="45.8682322" lon="10.6603942">
      <ele>1052.8282378398571</ele>
      <time>2026-08-15T17:22:29.995+02:00</time>
      <extensions>
        <activity type="IN_VEHICLE" conf="96" state="moving" tsMs="1786807348872"/>
        <radio op="vodafone IT" rat="WCDMA"/>
        <radio op="I TIM" rat="LTE" rsrp="-134" rsrq="-18"/>
      </extensions>
    </trkpt>
    <trkpt lat="45.8678953" lon="10.6593391">
      <ele>1052.3787269066115</ele>
      <time>2026-08-15T17:22:39.994+02:00</time>
      <extensions>
        <activity type="IN_VEHICLE" conf="97" state="moving" tsMs="1786807359605"/>
        <radio op="vodafone IT" rat="LTE" rsrq="-20"/>
        <radio op="I TIM" rat="LTE" rsrp="-136" rsrq="-20"/>
      </extensions>
    </trkpt>
    <trkpt lat="45.8670756" lon="10.6581562">
      <ele>1029.8129148090661</ele>
      <time>2026-08-15T17:22:49.994+02:00</time>
      <extensions>
        <activity type="IN_VEHICLE" conf="96" state="moving" tsMs="1786807369621"/>
        <radio op="vodafone IT" rat="LTE" rsrp="-130" rsrq="-16"/>
        <radio op="I TIM" rat="LTE" rsrp="-136" rsrq="-20"/>
      </extensions>
    </trkpt>
    <trkpt lat="45.8672585" lon="10.6581499">
      <ele>1029.0665153854522</ele>
      <time>2026-08-15T17:22:59.995+02:00</time>
      <extensions>
        <activity type="IN_VEHICLE" conf="97" state="moving" tsMs="1786807380252"/>
        <radio op="vodafone IT" rat="LTE" rsrp="-128" rsrq="-14"/>
        <radio op="I TIM" rat="LTE" q="0.00" rsrp="-125" sinr="0" rsrq="-12"/>
      </extensions>
    </trkpt>
    <trkpt lat="45.8681352" lon="10.6590005">
      <ele>1000.0</ele>
      <time>2026-08-15T17:23:09.995+02:00</time>
      <extensions>
        <activity type="IN_VEHICLE" conf="97" state="moving" tsMs="1786807390328"/>
        <radio op="vodafone IT" rat="OTHER"/>
        <radio op="I TIM" rat="LTE" rsrp="-129" rsrq="-16"/>
      </extensions>
    </trkpt>
    <trkpt lat="45.8689902" lon="10.6597246">
      <ele>1011.6189593688605</ele>
      <time>2026-08-15T17:23:19.995+02:00</time>
      <extensions>
        <activity type="IN_VEHICLE" conf="96" state="moving" tsMs="1786807395685"/>
        <radio op="vodafone IT" rat="LTE" rsrq="-20"/>
        <radio op="I TIM" rat="LTE" rsrp="-133" rsrq="-18"/>
      </extensions>
    </trkpt>
    <trkpt lat="45.8706722" lon="10.6607361">
      <ele>969.0</ele>
      <time>2026-08-15T17:23:30.994+02:00</time>
      <extensions>
        <activity type="IN_VEHICLE" conf="97" state="moving" tsMs="1786807406346"/>
        <radio op="vodafone IT" rat="LTE" rsrq="-20"/>
        <radio op="I TIM" rat="LTE" rsrp="-133" rsrq="-18"/>
      </extensions>
    </trkpt>
    <trkpt lat="45.8714419" lon="10.6609962">
      <ele>976.3485453986007</ele>
      <time>2026-08-15T17:23:40.995+02:00</time>
      <extensions>
        <activity type="IN_VEHICLE" conf="96" state="moving" tsMs="1786807416400"/>
        <radio op="vodafone IT" rat="LTE" q="0.90" rsrp="-124" sinr="4" rsrq="-13"/>
        <radio op="I TIM" rat="LTE" q="2.00" rsrp="-121" sinr="0" rsrq="-11"/>
      </extensions>
    </trkpt>
    <trkpt lat="45.8706455" lon="10.6602318">
      <ele>949.0</ele>
      <time>2026-08-15T17:23:50.995+02:00</time>
      <extensions>
        <activity type="IN_VEHICLE" conf="97" state="moving" tsMs="1786807427067"/>
        <radio op="vodafone IT" rat="LTE" rsrp="-133" rsrq="-16"/>
        <radio op="I TIM" rat="LTE" rsrp="-129" rsrq="-15"/>
      </extensions>
    </trkpt>
    <trkpt lat="45.8696036" lon="10.6587842">
      <ele>957.3234845744104</ele>
      <time>2026-08-15T17:24:00.994+02:00</time>
      <extensions>
        <activity type="IN_VEHICLE" conf="97" state="moving" tsMs="1786807437078"/>
        <radio op="vodafone IT" rat="LTE" rsrq="-20"/>
        <radio op="I TIM" rat="LTE" rsrp="-137" rsrq="-21"/>
      </extensions>
    </trkpt>
    <trkpt lat="45.8695444" lon="10.6586107">
      <ele>926.0</ele>
      <time>2026-08-15T17:24:10.994+02:00</time>
      <extensions>
        <activity type="IN_VEHICLE" conf="97" state="moving" tsMs="1786807447678"/>
        <radio op="vodafone IT" rat="LTE" rsrq="-20"/>
        <radio op="I TIM" rat="LTE" rsrp="-136" rsrq="-20"/>
      </extensions>
    </trkpt>
    <trkpt lat="45.8707069" lon="10.6594004">
      <ele>943.0443787997943</ele>
      <time>2026-08-15T17:24:20.994+02:00</time>
      <extensions>
        <activity type="IN_VEHICLE" conf="97" state="moving" tsMs="1786807457839"/>
        <radio op="vodafone IT" rat="LTE" rsrq="-20"/>
        <radio op="I TIM" rat="LTE" rsrp="-136" rsrq="-20"/>
      </extensions>
    </trkpt>
    <trkpt lat="45.871846" lon="10.6596289">
      <ele>910.0</ele>
      <time>2026-08-15T17:24:30.995+02:00</time>
      <extensions>
        <activity type="IN_VEHICLE" conf="97" state="moving" tsMs="1786807468484"/>
        <radio op="vodafone IT" rat="LTE" q="4.40" rsrp="-121" sinr="6" rsrq="-9"/>
        <radio op="I TIM" rat="LTE" q="6.50" rsrp="-120" sinr="8" rsrq="-11"/>
      </extensions>
    </trkpt>
    <trkpt lat="45.8721865" lon="10.6598364">
      <ele>911.0812129524425</ele>
      <time>2026-08-15T17:24:40.995+02:00</time>
      <extensions>
        <activity type="IN_VEHICLE" conf="97" state="moving" tsMs="1786807478558"/>
        <radio op="vodafone IT" rat="LTE" q="5.00" rsrp="-120" sinr="5" rsrq="-12"/>
        <radio op="I TIM" rat="LTE" q="5.00" rsrp="-120" sinr="5" rsrq="-11"/>
      </extensions>
    </trkpt>
    <trkpt lat="45.8713656" lon="10.6586283">
      <ele>898.0</ele>
      <time>2026-08-15T17:24:50.995+02:00</time>
      <extensions>
        <activity type="IN_VEHICLE" conf="97" state="moving" tsMs="1786807488982"/>
        <radio op="vodafone IT" rat="LTE" q="0.00" rsrp="-130" sinr="0" rsrq="-15"/>
        <radio op="I TIM" rat="LTE" rsrp="-127" rsrq="-13"/>
      </extensions>
    </trkpt>
    <trkpt lat="45.8704591" lon="10.657335">
      <ele>896.140658210254</ele>
      <time>2026-08-15T17:25:00.994+02:00</time>
      <extensions>
        <activity type="IN_VEHICLE" conf="98" state="moving" tsMs="1786807499371"/>
        <radio op="vodafone IT" rat="OTHER"/>
        <radio op="I TIM" rat="LTE" rsrp="-131" rsrq="-16"/>
      </extensions>
    </trkpt>
    <trkpt lat="45.8702674" lon="10.6572317">
      <ele>881.897948547887</ele>
      <time>2026-08-15T17:25:13.995+02:00</time>
      <extensions>
        <activity type="TILTING" conf="100" state="moving" tsMs="1786807505995"/>
        <radio op="vodafone IT" rat="OTHER"/>
        <radio op="I TIM" rat="LTE" rsrp="-131" rsrq="-16"/>
      </extensions>
    </trkpt>
    <trkpt lat="45.8702674" lon="10.6572317">
      <ele>882.0</ele>
      <time>2026-08-15T17:25:23.994+02:00</time>
      <extensions>
        <activity type="UNKNOWN" conf="40" state="unknown" tsMs="1786807509459"/>
        <radio op="vodafone IT" rat="OTHER"/>
        <radio op="I TIM" rat="LTE" q="3.00" rsrp="-120" sinr="1" rsrq="-11"/>
      </extensions>
    </trkpt>
    <trkpt lat="45.8702674" lon="10.6572317">
      <ele>884.5172152909342</ele>
      <time>2026-08-15T17:25:33.995+02:00</time>
      <extensions>
        <activity type="IN_VEHICLE" conf="83" state="moving" tsMs="1786807529495"/>
        <radio op="vodafone IT" rat="WCDMA"/>
        <radio op="I TIM" rat="LTE" q="3.00" rsrp="-120" sinr="1" rsrq="-13"/>
      </extensions>
    </trkpt>
    <trkpt lat="45.8702674" lon="10.6572317">
      <ele>884.7883132609317</ele>
      <time>2026-08-15T17:25:43.994+02:00</time>
      <extensions>
        <activity type="UNKNOWN" conf="40" state="unknown" tsMs="1786807540006"/>
        <radio op="vodafone IT" rat="WCDMA"/>
        <radio op="I TIM" rat="LTE" q="4.00" rsrp="-120" sinr="3" rsrq="-13"/>
      </extensions>
    </trkpt>
    <trkpt lat="45.8702674" lon="10.6572317">
      <ele>882.0500264222298</ele>
      <time>2026-08-15T17:25:53.994+02:00</time>
      <extensions>
        <activity type="UNKNOWN" conf="40" state="unknown" tsMs="1786807550073"/>
        <radio op="vodafone IT" rat="WCDMA"/>
        <radio op="I TIM" rat="LTE" rsrp="-120" rsrq="-13"/>
      </extensions>
    </trkpt>
    <trkpt lat="45.8702674" lon="10.6572317">
      <ele>882.3456384699408</ele>
      <time>2026-08-15T17:26:03.995+02:00</time>
      <extensions>
        <activity type="UNKNOWN" conf="40" state="unknown" tsMs="1786807550073"/>
        <radio op="vodafone IT" rat="WCDMA"/>
        <radio op="I TIM" rat="LTE" q="3.50" rsrp="-120" sinr="2" rsrq="-15"/>
      </extensions>
    </trkpt>
    <trkpt lat="45.8702674" lon="10.6572317">
      <ele>883.0298352724009</ele>
      <time>2026-08-15T17:26:14.995+02:00</time>
      <extensions>
        <activity type="UNKNOWN" conf="40" state="unknown" tsMs="1786807572415"/>
        <radio op="vodafone IT" rat="LTE" q="2.40" rsrp="-122" sinr="3" rsrq="-12"/>
        <radio op="I TIM" rat="LTE" q="2.80" rsrp="-121" sinr="2" rsrq="-12"/>
      </extensions>
    </trkpt>
    <trkpt lat="45.8702674" lon="10.6572317">
      <ele>881.6202574407267</ele>
      <time>2026-08-15T17:26:24.994+02:00</time>
      <extensions>
        <activity type="UNKNOWN" conf="40" state="unknown" tsMs="1786807577635"/>
        <radio op="vodafone IT" rat="LTE" q="2.10" rsrp="-122" sinr="2" rsrq="-14"/>
        <radio op="I TIM" rat="LTE" q="1.80" rsrp="-122" sinr="1" rsrq="-14"/>
      </extensions>
    </trkpt>
    <trkpt lat="45.8702674" lon="10.6572317">
      <ele>882.0</ele>
      <time>2026-08-15T17:26:34.994+02:00</time>
      <extensions>
        <activity type="UNKNOWN" conf="40" state="unknown" tsMs="1786807577635"/>
        <radio op="vodafone IT" rat="LTE" q="2.40" rsrp="-122" sinr="3" rsrq="-15"/>
        <radio op="I TIM" rat="LTE" q="3.60" rsrp="-121" sinr="4" rsrq="-14"/>
      </extensions>
    </trkpt>
    <trkpt lat="45.8702674" lon="10.6572317">
      <ele>881.8067230205795</ele>
      <time>2026-08-15T17:26:44.995+02:00</time>
      <extensions>
        <activity type="UNKNOWN" conf="40" state="unknown" tsMs="1786807601509"/>
        <radio op="vodafone IT" rat="LTE" q="1.80" rsrp="-122" sinr="1" rsrq="-12"/>
        <radio op="I TIM" rat="LTE" q="1.60" rsrp="-123" sinr="3" rsrq="-14"/>
      </extensions>
    </trkpt>
    <trkpt lat="45.8702674" lon="10.6572317">
      <ele>881.5887048493232</ele>
      <time>2026-08-15T17:26:54.994+02:00</time>
      <extensions>
        <activity type="UNKNOWN" conf="40" state="unknown" tsMs="1786807606784"/>
        <radio op="vodafone IT" rat="LTE" q="0.00" rsrp="-125" sinr="2" rsrq="-15"/>
        <radio op="I TIM" rat="LTE" rsrp="-123" rsrq="-15"/>
      </extensions>
    </trkpt>
    <trkpt lat="45.8702674" lon="10.6572317">
      <ele>882.1773675316382</ele>
      <time>2026-08-15T17:27:04.994+02:00</time>
      <extensions>
        <activity type="TILTING" conf="100" state="moving" tsMs="1786807617554"/>
        <radio op="vodafone IT" rat="OTHER"/>
        <radio op="I TIM" rat="LTE" rsrp="-128" rsrq="-15"/>
      </extensions>
    </trkpt>
    <trkpt lat="45.8698915" lon="10.6565944">
      <ele>870.0</ele>
      <time>2026-08-15T17:27:14.994+02:00</time>
      <extensions>
        <activity type="IN_VEHICLE" conf="96" state="moving" tsMs="1786807632574"/>
        <radio op="vodafone IT" rat="WCDMA"/>
        <radio op="I TIM" rat="LTE" rsrp="-131" rsrq="-16"/>
      </extensions>
    </trkpt>
    <trkpt lat="45.8690928" lon="10.6553096">
      <ele>854.0</ele>
      <time>2026-08-15T17:27:24.995+02:00</time>
      <extensions>
        <activity type="IN_VEHICLE" conf="96" state="moving" tsMs="1786807636165"/>
        <radio op="vodafone IT" rat="LTE" rsrq="-20"/>
        <radio op="I TIM" rat="LTE" rsrp="-131" rsrq="-16"/>
      </extensions>
    </trkpt>
    <trkpt lat="45.8682353" lon="10.6536644">
      <ele>846.0</ele>
      <time>2026-08-15T17:27:34.995+02:00</time>
      <extensions>
        <activity type="IN_VEHICLE" conf="97" state="moving" tsMs="1786807651661"/>
        <radio op="vodafone IT" rat="LTE" rsrp="-127" rsrq="-13"/>
        <radio op="I TIM" rat="LTE" rsrp="-131" rsrq="-16"/>
      </extensions>
    </trkpt>
    <trkpt lat="45.8677725" lon="10.6518948">
      <ele>833.0</ele>
      <time>2026-08-15T17:27:44.994+02:00</time>
      <extensions>
        <activity type="IN_VEHICLE" conf="97" state="moving" tsMs="1786807657043"/>
        <radio op="vodafone IT" rat="LTE" q="4.00" rsrp="-121" sinr="5" rsrq="-10"/>
        <radio op="I TIM" rat="LTE" q="6.60" rsrp="-119" sinr="6" rsrq="-7"/>
      </extensions>
    </trkpt>
    <trkpt lat="45.8670007" lon="10.6509459">
      <ele>826.0</ele>
      <time>2026-08-15T17:27:54.995+02:00</time>
      <extensions>
        <activity type="IN_VEHICLE" conf="97" state="moving" tsMs="1786807675658"/>
        <radio op="vodafone IT" rat="LTE" q="1.40" rsrp="-123" sinr="2" rsrq="-12"/>
        <radio op="I TIM" rat="LTE" q="1.20" rsrp="-123" sinr="1" rsrq="-11"/>
      </extensions>
    </trkpt>
    <trkpt lat="45.8670291" lon="10.6506363">
      <ele>823.0</ele>
      <time>2026-08-15T17:28:05.994+02:00</time>
      <extensions>
        <activity type="IN_VEHICLE" conf="97" state="moving" tsMs="1786807683524"/>
        <radio op="vodafone IT" rat="LTE" q="28.80" rsrp="-107" sinr="11" rsrq="-9"/>
        <radio op="I TIM" rat="LTE" q="16.50" rsrp="-114" sinr="10" rsrq="-8"/>
      </extensions>
    </trkpt>
    <trkpt lat="45.8670291" lon="10.6506363">
      <ele>824.3836497273251</ele>
      <time>2026-08-15T17:28:15.994+02:00</time>
      <extensions>
        <activity type="TILTING" conf="100" state="moving" tsMs="1786807686606"/>
        <radio op="vodafone IT" rat="LTE" q="28.00" rsrp="-111" sinr="15" rsrq="-12"/>
        <radio op="I TIM" rat="LTE" q="25.60" rsrp="-109" sinr="11" rsrq="-10"/>
      </extensions>
    </trkpt>
    <trkpt lat="45.8670291" lon="10.6506363">
      <ele>824.1030795208546</ele>
      <time>2026-08-15T17:28:25.993+02:00</time>
      <extensions>
        <activity type="UNKNOWN" conf="40" state="unknown" tsMs="1786807690070"/>
        <radio op="vodafone IT" rat="LTE" q="31.50" rsrp="-110" sinr="16" rsrq="-11"/>
        <radio op="I TIM" rat="LTE" q="24.00" rsrp="-110" sinr="11" rsrq="-10"/>
      </extensions>
    </trkpt>
    <trkpt lat="45.8670291" lon="10.6506363">
      <ele>824.2087355132792</ele>
      <time>2026-08-15T17:28:35.993+02:00</time>
      <extensions>
        <activity type="UNKNOWN" conf="40" state="unknown" tsMs="1786807711336"/>
        <radio op="vodafone IT" rat="LTE" q="26.60" rsrp="-111" sinr="14" rsrq="-9"/>
        <radio op="I TIM" rat="LTE" q="23.80" rsrp="-111" sinr="12" rsrq="-9"/>
      </extensions>
    </trkpt>
    <trkpt lat="45.8670291" lon="10.6506363">
      <ele>824.6659395988509</ele>
      <time>2026-08-15T17:28:45.994+02:00</time>
      <extensions>
        <activity type="UNKNOWN" conf="40" state="unknown" tsMs="1786807711336"/>
        <radio op="vodafone IT" rat="LTE" q="24.70" rsrp="-112" sinr="14" rsrq="-9"/>
        <radio op="I TIM" rat="LTE" q="19.20" rsrp="-113" sinr="11" rsrq="-9"/>
      </extensions>
    </trkpt>
    <trkpt lat="45.8670291" lon="10.6506363">
      <ele>823.178332414272</ele>
      <time>2026-08-15T17:28:55.994+02:00</time>
      <extensions>
        <activity type="UNKNOWN" conf="40" state="unknown" tsMs="1786807735326"/>
        <radio op="vodafone IT" rat="LTE" q="30.00" rsrp="-110" sinr="15" rsrq="-10"/>
        <radio op="I TIM" rat="LTE" q="24.00" rsrp="-110" sinr="11" rsrq="-12"/>
      </extensions>
    </trkpt>
    <trkpt lat="45.8670291" lon="10.6506363">
      <ele>824.3165228428381</ele>
      <time>2026-08-15T17:29:05.994+02:00</time>
      <extensions>
        <activity type="UNKNOWN" conf="40" state="unknown" tsMs="1786807740425"/>
        <radio op="vodafone IT" rat="LTE" q="30.40" rsrp="-109" sinr="14" rsrq="-12"/>
        <radio op="I TIM" rat="LTE" q="18.00" rsrp="-110" sinr="7" rsrq="-11"/>
      </extensions>
    </trkpt>
    <trkpt lat="45.8670291" lon="10.6506363">
      <ele>823.0</ele>
      <time>2026-08-15T17:29:15.994+02:00</time>
      <extensions>
        <activity type="UNKNOWN" conf="40" state="unknown" tsMs="1786807740425"/>
        <radio op="vodafone IT" rat="LTE" q="23.80" rsrp="-111" sinr="12" rsrq="-9"/>
        <radio op="I TIM" rat="LTE" q="18.00" rsrp="-113" sinr="10" rsrq="-11"/>
      </extensions>
    </trkpt>
    <trkpt lat="45.8670291" lon="10.6506363">
      <ele>823.0</ele>
      <time>2026-08-15T17:29:25.993+02:00</time>
      <extensions>
        <activity type="UNKNOWN" conf="40" state="unknown" tsMs="1786807745888"/>
        <radio op="vodafone IT" rat="LTE" q="30.40" rsrp="-109" sinr="14" rsrq="-8"/>
        <radio op="I TIM" rat="LTE" q="22.50" rsrp="-110" sinr="10" rsrq="-10"/>
      </extensions>
    </trkpt>
    <trkpt lat="45.8670291" lon="10.6506363">
      <ele>823.0</ele>
      <time>2026-08-15T17:29:46.994+02:00</time>
      <extensions>
        <activity type="UNKNOWN" conf="40" state="unknown" tsMs="1786807768282"/>
        <radio op="vodafone IT" rat="LTE" q="25.50" rsrp="-110" sinr="12" rsrq="-11"/>
        <radio op="I TIM" rat="LTE" q="14.30" rsrp="-112" sinr="6" rsrq="-10"/>
      </extensions>
    </trkpt>
    <trkpt lat="45.8670291" lon="10.6506363">
      <ele>823.0</ele>
      <time>2026-08-15T17:29:56.994+02:00</time>
      <extensions>
        <activity type="UNKNOWN" conf="40" state="unknown" tsMs="1786807768282"/>
        <radio op="vodafone IT" rat="LTE" q="23.80" rsrp="-111" sinr="12" rsrq="-11"/>
        <radio op="I TIM" rat="LTE" q="18.00" rsrp="-113" sinr="10" rsrq="-9"/>
      </extensions>
    </trkpt>
    <trkpt lat="45.8670291" lon="10.6506363">
      <ele>823.0</ele>
      <time>2026-08-15T17:30:06.993+02:00</time>
      <extensions>
        <activity type="UNKNOWN" conf="40" state="unknown" tsMs="1786807789002"/>
        <radio op="vodafone IT" rat="LTE" q="27.00" rsrp="-110" sinr="13" rsrq="-11"/>
        <radio op="I TIM" rat="LTE" q="13.00" rsrp="-112" sinr="5" rsrq="-9"/>
      </extensions>
    </trkpt>
    <trkpt lat="45.8670291" lon="10.6506363">
      <ele>823.0</ele>
      <time>2026-08-15T17:30:16.993+02:00</time>
      <extensions>
        <activity type="UNKNOWN" conf="40" state="unknown" tsMs="1786807789002"/>
        <radio op="vodafone IT" rat="LTE" q="28.50" rsrp="-110" sinr="14" rsrq="-9"/>
        <radio op="I TIM" rat="LTE" q="25.20" rsrp="-111" sinr="13" rsrq="-7"/>
      </extensions>
    </trkpt>
    <trkpt lat="45.8670291" lon="10.6506363">
      <ele>823.0</ele>
      <time>2026-08-15T17:30:26.993+02:00</time>
      <extensions>
        <activity type="UNKNOWN" conf="40" state="unknown" tsMs="1786807809726"/>
        <radio op="vodafone IT" rat="LTE" q="15.60" rsrp="-113" sinr="8" rsrq="-7"/>
        <radio op="I TIM" rat="LTE" q="11.90" rsrp="-118" sinr="12" rsrq="-8"/>
      </extensions>
    </trkpt>
    <trkpt lat="45.8670291" lon="10.6506363">
      <ele>823.0</ele>
      <time>2026-08-15T17:30:36.994+02:00</time>
      <extensions>
        <activity type="UNKNOWN" conf="40" state="unknown" tsMs="1786807809726"/>
        <radio op="vodafone IT" rat="LTE" q="27.20" rsrp="-109" sinr="12" rsrq="-10"/>
        <radio op="I TIM" rat="LTE" q="16.50" rsrp="-110" sinr="6" rsrq="-10"/>
      </extensions>
    </trkpt>
    <trkpt lat="45.8670291" lon="10.6506363">
      <ele>823.0</ele>
      <time>2026-08-15T17:30:46.994+02:00</time>
      <extensions>
        <activity type="UNKNOWN" conf="40" state="unknown" tsMs="1786807847614"/>
        <radio op="vodafone IT" rat="LTE" q="27.20" rsrp="-109" sinr="12" rsrq="-9"/>
        <radio op="I TIM" rat="LTE" q="25.60" rsrp="-109" sinr="11" rsrq="-8"/>
      </extensions>
    </trkpt>
    <trkpt lat="45.8670291" lon="10.6506363">
      <ele>823.0</ele>
      <time>2026-08-15T17:30:56.993+02:00</time>
      <extensions>
        <activity type="STILL" conf="99" state="still" tsMs="1786807852771"/>
        <radio op="vodafone IT" rat="LTE" q="27.20" rsrp="-109" sinr="12" rsrq="-12"/>
        <radio op="I TIM" rat="LTE" q="22.50" rsrp="-110" sinr="10" rsrq="-11"/>
      </extensions>
    </trkpt>
    <trkpt lat="45.8670291" lon="10.6506363">
      <ele>823.0</ele>
      <time>2026-08-15T17:31:06.994+02:00</time>
      <extensions>
        <activity type="STILL" conf="99" state="still" tsMs="1786807867950"/>
        <radio op="vodafone IT" rat="LTE" q="27.20" rsrp="-108" sinr="11" rsrq="-10"/>
        <radio op="I TIM" rat="LTE" q="16.00" rsrp="-109" sinr="5" rsrq="-9"/>
      </extensions>
    </trkpt>
    <trkpt lat="45.8645351" lon="10.6463631">
      <ele>776.0</ele>
      <time>2026-08-15T17:32:37.993+02:00</time>
      <extensions>
        <activity type="IN_VEHICLE" conf="96" state="moving" tsMs="1786807933645"/>
        <radio op="vodafone IT" rat="LTE" q="8.10" rsrp="-116" sinr="4" rsrq="-8"/>
        <radio op="I TIM" rat="LTE" q="4.90" rsrp="-118" sinr="2" rsrq="-12"/>
      </extensions>
    </trkpt>
    <trkpt lat="45.8644207" lon="10.6454891">
      <ele>776.0</ele>
      <time>2026-08-15T17:32:47.994+02:00</time>
      <extensions>
        <activity type="IN_VEHICLE" conf="96" state="moving" tsMs="1786807968389"/>
        <radio op="vodafone IT" rat="LTE" q="36.00" rsrp="-107" sinr="15" rsrq="-10"/>
        <radio op="I TIM" rat="LTE" q="24.00" rsrp="-109" sinr="10" rsrq="-10"/>
      </extensions>
    </trkpt>
    <trkpt lat="45.8636221" lon="10.644483">
      <ele>777.7999877929688</ele>
      <time>2026-08-15T17:32:57.993+02:00</time>
      <extensions>
        <activity type="IN_VEHICLE" conf="96" state="moving" tsMs="1786807976821"/>
        <radio op="vodafone IT" rat="LTE" q="60.00" rsrp="-101" sinr="21" rsrq="-8"/>
        <radio op="I TIM" rat="LTE" q="29.40" rsrp="-104" sinr="9" rsrq="-9"/>
      </extensions>
    </trkpt>
    <trkpt lat="45.8625249" lon="10.6424458">
      <ele>777.7999877929688</ele>
      <time>2026-08-15T17:33:07.993+02:00</time>
      <extensions>
        <activity type="IN_VEHICLE" conf="97" state="moving" tsMs="1786807987539"/>
        <radio op="vodafone IT" rat="LTE" q="13.20" rsrp="-114" sinr="7" rsrq="-9"/>
        <radio op="I TIM" rat="LTE" q="7.70" rsrp="-118" sinr="6" rsrq="-10"/>
      </extensions>
    </trkpt>
    <trkpt lat="45.8608804" lon="10.6402631">
      <ele>777.7999877929688</ele>
      <time>2026-08-15T17:33:18.994+02:00</time>
      <extensions>
        <activity type="IN_VEHICLE" conf="98" state="moving" tsMs="1786807997469"/>
        <radio op="vodafone IT" rat="LTE" q="41.40" rsrp="-102" sinr="13" rsrq="-7"/>
        <radio op="I TIM" rat="LTE" q="37.50" rsrp="-100" sinr="10" rsrq="-11"/>
      </extensions>
    </trkpt>
    <trkpt lat="45.8594994" lon="10.638246">
      <ele>777.7999877929688</ele>
      <time>2026-08-15T17:33:28.993+02:00</time>
      <extensions>
        <activity type="IN_VEHICLE" conf="97" state="moving" tsMs="1786808008116"/>
        <radio op="vodafone IT" rat="LTE" q="19.80" rsrp="-107" sinr="6" rsrq="-8"/>
        <radio op="I TIM" rat="LTE" q="31.50" rsrp="-104" sinr="10" rsrq="-11"/>
      </extensions>
    </trkpt>
    <trkpt lat="45.8580011" lon="10.6375239">
      <ele>777.7999877929688</ele>
      <time>2026-08-15T17:33:38.993+02:00</time>
      <extensions>
        <activity type="IN_VEHICLE" conf="97" state="moving" tsMs="1786808017440"/>
        <radio op="vodafone IT" rat="LTE" q="9.80" rsrp="-118" sinr="9" rsrq="-13"/>
        <radio op="I TIM" rat="LTE" rsrp="-117" rsrq="-11"/>
      </extensions>
    </trkpt>
    <trkpt lat="45.8566295" lon="10.6368934">
      <ele>777.7999877929688</ele>
      <time>2026-08-15T17:33:48.994+02:00</time>
      <extensions>
        <activity type="IN_VEHICLE" conf="98" state="moving" tsMs="1786808028064"/>
        <radio op="vodafone IT" rat="LTE" q="3.00" rsrp="-120" sinr="1" rsrq="-11"/>
        <radio op="I TIM" rat="LTE" rsrp="-121" rsrq="-13"/>
      </extensions>
    </trkpt>
    <trkpt lat="45.8551479" lon="10.6368874">
      <ele>777.7999877929688</ele>
      <time>2026-08-15T17:33:58.993+02:00</time>
      <extensions>
        <activity type="IN_VEHICLE" conf="97" state="moving" tsMs="1786808038172"/>
        <radio op="vodafone IT" rat="LTE" rsrp="-126" rsrq="-15"/>
        <radio op="I TIM" rat="LTE" rsrp="-127" rsrq="-14"/>
      </extensions>
    </trkpt>
    <trkpt lat="45.8538141" lon="10.6363422">
      <ele>777.7999877929688</ele>
      <time>2026-08-15T17:34:08.994+02:00</time>
      <extensions>
        <activity type="IN_VEHICLE" conf="97" state="moving" tsMs="1786808048892"/>
        <radio op="vodafone IT" rat="LTE" rsrp="-133" rsrq="-19"/>
        <radio op="I TIM" rat="LTE" rsrq="-20"/>
      </extensions>
    </trkpt>
    <trkpt lat="45.8525873" lon="10.6354969">
      <ele>777.7999877929688</ele>
      <time>2026-08-15T17:34:18.994+02:00</time>
      <extensions>
        <activity type="IN_VEHICLE" conf="97" state="moving" tsMs="1786808058783"/>
        <radio op="vodafone IT" rat="LTE" rsrq="-20"/>
        <radio op="I TIM" rat="LTE" rsrq="-20"/>
      </extensions>
    </trkpt>
    <trkpt lat="45.8515187" lon="10.6346407">
      <ele>755.0</ele>
      <time>2026-08-15T17:34:28.992+02:00</time>
      <extensions>
        <activity type="IN_VEHICLE" conf="97" state="moving" tsMs="1786808069472"/>
        <radio op="vodafone IT" rat="LTE" rsrq="-20"/>
        <radio op="I TIM" rat="LTE" rsrq="-20"/>
      </extensions>
    </trkpt>
    <trkpt lat="45.850629" lon="10.6337504">
      <ele>749.0</ele>
      <time>2026-08-15T17:34:38.992+02:00</time>
      <extensions>
        <activity type="IN_VEHICLE" conf="97" state="moving" tsMs="1786808079422"/>
        <radio op="vodafone IT" rat="LTE" rsrq="-20"/>
        <radio op="I TIM" rat="LTE" rsrq="-20"/>
      </extensions>
    </trkpt>
    <trkpt lat="45.8490274" lon="10.631803">
      <ele>738.0</ele>
      <time>2026-08-15T17:34:49.992+02:00</time>
      <extensions>
        <activity type="IN_VEHICLE" conf="98" state="moving" tsMs="1786808084751"/>
        <radio op="vodafone IT" rat="LTE" rsrq="-20"/>
        <radio op="I TIM" rat="LTE" rsrq="-20"/>
      </extensions>
    </trkpt>
    <trkpt lat="45.8483545" lon="10.6294149">
      <ele>729.0</ele>
      <time>2026-08-15T17:34:59.993+02:00</time>
      <extensions>
        <activity type="IN_VEHICLE" conf="97" state="moving" tsMs="1786808099450"/>
        <radio op="vodafone IT" rat="LTE" rsrq="-20"/>
        <radio op="I TIM" rat="WCDMA"/>
      </extensions>
    </trkpt>
    <trkpt lat="45.848277" lon="10.6275749">
      <ele>727.0</ele>
      <time>2026-08-15T17:35:09.993+02:00</time>
      <extensions>
        <activity type="IN_VEHICLE" conf="97" state="moving" tsMs="1786808108243"/>
        <radio op="vodafone IT" rat="LTE" rsrq="-20"/>
        <radio op="I TIM" rat="WCDMA"/>
      </extensions>
    </trkpt>
    <trkpt lat="45.847571" lon="10.6264725">
      <ele>719.0</ele>
      <time>2026-08-15T17:35:19.993+02:00</time>
      <extensions>
        <activity type="IN_VEHICLE" conf="97" state="moving" tsMs="1786808118899"/>
        <radio op="vodafone IT" rat="LTE" rsrq="-20"/>
        <radio op="I TIM" rat="WCDMA"/>
      </extensions>
    </trkpt>
    <trkpt lat="45.8466854" lon="10.6252252">
      <ele>719.0</ele>
      <time>2026-08-15T17:35:29.992+02:00</time>
      <extensions>
        <activity type="IN_VEHICLE" conf="97" state="moving" tsMs="1786808128636"/>
        <radio op="vodafone IT" rat="LTE" rsrq="-20"/>
        <radio op="I TIM" rat="OTHER"/>
      </extensions>
    </trkpt>
    <trkpt lat="45.8461084" lon="10.6240784">
      <ele>707.0</ele>
      <time>2026-08-15T17:35:39.993+02:00</time>
      <extensions>
        <activity type="IN_VEHICLE" conf="96" state="moving" tsMs="1786808139281"/>
        <radio op="vodafone IT" rat="LTE" rsrq="-20"/>
        <radio op="I TIM" rat="NR" q="20.00" rsrp="-44" sinr="0" rsrq="-3"/>
      </extensions>
    </trkpt>
    <trkpt lat="45.8464461" lon="10.6242616">
      <ele>699.0</ele>
      <time>2026-08-15T17:35:49.993+02:00</time>
      <extensions>
        <activity type="IN_VEHICLE" conf="97" state="moving" tsMs="1786808149961"/>
        <radio op="vodafone IT" rat="LTE" rsrq="-20"/>
        <radio op="I TIM" rat="NR" q="20.00" rsrp="-44" sinr="0" rsrq="-3"/>
      </extensions>
    </trkpt>
    <trkpt lat="45.8459393" lon="10.6233615">
      <ele>693.0</ele>
      <time>2026-08-15T17:35:59.992+02:00</time>
      <extensions>
        <activity type="IN_VEHICLE" conf="97" state="moving" tsMs="1786808159391"/>
        <radio op="vodafone IT" rat="LTE" rsrq="-20"/>
        <radio op="I TIM" rat="NR" q="20.00" rsrp="-44" sinr="0" rsrq="-3"/>
      </extensions>
    </trkpt>
    <trkpt lat="45.8443853" lon="10.6221229">
      <ele>681.0</ele>
      <time>2026-08-15T17:36:09.993+02:00</time>
      <extensions>
        <activity type="IN_VEHICLE" conf="97" state="moving" tsMs="1786808170083"/>
        <radio op="vodafone IT" rat="LTE" rsrq="-20"/>
        <radio op="I TIM" rat="NR" q="20.00" rsrp="-44" sinr="0" rsrq="-3"/>
      </extensions>
    </trkpt>
    <trkpt lat="45.8436161" lon="10.6212455">
      <ele>679.0</ele>
      <time>2026-08-15T17:36:19.992+02:00</time>
      <extensions>
        <activity type="IN_VEHICLE" conf="97" state="moving" tsMs="1786808180702"/>
        <radio op="vodafone IT" rat="LTE" rsrq="-20"/>
        <radio op="I TIM" rat="LTE" rsrq="-20"/>
      </extensions>
    </trkpt>
    <trkpt lat="45.842888" lon="10.6200694">
      <ele>672.0999755859375</ele>
      <time>2026-08-15T17:36:29.993+02:00</time>
      <extensions>
        <activity type="IN_VEHICLE" conf="97" state="moving" tsMs="1786808189702"/>
        <radio op="vodafone IT" rat="LTE" rsrq="-20"/>
        <radio op="I TIM" rat="LTE" rsrq="-20"/>
      </extensions>
    </trkpt>
    <trkpt lat="45.8433719" lon="10.6202048">
      <ele>672.0999755859375</ele>
      <time>2026-08-15T17:36:39.993+02:00</time>
      <extensions>
        <activity type="IN_VEHICLE" conf="97" state="moving" tsMs="1786808200369"/>
        <radio op="vodafone IT" rat="LTE" rsrq="-20"/>
        <radio op="I TIM" rat="LTE" rsrq="-20"/>
      </extensions>
    </trkpt>
    <trkpt lat="45.8436072" lon="10.6183777">
      <ele>672.0999755859375</ele>
      <time>2026-08-15T17:36:50.992+02:00</time>
      <extensions>
        <activity type="IN_VEHICLE" conf="97" state="moving" tsMs="1786808210276"/>
        <radio op="vodafone IT" rat="LTE" rsrq="-20"/>
        <radio op="I TIM" rat="WCDMA"/>
      </extensions>
    </trkpt>
    <trkpt lat="45.8439098" lon="10.6155438">
      <ele>672.0999755859375</ele>
      <time>2026-08-15T17:37:00.992+02:00</time>
      <extensions>
        <activity type="IN_VEHICLE" conf="98" state="moving" tsMs="1786808220973"/>
        <radio op="vodafone IT" rat="LTE" rsrq="-20"/>
        <radio op="I TIM" rat="WCDMA"/>
      </extensions>
    </trkpt>
    <trkpt lat="45.844076" lon="10.612791">
      <ele>672.0999755859375</ele>
      <time>2026-08-15T17:37:10.992+02:00</time>
      <extensions>
        <activity type="IN_VEHICLE" conf="98" state="moving" tsMs="1786808231037"/>
        <radio op="vodafone IT" rat="LTE" rsrq="-20"/>
        <radio op="I TIM" rat="WCDMA"/>
      </extensions>
    </trkpt>
    <trkpt lat="45.8446791" lon="10.6105709">
      <ele>672.0999755859375</ele>
      <time>2026-08-15T17:37:20.993+02:00</time>
      <extensions>
        <activity type="IN_VEHICLE" conf="97" state="moving" tsMs="1786808236399"/>
        <radio op="vodafone IT" rat="LTE" rsrq="-20"/>
        <radio op="I TIM" rat="NR" q="20.00" rsrp="-44" sinr="0" rsrq="-3"/>
      </extensions>
    </trkpt>
    <trkpt lat="45.8450247" lon="10.6086547">
      <ele>672.0999755859375</ele>
      <time>2026-08-15T17:37:30.992+02:00</time>
      <extensions>
        <activity type="IN_VEHICLE" conf="97" state="moving" tsMs="1786808246472"/>
        <radio op="vodafone IT" rat="LTE" rsrq="-20"/>
        <radio op="I TIM" rat="NR" q="20.00" rsrp="-44" sinr="0" rsrq="-3"/>
      </extensions>
    </trkpt>
    <trkpt lat="45.845197" lon="10.6063876">
      <ele>672.0999755859375</ele>
      <time>2026-08-15T17:37:40.993+02:00</time>
      <extensions>
        <activity type="IN_VEHICLE" conf="96" state="moving" tsMs="1786808257154"/>
        <radio op="vodafone IT" rat="LTE" rsrq="-20"/>
        <radio op="I TIM" rat="NR" q="20.00" rsrp="-44" sinr="0" rsrq="-3"/>
      </extensions>
    </trkpt>
    <trkpt lat="45.8450895" lon="10.604159">
      <ele>672.0999755859375</ele>
      <time>2026-08-15T17:37:50.993+02:00</time>
      <extensions>
        <activity type="IN_VEHICLE" conf="96" state="moving" tsMs="1786808267203"/>
        <radio op="vodafone IT" rat="LTE" rsrq="-20"/>
        <radio op="I TIM" rat="NR" q="20.00" rsrp="-44" sinr="0" rsrq="-3"/>
      </extensions>
    </trkpt>
    <trkpt lat="45.8451862" lon="10.6021117">
      <ele>612.0</ele>
      <time>2026-08-15T17:38:01.993+02:00</time>
      <extensions>
        <activity type="IN_VEHICLE" conf="96" state="moving" tsMs="1786808277915"/>
        <radio op="vodafone IT" rat="LTE" rsrq="-20"/>
        <radio op="I TIM" rat="NR" q="20.00" rsrp="-44" sinr="0" rsrq="-3"/>
      </extensions>
    </trkpt>
    <trkpt lat="45.8452006" lon="10.600697">
      <ele>602.0</ele>
      <time>2026-08-15T17:38:11.993+02:00</time>
      <extensions>
        <activity type="IN_VEHICLE" conf="97" state="moving" tsMs="1786808287673"/>
        <radio op="vodafone IT" rat="LTE" rsrq="-20"/>
        <radio op="" rat="NR" q="20.00" rsrp="-44" sinr="0" rsrq="-3"/>
      </extensions>
    </trkpt>
    <trkpt lat="45.8448896" lon="10.5991906">
      <ele>601.0</ele>
      <time>2026-08-15T17:38:21.992+02:00</time>
      <extensions>
        <activity type="IN_VEHICLE" conf="97" state="moving" tsMs="1786808298390"/>
        <radio op="vodafone IT" rat="LTE" rsrq="-20"/>
        <radio op="" rat="NR" q="20.00" rsrp="-44" sinr="0" rsrq="-3"/>
      </extensions>
    </trkpt>
    <trkpt lat="45.8442159" lon="10.5979056">
      <ele>596.0</ele>
      <time>2026-08-15T17:38:31.993+02:00</time>
      <extensions>
        <activity type="IN_VEHICLE" conf="97" state="moving" tsMs="1786808308399"/>
        <radio op="vodafone IT" rat="LTE" rsrp="-128" rsrq="-15"/>
        <radio op="" rat="LTE" rsrp="-123" rsrq="-11"/>
      </extensions>
    </trkpt>
    <trkpt lat="45.8432349" lon="10.5970016">
      <ele>591.0</ele>
      <time>2026-08-15T17:38:41.993+02:00</time>
      <extensions>
        <activity type="IN_VEHICLE" conf="96" state="moving" tsMs="1786808319087"/>
        <radio op="vodafone IT" rat="LTE" rsrp="-125" rsrq="-15"/>
        <radio op="I TIM" rat="LTE" rsrp="-122" rsrq="-12"/>
      </extensions>
    </trkpt>
    <trkpt lat="45.8428054" lon="10.5955444">
      <ele>585.0</ele>
      <time>2026-08-15T17:38:51.992+02:00</time>
      <extensions>
        <activity type="IN_VEHICLE" conf="96" state="moving" tsMs="1786808329176"/>
        <radio op="vodafone IT" rat="LTE" rsrp="-120" rsrq="-13"/>
        <radio op="I TIM" rat="LTE" q="8.80" rsrp="-114" sinr="3" rsrq="-10"/>
      </extensions>
    </trkpt>
    <trkpt lat="45.8421603" lon="10.5945466">
      <ele>578.0</ele>
      <time>2026-08-15T17:39:01.992+02:00</time>
      <extensions>
        <activity type="IN_VEHICLE" conf="97" state="moving" tsMs="1786808339880"/>
        <radio op="vodafone IT" rat="LTE" q="8.40" rsrp="-118" sinr="7" rsrq="-13"/>
        <radio op="I TIM" rat="LTE" q="24.00" rsrp="-105" sinr="7" rsrq="-8"/>
      </extensions>
    </trkpt>
    <trkpt lat="45.8425778" lon="10.5945644">
      <ele>571.0</ele>
      <time>2026-08-15T17:39:11.993+02:00</time>
      <extensions>
        <activity type="IN_VEHICLE" conf="97" state="moving" tsMs="1786808349960"/>
        <radio op="vodafone IT" rat="LTE" q="17.60" rsrp="-114" sinr="11" rsrq="-13"/>
        <radio op="I TIM" rat="LTE" q="9.60" rsrp="-113" sinr="3" rsrq="-8"/>
      </extensions>
    </trkpt>
    <trkpt lat="45.8425318" lon="10.5943338">
      <ele>568.0</ele>
      <time>2026-08-15T17:39:21.993+02:00</time>
      <extensions>
        <activity type="IN_VEHICLE" conf="93" state="moving" tsMs="1786808360697"/>
        <radio op="vodafone IT" rat="LTE" q="14.00" rsrp="-115" sinr="9" rsrq="-12"/>
        <radio op="I TIM" rat="LTE" q="8.00" rsrp="-117" sinr="5" rsrq="-9"/>
      </extensions>
    </trkpt>
    <trkpt lat="45.8414887" lon="10.5947798">
      <ele>560.0</ele>
      <time>2026-08-15T17:39:31.993+02:00</time>
      <extensions>
        <activity type="IN_VEHICLE" conf="97" state="moving" tsMs="1786808370674"/>
        <radio op="vodafone IT" rat="LTE" q="23.40" rsrp="-112" sinr="13" rsrq="-11"/>
        <radio op="I TIM" rat="LTE" q="14.30" rsrp="-112" sinr="6" rsrq="-9"/>
      </extensions>
    </trkpt>
    <trkpt lat="45.8406784" lon="10.5949046">
      <ele>553.0</ele>
      <time>2026-08-15T17:39:42.992+02:00</time>
      <extensions>
        <activity type="IN_VEHICLE" conf="97" state="moving" tsMs="1786808381386"/>
        <radio op="vodafone IT" rat="LTE" q="6.30" rsrp="-118" sinr="4" rsrq="-14"/>
        <radio op="I TIM" rat="LTE" q="5.50" rsrp="-114" sinr="0" rsrq="-9"/>
      </extensions>
    </trkpt>
    <trkpt lat="45.8404546" lon="10.5926062">
      <ele>545.0</ele>
      <time>2026-08-15T17:39:52.993+02:00</time>
      <extensions>
        <activity type="IN_VEHICLE" conf="96" state="moving" tsMs="1786808391414"/>
        <radio op="vodafone IT" rat="LTE" q="0.60" rsrp="-124" sinr="1" rsrq="-16"/>
        <radio op="I TIM" rat="LTE" q="3.60" rsrp="-119" sinr="1" rsrq="-10"/>
      </extensions>
    </trkpt>
    <trkpt lat="45.840228" lon="10.5904298">
      <ele>533.0</ele>
      <time>2026-08-15T17:40:02.992+02:00</time>
      <extensions>
        <activity type="IN_VEHICLE" conf="97" state="moving" tsMs="1786808402145"/>
        <radio op="vodafone IT" rat="LTE" q="9.60" rsrp="-117" sinr="7" rsrq="-13"/>
        <radio op="I TIM" rat="LTE" q="4.90" rsrp="-118" sinr="2" rsrq="-9"/>
      </extensions>
    </trkpt>
    <trkpt lat="45.8406512" lon="10.5888227">
      <ele>517.0</ele>
      <time>2026-08-15T17:40:12.992+02:00</time>
      <extensions>
        <activity type="IN_VEHICLE" conf="96" state="moving" tsMs="1786808412129"/>
        <radio op="vodafone IT" rat="LTE" q="42.00" rsrp="-105" sinr="16" rsrq="-13"/>
        <radio op="I TIM" rat="LTE" rsrp="-114" rsrq="-10"/>
      </extensions>
    </trkpt>
    <trkpt lat="45.8403815" lon="10.5864659">
      <ele>507.0</ele>
      <time>2026-08-15T17:40:22.993+02:00</time>
      <extensions>
        <activity type="IN_VEHICLE" conf="96" state="moving" tsMs="1786808422889"/>
        <radio op="vodafone IT" rat="LTE" q="66.30" rsrp="-86" sinr="12" rsrq="-12"/>
        <radio op="I TIM" rat="LTE" q="20.90" rsrp="-106" sinr="6" rsrq="-10"/>
      </extensions>
    </trkpt>
    <trkpt lat="45.8406093" lon="10.5871604">
      <ele>500.0</ele>
      <time>2026-08-15T17:40:32.992+02:00</time>
      <extensions>
        <activity type="IN_VEHICLE" conf="96" state="moving" tsMs="1786808432849"/>
        <radio op="vodafone IT" rat="LTE" q="90.00" rsrp="-89" sinr="23" rsrq="-10"/>
        <radio op="I TIM" rat="LTE" q="20.00" rsrp="-105" sinr="5" rsrq="-12"/>
      </extensions>
    </trkpt>
    <trkpt lat="45.8406923" lon="10.5858662">
      <ele>493.0</ele>
      <time>2026-08-15T17:40:42.993+02:00</time>
      <extensions>
        <activity type="IN_VEHICLE" conf="97" state="moving" tsMs="1786808443605"/>
        <radio op="vodafone IT" rat="LTE" q="70.00" rsrp="-97" sinr="21" rsrq="-13"/>
        <radio op="I TIM" rat="LTE" q="30.00" rsrp="-100" sinr="7" rsrq="-6"/>
      </extensions>
    </trkpt>
    <trkpt lat="45.84085" lon="10.5829865">
      <ele>480.0</ele>
      <time>2026-08-15T17:40:52.993+02:00</time>
      <extensions>
        <activity type="IN_VEHICLE" conf="96" state="moving" tsMs="1786808453560"/>
        <radio op="vodafone IT" rat="LTE" q="100.00" rsrp="-84" sinr="22" rsrq="-12"/>
        <radio op="I TIM" rat="LTE" q="77.00" rsrp="-90" sinr="17" rsrq="-6"/>
      </extensions>
    </trkpt>
    <trkpt lat="45.8411469" lon="10.5825676">
      <ele>470.0</ele>
      <time>2026-08-15T17:41:02.991+02:00</time>
      <extensions>
        <activity type="IN_VEHICLE" conf="97" state="moving" tsMs="1786808458897"/>
        <radio op="vodafone IT" rat="LTE" q="85.00" rsrp="-91" sinr="25" rsrq="-11"/>
        <radio op="I TIM" rat="LTE" q="90.00" rsrp="-89" sinr="20" rsrq="-9"/>
      </extensions>
    </trkpt>
    <trkpt lat="45.8415394" lon="10.5842538">
      <ele>460.0</ele>
      <time>2026-08-15T17:41:12.991+02:00</time>
      <extensions>
        <activity type="IN_VEHICLE" conf="96" state="moving" tsMs="1786808469609"/>
        <radio op="vodafone IT" rat="LTE" q="75.00" rsrp="-95" sinr="22" rsrq="-11"/>
        <radio op="I TIM" rat="LTE" q="79.20" rsrp="-89" sinr="17" rsrq="-6"/>
      </extensions>
    </trkpt>
    <trkpt lat="45.8430057" lon="10.583994">
      <ele>452.0</ele>
      <time>2026-08-15T17:41:22.991+02:00</time>
      <extensions>
        <activity type="IN_VEHICLE" conf="98" state="moving" tsMs="1786808479555"/>
        <radio op="vodafone IT" rat="LTE" q="85.00" rsrp="-91" sinr="23" rsrq="-12"/>
        <radio op="I TIM" rat="LTE" q="100.00" rsrp="-78" sinr="21" rsrq="-6"/>
      </extensions>
    </trkpt>
    <trkpt lat="45.8446895" lon="10.5832071">
      <ele>445.0</ele>
      <time>2026-08-15T17:41:33.991+02:00</time>
      <extensions>
        <activity type="IN_VEHICLE" conf="97" state="moving" tsMs="1786808490237"/>
        <radio op="vodafone IT" rat="LTE" q="66.70" rsrp="-96" sinr="18" rsrq="-11"/>
        <radio op="I TIM" rat="LTE" rsrp="-80" rsrq="-14"/>
      </extensions>
    </trkpt>
    <trkpt lat="45.8458421" lon="10.5826943">
      <ele>448.4000244140625</ele>
      <time>2026-08-15T17:41:43.992+02:00</time>
      <extensions>
        <activity type="IN_VEHICLE" conf="96" state="moving" tsMs="1786808499980"/>
        <radio op="vodafone IT" rat="LTE" q="48.60" rsrp="-98" sinr="13" rsrq="-12"/>
        <radio op="I TIM" rat="LTE" q="55.50" rsrp="-88" sinr="10" rsrq="-8"/>
      </extensions>
    </trkpt>
    <trkpt lat="45.8469507" lon="10.5821231">
      <ele>448.4000244140625</ele>
      <time>2026-08-15T17:41:53.991+02:00</time>
      <extensions>
        <activity type="IN_VEHICLE" conf="97" state="moving" tsMs="1786808510701"/>
        <radio op="vodafone IT" rat="LTE" q="12.00" rsrp="-115" sinr="7" rsrq="-13"/>
        <radio op="I TIM" rat="LTE" q="45.90" rsrp="-98" sinr="12" rsrq="-7"/>
      </extensions>
    </trkpt>
    <trkpt lat="45.8478081" lon="10.581133">
      <ele>447.3000183105469</ele>
      <time>2026-08-15T17:42:03.991+02:00</time>
      <extensions>
        <activity type="IN_VEHICLE" conf="97" state="moving" tsMs="1786808520422"/>
        <radio op="vodafone IT" rat="LTE" q="38.00" rsrp="-106" sinr="15" rsrq="-9"/>
        <radio op="I TIM" rat="LTE" q="19.80" rsrp="-107" sinr="6" rsrq="-12"/>
      </extensions>
    </trkpt>
    <trkpt lat="45.8481664" lon="10.5797532">
      <ele>447.3000183105469</ele>
      <time>2026-08-15T17:42:13.992+02:00</time>
      <extensions>
        <activity type="IN_VEHICLE" conf="97" state="moving" tsMs="1786808531049"/>
        <radio op="vodafone IT" rat="LTE" q="3.00" rsrp="-120" sinr="1" rsrq="-13"/>
        <radio op="I TIM" rat="LTE" q="6.00" rsrp="-113" sinr="0" rsrq="-13"/>
      </extensions>
    </trkpt>
    <trkpt lat="45.8480959" lon="10.5786541">
      <ele>443.20001220703125</ele>
      <time>2026-08-15T17:42:23.992+02:00</time>
      <extensions>
        <activity type="IN_VEHICLE" conf="97" state="moving" tsMs="1786808540796"/>
        <radio op="vodafone IT" rat="LTE" q="22.40" rsrp="-111" sinr="11" rsrq="-12"/>
        <radio op="I TIM" rat="LTE" q="27.20" rsrp="-108" sinr="11" rsrq="-9"/>
      </extensions>
    </trkpt>
    <trkpt lat="45.8475928" lon="10.5770152">
      <ele>443.20001220703125</ele>
      <time>2026-08-15T17:42:33.992+02:00</time>
      <extensions>
        <activity type="IN_VEHICLE" conf="97" state="moving" tsMs="1786808551497"/>
        <radio op="vodafone IT" rat="LTE" q="6.60" rsrp="-114" sinr="1" rsrq="-12"/>
        <radio op="I TIM" rat="LTE" q="18.90" rsrp="-104" sinr="4" rsrq="-14"/>
      </extensions>
    </trkpt>
    <trkpt lat="45.8469934" lon="10.5754989">
      <ele>443.6000061035156</ele>
      <time>2026-08-15T17:42:43.992+02:00</time>
      <extensions>
        <activity type="IN_VEHICLE" conf="97" state="moving" tsMs="1786808561353"/>
        <radio op="vodafone IT" rat="LTE" q="18.00" rsrp="-107" sinr="5" rsrq="-14"/>
        <radio op="I TIM" rat="LTE" rsrp="-100" rsrq="-13"/>
      </extensions>
    </trkpt>
    <trkpt lat="45.8459789" lon="10.5742575">
      <ele>443.6000061035156</ele>
      <time>2026-08-15T17:42:53.991+02:00</time>
      <extensions>
        <activity type="IN_VEHICLE" conf="97" state="moving" tsMs="1786808572041"/>
        <radio op="vodafone IT" rat="LTE" q="27.60" rsrp="-102" sinr="7" rsrq="-10"/>
        <radio op="I TIM" rat="LTE" q="36.40" rsrp="-99" sinr="9" rsrq="-9"/>
      </extensions>
    </trkpt>
    <trkpt lat="45.8447305" lon="10.5729809">
      <ele>443.6000061035156</ele>
      <time>2026-08-15T17:43:03.991+02:00</time>
      <extensions>
        <activity type="IN_VEHICLE" conf="97" state="moving" tsMs="1786808572041"/>
        <radio op="vodafone IT" rat="LTE" rsrp="-96" rsrq="-12"/>
        <radio op="I TIM" rat="LTE" q="18.00" rsrp="-95" sinr="1" rsrq="-8"/>
      </extensions>
    </trkpt>
    <trkpt lat="45.8440364" lon="10.5715336">
      <ele>443.6000061035156</ele>
      <time>2026-08-15T17:43:13.991+02:00</time>
      <extensions>
        <activity type="IN_VEHICLE" conf="97" state="moving" tsMs="1786808576935"/>
        <radio op="vodafone IT" rat="LTE" q="40.50" rsrp="-98" sinr="10" rsrq="-11"/>
        <radio op="I TIM" rat="LTE" rsrp="-98" rsrq="-8"/>
      </extensions>
    </trkpt>
    <trkpt lat="45.8431906" lon="10.5695605">
      <ele>443.6000061035156</ele>
      <time>2026-08-15T17:43:23.992+02:00</time>
      <extensions>
        <activity type="IN_VEHICLE" conf="97" state="moving" tsMs="1786808604524"/>
        <radio op="vodafone IT" rat="LTE" q="69.30" rsrp="-92" sinr="16" rsrq="-8"/>
        <radio op="I TIM" rat="LTE" q="18.70" rsrp="-108" sinr="6" rsrq="-10"/>
      </extensions>
    </trkpt>
    <trkpt lat="45.8418983" lon="10.5678953">
      <ele>443.6000061035156</ele>
      <time>2026-08-15T17:43:33.991+02:00</time>
      <extensions>
        <activity type="IN_VEHICLE" conf="97" state="moving" tsMs="1786808614453"/>
        <radio op="vodafone IT" rat="LTE" q="64.60" rsrp="-91" sinr="14" rsrq="-9"/>
        <radio op="I TIM" rat="LTE" q="21.00" rsrp="-104" sinr="5" rsrq="-11"/>
      </extensions>
    </trkpt>
    <trkpt lat="45.840349" lon="10.5666598">
      <ele>429.0</ele>
      <time>2026-08-15T17:43:43.992+02:00</time>
      <extensions>
        <activity type="IN_VEHICLE" conf="97" state="moving" tsMs="1786808619780"/>
        <radio op="vodafone IT" rat="LTE" q="71.40" rsrp="-91" sinr="16" rsrq="-11"/>
        <radio op="I TIM" rat="LTE" q="54.00" rsrp="-98" sinr="15" rsrq="-6"/>
      </extensions>
    </trkpt>
    <trkpt lat="45.8385235" lon="10.5656834">
      <ele>431.0</ele>
      <time>2026-08-15T17:43:54.991+02:00</time>
      <extensions>
        <activity type="IN_VEHICLE" conf="96" state="moving" tsMs="1786808634603"/>
        <radio op="vodafone IT" rat="LTE" q="67.20" rsrp="-93" sinr="16" rsrq="-11"/>
        <radio op="I TIM" rat="LTE" q="61.60" rsrp="-97" sinr="17" rsrq="-7"/>
      </extensions>
    </trkpt>
    <trkpt lat="45.8373558" lon="10.5654956">
      <ele>431.0</ele>
      <time>2026-08-15T17:44:04.991+02:00</time>
      <extensions>
        <activity type="IN_VEHICLE" conf="96" state="moving" tsMs="1786808639971"/>
        <radio op="vodafone IT" rat="LTE" q="51.00" rsrp="-91" sinr="10" rsrq="-14"/>
        <radio op="I TIM" rat="LTE" q="58.90" rsrp="-94" sinr="14" rsrq="-8"/>
      </extensions>
    </trkpt>
    <trkpt lat="45.8360814" lon="10.5653325">
      <ele>431.0</ele>
      <time>2026-08-15T17:44:14.992+02:00</time>
      <extensions>
        <activity type="IN_VEHICLE" conf="97" state="moving" tsMs="1786808654782"/>
        <radio op="vodafone IT" rat="LTE" q="54.00" rsrp="-95" sinr="13" rsrq="-9"/>
        <radio op="I TIM" rat="LTE" q="58.00" rsrp="-96" sinr="15" rsrq="-6"/>
      </extensions>
    </trkpt>
    <trkpt lat="45.8346536" lon="10.5644195">
      <ele>437.5</ele>
      <time>2026-08-15T17:44:24.992+02:00</time>
      <extensions>
        <activity type="IN_VEHICLE" conf="96" state="moving" tsMs="1786808660138"/>
        <radio op="vodafone IT" rat="LTE" q="48.00" rsrp="-95" sinr="11" rsrq="-7"/>
        <radio op="I TIM" rat="LTE" q="29.90" rsrp="-102" sinr="8" rsrq="-10"/>
      </extensions>
    </trkpt>
    <trkpt lat="45.8331455" lon="10.5640121">
      <ele>437.5</ele>
      <time>2026-08-15T17:44:34.992+02:00</time>
      <extensions>
        <activity type="IN_VEHICLE" conf="96" state="moving" tsMs="1786808675030"/>
        <radio op="vodafone IT" rat="LTE" q="55.10" rsrp="-96" sinr="14" rsrq="-9"/>
        <radio op="I TIM" rat="LTE" q="24.20" rsrp="-103" sinr="6" rsrq="-11"/>
      </extensions>
    </trkpt>
    <trkpt lat="45.8318493" lon="10.5628442">
      <ele>437.5</ele>
      <time>2026-08-15T17:44:44.992+02:00</time>
      <extensions>
        <activity type="IN_VEHICLE" conf="97" state="moving" tsMs="1786808680388"/>
        <radio op="vodafone IT" rat="LTE" q="41.60" rsrp="-99" sinr="11" rsrq="-12"/>
        <radio op="I TIM" rat="LTE" q="18.40" rsrp="-102" sinr="3" rsrq="-8"/>
      </extensions>
    </trkpt>
    <trkpt lat="45.8306898" lon="10.5614272">
      <ele>437.5</ele>
      <time>2026-08-15T17:44:54.991+02:00</time>
      <extensions>
        <activity type="IN_VEHICLE" conf="97" state="moving" tsMs="1786808691076"/>
        <radio op="vodafone IT" rat="LTE" q="31.00" rsrp="-94" sinr="5" rsrq="-12"/>
        <radio op="I TIM" rat="LTE" q="17.00" rsrp="-108" sinr="5" rsrq="-10"/>
      </extensions>
    </trkpt>
    <trkpt lat="45.8296037" lon="10.5597587">
      <ele>437.5</ele>
      <time>2026-08-15T17:45:04.991+02:00</time>
      <extensions>
        <activity type="IN_VEHICLE" conf="97" state="moving" tsMs="1786808701075"/>
        <radio op="vodafone IT" rat="LTE" rsrp="-95" rsrq="-13"/>
        <radio op="I TIM" rat="LTE" q="9.80" rsrp="-111" sinr="2" rsrq="-14"/>
      </extensions>
    </trkpt>
    <trkpt lat="45.8282819" lon="10.558331">
      <ele>437.5</ele>
      <time>2026-08-15T17:45:14.992+02:00</time>
      <extensions>
        <activity type="IN_VEHICLE" conf="97" state="moving" tsMs="1786808711741"/>
        <radio op="vodafone IT" rat="LTE" q="31.90" rsrp="-96" sinr="6" rsrq="-9"/>
        <radio op="I TIM" rat="LTE" q="20.40" rsrp="-108" sinr="7" rsrq="-9"/>
      </extensions>
    </trkpt>
    <trkpt lat="45.8268044" lon="10.5569711">
      <ele>437.5</ele>
      <time>2026-08-15T17:45:24.991+02:00</time>
      <extensions>
        <activity type="IN_VEHICLE" conf="96" state="moving" tsMs="1786808721227"/>
        <radio op="vodafone IT" rat="LTE" q="55.80" rsrp="-94" sinr="13" rsrq="-9"/>
        <radio op="I TIM" rat="LTE" q="28.90" rsrp="-108" sinr="12" rsrq="-8"/>
      </extensions>
    </trkpt>
    <trkpt lat="45.8251027" lon="10.5566778">
      <ele>437.5</ele>
      <time>2026-08-15T17:45:34.991+02:00</time>
      <extensions>
        <activity type="IN_VEHICLE" conf="97" state="moving" tsMs="1786808735912"/>
        <radio op="vodafone IT" rat="LTE" q="11.90" rsrp="-108" sinr="2" rsrq="-10"/>
        <radio op="I TIM" rat="LTE" q="6.50" rsrp="-112" sinr="0" rsrq="-10"/>
      </extensions>
    </trkpt>
    <trkpt lat="45.8235328" lon="10.5553271">
      <ele>422.0</ele>
      <time>2026-08-15T17:45:45.991+02:00</time>
      <extensions>
        <activity type="IN_VEHICLE" conf="97" state="moving" tsMs="1786808741288"/>
        <radio op="vodafone IT" rat="LTE" rsrp="-107" rsrq="-8"/>
        <radio op="I TIM" rat="LTE" q="7.00" rsrp="-111" sinr="0" rsrq="-8"/>
      </extensions>
    </trkpt>
    <trkpt lat="45.8224162" lon="10.5538091">
      <ele>422.0</ele>
      <time>2026-08-15T17:45:55.991+02:00</time>
      <extensions>
        <activity type="IN_VEHICLE" conf="97" state="moving" tsMs="1786808752015"/>
        <radio op="vodafone IT" rat="LTE" rsrp="-106" rsrq="-10"/>
        <radio op="I TIM" rat="LTE" rsrp="-119" rsrq="-16"/>
      </extensions>
    </trkpt>
    <trkpt lat="45.8208618" lon="10.5527835">
      <ele>423.0</ele>
      <time>2026-08-15T17:46:05.992+02:00</time>
      <extensions>
        <activity type="IN_VEHICLE" conf="98" state="moving" tsMs="1786808762017"/>
        <radio op="vodafone IT" rat="LTE" q="10.50" rsrp="-104" sinr="0" rsrq="-11"/>
        <radio op="I TIM" rat="LTE" rsrp="-118" rsrq="-18"/>
      </extensions>
    </trkpt>
    <trkpt lat="45.8195059" lon="10.5513495">
      <ele>425.0</ele>
      <time>2026-08-15T17:46:15.992+02:00</time>
      <extensions>
        <activity type="IN_VEHICLE" conf="98" state="moving" tsMs="1786808772825"/>
        <radio op="vodafone IT" rat="LTE" q="21.00" rsrp="-95" sinr="2" rsrq="-13"/>
        <radio op="I TIM" rat="LTE" rsrp="-116" rsrq="-18"/>
      </extensions>
    </trkpt>
    <trkpt lat="45.8181033" lon="10.550282">
      <ele>428.0</ele>
      <time>2026-08-15T17:46:25.992+02:00</time>
      <extensions>
        <activity type="IN_VEHICLE" conf="97" state="moving" tsMs="1786808782733"/>
        <radio op="vodafone IT" rat="LTE" q="28.80" rsrp="-93" sinr="4" rsrq="-12"/>
        <radio op="I TIM" rat="LTE" q="27.50" rsrp="-100" sinr="6" rsrq="-11"/>
      </extensions>
    </trkpt>
    <trkpt lat="45.8172154" lon="10.5483164">
      <ele>425.0</ele>
      <time>2026-08-15T17:46:35.992+02:00</time>
      <extensions>
        <activity type="IN_VEHICLE" conf="97" state="moving" tsMs="1786808793485"/>
        <radio op="vodafone IT" rat="LTE" rsrp="-105" rsrq="-15"/>
        <radio op="I TIM" rat="LTE" q="16.50" rsrp="-110" sinr="6" rsrq="-13"/>
      </extensions>
    </trkpt>
    <trkpt lat="45.8170132" lon="10.5466032">
      <ele>425.0</ele>
      <time>2026-08-15T17:46:45.991+02:00</time>
      <extensions>
        <activity type="IN_VEHICLE" conf="97" state="moving" tsMs="1786808803482"/>
        <radio op="vodafone IT" rat="LTE" q="14.00" rsrp="-105" sinr="2" rsrq="-13"/>
        <radio op="I TIM" rat="LTE" q="14.40" rsrp="-109" sinr="4" rsrq="-13"/>
      </extensions>
    </trkpt>
    <trkpt lat="45.8174889" lon="10.5447711">
      <ele>425.0</ele>
      <time>2026-08-15T17:46:55.992+02:00</time>
      <extensions>
        <activity type="IN_VEHICLE" conf="97" state="moving" tsMs="1786808814245"/>
        <radio op="vodafone IT" rat="LTE" rsrp="-107" rsrq="-17"/>
        <radio op="I TIM" rat="LTE" q="14.40" rsrp="-109" sinr="4" rsrq="-14"/>
      </extensions>
    </trkpt>
    <trkpt lat="45.8183226" lon="10.5430834">
      <ele>424.70001220703125</ele>
      <time>2026-08-15T17:47:06.991+02:00</time>
      <extensions>
        <activity type="IN_VEHICLE" conf="97" state="moving" tsMs="1786808824030"/>
        <radio op="vodafone IT" rat="LTE" rsrp="-101" rsrq="-14"/>
        <radio op="I TIM" rat="LTE" q="13.20" rsrp="-113" sinr="6" rsrq="-13"/>
      </extensions>
    </trkpt>
    <trkpt lat="45.8190565" lon="10.5417987">
      <ele>424.70001220703125</ele>
      <time>2026-08-15T17:47:16.991+02:00</time>
      <extensions>
        <activity type="IN_VEHICLE" conf="97" state="moving" tsMs="1786808834727"/>
        <radio op="vodafone IT" rat="LTE" q="26.40" rsrp="-92" sinr="3" rsrq="-9"/>
        <radio op="I TIM" rat="LTE" q="37.50" rsrp="-100" sinr="10" rsrq="-12"/>
      </extensions>
    </trkpt>
    <trkpt lat="45.8197617" lon="10.5406208">
      <ele>425.3000183105469</ele>
      <time>2026-08-15T17:47:26.991+02:00</time>
      <extensions>
        <activity type="IN_VEHICLE" conf="97" state="moving" tsMs="1786808844234"/>
        <radio op="vodafone IT" rat="LTE" rsrp="-102" rsrq="-11"/>
        <radio op="I TIM" rat="LTE" q="13.50" rsrp="-110" sinr="4" rsrq="-13"/>
      </extensions>
    </trkpt>
    <trkpt lat="45.8206845" lon="10.5398187">
      <ele>425.3000183105469</ele>
      <time>2026-08-15T17:47:36.992+02:00</time>
      <extensions>
        <activity type="IN_VEHICLE" conf="97" state="moving" tsMs="1786808854938"/>
        <radio op="vodafone IT" rat="LTE" q="16.00" rsrp="-93" sinr="0" rsrq="-9"/>
        <radio op="I TIM" rat="LTE" q="36.80" rsrp="-102" sinr="11" rsrq="-12"/>
      </extensions>
    </trkpt>
    <trkpt lat="45.8212995" lon="10.5385394">
      <ele>425.0</ele>
      <time>2026-08-15T17:47:46.991+02:00</time>
      <extensions>
        <activity type="IN_VEHICLE" conf="97" state="moving" tsMs="1786808864837"/>
        <radio op="vodafone IT" rat="LTE" q="12.00" rsrp="-101" sinr="0" rsrq="-10"/>
        <radio op="I TIM" rat="LTE" q="13.00" rsrp="-112" sinr="5" rsrq="-12"/>
      </extensions>
    </trkpt>
    <trkpt lat="45.8219166" lon="10.5373307">
      <ele>427.0</ele>
      <time>2026-08-15T17:47:56.991+02:00</time>
      <extensions>
        <activity type="IN_VEHICLE" conf="97" state="moving" tsMs="1786808875511"/>
        <radio op="vodafone IT" rat="LTE" q="15.00" rsrp="-95" sinr="0" rsrq="-11"/>
        <radio op="I TIM" rat="LTE" q="27.30" rsrp="-104" sinr="8" rsrq="-12"/>
      </extensions>
    </trkpt>
    <trkpt lat="45.822807" lon="10.5364332">
      <ele>429.0</ele>
      <time>2026-08-15T17:48:06.99+02:00</time>
      <extensions>
        <activity type="IN_VEHICLE" conf="97" state="moving" tsMs="1786808884870"/>
        <radio op="vodafone IT" rat="LTE" q="25.90" rsrp="-88" sinr="2" rsrq="-10"/>
        <radio op="I TIM" rat="LTE" rsrp="-111" rsrq="-12"/>
      </extensions>
    </trkpt>
    <trkpt lat="45.8234277" lon="10.5350859">
      <ele>430.0</ele>
      <time>2026-08-15T17:48:16.99+02:00</time>
      <extensions>
        <activity type="IN_VEHICLE" conf="97" state="moving" tsMs="1786808895578"/>
        <radio op="vodafone IT" rat="LTE" q="50.70" rsrp="-86" sinr="8" rsrq="-9"/>
        <radio op="I TIM" rat="LTE" rsrp="-109" rsrq="-15"/>
      </extensions>
    </trkpt>
    <trkpt lat="45.8238011" lon="10.5334801">
      <ele>434.0</ele>
      <time>2026-08-15T17:48:26.99+02:00</time>
      <extensions>
        <activity type="IN_VEHICLE" conf="97" state="moving" tsMs="1786808905655"/>
        <radio op="vodafone IT" rat="LTE" q="35.10" rsrp="-86" sinr="4" rsrq="-8"/>
        <radio op="I TIM" rat="LTE" q="12.60" rsrp="-111" sinr="4" rsrq="-10"/>
      </extensions>
    </trkpt>
    <trkpt lat="45.8244839" lon="10.5320277">
      <ele>432.0</ele>
      <time>2026-08-15T17:48:37.991+02:00</time>
      <extensions>
        <activity type="IN_VEHICLE" conf="97" state="moving" tsMs="1786808916422"/>
        <radio op="vodafone IT" rat="LTE" q="60.00" rsrp="-85" sinr="10" rsrq="-10"/>
        <radio op="I TIM" rat="LTE" q="22.40" rsrp="-109" sinr="9" rsrq="-8"/>
      </extensions>
    </trkpt>
    <trkpt lat="45.8252556" lon="10.5310292">
      <ele>433.4000244140625</ele>
      <time>2026-08-15T17:48:47.99+02:00</time>
      <extensions>
        <activity type="IN_VEHICLE" conf="97" state="moving" tsMs="1786808925952"/>
        <radio op="vodafone IT" rat="LTE" q="80.00" rsrp="-83" sinr="15" rsrq="-7"/>
        <radio op="I TIM" rat="LTE" q="20.80" rsrp="-109" sinr="8" rsrq="-10"/>
      </extensions>
    </trkpt>
    <trkpt lat="45.825244" lon="10.5305983">
      <ele>433.4000244140625</ele>
      <time>2026-08-15T17:48:57.99+02:00</time>
      <extensions>
        <activity type="IN_VEHICLE" conf="98" state="moving" tsMs="1786808936643"/>
        <radio op="vodafone IT" rat="LTE" rsrp="-91" rsrq="-8"/>
        <radio op="I TIM" rat="LTE" q="36.00" rsrp="-105" sinr="13" rsrq="-9"/>
      </extensions>
    </trkpt>
    <trkpt lat="45.8246414" lon="10.5298878">
      <ele>437.0</ele>
      <time>2026-08-15T17:49:07.99+02:00</time>
      <extensions>
        <activity type="IN_VEHICLE" conf="97" state="moving" tsMs="1786808946513"/>
        <radio op="vodafone IT" rat="LTE" q="9.00" rsrp="-110" sinr="1" rsrq="-10"/>
        <radio op="I TIM" rat="LTE" q="18.00" rsrp="-107" sinr="5" rsrq="-9"/>
      </extensions>
    </trkpt>
    <trkpt lat="45.823527" lon="10.5291893">
      <ele>437.0</ele>
      <time>2026-08-15T17:49:17.991+02:00</time>
      <extensions>
        <activity type="IN_VEHICLE" conf="97" state="moving" tsMs="1786808957218"/>
        <radio op="vodafone IT" rat="LTE" q="38.40" rsrp="-101" sinr="11" rsrq="-7"/>
        <radio op="I TIM" rat="LTE" rsrp="-106" rsrq="-11"/>
      </extensions>
    </trkpt>
    <trkpt lat="45.8222169" lon="10.5281365">
      <ele>431.6000061035156</ele>
      <time>2026-08-15T17:49:27.991+02:00</time>
      <extensions>
        <activity type="IN_VEHICLE" conf="97" state="moving" tsMs="1786808966861"/>
        <radio op="vodafone IT" rat="LTE" q="20.00" rsrp="-100" sinr="3" rsrq="-11"/>
        <radio op="I TIM" rat="LTE" rsrp="-112" rsrq="-15"/>
      </extensions>
    </trkpt>
    <trkpt lat="45.8211969" lon="10.5270588">
      <ele>431.6000061035156</ele>
      <time>2026-08-15T17:49:37.991+02:00</time>
      <extensions>
        <activity type="IN_VEHICLE" conf="97" state="moving" tsMs="1786808977581"/>
        <radio op="vodafone IT" rat="LTE" rsrp="-104" rsrq="-16"/>
        <radio op="I TIM" rat="LTE" rsrp="-122" rsrq="-19"/>
      </extensions>
    </trkpt>
    <trkpt lat="45.8203606" lon="10.5256982">
      <ele>428.4000244140625</ele>
      <time>2026-08-15T17:49:47.99+02:00</time>
      <extensions>
        <activity type="IN_VEHICLE" conf="97" state="moving" tsMs="1786808987634"/>
        <radio op="vodafone IT" rat="LTE" q="45.50" rsrp="-90" sinr="8" rsrq="-12"/>
        <radio op="I TIM" rat="LTE" rsrp="-107" rsrq="-16"/>
      </extensions>
    </trkpt>
    <trkpt lat="45.8195582" lon="10.5242771">
      <ele>428.4000244140625</ele>
      <time>2026-08-15T17:49:57.991+02:00</time>
      <extensions>
        <activity type="IN_VEHICLE" conf="97" state="moving" tsMs="1786808998374"/>
        <radio op="vodafone IT" rat="LTE" q="21.60" rsrp="-98" sinr="3" rsrq="-12"/>
        <radio op="I TIM" rat="LTE" rsrp="-110" rsrq="-13"/>
      </extensions>
    </trkpt>
    <trkpt lat="45.8186964" lon="10.5228717">
      <ele>426.3000183105469</ele>
      <time>2026-08-15T17:50:08.99+02:00</time>
      <extensions>
        <activity type="IN_VEHICLE" conf="97" state="moving" tsMs="1786809008218"/>
        <radio op="vodafone IT" rat="LTE" rsrp="-103" rsrq="-14"/>
        <radio op="I TIM" rat="LTE" q="7.20" rsrp="-113" sinr="1" rsrq="-13"/>
      </extensions>
    </trkpt>
    <trkpt lat="45.8178073" lon="10.5217643">
      <ele>426.3000183105469</ele>
      <time>2026-08-15T17:50:18.99+02:00</time>
      <extensions>
        <activity type="IN_VEHICLE" conf="97" state="moving" tsMs="1786809018912"/>
        <radio op="vodafone IT" rat="LTE" q="57.80" rsrp="-91" sinr="12" rsrq="-10"/>
        <radio op="I TIM" rat="LTE" q="5.50" rsrp="-114" sinr="0" rsrq="-15"/>
      </extensions>
    </trkpt>
    <trkpt lat="45.8169196" lon="10.5203173">
      <ele>426.3000183105469</ele>
      <time>2026-08-15T17:50:28.99+02:00</time>
      <extensions>
        <activity type="IN_VEHICLE" conf="97" state="moving" tsMs="1786809028893"/>
        <radio op="vodafone IT" rat="LTE" q="36.40" rsrp="-97" sinr="8" rsrq="-11"/>
        <radio op="I TIM" rat="LTE" rsrp="-120" rsrq="-18"/>
      </extensions>
    </trkpt>
    <trkpt lat="45.8157479" lon="10.5192016">
      <ele>426.3000183105469</ele>
      <time>2026-08-15T17:50:38.991+02:00</time>
      <extensions>
        <activity type="IN_VEHICLE" conf="97" state="moving" tsMs="1786809034261"/>
        <radio op="vodafone IT" rat="LTE" q="74.10" rsrp="-86" sinr="14" rsrq="-12"/>
        <radio op="I TIM" rat="LTE" rsrp="-104" rsrq="-16"/>
      </extensions>
    </trkpt>
    <trkpt lat="45.8146999" lon="10.5180395">
      <ele>426.3000183105469</ele>
      <time>2026-08-15T17:50:48.99+02:00</time>
      <extensions>
        <activity type="IN_VEHICLE" conf="97" state="moving" tsMs="1786809048876"/>
        <radio op="vodafone IT" rat="LTE" q="81.90" rsrp="-86" sinr="16" rsrq="-10"/>
        <radio op="I TIM" rat="LTE" q="10.50" rsrp="-104" sinr="0" rsrq="-13"/>
      </extensions>
    </trkpt>
    <trkpt lat="45.8135656" lon="10.5167599">
      <ele>426.3000183105469</ele>
      <time>2026-08-15T17:50:58.991+02:00</time>
      <extensions>
        <activity type="IN_VEHICLE" conf="97" state="moving" tsMs="1786809059575"/>
        <radio op="vodafone IT" rat="LTE" q="33.60" rsrp="-97" sinr="7" rsrq="-11"/>
        <radio op="I TIM" rat="LTE" rsrp="-101" rsrq="-13"/>
      </extensions>
    </trkpt>
    <trkpt lat="45.8125951" lon="10.5150244">
      <ele>467.0</ele>
      <time>2026-08-15T17:51:08.99+02:00</time>
      <extensions>
        <activity type="IN_VEHICLE" conf="97" state="moving" tsMs="1786809069543"/>
        <radio op="vodafone IT" rat="LTE" q="11.20" rsrp="-111" sinr="3" rsrq="-13"/>
        <radio op="I TIM" rat="LTE" rsrp="-122" rsrq="-16"/>
      </extensions>
    </trkpt>
    <trkpt lat="45.8112913" lon="10.5134683">
      <ele>471.0</ele>
      <time>2026-08-15T17:51:18.99+02:00</time>
      <extensions>
        <activity type="IN_VEHICLE" conf="97" state="moving" tsMs="1786809074855"/>
        <radio op="vodafone IT" rat="LTE" q="23.10" rsrp="-104" sinr="6" rsrq="-12"/>
        <radio op="I TIM" rat="LTE" rsrp="-109" rsrq="-12"/>
      </extensions>
    </trkpt>
    <trkpt lat="45.8100969" lon="10.5119098">
      <ele>481.0</ele>
      <time>2026-08-15T17:51:28.991+02:00</time>
      <extensions>
        <activity type="IN_VEHICLE" conf="97" state="moving" tsMs="1786809089720"/>
        <radio op="vodafone IT" rat="LTE" q="24.00" rsrp="-101" sinr="5" rsrq="-13"/>
        <radio op="I TIM" rat="LTE" q="15.30" rsrp="-108" sinr="4" rsrq="-13"/>
      </extensions>
    </trkpt>
    <trkpt lat="45.8089985" lon="10.510024">
      <ele>490.0</ele>
      <time>2026-08-15T17:51:39.991+02:00</time>
      <extensions>
        <activity type="IN_VEHICLE" conf="97" state="moving" tsMs="1786809095077"/>
        <radio op="vodafone IT" rat="LTE" q="6.50" rsrp="-112" sinr="0" rsrq="-14"/>
        <radio op="I TIM" rat="LTE" rsrp="-118" rsrq="-16"/>
      </extensions>
    </trkpt>
    <trkpt lat="45.8076387" lon="10.5084352">
      <ele>486.0</ele>
      <time>2026-08-15T17:51:49.99+02:00</time>
      <extensions>
        <activity type="IN_VEHICLE" conf="96" state="moving" tsMs="1786809105034"/>
        <radio op="vodafone IT" rat="LTE" q="9.80" rsrp="-111" sinr="2" rsrq="-15"/>
        <radio op="I TIM" rat="LTE" q="12.60" rsrp="-107" sinr="2" rsrq="-12"/>
      </extensions>
    </trkpt>
    <trkpt lat="45.8067828" lon="10.5073811">
      <ele>481.0</ele>
      <time>2026-08-15T17:51:59.991+02:00</time>
      <extensions>
        <activity type="IN_VEHICLE" conf="97" state="moving" tsMs="1786809115832"/>
        <radio op="vodafone IT" rat="LTE" rsrp="-114" rsrq="-14"/>
        <radio op="I TIM" rat="LTE" rsrp="-115" rsrq="-8"/>
      </extensions>
    </trkpt>
    <trkpt lat="45.8054114" lon="10.5066634">
      <ele>477.0</ele>
      <time>2026-08-15T17:52:09.99+02:00</time>
      <extensions>
        <activity type="IN_VEHICLE" conf="97" state="moving" tsMs="1786809125762"/>
        <radio op="vodafone IT" rat="LTE" q="35.20" rsrp="-103" sinr="11" rsrq="-12"/>
        <radio op="I TIM" rat="LTE" rsrp="-110" rsrq="-13"/>
      </extensions>
    </trkpt>
    <trkpt lat="45.8038789" lon="10.5062325">
      <ele>469.0</ele>
      <time>2026-08-15T17:52:19.991+02:00</time>
      <extensions>
        <activity type="IN_VEHICLE" conf="97" state="moving" tsMs="1786809136506"/>
        <radio op="vodafone IT" rat="LTE" q="6.00" rsrp="-115" sinr="1" rsrq="-15"/>
        <radio op="I TIM" rat="LTE" q="22.40" rsrp="-111" sinr="11" rsrq="-8"/>
      </extensions>
    </trkpt>
    <trkpt lat="45.8024199" lon="10.5054243">
      <ele>468.0</ele>
      <time>2026-08-15T17:52:29.991+02:00</time>
      <extensions>
        <activity type="IN_VEHICLE" conf="97" state="moving" tsMs="1786809146499"/>
        <radio op="vodafone IT" rat="LTE" q="30.00" rsrp="-100" sinr="7" rsrq="-8"/>
        <radio op="I TIM" rat="LTE" rsrp="-111" rsrq="-7"/>
      </extensions>
    </trkpt>
    <trkpt lat="45.8013086" lon="10.5047299">
      <ele>469.0</ele>
      <time>2026-08-15T17:52:39.991+02:00</time>
      <extensions>
        <activity type="IN_VEHICLE" conf="97" state="moving" tsMs="1786809157241"/>
        <radio op="vodafone IT" rat="LTE" q="33.00" rsrp="-103" sinr="10" rsrq="-10"/>
        <radio op="I TIM" rat="LTE" q="11.40" rsrp="-106" sinr="1" rsrq="-12"/>
      </extensions>
    </trkpt>
    <trkpt lat="45.800267" lon="10.5039962">
      <ele>477.0</ele>
      <time>2026-08-15T17:52:49.991+02:00</time>
      <extensions>
        <activity type="IN_VEHICLE" conf="97" state="moving" tsMs="1786809166667"/>
        <radio op="vodafone IT" rat="LTE" rsrp="-110" rsrq="-15"/>
        <radio op="I TIM" rat="LTE" rsrp="-112" rsrq="-16"/>
      </extensions>
    </trkpt>
    <trkpt lat="45.7996836" lon="10.5033575">
      <ele>482.0</ele>
      <time>2026-08-15T17:52:59.99+02:00</time>
      <extensions>
        <activity type="IN_VEHICLE" conf="97" state="moving" tsMs="1786809177408"/>
        <radio op="vodafone IT" rat="LTE" q="22.50" rsrp="-100" sinr="4" rsrq="-11"/>
        <radio op="I TIM" rat="LTE" q="23.80" rsrp="-108" sinr="9" rsrq="-14"/>
      </extensions>
    </trkpt>
    <trkpt lat="45.7990973" lon="10.5043135">
      <ele>485.0</ele>
      <time>2026-08-15T17:53:09.991+02:00</time>
      <extensions>
        <activity type="IN_VEHICLE" conf="97" state="moving" tsMs="1786809187340"/>
        <radio op="vodafone IT" rat="LTE" q="37.80" rsrp="-98" sinr="9" rsrq="-11"/>
        <radio op="I TIM" rat="LTE" q="20.90" rsrp="-106" sinr="6" rsrq="-13"/>
      </extensions>
    </trkpt>
    <trkpt lat="45.7980058" lon="10.5038633">
      <ele>489.0</ele>
      <time>2026-08-15T17:53:20.99+02:00</time>
      <extensions>
        <activity type="IN_VEHICLE" conf="97" state="moving" tsMs="1786809198075"/>
        <radio op="vodafone IT" rat="LTE" q="36.40" rsrp="-97" sinr="8" rsrq="-11"/>
        <radio op="I TIM" rat="LTE" q="14.70" rsrp="-104" sinr="2" rsrq="-13"/>
      </extensions>
    </trkpt>
    <trkpt lat="45.797109" lon="10.5031319">
      <ele>493.8000183105469</ele>
      <time>2026-08-15T17:53:30.99+02:00</time>
      <extensions>
        <activity type="IN_VEHICLE" conf="97" state="moving" tsMs="1786809208091"/>
        <radio op="vodafone IT" rat="LTE" rsrp="-109" rsrq="-15"/>
        <radio op="I TIM" rat="LTE" rsrp="-110" rsrq="-16"/>
      </extensions>
    </trkpt>
    <trkpt lat="45.7964512" lon="10.5018925">
      <ele>493.8000183105469</ele>
      <time>2026-08-15T17:53:40.99+02:00</time>
      <extensions>
        <activity type="IN_VEHICLE" conf="97" state="moving" tsMs="1786809218849"/>
        <radio op="vodafone IT" rat="LTE" rsrp="-120" rsrq="-14"/>
        <radio op="I TIM" rat="LTE" q="12.00" rsrp="-110" sinr="3" rsrq="-11"/>
      </extensions>
    </trkpt>
    <trkpt lat="45.7953233" lon="10.5014755">
      <ele>489.7506457191325</ele>
      <time>2026-08-15T17:53:50.991+02:00</time>
      <extensions>
        <activity type="IN_VEHICLE" conf="97" state="moving" tsMs="1786809228228"/>
        <radio op="vodafone IT" rat="LTE" rsrp="-120" rsrq="-17"/>
        <radio op="I TIM" rat="LTE" q="16.80" rsrp="-113" sinr="9" rsrq="-10"/>
      </extensions>
    </trkpt>
    <trkpt lat="45.7943731" lon="10.5009418">
      <ele>493.8000183105469</ele>
      <time>2026-08-15T17:54:00.991+02:00</time>
      <extensions>
        <activity type="IN_VEHICLE" conf="97" state="moving" tsMs="1786809238899"/>
        <radio op="vodafone IT" rat="LTE" rsrp="-115" rsrq="-16"/>
        <radio op="I TIM" rat="LTE" q="15.60" rsrp="-113" sinr="8" rsrq="-10"/>
      </extensions>
    </trkpt>
    <trkpt lat="45.7930094" lon="10.5006485">
      <ele>482.75764666438266</ele>
      <time>2026-08-15T17:54:10.989+02:00</time>
      <extensions>
        <activity type="IN_VEHICLE" conf="97" state="moving" tsMs="1786809248241"/>
        <radio op="vodafone IT" rat="LTE" q="17.00" rsrp="-108" sinr="5" rsrq="-13"/>
        <radio op="I TIM" rat="LTE" q="6.50" rsrp="-112" sinr="0" rsrq="-9"/>
      </extensions>
    </trkpt>
    <trkpt lat="45.7918886" lon="10.4996799">
      <ele>493.8000183105469</ele>
      <time>2026-08-15T17:54:20.99+02:00</time>
      <extensions>
        <activity type="IN_VEHICLE" conf="97" state="moving" tsMs="1786809258958"/>
        <radio op="vodafone IT" rat="LTE" rsrp="-116" rsrq="-16"/>
        <radio op="I TIM" rat="LTE" q="19.20" rsrp="-113" sinr="11" rsrq="-11"/>
      </extensions>
    </trkpt>
    <trkpt lat="45.7908133" lon="10.5001358">
      <ele>472.2396733831862</ele>
      <time>2026-08-15T17:54:30.99+02:00</time>
      <extensions>
        <activity type="IN_VEHICLE" conf="97" state="moving" tsMs="1786809268967"/>
        <radio op="vodafone IT" rat="LTE" rsrp="-114" rsrq="-16"/>
        <radio op="I TIM" rat="LTE" q="10.20" rsrp="-108" sinr="1" rsrq="-16"/>
      </extensions>
    </trkpt>
    <trkpt lat="45.7894285" lon="10.500149">
      <ele>493.8000183105469</ele>
      <time>2026-08-15T17:54:40.99+02:00</time>
      <extensions>
        <activity type="IN_VEHICLE" conf="97" state="moving" tsMs="1786809279721"/>
        <radio op="vodafone IT" rat="LTE" q="17.10" rsrp="-106" sinr="4" rsrq="-14"/>
        <radio op="I TIM" rat="LTE" q="18.00" rsrp="-107" sinr="5" rsrq="-14"/>
      </extensions>
    </trkpt>
    <trkpt lat="45.7880401" lon="10.5006356">
      <ele>459.5465093709468</ele>
      <time>2026-08-15T17:54:51.99+02:00</time>
      <extensions>
        <activity type="IN_VEHICLE" conf="97" state="moving" tsMs="1786809289353"/>
        <radio op="vodafone IT" rat="LTE" q="20.30" rsrp="-96" sinr="2" rsrq="-13"/>
        <radio op="I TIM" rat="LTE" q="16.80" rsrp="-104" sinr="3" rsrq="-13"/>
      </extensions>
    </trkpt>
    <trkpt lat="45.7866206" lon="10.5010423">
      <ele>449.0</ele>
      <time>2026-08-15T17:55:01.989+02:00</time>
      <extensions>
        <activity type="IN_VEHICLE" conf="97" state="moving" tsMs="1786809300022"/>
        <radio op="vodafone IT" rat="LTE" q="14.40" rsrp="-109" sinr="4" rsrq="-14"/>
        <radio op="I TIM" rat="LTE" rsrp="-106" rsrq="-13"/>
      </extensions>
    </trkpt>
    <trkpt lat="45.7851804" lon="10.5009547">
      <ele>447.6089321080141</ele>
      <time>2026-08-15T17:55:11.99+02:00</time>
      <extensions>
        <activity type="IN_VEHICLE" conf="97" state="moving" tsMs="1786809309366"/>
        <radio op="vodafone IT" rat="LTE" q="10.80" rsrp="-107" sinr="1" rsrq="-15"/>
        <radio op="I TIM" rat="LTE" rsrp="-108" rsrq="-13"/>
      </extensions>
    </trkpt>
    <trkpt lat="45.7840203" lon="10.5006297">
      <ele>441.0</ele>
      <time>2026-08-15T17:55:21.99+02:00</time>
      <extensions>
        <activity type="IN_VEHICLE" conf="97" state="moving" tsMs="1786809320077"/>
        <radio op="vodafone IT" rat="LTE" rsrp="-109" rsrq="-15"/>
        <radio op="I TIM" rat="LTE" rsrp="-115" rsrq="-17"/>
      </extensions>
    </trkpt>
    <trkpt lat="45.7832335" lon="10.5017281">
      <ele>443.6067004656895</ele>
      <time>2026-08-15T17:55:31.989+02:00</time>
      <extensions>
        <activity type="IN_VEHICLE" conf="97" state="moving" tsMs="1786809329805"/>
        <radio op="vodafone IT" rat="LTE" q="17.60" rsrp="-109" sinr="6" rsrq="-13"/>
        <radio op="I TIM" rat="LTE" q="7.50" rsrp="-110" sinr="0" rsrq="-15"/>
      </extensions>
    </trkpt>
    <trkpt lat="45.7822008" lon="10.5026001">
      <ele>441.0</ele>
      <time>2026-08-15T17:55:41.99+02:00</time>
      <extensions>
        <activity type="IN_VEHICLE" conf="97" state="moving" tsMs="1786809340524"/>
        <radio op="vodafone IT" rat="LTE" rsrp="-109" rsrq="-14"/>
        <radio op="I TIM" rat="LTE" rsrp="-112" rsrq="-15"/>
      </extensions>
    </trkpt>
    <trkpt lat="45.7810097" lon="10.5031436">
      <ele>442.09036941918987</ele>
      <time>2026-08-15T17:55:51.99+02:00</time>
      <extensions>
        <activity type="IN_VEHICLE" conf="97" state="moving" tsMs="1786809350270"/>
        <radio op="vodafone IT" rat="LTE" rsrp="-112" rsrq="-14"/>
        <radio op="I TIM" rat="LTE" rsrp="-121" rsrq="-15"/>
      </extensions>
    </trkpt>
    <trkpt lat="45.7798543" lon="10.50338">
      <ele>442.4412679706206</ele>
      <time>2026-08-15T17:56:01.989+02:00</time>
      <extensions>
        <activity type="IN_VEHICLE" conf="97" state="moving" tsMs="1786809360985"/>
        <radio op="vodafone IT" rat="LTE" q="11.00" rsrp="-103" sinr="0" rsrq="-14"/>
        <radio op="I TIM" rat="LTE" rsrp="-116" rsrq="-15"/>
      </extensions>
    </trkpt>
    <trkpt lat="45.7788261" lon="10.5033672">
      <ele>439.27720045006555</ele>
      <time>2026-08-15T17:56:11.99+02:00</time>
      <extensions>
        <activity type="IN_VEHICLE" conf="97" state="moving" tsMs="1786809370284"/>
        <radio op="vodafone IT" rat="LTE" rsrp="-111" rsrq="-15"/>
        <radio op="I TIM" rat="LTE" rsrp="-112" rsrq="-14"/>
      </extensions>
    </trkpt>
    <trkpt lat="45.7776017" lon="10.503244">
      <ele>434.0</ele>
      <time>2026-08-15T17:56:22.99+02:00</time>
      <extensions>
        <activity type="IN_VEHICLE" conf="97" state="moving" tsMs="1786809380923"/>
        <radio op="vodafone IT" rat="LTE" q="7.50" rsrp="-110" sinr="0" rsrq="-14"/>
        <radio op="I TIM" rat="LTE" rsrp="-114" rsrq="-14"/>
      </extensions>
    </trkpt>
    <trkpt lat="45.7764485" lon="10.5037714">
      <ele>436.5104077019076</ele>
      <time>2026-08-15T17:56:32.989+02:00</time>
      <extensions>
        <activity type="IN_VEHICLE" conf="97" state="moving" tsMs="1786809390756"/>
        <radio op="vodafone IT" rat="LTE" q="11.00" rsrp="-103" sinr="0" rsrq="-14"/>
        <radio op="I TIM" rat="LTE" rsrp="-111" rsrq="-14"/>
      </extensions>
    </trkpt>
    <trkpt lat="45.7753556" lon="10.5029248">
      <ele>435.0</ele>
      <time>2026-08-15T17:56:42.989+02:00</time>
      <extensions>
        <activity type="IN_VEHICLE" conf="97" state="moving" tsMs="1786809401444"/>
        <radio op="vodafone IT" rat="LTE" rsrp="-115" rsrq="-17"/>
        <radio op="I TIM" rat="LTE" rsrp="-123" rsrq="-20"/>
      </extensions>
    </trkpt>
    <trkpt lat="45.7742403" lon="10.5023943">
      <ele>438.67795609161874</ele>
      <time>2026-08-15T17:56:52.989+02:00</time>
      <extensions>
        <activity type="IN_VEHICLE" conf="97" state="moving" tsMs="1786809411089"/>
        <radio op="vodafone IT" rat="LTE" rsrp="-116" rsrq="-16"/>
        <radio op="I TIM" rat="LTE" rsrp="-121" rsrq="-14"/>
      </extensions>
    </trkpt>
    <trkpt lat="45.7732518" lon="10.5018614">
      <ele>442.0</ele>
      <time>2026-08-15T17:57:02.99+02:00</time>
      <extensions>
        <activity type="IN_VEHICLE" conf="97" state="moving" tsMs="1786809421815"/>
        <radio op="vodafone IT" rat="LTE" rsrp="-110" rsrq="-13"/>
        <radio op="I TIM" rat="LTE" q="4.20" rsrp="-119" sinr="2" rsrq="-15"/>
      </extensions>
    </trkpt>
    <trkpt lat="45.7723858" lon="10.5007853">
      <ele>444.0</ele>
      <time>2026-08-15T17:57:12.989+02:00</time>
      <extensions>
        <activity type="IN_VEHICLE" conf="97" state="moving" tsMs="1786809431566"/>
        <radio op="vodafone IT" rat="LTE" q="16.50" rsrp="-110" sinr="6" rsrq="-13"/>
        <radio op="I TIM" rat="LTE" rsrp="-111" rsrq="-14"/>
      </extensions>
    </trkpt>
    <trkpt lat="45.7714005" lon="10.4994439">
      <ele>446.44512425207796</ele>
      <time>2026-08-15T17:57:22.989+02:00</time>
      <extensions>
        <activity type="IN_VEHICLE" conf="97" state="moving" tsMs="1786809442304"/>
        <radio op="vodafone IT" rat="LTE" q="18.00" rsrp="-110" sinr="7" rsrq="-12"/>
        <radio op="I TIM" rat="LTE" q="6.30" rsrp="-116" sinr="2" rsrq="-14"/>
      </extensions>
    </trkpt>
    <trkpt lat="45.770185" lon="10.4980906">
      <ele>449.0</ele>
      <time>2026-08-15T17:57:32.99+02:00</time>
      <extensions>
        <activity type="IN_VEHICLE" conf="97" state="moving" tsMs="1786809452362"/>
        <radio op="vodafone IT" rat="LTE" q="6.00" rsrp="-115" sinr="1" rsrq="-15"/>
        <radio op="I TIM" rat="LTE" rsrp="-115" rsrq="-14"/>
      </extensions>
    </trkpt>
    <trkpt lat="45.769248" lon="10.496714">
      <ele>448.62820391112234</ele>
      <time>2026-08-15T17:57:42.99+02:00</time>
      <extensions>
        <activity type="IN_VEHICLE" conf="97" state="moving" tsMs="1786809463082"/>
        <radio op="vodafone IT" rat="LTE" q="21.00" rsrp="-110" sinr="9" rsrq="-13"/>
        <radio op="I TIM" rat="LTE" rsrp="-117" rsrq="-14"/>
      </extensions>
    </trkpt>
    <trkpt lat="45.7688188" lon="10.4957227">
      <ele>452.0</ele>
      <time>2026-08-15T17:57:52.989+02:00</time>
      <extensions>
        <activity type="IN_VEHICLE" conf="97" state="moving" tsMs="1786809472887"/>
        <radio op="vodafone IT" rat="LTE" q="23.10" rsrp="-104" sinr="6" rsrq="-11"/>
        <radio op="I TIM" rat="LTE" q="11.20" rsrp="-111" sinr="3" rsrq="-12"/>
      </extensions>
    </trkpt>
    <trkpt lat="45.768659" lon="10.4945894">
      <ele>453.0</ele>
      <time>2026-08-15T17:58:03.99+02:00</time>
      <extensions>
        <activity type="IN_VEHICLE" conf="97" state="moving" tsMs="1786809483562"/>
        <radio op="vodafone IT" rat="LTE" q="23.80" rsrp="-108" sinr="9" rsrq="-11"/>
        <radio op="I TIM" rat="LTE" q="10.40" rsrp="-112" sinr="3" rsrq="-12"/>
      </extensions>
    </trkpt>
    <trkpt lat="45.7678031" lon="10.4931602">
      <ele>444.94554844954195</ele>
      <time>2026-08-15T17:58:13.989+02:00</time>
      <extensions>
        <activity type="IN_VEHICLE" conf="97" state="moving" tsMs="1786809493379"/>
        <radio op="vodafone IT" rat="LTE" q="22.80" rsrp="-106" sinr="7" rsrq="-12"/>
        <radio op="I TIM" rat="LTE" q="15.30" rsrp="-108" sinr="4" rsrq="-13"/>
      </extensions>
    </trkpt>
    <trkpt lat="45.7669851" lon="10.4925085">
      <ele>445.87283422856257</ele>
      <time>2026-08-15T17:58:23.99+02:00</time>
      <extensions>
        <activity type="IN_VEHICLE" conf="97" state="moving" tsMs="1786809504140"/>
        <radio op="vodafone IT" rat="LTE" rsrp="-120" rsrq="-15"/>
        <radio op="I TIM" rat="LTE" rsrp="-125" rsrq="-16"/>
      </extensions>
    </trkpt>
    <trkpt lat="45.7661446" lon="10.4919328">
      <ele>443.8000183105469</ele>
      <time>2026-08-15T17:58:33.99+02:00</time>
      <extensions>
        <activity type="IN_VEHICLE" conf="96" state="moving" tsMs="1786809514337"/>
        <radio op="vodafone IT" rat="LTE" q="4.50" rsrp="-120" sinr="4" rsrq="-14"/>
        <radio op="I TIM" rat="LTE" rsrp="-124" rsrq="-15"/>
      </extensions>
    </trkpt>
    <trkpt lat="45.7650632" lon="10.491659">
      <ele>439.2166799717954</ele>
      <time>2026-08-15T17:58:43.989+02:00</time>
      <extensions>
        <activity type="IN_VEHICLE" conf="98" state="moving" tsMs="1786809519696"/>
        <radio op="vodafone IT" rat="LTE" q="54.00" rsrp="-98" sinr="15" rsrq="-11"/>
        <radio op="I TIM" rat="LTE" q="20.00" rsrp="-105" sinr="5" rsrq="-12"/>
      </extensions>
    </trkpt>
    <trkpt lat="45.7641981" lon="10.4914005">
      <ele>443.8000183105469</ele>
      <time>2026-08-15T17:58:53.99+02:00</time>
      <extensions>
        <activity type="IN_VEHICLE" conf="97" state="moving" tsMs="1786809534345"/>
        <radio op="vodafone IT" rat="LTE" q="55.10" rsrp="-96" sinr="14" rsrq="-10"/>
        <radio op="I TIM" rat="LTE" q="22.10" rsrp="-108" sinr="8" rsrq="-13"/>
      </extensions>
    </trkpt>
    <trkpt lat="45.762995" lon="10.4909752">
      <ele>436.31755399109846</ele>
      <time>2026-08-15T17:59:03.99+02:00</time>
      <extensions>
        <activity type="IN_VEHICLE" conf="97" state="moving" tsMs="1786809539705"/>
        <radio op="vodafone IT" rat="LTE" q="55.10" rsrp="-96" sinr="14" rsrq="-11"/>
        <radio op="I TIM" rat="LTE" q="21.60" rsrp="-107" sinr="7" rsrq="-12"/>
      </extensions>
    </trkpt>
    <trkpt lat="45.7622191" lon="10.4904112">
      <ele>438.0</ele>
      <time>2026-08-15T17:59:13.989+02:00</time>
      <extensions>
        <activity type="IN_VEHICLE" conf="96" state="moving" tsMs="1786809550365"/>
        <radio op="vodafone IT" rat="LTE" q="37.50" rsrp="-100" sinr="10" rsrq="-12"/>
        <radio op="I TIM" rat="LTE" q="11.40" rsrp="-106" sinr="1" rsrq="-13"/>
      </extensions>
    </trkpt>
    <trkpt lat="45.761563" lon="10.4890613">
      <ele>441.8701514917912</ele>
      <time>2026-08-15T17:59:23.989+02:00</time>
      <extensions>
        <activity type="IN_VEHICLE" conf="96" state="moving" tsMs="1786809560167"/>
        <radio op="vodafone IT" rat="LTE" q="27.30" rsrp="-104" sinr="8" rsrq="-11"/>
        <radio op="I TIM" rat="LTE" q="16.00" rsrp="-109" sinr="5" rsrq="-13"/>
      </extensions>
    </trkpt>
    <trkpt lat="45.7613905" lon="10.4885873">
      <ele>437.9000244140625</ele>
      <time>2026-08-15T17:59:26.99+02:00</time>
      <extensions>
        <activity type="IN_VEHICLE" conf="97" state="moving" tsMs="1786809570875"/>
        <radio op="vodafone IT" rat="OTHER"/>
        <radio op="I TIM" rat="LTE" rsrp="-130" rsrq="-17"/>
      </extensions>
    </trkpt>
    <trkpt lat="45.7541255" lon="10.4810453">
      <ele>446.5318006314855</ele>
      <time>2026-08-15T18:00:29.99+02:00</time>
      <extensions>
        <activity type="IN_VEHICLE" conf="97" state="moving" tsMs="1786809627990"/>
        <radio op="vodafone IT" rat="OTHER"/>
        <radio op="I TIM" rat="LTE" rsrp="-106" rsrq="-17"/>
      </extensions>
    </trkpt>
    <trkpt lat="45.752871" lon="10.4802986">
      <ele>437.0</ele>
      <time>2026-08-15T18:00:39.989+02:00</time>
      <extensions>
        <activity type="IN_VEHICLE" conf="97" state="moving" tsMs="1786809638682"/>
        <radio op="vodafone IT" rat="OTHER"/>
        <radio op="I TIM" rat="LTE" q="17.10" rsrp="-106" sinr="4" rsrq="-12"/>
      </extensions>
    </trkpt>
    <trkpt lat="45.7515943" lon="10.4795882">
      <ele>437.0</ele>
      <time>2026-08-15T18:00:49.99+02:00</time>
      <extensions>
        <activity type="IN_VEHICLE" conf="97" state="moving" tsMs="1786809644012"/>
        <radio op="vodafone IT" rat="LTE" q="39.60" rsrp="-89" sinr="6" rsrq="-10"/>
        <radio op="I TIM" rat="LTE" q="15.40" rsrp="-103" sinr="2" rsrq="-14"/>
      </extensions>
    </trkpt>
    <trkpt lat="45.7505403" lon="10.4790482">
      <ele>439.0</ele>
      <time>2026-08-15T18:00:59.989+02:00</time>
      <extensions>
        <activity type="IN_VEHICLE" conf="97" state="moving" tsMs="1786809644012"/>
        <radio op="vodafone IT" rat="LTE" q="57.00" rsrp="-87" sinr="10" rsrq="-8"/>
        <radio op="I TIM" rat="LTE" q="28.80" rsrp="-101" sinr="7" rsrq="-14"/>
      </extensions>
    </trkpt>
    <trkpt lat="45.7491735" lon="10.4779598">
      <ele>436.0</ele>
      <time>2026-08-15T18:01:09.989+02:00</time>
      <extensions>
        <activity type="IN_VEHICLE" conf="98" state="moving" tsMs="1786809649728"/>
        <radio op="vodafone IT" rat="LTE" q="40.00" rsrp="-81" sinr="5" rsrq="-7"/>
        <radio op="I TIM" rat="LTE" q="46.50" rsrp="-94" sinr="10" rsrq="-11"/>
      </extensions>
    </trkpt>
    <trkpt lat="45.7464542" lon="10.4749814">
      <ele>432.0</ele>
      <time>2026-08-15T18:01:29.989+02:00</time>
      <extensions>
        <activity type="IN_VEHICLE" conf="94" state="moving" tsMs="1786809670171"/>
        <radio op="vodafone IT" rat="LTE" rsrp="-93" rsrq="-11"/>
        <radio op="I TIM" rat="LTE" rsrp="-113" rsrq="-24"/>
      </extensions>
    </trkpt>
    <trkpt lat="45.7453294" lon="10.4731793">
      <ele>427.0</ele>
      <time>2026-08-15T18:01:40.989+02:00</time>
      <extensions>
        <activity type="IN_VEHICLE" conf="97" state="moving" tsMs="1786809697806"/>
        <radio op="vodafone IT" rat="LTE" q="44.80" rsrp="-93" sinr="9" rsrq="-12"/>
        <radio op="I TIM" rat="LTE" q="16.00" rsrp="-109" sinr="5" rsrq="-15"/>
      </extensions>
    </trkpt>
    <trkpt lat="45.744112" lon="10.4722951">
      <ele>426.0</ele>
      <time>2026-08-15T18:01:50.988+02:00</time>
      <extensions>
        <activity type="IN_VEHICLE" conf="96" state="moving" tsMs="1786809707230"/>
        <radio op="vodafone IT" rat="LTE" q="74.00" rsrp="-88" sinr="15" rsrq="-8"/>
        <radio op="I TIM" rat="LTE" q="55.10" rsrp="-96" sinr="14" rsrq="-12"/>
      </extensions>
    </trkpt>
    <trkpt lat="45.7430125" lon="10.4711117">
      <ele>423.0</ele>
      <time>2026-08-15T18:02:00.988+02:00</time>
      <extensions>
        <activity type="IN_VEHICLE" conf="97" state="moving" tsMs="1786809717881"/>
        <radio op="vodafone IT" rat="LTE" q="53.20" rsrp="-97" sinr="14" rsrq="-10"/>
        <radio op="I TIM" rat="LTE" q="12.60" rsrp="-111" sinr="4" rsrq="-14"/>
      </extensions>
    </trkpt>
    <trkpt lat="45.741949" lon="10.4697136">
      <ele>422.0</ele>
      <time>2026-08-15T18:02:10.988+02:00</time>
      <extensions>
        <activity type="IN_VEHICLE" conf="96" state="moving" tsMs="1786809727639"/>
        <radio op="vodafone IT" rat="LTE" q="26.40" rsrp="-103" sinr="7" rsrq="-13"/>
        <radio op="I TIM" rat="LTE" q="3.00" rsrp="-119" sinr="0" rsrq="-16"/>
      </extensions>
    </trkpt>
    <trkpt lat="45.7406908" lon="10.4684035">
      <ele>422.0</ele>
      <time>2026-08-15T18:02:20.988+02:00</time>
      <extensions>
        <activity type="IN_VEHICLE" conf="97" state="moving" tsMs="1786809738331"/>
        <radio op="vodafone IT" rat="LTE" rsrp="-110" rsrq="-16"/>
        <radio op="I TIM" rat="LTE" rsrp="-118" rsrq="-14"/>
      </extensions>
    </trkpt>
    <trkpt lat="45.7403678" lon="10.4664909">
      <ele>419.0</ele>
      <time>2026-08-15T18:02:30.988+02:00</time>
      <extensions>
        <activity type="IN_VEHICLE" conf="97" state="moving" tsMs="1786809748054"/>
        <radio op="vodafone IT" rat="LTE" q="4.50" rsrp="-116" sinr="0" rsrq="-18"/>
        <radio op="I TIM" rat="LTE" q="6.60" rsrp="-114" sinr="1" rsrq="-16"/>
      </extensions>
    </trkpt>
    <trkpt lat="45.7396367" lon="10.4649247">
      <ele>423.0</ele>
      <time>2026-08-15T18:02:40.989+02:00</time>
      <extensions>
        <activity type="IN_VEHICLE" conf="97" state="moving" tsMs="1786809758862"/>
        <radio op="vodafone IT" rat="LTE" q="5.00" rsrp="-115" sinr="0" rsrq="-17"/>
        <radio op="I TIM" rat="LTE" q="7.20" rsrp="-113" sinr="1" rsrq="-17"/>
      </extensions>
    </trkpt>
    <trkpt lat="45.7390202" lon="10.4632007">
      <ele>420.0</ele>
      <time>2026-08-15T18:02:50.989+02:00</time>
      <extensions>
        <activity type="IN_VEHICLE" conf="97" state="moving" tsMs="1786809768729"/>
        <radio op="vodafone IT" rat="LTE" q="6.00" rsrp="-113" sinr="0" rsrq="-14"/>
        <radio op="I TIM" rat="LTE" q="9.80" rsrp="-111" sinr="2" rsrq="-17"/>
      </extensions>
    </trkpt>
    <trkpt lat="45.7380029" lon="10.4621439">
      <ele>419.0</ele>
      <time>2026-08-15T18:03:00.989+02:00</time>
      <extensions>
        <activity type="IN_VEHICLE" conf="97" state="moving" tsMs="1786809774071"/>
        <radio op="vodafone IT" rat="LTE" q="12.80" rsrp="-109" sinr="3" rsrq="-12"/>
        <radio op="I TIM" rat="LTE" q="9.80" rsrp="-111" sinr="2" rsrq="-16"/>
      </extensions>
    </trkpt>
    <trkpt lat="45.7369292" lon="10.4618631">
      <ele>421.0</ele>
      <time>2026-08-15T18:03:10.988+02:00</time>
      <extensions>
        <activity type="IN_VEHICLE" conf="97" state="moving" tsMs="1786809791786"/>
        <radio op="vodafone IT" rat="LTE" q="11.40" rsrp="-106" sinr="1" rsrq="-13"/>
        <radio op="I TIM" rat="LTE" q="11.40" rsrp="-106" sinr="1" rsrq="-14"/>
      </extensions>
    </trkpt>
    <trkpt lat="45.7360667" lon="10.4612966">
      <ele>419.0</ele>
      <time>2026-08-15T18:03:21.988+02:00</time>
      <extensions>
        <activity type="IN_VEHICLE" conf="97" state="moving" tsMs="1786809791786"/>
        <radio op="vodafone IT" rat="LTE" rsrp="-115" rsrq="-18"/>
        <radio op="I TIM" rat="LTE" rsrp="-107" rsrq="-14"/>
      </extensions>
    </trkpt>
    <trkpt lat="45.7355799" lon="10.4599581">
      <ele>421.0</ele>
      <time>2026-08-15T18:03:31.988+02:00</time>
      <extensions>
        <activity type="IN_VEHICLE" conf="97" state="moving" tsMs="1786809812148"/>
        <radio op="vodafone IT" rat="LTE" rsrp="-113" rsrq="-13"/>
        <radio op="I TIM" rat="LTE" rsrp="-108" rsrq="-14"/>
      </extensions>
    </trkpt>
    <trkpt lat="45.7351848" lon="10.4592875">
      <ele>422.0</ele>
      <time>2026-08-15T18:03:41.989+02:00</time>
      <extensions>
        <activity type="IN_VEHICLE" conf="98" state="moving" tsMs="1786809820806"/>
        <radio op="vodafone IT" rat="LTE" rsrp="-117" rsrq="-14"/>
        <radio op="I TIM" rat="LTE" q="12.60" rsrp="-107" sinr="2" rsrq="-14"/>
      </extensions>
    </trkpt>
    <trkpt lat="45.7346546" lon="10.4583575">
      <ele>422.0</ele>
      <time>2026-08-15T18:03:51.988+02:00</time>
      <extensions>
        <activity type="IN_VEHICLE" conf="96" state="moving" tsMs="1786809831485"/>
        <radio op="vodafone IT" rat="LTE" rsrp="-118" rsrq="-16"/>
        <radio op="I TIM" rat="LTE" q="7.70" rsrp="-114" sinr="2" rsrq="-15"/>
      </extensions>
    </trkpt>
    <trkpt lat="45.7343691" lon="10.4576754">
      <ele>423.0</ele>
      <time>2026-08-15T18:04:01.988+02:00</time>
      <extensions>
        <activity type="IN_VEHICLE" conf="96" state="moving" tsMs="1786809841295"/>
        <radio op="vodafone IT" rat="LTE" q="8.40" rsrp="-113" sinr="2" rsrq="-12"/>
        <radio op="I TIM" rat="LTE" q="9.80" rsrp="-111" sinr="2" rsrq="-13"/>
      </extensions>
    </trkpt>
    <trkpt lat="45.7338458" lon="10.4560718">
      <ele>421.0</ele>
      <time>2026-08-15T18:04:11.988+02:00</time>
      <extensions>
        <activity type="IN_VEHICLE" conf="98" state="moving" tsMs="1786809851950"/>
        <radio op="vodafone IT" rat="LTE" q="13.00" rsrp="-112" sinr="5" rsrq="-13"/>
        <radio op="I TIM" rat="LTE" q="14.40" rsrp="-109" sinr="4" rsrq="-14"/>
      </extensions>
    </trkpt>
    <trkpt lat="45.7337461" lon="10.4544141">
      <ele>423.0</ele>
      <time>2026-08-15T18:04:21.988+02:00</time>
      <extensions>
        <activity type="IN_VEHICLE" conf="97" state="moving" tsMs="1786809861302"/>
        <radio op="vodafone IT" rat="LTE" rsrp="-121" rsrq="-16"/>
        <radio op="I TIM" rat="LTE" rsrp="-113" rsrq="-15"/>
      </extensions>
    </trkpt>
    <trkpt lat="45.7345532" lon="10.4529602">
      <ele>420.0</ele>
      <time>2026-08-15T18:04:31.988+02:00</time>
      <extensions>
        <activity type="IN_VEHICLE" conf="97" state="moving" tsMs="1786809872007"/>
        <radio op="vodafone IT" rat="LTE" rsrp="-131" rsrq="-20"/>
        <radio op="I TIM" rat="LTE" rsrp="-130" rsrq="-19"/>
      </extensions>
    </trkpt>
    <trkpt lat="45.7352943" lon="10.4515013">
      <ele>417.0</ele>
      <time>2026-08-15T18:04:41.989+02:00</time>
      <extensions>
        <activity type="IN_VEHICLE" conf="97" state="moving" tsMs="1786809881926"/>
        <radio op="vodafone IT" rat="LTE" rsrp="-131" rsrq="-20"/>
        <radio op="I TIM" rat="LTE" rsrp="-133" rsrq="-19"/>
      </extensions>
    </trkpt>
    <trkpt lat="45.7350525" lon="10.4501451">
      <ele>412.0</ele>
      <time>2026-08-15T18:04:51.988+02:00</time>
      <extensions>
        <activity type="IN_VEHICLE" conf="97" state="moving" tsMs="1786809892628"/>
        <radio op="vodafone IT" rat="LTE" rsrp="-131" rsrq="-20"/>
        <radio op="I TIM" rat="LTE" rsrq="-20"/>
      </extensions>
    </trkpt>
    <trkpt lat="45.7355282" lon="10.4484422">
      <ele>410.0</ele>
      <time>2026-08-15T18:05:02.989+02:00</time>
      <extensions>
        <activity type="IN_VEHICLE" conf="97" state="moving" tsMs="1786809902412"/>
        <radio op="vodafone IT" rat="LTE" rsrp="-131" rsrq="-20"/>
        <radio op="I TIM" rat="LTE" rsrp="-128" rsrq="-17"/>
      </extensions>
    </trkpt>
    <trkpt lat="45.7365092" lon="10.447411">
      <ele>409.0</ele>
      <time>2026-08-15T18:05:12.989+02:00</time>
      <extensions>
        <activity type="IN_VEHICLE" conf="97" state="moving" tsMs="1786809907788"/>
        <radio op="vodafone IT" rat="LTE" rsrp="-127" rsrq="-15"/>
        <radio op="I TIM" rat="LTE" rsrp="-125" rsrq="-18"/>
      </extensions>
    </trkpt>
    <trkpt lat="45.7376765" lon="10.4465609">
      <ele>408.0</ele>
      <time>2026-08-15T18:05:22.988+02:00</time>
      <extensions>
        <activity type="IN_VEHICLE" conf="98" state="moving" tsMs="1786809922909"/>
        <radio op="vodafone IT" rat="LTE" rsrp="-128" rsrq="-15"/>
        <radio op="I TIM" rat="LTE" rsrp="-124" rsrq="-16"/>
      </extensions>
    </trkpt>
    <trkpt lat="45.7389519" lon="10.4452591">
      <ele>407.0</ele>
      <time>2026-08-15T18:05:32.988+02:00</time>
      <extensions>
        <activity type="IN_VEHICLE" conf="97" state="moving" tsMs="1786809928248"/>
        <radio op="vodafone IT" rat="LTE" rsrp="-128" rsrq="-15"/>
        <radio op="I TIM" rat="LTE" rsrp="-124" rsrq="-16"/>
      </extensions>
    </trkpt>
    <trkpt lat="45.7397773" lon="10.4447111">
      <ele>410.0</ele>
      <time>2026-08-15T18:05:42.988+02:00</time>
      <extensions>
        <activity type="IN_VEHICLE" conf="97" state="moving" tsMs="1786809943164"/>
        <radio op="vodafone IT" rat="LTE" rsrp="-121" rsrq="-12"/>
        <radio op="I TIM" rat="LTE" q="1.50" rsrp="-122" sinr="0" rsrq="-14"/>
      </extensions>
    </trkpt>
    <trkpt lat="45.7399436" lon="10.4437508">
      <ele>411.0</ele>
      <time>2026-08-15T18:05:52.988+02:00</time>
      <extensions>
        <activity type="IN_VEHICLE" conf="97" state="moving" tsMs="1786809948528"/>
        <radio op="vodafone IT" rat="LTE" q="8.10" rsrp="-116" sinr="4" rsrq="-11"/>
        <radio op="I TIM" rat="LTE" q="7.00" rsrp="-118" sinr="5" rsrq="-13"/>
      </extensions>
    </trkpt>
    <trkpt lat="45.7396705" lon="10.4419254">
      <ele>414.0</ele>
      <time>2026-08-15T18:06:02.988+02:00</time>
      <extensions>
        <activity type="IN_VEHICLE" conf="97" state="moving" tsMs="1786809963660"/>
        <radio op="vodafone IT" rat="LTE" q="5.40" rsrp="-119" sinr="4" rsrq="-11"/>
        <radio op="I TIM" rat="LTE" q="1.80" rsrp="-122" sinr="1" rsrq="-13"/>
      </extensions>
    </trkpt>
    <trkpt lat="45.7394657" lon="10.440219">
      <ele>417.0</ele>
      <time>2026-08-15T18:06:12.989+02:00</time>
      <extensions>
        <activity type="IN_VEHICLE" conf="96" state="moving" tsMs="1786809968993"/>
        <radio op="vodafone IT" rat="LTE" q="16.80" rsrp="-113" sinr="9" rsrq="-10"/>
        <radio op="I TIM" rat="LTE" q="11.70" rsrp="-112" sinr="4" rsrq="-13"/>
      </extensions>
    </trkpt>
    <trkpt lat="45.7390368" lon="10.4388963">
      <ele>422.0</ele>
      <time>2026-08-15T18:06:22.989+02:00</time>
      <extensions>
        <activity type="IN_VEHICLE" conf="97" state="moving" tsMs="1786809978867"/>
        <radio op="vodafone IT" rat="LTE" q="4.80" rsrp="-119" sinr="3" rsrq="-12"/>
        <radio op="I TIM" rat="LTE" q="5.40" rsrp="-116" sinr="1" rsrq="-13"/>
      </extensions>
    </trkpt>
    <trkpt lat="45.7387623" lon="10.4379222">
      <ele>425.0</ele>
      <time>2026-08-15T18:06:33.987+02:00</time>
      <extensions>
        <activity type="IN_VEHICLE" conf="97" state="moving" tsMs="1786809989561"/>
        <radio op="vodafone IT" rat="LTE" q="25.20" rsrp="-111" sinr="13" rsrq="-11"/>
        <radio op="I TIM" rat="LTE" q="4.90" rsrp="-118" sinr="2" rsrq="-13"/>
      </extensions>
    </trkpt>
    <trkpt lat="45.7384656" lon="10.4370177">
      <ele>427.0</ele>
      <time>2026-08-15T18:06:43.988+02:00</time>
      <extensions>
        <activity type="IN_VEHICLE" conf="98" state="moving" tsMs="1786809998873"/>
        <radio op="vodafone IT" rat="LTE" q="52.20" rsrp="-96" sinr="13" rsrq="-11"/>
        <radio op="I TIM" rat="LTE" q="32.00" rsrp="-105" sinr="11" rsrq="-13"/>
      </extensions>
    </trkpt>
    <trkpt lat="45.7375899" lon="10.4363278">
      <ele>425.0</ele>
      <time>2026-08-15T18:06:53.988+02:00</time>
      <extensions>
        <activity type="IN_VEHICLE" conf="98" state="moving" tsMs="1786810009529"/>
        <radio op="vodafone IT" rat="LTE" q="20.80" rsrp="-112" sinr="11" rsrq="-12"/>
        <radio op="I TIM" rat="LTE" rsrp="-122" rsrq="-14"/>
      </extensions>
    </trkpt>
    <trkpt lat="45.7367479" lon="10.4353891">
      <ele>418.0</ele>
      <time>2026-08-15T18:07:03.988+02:00</time>
      <extensions>
        <activity type="IN_VEHICLE" conf="97" state="moving" tsMs="1786810019690"/>
        <radio op="vodafone IT" rat="LTE" q="6.00" rsrp="-119" sinr="5" rsrq="-12"/>
        <radio op="I TIM" rat="LTE" q="7.00" rsrp="-115" sinr="2" rsrq="-12"/>
      </extensions>
    </trkpt>
    <trkpt lat="45.7356827" lon="10.4347375">
      <ele>411.0</ele>
      <time>2026-08-15T18:07:13.987+02:00</time>
      <extensions>
        <activity type="IN_VEHICLE" conf="97" state="moving" tsMs="1786810030302"/>
        <radio op="vodafone IT" rat="LTE" q="1.50" rsrp="-122" sinr="0" rsrq="-10"/>
        <radio op="I TIM" rat="LTE" q="4.80" rsrp="-119" sinr="3" rsrq="-13"/>
      </extensions>
    </trkpt>
    <trkpt lat="45.7345971" lon="10.4344838">
      <ele>407.0</ele>
      <time>2026-08-15T18:07:23.988+02:00</time>
      <extensions>
        <activity type="IN_VEHICLE" conf="97" state="moving" tsMs="1786810040099"/>
        <radio op="vodafone IT" rat="LTE" rsrp="-123" rsrq="-12"/>
        <radio op="I TIM" rat="LTE" q="2.80" rsrp="-121" sinr="2" rsrq="-14"/>
      </extensions>
    </trkpt>
    <trkpt lat="45.733343" lon="10.4345814">
      <ele>401.0</ele>
      <time>2026-08-15T18:07:33.988+02:00</time>
      <extensions>
        <activity type="IN_VEHICLE" conf="97" state="moving" tsMs="1786810050809"/>
        <radio op="vodafone IT" rat="LTE" q="2.50" rsrp="-120" sinr="0" rsrq="-9"/>
        <radio op="I TIM" rat="LTE" q="5.60" rsrp="-117" sinr="2" rsrq="-13"/>
      </extensions>
    </trkpt>
    <trkpt lat="45.7321634" lon="10.4339661">
      <ele>395.0</ele>
      <time>2026-08-15T18:07:43.987+02:00</time>
      <extensions>
        <activity type="IN_VEHICLE" conf="97" state="moving" tsMs="1786810060766"/>
        <radio op="vodafone IT" rat="LTE" q="4.80" rsrp="-119" sinr="3" rsrq="-10"/>
        <radio op="I TIM" rat="LTE" q="7.20" rsrp="-117" sinr="4" rsrq="-14"/>
      </extensions>
    </trkpt>
    <trkpt lat="45.7309995" lon="10.4343852">
      <ele>391.0</ele>
      <time>2026-08-15T18:07:53.988+02:00</time>
      <extensions>
        <activity type="IN_VEHICLE" conf="97" state="moving" tsMs="1786810071446"/>
        <radio op="vodafone IT" rat="LTE" q="30.00" rsrp="-110" sinr="15" rsrq="-9"/>
        <radio op="I TIM" rat="LTE" q="17.00" rsrp="-108" sinr="5" rsrq="-13"/>
      </extensions>
    </trkpt>
    <trkpt lat="45.7297702" lon="10.4342787">
      <ele>385.0</ele>
      <time>2026-08-15T18:08:03.987+02:00</time>
      <extensions>
        <activity type="IN_VEHICLE" conf="97" state="moving" tsMs="1786810081257"/>
        <radio op="vodafone IT" rat="LTE" q="72.50" rsrp="-96" sinr="21" rsrq="-7"/>
        <radio op="I TIM" rat="LTE" q="62.40" rsrp="-99" sinr="19" rsrq="-9"/>
      </extensions>
    </trkpt>
    <trkpt lat="45.7288151" lon="10.4328993">
      <ele>380.0</ele>
      <time>2026-08-15T18:08:14.988+02:00</time>
      <extensions>
        <activity type="IN_VEHICLE" conf="97" state="moving" tsMs="1786810091954"/>
        <radio op="vodafone IT" rat="LTE" q="16.50" rsrp="-114" sinr="10" rsrq="-7"/>
        <radio op="I TIM" rat="LTE" q="7.50" rsrp="-110" sinr="0" rsrq="-13"/>
      </extensions>
    </trkpt>
    <trkpt lat="45.7278092" lon="10.4325216">
      <ele>378.0</ele>
      <time>2026-08-15T18:08:24.987+02:00</time>
      <extensions>
        <activity type="IN_VEHICLE" conf="97" state="moving" tsMs="1786810101402"/>
        <radio op="vodafone IT" rat="LTE" q="33.60" rsrp="-111" sinr="19" rsrq="-10"/>
        <radio op="I TIM" rat="LTE" q="6.00" rsrp="-115" sinr="1" rsrq="-10"/>
      </extensions>
    </trkpt>
    <trkpt lat="45.7268122" lon="10.4315829">
      <ele>382.0</ele>
      <time>2026-08-15T18:08:34.987+02:00</time>
      <extensions>
        <activity type="IN_VEHICLE" conf="97" state="moving" tsMs="1786810112034"/>
        <radio op="vodafone IT" rat="LTE" q="65.00" rsrp="-99" sinr="24" rsrq="-5"/>
        <radio op="I TIM" rat="LTE" q="66.70" rsrp="-96" sinr="18" rsrq="-9"/>
      </extensions>
    </trkpt>
    <trkpt lat="45.7257602" lon="10.4302188">
      <ele>376.0</ele>
      <time>2026-08-15T18:08:44.987+02:00</time>
      <extensions>
        <activity type="IN_VEHICLE" conf="96" state="moving" tsMs="1786810121610"/>
        <radio op="vodafone IT" rat="LTE" q="50.00" rsrp="-105" sinr="20" rsrq="-8"/>
        <radio op="I TIM" rat="LTE" q="32.50" rsrp="-100" sinr="8" rsrq="-10"/>
      </extensions>
    </trkpt>
    <trkpt lat="45.7247042" lon="10.4285021">
      <ele>375.0</ele>
      <time>2026-08-15T18:08:54.988+02:00</time>
      <extensions>
        <activity type="IN_VEHICLE" conf="96" state="moving" tsMs="1786810132353"/>
        <radio op="vodafone IT" rat="LTE" q="42.00" rsrp="-105" sinr="16" rsrq="-6"/>
        <radio op="I TIM" rat="LTE" q="39.00" rsrp="-99" sinr="10" rsrq="-11"/>
      </extensions>
    </trkpt>
    <trkpt lat="45.7235541" lon="10.4268755">
      <ele>374.0</ele>
      <time>2026-08-15T18:09:04.987+02:00</time>
      <extensions>
        <activity type="IN_VEHICLE" conf="97" state="moving" tsMs="1786810142025"/>
        <radio op="vodafone IT" rat="LTE" q="65.00" rsrp="-99" sinr="23" rsrq="-6"/>
        <radio op="I TIM" rat="LTE" q="42.00" rsrp="-95" sinr="9" rsrq="-9"/>
      </extensions>
    </trkpt>
    <trkpt lat="45.7227141" lon="10.4255144">
      <ele>373.0</ele>
      <time>2026-08-15T18:09:14.988+02:00</time>
      <extensions>
        <activity type="IN_VEHICLE" conf="96" state="moving" tsMs="1786810152663"/>
        <radio op="vodafone IT" rat="LTE" q="42.00" rsrp="-105" sinr="16" rsrq="-6"/>
        <radio op="I TIM" rat="LTE" q="52.80" rsrp="-103" sinr="19" rsrq="-7"/>
      </extensions>
    </trkpt>
    <trkpt lat="45.721895" lon="10.4243364">
      <ele>371.0</ele>
      <time>2026-08-15T18:09:24.987+02:00</time>
      <extensions>
        <activity type="IN_VEHICLE" conf="98" state="moving" tsMs="1786810162976"/>
        <radio op="vodafone IT" rat="LTE" q="72.50" rsrp="-96" sinr="23" rsrq="-5"/>
        <radio op="I TIM" rat="LTE" q="75.00" rsrp="-95" sinr="23" rsrq="-8"/>
      </extensions>
    </trkpt>
    <trkpt lat="45.7212463" lon="10.4227751">
      <ele>373.0</ele>
      <time>2026-08-15T18:09:34.987+02:00</time>
      <extensions>
        <activity type="IN_VEHICLE" conf="97" state="moving" tsMs="1786810173669"/>
        <radio op="vodafone IT" rat="LTE" q="30.60" rsrp="-108" sinr="13" rsrq="-10"/>
        <radio op="I TIM" rat="LTE" q="41.40" rsrp="-102" sinr="13" rsrq="-10"/>
      </extensions>
    </trkpt>
    <trkpt lat="45.7203986" lon="10.4211596">
      <ele>375.0</ele>
      <time>2026-08-15T18:09:44.988+02:00</time>
      <extensions>
        <activity type="IN_VEHICLE" conf="98" state="moving" tsMs="1786810183774"/>
        <radio op="vodafone IT" rat="LTE" q="77.50" rsrp="-94" sinr="22" rsrq="-6"/>
        <radio op="I TIM" rat="LTE" q="80.00" rsrp="-93" sinr="22" rsrq="-6"/>
      </extensions>
    </trkpt>
    <trkpt lat="45.7193121" lon="10.4196325">
      <ele>379.0</ele>
      <time>2026-08-15T18:09:54.987+02:00</time>
      <extensions>
        <activity type="IN_VEHICLE" conf="97" state="moving" tsMs="1786810194452"/>
        <radio op="vodafone IT" rat="LTE" q="44.10" rsrp="-104" sinr="16" rsrq="-6"/>
        <radio op="I TIM" rat="LTE" q="77.50" rsrp="-94" sinr="20" rsrq="-7"/>
      </extensions>
    </trkpt>
    <trkpt lat="45.718159" lon="10.417913">
      <ele>382.0</ele>
      <time>2026-08-15T18:10:05.988+02:00</time>
      <extensions>
        <activity type="IN_VEHICLE" conf="97" state="moving" tsMs="1786810204566"/>
        <radio op="vodafone IT" rat="LTE" q="52.90" rsrp="-102" sinr="18" rsrq="-7"/>
        <radio op="I TIM" rat="LTE" q="44.20" rsrp="-99" sinr="12" rsrq="-7"/>
      </extensions>
    </trkpt>
    <trkpt lat="45.7172145" lon="10.4165392">
      <ele>384.0</ele>
      <time>2026-08-15T18:10:15.987+02:00</time>
      <extensions>
        <activity type="IN_VEHICLE" conf="97" state="moving" tsMs="1786810215202"/>
        <radio op="vodafone IT" rat="LTE" q="44.00" rsrp="-103" sinr="15" rsrq="-5"/>
        <radio op="I TIM" rat="LTE" q="68.20" rsrp="-94" sinr="17" rsrq="-6"/>
      </extensions>
    </trkpt>
    <trkpt lat="45.7167435" lon="10.4155214">
      <ele>386.0</ele>
      <time>2026-08-15T18:10:25.988+02:00</time>
      <extensions>
        <activity type="IN_VEHICLE" conf="97" state="moving" tsMs="1786810225008"/>
        <radio op="vodafone IT" rat="LTE" q="69.60" rsrp="-96" sinr="19" rsrq="-10"/>
        <radio op="I TIM" rat="LTE" q="63.80" rsrp="-96" sinr="17" rsrq="-7"/>
      </extensions>
    </trkpt>
    <trkpt lat="45.7161102" lon="10.4148133">
      <ele>386.0</ele>
      <time>2026-08-15T18:10:35.988+02:00</time>
      <extensions>
        <activity type="IN_VEHICLE" conf="97" state="moving" tsMs="1786810235642"/>
        <radio op="vodafone IT" rat="LTE" q="73.60" rsrp="-93" sinr="18" rsrq="-5"/>
        <radio op="I TIM" rat="LTE" q="51.30" rsrp="-98" sinr="14" rsrq="-8"/>
      </extensions>
    </trkpt>
    <trkpt lat="45.7153236" lon="10.4136483">
      <ele>382.0</ele>
      <time>2026-08-15T18:10:45.988+02:00</time>
      <extensions>
        <activity type="IN_VEHICLE" conf="97" state="moving" tsMs="1786810245489"/>
        <radio op="vodafone IT" rat="LTE" q="42.00" rsrp="-104" sinr="15" rsrq="-8"/>
        <radio op="I TIM" rat="LTE" q="22.80" rsrp="-106" sinr="7" rsrq="-12"/>
      </extensions>
    </trkpt>
    <trkpt lat="45.7142269" lon="10.4125567">
      <ele>380.0</ele>
      <time>2026-08-15T18:10:55.987+02:00</time>
      <extensions>
        <activity type="IN_VEHICLE" conf="97" state="moving" tsMs="1786810256123"/>
        <radio op="vodafone IT" rat="LTE" q="48.40" rsrp="-103" sinr="17" rsrq="-7"/>
        <radio op="I TIM" rat="LTE" q="11.40" rsrp="-106" sinr="1" rsrq="-12"/>
      </extensions>
    </trkpt>
    <trkpt lat="45.7131784" lon="10.4113334">
      <ele>376.0</ele>
      <time>2026-08-15T18:11:05.987+02:00</time>
      <extensions>
        <activity type="IN_VEHICLE" conf="97" state="moving" tsMs="1786810265647"/>
        <radio op="vodafone IT" rat="LTE" q="52.20" rsrp="-96" sinr="13" rsrq="-7"/>
        <radio op="I TIM" rat="LTE" q="32.40" rsrp="-98" sinr="7" rsrq="-9"/>
      </extensions>
    </trkpt>
    <trkpt lat="45.7124571" lon="10.409284">
      <ele>371.0</ele>
      <time>2026-08-15T18:11:15.987+02:00</time>
      <extensions>
        <activity type="IN_VEHICLE" conf="97" state="moving" tsMs="1786810276349"/>
        <radio op="vodafone IT" rat="LTE" q="34.20" rsrp="-107" sinr="14" rsrq="-9"/>
        <radio op="I TIM" rat="LTE" q="26.40" rsrp="-101" sinr="6" rsrq="-13"/>
      </extensions>
    </trkpt>
    <trkpt lat="45.7118589" lon="10.4076285">
      <ele>368.0</ele>
      <time>2026-08-15T18:11:25.987+02:00</time>
      <extensions>
        <activity type="IN_VEHICLE" conf="97" state="moving" tsMs="1786810285798"/>
        <radio op="vodafone IT" rat="LTE" rsrp="-116" rsrq="-12"/>
        <radio op="I TIM" rat="LTE" q="14.40" rsrp="-101" sinr="1" rsrq="-12"/>
      </extensions>
    </trkpt>
    <trkpt lat="45.7116145" lon="10.4070752">
      <ele>369.0</ele>
      <time>2026-08-15T18:11:35.987+02:00</time>
      <extensions>
        <activity type="IN_VEHICLE" conf="97" state="moving" tsMs="1786810296487"/>
        <radio op="vodafone IT" rat="LTE" q="10.80" rsrp="-113" sinr="4" rsrq="-10"/>
        <radio op="I TIM" rat="LTE" q="19.80" rsrp="-103" sinr="4" rsrq="-14"/>
      </extensions>
    </trkpt>
    <trkpt lat="45.7110625" lon="10.4061825">
      <ele>369.0</ele>
      <time>2026-08-15T18:11:45.988+02:00</time>
      <extensions>
        <activity type="IN_VEHICLE" conf="97" state="moving" tsMs="1786810306348"/>
        <radio op="vodafone IT" rat="LTE" q="12.00" rsrp="-110" sinr="3" rsrq="-10"/>
        <radio op="I TIM" rat="LTE" q="11.90" rsrp="-108" sinr="2" rsrq="-14"/>
      </extensions>
    </trkpt>
    <trkpt lat="45.710734" lon="10.4057551">
      <ele>368.3000183105469</ele>
      <time>2026-08-15T18:11:55.987+02:00</time>
      <extensions>
        <activity type="TILTING" conf="100" state="moving" tsMs="1786810316959"/>
        <radio op="vodafone IT" rat="LTE" q="15.20" rsrp="-106" sinr="3" rsrq="-11"/>
        <radio op="I TIM" rat="LTE" rsrp="-103" rsrq="-13"/>
      </extensions>
    </trkpt>
    <trkpt lat="45.710734" lon="10.4057551">
      <ele>368.3000183105469</ele>
      <time>2026-08-15T18:12:06.987+02:00</time>
      <extensions>
        <activity type="IN_VEHICLE" conf="90" state="moving" tsMs="1786810326360"/>
        <radio op="vodafone IT" rat="LTE" q="28.50" rsrp="-106" sinr="10" rsrq="-10"/>
        <radio op="I TIM" rat="LTE" rsrp="-103" rsrq="-13"/>
      </extensions>
    </trkpt>
    <trkpt lat="45.710734" lon="10.4057551">
      <ele>368.3000183105469</ele>
      <time>2026-08-15T18:12:16.987+02:00</time>
      <extensions>
        <activity type="UNKNOWN" conf="40" state="unknown" tsMs="1786810336536"/>
        <radio op="vodafone IT" rat="LTE" q="21.60" rsrp="-101" sinr="4" rsrq="-11"/>
        <radio op="I TIM" rat="LTE" q="19.60" rsrp="-97" sinr="2" rsrq="-12"/>
      </extensions>
    </trkpt>
    <trkpt lat="45.710279" lon="10.4054529">
      <ele>368.3000183105469</ele>
      <time>2026-08-15T18:12:26.988+02:00</time>
      <extensions>
        <activity type="UNKNOWN" conf="40" state="unknown" tsMs="1786810346838"/>
        <radio op="vodafone IT" rat="LTE" q="39.10" rsrp="-102" sinr="12" rsrq="-10"/>
        <radio op="I TIM" rat="LTE" q="31.50" rsrp="-104" sinr="10" rsrq="-12"/>
      </extensions>
    </trkpt>
    <trkpt lat="45.7092582" lon="10.4050937">
      <ele>368.4000244140625</ele>
      <time>2026-08-15T18:12:37.988+02:00</time>
      <extensions>
        <activity type="UNKNOWN" conf="40" state="unknown" tsMs="1786810346838"/>
        <radio op="vodafone IT" rat="LTE" q="43.20" rsrp="-98" sinr="11" rsrq="-8"/>
        <radio op="I TIM" rat="LTE" q="34.80" rsrp="-96" sinr="7" rsrq="-11"/>
      </extensions>
    </trkpt>
    <trkpt lat="45.7084617" lon="10.4037748">
      <ele>368.4000244140625</ele>
      <time>2026-08-15T18:12:47.987+02:00</time>
      <extensions>
        <activity type="IN_VEHICLE" conf="98" state="moving" tsMs="1786810350580"/>
        <radio op="vodafone IT" rat="LTE" q="52.70" rsrp="-94" sinr="12" rsrq="-6"/>
        <radio op="I TIM" rat="LTE" q="20.80" rsrp="-99" sinr="3" rsrq="-9"/>
      </extensions>
    </trkpt>
    <trkpt lat="45.7078117" lon="10.402247">
      <ele>363.5</ele>
      <time>2026-08-15T18:12:57.988+02:00</time>
      <extensions>
        <activity type="IN_VEHICLE" conf="98" state="moving" tsMs="1786810350580"/>
        <radio op="vodafone IT" rat="LTE" q="97.50" rsrp="-86" sinr="26" rsrq="-6"/>
        <radio op="I TIM" rat="LTE" q="38.40" rsrp="-93" sinr="7" rsrq="-8"/>
      </extensions>
    </trkpt>
    <trkpt lat="45.706304" lon="10.3990358">
      <ele>360.8000183105469</ele>
      <time>2026-08-15T18:13:17.987+02:00</time>
      <extensions>
        <activity type="IN_VEHICLE" conf="98" state="moving" tsMs="1786810371503"/>
        <radio op="vodafone IT" rat="LTE" q="100.00" rsrp="-85" sinr="20" rsrq="-7"/>
        <radio op="I TIM" rat="LTE" rsrp="-103" rsrq="-15"/>
      </extensions>
    </trkpt>
    <trkpt lat="45.7055193" lon="10.3954074">
      <ele>359.9000244140625</ele>
      <time>2026-08-15T18:13:37.988+02:00</time>
      <extensions>
        <activity type="IN_VEHICLE" conf="98" state="moving" tsMs="1786810392176"/>
        <radio op="vodafone IT" rat="LTE" q="42.00" rsrp="-97" sinr="10" rsrq="-9"/>
        <radio op="I TIM" rat="LTE" rsrp="-103" rsrq="-16"/>
      </extensions>
    </trkpt>
    <trkpt lat="45.7051513" lon="10.3941322">
      <ele>359.9000244140625</ele>
      <time>2026-08-15T18:13:47.988+02:00</time>
      <extensions>
        <activity type="IN_VEHICLE" conf="98" state="moving" tsMs="1786810426797"/>
        <radio op="vodafone IT" rat="LTE" q="43.20" rsrp="-98" sinr="11" rsrq="-7"/>
        <radio op="I TIM" rat="LTE" q="13.80" rsrp="-102" sinr="1" rsrq="-13"/>
      </extensions>
    </trkpt>
    <trkpt lat="45.7048295" lon="10.3925119">
      <ele>358.0</ele>
      <time>2026-08-15T18:13:57.988+02:00</time>
      <extensions>
        <activity type="IN_VEHICLE" conf="98" state="moving" tsMs="1786810435829"/>
        <radio op="vodafone IT" rat="LTE" q="22.50" rsrp="-110" sinr="10" rsrq="-9"/>
        <radio op="I TIM" rat="LTE" q="40.50" rsrp="-98" sinr="10" rsrq="-12"/>
      </extensions>
    </trkpt>
    <trkpt lat="45.7045921" lon="10.3912116">
      <ele>358.0</ele>
      <time>2026-08-15T18:14:07.986+02:00</time>
      <extensions>
        <activity type="IN_VEHICLE" conf="97" state="moving" tsMs="1786810446480"/>
        <radio op="vodafone IT" rat="LTE" q="26.40" rsrp="-103" sinr="7" rsrq="-8"/>
        <radio op="I TIM" rat="LTE" q="28.80" rsrp="-101" sinr="7" rsrq="-11"/>
      </extensions>
    </trkpt>
    <trkpt lat="45.7042481" lon="10.3896082">
      <ele>356.9000244140625</ele>
      <time>2026-08-15T18:14:18.986+02:00</time>
      <extensions>
        <activity type="IN_VEHICLE" conf="98" state="moving" tsMs="1786810456685"/>
        <radio op="vodafone IT" rat="LTE" q="17.10" rsrp="-106" sinr="4" rsrq="-12"/>
        <radio op="I TIM" rat="LTE" q="54.00" rsrp="-95" sinr="13" rsrq="-11"/>
      </extensions>
    </trkpt>
    <trkpt lat="45.7036446" lon="10.3880889">
      <ele>356.9000244140625</ele>
      <time>2026-08-15T18:14:28.986+02:00</time>
      <extensions>
        <activity type="IN_VEHICLE" conf="96" state="moving" tsMs="1786810467373"/>
        <radio op="vodafone IT" rat="LTE" q="13.20" rsrp="-113" sinr="6" rsrq="-8"/>
        <radio op="I TIM" rat="LTE" rsrp="-115" rsrq="-13"/>
      </extensions>
    </trkpt>
    <trkpt lat="45.7030097" lon="10.3872839">
      <ele>356.8000183105469</ele>
      <time>2026-08-15T18:14:38.987+02:00</time>
      <extensions>
        <activity type="IN_VEHICLE" conf="97" state="moving" tsMs="1786810477511"/>
        <radio op="vodafone IT" rat="LTE" q="32.00" rsrp="-109" sinr="15" rsrq="-6"/>
        <radio op="I TIM" rat="LTE" rsrp="-112" rsrq="-16"/>
      </extensions>
    </trkpt>
    <trkpt lat="45.7024069" lon="10.3869506">
      <ele>356.8000183105469</ele>
      <time>2026-08-15T18:14:48.986+02:00</time>
      <extensions>
        <activity type="IN_VEHICLE" conf="97" state="moving" tsMs="1786810488159"/>
        <radio op="vodafone IT" rat="LTE" q="31.50" rsrp="-110" sinr="16" rsrq="-7"/>
        <radio op="I TIM" rat="LTE" q="4.00" rsrp="-117" sinr="0" rsrq="-13"/>
      </extensions>
    </trkpt>
    <trkpt lat="45.7021195" lon="10.3867868">
      <ele>356.8000183105469</ele>
      <time>2026-08-15T18:14:58.986+02:00</time>
      <extensions>
        <activity type="IN_VEHICLE" conf="98" state="moving" tsMs="1786810497525"/>
        <radio op="vodafone IT" rat="LTE" q="35.20" rsrp="-103" sinr="11" rsrq="-10"/>
        <radio op="I TIM" rat="LTE" rsrp="-107" rsrq="-19"/>
      </extensions>
    </trkpt>
    <trkpt lat="45.7016883" lon="10.3874796">
      <ele>354.3000183105469</ele>
      <time>2026-08-15T18:15:08.987+02:00</time>
      <extensions>
        <activity type="IN_VEHICLE" conf="97" state="moving" tsMs="1786810508177"/>
        <radio op="vodafone IT" rat="LTE" q="6.40" rsrp="-117" sinr="3" rsrq="-10"/>
        <radio op="I TIM" rat="LTE" rsrp="-115" rsrq="-16"/>
      </extensions>
    </trkpt>
    <trkpt lat="45.7008962" lon="10.3877965">
      <ele>353.70001220703125</ele>
      <time>2026-08-15T18:15:18.987+02:00</time>
      <extensions>
        <activity type="IN_VEHICLE" conf="97" state="moving" tsMs="1786810518437"/>
        <radio op="vodafone IT" rat="LTE" q="7.00" rsrp="-118" sinr="5" rsrq="-11"/>
        <radio op="I TIM" rat="LTE" q="9.80" rsrp="-111" sinr="2" rsrq="-16"/>
      </extensions>
    </trkpt>
    <trkpt lat="45.7003306" lon="10.3879679">
      <ele>353.70001220703125</ele>
      <time>2026-08-15T18:15:28.987+02:00</time>
      <extensions>
        <activity type="IN_VEHICLE" conf="97" state="moving" tsMs="1786810529173"/>
        <radio op="vodafone IT" rat="LTE" q="7.00" rsrp="-118" sinr="5" rsrq="-9"/>
        <radio op="I TIM" rat="LTE" q="6.60" rsrp="-119" sinr="6" rsrq="-13"/>
      </extensions>
    </trkpt>
    <trkpt lat="45.7001339" lon="10.387925">
      <ele>353.20001220703125</ele>
      <time>2026-08-15T18:15:38.986+02:00</time>
      <extensions>
        <activity type="IN_VEHICLE" conf="97" state="moving" tsMs="1786810539206"/>
        <radio op="vodafone IT" rat="LTE" q="36.00" rsrp="-105" sinr="13" rsrq="-11"/>
        <radio op="I TIM" rat="LTE" q="7.20" rsrp="-119" sinr="7" rsrq="-14"/>
      </extensions>
    </trkpt>
    <trkpt lat="45.7001339" lon="10.387925">
      <ele>353.20001220703125</ele>
      <time>2026-08-15T18:15:48.986+02:00</time>
      <extensions>
        <activity type="TILTING" conf="100" state="moving" tsMs="1786810540035"/>
        <radio op="vodafone IT" rat="LTE" q="51.00" rsrp="-95" sinr="12" rsrq="-9"/>
        <radio op="I TIM" rat="LTE" q="10.80" rsrp="-113" sinr="4" rsrq="-15"/>
      </extensions>
    </trkpt>
    <trkpt lat="45.7001339" lon="10.387925">
      <ele>353.4000244140625</ele>
      <time>2026-08-15T18:15:59.987+02:00</time>
      <extensions>
        <activity type="UNKNOWN" conf="40" state="unknown" tsMs="1786810543512"/>
        <radio op="vodafone IT" rat="LTE" q="37.50" rsrp="-100" sinr="10" rsrq="-9"/>
        <radio op="I TIM" rat="LTE" q="12.00" rsrp="-115" sinr="7" rsrq="-13"/>
      </extensions>
    </trkpt>
    <trkpt lat="45.7001339" lon="10.387925">
      <ele>353.4000244140625</ele>
      <time>2026-08-15T18:16:09.986+02:00</time>
      <extensions>
        <activity type="UNKNOWN" conf="40" state="unknown" tsMs="1786810566460"/>
        <radio op="vodafone IT" rat="LTE" q="33.60" rsrp="-101" sinr="9" rsrq="-12"/>
        <radio op="I TIM" rat="LTE" q="11.00" rsrp="-114" sinr="5" rsrq="-14"/>
      </extensions>
    </trkpt>
    <trkpt lat="45.7001283" lon="10.3879279">
      <ele>353.20001220703125</ele>
      <time>2026-08-15T18:16:20.147+02:00</time>
      <extensions>
        <activity type="ON_FOOT" conf="83" state="moving" tsMs="1786810571563"/>
        <radio op="vodafone IT" rat="LTE" q="42.50" rsrp="-100" sinr="12" rsrq="-12"/>
        <radio op="I TIM" rat="LTE" q="10.00" rsrp="-115" sinr="5" rsrq="-14"/>
      </extensions>
    </trkpt>
    <trkpt lat="45.7001264" lon="10.3879313">
      <ele>353.20001220703125</ele>
      <time>2026-08-15T18:16:30.916+02:00</time>
      <extensions>
        <activity type="UNKNOWN" conf="40" state="unknown" tsMs="1786810575060"/>
        <radio op="vodafone IT" rat="LTE" q="60.90" rsrp="-96" sinr="16" rsrq="-12"/>
        <radio op="I TIM" rat="LTE" q="8.10" rsrp="-116" sinr="4" rsrq="-13"/>
      </extensions>
    </trkpt>
    <trkpt lat="45.7001313" lon="10.3879272">
      <ele>353.20001220703125</ele>
      <time>2026-08-15T18:16:41.014+02:00</time>
      <extensions>
        <activity type="UNKNOWN" conf="40" state="unknown" tsMs="1786810575060"/>
        <radio op="vodafone IT" rat="LTE" q="56.00" rsrp="-97" sinr="15" rsrq="-12"/>
        <radio op="I TIM" rat="LTE" q="13.50" rsrp="-116" sinr="10" rsrq="-13"/>
      </extensions>
    </trkpt>
    <trkpt lat="45.7001335" lon="10.3879259">
      <ele>353.20001220703125</ele>
      <time>2026-08-15T18:16:50.994+02:00</time>
      <extensions>
        <activity type="UNKNOWN" conf="40" state="unknown" tsMs="1786810593566"/>
        <radio op="vodafone IT" rat="LTE" q="35.00" rsrp="-100" sinr="9" rsrq="-13"/>
        <radio op="I TIM" rat="LTE" q="7.20" rsrp="-116" sinr="3" rsrq="-11"/>
      </extensions>
    </trkpt>
    <trkpt lat="45.7001325" lon="10.3879254">
      <ele>353.20001220703125</ele>
      <time>2026-08-15T18:17:00.987+02:00</time>
      <extensions>
        <activity type="STILL" conf="100" state="still" tsMs="1786810609533"/>
        <radio op="vodafone IT" rat="LTE" q="60.00" rsrp="-95" sinr="15" rsrq="-13"/>
        <radio op="I TIM" rat="LTE" q="13.20" rsrp="-113" sinr="6" rsrq="-11"/>
      </extensions>
    </trkpt>
    <trkpt lat="45.7001343" lon="10.3879265">
      <ele>353.20001220703125</ele>
      <time>2026-08-15T18:17:10.987+02:00</time>
      <extensions>
        <activity type="STILL" conf="97" state="still" tsMs="1786810625504"/>
        <radio op="vodafone IT" rat="LTE" q="60.90" rsrp="-96" sinr="16" rsrq="-13"/>
        <radio op="I TIM" rat="LTE" q="12.00" rsrp="-113" sinr="5" rsrq="-9"/>
      </extensions>
    </trkpt>
    <trkpt lat="45.7001347" lon="10.3879259">
      <ele>353.20001220703125</ele>
      <time>2026-08-15T18:17:21.04+02:00</time>
      <extensions>
        <activity type="STILL" conf="97" state="still" tsMs="1786810625504"/>
        <radio op="vodafone IT" rat="LTE" q="52.00" rsrp="-99" sinr="15" rsrq="-13"/>
        <radio op="I TIM" rat="LTE" q="12.60" rsrp="-111" sinr="4" rsrq="-13"/>
      </extensions>
    </trkpt>
    <trkpt lat="45.7001341" lon="10.3879257">
      <ele>353.20001220703125</ele>
      <time>2026-08-15T18:17:31.015+02:00</time>
      <extensions>
        <activity type="UNKNOWN" conf="40" state="unknown" tsMs="1786810636151"/>
        <radio op="vodafone IT" rat="LTE" q="47.50" rsrp="-100" sinr="14" rsrq="-12"/>
        <radio op="I TIM" rat="LTE" q="7.20" rsrp="-113" sinr="1" rsrq="-11"/>
      </extensions>
    </trkpt>
    <trkpt lat="45.7001325" lon="10.3879277">
      <ele>353.20001220703125</ele>
      <time>2026-08-15T18:17:41.002+02:00</time>
      <extensions>
        <activity type="UNKNOWN" conf="40" state="unknown" tsMs="1786810636151"/>
        <radio op="vodafone IT" rat="LTE" q="58.00" rsrp="-96" sinr="15" rsrq="-12"/>
        <radio op="I TIM" rat="LTE" q="6.40" rsrp="-117" sinr="3" rsrq="-14"/>
      </extensions>
    </trkpt>
    <trkpt lat="45.7001339" lon="10.3879251">
      <ele>353.20001220703125</ele>
      <time>2026-08-15T18:17:50.986+02:00</time>
      <extensions>
        <activity type="UNKNOWN" conf="40" state="unknown" tsMs="1786810667907"/>
        <radio op="vodafone IT" rat="LTE" q="65.10" rsrp="-94" sinr="16" rsrq="-11"/>
        <radio op="I TIM" rat="LTE" rsrp="-117" rsrq="-13"/>
      </extensions>
    </trkpt>
    <trkpt lat="45.7001339" lon="10.387925">
      <ele>353.20001220703125</ele>
      <time>2026-08-15T18:18:00.987+02:00</time>
      <extensions>
        <activity type="UNKNOWN" conf="40" state="unknown" tsMs="1786810678261"/>
        <radio op="vodafone IT" rat="LTE" q="72.00" rsrp="-89" sinr="15" rsrq="-11"/>
        <radio op="I TIM" rat="LTE" q="8.00" rsrp="-115" sinr="3" rsrq="-15"/>
      </extensions>
    </trkpt>
    <trkpt lat="45.7001339" lon="10.387925">
      <ele>353.20001220703125</ele>
      <time>2026-08-15T18:18:10.987+02:00</time>
      <extensions>
        <activity type="UNKNOWN" conf="40" state="unknown" tsMs="1786810678261"/>
        <radio op="vodafone IT" rat="LTE" q="52.50" rsrp="-100" sinr="16" rsrq="-8"/>
        <radio op="I TIM" rat="LTE" q="9.60" rsrp="-117" sinr="7" rsrq="-13"/>
      </extensions>
    </trkpt>
    <trkpt lat="45.6999133" lon="10.3880498">
      <ele>353.20001220703125</ele>
      <time>2026-08-15T18:18:21.986+02:00</time>
      <extensions>
        <activity type="UNKNOWN" conf="40" state="unknown" tsMs="1786810683199"/>
        <radio op="vodafone IT" rat="LTE" q="13.00" rsrp="-112" sinr="5" rsrq="-14"/>
        <radio op="I TIM" rat="LTE" q="6.40" rsrp="-117" sinr="3" rsrq="-14"/>
      </extensions>
    </trkpt>
    <trkpt lat="45.6989012" lon="10.3881627">
      <ele>353.20001220703125</ele>
      <time>2026-08-15T18:18:31.986+02:00</time>
      <extensions>
        <activity type="IN_VEHICLE" conf="97" state="moving" tsMs="1786810710658"/>
        <radio op="vodafone IT" rat="LTE" q="23.80" rsrp="-111" sinr="12" rsrq="-13"/>
        <radio op="I TIM" rat="LTE" q="11.20" rsrp="-117" sinr="9" rsrq="-12"/>
      </extensions>
    </trkpt>
    <trkpt lat="45.6980527" lon="10.3884693">
      <ele>353.5</ele>
      <time>2026-08-15T18:18:41.987+02:00</time>
      <extensions>
        <activity type="IN_VEHICLE" conf="97" state="moving" tsMs="1786810719817"/>
        <radio op="vodafone IT" rat="LTE" q="18.20" rsrp="-111" sinr="8" rsrq="-14"/>
        <radio op="I TIM" rat="LTE" q="11.70" rsrp="-116" sinr="8" rsrq="-13"/>
      </extensions>
    </trkpt>
    <trkpt lat="45.6966918" lon="10.3889122">
      <ele>353.5</ele>
      <time>2026-08-15T18:18:51.986+02:00</time>
      <extensions>
        <activity type="IN_VEHICLE" conf="97" state="moving" tsMs="1786810730501"/>
        <radio op="vodafone IT" rat="LTE" q="7.70" rsrp="-118" sinr="6" rsrq="-15"/>
        <radio op="I TIM" rat="LTE" q="4.00" rsrp="-120" sinr="3" rsrq="-14"/>
      </extensions>
    </trkpt>
    <trkpt lat="45.6952624" lon="10.3901298">
      <ele>353.5</ele>
      <time>2026-08-15T18:19:01.986+02:00</time>
      <extensions>
        <activity type="IN_VEHICLE" conf="97" state="moving" tsMs="1786810739828"/>
        <radio op="vodafone IT" rat="LTE" q="5.40" rsrp="-119" sinr="4" rsrq="-16"/>
        <radio op="I TIM" rat="LTE" rsrp="-121" rsrq="-16"/>
      </extensions>
    </trkpt>
    <trkpt lat="45.69394" lon="10.3910033">
      <ele>353.5</ele>
      <time>2026-08-15T18:19:11.986+02:00</time>
      <extensions>
        <activity type="IN_VEHICLE" conf="96" state="moving" tsMs="1786810750516"/>
        <radio op="vodafone IT" rat="LTE" q="8.80" rsrp="-114" sinr="3" rsrq="-14"/>
        <radio op="I TIM" rat="LTE" rsrp="-123" rsrq="-17"/>
      </extensions>
    </trkpt>
    <trkpt lat="45.6927398" lon="10.3918226">
      <ele>353.5</ele>
      <time>2026-08-15T18:19:21.986+02:00</time>
      <extensions>
        <activity type="IN_VEHICLE" conf="96" state="moving" tsMs="1786810760791"/>
        <radio op="vodafone IT" rat="LTE" q="16.50" rsrp="-110" sinr="6" rsrq="-12"/>
        <radio op="I TIM" rat="LTE" rsrp="-128" rsrq="-19"/>
      </extensions>
    </trkpt>
    <trkpt lat="45.69221" lon="10.3934913">
      <ele>353.5</ele>
      <time>2026-08-15T18:19:31.987+02:00</time>
      <extensions>
        <activity type="IN_VEHICLE" conf="96" state="moving" tsMs="1786810771538"/>
        <radio op="vodafone IT" rat="LTE" q="11.20" rsrp="-111" sinr="3" rsrq="-13"/>
        <radio op="I TIM" rat="LTE" rsrp="-126" rsrq="-17"/>
      </extensions>
    </trkpt>
    <trkpt lat="45.6917471" lon="10.395192">
      <ele>353.5</ele>
      <time>2026-08-15T18:19:41.987+02:00</time>
      <extensions>
        <activity type="IN_VEHICLE" conf="98" state="moving" tsMs="1786810781737"/>
        <radio op="vodafone IT" rat="LTE" rsrp="-113" rsrq="-15"/>
        <radio op="I TIM" rat="LTE" q="1.80" rsrp="-122" sinr="1" rsrq="-15"/>
      </extensions>
    </trkpt>
    <trkpt lat="45.6907388" lon="10.3966833">
      <ele>341.0</ele>
      <time>2026-08-15T18:19:52.985+02:00</time>
      <extensions>
        <activity type="IN_VEHICLE" conf="97" state="moving" tsMs="1786810792449"/>
        <radio op="vodafone IT" rat="LTE" q="19.80" rsrp="-107" sinr="6" rsrq="-10"/>
        <radio op="I TIM" rat="LTE" q="4.00" rsrp="-120" sinr="3" rsrq="-15"/>
      </extensions>
    </trkpt>
    <trkpt lat="45.6899743" lon="10.3981991">
      <ele>341.0</ele>
      <time>2026-08-15T18:20:02.985+02:00</time>
      <extensions>
        <activity type="IN_VEHICLE" conf="97" state="moving" tsMs="1786810802666"/>
        <radio op="vodafone IT" rat="LTE" q="16.20" rsrp="-98" sinr="1" rsrq="-8"/>
        <radio op="I TIM" rat="LTE" rsrp="-115" rsrq="-15"/>
      </extensions>
    </trkpt>
    <trkpt lat="45.6885303" lon="10.3991172">
      <ele>343.0</ele>
      <time>2026-08-15T18:20:12.986+02:00</time>
      <extensions>
        <activity type="IN_VEHICLE" conf="97" state="moving" tsMs="1786810808029"/>
        <radio op="vodafone IT" rat="LTE" q="36.30" rsrp="-92" sinr="6" rsrq="-9"/>
        <radio op="I TIM" rat="LTE" q="10.00" rsrp="-105" sinr="0" rsrq="-15"/>
      </extensions>
    </trkpt>
    <trkpt lat="45.6871776" lon="10.4008884">
      <ele>348.0</ele>
      <time>2026-08-15T18:20:22.986+02:00</time>
      <extensions>
        <activity type="IN_VEHICLE" conf="97" state="moving" tsMs="1786810818702"/>
        <radio op="vodafone IT" rat="LTE" q="55.80" rsrp="-94" sinr="13" rsrq="-8"/>
        <radio op="I TIM" rat="LTE" q="8.40" rsrp="-111" sinr="1" rsrq="-13"/>
      </extensions>
    </trkpt>
    <trkpt lat="45.6861384" lon="10.4027273">
      <ele>350.0</ele>
      <time>2026-08-15T18:20:32.985+02:00</time>
      <extensions>
        <activity type="IN_VEHICLE" conf="97" state="moving" tsMs="1786810828961"/>
        <radio op="vodafone IT" rat="LTE" q="13.00" rsrp="-112" sinr="5" rsrq="-10"/>
        <radio op="I TIM" rat="LTE" rsrp="-124" rsrq="-16"/>
      </extensions>
    </trkpt>
    <trkpt lat="45.6855368" lon="10.4034745">
      <ele>354.0</ele>
      <time>2026-08-15T18:20:37.985+02:00</time>
      <extensions>
        <activity type="IN_VEHICLE" conf="97" state="moving" tsMs="1786810839633"/>
        <radio op="vodafone IT" rat="LTE" rsrp="-134" rsrq="-20"/>
        <radio op="I TIM" rat="LTE" rsrp="-129" rsrq="-18"/>
      </extensions>
    </trkpt>
    <trkpt lat="45.6813234" lon="10.4091578">
      <ele>355.0</ele>
      <time>2026-08-15T18:21:12.986+02:00</time>
      <extensions>
        <activity type="IN_VEHICLE" conf="96" state="moving" tsMs="1786810869308"/>
        <radio op="vodafone IT" rat="LTE" q="91.20" rsrp="-87" sinr="19" rsrq="-11"/>
        <radio op="I TIM" rat="LTE" q="42.00" rsrp="-105" sinr="16" rsrq="-9"/>
      </extensions>
    </trkpt>
    <trkpt lat="45.6798778" lon="10.4104889">
      <ele>349.0</ele>
      <time>2026-08-15T18:21:23.985+02:00</time>
      <extensions>
        <activity type="IN_VEHICLE" conf="97" state="moving" tsMs="1786810879984"/>
        <radio op="vodafone IT" rat="LTE" q="42.00" rsrp="-104" sinr="15" rsrq="-12"/>
        <radio op="I TIM" rat="LTE" q="19.80" rsrp="-107" sinr="6" rsrq="-12"/>
      </extensions>
    </trkpt>
    <trkpt lat="45.6783932" lon="10.411432">
      <ele>350.0</ele>
      <time>2026-08-15T18:21:33.985+02:00</time>
      <extensions>
        <activity type="IN_VEHICLE" conf="97" state="moving" tsMs="1786810889735"/>
        <radio op="vodafone IT" rat="LTE" q="49.60" rsrp="-94" sinr="11" rsrq="-10"/>
        <radio op="I TIM" rat="LTE" q="20.00" rsrp="-105" sinr="5" rsrq="-15"/>
      </extensions>
    </trkpt>
    <trkpt lat="45.6778164" lon="10.4117984">
      <ele>349.0</ele>
      <time>2026-08-15T18:21:37.985+02:00</time>
      <extensions>
        <activity type="IN_VEHICLE" conf="96" state="moving" tsMs="1786810900502"/>
        <radio op="vodafone IT" rat="LTE" q="6.00" rsrp="-120" sinr="7" rsrq="-10"/>
        <radio op="I TIM" rat="LTE" rsrp="-123" rsrq="-13"/>
      </extensions>
    </trkpt>
    <trkpt lat="45.6778164" lon="10.4117984">
      <ele>349.0</ele>
      <time>2026-08-15T18:21:44.845+02:00</time>
      <extensions>
        <activity type="IN_VEHICLE" conf="96" state="moving" tsMs="1786810910258"/>
        <radio op="vodafone IT" rat="OTHER"/>
        <radio op="I TIM" rat="LTE" rsrp="-138" rsrq="-24"/>
      </extensions>
    </trkpt>
    <trkpt lat="45.6703514" lon="10.4107482">
      <ele>352.0</ele>
      <time>2026-08-15T18:22:23.986+02:00</time>
      <extensions>
        <activity type="IN_VEHICLE" conf="96" state="moving" tsMs="1786810941483"/>
        <radio op="vodafone IT" rat="OTHER"/>
        <radio op="I TIM" rat="LTE" q="64.40" rsrp="-97" sinr="18" rsrq="-12"/>
      </extensions>
    </trkpt>
    <trkpt lat="45.6686698" lon="10.4108518">
      <ele>353.0</ele>
      <time>2026-08-15T18:22:33.985+02:00</time>
      <extensions>
        <activity type="IN_VEHICLE" conf="97" state="moving" tsMs="1786810951251"/>
        <radio op="vodafone IT" rat="LTE" q="34.10" rsrp="-94" sinr="6" rsrq="-11"/>
        <radio op="I TIM" rat="LTE" q="68.40" rsrp="-89" sinr="14" rsrq="-8"/>
      </extensions>
    </trkpt>
    <trkpt lat="45.6671418" lon="10.4119326">
      <ele>353.0</ele>
      <time>2026-08-15T18:22:43.986+02:00</time>
      <extensions>
        <activity type="IN_VEHICLE" conf="98" state="moving" tsMs="1786810961912"/>
        <radio op="vodafone IT" rat="LTE" q="27.20" rsrp="-91" sinr="3" rsrq="-9"/>
        <radio op="I TIM" rat="LTE" q="87.50" rsrp="-90" sinr="20" rsrq="-9"/>
      </extensions>
    </trkpt>
    <trkpt lat="45.6662411" lon="10.4133535">
      <ele>352.0</ele>
      <time>2026-08-15T18:22:51.985+02:00</time>
      <extensions>
        <activity type="IN_VEHICLE" conf="96" state="moving" tsMs="1786810972166"/>
        <radio op="vodafone IT" rat="LTE" q="53.20" rsrp="-97" sinr="14" rsrq="-5"/>
        <radio op="I TIM" rat="LTE" q="79.20" rsrp="-92" sinr="19" rsrq="-12"/>
      </extensions>
    </trkpt>
    <trkpt lat="45.6662411" lon="10.4133535">
      <ele>352.0</ele>
      <time>2026-08-15T18:22:55.518+02:00</time>
      <extensions>
        <activity type="IN_VEHICLE" conf="98" state="moving" tsMs="1786810980918"/>
        <radio op="vodafone IT" rat="LTE" q="52.80" rsrp="-101" sinr="17" rsrq="-9"/>
        <radio op="I TIM" rat="LTE" q="29.40" rsrp="-104" sinr="9" rsrq="-10"/>
      </extensions>
    </trkpt>
    <trkpt lat="45.6597751" lon="10.426851">
      <ele>336.0</ele>
      <time>2026-08-15T18:24:02.985+02:00</time>
      <extensions>
        <activity type="IN_VEHICLE" conf="96" state="moving" tsMs="1786811052262"/>
        <radio op="vodafone IT" rat="OTHER"/>
        <radio op="I TIM" rat="LTE" rsrp="-124" rsrq="-15"/>
      </extensions>
    </trkpt>
    <trkpt lat="45.6597751" lon="10.426851">
      <ele>336.0</ele>
      <time>2026-08-15T18:24:17.052+02:00</time>
      <extensions>
        <activity type="IN_VEHICLE" conf="96" state="moving" tsMs="1786811062455"/>
        <radio op="vodafone IT" rat="OTHER"/>
        <radio op="I TIM" rat="LTE" rsrp="-136" rsrq="-21"/>
      </extensions>
    </trkpt>
    <trkpt lat="45.6503142" lon="10.4476392">
      <ele>308.0</ele>
      <time>2026-08-15T18:25:48.985+02:00</time>
      <extensions>
        <activity type="IN_VEHICLE" conf="96" state="moving" tsMs="1786811155518"/>
        <radio op="vodafone IT" rat="WCDMA"/>
        <radio op="I TIM" rat="LTE" rsrp="-134" rsrq="-19"/>
      </extensions>
    </trkpt>
    <trkpt lat="45.6470705" lon="10.4520186">
      <ele>329.0</ele>
      <time>2026-08-15T18:26:16.986+02:00</time>
      <extensions>
        <activity type="IN_VEHICLE" conf="96" state="moving" tsMs="1786811176402"/>
        <radio op="vodafone IT" rat="LTE" q="41.80" rsrp="-106" sinr="17" rsrq="-6"/>
        <radio op="I TIM" rat="LTE" q="44.10" rsrp="-104" sinr="16" rsrq="-8"/>
      </extensions>
    </trkpt>
    <trkpt lat="45.6463394" lon="10.4542448">
      <ele>314.0</ele>
      <time>2026-08-15T18:26:26.984+02:00</time>
      <extensions>
        <activity type="IN_VEHICLE" conf="96" state="moving" tsMs="1786811186246"/>
        <radio op="vodafone IT" rat="LTE" q="8.00" rsrp="-117" sinr="5" rsrq="-11"/>
        <radio op="I TIM" rat="LTE" q="15.40" rsrp="-111" sinr="6" rsrq="-10"/>
      </extensions>
    </trkpt>
    <trkpt lat="45.6455523" lon="10.456617">
      <ele>312.0</ele>
      <time>2026-08-15T18:26:36.985+02:00</time>
      <extensions>
        <activity type="IN_VEHICLE" conf="96" state="moving" tsMs="1786811196920"/>
        <radio op="vodafone IT" rat="LTE" q="21.00" rsrp="-111" sinr="10" rsrq="-12"/>
        <radio op="I TIM" rat="LTE" q="16.50" rsrp="-114" sinr="10" rsrq="-13"/>
      </extensions>
    </trkpt>
    <trkpt lat="45.6448661" lon="10.458949">
      <ele>307.0</ele>
      <time>2026-08-15T18:26:46.985+02:00</time>
      <extensions>
        <activity type="IN_VEHICLE" conf="98" state="moving" tsMs="1786811207130"/>
        <radio op="vodafone IT" rat="LTE" q="30.00" rsrp="-105" sinr="10" rsrq="-7"/>
        <radio op="I TIM" rat="LTE" q="17.60" rsrp="-109" sinr="6" rsrq="-13"/>
      </extensions>
    </trkpt>
    <trkpt lat="45.6442475" lon="10.4611876">
      <ele>308.0</ele>
      <time>2026-08-15T18:26:56.985+02:00</time>
      <extensions>
        <activity type="IN_VEHICLE" conf="97" state="moving" tsMs="1786811217829"/>
        <radio op="vodafone IT" rat="LTE" q="16.00" rsrp="-109" sinr="5" rsrq="-9"/>
        <radio op="I TIM" rat="LTE" q="14.40" rsrp="-113" sinr="7" rsrq="-12"/>
      </extensions>
    </trkpt>
    <trkpt lat="45.6435852" lon="10.4635635">
      <ele>312.0</ele>
      <time>2026-08-15T18:27:06.985+02:00</time>
      <extensions>
        <activity type="IN_VEHICLE" conf="97" state="moving" tsMs="1786811227870"/>
        <radio op="vodafone IT" rat="LTE" q="59.80" rsrp="-99" sinr="18" rsrq="-9"/>
        <radio op="I TIM" rat="LTE" q="40.60" rsrp="-96" sinr="9" rsrq="-7"/>
      </extensions>
    </trkpt>
    <trkpt lat="45.6428425" lon="10.4662896">
      <ele>314.0</ele>
      <time>2026-08-15T18:27:17.984+02:00</time>
      <extensions>
        <activity type="IN_VEHICLE" conf="97" state="moving" tsMs="1786811233244"/>
        <radio op="vodafone IT" rat="LTE" q="77.50" rsrp="-94" sinr="21" rsrq="-7"/>
        <radio op="I TIM" rat="LTE" q="75.00" rsrp="-95" sinr="20" rsrq="-6"/>
      </extensions>
    </trkpt>
    <trkpt lat="45.6426998" lon="10.4667867">
      <ele>312.0</ele>
      <time>2026-08-15T18:27:23.394+02:00</time>
      <extensions>
        <activity type="IN_VEHICLE" conf="96" state="moving" tsMs="1786811243453"/>
        <radio op="vodafone IT" rat="LTE" q="0.00" rsrp="-125" sinr="2" rsrq="-11"/>
        <radio op="I TIM" rat="LTE" q="6.60" rsrp="-119" sinr="6" rsrq="-8"/>
      </extensions>
    </trkpt>
    <trkpt lat="45.6312829" lon="10.5056922">
      <ele>290.1000061035156</ele>
      <time>2026-08-15T18:31:09.984+02:00</time>
      <extensions>
        <activity type="IN_VEHICLE" conf="97" state="moving" tsMs="1786811473711"/>
        <radio op="vodafone IT" rat="LTE" rsrp="-114" rsrq="-14"/>
        <radio op="I TIM" rat="LTE" rsrp="-127" rsrq="-17"/>
      </extensions>
    </trkpt>
    <trkpt lat="45.629377" lon="10.5023474">
      <ele>289.9000244140625</ele>
      <time>2026-08-15T18:31:27.985+02:00</time>
      <extensions>
        <activity type="IN_VEHICLE" conf="97" state="moving" tsMs="1786811483540"/>
        <radio op="vodafone IT" rat="LTE" rsrp="-88" rsrq="-14"/>
        <radio op="I TIM" rat="LTE" q="12.00" rsrp="-101" sinr="0" rsrq="-15"/>
      </extensions>
    </trkpt>
    <trkpt lat="45.628203" lon="10.5010042">
      <ele>289.9000244140625</ele>
      <time>2026-08-15T18:31:37.985+02:00</time>
      <extensions>
        <activity type="IN_VEHICLE" conf="97" state="moving" tsMs="1786811494215"/>
        <radio op="vodafone IT" rat="LTE" q="48.30" rsrp="-104" sinr="18" rsrq="-10"/>
        <radio op="I TIM" rat="LTE" rsrp="-106" rsrq="-14"/>
      </extensions>
    </trkpt>
    <trkpt lat="45.6271865" lon="10.4999937">
      <ele>284.4000244140625</ele>
      <time>2026-08-15T18:31:47.985+02:00</time>
      <extensions>
        <activity type="IN_VEHICLE" conf="97" state="moving" tsMs="1786811503553"/>
        <radio op="vodafone IT" rat="LTE" q="57.60" rsrp="-101" sinr="19" rsrq="-5"/>
        <radio op="I TIM" rat="LTE" rsrp="-111" rsrq="-16"/>
      </extensions>
    </trkpt>
    <trkpt lat="45.6260247" lon="10.4990507">
      <ele>284.4000244140625</ele>
      <time>2026-08-15T18:31:57.984+02:00</time>
      <extensions>
        <activity type="IN_VEHICLE" conf="97" state="moving" tsMs="1786811514263"/>
        <radio op="vodafone IT" rat="LTE" q="43.70" rsrp="-106" sinr="18" rsrq="-8"/>
        <radio op="I TIM" rat="LTE" q="6.60" rsrp="-114" sinr="1" rsrq="-14"/>
      </extensions>
    </trkpt>
    <trkpt lat="45.625367" lon="10.498031">
      <ele>280.6000061035156</ele>
      <time>2026-08-15T18:32:07.984+02:00</time>
      <extensions>
        <activity type="IN_VEHICLE" conf="97" state="moving" tsMs="1786811524356"/>
        <radio op="vodafone IT" rat="LTE" q="70.00" rsrp="-97" sinr="20" rsrq="-7"/>
        <radio op="I TIM" rat="LTE" rsrp="-103" rsrq="-12"/>
      </extensions>
    </trkpt>
    <trkpt lat="45.6250626" lon="10.4964831">
      <ele>280.6000061035156</ele>
      <time>2026-08-15T18:32:17.985+02:00</time>
      <extensions>
        <activity type="IN_VEHICLE" conf="97" state="moving" tsMs="1786811535048"/>
        <radio op="vodafone IT" rat="LTE" q="65.00" rsrp="-99" sinr="24" rsrq="-7"/>
        <radio op="I TIM" rat="LTE" q="33.00" rsrp="-92" sinr="5" rsrq="-11"/>
      </extensions>
    </trkpt>
    <trkpt lat="45.6242586" lon="10.4947732">
      <ele>279.70001220703125</ele>
      <time>2026-08-15T18:32:28.984+02:00</time>
      <extensions>
        <activity type="IN_VEHICLE" conf="97" state="moving" tsMs="1786811544832"/>
        <radio op="vodafone IT" rat="LTE" q="18.00" rsrp="-113" sinr="10" rsrq="-8"/>
        <radio op="I TIM" rat="LTE" q="16.20" rsrp="-107" sinr="4" rsrq="-12"/>
      </extensions>
    </trkpt>
    <trkpt lat="45.6235263" lon="10.4930463">
      <ele>279.70001220703125</ele>
      <time>2026-08-15T18:32:38.984+02:00</time>
      <extensions>
        <activity type="IN_VEHICLE" conf="97" state="moving" tsMs="1786811555528"/>
        <radio op="vodafone IT" rat="LTE" q="15.60" rsrp="-112" sinr="7" rsrq="-11"/>
        <radio op="I TIM" rat="LTE" q="6.00" rsrp="-119" sinr="5" rsrq="-13"/>
      </extensions>
    </trkpt>
    <trkpt lat="45.6230008" lon="10.4911065">
      <ele>277.4000244140625</ele>
      <time>2026-08-15T18:32:48.985+02:00</time>
      <extensions>
        <activity type="IN_VEHICLE" conf="98" state="moving" tsMs="1786811565640"/>
        <radio op="vodafone IT" rat="LTE" q="37.80" rsrp="-104" sinr="13" rsrq="-8"/>
        <radio op="I TIM" rat="LTE" q="8.80" rsrp="-114" sinr="3" rsrq="-11"/>
      </extensions>
    </trkpt>
    <trkpt lat="45.6220828" lon="10.489287">
      <ele>277.4000244140625</ele>
      <time>2026-08-15T18:32:58.984+02:00</time>
      <extensions>
        <activity type="IN_VEHICLE" conf="97" state="moving" tsMs="1786811576325"/>
        <radio op="vodafone IT" rat="LTE" q="22.80" rsrp="-106" sinr="7" rsrq="-10"/>
        <radio op="I TIM" rat="LTE" rsrp="-121" rsrq="-16"/>
      </extensions>
    </trkpt>
    <trkpt lat="45.6211348" lon="10.4872627">
      <ele>277.20001220703125</ele>
      <time>2026-08-15T18:33:08.984+02:00</time>
      <extensions>
        <activity type="IN_VEHICLE" conf="97" state="moving" tsMs="1786811586532"/>
        <radio op="vodafone IT" rat="LTE" q="16.10" rsrp="-102" sinr="2" rsrq="-13"/>
        <radio op="I TIM" rat="LTE" q="4.90" rsrp="-118" sinr="2" rsrq="-13"/>
      </extensions>
    </trkpt>
    <trkpt lat="45.6201425" lon="10.4851293">
      <ele>277.20001220703125</ele>
      <time>2026-08-15T18:33:18.985+02:00</time>
      <extensions>
        <activity type="IN_VEHICLE" conf="97" state="moving" tsMs="1786811597227"/>
        <radio op="vodafone IT" rat="LTE" q="9.80" rsrp="-111" sinr="2" rsrq="-13"/>
        <radio op="I TIM" rat="LTE" rsrp="-123" rsrq="-17"/>
      </extensions>
    </trkpt>
    <trkpt lat="45.6191037" lon="10.4835224">
      <ele>284.9000244140625</ele>
      <time>2026-08-15T18:33:28.983+02:00</time>
      <extensions>
        <activity type="IN_VEHICLE" conf="97" state="moving" tsMs="1786811607332"/>
        <radio op="vodafone IT" rat="LTE" q="36.80" rsrp="-102" sinr="11" rsrq="-12"/>
        <radio op="I TIM" rat="LTE" rsrp="-117" rsrq="-17"/>
      </extensions>
    </trkpt>
    <trkpt lat="45.6173684" lon="10.4832801">
      <ele>284.9000244140625</ele>
      <time>2026-08-15T18:33:38.984+02:00</time>
      <extensions>
        <activity type="IN_VEHICLE" conf="96" state="moving" tsMs="1786811618002"/>
        <radio op="vodafone IT" rat="LTE" q="9.10" rsrp="-112" sinr="2" rsrq="-15"/>
        <radio op="I TIM" rat="LTE" rsrp="-119" rsrq="-14"/>
      </extensions>
    </trkpt>
    <trkpt lat="45.6155422" lon="10.482998">
      <ele>274.8000183105469</ele>
      <time>2026-08-15T18:33:48.984+02:00</time>
      <extensions>
        <activity type="IN_VEHICLE" conf="97" state="moving" tsMs="1786811627464"/>
        <radio op="vodafone IT" rat="LTE" q="58.90" rsrp="-94" sinr="14" rsrq="-11"/>
        <radio op="I TIM" rat="LTE" rsrp="-120" rsrq="-17"/>
      </extensions>
    </trkpt>
    <trkpt lat="45.6138325" lon="10.4821077">
      <ele>274.8000183105469</ele>
      <time>2026-08-15T18:33:58.983+02:00</time>
      <extensions>
        <activity type="IN_VEHICLE" conf="97" state="moving" tsMs="1786811638157"/>
        <radio op="vodafone IT" rat="LTE" q="80.00" rsrp="-93" sinr="20" rsrq="-10"/>
        <radio op="I TIM" rat="LTE" rsrp="-116" rsrq="-14"/>
      </extensions>
    </trkpt>
    <trkpt lat="45.6121459" lon="10.4810839">
      <ele>270.4000244140625</ele>
      <time>2026-08-15T18:34:09.984+02:00</time>
      <extensions>
        <activity type="IN_VEHICLE" conf="97" state="moving" tsMs="1786811647474"/>
        <radio op="vodafone IT" rat="LTE" q="20.90" rsrp="-106" sinr="6" rsrq="-10"/>
        <radio op="I TIM" rat="LTE" rsrp="-119" rsrq="-18"/>
      </extensions>
    </trkpt>
    <trkpt lat="45.6117172" lon="10.4806073">
      <ele>270.4000244140625</ele>
      <time>2026-08-15T18:34:19.983+02:00</time>
      <extensions>
        <activity type="IN_VEHICLE" conf="97" state="moving" tsMs="1786811658205"/>
        <radio op="vodafone IT" rat="LTE" q="75.90" rsrp="-92" sinr="18" rsrq="-10"/>
        <radio op="I TIM" rat="LTE" rsrp="-110" rsrq="-12"/>
      </extensions>
    </trkpt>
    <trkpt lat="45.6115599" lon="10.4814035">
      <ele>269.70001220703125</ele>
      <time>2026-08-15T18:34:29.983+02:00</time>
      <extensions>
        <activity type="IN_VEHICLE" conf="96" state="moving" tsMs="1786811668293"/>
        <radio op="vodafone IT" rat="LTE" rsrp="-114" rsrq="-15"/>
        <radio op="I TIM" rat="LTE" rsrp="-116" rsrq="-18"/>
      </extensions>
    </trkpt>
    <trkpt lat="45.6111168" lon="10.4831093">
      <ele>269.70001220703125</ele>
      <time>2026-08-15T18:34:39.983+02:00</time>
      <extensions>
        <activity type="IN_VEHICLE" conf="97" state="moving" tsMs="1786811678975"/>
        <radio op="vodafone IT" rat="LTE" q="12.60" rsrp="-104" sinr="1" rsrq="-10"/>
        <radio op="I TIM" rat="LTE" rsrp="-108" rsrq="-19"/>
      </extensions>
    </trkpt>
    <trkpt lat="45.6117841" lon="10.4848927">
      <ele>240.20001220703125</ele>
      <time>2026-08-15T18:34:49.984+02:00</time>
      <extensions>
        <activity type="IN_VEHICLE" conf="97" state="moving" tsMs="1786811689118"/>
        <radio op="vodafone IT" rat="LTE" q="19.20" rsrp="-101" sinr="3" rsrq="-11"/>
        <radio op="I TIM" rat="LTE" q="23.40" rsrp="-107" sinr="8" rsrq="-13"/>
      </extensions>
    </trkpt>
    <trkpt lat="45.6120596" lon="10.4866443">
      <ele>240.20001220703125</ele>
      <time>2026-08-15T18:34:59.984+02:00</time>
      <extensions>
        <activity type="IN_VEHICLE" conf="97" state="moving" tsMs="1786811699875"/>
        <radio op="vodafone IT" rat="LTE" q="23.20" rsrp="-96" sinr="3" rsrq="-10"/>
        <radio op="I TIM" rat="LTE" rsrp="-105" rsrq="-13"/>
      </extensions>
    </trkpt>
    <trkpt lat="45.6122672" lon="10.4885052">
      <ele>240.20001220703125</ele>
      <time>2026-08-15T18:35:09.983+02:00</time>
      <extensions>
        <activity type="IN_VEHICLE" conf="96" state="moving" tsMs="1786811705220"/>
        <radio op="vodafone IT" rat="LTE" rsrp="-107" rsrq="-14"/>
        <radio op="I TIM" rat="LTE" rsrp="-117" rsrq="-19"/>
      </extensions>
    </trkpt>
    <trkpt lat="45.6120897" lon="10.4903772">
      <ele>240.40000915527344</ele>
      <time>2026-08-15T18:35:19.983+02:00</time>
      <extensions>
        <activity type="IN_VEHICLE" conf="96" state="moving" tsMs="1786811711722"/>
        <radio op="vodafone IT" rat="LTE" rsrp="-113" rsrq="-16"/>
        <radio op="I TIM" rat="LTE" q="4.20" rsrp="-118" sinr="1" rsrq="-16"/>
      </extensions>
    </trkpt>
    <trkpt lat="45.6113167" lon="10.4921516">
      <ele>240.40000915527344</ele>
      <time>2026-08-15T18:35:29.984+02:00</time>
      <extensions>
        <activity type="IN_VEHICLE" conf="97" state="moving" tsMs="1786811729750"/>
        <radio op="vodafone IT" rat="LTE" rsrp="-102" rsrq="-13"/>
        <radio op="I TIM" rat="LTE" q="25.20" rsrp="-104" sinr="7" rsrq="-12"/>
      </extensions>
    </trkpt>
    <trkpt lat="45.6105436" lon="10.4939269">
      <ele>233.10000610351562</ele>
      <time>2026-08-15T18:35:39.983+02:00</time>
      <extensions>
        <activity type="IN_VEHICLE" conf="97" state="moving" tsMs="1786811740449"/>
        <radio op="vodafone IT" rat="LTE" rsrp="-111" rsrq="-13"/>
        <radio op="I TIM" rat="LTE" rsrp="-118" rsrq="-16"/>
      </extensions>
    </trkpt>
    <trkpt lat="45.6098979" lon="10.4958585">
      <ele>233.10000610351562</ele>
      <time>2026-08-15T18:35:49.983+02:00</time>
      <extensions>
        <activity type="IN_VEHICLE" conf="97" state="moving" tsMs="1786811750538"/>
        <radio op="vodafone IT" rat="LTE" rsrp="-107" rsrq="-11"/>
        <radio op="I TIM" rat="LTE" rsrp="-116" rsrq="-16"/>
      </extensions>
    </trkpt>
    <trkpt lat="45.6096697" lon="10.4981153">
      <ele>233.10000610351562</ele>
      <time>2026-08-15T18:36:00.983+02:00</time>
      <extensions>
        <activity type="IN_VEHICLE" conf="97" state="moving" tsMs="1786811755878"/>
        <radio op="vodafone IT" rat="LTE" rsrp="-103" rsrq="-11"/>
        <radio op="I TIM" rat="LTE" rsrp="-116" rsrq="-21"/>
      </extensions>
    </trkpt>
    <trkpt lat="45.6101906" lon="10.5000068">
      <ele>233.10000610351562</ele>
      <time>2026-08-15T18:36:10.984+02:00</time>
      <extensions>
        <activity type="IN_VEHICLE" conf="97" state="moving" tsMs="1786811770695"/>
        <radio op="vodafone IT" rat="LTE" q="31.90" rsrp="-96" sinr="6" rsrq="-9"/>
        <radio op="I TIM" rat="LTE" rsrp="-108" rsrq="-17"/>
      </extensions>
    </trkpt>
    <trkpt lat="45.6106063" lon="10.5012495">
      <ele>194.3000030517578</ele>
      <time>2026-08-15T18:36:20.984+02:00</time>
      <extensions>
        <activity type="IN_VEHICLE" conf="97" state="moving" tsMs="1786811776033"/>
        <radio op="vodafone IT" rat="LTE" q="13.80" rsrp="-102" sinr="1" rsrq="-11"/>
        <radio op="I TIM" rat="LTE" rsrp="-111" rsrq="-15"/>
      </extensions>
    </trkpt>
    <trkpt lat="45.6106688" lon="10.5030915">
      <ele>194.3000030517578</ele>
      <time>2026-08-15T18:36:30.984+02:00</time>
      <extensions>
        <activity type="IN_VEHICLE" conf="97" state="moving" tsMs="1786811786741"/>
        <radio op="vodafone IT" rat="LTE" q="15.00" rsrp="-95" sinr="0" rsrq="-12"/>
        <radio op="I TIM" rat="LTE" rsrp="-100" rsrq="-15"/>
      </extensions>
    </trkpt>
    <trkpt lat="45.6103501" lon="10.5054324">
      <ele>188.3000030517578</ele>
      <time>2026-08-15T18:36:40.983+02:00</time>
      <extensions>
        <activity type="IN_VEHICLE" conf="97" state="moving" tsMs="1786811796958"/>
        <radio op="vodafone IT" rat="LTE" q="39.60" rsrp="-92" sinr="7" rsrq="-11"/>
        <radio op="I TIM" rat="LTE" q="13.00" rsrp="-99" sinr="0" rsrq="-14"/>
      </extensions>
    </trkpt>
    <trkpt lat="45.6109894" lon="10.5078303">
      <ele>188.3000030517578</ele>
      <time>2026-08-15T18:36:50.984+02:00</time>
      <extensions>
        <activity type="IN_VEHICLE" conf="97" state="moving" tsMs="1786811811640"/>
        <radio op="vodafone IT" rat="LTE" q="28.80" rsrp="-93" sinr="4" rsrq="-11"/>
        <radio op="I TIM" rat="LTE" q="12.60" rsrp="-104" sinr="1" rsrq="-15"/>
      </extensions>
    </trkpt>
    <trkpt lat="45.6117499" lon="10.5098579">
      <ele>188.3000030517578</ele>
      <time>2026-08-15T18:37:00.984+02:00</time>
      <extensions>
        <activity type="IN_VEHICLE" conf="97" state="moving" tsMs="1786811816971"/>
        <radio op="vodafone IT" rat="LTE" rsrp="-102" rsrq="-13"/>
        <radio op="I TIM" rat="LTE" rsrp="-104" rsrq="-12"/>
      </extensions>
    </trkpt>
    <trkpt lat="45.6118225" lon="10.5110874">
      <ele>188.3000030517578</ele>
      <time>2026-08-15T18:37:10.983+02:00</time>
      <extensions>
        <activity type="IN_VEHICLE" conf="97" state="moving" tsMs="1786811827680"/>
        <radio op="vodafone IT" rat="LTE" rsrp="-102" rsrq="-15"/>
        <radio op="I TIM" rat="LTE" rsrp="-108" rsrq="-15"/>
      </extensions>
    </trkpt>
    <trkpt lat="45.6115331" lon="10.5126828">
      <ele>160.10000610351562</ele>
      <time>2026-08-15T18:37:20.983+02:00</time>
      <extensions>
        <activity type="IN_VEHICLE" conf="97" state="moving" tsMs="1786811837469"/>
        <radio op="vodafone IT" rat="LTE" rsrp="-103" rsrq="-16"/>
        <radio op="I TIM" rat="LTE" rsrp="-110" rsrq="-15"/>
      </extensions>
    </trkpt>
    <trkpt lat="45.6109956" lon="10.515102">
      <ele>160.10000610351562</ele>
      <time>2026-08-15T18:37:31.983+02:00</time>
      <extensions>
        <activity type="IN_VEHICLE" conf="97" state="moving" tsMs="1786811848217"/>
        <radio op="vodafone IT" rat="LTE" rsrp="-102" rsrq="-14"/>
        <radio op="I TIM" rat="LTE" rsrp="-114" rsrq="-17"/>
      </extensions>
    </trkpt>
    <trkpt lat="45.610464" lon="10.5175372">
      <ele>157.50001525878906</ele>
      <time>2026-08-15T18:37:41.983+02:00</time>
      <extensions>
        <activity type="IN_VEHICLE" conf="97" state="moving" tsMs="1786811858349"/>
        <radio op="vodafone IT" rat="LTE" rsrp="-99" rsrq="-13"/>
        <radio op="I TIM" rat="LTE" rsrp="-107" rsrq="-15"/>
      </extensions>
    </trkpt>
    <trkpt lat="45.6097491" lon="10.519896">
      <ele>157.50001525878906</ele>
      <time>2026-08-15T18:37:51.983+02:00</time>
      <extensions>
        <activity type="IN_VEHICLE" conf="97" state="moving" tsMs="1786811869005"/>
        <radio op="vodafone IT" rat="LTE" q="15.50" rsrp="-94" sinr="0" rsrq="-14"/>
        <radio op="I TIM" rat="LTE" q="19.80" rsrp="-107" sinr="6" rsrq="-13"/>
      </extensions>
    </trkpt>
    <trkpt lat="45.6085522" lon="10.5217902">
      <ele>157.50001525878906</ele>
      <time>2026-08-15T18:38:01.984+02:00</time>
      <extensions>
        <activity type="IN_VEHICLE" conf="97" state="moving" tsMs="1786811879149"/>
        <radio op="vodafone IT" rat="LTE" rsrp="-93" rsrq="-15"/>
        <radio op="I TIM" rat="LTE" q="34.80" rsrp="-96" sinr="7" rsrq="-12"/>
      </extensions>
    </trkpt>
    <trkpt lat="45.6087086" lon="10.5238956">
      <ele>157.50001525878906</ele>
      <time>2026-08-15T18:38:11.984+02:00</time>
      <extensions>
        <activity type="IN_VEHICLE" conf="97" state="moving" tsMs="1786811889891"/>
        <radio op="vodafone IT" rat="LTE" rsrp="-87" rsrq="-13"/>
        <radio op="I TIM" rat="LTE" q="42.00" rsrp="-95" sinr="9" rsrq="-12"/>
      </extensions>
    </trkpt>
    <trkpt lat="45.6085785" lon="10.526289">
      <ele>157.50001525878906</ele>
      <time>2026-08-15T18:38:21.984+02:00</time>
      <extensions>
        <activity type="IN_VEHICLE" conf="97" state="moving" tsMs="1786811900079"/>
        <radio op="vodafone IT" rat="LTE" rsrp="-93" rsrq="-15"/>
        <radio op="I TIM" rat="LTE" q="26.40" rsrp="-101" sinr="6" rsrq="-13"/>
      </extensions>
    </trkpt>
    <trkpt lat="45.608801" lon="10.5287864">
      <ele>157.50001525878906</ele>
      <time>2026-08-15T18:38:31.984+02:00</time>
      <extensions>
        <activity type="IN_VEHICLE" conf="97" state="moving" tsMs="1786811910750"/>
        <radio op="vodafone IT" rat="LTE" q="48.00" rsrp="-93" sinr="10" rsrq="-12"/>
        <radio op="I TIM" rat="LTE" rsrp="-110" rsrq="-19"/>
      </extensions>
    </trkpt>
    <trkpt lat="45.6095286" lon="10.5311286">
      <ele>157.50001525878906</ele>
      <time>2026-08-15T18:38:41.983+02:00</time>
      <extensions>
        <activity type="IN_VEHICLE" conf="97" state="moving" tsMs="1786811920499"/>
        <radio op="vodafone IT" rat="LTE" q="14.40" rsrp="-101" sinr="1" rsrq="-13"/>
        <radio op="I TIM" rat="LTE" rsrp="-113" rsrq="-20"/>
      </extensions>
    </trkpt>
    <trkpt lat="45.6095549" lon="10.5326113">
      <ele>157.50001525878906</ele>
      <time>2026-08-15T18:38:52.983+02:00</time>
      <extensions>
        <activity type="IN_VEHICLE" conf="97" state="moving" tsMs="1786811931165"/>
        <radio op="vodafone IT" rat="LTE" rsrp="-105" rsrq="-15"/>
        <radio op="I TIM" rat="LTE" rsrp="-111" rsrq="-15"/>
      </extensions>
    </trkpt>
    <trkpt lat="45.6094736" lon="10.533782">
      <ele>156.0</ele>
      <time>2026-08-15T18:39:02.984+02:00</time>
      <extensions>
        <activity type="IN_VEHICLE" conf="97" state="moving" tsMs="1786811940795"/>
        <radio op="vodafone IT" rat="LTE" q="40.80" rsrp="-91" sinr="7" rsrq="-11"/>
        <radio op="I TIM" rat="LTE" rsrp="-114" rsrq="-19"/>
      </extensions>
    </trkpt>
    <trkpt lat="45.6102284" lon="10.5353945">
      <ele>151.0</ele>
      <time>2026-08-15T18:39:12.983+02:00</time>
      <extensions>
        <activity type="IN_VEHICLE" conf="97" state="moving" tsMs="1786811951461"/>
        <radio op="vodafone IT" rat="LTE" q="34.80" rsrp="-96" sinr="7" rsrq="-11"/>
        <radio op="I TIM" rat="LTE" q="40.00" rsrp="-100" sinr="11" rsrq="-10"/>
      </extensions>
    </trkpt>
    <trkpt lat="45.6107496" lon="10.5368949">
      <ele>143.0</ele>
      <time>2026-08-15T18:39:22.984+02:00</time>
      <extensions>
        <activity type="IN_VEHICLE" conf="97" state="moving" tsMs="1786811961132"/>
        <radio op="vodafone IT" rat="LTE" q="36.40" rsrp="-99" sinr="9" rsrq="-9"/>
        <radio op="I TIM" rat="LTE" q="43.70" rsrp="-102" sinr="14" rsrq="-10"/>
      </extensions>
    </trkpt>
    <trkpt lat="45.6110657" lon="10.5386271">
      <ele>140.0</ele>
      <time>2026-08-15T18:39:32.984+02:00</time>
      <extensions>
        <activity type="IN_VEHICLE" conf="97" state="moving" tsMs="1786811971872"/>
        <radio op="vodafone IT" rat="LTE" q="31.20" rsrp="-101" sinr="8" rsrq="-10"/>
        <radio op="I TIM" rat="LTE" q="25.30" rsrp="-102" sinr="6" rsrq="-10"/>
      </extensions>
    </trkpt>
    <trkpt lat="45.6118453" lon="10.5406306">
      <ele>131.0</ele>
      <time>2026-08-15T18:39:42.984+02:00</time>
      <extensions>
        <activity type="IN_VEHICLE" conf="98" state="moving" tsMs="1786811981265"/>
        <radio op="vodafone IT" rat="LTE" q="28.80" rsrp="-101" sinr="7" rsrq="-11"/>
        <radio op="I TIM" rat="LTE" q="15.20" rsrp="-106" sinr="3" rsrq="-10"/>
      </extensions>
    </trkpt>
    <trkpt lat="45.612579" lon="10.5427617">
      <ele>124.0</ele>
      <time>2026-08-15T18:39:52.984+02:00</time>
      <extensions>
        <activity type="IN_VEHICLE" conf="97" state="moving" tsMs="1786811991955"/>
        <radio op="vodafone IT" rat="LTE" q="9.00" rsrp="-107" sinr="0" rsrq="-12"/>
        <radio op="I TIM" rat="LTE" rsrp="-109" rsrq="-12"/>
      </extensions>
    </trkpt>
    <trkpt lat="45.6131613" lon="10.5449213">
      <ele>122.0999984741211</ele>
      <time>2026-08-15T18:40:02.982+02:00</time>
      <extensions>
        <activity type="IN_VEHICLE" conf="97" state="moving" tsMs="1786812002280"/>
        <radio op="vodafone IT" rat="LTE" rsrp="-115" rsrq="-16"/>
        <radio op="I TIM" rat="LTE" rsrp="-110" rsrq="-13"/>
      </extensions>
    </trkpt>
    <trkpt lat="45.6136308" lon="10.5468098">
      <ele>122.0999984741211</ele>
      <time>2026-08-15T18:40:12.983+02:00</time>
      <extensions>
        <activity type="IN_VEHICLE" conf="97" state="moving" tsMs="1786812012971"/>
        <radio op="vodafone IT" rat="LTE" q="12.00" rsrp="-110" sinr="3" rsrq="-13"/>
        <radio op="I TIM" rat="LTE" q="8.40" rsrp="-113" sinr="2" rsrq="-12"/>
      </extensions>
    </trkpt>
    <trkpt lat="45.6139571" lon="10.5484183">
      <ele>122.0999984741211</ele>
      <time>2026-08-15T18:40:23.983+02:00</time>
      <extensions>
        <activity type="IN_VEHICLE" conf="97" state="moving" tsMs="1786812022382"/>
        <radio op="vodafone IT" rat="LTE" rsrp="-106" rsrq="-13"/>
        <radio op="I TIM" rat="LTE" rsrp="-112" rsrq="-13"/>
      </extensions>
    </trkpt>
    <trkpt lat="45.6141477" lon="10.549564">
      <ele>122.0999984741211</ele>
      <time>2026-08-15T18:40:33.983+02:00</time>
      <extensions>
        <activity type="IN_VEHICLE" conf="97" state="moving" tsMs="1786812033125"/>
        <radio op="vodafone IT" rat="LTE" q="10.80" rsrp="-107" sinr="1" rsrq="-14"/>
        <radio op="I TIM" rat="LTE" rsrp="-115" rsrq="-18"/>
      </extensions>
    </trkpt>
    <trkpt lat="45.6142868" lon="10.5506554">
      <ele>122.69999694824219</ele>
      <time>2026-08-15T18:40:43.982+02:00</time>
      <extensions>
        <activity type="IN_VEHICLE" conf="97" state="moving" tsMs="1786812043285"/>
        <radio op="vodafone IT" rat="LTE" rsrp="-101" rsrq="-14"/>
        <radio op="I TIM" rat="LTE" rsrp="-114" rsrq="-20"/>
      </extensions>
    </trkpt>
    <trkpt lat="45.6144193" lon="10.5511894">
      <ele>122.69999694824219</ele>
      <time>2026-08-15T18:40:53.982+02:00</time>
      <extensions>
        <activity type="IN_VEHICLE" conf="97" state="moving" tsMs="1786812053995"/>
        <radio op="vodafone IT" rat="LTE" rsrp="-102" rsrq="-13"/>
        <radio op="I TIM" rat="LTE" rsrp="-114" rsrq="-16"/>
      </extensions>
    </trkpt>
    <trkpt lat="45.6141657" lon="10.5513819">
      <ele>122.30000305175781</ele>
      <time>2026-08-15T18:41:03.983+02:00</time>
      <extensions>
        <activity type="IN_VEHICLE" conf="96" state="moving" tsMs="1786812063820"/>
        <radio op="vodafone IT" rat="LTE" rsrp="-104" rsrq="-12"/>
        <radio op="I TIM" rat="LTE" rsrp="-111" rsrq="-15"/>
      </extensions>
    </trkpt>
    <trkpt lat="45.6141202" lon="10.5511683">
      <ele>122.30000305175781</ele>
      <time>2026-08-15T18:41:13.983+02:00</time>
      <extensions>
        <activity type="TILTING" conf="100" state="moving" tsMs="1786812065247"/>
        <radio op="vodafone IT" rat="LTE" q="11.50" rsrp="-102" sinr="0" rsrq="-13"/>
        <radio op="I TIM" rat="LTE" q="6.60" rsrp="-114" sinr="1" rsrq="-17"/>
      </extensions>
    </trkpt>
    <trkpt lat="45.6140325" lon="10.5504712">
      <ele>122.30000305175781</ele>
      <time>2026-08-15T18:41:23.982+02:00</time>
      <extensions>
        <activity type="IN_VEHICLE" conf="95" state="moving" tsMs="1786812068705"/>
        <radio op="vodafone IT" rat="LTE" q="25.30" rsrp="-102" sinr="6" rsrq="-9"/>
        <radio op="I TIM" rat="LTE" q="8.50" rsrp="-108" sinr="0" rsrq="-13"/>
      </extensions>
    </trkpt>
    <trkpt lat="45.6140325" lon="10.5504712">
      <ele>122.30000305175781</ele>
      <time>2026-08-15T18:41:33.983+02:00</time>
      <extensions>
        <activity type="IN_VEHICLE" conf="83" state="moving" tsMs="1786812093093"/>
        <radio op="vodafone IT" rat="LTE" rsrp="-104" rsrq="-11"/>
        <radio op="I TIM" rat="LTE" q="20.00" rsrp="-105" sinr="5" rsrq="-11"/>
      </extensions>
    </trkpt>
    <trkpt lat="45.6140325" lon="10.5504712">
      <ele>118.5999984741211</ele>
      <time>2026-08-15T18:41:43.983+02:00</time>
      <extensions>
        <activity type="TILTING" conf="100" state="moving" tsMs="1786812102324"/>
        <radio op="vodafone IT" rat="LTE" q="22.00" rsrp="-103" sinr="5" rsrq="-12"/>
        <radio op="I TIM" rat="LTE" q="11.40" rsrp="-106" sinr="1" rsrq="-13"/>
      </extensions>
    </trkpt>
    <trkpt lat="45.6140325" lon="10.5504712">
      <ele>118.5999984741211</ele>
      <time>2026-08-15T18:41:44.983+02:00</time>
      <extensions>
        <activity type="TILTING" conf="100" state="moving" tsMs="1786812102324"/>
        <radio op="vodafone IT" rat="LTE" q="23.40" rsrp="-99" sinr="4" rsrq="-9"/>
        <radio op="I TIM" rat="LTE" q="14.00" rsrp="-105" sinr="2" rsrq="-12"/>
      </extensions>
    </trkpt>
    <trkpt lat="45.6140653" lon="10.5504599">
      <ele>121.5</ele>
      <time>2026-08-15T18:42:15.508+02:00</time>
      <extensions>
        <activity type="UNKNOWN" conf="40" state="unknown" tsMs="1786812130773"/>
        <radio op="vodafone IT" rat="LTE" q="27.00" rsrp="-98" sinr="5" rsrq="-8"/>
        <radio op="I TIM" rat="LTE" q="18.90" rsrp="-104" sinr="4" rsrq="-12"/>
      </extensions>
    </trkpt>
    <trkpt lat="45.6140696" lon="10.5504688">
      <ele>122.5</ele>
      <time>2026-08-15T18:42:46.676+02:00</time>
      <extensions>
        <activity type="UNKNOWN" conf="40" state="unknown" tsMs="1786812166067"/>
        <radio op="vodafone IT" rat="LTE" q="22.00" rsrp="-105" sinr="6" rsrq="-11"/>
        <radio op="I TIM" rat="LTE" q="20.00" rsrp="-105" sinr="5" rsrq="-13"/>
      </extensions>
    </trkpt>
    <trkpt lat="45.6139835" lon="10.5504997">
      <ele>118.5999984741211</ele>
      <time>2026-08-15T18:43:06.982+02:00</time>
      <extensions>
        <activity type="UNKNOWN" conf="40" state="unknown" tsMs="1786812170018"/>
        <radio op="vodafone IT" rat="LTE" q="29.90" rsrp="-102" sinr="8" rsrq="-8"/>
        <radio op="I TIM" rat="LTE" q="24.20" rsrp="-103" sinr="6" rsrq="-13"/>
      </extensions>
    </trkpt>
    <trkpt lat="45.6140711" lon="10.5504847">
      <ele>118.5999984741211</ele>
      <time>2026-08-15T18:43:38.168+02:00</time>
      <extensions>
        <activity type="STILL" conf="37" state="still" tsMs="1786812195857"/>
        <radio op="vodafone IT" rat="LTE" q="18.00" rsrp="-107" sinr="5" rsrq="-12"/>
        <radio op="I TIM" rat="LTE" q="13.60" rsrp="-108" sinr="3" rsrq="-12"/>
      </extensions>
    </trkpt>
    <trkpt lat="45.6140714" lon="10.5504703">
      <ele>122.5</ele>
      <time>2026-08-15T18:44:09.197+02:00</time>
      <extensions>
        <activity type="UNKNOWN" conf="40" state="unknown" tsMs="1786812244944"/>
        <radio op="vodafone IT" rat="LTE" q="12.00" rsrp="-110" sinr="3" rsrq="-13"/>
        <radio op="I TIM" rat="LTE" q="9.80" rsrp="-111" sinr="2" rsrq="-14"/>
      </extensions>
    </trkpt>
    <trkpt lat="45.6141532" lon="10.5504243">
      <ele>122.5</ele>
      <time>2026-08-15T18:44:45.982+02:00</time>
      <extensions>
        <activity type="UNKNOWN" conf="40" state="unknown" tsMs="1786812291036"/>
        <radio op="vodafone IT" rat="LTE" q="9.60" rsrp="-113" sinr="3" rsrq="-13"/>
        <radio op="I TIM" rat="LTE" q="7.20" rsrp="-113" sinr="1" rsrq="-14"/>
      </extensions>
    </trkpt>
    <trkpt lat="45.6140739" lon="10.5504713">
      <ele>118.5999984741211</ele>
      <time>2026-08-15T18:45:23.339+02:00</time>
      <extensions>
        <activity type="UNKNOWN" conf="40" state="unknown" tsMs="1786812318033"/>
        <radio op="vodafone IT" rat="LTE" q="11.20" rsrp="-111" sinr="3" rsrq="-14"/>
        <radio op="I TIM" rat="LTE" q="6.00" rsrp="-113" sinr="0" rsrq="-13"/>
      </extensions>
    </trkpt>
    <trkpt lat="45.6140708" lon="10.5504673">
      <ele>122.5</ele>
      <time>2026-08-15T18:45:54.543+02:00</time>
      <extensions>
        <activity type="UNKNOWN" conf="40" state="unknown" tsMs="1786812350336"/>
        <radio op="vodafone IT" rat="LTE" q="16.50" rsrp="-110" sinr="6" rsrq="-12"/>
        <radio op="I TIM" rat="LTE" q="9.10" rsrp="-112" sinr="2" rsrq="-14"/>
      </extensions>
    </trkpt>
    <trkpt lat="45.6140737" lon="10.5504785">
      <ele>118.5999984741211</ele>
      <time>2026-08-15T18:46:43.734+02:00</time>
      <extensions>
        <activity type="UNKNOWN" conf="40" state="unknown" tsMs="1786812399258"/>
        <radio op="vodafone IT" rat="LTE" q="10.50" rsrp="-110" sinr="2" rsrq="-14"/>
        <radio op="I TIM" rat="LTE" q="17.00" rsrp="-108" sinr="5" rsrq="-12"/>
      </extensions>
    </trkpt>
    <trkpt lat="45.6140789" lon="10.5505181">
      <ele>122.5</ele>
      <time>2026-08-15T18:47:22.479+02:00</time>
      <extensions>
        <activity type="UNKNOWN" conf="40" state="unknown" tsMs="1786812436240"/>
        <radio op="vodafone IT" rat="LTE" q="22.80" rsrp="-106" sinr="7" rsrq="-12"/>
        <radio op="I TIM" rat="LTE" q="9.00" rsrp="-110" sinr="1" rsrq="-12"/>
      </extensions>
    </trkpt>
    <trkpt lat="45.6140317" lon="10.5506545">
      <ele>122.5</ele>
      <time>2026-08-15T18:47:56.794+02:00</time>
      <extensions>
        <activity type="UNKNOWN" conf="40" state="unknown" tsMs="1786812471231"/>
        <radio op="vodafone IT" rat="LTE" q="16.00" rsrp="-109" sinr="5" rsrq="-11"/>
        <radio op="I TIM" rat="LTE" q="18.00" rsrp="-107" sinr="5" rsrq="-12"/>
      </extensions>
    </trkpt>
    <trkpt lat="45.6140348" lon="10.550588">
      <ele>122.5</ele>
      <time>2026-08-15T18:48:33.444+02:00</time>
      <extensions>
        <activity type="UNKNOWN" conf="40" state="unknown" tsMs="1786812509255"/>
        <radio op="vodafone IT" rat="LTE" q="3.60" rsrp="-119" sinr="1" rsrq="-14"/>
        <radio op="I TIM" rat="LTE" q="8.10" rsrp="-116" sinr="4" rsrq="-13"/>
      </extensions>
    </trkpt>
    <trkpt lat="45.6140598" lon="10.5505153">
      <ele>122.5</ele>
      <time>2026-08-15T18:49:18.559+02:00</time>
      <extensions>
        <activity type="UNKNOWN" conf="40" state="unknown" tsMs="1786812552228"/>
        <radio op="vodafone IT" rat="LTE" q="16.00" rsrp="-109" sinr="5" rsrq="-13"/>
        <radio op="I TIM" rat="LTE" q="16.50" rsrp="-110" sinr="6" rsrq="-13"/>
      </extensions>
    </trkpt>
    <trkpt lat="45.6141478" lon="10.5509821">
      <ele>119.38708901423612</ele>
      <time>2026-08-15T18:49:51.793+02:00</time>
      <extensions>
        <activity type="UNKNOWN" conf="40" state="unknown" tsMs="1786812586269"/>
        <radio op="vodafone IT" rat="LTE" q="30.40" rsrp="-106" sinr="11" rsrq="-12"/>
        <radio op="I TIM" rat="LTE" rsrp="-117" rsrq="-15"/>
      </extensions>
    </trkpt>
    <trkpt lat="45.6143077" lon="10.5504266">
      <ele>122.69999694824219</ele>
      <time>2026-08-15T18:50:22.931+02:00</time>
      <extensions>
        <activity type="UNKNOWN" conf="40" state="unknown" tsMs="1786812617376"/>
        <radio op="vodafone IT" rat="LTE" q="11.20" rsrp="-109" sinr="2" rsrq="-13"/>
        <radio op="I TIM" rat="LTE" rsrp="-116" rsrq="-15"/>
      </extensions>
    </trkpt>
    <trkpt lat="45.6095418" lon="10.5327312">
      <ele>156.52023371176864</ele>
      <time>2026-08-15T18:51:53.982+02:00</time>
      <extensions>
        <activity type="IN_VEHICLE" conf="81" state="moving" tsMs="1786812707664"/>
        <radio op="vodafone IT" rat="LTE" rsrp="-111" rsrq="-15"/>
        <radio op="I TIM" rat="LTE" rsrp="-114" rsrq="-16"/>
      </extensions>
    </trkpt>
    <trkpt lat="45.6086703" lon="10.5252018">
      <ele>160.79809918265434</ele>
      <time>2026-08-15T18:52:35.982+02:00</time>
      <extensions>
        <activity type="IN_VEHICLE" conf="90" state="moving" tsMs="1786812748850"/>
        <radio op="vodafone IT" rat="LTE" q="23.80" rsrp="-91" sinr="2" rsrq="-12"/>
        <radio op="I TIM" rat="LTE" q="54.00" rsrp="-95" sinr="13" rsrq="-11"/>
      </extensions>
    </trkpt>
    <trkpt lat="45.6106007" lon="10.5169565">
      <ele>160.16115540345584</ele>
      <time>2026-08-15T18:53:21.983+02:00</time>
      <extensions>
        <activity type="IN_VEHICLE" conf="91" state="moving" tsMs="1786812797859"/>
        <radio op="vodafone IT" rat="LTE" rsrp="-104" rsrq="-14"/>
        <radio op="I TIM" rat="LTE" rsrp="-109" rsrq="-14"/>
      </extensions>
    </trkpt>
    <trkpt lat="45.6115954" lon="10.5116786">
      <ele>163.99034573434318</ele>
      <time>2026-08-15T18:54:01.692+02:00</time>
      <extensions>
        <activity type="UNKNOWN" conf="40" state="unknown" tsMs="1786812841274"/>
        <radio op="vodafone IT" rat="LTE" rsrp="-104" rsrq="-14"/>
        <radio op="I TIM" rat="LTE" q="9.90" rsrp="-114" sinr="4" rsrq="-16"/>
      </extensions>
    </trkpt>
    <trkpt lat="45.6114335" lon="10.5107815">
      <ele>164.59003430021073</ele>
      <time>2026-08-15T18:54:36.101+02:00</time>
      <extensions>
        <activity type="IN_VEHICLE" conf="82" state="moving" tsMs="1786812874992"/>
        <radio op="vodafone IT" rat="LTE" rsrp="-106" rsrq="-15"/>
        <radio op="I TIM" rat="LTE" rsrp="-104" rsrq="-14"/>
      </extensions>
    </trkpt>
    <trkpt lat="45.6107064" lon="10.5012479">
      <ele>183.05241052728024</ele>
      <time>2026-08-15T18:55:46.983+02:00</time>
      <extensions>
        <activity type="IN_VEHICLE" conf="94" state="moving" tsMs="1786812954430"/>
        <radio op="vodafone IT" rat="LTE" q="27.30" rsrp="-104" sinr="8" rsrq="-12"/>
        <radio op="I TIM" rat="LTE" rsrp="-113" rsrq="-14"/>
      </extensions>
    </trkpt>
    <trkpt lat="45.6110441" lon="10.4928501">
      <ele>221.984306659511</ele>
      <time>2026-08-15T18:56:44.982+02:00</time>
      <extensions>
        <activity type="UNKNOWN" conf="40" state="unknown" tsMs="1786812998601"/>
        <radio op="vodafone IT" rat="LTE" q="11.90" rsrp="-108" sinr="2" rsrq="-12"/>
        <radio op="I TIM" rat="LTE" rsrp="-110" rsrq="-14"/>
      </extensions>
    </trkpt>
    <trkpt lat="45.606322" lon="10.4707985">
      <ele>253.34048560135778</ele>
      <time>2026-08-15T18:58:41.413+02:00</time>
      <extensions>
        <activity type="UNKNOWN" conf="40" state="unknown" tsMs="1786813121183"/>
        <radio op="vodafone IT" rat="LTE" q="48.30" rsrp="-104" sinr="18" rsrq="-6"/>
        <radio op="I TIM" rat="LTE" q="60.00" rsrp="-101" sinr="24" rsrq="-8"/>
      </extensions>
    </trkpt>
    <trkpt lat="45.606322" lon="10.4707985">
      <ele>254.16981330837973</ele>
      <time>2026-08-15T18:58:52.932+02:00</time>
      <extensions>
        <activity type="UNKNOWN" conf="40" state="unknown" tsMs="1786813124884"/>
        <radio op="vodafone IT" rat="LTE" q="20.40" rsrp="-113" sinr="12" rsrq="-6"/>
        <radio op="I TIM" rat="LTE" q="52.50" rsrp="-100" sinr="16" rsrq="-9"/>
      </extensions>
    </trkpt>
    <trkpt lat="45.6049584" lon="10.4655729">
      <ele>259.22252707388196</ele>
      <time>2026-08-15T18:59:55.983+02:00</time>
      <extensions>
        <activity type="IN_VEHICLE" conf="97" state="moving" tsMs="1786813183007"/>
        <radio op="vodafone IT" rat="LTE" q="72.50" rsrp="-96" sinr="24" rsrq="-6"/>
        <radio op="I TIM" rat="LTE" q="24.70" rsrp="-106" sinr="8" rsrq="-8"/>
      </extensions>
    </trkpt>
    <trkpt lat="45.605103" lon="10.4651848">
      <ele>261.68018074946383</ele>
      <time>2026-08-15T19:00:00.982+02:00</time>
      <extensions>
        <activity type="UNKNOWN" conf="40" state="unknown" tsMs="1786813187009"/>
        <radio op="vodafone IT" rat="LTE" q="100.00" rsrp="-82" sinr="27" rsrq="-5"/>
        <radio op="I TIM" rat="LTE" q="31.50" rsrp="-104" sinr="10" rsrq="-10"/>
      </extensions>
    </trkpt>
    <trkpt lat="45.6031934" lon="10.457938">
      <ele>258.7304965230187</ele>
      <time>2026-08-15T19:00:43.736+02:00</time>
      <extensions>
        <activity type="IN_VEHICLE" conf="87" state="moving" tsMs="1786813240856"/>
        <radio op="vodafone IT" rat="LTE" q="95.00" rsrp="-87" sinr="30" rsrq="-11"/>
        <radio op="I TIM" rat="LTE" rsrp="-120" rsrq="-14"/>
      </extensions>
    </trkpt>
    <trkpt lat="45.6015978" lon="10.4547835">
      <ele>255.80321904731017</ele>
      <time>2026-08-15T19:01:33.082+02:00</time>
      <extensions>
        <activity type="UNKNOWN" conf="40" state="unknown" tsMs="1786813291537"/>
        <radio op="vodafone IT" rat="LTE" q="23.80" rsrp="-111" sinr="12" rsrq="-11"/>
        <radio op="I TIM" rat="LTE" q="18.40" rsrp="-102" sinr="3" rsrq="-11"/>
      </extensions>
    </trkpt>
    <trkpt lat="45.6021731" lon="10.4534827">
      <ele>261.4000244140625</ele>
      <time>2026-08-15T19:02:08.982+02:00</time>
      <extensions>
        <activity type="UNKNOWN" conf="40" state="unknown" tsMs="1786813319909"/>
        <radio op="vodafone IT" rat="LTE" q="14.40" rsrp="-109" sinr="4" rsrq="-12"/>
        <radio op="I TIM" rat="LTE" rsrp="-109" rsrq="-13"/>
      </extensions>
    </trkpt>
    <trkpt lat="45.6022035" lon="10.4534458">
      <ele>257.6840826888936</ele>
      <time>2026-08-15T19:02:43.648+02:00</time>
      <extensions>
        <activity type="IN_VEHICLE" conf="72" state="moving" tsMs="1786813362595"/>
        <radio op="vodafone IT" rat="LTE" q="14.30" rsrp="-112" sinr="6" rsrq="-12"/>
        <radio op="I TIM" rat="LTE" q="13.50" rsrp="-110" sinr="4" rsrq="-12"/>
      </extensions>
    </trkpt>
    <trkpt lat="45.6022007" lon="10.4534503">
      <ele>261.4000244140625</ele>
      <time>2026-08-15T19:03:06.982+02:00</time>
      <extensions>
        <activity type="TILTING" conf="100" state="moving" tsMs="1786813386932"/>
        <radio op="vodafone IT" rat="LTE" q="21.60" rsrp="-107" sinr="7" rsrq="-9"/>
        <radio op="I TIM" rat="LTE" q="11.90" rsrp="-108" sinr="2" rsrq="-10"/>
      </extensions>
    </trkpt>
    <trkpt lat="45.6021628" lon="10.453458">
      <ele>261.4000244140625</ele>
      <time>2026-08-15T19:03:08.982+02:00</time>
      <extensions>
        <activity type="TILTING" conf="100" state="moving" tsMs="1786813386932"/>
        <radio op="vodafone IT" rat="LTE" q="18.20" rsrp="-111" sinr="8" rsrq="-10"/>
        <radio op="I TIM" rat="LTE" q="32.30" rsrp="-106" sinr="12" rsrq="-9"/>
      </extensions>
    </trkpt>
    <trkpt lat="45.602448" lon="10.453631">
      <ele>258.57560560918523</ele>
      <time>2026-08-15T19:03:41.084+02:00</time>
      <extensions>
        <activity type="ON_FOOT" conf="86" state="moving" tsMs="1786813418884"/>
        <radio op="vodafone IT" rat="LTE" q="6.50" rsrp="-112" sinr="0" rsrq="-11"/>
        <radio op="I TIM" rat="LTE" q="20.00" rsrp="-105" sinr="5" rsrq="-12"/>
      </extensions>
    </trkpt>
    <trkpt lat="45.6025579" lon="10.4536862">
      <ele>258.5184934229163</ele>
      <time>2026-08-15T19:04:27.966+02:00</time>
      <extensions>
        <activity type="ON_FOOT" conf="83" state="moving" tsMs="1786813463877"/>
        <radio op="vodafone IT" rat="LTE" rsrp="-118" rsrq="-11"/>
        <radio op="I TIM" rat="LTE" q="3.60" rsrp="-121" sinr="4" rsrq="-11"/>
      </extensions>
    </trkpt>
    <trkpt lat="45.602552" lon="10.4536795">
      <ele>258.2172037118203</ele>
      <time>2026-08-15T19:04:58.377+02:00</time>
      <extensions>
        <activity type="UNKNOWN" conf="40" state="unknown" tsMs="1786813495858"/>
        <radio op="vodafone IT" rat="LTE" q="1.40" rsrp="-123" sinr="2" rsrq="-12"/>
        <radio op="I TIM" rat="LTE" q="1.80" rsrp="-122" sinr="1" rsrq="-11"/>
      </extensions>
    </trkpt>
    <trkpt lat="45.6025855" lon="10.4537393">
      <ele>259.0339210556764</ele>
      <time>2026-08-15T19:06:00.322+02:00</time>
      <extensions>
        <activity type="STILL" conf="99" state="still" tsMs="1786813548249"/>
        <radio op="vodafone IT" rat="LTE" q="22.80" rsrp="-106" sinr="7" rsrq="-11"/>
        <radio op="I TIM" rat="LTE" q="18.00" rsrp="-113" sinr="10" rsrq="-10"/>
      </extensions>
    </trkpt>
    <trkpt lat="45.6025858" lon="10.4537234">
      <ele>258.93843665677167</ele>
      <time>2026-08-15T19:06:44.666+02:00</time>
      <extensions>
        <activity type="STILL" conf="99" state="still" tsMs="1786813599153"/>
        <radio op="vodafone IT" rat="LTE" q="22.80" rsrp="-106" sinr="7" rsrq="-9"/>
        <radio op="I TIM" rat="LTE" q="18.20" rsrp="-112" sinr="9" rsrq="-8"/>
      </extensions>
    </trkpt>
    <trkpt lat="45.6025549" lon="10.4536852">
      <ele>261.6000061035156</ele>
      <time>2026-08-15T19:07:31.961+02:00</time>
      <extensions>
        <activity type="STILL" conf="99" state="still" tsMs="1786813646892"/>
        <radio op="vodafone IT" rat="LTE" q="19.80" rsrp="-107" sinr="6" rsrq="-9"/>
        <radio op="I TIM" rat="LTE" q="19.50" rsrp="-112" sinr="10" rsrq="-10"/>
      </extensions>
    </trkpt>
  </trkseg></trk>
</gpx>
