<?xml version="1.0" encoding="UTF-8"?>
<gpx version="1.1" creator="CellGPX" xmlns="http://www.topografix.com/GPX/1/1">
  <trk><name>CellGPX</name><trkseg>
    <trkpt lat="45.6021907" lon="10.453556">
      <ele>261.70001220703125</ele>
      <time>2026-07-05T12:40:49.76+02:00</time>
      <extensions>
        <activity type="UNKNOWN" conf="40" state="unknown" tsMs="1783248049119"/>
        <radio op="vodafone IT" rat="LTE" q="17.60" rsrp="-109" sinr="6" rsrq="-8"/>
        <radio op="I TIM" rat="LTE" q="26.00" rsrp="-99" sinr="5" rsrq="-11"/>
      </extensions>
    </trkpt>
    <trkpt lat="45.602134" lon="10.4534333">
      <ele>261.70001220703125</ele>
      <time>2026-07-05T12:40:59.649+02:00</time>
      <extensions>
        <activity type="UNKNOWN" conf="40" state="unknown" tsMs="1783248054533"/>
        <radio op="vodafone IT" rat="LTE" q="43.70" rsrp="-102" sinr="14" rsrq="-9"/>
        <radio op="I TIM" rat="LTE" q="18.00" rsrp="-95" sinr="1" rsrq="-12"/>
      </extensions>
    </trkpt>
    <trkpt lat="45.6019838" lon="10.4533716">
      <ele>261.6000061035156</ele>
      <time>2026-07-05T12:41:09.763+02:00</time>
      <extensions>
        <activity type="UNKNOWN" conf="40" state="unknown" tsMs="1783248054533"/>
        <radio op="vodafone IT" rat="LTE" q="55.20" rsrp="-102" sinr="19" rsrq="-8"/>
        <radio op="I TIM" rat="LTE" rsrp="-93" rsrq="-14"/>
      </extensions>
    </trkpt>
    <trkpt lat="45.6018214" lon="10.4534414">
      <ele>260.70001220703125</ele>
      <time>2026-07-05T12:41:20.283+02:00</time>
      <extensions>
        <activity type="ON_FOOT" conf="96" state="moving" tsMs="1783248059658"/>
        <radio op="vodafone IT" rat="LTE" q="50.00" rsrp="-100" sinr="15" rsrq="-7"/>
        <radio op="I TIM" rat="LTE" rsrp="-99" rsrq="-15"/>
      </extensions>
    </trkpt>
    <trkpt lat="45.6017219" lon="10.4534972">
      <ele>261.1000061035156</ele>
      <time>2026-07-05T12:41:27.582+02:00</time>
      <extensions>
        <activity type="ON_FOOT" conf="86" state="moving" tsMs="1783248078287"/>
        <radio op="vodafone IT" rat="LTE" q="39.90" rsrp="-106" sinr="16" rsrq="-12"/>
        <radio op="I TIM" rat="LTE" q="30.00" rsrp="-100" sinr="7" rsrq="-14"/>
      </extensions>
    </trkpt>
    <trkpt lat="45.6017427" lon="10.4534971">
      <ele>260.6000061035156</ele>
      <time>2026-07-05T12:42:14.497+02:00</time>
      <extensions>
        <activity type="ON_FOOT" conf="97" state="moving" tsMs="1783248105521"/>
        <radio op="vodafone IT" rat="LTE" q="62.10" rsrp="-98" sinr="18" rsrq="-6"/>
        <radio op="I TIM" rat="LTE" q="15.00" rsrp="-95" sinr="0" rsrq="-14"/>
      </extensions>
    </trkpt>
    <trkpt lat="45.6008123" lon="10.4528972">
      <ele>260.5</ele>
      <time>2026-07-05T12:42:57.273+02:00</time>
      <extensions>
        <activity type="ON_FOOT" conf="92" state="moving" tsMs="1783248172872"/>
        <radio op="vodafone IT" rat="LTE" q="24.00" rsrp="-109" sinr="10" rsrq="-12"/>
        <radio op="I TIM" rat="LTE" q="9.00" rsrp="-107" sinr="0" rsrq="-12"/>
      </extensions>
    </trkpt>
    <trkpt lat="45.6007897" lon="10.4528844">
      <ele>262.0</ele>
      <time>2026-07-05T12:43:28.523+02:00</time>
      <extensions>
        <activity type="UNKNOWN" conf="40" state="unknown" tsMs="1783248205067"/>
        <radio op="vodafone IT" rat="LTE" q="26.40" rsrp="-103" sinr="7" rsrq="-10"/>
        <radio op="I TIM" rat="LTE" q="19.60" rsrp="-111" sinr="9" rsrq="-12"/>
      </extensions>
    </trkpt>
    <trkpt lat="45.6008326" lon="10.4524861">
      <ele>260.4000244140625</ele>
      <time>2026-07-05T12:44:01.7+02:00</time>
      <extensions>
        <activity type="UNKNOWN" conf="40" state="unknown" tsMs="1783248240016"/>
        <radio op="vodafone IT" rat="LTE" q="15.60" rsrp="-99" sinr="1" rsrq="-11"/>
        <radio op="I TIM" rat="LTE" q="14.00" rsrp="-97" sinr="0" rsrq="-14"/>
      </extensions>
    </trkpt>
    <trkpt lat="45.6008784" lon="10.4528015">
      <ele>260.5</ele>
      <time>2026-07-05T12:44:33.652+02:00</time>
      <extensions>
        <activity type="UNKNOWN" conf="40" state="unknown" tsMs="1783248244783"/>
        <radio op="vodafone IT" rat="LTE" q="16.80" rsrp="-97" sinr="1" rsrq="-9"/>
        <radio op="I TIM" rat="LTE" q="22.40" rsrp="-93" sinr="2" rsrq="-11"/>
      </extensions>
    </trkpt>
    <trkpt lat="45.6008963" lon="10.4527531">
      <ele>260.5</ele>
      <time>2026-07-05T12:44:34.654+02:00</time>
      <extensions>
        <activity type="STILL" conf="70" state="still" tsMs="1783248273749"/>
        <radio op="vodafone IT" rat="LTE" q="39.00" rsrp="-99" sinr="10" rsrq="-7"/>
        <radio op="I TIM" rat="LTE" q="22.40" rsrp="-97" sinr="3" rsrq="-14"/>
      </extensions>
    </trkpt>
    <trkpt lat="45.6007275" lon="10.4526329">
      <ele>260.70001220703125</ele>
      <time>2026-07-05T12:45:14.885+02:00</time>
      <extensions>
        <activity type="STILL" conf="66" state="still" tsMs="1783248312196"/>
        <radio op="vodafone IT" rat="LTE" q="31.20" rsrp="-101" sinr="8" rsrq="-11"/>
        <radio op="I TIM" rat="LTE" q="13.50" rsrp="-98" sinr="0" rsrq="-13"/>
      </extensions>
    </trkpt>
    <trkpt lat="45.6007922" lon="10.4525817">
      <ele>259.5</ele>
      <time>2026-07-05T12:45:45.921+02:00</time>
      <extensions>
        <activity type="STILL" conf="35" state="still" tsMs="1783248345577"/>
        <radio op="vodafone IT" rat="LTE" q="50.60" rsrp="-102" sinr="17" rsrq="-8"/>
        <radio op="I TIM" rat="LTE" q="33.00" rsrp="-95" sinr="6" rsrq="-12"/>
      </extensions>
    </trkpt>
    <trkpt lat="45.600795" lon="10.4525567">
      <ele>260.6000061035156</ele>
      <time>2026-07-05T12:46:17.101+02:00</time>
      <extensions>
        <activity type="STILL" conf="87" state="still" tsMs="1783248373536"/>
        <radio op="vodafone IT" rat="LTE" q="44.00" rsrp="-103" sinr="15" rsrq="-10"/>
        <radio op="I TIM" rat="LTE" q="13.50" rsrp="-98" sinr="0" rsrq="-15"/>
      </extensions>
    </trkpt>
    <trkpt lat="45.6007675" lon="10.4526197">
      <ele>260.70001220703125</ele>
      <time>2026-07-05T12:46:48.41+02:00</time>
      <extensions>
        <activity type="STILL" conf="96" state="still" tsMs="1783248404375"/>
        <radio op="vodafone IT" rat="LTE" q="37.50" rsrp="-100" sinr="10" rsrq="-9"/>
        <radio op="I TIM" rat="LTE" q="16.20" rsrp="-98" sinr="1" rsrq="-14"/>
      </extensions>
    </trkpt>
    <trkpt lat="45.600794" lon="10.4525863">
      <ele>260.4000244140625</ele>
      <time>2026-07-05T12:47:19.476+02:00</time>
      <extensions>
        <activity type="STILL" conf="98" state="still" tsMs="1783248435718"/>
        <radio op="vodafone IT" rat="LTE" q="30.80" rsrp="-103" sinr="9" rsrq="-10"/>
        <radio op="I TIM" rat="LTE" q="18.90" rsrp="-98" sinr="2" rsrq="-11"/>
      </extensions>
    </trkpt>
    <trkpt lat="45.6008367" lon="10.4526935">
      <ele>260.4000244140625</ele>
      <time>2026-07-05T12:47:50.543+02:00</time>
      <extensions>
        <activity type="STILL" conf="44" state="still" tsMs="1783248466811"/>
        <radio op="vodafone IT" rat="LTE" q="43.20" rsrp="-101" sinr="13" rsrq="-8"/>
        <radio op="I TIM" rat="LTE" q="34.80" rsrp="-96" sinr="7" rsrq="-10"/>
      </extensions>
    </trkpt>
    <trkpt lat="45.6007717" lon="10.4525669">
      <ele>260.6000061035156</ele>
      <time>2026-07-05T12:48:21.769+02:00</time>
      <extensions>
        <activity type="UNKNOWN" conf="40" state="unknown" tsMs="1783248497853"/>
        <radio op="vodafone IT" rat="LTE" q="50.00" rsrp="-100" sinr="15" rsrq="-9"/>
        <radio op="I TIM" rat="LTE" q="49.30" rsrp="-96" sinr="12" rsrq="-11"/>
      </extensions>
    </trkpt>
    <trkpt lat="45.6007636" lon="10.4525922">
      <ele>260.4000244140625</ele>
      <time>2026-07-05T12:48:52.902+02:00</time>
      <extensions>
        <activity type="STILL" conf="34" state="still" tsMs="1783248528010"/>
        <radio op="vodafone IT" rat="LTE" q="25.30" rsrp="-102" sinr="6" rsrq="-9"/>
        <radio op="I TIM" rat="LTE" q="17.40" rsrp="-96" sinr="1" rsrq="-14"/>
      </extensions>
    </trkpt>
    <trkpt lat="45.6007504" lon="10.4525869">
      <ele>260.70001220703125</ele>
      <time>2026-07-05T12:49:24.135+02:00</time>
      <extensions>
        <activity type="STILL" conf="70" state="still" tsMs="1783248560235"/>
        <radio op="vodafone IT" rat="LTE" q="45.00" rsrp="-100" sinr="13" rsrq="-6"/>
        <radio op="I TIM" rat="LTE" q="44.80" rsrp="-97" sinr="11" rsrq="-13"/>
      </extensions>
    </trkpt>
    <trkpt lat="45.6007888" lon="10.4525949">
      <ele>260.70001220703125</ele>
      <time>2026-07-05T12:49:55.493+02:00</time>
      <extensions>
        <activity type="STILL" conf="96" state="still" tsMs="1783248591419"/>
        <radio op="vodafone IT" rat="LTE" q="47.60" rsrp="-97" sinr="12" rsrq="-6"/>
        <radio op="I TIM" rat="LTE" q="36.40" rsrp="-97" sinr="8" rsrq="-13"/>
      </extensions>
    </trkpt>
    <trkpt lat="45.6007836" lon="10.4525719">
      <ele>260.6000061035156</ele>
      <time>2026-07-05T12:50:27.567+02:00</time>
      <extensions>
        <activity type="STILL" conf="65" state="still" tsMs="1783248622773"/>
        <radio op="vodafone IT" rat="LTE" q="28.60" rsrp="-103" sinr="8" rsrq="-7"/>
        <radio op="I TIM" rat="LTE" q="31.90" rsrp="-96" sinr="6" rsrq="-13"/>
      </extensions>
    </trkpt>
    <trkpt lat="45.6008079" lon="10.4526339">
      <ele>260.5</ele>
      <time>2026-07-05T12:50:58.78+02:00</time>
      <extensions>
        <activity type="UNKNOWN" conf="40" state="unknown" tsMs="1783248654692"/>
        <radio op="vodafone IT" rat="LTE" q="34.20" rsrp="-106" sinr="13" rsrq="-8"/>
        <radio op="I TIM" rat="LTE" q="48.00" rsrp="-95" sinr="11" rsrq="-10"/>
      </extensions>
    </trkpt>
    <trkpt lat="45.6007518" lon="10.4525905">
      <ele>260.8000183105469</ele>
      <time>2026-07-05T12:51:29.948+02:00</time>
      <extensions>
        <activity type="STILL" conf="52" state="still" tsMs="1783248685953"/>
        <radio op="vodafone IT" rat="LTE" q="44.00" rsrp="-103" sinr="15" rsrq="-7"/>
        <radio op="I TIM" rat="LTE" q="64.40" rsrp="-97" sinr="18" rsrq="-10"/>
      </extensions>
    </trkpt>
    <trkpt lat="45.6008459" lon="10.452814">
      <ele>260.5</ele>
      <time>2026-07-05T13:09:44.652+02:00</time>
      <extensions>
        <activity type="UNKNOWN" conf="40" state="unknown" tsMs="1783249762693"/>
        <radio op="vodafone IT" rat="LTE" q="21.60" rsrp="-101" sinr="4" rsrq="-12"/>
        <radio op="I TIM" rat="LTE" q="31.90" rsrp="-96" sinr="6" rsrq="-8"/>
      </extensions>
    </trkpt>
    <trkpt lat="45.6008345" lon="10.4528277">
      <ele>260.5</ele>
      <time>2026-07-05T13:09:45.648+02:00</time>
      <extensions>
        <activity type="UNKNOWN" conf="40" state="unknown" tsMs="1783249806003"/>
        <radio op="vodafone IT" rat="LTE" q="5.60" rsrp="-117" sinr="2" rsrq="-10"/>
        <radio op="I TIM" rat="LTE" q="19.20" rsrp="-109" sinr="7" rsrq="-11"/>
      </extensions>
    </trkpt>
    <trkpt lat="45.6007816" lon="10.4528742">
      <ele>262.0</ele>
      <time>2026-07-05T13:10:18.313+02:00</time>
      <extensions>
        <activity type="UNKNOWN" conf="40" state="unknown" tsMs="1783249822161"/>
        <radio op="vodafone IT" rat="LTE" rsrp="-105" rsrq="-14"/>
        <radio op="I TIM" rat="LTE" q="15.40" rsrp="-111" sinr="6" rsrq="-11"/>
      </extensions>
    </trkpt>
    <trkpt lat="45.6007816" lon="10.4528742">
      <ele>262.0</ele>
      <time>2026-07-05T13:10:53.714+02:00</time>
      <extensions>
        <activity type="STILL" conf="97" state="still" tsMs="1783249850888"/>
        <radio op="vodafone IT" rat="LTE" rsrp="-109" rsrq="-13"/>
        <radio op="I TIM" rat="LTE" q="15.00" rsrp="-110" sinr="5" rsrq="-13"/>
      </extensions>
    </trkpt>
    <trkpt lat="45.6010629" lon="10.4526688">
      <ele>260.6000061035156</ele>
      <time>2026-07-05T13:11:38.509+02:00</time>
      <extensions>
        <activity type="ON_FOOT" conf="94" state="moving" tsMs="1783249897115"/>
        <radio op="vodafone IT" rat="LTE" q="20.00" rsrp="-84" sinr="0" rsrq="-12"/>
        <radio op="I TIM" rat="LTE" q="31.00" rsrp="-94" sinr="5" rsrq="-11"/>
      </extensions>
    </trkpt>
    <trkpt lat="45.6018909" lon="10.4531543">
      <ele>261.70001220703125</ele>
      <time>2026-07-05T13:12:26.744+02:00</time>
      <extensions>
        <activity type="ON_FOOT" conf="96" state="moving" tsMs="1783249943470"/>
        <radio op="vodafone IT" rat="LTE" rsrp="-97" rsrq="-15"/>
        <radio op="I TIM" rat="LTE" q="29.00" rsrp="-96" sinr="5" rsrq="-12"/>
      </extensions>
    </trkpt>
    <trkpt lat="45.6022364" lon="10.4534067">
      <ele>261.8000183105469</ele>
      <time>2026-07-05T13:13:13.336+02:00</time>
      <extensions>
        <activity type="ON_FOOT" conf="96" state="moving" tsMs="1783249988282"/>
        <radio op="vodafone IT" rat="LTE" q="22.50" rsrp="-110" sinr="10" rsrq="-11"/>
        <radio op="I TIM" rat="LTE" rsrp="-108" rsrq="-16"/>
      </extensions>
    </trkpt>
    <trkpt lat="45.6020637" lon="10.4535498">
      <ele>259.5551010146127</ele>
      <time>2026-07-05T13:13:50.101+02:00</time>
      <extensions>
        <activity type="UNKNOWN" conf="40" state="unknown" tsMs="1783250024278"/>
        <radio op="vodafone IT" rat="LTE" q="14.70" rsrp="-104" sinr="2" rsrq="-10"/>
        <radio op="I TIM" rat="LTE" q="26.60" rsrp="-111" sinr="14" rsrq="-10"/>
      </extensions>
    </trkpt>
    <trkpt lat="45.6013187" lon="10.4536445">
      <ele>258.73803185385646</ele>
      <time>2026-07-05T13:14:22.472+02:00</time>
      <extensions>
        <activity type="UNKNOWN" conf="40" state="unknown" tsMs="1783250061852"/>
        <radio op="vodafone IT" rat="LTE" q="19.00" rsrp="-106" sinr="5" rsrq="-8"/>
        <radio op="I TIM" rat="LTE" q="36.00" rsrp="-101" sinr="10" rsrq="-10"/>
      </extensions>
    </trkpt>
    <trkpt lat="45.6044253" lon="10.4601107">
      <ele>266.38030582095837</ele>
      <time>2026-07-05T13:15:06.516+02:00</time>
      <extensions>
        <activity type="IN_VEHICLE" conf="88" state="moving" tsMs="1783250101835"/>
        <radio op="vodafone IT" rat="LTE" q="100.00" rsrp="-79" sinr="28" rsrq="-7"/>
        <radio op="I TIM" rat="LTE" q="88.80" rsrp="-88" sinr="19" rsrq="-10"/>
      </extensions>
    </trkpt>
    <trkpt lat="45.6018879" lon="10.4625303">
      <ele>276.64763356052555</ele>
      <time>2026-07-05T13:15:57.648+02:00</time>
      <extensions>
        <activity type="IN_VEHICLE" conf="93" state="moving" tsMs="1783250143890"/>
        <radio op="vodafone IT" rat="LTE" q="44.80" rsrp="-97" sinr="11" rsrq="-11"/>
        <radio op="I TIM" rat="LTE" q="30.00" rsrp="-100" sinr="7" rsrq="-10"/>
      </extensions>
    </trkpt>
    <trkpt lat="45.6018879" lon="10.4625303">
      <ele>287.80843027135666</ele>
      <time>2026-07-05T13:17:07.279+02:00</time>
      <extensions>
        <activity type="IN_VEHICLE" conf="96" state="moving" tsMs="1783250226953"/>
        <radio op="vodafone IT" rat="LTE" q="0.00" rsrp="-125" sinr="1" rsrq="-10"/>
        <radio op="I TIM" rat="LTE" q="2.70" rsrp="-122" sinr="4" rsrq="-13"/>
      </extensions>
    </trkpt>
    <trkpt lat="45.5702113" lon="10.4417943">
      <ele>256.20001220703125</ele>
      <time>2026-07-05T13:18:42.649+02:00</time>
      <extensions>
        <activity type="IN_VEHICLE" conf="97" state="moving" tsMs="1783250336445"/>
        <radio op="vodafone IT" rat="LTE" q="18.90" rsrp="-104" sinr="4" rsrq="-14"/>
        <radio op="I TIM" rat="LTE" rsrp="-120" rsrq="-15"/>
      </extensions>
    </trkpt>
    <trkpt lat="45.5592145" lon="10.4366094">
      <ele>246.86265807091365</ele>
      <time>2026-07-05T13:19:40.649+02:00</time>
      <extensions>
        <activity type="IN_VEHICLE" conf="97" state="moving" tsMs="1783250374838"/>
        <radio op="vodafone IT" rat="LTE" rsrp="-102" rsrq="-11"/>
        <radio op="I TIM" rat="LTE" q="11.20" rsrp="-109" sinr="2" rsrq="-9"/>
      </extensions>
    </trkpt>
    <trkpt lat="45.5493901" lon="10.4304188">
      <ele>240.19625907339133</ele>
      <time>2026-07-05T13:20:30.649+02:00</time>
      <extensions>
        <activity type="IN_VEHICLE" conf="96" state="moving" tsMs="1783250425835"/>
        <radio op="vodafone IT" rat="LTE" q="21.00" rsrp="-111" sinr="10" rsrq="-10"/>
        <radio op="I TIM" rat="LTE" q="30.80" rsrp="-97" sinr="6" rsrq="-13"/>
      </extensions>
    </trkpt>
    <trkpt lat="45.5414789" lon="10.4222089">
      <ele>234.72227925210882</ele>
      <time>2026-07-05T13:21:17.649+02:00</time>
      <extensions>
        <activity type="IN_VEHICLE" conf="87" state="moving" tsMs="1783250490878"/>
        <radio op="vodafone IT" rat="LTE" q="4.80" rsrp="-117" sinr="1" rsrq="-12"/>
        <radio op="I TIM" rat="LTE" q="6.50" rsrp="-112" sinr="0" rsrq="-13"/>
      </extensions>
    </trkpt>
    <trkpt lat="45.5356359" lon="10.4090292">
      <ele>232.61296919339588</ele>
      <time>2026-07-05T13:22:15.649+02:00</time>
      <extensions>
        <activity type="IN_VEHICLE" conf="89" state="moving" tsMs="1783250554472"/>
        <radio op="vodafone IT" rat="LTE" q="8.40" rsrp="-118" sinr="7" rsrq="-13"/>
        <radio op="I TIM" rat="LTE" rsrp="-120" rsrq="-16"/>
      </extensions>
    </trkpt>
    <trkpt lat="45.527026" lon="10.3849677">
      <ele>224.87694664740354</ele>
      <time>2026-07-05T13:24:00.651+02:00</time>
      <extensions>
        <activity type="UNKNOWN" conf="40" state="unknown" tsMs="1783250668012"/>
        <radio op="vodafone IT" rat="LTE" q="79.20" rsrp="-89" sinr="17" rsrq="-8"/>
        <radio op="I TIM" rat="LTE" rsrp="-107" rsrq="-13"/>
      </extensions>
    </trkpt>
    <trkpt lat="45.519755" lon="10.3697443">
      <ele>216.63733425695997</ele>
      <time>2026-07-05T13:25:09.65+02:00</time>
      <extensions>
        <activity type="IN_VEHICLE" conf="96" state="moving" tsMs="1783250703024"/>
        <radio op="vodafone IT" rat="LTE" q="11.70" rsrp="-112" sinr="4" rsrq="-9"/>
        <radio op="I TIM" rat="LTE" q="44.80" rsrp="-93" sinr="9" rsrq="-12"/>
      </extensions>
    </trkpt>
    <trkpt lat="45.5141124" lon="10.3628108">
      <ele>213.10638693087293</ele>
      <time>2026-07-05T13:25:47.65+02:00</time>
      <extensions>
        <activity type="TILTING" conf="100" state="moving" tsMs="1783250749502"/>
        <radio op="vodafone IT" rat="LTE" rsrp="-95" rsrq="-11"/>
        <radio op="I TIM" rat="LTE" rsrp="-94" rsrq="-15"/>
      </extensions>
    </trkpt>
    <trkpt lat="45.5126266" lon="10.3524881">
      <ele>208.45598299917174</ele>
      <time>2026-07-05T13:26:30.65+02:00</time>
      <extensions>
        <activity type="TILTING" conf="100" state="moving" tsMs="1783250790010"/>
        <radio op="vodafone IT" rat="LTE" q="68.40" rsrp="-87" sinr="13" rsrq="-7"/>
        <radio op="I TIM" rat="LTE" q="84.00" rsrp="-77" sinr="16" rsrq="-7"/>
      </extensions>
    </trkpt>
    <trkpt lat="45.5105042" lon="10.3445935">
      <ele>207.03721820677353</ele>
      <time>2026-07-05T13:27:02.695+02:00</time>
      <extensions>
        <activity type="IN_VEHICLE" conf="95" state="moving" tsMs="1783250818815"/>
        <radio op="vodafone IT" rat="LTE" q="64.80" rsrp="-89" sinr="13" rsrq="-8"/>
        <radio op="I TIM" rat="LTE" q="66.00" rsrp="-92" sinr="15" rsrq="-9"/>
      </extensions>
    </trkpt>
    <trkpt lat="45.5065648" lon="10.339115">
      <ele>208.58821708551983</ele>
      <time>2026-07-05T13:27:35.028+02:00</time>
      <extensions>
        <activity type="IN_VEHICLE" conf="81" state="moving" tsMs="1783250852460"/>
        <radio op="vodafone IT" rat="LTE" q="36.00" rsrp="-81" sinr="4" rsrq="-10"/>
        <radio op="I TIM" rat="LTE" q="34.20" rsrp="-87" sinr="4" rsrq="-12"/>
      </extensions>
    </trkpt>
    <trkpt lat="45.5063915" lon="10.334626">
      <ele>202.60053090859816</ele>
      <time>2026-07-05T13:28:07.959+02:00</time>
      <extensions>
        <activity type="IN_VEHICLE" conf="96" state="moving" tsMs="1783250886712"/>
        <radio op="vodafone IT" rat="LTE" q="96.00" rsrp="-76" sinr="19" rsrq="-7"/>
        <radio op="I TIM" rat="LTE" q="84.00" rsrp="-78" sinr="16" rsrq="-7"/>
      </extensions>
    </trkpt>
    <trkpt lat="45.5088756" lon="10.3395515">
      <ele>203.97172262456596</ele>
      <time>2026-07-05T13:28:39.391+02:00</time>
      <extensions>
        <activity type="IN_VEHICLE" conf="97" state="moving" tsMs="1783250915735"/>
        <radio op="vodafone IT" rat="LTE" q="52.00" rsrp="-79" sinr="8" rsrq="-7"/>
        <radio op="I TIM" rat="LTE" q="27.20" rsrp="-91" sinr="3" rsrq="-8"/>
      </extensions>
    </trkpt>
    <trkpt lat="45.5086484" lon="10.3382777">
      <ele>204.03533613819204</ele>
      <time>2026-07-05T13:28:45.65+02:00</time>
      <extensions>
        <activity type="IN_VEHICLE" conf="96" state="moving" tsMs="1783250924470"/>
        <radio op="vodafone IT" rat="LTE" q="52.00" rsrp="-80" sinr="8" rsrq="-6"/>
        <radio op="I TIM" rat="LTE" rsrp="-95" rsrq="-13"/>
      </extensions>
    </trkpt>
    <trkpt lat="45.5085811" lon="10.3400563">
      <ele>202.85154717355357</ele>
      <time>2026-07-05T13:29:18.316+02:00</time>
      <extensions>
        <activity type="IN_VEHICLE" conf="97" state="moving" tsMs="1783250957819"/>
        <radio op="vodafone IT" rat="LTE" q="57.00" rsrp="-87" sinr="10" rsrq="-11"/>
        <radio op="I TIM" rat="LTE" rsrp="-93" rsrq="-13"/>
      </extensions>
    </trkpt>
    <trkpt lat="45.5085411" lon="10.3399746">
      <ele>203.98011400249817</ele>
      <time>2026-07-05T13:29:49.661+02:00</time>
      <extensions>
        <activity type="TILTING" conf="100" state="moving" tsMs="1783250981173"/>
        <radio op="vodafone IT" rat="LTE" q="46.80" rsrp="-89" sinr="8" rsrq="-9"/>
        <radio op="I TIM" rat="LTE" q="59.20" rsrp="-88" sinr="11" rsrq="-8"/>
      </extensions>
    </trkpt>
    <trkpt lat="45.5086069" lon="10.3400802">
      <ele>203.88990711882434</ele>
      <time>2026-07-05T13:30:23.238+02:00</time>
      <extensions>
        <activity type="UNKNOWN" conf="40" state="unknown" tsMs="1783251019298"/>
        <radio op="vodafone IT" rat="LTE" q="17.40" rsrp="-96" sinr="1" rsrq="-13"/>
        <radio op="I TIM" rat="LTE" q="14.00" rsrp="-97" sinr="0" rsrq="-9"/>
      </extensions>
    </trkpt>
    <trkpt lat="45.50845" lon="10.3397061">
      <ele>203.41581207546716</ele>
      <time>2026-07-05T13:31:04.884+02:00</time>
      <extensions>
        <activity type="ON_FOOT" conf="94" state="moving" tsMs="1783251061866"/>
        <radio op="vodafone IT" rat="LTE" q="14.40" rsrp="-109" sinr="4" rsrq="-8"/>
        <radio op="I TIM" rat="LTE" q="7.70" rsrp="-118" sinr="6" rsrq="-9"/>
      </extensions>
    </trkpt>
    <trkpt lat="45.5087027" lon="10.3399767">
      <ele>204.32626547728762</ele>
      <time>2026-07-05T13:31:35.905+02:00</time>
      <extensions>
        <activity type="ON_FOOT" conf="94" state="moving" tsMs="1783251094572"/>
        <radio op="vodafone IT" rat="LTE" q="16.80" rsrp="-111" sinr="7" rsrq="-8"/>
        <radio op="I TIM" rat="LTE" q="4.80" rsrp="-119" sinr="3" rsrq="-13"/>
      </extensions>
    </trkpt>
    <trkpt lat="45.5088918" lon="10.3403417">
      <ele>196.8000030517578</ele>
      <time>2026-07-05T13:32:43.343+02:00</time>
      <extensions>
        <activity type="ON_FOOT" conf="88" state="moving" tsMs="1783251161770"/>
        <radio op="vodafone IT" rat="LTE" q="22.40" rsrp="-109" sinr="9" rsrq="-6"/>
        <radio op="I TIM" rat="LTE" rsrp="-120" rsrq="-10"/>
      </extensions>
    </trkpt>
    <trkpt lat="45.5088613" lon="10.3403663">
      <ele>199.51365624201372</ele>
      <time>2026-07-05T13:33:22.992+02:00</time>
      <extensions>
        <activity type="ON_FOOT" conf="86" state="moving" tsMs="1783251202597"/>
        <radio op="vodafone IT" rat="LTE" q="4.00" rsrp="-120" sinr="3" rsrq="-13"/>
        <radio op="I TIM" rat="LTE" q="1.00" rsrp="-123" sinr="0" rsrq="-13"/>
      </extensions>
    </trkpt>
    <trkpt lat="45.5088699" lon="10.3403628">
      <ele>198.52396726598687</ele>
      <time>2026-07-05T13:34:01.975+02:00</time>
      <extensions>
        <activity type="UNKNOWN" conf="40" state="unknown" tsMs="1783251240462"/>
        <radio op="vodafone IT" rat="LTE" q="9.10" rsrp="-112" sinr="2" rsrq="-12"/>
        <radio op="I TIM" rat="LTE" rsrp="-116" rsrq="-16"/>
      </extensions>
    </trkpt>
    <trkpt lat="45.50886" lon="10.3404096">
      <ele>196.8000030517578</ele>
      <time>2026-07-05T13:34:31.889+02:00</time>
      <extensions>
        <activity type="UNKNOWN" conf="40" state="unknown" tsMs="1783251271345"/>
        <radio op="vodafone IT" rat="LTE" q="19.50" rsrp="-110" sinr="8" rsrq="-11"/>
        <radio op="I TIM" rat="LTE" rsrp="-112" rsrq="-14"/>
      </extensions>
    </trkpt>
    <trkpt lat="45.5088631" lon="10.3403753">
      <ele>196.70001220703125</ele>
      <time>2026-07-05T13:35:05.83+02:00</time>
      <extensions>
        <activity type="STILL" conf="70" state="still" tsMs="1783251301924"/>
        <radio op="vodafone IT" rat="LTE" q="18.20" rsrp="-111" sinr="8" rsrq="-7"/>
        <radio op="I TIM" rat="LTE" q="7.00" rsrp="-115" sinr="2" rsrq="-12"/>
      </extensions>
    </trkpt>
    <trkpt lat="45.5090234" lon="10.3403218">
      <ele>196.70001220703125</ele>
      <time>2026-07-05T13:35:37.134+02:00</time>
      <extensions>
        <activity type="STILL" conf="47" state="still" tsMs="1783251333155"/>
        <radio op="vodafone IT" rat="LTE" q="10.50" rsrp="-104" sinr="0" rsrq="-9"/>
        <radio op="I TIM" rat="LTE" q="5.40" rsrp="-116" sinr="1" rsrq="-10"/>
      </extensions>
    </trkpt>
    <trkpt lat="45.5089003" lon="10.3403948">
      <ele>196.70001220703125</ele>
      <time>2026-07-05T13:36:08.395+02:00</time>
      <extensions>
        <activity type="STILL" conf="60" state="still" tsMs="1783251364455"/>
        <radio op="vodafone IT" rat="LTE" q="22.80" rsrp="-106" sinr="7" rsrq="-9"/>
        <radio op="I TIM" rat="LTE" q="8.50" rsrp="-108" sinr="0" rsrq="-9"/>
      </extensions>
    </trkpt>
    <trkpt lat="45.5088869" lon="10.3403409">
      <ele>196.8000030517578</ele>
      <time>2026-07-05T13:36:38.398+02:00</time>
      <extensions>
        <activity type="UNKNOWN" conf="40" state="unknown" tsMs="1783251395628"/>
        <radio op="vodafone IT" rat="LTE" rsrp="-112" rsrq="-12"/>
        <radio op="I TIM" rat="LTE" rsrp="-114" rsrq="-10"/>
      </extensions>
    </trkpt>
    <trkpt lat="45.508989" lon="10.3403793">
      <ele>196.70001220703125</ele>
      <time>2026-07-05T13:37:11.734+02:00</time>
      <extensions>
        <activity type="STILL" conf="38" state="still" tsMs="1783251427642"/>
        <radio op="vodafone IT" rat="LTE" q="12.60" rsrp="-111" sinr="4" rsrq="-13"/>
        <radio op="I TIM" rat="LTE" q="3.60" rsrp="-119" sinr="1" rsrq="-10"/>
      </extensions>
    </trkpt>
    <trkpt lat="45.5089488" lon="10.3404023">
      <ele>196.70001220703125</ele>
      <time>2026-07-05T13:37:35.305+02:00</time>
      <extensions>
        <activity type="UNKNOWN" conf="40" state="unknown" tsMs="1783251453555"/>
        <radio op="vodafone IT" rat="LTE" q="8.40" rsrp="-113" sinr="2" rsrq="-11"/>
        <radio op="I TIM" rat="LTE" rsrp="-114" rsrq="-8"/>
      </extensions>
    </trkpt>
    <trkpt lat="45.5088687" lon="10.340377">
      <ele>196.70001220703125</ele>
      <time>2026-07-05T13:38:00.066+02:00</time>
      <extensions>
        <activity type="UNKNOWN" conf="40" state="unknown" tsMs="1783251480965"/>
        <radio op="vodafone IT" rat="LTE" q="18.00" rsrp="-107" sinr="5" rsrq="-8"/>
        <radio op="I TIM" rat="LTE" rsrp="-120" rsrq="-11"/>
      </extensions>
    </trkpt>
    <trkpt lat="45.5089372" lon="10.3404238">
      <ele>196.8000030517578</ele>
      <time>2026-07-05T13:38:30.069+02:00</time>
      <extensions>
        <activity type="STILL" conf="58" state="still" tsMs="1783251512776"/>
        <radio op="vodafone IT" rat="LTE" q="22.80" rsrp="-106" sinr="7" rsrq="-9"/>
        <radio op="I TIM" rat="LTE" q="20.80" rsrp="-109" sinr="8" rsrq="-10"/>
      </extensions>
    </trkpt>
    <trkpt lat="45.5094326" lon="10.3402524">
      <ele>196.50001525878906</ele>
      <time>2026-07-05T13:39:04.7+02:00</time>
      <extensions>
        <activity type="STILL" conf="89" state="still" tsMs="1783251539707"/>
        <radio op="vodafone IT" rat="LTE" q="14.30" rsrp="-112" sinr="6" rsrq="-9"/>
        <radio op="I TIM" rat="LTE" q="3.50" rsrp="-118" sinr="0" rsrq="-12"/>
      </extensions>
    </trkpt>
    <trkpt lat="45.5088675" lon="10.3403681">
      <ele>196.70001220703125</ele>
      <time>2026-07-05T13:39:35.995+02:00</time>
      <extensions>
        <activity type="UNKNOWN" conf="40" state="unknown" tsMs="1783251572019"/>
        <radio op="vodafone IT" rat="LTE" q="9.00" rsrp="-110" sinr="1" rsrq="-10"/>
        <radio op="I TIM" rat="LTE" q="5.50" rsrp="-114" sinr="0" rsrq="-11"/>
      </extensions>
    </trkpt>
    <trkpt lat="45.5088698" lon="10.3403697">
      <ele>196.70001220703125</ele>
      <time>2026-07-05T13:40:07.191+02:00</time>
      <extensions>
        <activity type="STILL" conf="50" state="still" tsMs="1783251603253"/>
        <radio op="vodafone IT" rat="LTE" q="17.00" rsrp="-108" sinr="5" rsrq="-9"/>
        <radio op="I TIM" rat="LTE" q="6.00" rsrp="-115" sinr="1" rsrq="-12"/>
      </extensions>
    </trkpt>
    <trkpt lat="45.5088631" lon="10.3403428">
      <ele>196.70001220703125</ele>
      <time>2026-07-05T13:40:38.5+02:00</time>
      <extensions>
        <activity type="UNKNOWN" conf="40" state="unknown" tsMs="1783251634306"/>
        <radio op="vodafone IT" rat="LTE" rsrp="-118" rsrq="-15"/>
        <radio op="I TIM" rat="LTE" rsrp="-119" rsrq="-16"/>
      </extensions>
    </trkpt>
    <trkpt lat="45.5090395" lon="10.3403989">
      <ele>196.70001220703125</ele>
      <time>2026-07-05T13:41:09.8+02:00</time>
      <extensions>
        <activity type="UNKNOWN" conf="40" state="unknown" tsMs="1783251665902"/>
        <radio op="vodafone IT" rat="LTE" q="5.60" rsrp="-118" sinr="3" rsrq="-11"/>
        <radio op="I TIM" rat="LTE" rsrp="-121" rsrq="-15"/>
      </extensions>
    </trkpt>
    <trkpt lat="45.5088615" lon="10.3403663">
      <ele>196.70001220703125</ele>
      <time>2026-07-05T13:41:41.148+02:00</time>
      <extensions>
        <activity type="STILL" conf="46" state="still" tsMs="1783251697346"/>
        <radio op="vodafone IT" rat="LTE" q="5.00" rsrp="-120" sinr="5" rsrq="-12"/>
        <radio op="I TIM" rat="LTE" rsrp="-120" rsrq="-16"/>
      </extensions>
    </trkpt>
    <trkpt lat="45.5094789" lon="10.3402819">
      <ele>196.50001525878906</ele>
      <time>2026-07-05T13:42:24.872+02:00</time>
      <extensions>
        <activity type="UNKNOWN" conf="40" state="unknown" tsMs="1783251734853"/>
        <radio op="vodafone IT" rat="LTE" rsrp="-117" rsrq="-12"/>
        <radio op="I TIM" rat="LTE" rsrp="-116" rsrq="-16"/>
      </extensions>
    </trkpt>
    <trkpt lat="45.508863" lon="10.3403478">
      <ele>198.79603549680263</ele>
      <time>2026-07-05T13:43:12.079+02:00</time>
      <extensions>
        <activity type="UNKNOWN" conf="40" state="unknown" tsMs="1783251791831"/>
        <radio op="vodafone IT" rat="LTE" rsrp="-118" rsrq="-14"/>
        <radio op="I TIM" rat="LTE" rsrp="-115" rsrq="-15"/>
      </extensions>
    </trkpt>
    <trkpt lat="45.5088686" lon="10.3403484">
      <ele>196.8000030517578</ele>
      <time>2026-07-05T13:43:44.948+02:00</time>
      <extensions>
        <activity type="STILL" conf="100" state="still" tsMs="1783251828338"/>
        <radio op="vodafone IT" rat="LTE" q="18.20" rsrp="-111" sinr="8" rsrq="-9"/>
        <radio op="I TIM" rat="LTE" rsrp="-112" rsrq="-16"/>
      </extensions>
    </trkpt>
    <trkpt lat="45.5088583" lon="10.3403529">
      <ele>196.70001220703125</ele>
      <time>2026-07-05T13:44:18.216+02:00</time>
      <extensions>
        <activity type="STILL" conf="34" state="still" tsMs="1783251852964"/>
        <radio op="vodafone IT" rat="LTE" q="13.60" rsrp="-108" sinr="3" rsrq="-12"/>
        <radio op="I TIM" rat="LTE" rsrp="-110" rsrq="-14"/>
      </extensions>
    </trkpt>
    <trkpt lat="45.5089352" lon="10.3402628">
      <ele>196.8000030517578</ele>
      <time>2026-07-05T13:44:49.532+02:00</time>
      <extensions>
        <activity type="STILL" conf="98" state="still" tsMs="1783251885500"/>
        <radio op="vodafone IT" rat="LTE" q="18.20" rsrp="-111" sinr="8" rsrq="-11"/>
        <radio op="I TIM" rat="LTE" q="4.00" rsrp="-117" sinr="0" rsrq="-13"/>
      </extensions>
    </trkpt>
    <trkpt lat="45.5088611" lon="10.3403763">
      <ele>196.70001220703125</ele>
      <time>2026-07-05T13:45:23.253+02:00</time>
      <extensions>
        <activity type="STILL" conf="44" state="still" tsMs="1783251922382"/>
        <radio op="vodafone IT" rat="LTE" q="13.60" rsrp="-117" sinr="12" rsrq="-9"/>
        <radio op="I TIM" rat="LTE" rsrp="-121" rsrq="-12"/>
      </extensions>
    </trkpt>
    <trkpt lat="45.508877" lon="10.3403005">
      <ele>196.8000030517578</ele>
      <time>2026-07-05T13:45:55.816+02:00</time>
      <extensions>
        <activity type="UNKNOWN" conf="40" state="unknown" tsMs="1783251949482"/>
        <radio op="vodafone IT" rat="LTE" q="7.20" rsrp="-117" sinr="4" rsrq="-11"/>
        <radio op="I TIM" rat="LTE" q="9.00" rsrp="-115" sinr="4" rsrq="-16"/>
      </extensions>
    </trkpt>
    <trkpt lat="45.5088559" lon="10.3400849">
      <ele>194.8002034591255</ele>
      <time>2026-07-05T13:46:55.72+02:00</time>
      <extensions>
        <activity type="UNKNOWN" conf="40" state="unknown" tsMs="1783252011841"/>
        <radio op="vodafone IT" rat="LTE" rsrp="-116" rsrq="-11"/>
        <radio op="I TIM" rat="LTE" rsrp="-115" rsrq="-17"/>
      </extensions>
    </trkpt>
    <trkpt lat="45.5088622" lon="10.3403556">
      <ele>196.70001220703125</ele>
      <time>2026-07-05T13:47:52.982+02:00</time>
      <extensions>
        <activity type="UNKNOWN" conf="40" state="unknown" tsMs="1783252067476"/>
        <radio op="vodafone IT" rat="LTE" q="2.40" rsrp="-122" sinr="3" rsrq="-13"/>
        <radio op="I TIM" rat="LTE" rsrp="-127" rsrq="-15"/>
      </extensions>
    </trkpt>
    <trkpt lat="45.5089206" lon="10.3402485">
      <ele>196.8000030517578</ele>
      <time>2026-07-05T13:48:50.123+02:00</time>
      <extensions>
        <activity type="UNKNOWN" conf="40" state="unknown" tsMs="1783252128899"/>
        <radio op="vodafone IT" rat="LTE" q="14.40" rsrp="-113" sinr="7" rsrq="-11"/>
        <radio op="I TIM" rat="LTE" q="4.20" rsrp="-119" sinr="2" rsrq="-11"/>
      </extensions>
    </trkpt>
    <trkpt lat="45.5088685" lon="10.3403723">
      <ele>196.70001220703125</ele>
      <time>2026-07-05T13:49:28.959+02:00</time>
      <extensions>
        <activity type="UNKNOWN" conf="40" state="unknown" tsMs="1783252167495"/>
        <radio op="vodafone IT" rat="LTE" q="11.00" rsrp="-114" sinr="5" rsrq="-10"/>
        <radio op="I TIM" rat="LTE" q="9.90" rsrp="-116" sinr="6" rsrq="-13"/>
      </extensions>
    </trkpt>
    <trkpt lat="45.5092106" lon="10.34031">
      <ele>196.70001220703125</ele>
      <time>2026-07-05T13:50:00.228+02:00</time>
      <extensions>
        <activity type="UNKNOWN" conf="40" state="unknown" tsMs="1783252199763"/>
        <radio op="vodafone IT" rat="LTE" q="4.00" rsrp="-117" sinr="0" rsrq="-14"/>
        <radio op="I TIM" rat="LTE" rsrp="-117" rsrq="-16"/>
      </extensions>
    </trkpt>
    <trkpt lat="45.508864" lon="10.3402788">
      <ele>196.8000030517578</ele>
      <time>2026-07-05T13:50:43.119+02:00</time>
      <extensions>
        <activity type="UNKNOWN" conf="40" state="unknown" tsMs="1783252237335"/>
        <radio op="vodafone IT" rat="LTE" q="7.70" rsrp="-114" sinr="2" rsrq="-11"/>
        <radio op="I TIM" rat="LTE" rsrp="-119" rsrq="-11"/>
      </extensions>
    </trkpt>
    <trkpt lat="45.508865" lon="10.3403719">
      <ele>200.82589604014817</ele>
      <time>2026-07-05T13:51:23.889+02:00</time>
      <extensions>
        <activity type="UNKNOWN" conf="40" state="unknown" tsMs="1783252279607"/>
        <radio op="vodafone IT" rat="LTE" q="16.00" rsrp="-109" sinr="5" rsrq="-11"/>
        <radio op="I TIM" rat="LTE" rsrp="-120" rsrq="-19"/>
      </extensions>
    </trkpt>
    <trkpt lat="45.5088893" lon="10.3403314">
      <ele>196.70001220703125</ele>
      <time>2026-07-05T13:51:54.415+02:00</time>
      <extensions>
        <activity type="ON_FOOT" conf="96" state="moving" tsMs="1783252311119"/>
        <radio op="vodafone IT" rat="LTE" q="40.80" rsrp="-101" sinr="12" rsrq="-9"/>
        <radio op="I TIM" rat="LTE" q="28.80" rsrp="-107" sinr="11" rsrq="-10"/>
      </extensions>
    </trkpt>
    <trkpt lat="45.5088934" lon="10.3403078">
      <ele>196.8000030517578</ele>
      <time>2026-07-05T13:52:27.545+02:00</time>
      <extensions>
        <activity type="STILL" conf="96" state="still" tsMs="1783252343703"/>
        <radio op="vodafone IT" rat="LTE" q="27.60" rsrp="-102" sinr="7" rsrq="-6"/>
        <radio op="I TIM" rat="LTE" q="26.00" rsrp="-105" sinr="8" rsrq="-9"/>
      </extensions>
    </trkpt>
    <trkpt lat="45.5088994" lon="10.3402933">
      <ele>196.70001220703125</ele>
      <time>2026-07-05T13:52:58.858+02:00</time>
      <extensions>
        <activity type="STILL" conf="72" state="still" tsMs="1783252374854"/>
        <radio op="vodafone IT" rat="LTE" q="27.60" rsrp="-102" sinr="7" rsrq="-10"/>
        <radio op="I TIM" rat="LTE" q="24.70" rsrp="-106" sinr="8" rsrq="-9"/>
      </extensions>
    </trkpt>
    <trkpt lat="45.5089416" lon="10.3401685">
      <ele>196.8000030517578</ele>
      <time>2026-07-05T13:53:30.085+02:00</time>
      <extensions>
        <activity type="ON_FOOT" conf="89" state="moving" tsMs="1783252406387"/>
        <radio op="vodafone IT" rat="LTE" q="25.20" rsrp="-107" sinr="9" rsrq="-10"/>
        <radio op="I TIM" rat="LTE" q="16.80" rsrp="-111" sinr="7" rsrq="-9"/>
      </extensions>
    </trkpt>
    <trkpt lat="45.5089321" lon="10.3401344">
      <ele>196.8000030517578</ele>
      <time>2026-07-05T13:54:01.446+02:00</time>
      <extensions>
        <activity type="ON_FOOT" conf="87" state="moving" tsMs="1783252437612"/>
        <radio op="vodafone IT" rat="LTE" q="18.20" rsrp="-111" sinr="8" rsrq="-11"/>
        <radio op="I TIM" rat="LTE" q="7.20" rsrp="-116" sinr="3" rsrq="-10"/>
      </extensions>
    </trkpt>
    <trkpt lat="45.5089495" lon="10.3401191">
      <ele>196.8000030517578</ele>
      <time>2026-07-05T13:54:32.856+02:00</time>
      <extensions>
        <activity type="ON_FOOT" conf="83" state="moving" tsMs="1783252468938"/>
        <radio op="vodafone IT" rat="LTE" q="15.60" rsrp="-113" sinr="8" rsrq="-11"/>
        <radio op="I TIM" rat="LTE" q="2.80" rsrp="-121" sinr="2" rsrq="-11"/>
      </extensions>
    </trkpt>
    <trkpt lat="45.5089091" lon="10.3401291">
      <ele>198.74372310148516</ele>
      <time>2026-07-05T13:55:04.114+02:00</time>
      <extensions>
        <activity type="ON_FOOT" conf="92" state="moving" tsMs="1783252500387"/>
        <radio op="vodafone IT" rat="LTE" q="19.20" rsrp="-113" sinr="11" rsrq="-11"/>
        <radio op="I TIM" rat="LTE" q="11.00" rsrp="-115" sinr="6" rsrq="-9"/>
      </extensions>
    </trkpt>
    <trkpt lat="45.5089322" lon="10.3401054">
      <ele>196.8000030517578</ele>
      <time>2026-07-05T13:55:35.481+02:00</time>
      <extensions>
        <activity type="UNKNOWN" conf="40" state="unknown" tsMs="1783252531640"/>
        <radio op="vodafone IT" rat="LTE" q="36.00" rsrp="-107" sinr="15" rsrq="-9"/>
        <radio op="I TIM" rat="LTE" q="13.20" rsrp="-113" sinr="6" rsrq="-7"/>
      </extensions>
    </trkpt>
    <trkpt lat="45.5089247" lon="10.3401238">
      <ele>196.8000030517578</ele>
      <time>2026-07-05T13:56:16.511+02:00</time>
      <extensions>
        <activity type="UNKNOWN" conf="40" state="unknown" tsMs="1783252573887"/>
        <radio op="vodafone IT" rat="LTE" q="13.20" rsrp="-114" sinr="7" rsrq="-9"/>
        <radio op="I TIM" rat="LTE" q="8.10" rsrp="-116" sinr="4" rsrq="-12"/>
      </extensions>
    </trkpt>
    <trkpt lat="45.5089147" lon="10.3401055">
      <ele>196.8000030517578</ele>
      <time>2026-07-05T13:57:27.987+02:00</time>
      <extensions>
        <activity type="UNKNOWN" conf="40" state="unknown" tsMs="1783252643505"/>
        <radio op="vodafone IT" rat="LTE" q="7.00" rsrp="-118" sinr="5" rsrq="-11"/>
        <radio op="I TIM" rat="LTE" q="2.40" rsrp="-121" sinr="1" rsrq="-10"/>
      </extensions>
    </trkpt>
    <trkpt lat="45.5089271" lon="10.34007">
      <ele>196.8000030517578</ele>
      <time>2026-07-05T13:58:17.283+02:00</time>
      <extensions>
        <activity type="UNKNOWN" conf="40" state="unknown" tsMs="1783252693480"/>
        <radio op="vodafone IT" rat="LTE" q="4.80" rsrp="-119" sinr="3" rsrq="-11"/>
        <radio op="I TIM" rat="LTE" q="5.40" rsrp="-116" sinr="1" rsrq="-13"/>
      </extensions>
    </trkpt>
    <trkpt lat="45.5089318" lon="10.3401247">
      <ele>196.8000030517578</ele>
      <time>2026-07-05T14:00:44.968+02:00</time>
      <extensions>
        <activity type="ON_FOOT" conf="82" state="moving" tsMs="1783252839894"/>
        <radio op="vodafone IT" rat="LTE" q="27.20" rsrp="-108" sinr="11" rsrq="-7"/>
        <radio op="I TIM" rat="LTE" q="10.00" rsrp="-115" sinr="5" rsrq="-8"/>
      </extensions>
    </trkpt>
    <trkpt lat="45.5088774" lon="10.340129">
      <ele>196.8000030517578</ele>
      <time>2026-07-05T14:01:37.365+02:00</time>
      <extensions>
        <activity type="UNKNOWN" conf="40" state="unknown" tsMs="1783252892614"/>
        <radio op="vodafone IT" rat="LTE" q="9.90" rsrp="-114" sinr="4" rsrq="-8"/>
        <radio op="I TIM" rat="LTE" q="3.00" rsrp="-120" sinr="1" rsrq="-11"/>
      </extensions>
    </trkpt>
    <trkpt lat="45.508891" lon="10.3401321">
      <ele>196.8000030517578</ele>
      <time>2026-07-05T14:02:24.662+02:00</time>
      <extensions>
        <activity type="UNKNOWN" conf="40" state="unknown" tsMs="1783252941938"/>
        <radio op="vodafone IT" rat="LTE" q="16.50" rsrp="-114" sinr="10" rsrq="-7"/>
        <radio op="I TIM" rat="LTE" q="17.60" rsrp="-114" sinr="11" rsrq="-8"/>
      </extensions>
    </trkpt>
    <trkpt lat="45.5089011" lon="10.3401146">
      <ele>196.8000030517578</ele>
      <time>2026-07-05T14:02:55.092+02:00</time>
      <extensions>
        <activity type="UNKNOWN" conf="40" state="unknown" tsMs="1783252970099"/>
        <radio op="vodafone IT" rat="LTE" q="13.20" rsrp="-114" sinr="7" rsrq="-8"/>
        <radio op="I TIM" rat="LTE" q="4.20" rsrp="-118" sinr="1" rsrq="-9"/>
      </extensions>
    </trkpt>
    <trkpt lat="45.5089055" lon="10.3401111">
      <ele>196.8000030517578</ele>
      <time>2026-07-05T14:03:41.7+02:00</time>
      <extensions>
        <activity type="UNKNOWN" conf="40" state="unknown" tsMs="1783253021490"/>
        <radio op="vodafone IT" rat="LTE" q="13.20" rsrp="-114" sinr="7" rsrq="-7"/>
        <radio op="I TIM" rat="LTE" rsrp="-119" rsrq="-10"/>
      </extensions>
    </trkpt>
    <trkpt lat="45.5089331" lon="10.3399006">
      <ele>196.8000030517578</ele>
      <time>2026-07-05T14:13:32.975+02:00</time>
      <extensions>
        <activity type="UNKNOWN" conf="40" state="unknown" tsMs="1783253624416"/>
        <radio op="vodafone IT" rat="LTE" q="6.30" rsrp="-116" sinr="2" rsrq="-12"/>
        <radio op="I TIM" rat="LTE" rsrp="-120" rsrq="-17"/>
      </extensions>
    </trkpt>
    <trkpt lat="45.5089113" lon="10.3400904">
      <ele>196.8000030517578</ele>
      <time>2026-07-05T14:14:05.112+02:00</time>
      <extensions>
        <activity type="UNKNOWN" conf="40" state="unknown" tsMs="1783253646093"/>
        <radio op="vodafone IT" rat="LTE" rsrp="-115" rsrq="-14"/>
        <radio op="I TIM" rat="LTE" rsrp="-113" rsrq="-15"/>
      </extensions>
    </trkpt>
    <trkpt lat="45.5088957" lon="10.340157">
      <ele>196.8000030517578</ele>
      <time>2026-07-05T14:14:38.476+02:00</time>
      <extensions>
        <activity type="UNKNOWN" conf="40" state="unknown" tsMs="1783253672935"/>
        <radio op="vodafone IT" rat="LTE" q="11.00" rsrp="-115" sinr="6" rsrq="-11"/>
        <radio op="I TIM" rat="LTE" rsrp="-115" rsrq="-14"/>
      </extensions>
    </trkpt>
    <trkpt lat="45.5088378" lon="10.3401466">
      <ele>196.8000030517578</ele>
      <time>2026-07-05T14:15:09.776+02:00</time>
      <extensions>
        <activity type="ON_FOOT" conf="91" state="moving" tsMs="1783253706010"/>
        <radio op="vodafone IT" rat="LTE" q="19.20" rsrp="-113" sinr="11" rsrq="-9"/>
        <radio op="I TIM" rat="LTE" q="2.70" rsrp="-122" sinr="4" rsrq="-11"/>
      </extensions>
    </trkpt>
    <trkpt lat="45.508869" lon="10.3401296">
      <ele>196.8000030517578</ele>
      <time>2026-07-05T14:15:42.978+02:00</time>
      <extensions>
        <activity type="UNKNOWN" conf="40" state="unknown" tsMs="1783253737381"/>
        <radio op="vodafone IT" rat="LTE" q="9.00" rsrp="-115" sinr="4" rsrq="-11"/>
        <radio op="I TIM" rat="LTE" q="1.60" rsrp="-123" sinr="3" rsrq="-11"/>
      </extensions>
    </trkpt>
    <trkpt lat="45.5088647" lon="10.3401366">
      <ele>196.8000030517578</ele>
      <time>2026-07-05T14:16:37.178+02:00</time>
      <extensions>
        <activity type="UNKNOWN" conf="40" state="unknown" tsMs="1783253792912"/>
        <radio op="vodafone IT" rat="LTE" q="7.20" rsrp="-117" sinr="4" rsrq="-11"/>
        <radio op="I TIM" rat="LTE" rsrp="-118" rsrq="-16"/>
      </extensions>
    </trkpt>
    <trkpt lat="45.5088564" lon="10.3401341">
      <ele>196.8000030517578</ele>
      <time>2026-07-05T14:17:21.052+02:00</time>
      <extensions>
        <activity type="STILL" conf="58" state="still" tsMs="1783253840512"/>
        <radio op="vodafone IT" rat="LTE" q="8.10" rsrp="-116" sinr="4" rsrq="-11"/>
        <radio op="I TIM" rat="LTE" rsrp="-115" rsrq="-14"/>
      </extensions>
    </trkpt>
    <trkpt lat="45.508842" lon="10.3401455">
      <ele>196.8000030517578</ele>
      <time>2026-07-05T14:18:04.499+02:00</time>
      <extensions>
        <activity type="STILL" conf="48" state="still" tsMs="1783253882304"/>
        <radio op="vodafone IT" rat="LTE" q="6.40" rsrp="-117" sinr="3" rsrq="-11"/>
        <radio op="I TIM" rat="LTE" rsrp="-117" rsrq="-14"/>
      </extensions>
    </trkpt>
    <trkpt lat="45.5088459" lon="10.3401393">
      <ele>196.8000030517578</ele>
      <time>2026-07-05T14:19:42.795+02:00</time>
      <extensions>
        <activity type="ON_FOOT" conf="85" state="moving" tsMs="1783253981110"/>
        <radio op="vodafone IT" rat="LTE" q="8.80" rsrp="-117" sinr="6" rsrq="-9"/>
        <radio op="I TIM" rat="LTE" rsrp="-121" rsrq="-11"/>
      </extensions>
    </trkpt>
    <trkpt lat="45.5088583" lon="10.3401379">
      <ele>196.8000030517578</ele>
      <time>2026-07-05T14:20:21.519+02:00</time>
      <extensions>
        <activity type="UNKNOWN" conf="40" state="unknown" tsMs="1783254019270"/>
        <radio op="vodafone IT" rat="LTE" q="11.70" rsrp="-112" sinr="4" rsrq="-12"/>
        <radio op="I TIM" rat="LTE" rsrp="-114" rsrq="-14"/>
      </extensions>
    </trkpt>
    <trkpt lat="45.5088164" lon="10.3401589">
      <ele>196.8000030517578</ele>
      <time>2026-07-05T14:20:54.612+02:00</time>
      <extensions>
        <activity type="UNKNOWN" conf="40" state="unknown" tsMs="1783254024546"/>
        <radio op="vodafone IT" rat="LTE" q="8.00" rsrp="-117" sinr="5" rsrq="-10"/>
        <radio op="I TIM" rat="LTE" q="7.00" rsrp="-115" sinr="2" rsrq="-14"/>
      </extensions>
    </trkpt>
    <trkpt lat="45.508869" lon="10.3401664">
      <ele>198.75914292729692</ele>
      <time>2026-07-05T14:21:46.306+02:00</time>
      <extensions>
        <activity type="STILL" conf="36" state="still" tsMs="1783254105894"/>
        <radio op="vodafone IT" rat="LTE" q="8.00" rsrp="-115" sinr="3" rsrq="-11"/>
        <radio op="I TIM" rat="LTE" rsrp="-122" rsrq="-13"/>
      </extensions>
    </trkpt>
    <trkpt lat="45.5088609" lon="10.3401337">
      <ele>196.8000030517578</ele>
      <time>2026-07-05T14:22:58.669+02:00</time>
      <extensions>
        <activity type="UNKNOWN" conf="40" state="unknown" tsMs="1783254177592"/>
        <radio op="vodafone IT" rat="LTE" q="8.10" rsrp="-116" sinr="4" rsrq="-11"/>
        <radio op="I TIM" rat="LTE" rsrp="-113" rsrq="-15"/>
      </extensions>
    </trkpt>
    <trkpt lat="45.5088358" lon="10.3401487">
      <ele>199.21570604052403</ele>
      <time>2026-07-05T14:23:30.022+02:00</time>
      <extensions>
        <activity type="UNKNOWN" conf="40" state="unknown" tsMs="1783254204505"/>
        <radio op="vodafone IT" rat="LTE" q="3.00" rsrp="-119" sinr="0" rsrq="-10"/>
        <radio op="I TIM" rat="LTE" q="3.50" rsrp="-118" sinr="0" rsrq="-16"/>
      </extensions>
    </trkpt>
    <trkpt lat="45.5088339" lon="10.3401537">
      <ele>196.8000030517578</ele>
      <time>2026-07-05T14:24:08.006+02:00</time>
      <extensions>
        <activity type="STILL" conf="52" state="still" tsMs="1783254243517"/>
        <radio op="vodafone IT" rat="LTE" q="9.00" rsrp="-116" sinr="5" rsrq="-11"/>
        <radio op="I TIM" rat="LTE" rsrp="-111" rsrq="-14"/>
      </extensions>
    </trkpt>
    <trkpt lat="45.5088918" lon="10.3400835">
      <ele>196.8000030517578</ele>
      <time>2026-07-05T14:24:48.084+02:00</time>
      <extensions>
        <activity type="UNKNOWN" conf="40" state="unknown" tsMs="1783254286538"/>
        <radio op="vodafone IT" rat="LTE" q="4.90" rsrp="-118" sinr="2" rsrq="-12"/>
        <radio op="I TIM" rat="LTE" q="4.80" rsrp="-119" sinr="3" rsrq="-9"/>
      </extensions>
    </trkpt>
    <trkpt lat="45.5088884" lon="10.3401155">
      <ele>196.8000030517578</ele>
      <time>2026-07-05T14:25:39.9+02:00</time>
      <extensions>
        <activity type="STILL" conf="99" state="still" tsMs="1783254333916"/>
        <radio op="vodafone IT" rat="LTE" q="6.30" rsrp="-116" sinr="2" rsrq="-11"/>
        <radio op="I TIM" rat="LTE" rsrp="-112" rsrq="-15"/>
      </extensions>
    </trkpt>
    <trkpt lat="45.5088657" lon="10.3401017">
      <ele>196.8000030517578</ele>
      <time>2026-07-05T14:26:16.916+02:00</time>
      <extensions>
        <activity type="UNKNOWN" conf="40" state="unknown" tsMs="1783254370915"/>
        <radio op="vodafone IT" rat="LTE" q="34.20" rsrp="-106" sinr="13" rsrq="-9"/>
        <radio op="I TIM" rat="LTE" q="19.20" rsrp="-113" sinr="11" rsrq="-7"/>
      </extensions>
    </trkpt>
    <trkpt lat="45.5087498" lon="10.3401998">
      <ele>196.70001220703125</ele>
      <time>2026-07-05T14:26:59.594+02:00</time>
      <extensions>
        <activity type="ON_FOOT" conf="81" state="moving" tsMs="1783254416527"/>
        <radio op="vodafone IT" rat="LTE" q="12.00" rsrp="-113" sinr="5" rsrq="-8"/>
        <radio op="I TIM" rat="LTE" q="9.60" rsrp="-117" sinr="7" rsrq="-10"/>
      </extensions>
    </trkpt>
    <trkpt lat="45.5088045" lon="10.3401343">
      <ele>196.8000030517578</ele>
      <time>2026-07-05T14:27:37.846+02:00</time>
      <extensions>
        <activity type="UNKNOWN" conf="40" state="unknown" tsMs="1783254451840"/>
        <radio op="vodafone IT" rat="LTE" q="23.80" rsrp="-108" sinr="9" rsrq="-12"/>
        <radio op="I TIM" rat="LTE" q="15.60" rsrp="-113" sinr="8" rsrq="-8"/>
      </extensions>
    </trkpt>
    <trkpt lat="45.5088851" lon="10.3401301">
      <ele>196.8000030517578</ele>
      <time>2026-07-05T14:28:30.855+02:00</time>
      <extensions>
        <activity type="UNKNOWN" conf="40" state="unknown" tsMs="1783254505535"/>
        <radio op="vodafone IT" rat="LTE" q="19.50" rsrp="-112" sinr="10" rsrq="-9"/>
        <radio op="I TIM" rat="LTE" q="7.20" rsrp="-117" sinr="4" rsrq="-9"/>
      </extensions>
    </trkpt>
    <trkpt lat="45.5089057" lon="10.3401203">
      <ele>196.8000030517578</ele>
      <time>2026-07-05T14:29:08.778+02:00</time>
      <extensions>
        <activity type="STILL" conf="45" state="still" tsMs="1783254544168"/>
        <radio op="vodafone IT" rat="LTE" q="21.00" rsrp="-110" sinr="9" rsrq="-7"/>
        <radio op="I TIM" rat="LTE" q="4.80" rsrp="-117" sinr="1" rsrq="-9"/>
      </extensions>
    </trkpt>
    <trkpt lat="45.5089051" lon="10.3401246">
      <ele>196.8000030517578</ele>
      <time>2026-07-05T14:29:42.896+02:00</time>
      <extensions>
        <activity type="UNKNOWN" conf="40" state="unknown" tsMs="1783254577539"/>
        <radio op="vodafone IT" rat="LTE" q="24.00" rsrp="-110" sinr="11" rsrq="-9"/>
        <radio op="I TIM" rat="LTE" q="6.30" rsrp="-116" sinr="2" rsrq="-8"/>
      </extensions>
    </trkpt>
    <trkpt lat="45.5088889" lon="10.3401204">
      <ele>196.8000030517578</ele>
      <time>2026-07-05T14:30:50.153+02:00</time>
      <extensions>
        <activity type="ON_FOOT" conf="82" state="moving" tsMs="1783254644907"/>
        <radio op="vodafone IT" rat="LTE" q="18.20" rsrp="-111" sinr="8" rsrq="-8"/>
        <radio op="I TIM" rat="LTE" q="5.60" rsrp="-117" sinr="2" rsrq="-9"/>
      </extensions>
    </trkpt>
    <trkpt lat="45.5088859" lon="10.3401373">
      <ele>196.8000030517578</ele>
      <time>2026-07-05T14:31:49.895+02:00</time>
      <extensions>
        <activity type="STILL" conf="95" state="still" tsMs="1783254703520"/>
        <radio op="vodafone IT" rat="LTE" q="19.60" rsrp="-111" sinr="9" rsrq="-10"/>
        <radio op="I TIM" rat="LTE" q="5.60" rsrp="-118" sinr="3" rsrq="-9"/>
      </extensions>
    </trkpt>
    <trkpt lat="45.5089162" lon="10.3401392">
      <ele>196.8000030517578</ele>
      <time>2026-07-05T14:32:40.42+02:00</time>
      <extensions>
        <activity type="STILL" conf="97" state="still" tsMs="1783254749931"/>
        <radio op="vodafone IT" rat="LTE" q="22.40" rsrp="-109" sinr="9" rsrq="-10"/>
        <radio op="I TIM" rat="LTE" q="4.90" rsrp="-118" sinr="2" rsrq="-12"/>
      </extensions>
    </trkpt>
    <trkpt lat="45.5088872" lon="10.3401192">
      <ele>196.8000030517578</ele>
      <time>2026-07-05T14:33:10.841+02:00</time>
      <extensions>
        <activity type="UNKNOWN" conf="40" state="unknown" tsMs="1783254763500"/>
        <radio op="vodafone IT" rat="LTE" q="12.00" rsrp="-115" sinr="7" rsrq="-11"/>
        <radio op="I TIM" rat="LTE" q="6.40" rsrp="-117" sinr="3" rsrq="-10"/>
      </extensions>
    </trkpt>
    <trkpt lat="45.5088913" lon="10.340117">
      <ele>196.70001220703125</ele>
      <time>2026-07-05T14:33:50.626+02:00</time>
      <extensions>
        <activity type="STILL" conf="50" state="still" tsMs="1783254829953"/>
        <radio op="vodafone IT" rat="LTE" q="18.20" rsrp="-112" sinr="9" rsrq="-9"/>
        <radio op="I TIM" rat="LTE" q="7.20" rsrp="-117" sinr="4" rsrq="-10"/>
      </extensions>
    </trkpt>
    <trkpt lat="45.5087698" lon="10.3401399">
      <ele>196.70001220703125</ele>
      <time>2026-07-05T14:39:46.855+02:00</time>
      <extensions>
        <activity type="UNKNOWN" conf="40" state="unknown" tsMs="1783255183538"/>
        <radio op="vodafone IT" rat="LTE" q="22.10" rsrp="-108" sinr="8" rsrq="-8"/>
        <radio op="I TIM" rat="LTE" q="16.50" rsrp="-110" sinr="6" rsrq="-9"/>
      </extensions>
    </trkpt>
    <trkpt lat="45.5087554" lon="10.3399645">
      <ele>196.70001220703125</ele>
      <time>2026-07-05T14:40:19.93+02:00</time>
      <extensions>
        <activity type="ON_FOOT" conf="91" state="moving" tsMs="1783255213555"/>
        <radio op="vodafone IT" rat="LTE" q="13.20" rsrp="-113" sinr="6" rsrq="-8"/>
        <radio op="I TIM" rat="LTE" q="1.80" rsrp="-122" sinr="1" rsrq="-12"/>
      </extensions>
    </trkpt>
    <trkpt lat="45.5086671" lon="10.3400243">
      <ele>196.70001220703125</ele>
      <time>2026-07-05T14:40:53.52+02:00</time>
      <extensions>
        <activity type="UNKNOWN" conf="40" state="unknown" tsMs="1783255250838"/>
        <radio op="vodafone IT" rat="LTE" q="8.10" rsrp="-116" sinr="4" rsrq="-12"/>
        <radio op="I TIM" rat="LTE" q="4.50" rsrp="-116" sinr="0" rsrq="-12"/>
      </extensions>
    </trkpt>
    <trkpt lat="45.5087884" lon="10.339819">
      <ele>196.70001220703125</ele>
      <time>2026-07-05T14:40:57.919+02:00</time>
      <extensions>
        <activity type="UNKNOWN" conf="40" state="unknown" tsMs="1783255250838"/>
        <radio op="vodafone IT" rat="LTE" rsrp="-108" rsrq="-15"/>
        <radio op="I TIM" rat="LTE" q="7.70" rsrp="-114" sinr="2" rsrq="-14"/>
      </extensions>
    </trkpt>
    <trkpt lat="45.5088169" lon="10.3397572">
      <ele>196.70001220703125</ele>
      <time>2026-07-05T14:41:07.901+02:00</time>
      <extensions>
        <activity type="ON_FOOT" conf="88" state="moving" tsMs="1783255256568"/>
        <radio op="vodafone IT" rat="LTE" q="9.00" rsrp="-107" sinr="0" rsrq="-14"/>
        <radio op="I TIM" rat="LTE" q="5.50" rsrp="-114" sinr="0" rsrq="-14"/>
      </extensions>
    </trkpt>
    <trkpt lat="45.5088199" lon="10.3397337">
      <ele>196.70001220703125</ele>
      <time>2026-07-05T14:41:15.654+02:00</time>
      <extensions>
        <activity type="UNKNOWN" conf="40" state="unknown" tsMs="1783255282886"/>
        <radio op="vodafone IT" rat="LTE" rsrp="-107" rsrq="-12"/>
        <radio op="I TIM" rat="LTE" rsrp="-118" rsrq="-14"/>
      </extensions>
    </trkpt>
    <trkpt lat="45.5087549" lon="10.3400889">
      <ele>196.70001220703125</ele>
      <time>2026-07-05T14:41:55.019+02:00</time>
      <extensions>
        <activity type="UNKNOWN" conf="40" state="unknown" tsMs="1783255309804"/>
        <radio op="vodafone IT" rat="LTE" rsrp="-109" rsrq="-16"/>
        <radio op="I TIM" rat="LTE" rsrp="-114" rsrq="-11"/>
      </extensions>
    </trkpt>
    <trkpt lat="45.5087501" lon="10.3399863">
      <ele>196.70001220703125</ele>
      <time>2026-07-05T14:42:26.217+02:00</time>
      <extensions>
        <activity type="ON_FOOT" conf="89" state="moving" tsMs="1783255342297"/>
        <radio op="vodafone IT" rat="LTE" q="11.40" rsrp="-106" sinr="1" rsrq="-13"/>
        <radio op="I TIM" rat="LTE" q="6.30" rsrp="-116" sinr="2" rsrq="-10"/>
      </extensions>
    </trkpt>
    <trkpt lat="45.5087354" lon="10.3398387">
      <ele>196.70001220703125</ele>
      <time>2026-07-05T14:42:57.366+02:00</time>
      <extensions>
        <activity type="UNKNOWN" conf="40" state="unknown" tsMs="1783255373575"/>
        <radio op="vodafone IT" rat="LTE" q="8.50" rsrp="-108" sinr="0" rsrq="-14"/>
        <radio op="I TIM" rat="LTE" rsrp="-116" rsrq="-13"/>
      </extensions>
    </trkpt>
    <trkpt lat="45.508771" lon="10.3400111">
      <ele>196.70001220703125</ele>
      <time>2026-07-05T14:43:27.935+02:00</time>
      <extensions>
        <activity type="STILL" conf="40" state="still" tsMs="1783255404572"/>
        <radio op="vodafone IT" rat="LTE" q="14.40" rsrp="-109" sinr="4" rsrq="-13"/>
        <radio op="I TIM" rat="LTE" q="7.00" rsrp="-115" sinr="2" rsrq="-13"/>
      </extensions>
    </trkpt>
    <trkpt lat="45.5087574" lon="10.3400324">
      <ele>196.70001220703125</ele>
      <time>2026-07-05T14:44:01.251+02:00</time>
      <extensions>
        <activity type="UNKNOWN" conf="40" state="unknown" tsMs="1783255437273"/>
        <radio op="vodafone IT" rat="LTE" rsrp="-114" rsrq="-13"/>
        <radio op="I TIM" rat="LTE" rsrp="-112" rsrq="-12"/>
      </extensions>
    </trkpt>
    <trkpt lat="45.5087191" lon="10.3400279">
      <ele>196.70001220703125</ele>
      <time>2026-07-05T14:44:32.488+02:00</time>
      <extensions>
        <activity type="STILL" conf="36" state="still" tsMs="1783255468495"/>
        <radio op="vodafone IT" rat="LTE" rsrp="-109" rsrq="-13"/>
        <radio op="I TIM" rat="LTE" rsrp="-117" rsrq="-9"/>
      </extensions>
    </trkpt>
    <trkpt lat="45.5087483" lon="10.3400331">
      <ele>196.70001220703125</ele>
      <time>2026-07-05T14:45:03.765+02:00</time>
      <extensions>
        <activity type="STILL" conf="96" state="still" tsMs="1783255499767"/>
        <radio op="vodafone IT" rat="LTE" rsrp="-112" rsrq="-16"/>
        <radio op="I TIM" rat="LTE" rsrp="-116" rsrq="-9"/>
      </extensions>
    </trkpt>
    <trkpt lat="45.5088091" lon="10.3396251">
      <ele>196.8000030517578</ele>
      <time>2026-07-05T14:45:35.062+02:00</time>
      <extensions>
        <activity type="STILL" conf="97" state="still" tsMs="1783255531067"/>
        <radio op="vodafone IT" rat="LTE" rsrp="-111" rsrq="-14"/>
        <radio op="I TIM" rat="LTE" rsrp="-117" rsrq="-9"/>
      </extensions>
    </trkpt>
    <trkpt lat="45.5087436" lon="10.3399866">
      <ele>196.70001220703125</ele>
      <time>2026-07-05T14:46:06.246+02:00</time>
      <extensions>
        <activity type="UNKNOWN" conf="40" state="unknown" tsMs="1783255562332"/>
        <radio op="vodafone IT" rat="LTE" q="20.90" rsrp="-106" sinr="6" rsrq="-10"/>
        <radio op="I TIM" rat="LTE" rsrp="-114" rsrq="-14"/>
      </extensions>
    </trkpt>
    <trkpt lat="45.5087093" lon="10.3400478">
      <ele>196.70001220703125</ele>
      <time>2026-07-05T14:46:37.58+02:00</time>
      <extensions>
        <activity type="UNKNOWN" conf="40" state="unknown" tsMs="1783255593669"/>
        <radio op="vodafone IT" rat="LTE" q="19.50" rsrp="-110" sinr="8" rsrq="-10"/>
        <radio op="I TIM" rat="LTE" q="7.20" rsrp="-113" sinr="1" rsrq="-13"/>
      </extensions>
    </trkpt>
    <trkpt lat="45.5087299" lon="10.3399812">
      <ele>196.70001220703125</ele>
      <time>2026-07-05T14:47:08.817+02:00</time>
      <extensions>
        <activity type="UNKNOWN" conf="40" state="unknown" tsMs="1783255625168"/>
        <radio op="vodafone IT" rat="LTE" rsrp="-108" rsrq="-12"/>
        <radio op="I TIM" rat="LTE" rsrp="-120" rsrq="-14"/>
      </extensions>
    </trkpt>
    <trkpt lat="45.5086931" lon="10.3400289">
      <ele>196.70001220703125</ele>
      <time>2026-07-05T14:47:42.912+02:00</time>
      <extensions>
        <activity type="UNKNOWN" conf="40" state="unknown" tsMs="1783255656275"/>
        <radio op="vodafone IT" rat="LTE" q="13.20" rsrp="-113" sinr="6" rsrq="-11"/>
        <radio op="I TIM" rat="LTE" q="6.50" rsrp="-112" sinr="0" rsrq="-14"/>
      </extensions>
    </trkpt>
    <trkpt lat="45.5087154" lon="10.3400673">
      <ele>196.70001220703125</ele>
      <time>2026-07-05T14:48:25.566+02:00</time>
      <extensions>
        <activity type="STILL" conf="98" state="still" tsMs="1783255703695"/>
        <radio op="vodafone IT" rat="LTE" q="11.00" rsrp="-114" sinr="5" rsrq="-9"/>
        <radio op="I TIM" rat="LTE" q="4.00" rsrp="-117" sinr="0" rsrq="-16"/>
      </extensions>
    </trkpt>
    <trkpt lat="45.5087157" lon="10.340045">
      <ele>196.70001220703125</ele>
      <time>2026-07-05T14:48:58.122+02:00</time>
      <extensions>
        <activity type="UNKNOWN" conf="40" state="unknown" tsMs="1783255734583"/>
        <radio op="vodafone IT" rat="LTE" q="13.20" rsrp="-114" sinr="7" rsrq="-10"/>
        <radio op="I TIM" rat="LTE" q="5.40" rsrp="-119" sinr="4" rsrq="-11"/>
      </extensions>
    </trkpt>
    <trkpt lat="45.5087173" lon="10.3401324">
      <ele>196.70001220703125</ele>
      <time>2026-07-05T14:50:16.45+02:00</time>
      <extensions>
        <activity type="UNKNOWN" conf="40" state="unknown" tsMs="1783255815551"/>
        <radio op="vodafone IT" rat="LTE" q="11.00" rsrp="-115" sinr="6" rsrq="-9"/>
        <radio op="I TIM" rat="LTE" rsrp="-118" rsrq="-14"/>
      </extensions>
    </trkpt>
    <trkpt lat="45.5088637" lon="10.3401231">
      <ele>198.89100956287353</ele>
      <time>2026-07-05T14:50:52.744+02:00</time>
      <extensions>
        <activity type="STILL" conf="49" state="still" tsMs="1783255847562"/>
        <radio op="vodafone IT" rat="LTE" q="19.50" rsrp="-110" sinr="8" rsrq="-10"/>
        <radio op="I TIM" rat="LTE" q="13.20" rsrp="-114" sinr="7" rsrq="-8"/>
      </extensions>
    </trkpt>
    <trkpt lat="45.5087972" lon="10.3400536">
      <ele>196.70001220703125</ele>
      <time>2026-07-05T14:51:25.539+02:00</time>
      <extensions>
        <activity type="ON_FOOT" conf="84" state="moving" tsMs="1783255880485"/>
        <radio op="vodafone IT" rat="LTE" q="32.20" rsrp="-102" sinr="9" rsrq="-9"/>
        <radio op="I TIM" rat="LTE" q="11.20" rsrp="-109" sinr="2" rsrq="-8"/>
      </extensions>
    </trkpt>
    <trkpt lat="45.50883" lon="10.3400649">
      <ele>196.70001220703125</ele>
      <time>2026-07-05T14:51:56.743+02:00</time>
      <extensions>
        <activity type="STILL" conf="99" state="still" tsMs="1783255912740"/>
        <radio op="vodafone IT" rat="LTE" q="20.00" rsrp="-100" sinr="3" rsrq="-9"/>
        <radio op="I TIM" rat="LTE" q="15.00" rsrp="-100" sinr="1" rsrq="-11"/>
      </extensions>
    </trkpt>
    <trkpt lat="45.5087617" lon="10.3399831">
      <ele>196.70001220703125</ele>
      <time>2026-07-05T14:52:33.66+02:00</time>
      <extensions>
        <activity type="UNKNOWN" conf="40" state="unknown" tsMs="1783255950381"/>
        <radio op="vodafone IT" rat="LTE" q="9.00" rsrp="-116" sinr="5" rsrq="-11"/>
        <radio op="I TIM" rat="LTE" q="4.00" rsrp="-121" sinr="5" rsrq="-12"/>
      </extensions>
    </trkpt>
    <trkpt lat="45.5087454" lon="10.3401557">
      <ele>196.70001220703125</ele>
      <time>2026-07-05T14:53:08.805+02:00</time>
      <extensions>
        <activity type="UNKNOWN" conf="40" state="unknown" tsMs="1783255981152"/>
        <radio op="vodafone IT" rat="LTE" q="4.00" rsrp="-120" sinr="3" rsrq="-11"/>
        <radio op="I TIM" rat="LTE" rsrp="-118" rsrq="-11"/>
      </extensions>
    </trkpt>
    <trkpt lat="45.5087724" lon="10.3399574">
      <ele>196.70001220703125</ele>
      <time>2026-07-05T14:53:56.777+02:00</time>
      <extensions>
        <activity type="UNKNOWN" conf="40" state="unknown" tsMs="1783256036563"/>
        <radio op="vodafone IT" rat="LTE" q="9.90" rsrp="-116" sinr="6" rsrq="-9"/>
        <radio op="I TIM" rat="LTE" q="2.50" rsrp="-120" sinr="0" rsrq="-11"/>
      </extensions>
    </trkpt>
    <trkpt lat="45.5087197" lon="10.3401575">
      <ele>196.70001220703125</ele>
      <time>2026-07-05T14:54:39.738+02:00</time>
      <extensions>
        <activity type="UNKNOWN" conf="40" state="unknown" tsMs="1783256056952"/>
        <radio op="vodafone IT" rat="LTE" q="10.00" rsrp="-115" sinr="5" rsrq="-11"/>
        <radio op="I TIM" rat="LTE" rsrp="-121" rsrq="-12"/>
      </extensions>
    </trkpt>
    <trkpt lat="45.5087458" lon="10.3400881">
      <ele>196.70001220703125</ele>
      <time>2026-07-05T14:55:18.869+02:00</time>
      <extensions>
        <activity type="UNKNOWN" conf="40" state="unknown" tsMs="1783256113562"/>
        <radio op="vodafone IT" rat="LTE" q="8.00" rsrp="-115" sinr="3" rsrq="-9"/>
        <radio op="I TIM" rat="LTE" q="3.50" rsrp="-120" sinr="2" rsrq="-11"/>
      </extensions>
    </trkpt>
    <trkpt lat="45.5087613" lon="10.3401601">
      <ele>196.70001220703125</ele>
      <time>2026-07-05T14:56:14.971+02:00</time>
      <extensions>
        <activity type="UNKNOWN" conf="40" state="unknown" tsMs="1783256169548"/>
        <radio op="vodafone IT" rat="LTE" q="7.20" rsrp="-117" sinr="4" rsrq="-9"/>
        <radio op="I TIM" rat="LTE" q="4.50" rsrp="-116" sinr="0" rsrq="-13"/>
      </extensions>
    </trkpt>
    <trkpt lat="45.5087261" lon="10.3400085">
      <ele>196.70001220703125</ele>
      <time>2026-07-05T15:03:46.465+02:00</time>
      <extensions>
        <activity type="ON_FOOT" conf="87" state="moving" tsMs="1783256624899"/>
        <radio op="vodafone IT" rat="LTE" q="34.20" rsrp="-106" sinr="13" rsrq="-10"/>
        <radio op="I TIM" rat="LTE" q="14.00" rsrp="-111" sinr="5" rsrq="-9"/>
      </extensions>
    </trkpt>
    <trkpt lat="45.508755" lon="10.3400268">
      <ele>196.70001220703125</ele>
      <time>2026-07-05T15:04:22.873+02:00</time>
      <extensions>
        <activity type="ON_FOOT" conf="91" state="moving" tsMs="1783256659921"/>
        <radio op="vodafone IT" rat="LTE" q="13.50" rsrp="-110" sinr="4" rsrq="-10"/>
        <radio op="I TIM" rat="LTE" rsrp="-114" rsrq="-9"/>
      </extensions>
    </trkpt>
    <trkpt lat="45.5087841" lon="10.3399985">
      <ele>196.8000030517578</ele>
      <time>2026-07-05T15:04:54.241+02:00</time>
      <extensions>
        <activity type="UNKNOWN" conf="40" state="unknown" tsMs="1783256693628"/>
        <radio op="vodafone IT" rat="LTE" q="19.00" rsrp="-106" sinr="5" rsrq="-9"/>
        <radio op="I TIM" rat="LTE" q="17.60" rsrp="-103" sinr="3" rsrq="-8"/>
      </extensions>
    </trkpt>
    <trkpt lat="45.5087753" lon="10.3400341">
      <ele>196.70001220703125</ele>
      <time>2026-07-05T15:05:25.5+02:00</time>
      <extensions>
        <activity type="STILL" conf="70" state="still" tsMs="1783256721817"/>
        <radio op="vodafone IT" rat="LTE" q="15.20" rsrp="-106" sinr="3" rsrq="-9"/>
        <radio op="I TIM" rat="LTE" q="16.10" rsrp="-102" sinr="2" rsrq="-9"/>
      </extensions>
    </trkpt>
    <trkpt lat="45.5087811" lon="10.3400427">
      <ele>196.70001220703125</ele>
      <time>2026-07-05T15:05:56.734+02:00</time>
      <extensions>
        <activity type="STILL" conf="41" state="still" tsMs="1783256752897"/>
        <radio op="vodafone IT" rat="LTE" q="15.20" rsrp="-106" sinr="3" rsrq="-11"/>
        <radio op="I TIM" rat="LTE" q="22.00" rsrp="-105" sinr="6" rsrq="-7"/>
      </extensions>
    </trkpt>
    <trkpt lat="45.5087489" lon="10.3399586">
      <ele>196.70001220703125</ele>
      <time>2026-07-05T15:06:28.05+02:00</time>
      <extensions>
        <activity type="STILL" conf="52" state="still" tsMs="1783256783992"/>
        <radio op="vodafone IT" rat="LTE" q="22.00" rsrp="-105" sinr="6" rsrq="-10"/>
        <radio op="I TIM" rat="LTE" q="19.00" rsrp="-106" sinr="5" rsrq="-9"/>
      </extensions>
    </trkpt>
    <trkpt lat="45.5087295" lon="10.3400781">
      <ele>196.70001220703125</ele>
      <time>2026-07-05T15:07:00.19+02:00</time>
      <extensions>
        <activity type="ON_FOOT" conf="86" state="moving" tsMs="1783256815833"/>
        <radio op="vodafone IT" rat="LTE" q="11.70" rsrp="-116" sinr="8" rsrq="-10"/>
        <radio op="I TIM" rat="LTE" q="6.30" rsrp="-118" sinr="4" rsrq="-10"/>
      </extensions>
    </trkpt>
    <trkpt lat="45.5087868" lon="10.3401539">
      <ele>196.8000030517578</ele>
      <time>2026-07-05T15:07:32.954+02:00</time>
      <extensions>
        <activity type="STILL" conf="98" state="still" tsMs="1783256846582"/>
        <radio op="vodafone IT" rat="LTE" q="9.00" rsrp="-115" sinr="4" rsrq="-10"/>
        <radio op="I TIM" rat="LTE" q="3.00" rsrp="-119" sinr="0" rsrq="-10"/>
      </extensions>
    </trkpt>
    <trkpt lat="45.5087452" lon="10.3401403">
      <ele>196.70001220703125</ele>
      <time>2026-07-05T15:08:05.107+02:00</time>
      <extensions>
        <activity type="UNKNOWN" conf="40" state="unknown" tsMs="1783256883589"/>
        <radio op="vodafone IT" rat="LTE" q="13.20" rsrp="-114" sinr="7" rsrq="-10"/>
        <radio op="I TIM" rat="LTE" q="3.60" rsrp="-119" sinr="1" rsrq="-10"/>
      </extensions>
    </trkpt>
    <trkpt lat="45.5087026" lon="10.3400871">
      <ele>196.70001220703125</ele>
      <time>2026-07-05T15:08:39.326+02:00</time>
      <extensions>
        <activity type="STILL" conf="36" state="still" tsMs="1783256910098"/>
        <radio op="vodafone IT" rat="LTE" q="12.10" rsrp="-114" sinr="6" rsrq="-9"/>
        <radio op="I TIM" rat="LTE" rsrp="-121" rsrq="-12"/>
      </extensions>
    </trkpt>
    <trkpt lat="45.5087205" lon="10.340095">
      <ele>196.70001220703125</ele>
      <time>2026-07-05T15:09:16.517+02:00</time>
      <extensions>
        <activity type="UNKNOWN" conf="40" state="unknown" tsMs="1783256955881"/>
        <radio op="vodafone IT" rat="LTE" q="9.00" rsrp="-116" sinr="5" rsrq="-8"/>
        <radio op="I TIM" rat="LTE" rsrp="-121" rsrq="-11"/>
      </extensions>
    </trkpt>
    <trkpt lat="45.5087169" lon="10.3401151">
      <ele>196.70001220703125</ele>
      <time>2026-07-05T15:10:07.096+02:00</time>
      <extensions>
        <activity type="UNKNOWN" conf="40" state="unknown" tsMs="1783257001346"/>
        <radio op="vodafone IT" rat="LTE" q="9.00" rsrp="-115" sinr="4" rsrq="-8"/>
        <radio op="I TIM" rat="LTE" rsrp="-123" rsrq="-12"/>
      </extensions>
    </trkpt>
    <trkpt lat="45.5087434" lon="10.3401617">
      <ele>196.70001220703125</ele>
      <time>2026-07-05T15:10:43.865+02:00</time>
      <extensions>
        <activity type="UNKNOWN" conf="40" state="unknown" tsMs="1783257038133"/>
        <radio op="vodafone IT" rat="LTE" q="13.20" rsrp="-114" sinr="7" rsrq="-8"/>
        <radio op="I TIM" rat="LTE" q="4.00" rsrp="-117" sinr="0" rsrq="-11"/>
      </extensions>
    </trkpt>
    <trkpt lat="45.5087343" lon="10.340049">
      <ele>196.70001220703125</ele>
      <time>2026-07-05T15:18:02.037+02:00</time>
      <extensions>
        <activity type="ON_FOOT" conf="81" state="moving" tsMs="1783257480999"/>
        <radio op="vodafone IT" rat="LTE" q="5.60" rsrp="-117" sinr="2" rsrq="-10"/>
        <radio op="I TIM" rat="LTE" rsrp="-116" rsrq="-16"/>
      </extensions>
    </trkpt>
    <trkpt lat="45.5087417" lon="10.3401393">
      <ele>196.70001220703125</ele>
      <time>2026-07-05T15:18:47.664+02:00</time>
      <extensions>
        <activity type="UNKNOWN" conf="40" state="unknown" tsMs="1783257521595"/>
        <radio op="vodafone IT" rat="LTE" q="12.00" rsrp="-113" sinr="5" rsrq="-9"/>
        <radio op="I TIM" rat="LTE" rsrp="-116" rsrq="-16"/>
      </extensions>
    </trkpt>
    <trkpt lat="45.5087666" lon="10.340195">
      <ele>196.8000030517578</ele>
      <time>2026-07-05T15:19:27.231+02:00</time>
      <extensions>
        <activity type="UNKNOWN" conf="40" state="unknown" tsMs="1783257566586"/>
        <radio op="vodafone IT" rat="LTE" q="11.70" rsrp="-112" sinr="4" rsrq="-10"/>
        <radio op="I TIM" rat="LTE" q="3.00" rsrp="-120" sinr="1" rsrq="-11"/>
      </extensions>
    </trkpt>
    <trkpt lat="45.5087352" lon="10.3400838">
      <ele>196.70001220703125</ele>
      <time>2026-07-05T15:20:00.874+02:00</time>
      <extensions>
        <activity type="UNKNOWN" conf="40" state="unknown" tsMs="1783257598230"/>
        <radio op="vodafone IT" rat="LTE" q="12.00" rsrp="-115" sinr="7" rsrq="-9"/>
        <radio op="I TIM" rat="LTE" q="2.10" rsrp="-122" sinr="2" rsrq="-11"/>
      </extensions>
    </trkpt>
    <trkpt lat="45.5087323" lon="10.3400852">
      <ele>196.70001220703125</ele>
      <time>2026-07-05T15:20:47.926+02:00</time>
      <extensions>
        <activity type="UNKNOWN" conf="40" state="unknown" tsMs="1783257631999"/>
        <radio op="vodafone IT" rat="LTE" q="7.20" rsrp="-117" sinr="4" rsrq="-9"/>
        <radio op="I TIM" rat="LTE" q="2.10" rsrp="-122" sinr="2" rsrq="-13"/>
      </extensions>
    </trkpt>
    <trkpt lat="45.5089077" lon="10.3398626">
      <ele>196.8000030517578</ele>
      <time>2026-07-05T15:21:58.699+02:00</time>
      <extensions>
        <activity type="UNKNOWN" conf="40" state="unknown" tsMs="1783257717599"/>
        <radio op="vodafone IT" rat="LTE" q="16.80" rsrp="-113" sinr="9" rsrq="-9"/>
        <radio op="I TIM" rat="LTE" q="4.90" rsrp="-118" sinr="2" rsrq="-11"/>
      </extensions>
    </trkpt>
    <trkpt lat="45.5087163" lon="10.340137">
      <ele>196.70001220703125</ele>
      <time>2026-07-05T15:22:58.96+02:00</time>
      <extensions>
        <activity type="UNKNOWN" conf="40" state="unknown" tsMs="1783257777993"/>
        <radio op="vodafone IT" rat="LTE" q="8.80" rsrp="-114" sinr="3" rsrq="-10"/>
        <radio op="I TIM" rat="LTE" rsrp="-120" rsrq="-11"/>
      </extensions>
    </trkpt>
    <trkpt lat="45.5087753" lon="10.3400674">
      <ele>196.70001220703125</ele>
      <time>2026-07-05T15:23:30.298+02:00</time>
      <extensions>
        <activity type="UNKNOWN" conf="40" state="unknown" tsMs="1783257809775"/>
        <radio op="vodafone IT" rat="LTE" rsrp="-117" rsrq="-12"/>
        <radio op="I TIM" rat="LTE" q="3.00" rsrp="-120" sinr="1" rsrq="-11"/>
      </extensions>
    </trkpt>
    <trkpt lat="45.5087131" lon="10.3400968">
      <ele>196.70001220703125</ele>
      <time>2026-07-05T15:24:06.985+02:00</time>
      <extensions>
        <activity type="STILL" conf="49" state="still" tsMs="1783257841607"/>
        <radio op="vodafone IT" rat="LTE" rsrp="-111" rsrq="-16"/>
        <radio op="I TIM" rat="LTE" q="2.40" rsrp="-121" sinr="1" rsrq="-10"/>
      </extensions>
    </trkpt>
    <trkpt lat="45.5087204" lon="10.340144">
      <ele>196.70001220703125</ele>
      <time>2026-07-05T15:24:50.693+02:00</time>
      <extensions>
        <activity type="UNKNOWN" conf="40" state="unknown" tsMs="1783257886997"/>
        <radio op="vodafone IT" rat="LTE" rsrp="-115" rsrq="-12"/>
        <radio op="I TIM" rat="LTE" q="5.00" rsrp="-115" sinr="0" rsrq="-13"/>
      </extensions>
    </trkpt>
    <trkpt lat="45.5087204" lon="10.3400692">
      <ele>196.70001220703125</ele>
      <time>2026-07-05T15:25:26.392+02:00</time>
      <extensions>
        <activity type="UNKNOWN" conf="40" state="unknown" tsMs="1783257922092"/>
        <radio op="vodafone IT" rat="LTE" q="13.00" rsrp="-115" sinr="8" rsrq="-10"/>
        <radio op="I TIM" rat="LTE" rsrp="-117" rsrq="-14"/>
      </extensions>
    </trkpt>
    <trkpt lat="45.5087312" lon="10.340146">
      <ele>196.70001220703125</ele>
      <time>2026-07-05T15:25:57.895+02:00</time>
      <extensions>
        <activity type="UNKNOWN" conf="40" state="unknown" tsMs="1783257954004"/>
        <radio op="vodafone IT" rat="LTE" q="8.00" rsrp="-115" sinr="3" rsrq="-9"/>
        <radio op="I TIM" rat="LTE" q="2.50" rsrp="-120" sinr="0" rsrq="-13"/>
      </extensions>
    </trkpt>
    <trkpt lat="45.5087773" lon="10.3399811">
      <ele>196.8000030517578</ele>
      <time>2026-07-05T15:27:43.335+02:00</time>
      <extensions>
        <activity type="UNKNOWN" conf="40" state="unknown" tsMs="1783258080002"/>
        <radio op="vodafone IT" rat="LTE" q="12.00" rsrp="-113" sinr="5" rsrq="-13"/>
        <radio op="I TIM" rat="LTE" q="8.00" rsrp="-117" sinr="5" rsrq="-13"/>
      </extensions>
    </trkpt>
    <trkpt lat="45.5087432" lon="10.3401746">
      <ele>196.70001220703125</ele>
      <time>2026-07-05T15:28:46.75+02:00</time>
      <extensions>
        <activity type="ON_FOOT" conf="85" state="moving" tsMs="1783258125609"/>
        <radio op="vodafone IT" rat="LTE" q="16.80" rsrp="-111" sinr="7" rsrq="-9"/>
        <radio op="I TIM" rat="LTE" q="4.90" rsrp="-118" sinr="2" rsrq="-12"/>
      </extensions>
    </trkpt>
    <trkpt lat="45.5087257" lon="10.3401402">
      <ele>196.70001220703125</ele>
      <time>2026-07-05T15:29:20.191+02:00</time>
      <extensions>
        <activity type="ON_FOOT" conf="93" state="moving" tsMs="1783258156606"/>
        <radio op="vodafone IT" rat="LTE" q="9.00" rsrp="-116" sinr="5" rsrq="-11"/>
        <radio op="I TIM" rat="LTE" q="3.00" rsrp="-119" sinr="0" rsrq="-13"/>
      </extensions>
    </trkpt>
    <trkpt lat="45.5086018" lon="10.3400205">
      <ele>196.70001220703125</ele>
      <time>2026-07-05T15:30:08.341+02:00</time>
      <extensions>
        <activity type="ON_FOOT" conf="93" state="moving" tsMs="1783258207605"/>
        <radio op="vodafone IT" rat="LTE" q="27.20" rsrp="-109" sinr="12" rsrq="-8"/>
        <radio op="I TIM" rat="LTE" q="5.60" rsrp="-118" sinr="3" rsrq="-9"/>
      </extensions>
    </trkpt>
    <trkpt lat="45.5085724" lon="10.3399929">
      <ele>196.70001220703125</ele>
      <time>2026-07-05T15:30:49.28+02:00</time>
      <extensions>
        <activity type="UNKNOWN" conf="40" state="unknown" tsMs="1783258244987"/>
        <radio op="vodafone IT" rat="LTE" q="20.40" rsrp="-108" sinr="7" rsrq="-8"/>
        <radio op="I TIM" rat="LTE" q="11.00" rsrp="-114" sinr="5" rsrq="-10"/>
      </extensions>
    </trkpt>
    <trkpt lat="45.5085488" lon="10.3400042">
      <ele>196.60000610351562</ele>
      <time>2026-07-05T15:31:26.85+02:00</time>
      <extensions>
        <activity type="UNKNOWN" conf="40" state="unknown" tsMs="1783258285621"/>
        <radio op="vodafone IT" rat="LTE" q="40.00" rsrp="-105" sinr="15" rsrq="-10"/>
        <radio op="I TIM" rat="LTE" q="14.00" rsrp="-111" sinr="5" rsrq="-10"/>
      </extensions>
    </trkpt>
    <trkpt lat="45.5086037" lon="10.3400152">
      <ele>196.70001220703125</ele>
      <time>2026-07-05T15:32:42.958+02:00</time>
      <extensions>
        <activity type="UNKNOWN" conf="40" state="unknown" tsMs="1783258356802"/>
        <radio op="vodafone IT" rat="LTE" q="15.40" rsrp="-111" sinr="6" rsrq="-8"/>
        <radio op="I TIM" rat="LTE" q="9.00" rsrp="-116" sinr="5" rsrq="-9"/>
      </extensions>
    </trkpt>
    <trkpt lat="45.508669" lon="10.3399325">
      <ele>198.85557438044688</ele>
      <time>2026-07-05T15:34:40.054+02:00</time>
      <extensions>
        <activity type="ON_FOOT" conf="92" state="moving" tsMs="1783258502981"/>
        <radio op="vodafone IT" rat="LTE" q="6.40" rsrp="-117" sinr="3" rsrq="-10"/>
        <radio op="I TIM" rat="LTE" rsrp="-121" rsrq="-13"/>
      </extensions>
    </trkpt>
    <trkpt lat="45.508489" lon="10.3398383">
      <ele>196.70001220703125</ele>
      <time>2026-07-05T15:35:20.597+02:00</time>
      <extensions>
        <activity type="ON_FOOT" conf="84" state="moving" tsMs="1783258519600"/>
        <radio op="vodafone IT" rat="LTE" q="21.60" rsrp="-107" sinr="7" rsrq="-8"/>
        <radio op="I TIM" rat="LTE" q="6.30" rsrp="-118" sinr="4" rsrq="-9"/>
      </extensions>
    </trkpt>
    <trkpt lat="45.5084736" lon="10.3397904">
      <ele>196.70001220703125</ele>
      <time>2026-07-05T15:35:55.779+02:00</time>
      <extensions>
        <activity type="UNKNOWN" conf="40" state="unknown" tsMs="1783258554297"/>
        <radio op="vodafone IT" rat="LTE" q="10.00" rsrp="-115" sinr="5" rsrq="-9"/>
        <radio op="I TIM" rat="LTE" rsrp="-118" rsrq="-13"/>
      </extensions>
    </trkpt>
    <trkpt lat="45.5084271" lon="10.3398164">
      <ele>196.70001220703125</ele>
      <time>2026-07-05T15:36:38.33+02:00</time>
      <extensions>
        <activity type="ON_FOOT" conf="88" state="moving" tsMs="1783258592615"/>
        <radio op="vodafone IT" rat="LTE" q="34.50" rsrp="-102" sinr="10" rsrq="-8"/>
        <radio op="I TIM" rat="LTE" q="6.00" rsrp="-113" sinr="0" rsrq="-12"/>
      </extensions>
    </trkpt>
    <trkpt lat="45.5084932" lon="10.3398007">
      <ele>196.70001220703125</ele>
      <time>2026-07-05T15:36:54.51+02:00</time>
      <extensions>
        <activity type="UNKNOWN" conf="40" state="unknown" tsMs="1783258614948"/>
        <radio op="vodafone IT" rat="LTE" q="24.00" rsrp="-101" sinr="5" rsrq="-10"/>
        <radio op="I TIM" rat="LTE" q="7.50" rsrp="-110" sinr="0" rsrq="-10"/>
      </extensions>
    </trkpt>
    <trkpt lat="45.5085221" lon="10.3398355">
      <ele>196.70001220703125</ele>
      <time>2026-07-05T15:37:25.282+02:00</time>
      <extensions>
        <activity type="UNKNOWN" conf="40" state="unknown" tsMs="1783258646349"/>
        <radio op="vodafone IT" rat="LTE" q="20.00" rsrp="-105" sinr="5" rsrq="-9"/>
        <radio op="I TIM" rat="LTE" rsrp="-109" rsrq="-10"/>
      </extensions>
    </trkpt>
    <trkpt lat="45.5084599" lon="10.3398379">
      <ele>196.70001220703125</ele>
      <time>2026-07-05T15:38:00.865+02:00</time>
      <extensions>
        <activity type="UNKNOWN" conf="40" state="unknown" tsMs="1783258676741"/>
        <radio op="vodafone IT" rat="LTE" q="28.60" rsrp="-103" sinr="8" rsrq="-8"/>
        <radio op="I TIM" rat="LTE" q="9.50" rsrp="-106" sinr="0" rsrq="-9"/>
      </extensions>
    </trkpt>
    <trkpt lat="45.5084584" lon="10.3398021">
      <ele>196.70001220703125</ele>
      <time>2026-07-05T15:38:32.125+02:00</time>
      <extensions>
        <activity type="UNKNOWN" conf="40" state="unknown" tsMs="1783258708046"/>
        <radio op="vodafone IT" rat="LTE" q="26.40" rsrp="-103" sinr="7" rsrq="-9"/>
        <radio op="I TIM" rat="LTE" q="8.00" rsrp="-109" sinr="0" rsrq="-12"/>
      </extensions>
    </trkpt>
    <trkpt lat="45.50847" lon="10.3397892">
      <ele>196.8000030517578</ele>
      <time>2026-07-05T15:39:03.268+02:00</time>
      <extensions>
        <activity type="STILL" conf="68" state="still" tsMs="1783258739330"/>
        <radio op="vodafone IT" rat="LTE" q="14.40" rsrp="-107" sinr="3" rsrq="-10"/>
        <radio op="I TIM" rat="LTE" q="12.80" rsrp="-109" sinr="3" rsrq="-12"/>
      </extensions>
    </trkpt>
    <trkpt lat="45.5084561" lon="10.3398254">
      <ele>196.70001220703125</ele>
      <time>2026-07-05T15:39:34.611+02:00</time>
      <extensions>
        <activity type="STILL" conf="43" state="still" tsMs="1783258770585"/>
        <radio op="vodafone IT" rat="LTE" q="25.20" rsrp="-107" sinr="9" rsrq="-10"/>
        <radio op="I TIM" rat="LTE" q="6.50" rsrp="-112" sinr="0" rsrq="-12"/>
      </extensions>
    </trkpt>
    <trkpt lat="45.5086525" lon="10.3399049">
      <ele>196.70001220703125</ele>
      <time>2026-07-05T15:42:15.833+02:00</time>
      <extensions>
        <activity type="ON_FOOT" conf="93" state="moving" tsMs="1783258933009"/>
        <radio op="vodafone IT" rat="LTE" q="13.50" rsrp="-110" sinr="4" rsrq="-8"/>
        <radio op="I TIM" rat="LTE" q="5.40" rsrp="-116" sinr="1" rsrq="-12"/>
      </extensions>
    </trkpt>
    <trkpt lat="45.5085366" lon="10.3397544">
      <ele>196.8000030517578</ele>
      <time>2026-07-05T15:42:47.071+02:00</time>
      <extensions>
        <activity type="ON_FOOT" conf="91" state="moving" tsMs="1783258961321"/>
        <radio op="vodafone IT" rat="LTE" q="18.20" rsrp="-111" sinr="8" rsrq="-10"/>
        <radio op="I TIM" rat="LTE" q="6.40" rsrp="-117" sinr="3" rsrq="-10"/>
      </extensions>
    </trkpt>
    <trkpt lat="45.5084738" lon="10.3398203">
      <ele>196.70001220703125</ele>
      <time>2026-07-05T15:43:57.219+02:00</time>
      <extensions>
        <activity type="UNKNOWN" conf="40" state="unknown" tsMs="1783259031616"/>
        <radio op="vodafone IT" rat="LTE" q="32.40" rsrp="-107" sinr="13" rsrq="-7"/>
        <radio op="I TIM" rat="LTE" q="6.00" rsrp="-115" sinr="1" rsrq="-10"/>
      </extensions>
    </trkpt>
    <trkpt lat="45.5084446" lon="10.3398211">
      <ele>196.70001220703125</ele>
      <time>2026-07-05T15:44:47.029+02:00</time>
      <extensions>
        <activity type="STILL" conf="99" state="still" tsMs="1783259071009"/>
        <radio op="vodafone IT" rat="LTE" q="24.00" rsrp="-109" sinr="10" rsrq="-8"/>
        <radio op="I TIM" rat="LTE" q="16.90" rsrp="-112" sinr="8" rsrq="-8"/>
      </extensions>
    </trkpt>
    <trkpt lat="45.5086247" lon="10.3396944">
      <ele>196.70001220703125</ele>
      <time>2026-07-05T15:45:18.054+02:00</time>
      <extensions>
        <activity type="STILL" conf="99" state="still" tsMs="1783259114485"/>
        <radio op="vodafone IT" rat="LTE" q="16.20" rsrp="-107" sinr="4" rsrq="-8"/>
        <radio op="I TIM" rat="LTE" q="11.70" rsrp="-112" sinr="4" rsrq="-9"/>
      </extensions>
    </trkpt>
    <trkpt lat="45.508654" lon="10.3396791">
      <ele>196.70001220703125</ele>
      <time>2026-07-05T15:45:46.298+02:00</time>
      <extensions>
        <activity type="STILL" conf="99" state="still" tsMs="1783259145011"/>
        <radio op="vodafone IT" rat="LTE" q="20.90" rsrp="-106" sinr="6" rsrq="-8"/>
        <radio op="I TIM" rat="LTE" q="10.40" rsrp="-112" sinr="3" rsrq="-10"/>
      </extensions>
    </trkpt>
    <trkpt lat="45.5085275" lon="10.3399022">
      <ele>196.70001220703125</ele>
      <time>2026-07-05T15:46:21.975+02:00</time>
      <extensions>
        <activity type="STILL" conf="79" state="still" tsMs="1783259181053"/>
        <radio op="vodafone IT" rat="LTE" q="24.00" rsrp="-109" sinr="10" rsrq="-8"/>
        <radio op="I TIM" rat="LTE" q="8.40" rsrp="-113" sinr="2" rsrq="-8"/>
      </extensions>
    </trkpt>
    <trkpt lat="45.508473" lon="10.3398336">
      <ele>196.70001220703125</ele>
      <time>2026-07-05T15:46:53.105+02:00</time>
      <extensions>
        <activity type="STILL" conf="99" state="still" tsMs="1783259209636"/>
        <radio op="vodafone IT" rat="LTE" q="48.40" rsrp="-103" sinr="17" rsrq="-9"/>
        <radio op="I TIM" rat="LTE" q="15.60" rsrp="-113" sinr="8" rsrq="-9"/>
      </extensions>
    </trkpt>
    <trkpt lat="45.5086629" lon="10.3396963">
      <ele>196.70001220703125</ele>
      <time>2026-07-05T15:47:24.303+02:00</time>
      <extensions>
        <activity type="STILL" conf="99" state="still" tsMs="1783259240648"/>
        <radio op="vodafone IT" rat="LTE" q="46.20" rsrp="-104" sinr="17" rsrq="-7"/>
        <radio op="I TIM" rat="LTE" q="14.00" rsrp="-115" sinr="9" rsrq="-10"/>
      </extensions>
    </trkpt>
    <trkpt lat="45.5085223" lon="10.3398821">
      <ele>196.8000030517578</ele>
      <time>2026-07-05T15:47:55.159+02:00</time>
      <extensions>
        <activity type="UNKNOWN" conf="40" state="unknown" tsMs="1783259274759"/>
        <radio op="vodafone IT" rat="LTE" q="25.20" rsrp="-111" sinr="13" rsrq="-7"/>
        <radio op="I TIM" rat="LTE" q="5.60" rsrp="-121" sinr="9" rsrq="-12"/>
      </extensions>
    </trkpt>
    <trkpt lat="45.5084594" lon="10.3398234">
      <ele>196.70001220703125</ele>
      <time>2026-07-05T15:48:26.12+02:00</time>
      <extensions>
        <activity type="UNKNOWN" conf="40" state="unknown" tsMs="1783259300380"/>
        <radio op="vodafone IT" rat="LTE" q="27.20" rsrp="-109" sinr="12" rsrq="-9"/>
        <radio op="I TIM" rat="LTE" q="9.90" rsrp="-114" sinr="4" rsrq="-9"/>
      </extensions>
    </trkpt>
    <trkpt lat="45.5085585" lon="10.3396225">
      <ele>196.70001220703125</ele>
      <time>2026-07-05T15:48:43.206+02:00</time>
      <extensions>
        <activity type="UNKNOWN" conf="40" state="unknown" tsMs="1783259334584"/>
        <radio op="vodafone IT" rat="LTE" q="33.00" rsrp="-103" sinr="10" rsrq="-8"/>
        <radio op="I TIM" rat="LTE" q="17.60" rsrp="-109" sinr="6" rsrq="-9"/>
      </extensions>
    </trkpt>
    <trkpt lat="45.5086986" lon="10.3396304">
      <ele>196.8000030517578</ele>
      <time>2026-07-05T15:49:17.563+02:00</time>
      <extensions>
        <activity type="STILL" conf="44" state="still" tsMs="1783259355917"/>
        <radio op="vodafone IT" rat="LTE" q="27.00" rsrp="-107" sinr="10" rsrq="-8"/>
        <radio op="I TIM" rat="LTE" q="14.00" rsrp="-111" sinr="5" rsrq="-11"/>
      </extensions>
    </trkpt>
    <trkpt lat="45.5084826" lon="10.3397372">
      <ele>196.8000030517578</ele>
      <time>2026-07-05T15:49:49.831+02:00</time>
      <extensions>
        <activity type="UNKNOWN" conf="40" state="unknown" tsMs="1783259388648"/>
        <radio op="vodafone IT" rat="LTE" q="22.00" rsrp="-103" sinr="5" rsrq="-8"/>
        <radio op="I TIM" rat="LTE" q="11.00" rsrp="-114" sinr="5" rsrq="-9"/>
      </extensions>
    </trkpt>
    <trkpt lat="45.5084388" lon="10.3398165">
      <ele>196.70001220703125</ele>
      <time>2026-07-05T15:50:35.377+02:00</time>
      <extensions>
        <activity type="ON_FOOT" conf="94" state="moving" tsMs="1783259426023"/>
        <radio op="vodafone IT" rat="LTE" q="44.80" rsrp="-97" sinr="11" rsrq="-10"/>
        <radio op="I TIM" rat="LTE" q="26.40" rsrp="-103" sinr="7" rsrq="-9"/>
      </extensions>
    </trkpt>
    <trkpt lat="45.508656" lon="10.3400744">
      <ele>196.60000610351562</ele>
      <time>2026-07-05T15:51:14.432+02:00</time>
      <extensions>
        <activity type="ON_FOOT" conf="96" state="moving" tsMs="1783259473235"/>
        <radio op="vodafone IT" rat="LTE" rsrp="-101" rsrq="-12"/>
        <radio op="I TIM" rat="LTE" rsrp="-97" rsrq="-9"/>
      </extensions>
    </trkpt>
    <trkpt lat="45.5086455" lon="10.3401411">
      <ele>196.70001220703125</ele>
      <time>2026-07-05T15:51:54.669+02:00</time>
      <extensions>
        <activity type="UNKNOWN" conf="40" state="unknown" tsMs="1783259511431"/>
        <radio op="vodafone IT" rat="LTE" q="27.00" rsrp="-98" sinr="5" rsrq="-9"/>
        <radio op="I TIM" rat="LTE" q="17.60" rsrp="-103" sinr="3" rsrq="-9"/>
      </extensions>
    </trkpt>
    <trkpt lat="45.5086462" lon="10.3399732">
      <ele>196.60000610351562</ele>
      <time>2026-07-05T15:52:37.024+02:00</time>
      <extensions>
        <activity type="UNKNOWN" conf="40" state="unknown" tsMs="1783259546044"/>
        <radio op="vodafone IT" rat="LTE" q="22.40" rsrp="-93" sinr="2" rsrq="-9"/>
        <radio op="I TIM" rat="LTE" q="34.50" rsrp="-102" sinr="10" rsrq="-12"/>
      </extensions>
    </trkpt>
    <trkpt lat="45.5085402" lon="10.339975">
      <ele>196.60000610351562</ele>
      <time>2026-07-05T15:53:15.286+02:00</time>
      <extensions>
        <activity type="UNKNOWN" conf="40" state="unknown" tsMs="1783259589847"/>
        <radio op="vodafone IT" rat="LTE" rsrp="-98" rsrq="-12"/>
        <radio op="I TIM" rat="LTE" rsrp="-102" rsrq="-13"/>
      </extensions>
    </trkpt>
    <trkpt lat="45.5084796" lon="10.340356">
      <ele>196.60000610351562</ele>
      <time>2026-07-05T15:53:50.664+02:00</time>
      <extensions>
        <activity type="UNKNOWN" conf="40" state="unknown" tsMs="1783259641631"/>
        <radio op="vodafone IT" rat="LTE" q="24.30" rsrp="-98" sinr="4" rsrq="-10"/>
        <radio op="I TIM" rat="LTE" q="26.00" rsrp="-99" sinr="5" rsrq="-10"/>
      </extensions>
    </trkpt>
    <trkpt lat="45.508638" lon="10.3400538">
      <ele>196.60000610351562</ele>
      <time>2026-07-05T15:54:48.609+02:00</time>
      <extensions>
        <activity type="UNKNOWN" conf="40" state="unknown" tsMs="1783259685963"/>
        <radio op="vodafone IT" rat="LTE" q="29.70" rsrp="-98" sinr="6" rsrq="-13"/>
        <radio op="I TIM" rat="LTE" q="24.30" rsrp="-98" sinr="4" rsrq="-11"/>
      </extensions>
    </trkpt>
    <trkpt lat="45.5086471" lon="10.340065">
      <ele>196.60000610351562</ele>
      <time>2026-07-05T15:55:23.86+02:00</time>
      <extensions>
        <activity type="UNKNOWN" conf="40" state="unknown" tsMs="1783259722650"/>
        <radio op="vodafone IT" rat="LTE" q="23.20" rsrp="-96" sinr="3" rsrq="-10"/>
        <radio op="I TIM" rat="LTE" rsrp="-101" rsrq="-10"/>
      </extensions>
    </trkpt>
    <trkpt lat="45.5087495" lon="10.3401945">
      <ele>199.42787105219736</ele>
      <time>2026-07-05T15:56:00.739+02:00</time>
      <extensions>
        <activity type="UNKNOWN" conf="40" state="unknown" tsMs="1783259760104"/>
        <radio op="vodafone IT" rat="LTE" q="23.40" rsrp="-99" sinr="4" rsrq="-13"/>
        <radio op="I TIM" rat="LTE" q="33.00" rsrp="-92" sinr="5" rsrq="-8"/>
      </extensions>
    </trkpt>
    <trkpt lat="45.5086401" lon="10.3400551">
      <ele>194.58384020016933</ele>
      <time>2026-07-05T15:56:31.878+02:00</time>
      <extensions>
        <activity type="UNKNOWN" conf="40" state="unknown" tsMs="1783259786102"/>
        <radio op="vodafone IT" rat="LTE" q="30.80" rsrp="-97" sinr="6" rsrq="-10"/>
        <radio op="I TIM" rat="LTE" q="17.50" rsrp="-100" sinr="2" rsrq="-9"/>
      </extensions>
    </trkpt>
    <trkpt lat="45.508482" lon="10.3398789">
      <ele>196.70001220703125</ele>
      <time>2026-07-05T15:57:21.478+02:00</time>
      <extensions>
        <activity type="ON_FOOT" conf="85" state="moving" tsMs="1783259835638"/>
        <radio op="vodafone IT" rat="LTE" q="40.60" rsrp="-96" sinr="9" rsrq="-9"/>
        <radio op="I TIM" rat="LTE" q="31.50" rsrp="-104" sinr="10" rsrq="-10"/>
      </extensions>
    </trkpt>
    <trkpt lat="45.5084673" lon="10.3398511">
      <ele>196.70001220703125</ele>
      <time>2026-07-05T15:57:53.796+02:00</time>
      <extensions>
        <activity type="UNKNOWN" conf="40" state="unknown" tsMs="1783259872638"/>
        <radio op="vodafone IT" rat="LTE" q="30.80" rsrp="-97" sinr="6" rsrq="-9"/>
        <radio op="I TIM" rat="LTE" q="36.00" rsrp="-101" sinr="10" rsrq="-8"/>
      </extensions>
    </trkpt>
    <trkpt lat="45.5083662" lon="10.340152">
      <ele>196.60000610351562</ele>
      <time>2026-07-05T15:59:27.665+02:00</time>
      <extensions>
        <activity type="STILL" conf="60" state="still" tsMs="1783259959642"/>
        <radio op="vodafone IT" rat="LTE" q="40.60" rsrp="-96" sinr="9" rsrq="-7"/>
        <radio op="I TIM" rat="LTE" q="28.80" rsrp="-101" sinr="7" rsrq="-9"/>
      </extensions>
    </trkpt>
    <trkpt lat="45.5085478" lon="10.339857">
      <ele>196.8000030517578</ele>
      <time>2026-07-05T16:00:01.594+02:00</time>
      <extensions>
        <activity type="ON_FOOT" conf="96" state="moving" tsMs="1783259987969"/>
        <radio op="vodafone IT" rat="LTE" q="7.20" rsrp="-116" sinr="3" rsrq="-11"/>
        <radio op="I TIM" rat="LTE" q="3.60" rsrp="-119" sinr="1" rsrq="-14"/>
      </extensions>
    </trkpt>
    <trkpt lat="45.5087561" lon="10.3401919">
      <ele>196.70001220703125</ele>
      <time>2026-07-05T16:00:51.994+02:00</time>
      <extensions>
        <activity type="ON_FOOT" conf="93" state="moving" tsMs="1783260051657"/>
        <radio op="vodafone IT" rat="LTE" q="8.40" rsrp="-113" sinr="2" rsrq="-12"/>
        <radio op="I TIM" rat="LTE" q="4.00" rsrp="-117" sinr="0" rsrq="-11"/>
      </extensions>
    </trkpt>
    <trkpt lat="45.5092024" lon="10.3403419">
      <ele>196.70001220703125</ele>
      <time>2026-07-05T16:01:31.316+02:00</time>
      <extensions>
        <activity type="ON_FOOT" conf="84" state="moving" tsMs="1783260099845"/>
        <radio op="vodafone IT" rat="LTE" q="5.40" rsrp="-116" sinr="1" rsrq="-13"/>
        <radio op="I TIM" rat="LTE" rsrp="-118" rsrq="-15"/>
      </extensions>
    </trkpt>
    <trkpt lat="45.5090875" lon="10.3403635">
      <ele>196.8000030517578</ele>
      <time>2026-07-05T16:02:01.372+02:00</time>
      <extensions>
        <activity type="UNKNOWN" conf="40" state="unknown" tsMs="1783260121215"/>
        <radio op="vodafone IT" rat="LTE" rsrp="-112" rsrq="-13"/>
        <radio op="I TIM" rat="LTE" rsrp="-116" rsrq="-14"/>
      </extensions>
    </trkpt>
    <trkpt lat="45.5091218" lon="10.3402856">
      <ele>196.70001220703125</ele>
      <time>2026-07-05T16:02:34.883+02:00</time>
      <extensions>
        <activity type="UNKNOWN" conf="40" state="unknown" tsMs="1783260151613"/>
        <radio op="vodafone IT" rat="LTE" rsrp="-113" rsrq="-12"/>
        <radio op="I TIM" rat="LTE" rsrp="-115" rsrq="-14"/>
      </extensions>
    </trkpt>
    <trkpt lat="45.5089268" lon="10.340309">
      <ele>196.70001220703125</ele>
      <time>2026-07-05T16:03:06.089+02:00</time>
      <extensions>
        <activity type="STILL" conf="96" state="still" tsMs="1783260182844"/>
        <radio op="vodafone IT" rat="LTE" q="13.50" rsrp="-110" sinr="4" rsrq="-10"/>
        <radio op="I TIM" rat="LTE" q="12.60" rsrp="-111" sinr="4" rsrq="-9"/>
      </extensions>
    </trkpt>
    <trkpt lat="45.5090262" lon="10.3403664">
      <ele>196.70001220703125</ele>
      <time>2026-07-05T16:03:37.412+02:00</time>
      <extensions>
        <activity type="STILL" conf="98" state="still" tsMs="1783260213961"/>
        <radio op="vodafone IT" rat="LTE" rsrp="-109" rsrq="-11"/>
        <radio op="I TIM" rat="LTE" q="8.00" rsrp="-109" sinr="0" rsrq="-11"/>
      </extensions>
    </trkpt>
    <trkpt lat="45.5091067" lon="10.3402962">
      <ele>196.70001220703125</ele>
      <time>2026-07-05T16:04:13.675+02:00</time>
      <extensions>
        <activity type="UNKNOWN" conf="40" state="unknown" tsMs="1783260260210"/>
        <radio op="vodafone IT" rat="LTE" q="7.80" rsrp="-112" sinr="1" rsrq="-12"/>
        <radio op="I TIM" rat="LTE" rsrp="-115" rsrq="-13"/>
      </extensions>
    </trkpt>
    <trkpt lat="45.5091995" lon="10.3403283">
      <ele>196.70001220703125</ele>
      <time>2026-07-05T16:04:51.61+02:00</time>
      <extensions>
        <activity type="STILL" conf="97" state="still" tsMs="1783260287083"/>
        <radio op="vodafone IT" rat="LTE" q="9.60" rsrp="-109" sinr="1" rsrq="-10"/>
        <radio op="I TIM" rat="LTE" rsrp="-116" rsrq="-14"/>
      </extensions>
    </trkpt>
    <trkpt lat="45.5091748" lon="10.3402913">
      <ele>196.70001220703125</ele>
      <time>2026-07-05T16:05:22.873+02:00</time>
      <extensions>
        <activity type="STILL" conf="98" state="still" tsMs="1783260319542"/>
        <radio op="vodafone IT" rat="LTE" q="10.50" rsrp="-110" sinr="2" rsrq="-11"/>
        <radio op="I TIM" rat="LTE" rsrp="-117" rsrq="-15"/>
      </extensions>
    </trkpt>
    <trkpt lat="45.5092669" lon="10.3403196">
      <ele>196.70001220703125</ele>
      <time>2026-07-05T16:05:54.127+02:00</time>
      <extensions>
        <activity type="UNKNOWN" conf="40" state="unknown" tsMs="1783260350757"/>
        <radio op="vodafone IT" rat="LTE" q="12.00" rsrp="-110" sinr="3" rsrq="-9"/>
        <radio op="I TIM" rat="LTE" rsrp="-116" rsrq="-14"/>
      </extensions>
    </trkpt>
    <trkpt lat="45.5088731" lon="10.3403454">
      <ele>196.8000030517578</ele>
      <time>2026-07-05T16:06:43.532+02:00</time>
      <extensions>
        <activity type="STILL" conf="59" state="still" tsMs="1783260397621"/>
        <radio op="vodafone IT" rat="LTE" q="22.50" rsrp="-110" sinr="10" rsrq="-11"/>
        <radio op="I TIM" rat="LTE" q="6.30" rsrp="-118" sinr="4" rsrq="-12"/>
      </extensions>
    </trkpt>
    <trkpt lat="45.5089967" lon="10.3402782">
      <ele>196.70001220703125</ele>
      <time>2026-07-05T16:07:19.003+02:00</time>
      <extensions>
        <activity type="STILL" conf="56" state="still" tsMs="1783260437374"/>
        <radio op="vodafone IT" rat="LTE" q="6.60" rsrp="-114" sinr="1" rsrq="-11"/>
        <radio op="I TIM" rat="LTE" rsrp="-116" rsrq="-14"/>
      </extensions>
    </trkpt>
    <trkpt lat="45.5094481" lon="10.3403559">
      <ele>196.50001525878906</ele>
      <time>2026-07-05T16:07:50.12+02:00</time>
      <extensions>
        <activity type="UNKNOWN" conf="40" state="unknown" tsMs="1783260470336"/>
        <radio op="vodafone IT" rat="LTE" rsrp="-113" rsrq="-10"/>
        <radio op="I TIM" rat="LTE" rsrp="-116" rsrq="-15"/>
      </extensions>
    </trkpt>
    <trkpt lat="45.5088891" lon="10.3403313">
      <ele>196.8000030517578</ele>
      <time>2026-07-05T16:08:22.072+02:00</time>
      <extensions>
        <activity type="STILL" conf="64" state="still" tsMs="1783260498375"/>
        <radio op="vodafone IT" rat="LTE" rsrp="-112" rsrq="-10"/>
        <radio op="I TIM" rat="LTE" rsrp="-117" rsrq="-11"/>
      </extensions>
    </trkpt>
    <trkpt lat="45.5088709" lon="10.3403618">
      <ele>196.8000030517578</ele>
      <time>2026-07-05T16:09:03.049+02:00</time>
      <extensions>
        <activity type="STILL" conf="97" state="still" tsMs="1783260538005"/>
        <radio op="vodafone IT" rat="LTE" q="12.00" rsrp="-113" sinr="5" rsrq="-7"/>
        <radio op="I TIM" rat="LTE" q="5.40" rsrp="-116" sinr="1" rsrq="-9"/>
      </extensions>
    </trkpt>
    <trkpt lat="45.5089286" lon="10.3401462">
      <ele>196.8000030517578</ele>
      <time>2026-07-05T16:09:48.725+02:00</time>
      <extensions>
        <activity type="ON_FOOT" conf="81" state="moving" tsMs="1783260588081"/>
        <radio op="vodafone IT" rat="LTE" q="7.20" rsrp="-117" sinr="4" rsrq="-10"/>
        <radio op="I TIM" rat="LTE" q="6.60" rsrp="-119" sinr="6" rsrq="-11"/>
      </extensions>
    </trkpt>
    <trkpt lat="45.5087676" lon="10.3401911">
      <ele>196.70001220703125</ele>
      <time>2026-07-05T16:10:14.799+02:00</time>
      <extensions>
        <activity type="ON_FOOT" conf="95" state="moving" tsMs="1783260617130"/>
        <radio op="vodafone IT" rat="LTE" q="27.30" rsrp="-104" sinr="8" rsrq="-9"/>
        <radio op="I TIM" rat="LTE" rsrp="-110" rsrq="-10"/>
      </extensions>
    </trkpt>
    <trkpt lat="45.5087286" lon="10.3400815">
      <ele>196.70001220703125</ele>
      <time>2026-07-05T16:10:26.364+02:00</time>
      <extensions>
        <activity type="ON_FOOT" conf="95" state="moving" tsMs="1783260617130"/>
        <radio op="vodafone IT" rat="LTE" q="33.60" rsrp="-101" sinr="9" rsrq="-6"/>
        <radio op="I TIM" rat="LTE" q="16.80" rsrp="-104" sinr="3" rsrq="-12"/>
      </extensions>
    </trkpt>
    <trkpt lat="45.508729" lon="10.3401098">
      <ele>196.70001220703125</ele>
      <time>2026-07-05T16:11:00.525+02:00</time>
      <extensions>
        <activity type="STILL" conf="40" state="still" tsMs="1783260659695"/>
        <radio op="vodafone IT" rat="LTE" q="33.60" rsrp="-101" sinr="9" rsrq="-9"/>
        <radio op="I TIM" rat="LTE" q="10.20" rsrp="-108" sinr="1" rsrq="-10"/>
      </extensions>
    </trkpt>
    <trkpt lat="45.5087119" lon="10.3401181">
      <ele>196.70001220703125</ele>
      <time>2026-07-05T16:11:31.644+02:00</time>
      <extensions>
        <activity type="STILL" conf="38" state="still" tsMs="1783260691813"/>
        <radio op="vodafone IT" rat="LTE" q="32.20" rsrp="-102" sinr="9" rsrq="-11"/>
        <radio op="I TIM" rat="LTE" q="7.80" rsrp="-112" sinr="1" rsrq="-10"/>
      </extensions>
    </trkpt>
    <trkpt lat="45.5087322" lon="10.340129">
      <ele>196.70001220703125</ele>
      <time>2026-07-05T16:12:02.944+02:00</time>
      <extensions>
        <activity type="STILL" conf="99" state="still" tsMs="1783260719860"/>
        <radio op="vodafone IT" rat="LTE" q="33.60" rsrp="-104" sinr="11" rsrq="-7"/>
        <radio op="I TIM" rat="LTE" q="11.00" rsrp="-114" sinr="5" rsrq="-10"/>
      </extensions>
    </trkpt>
    <trkpt lat="45.508731" lon="10.3401144">
      <ele>196.70001220703125</ele>
      <time>2026-07-05T16:12:33.895+02:00</time>
      <extensions>
        <activity type="STILL" conf="97" state="still" tsMs="1783260750778"/>
        <radio op="vodafone IT" rat="LTE" q="23.40" rsrp="-107" sinr="8" rsrq="-8"/>
        <radio op="I TIM" rat="LTE" q="12.00" rsrp="-113" sinr="5" rsrq="-9"/>
      </extensions>
    </trkpt>
    <trkpt lat="45.5087415" lon="10.3400973">
      <ele>196.70001220703125</ele>
      <time>2026-07-05T16:13:05.031+02:00</time>
      <extensions>
        <activity type="UNKNOWN" conf="40" state="unknown" tsMs="1783260781844"/>
        <radio op="vodafone IT" rat="LTE" q="21.60" rsrp="-98" sinr="3" rsrq="-6"/>
        <radio op="I TIM" rat="LTE" q="10.80" rsrp="-113" sinr="4" rsrq="-8"/>
      </extensions>
    </trkpt>
    <trkpt lat="45.508765" lon="10.3401037">
      <ele>196.70001220703125</ele>
      <time>2026-07-05T16:13:36.215+02:00</time>
      <extensions>
        <activity type="STILL" conf="96" state="still" tsMs="1783260812911"/>
        <radio op="vodafone IT" rat="LTE" q="33.80" rsrp="-99" sinr="8" rsrq="-6"/>
        <radio op="I TIM" rat="LTE" q="12.00" rsrp="-113" sinr="5" rsrq="-8"/>
      </extensions>
    </trkpt>
    <trkpt lat="45.5084546" lon="10.3397902">
      <ele>196.70001220703125</ele>
      <time>2026-07-05T16:27:25.313+02:00</time>
      <extensions>
        <activity type="ON_FOOT" conf="96" state="moving" tsMs="1783261645586"/>
        <radio op="vodafone IT" rat="LTE" q="22.10" rsrp="-112" sinr="12" rsrq="-10"/>
        <radio op="I TIM" rat="LTE" q="7.00" rsrp="-115" sinr="2" rsrq="-14"/>
      </extensions>
    </trkpt>
    <trkpt lat="45.5084064" lon="10.339747">
      <ele>196.70001220703125</ele>
      <time>2026-07-05T16:27:56.52+02:00</time>
      <extensions>
        <activity type="UNKNOWN" conf="40" state="unknown" tsMs="1783261671335"/>
        <radio op="vodafone IT" rat="LTE" q="50.60" rsrp="-102" sinr="17" rsrq="-7"/>
        <radio op="I TIM" rat="LTE" q="22.40" rsrp="-109" sinr="9" rsrq="-11"/>
      </extensions>
    </trkpt>
    <trkpt lat="45.5083867" lon="10.339709">
      <ele>196.70001220703125</ele>
      <time>2026-07-05T16:28:27.771+02:00</time>
      <extensions>
        <activity type="UNKNOWN" conf="40" state="unknown" tsMs="1783261702562"/>
        <radio op="vodafone IT" rat="LTE" q="31.20" rsrp="-101" sinr="8" rsrq="-8"/>
        <radio op="I TIM" rat="LTE" q="7.80" rsrp="-112" sinr="1" rsrq="-10"/>
      </extensions>
    </trkpt>
    <trkpt lat="45.5084253" lon="10.3397177">
      <ele>196.70001220703125</ele>
      <time>2026-07-05T16:28:59.001+02:00</time>
      <extensions>
        <activity type="UNKNOWN" conf="40" state="unknown" tsMs="1783261735894"/>
        <radio op="vodafone IT" rat="LTE" q="22.40" rsrp="-109" sinr="9" rsrq="-10"/>
        <radio op="I TIM" rat="LTE" q="18.00" rsrp="-107" sinr="5" rsrq="-9"/>
      </extensions>
    </trkpt>
    <trkpt lat="45.5084022" lon="10.3397856">
      <ele>199.41848823308368</ele>
      <time>2026-07-05T16:29:30.197+02:00</time>
      <extensions>
        <activity type="ON_FOOT" conf="96" state="moving" tsMs="1783261767106"/>
        <radio op="vodafone IT" rat="LTE" q="8.00" rsrp="-109" sinr="0" rsrq="-10"/>
        <radio op="I TIM" rat="LTE" q="8.00" rsrp="-115" sinr="3" rsrq="-11"/>
      </extensions>
    </trkpt>
    <trkpt lat="45.5086638" lon="10.3401019">
      <ele>196.70001220703125</ele>
      <time>2026-07-05T16:30:01.51+02:00</time>
      <extensions>
        <activity type="ON_FOOT" conf="96" state="moving" tsMs="1783261798268"/>
        <radio op="vodafone IT" rat="LTE" q="41.60" rsrp="-93" sinr="8" rsrq="-9"/>
        <radio op="I TIM" rat="LTE" q="25.20" rsrp="-97" sinr="4" rsrq="-9"/>
      </extensions>
    </trkpt>
    <trkpt lat="45.5085416" lon="10.3399683">
      <ele>193.6664367723833</ele>
      <time>2026-07-05T16:30:32.821+02:00</time>
      <extensions>
        <activity type="ON_FOOT" conf="88" state="moving" tsMs="1783261829699"/>
        <radio op="vodafone IT" rat="LTE" q="19.00" rsrp="-106" sinr="5" rsrq="-12"/>
        <radio op="I TIM" rat="LTE" q="16.00" rsrp="-105" sinr="3" rsrq="-12"/>
      </extensions>
    </trkpt>
    <trkpt lat="45.5084427" lon="10.3403037">
      <ele>193.7021258499844</ele>
      <time>2026-07-05T16:30:53.099+02:00</time>
      <extensions>
        <activity type="UNKNOWN" conf="40" state="unknown" tsMs="1783261844685"/>
        <radio op="vodafone IT" rat="LTE" q="37.20" rsrp="-94" sinr="7" rsrq="-9"/>
        <radio op="I TIM" rat="LTE" rsrp="-97" rsrq="-12"/>
      </extensions>
    </trkpt>
    <trkpt lat="45.5083939" lon="10.3403129">
      <ele>193.84439626775043</ele>
      <time>2026-07-05T16:31:03.1+02:00</time>
      <extensions>
        <activity type="UNKNOWN" conf="40" state="unknown" tsMs="1783261850344"/>
        <radio op="vodafone IT" rat="LTE" q="40.30" rsrp="-94" sinr="8" rsrq="-9"/>
        <radio op="I TIM" rat="LTE" rsrp="-99" rsrq="-12"/>
      </extensions>
    </trkpt>
    <trkpt lat="45.5084103" lon="10.3403659">
      <ele>193.87168810853416</ele>
      <time>2026-07-05T16:31:13.003+02:00</time>
      <extensions>
        <activity type="UNKNOWN" conf="40" state="unknown" tsMs="1783261850344"/>
        <radio op="vodafone IT" rat="LTE" rsrp="-89" rsrq="-10"/>
        <radio op="I TIM" rat="LTE" q="16.50" rsrp="-92" sinr="0" rsrq="-12"/>
      </extensions>
    </trkpt>
    <trkpt lat="45.5084182" lon="10.3403767">
      <ele>196.70001220703125</ele>
      <time>2026-07-05T16:31:23.004+02:00</time>
      <extensions>
        <activity type="IN_VEHICLE" conf="92" state="moving" tsMs="1783261866347"/>
        <radio op="vodafone IT" rat="LTE" q="35.10" rsrp="-86" sinr="4" rsrq="-10"/>
        <radio op="I TIM" rat="LTE" rsrp="-89" rsrq="-12"/>
      </extensions>
    </trkpt>
    <trkpt lat="45.5084283" lon="10.3403893">
      <ele>196.70001220703125</ele>
      <time>2026-07-05T16:31:33.004+02:00</time>
      <extensions>
        <activity type="IN_VEHICLE" conf="97" state="moving" tsMs="1783261893815"/>
        <radio op="vodafone IT" rat="LTE" q="41.80" rsrp="-87" sinr="6" rsrq="-11"/>
        <radio op="I TIM" rat="LTE" q="33.00" rsrp="-92" sinr="5" rsrq="-15"/>
      </extensions>
    </trkpt>
    <trkpt lat="45.5083955" lon="10.3405398">
      <ele>196.70001220703125</ele>
      <time>2026-07-05T16:31:43.003+02:00</time>
      <extensions>
        <activity type="IN_VEHICLE" conf="96" state="moving" tsMs="1783261899181"/>
        <radio op="vodafone IT" rat="LTE" q="34.20" rsrp="-87" sinr="4" rsrq="-12"/>
        <radio op="I TIM" rat="LTE" rsrp="-90" rsrq="-12"/>
      </extensions>
    </trkpt>
    <trkpt lat="45.5080202" lon="10.340127">
      <ele>189.0</ele>
      <time>2026-07-05T16:31:54.004+02:00</time>
      <extensions>
        <activity type="IN_VEHICLE" conf="97" state="moving" tsMs="1783261909890"/>
        <radio op="vodafone IT" rat="LTE" q="70.20" rsrp="-86" sinr="13" rsrq="-7"/>
        <radio op="I TIM" rat="LTE" q="35.00" rsrp="-90" sinr="5" rsrq="-10"/>
      </extensions>
    </trkpt>
    <trkpt lat="45.5083372" lon="10.3395828">
      <ele>190.0</ele>
      <time>2026-07-05T16:32:04.003+02:00</time>
      <extensions>
        <activity type="IN_VEHICLE" conf="96" state="moving" tsMs="1783261920590"/>
        <radio op="vodafone IT" rat="LTE" q="35.10" rsrp="-86" sinr="4" rsrq="-7"/>
        <radio op="I TIM" rat="LTE" rsrp="-94" rsrq="-15"/>
      </extensions>
    </trkpt>
    <trkpt lat="45.5084154" lon="10.3389576">
      <ele>188.0</ele>
      <time>2026-07-05T16:32:14.004+02:00</time>
      <extensions>
        <activity type="IN_VEHICLE" conf="96" state="moving" tsMs="1783261931370"/>
        <radio op="vodafone IT" rat="LTE" q="84.00" rsrp="-78" sinr="16" rsrq="-5"/>
        <radio op="I TIM" rat="LTE" q="66.30" rsrp="-86" sinr="12" rsrq="-9"/>
      </extensions>
    </trkpt>
    <trkpt lat="45.5076371" lon="10.3385686">
      <ele>187.0</ele>
      <time>2026-07-05T16:32:24.003+02:00</time>
      <extensions>
        <activity type="IN_VEHICLE" conf="97" state="moving" tsMs="1783261942021"/>
        <radio op="vodafone IT" rat="LTE" q="31.50" rsrp="-90" sinr="4" rsrq="-10"/>
        <radio op="I TIM" rat="LTE" q="24.30" rsrp="-98" sinr="4" rsrq="-10"/>
      </extensions>
    </trkpt>
    <trkpt lat="45.5068435" lon="10.3383317">
      <ele>186.0</ele>
      <time>2026-07-05T16:32:34.003+02:00</time>
      <extensions>
        <activity type="IN_VEHICLE" conf="97" state="moving" tsMs="1783261952784"/>
        <radio op="vodafone IT" rat="LTE" q="75.60" rsrp="-89" sinr="16" rsrq="-10"/>
        <radio op="I TIM" rat="LTE" q="30.60" rsrp="-91" sinr="4" rsrq="-9"/>
      </extensions>
    </trkpt>
    <trkpt lat="45.5063451" lon="10.3395779">
      <ele>186.0</ele>
      <time>2026-07-05T16:32:44.003+02:00</time>
      <extensions>
        <activity type="IN_VEHICLE" conf="96" state="moving" tsMs="1783261963498"/>
        <radio op="vodafone IT" rat="LTE" q="55.80" rsrp="-94" sinr="13" rsrq="-9"/>
        <radio op="I TIM" rat="LTE" q="67.50" rsrp="-98" sinr="23" rsrq="-6"/>
      </extensions>
    </trkpt>
    <trkpt lat="45.5055046" lon="10.3394411">
      <ele>187.0</ele>
      <time>2026-07-05T16:32:54.004+02:00</time>
      <extensions>
        <activity type="IN_VEHICLE" conf="97" state="moving" tsMs="1783261974219"/>
        <radio op="vodafone IT" rat="LTE" q="18.00" rsrp="-89" sinr="0" rsrq="-10"/>
        <radio op="I TIM" rat="LTE" q="64.00" rsrp="-93" sinr="15" rsrq="-7"/>
      </extensions>
    </trkpt>
    <trkpt lat="45.5049483" lon="10.3385016">
      <ele>187.0</ele>
      <time>2026-07-05T16:33:05.004+02:00</time>
      <extensions>
        <activity type="IN_VEHICLE" conf="97" state="moving" tsMs="1783261984908"/>
        <radio op="vodafone IT" rat="LTE" q="100.00" rsrp="-75" sinr="21" rsrq="-8"/>
        <radio op="I TIM" rat="LTE" q="100.00" rsrp="-79" sinr="25" rsrq="-5"/>
      </extensions>
    </trkpt>
    <trkpt lat="45.5053415" lon="10.3385086">
      <ele>187.0</ele>
      <time>2026-07-05T16:33:15.003+02:00</time>
      <extensions>
        <activity type="IN_VEHICLE" conf="97" state="moving" tsMs="1783261990283"/>
        <radio op="vodafone IT" rat="LTE" q="72.00" rsrp="-82" sinr="13" rsrq="-9"/>
        <radio op="I TIM" rat="LTE" q="100.00" rsrp="-77" sinr="22" rsrq="-7"/>
      </extensions>
    </trkpt>
    <trkpt lat="45.5063806" lon="10.3392425">
      <ele>191.0</ele>
      <time>2026-07-05T16:33:25.004+02:00</time>
      <extensions>
        <activity type="IN_VEHICLE" conf="97" state="moving" tsMs="1783262001060"/>
        <radio op="vodafone IT" rat="LTE" q="32.40" rsrp="-89" sinr="4" rsrq="-11"/>
        <radio op="I TIM" rat="LTE" q="59.40" rsrp="-92" sinr="13" rsrq="-5"/>
      </extensions>
    </trkpt>
    <trkpt lat="45.5076097" lon="10.3403395">
      <ele>192.0</ele>
      <time>2026-07-05T16:33:35.003+02:00</time>
      <extensions>
        <activity type="IN_VEHICLE" conf="97" state="moving" tsMs="1783262011814"/>
        <radio op="vodafone IT" rat="LTE" rsrp="-79" rsrq="-10"/>
        <radio op="I TIM" rat="LTE" q="35.10" rsrp="-86" sinr="4" rsrq="-9"/>
      </extensions>
    </trkpt>
    <trkpt lat="45.5090326" lon="10.3417967">
      <ele>193.0</ele>
      <time>2026-07-05T16:33:45.004+02:00</time>
      <extensions>
        <activity type="IN_VEHICLE" conf="97" state="moving" tsMs="1783262022572"/>
        <radio op="vodafone IT" rat="LTE" q="32.00" rsrp="-80" sinr="3" rsrq="-10"/>
        <radio op="I TIM" rat="LTE" rsrp="-82" rsrq="-10"/>
      </extensions>
    </trkpt>
    <trkpt lat="45.5102279" lon="10.3440847">
      <ele>193.0</ele>
      <time>2026-07-05T16:33:55.003+02:00</time>
      <extensions>
        <activity type="IN_VEHICLE" conf="97" state="moving" tsMs="1783262033254"/>
        <radio op="vodafone IT" rat="LTE" q="38.40" rsrp="-93" sinr="7" rsrq="-10"/>
        <radio op="I TIM" rat="LTE" rsrp="-89" rsrq="-12"/>
      </extensions>
    </trkpt>
    <trkpt lat="45.5113091" lon="10.346796">
      <ele>195.0</ele>
      <time>2026-07-05T16:34:05.003+02:00</time>
      <extensions>
        <activity type="IN_VEHICLE" conf="97" state="moving" tsMs="1783262044011"/>
        <radio op="vodafone IT" rat="LTE" q="36.00" rsrp="-77" sinr="4" rsrq="-11"/>
        <radio op="I TIM" rat="LTE" q="92.00" rsrp="-81" sinr="18" rsrq="-9"/>
      </extensions>
    </trkpt>
    <trkpt lat="45.5121289" lon="10.3495753">
      <ele>196.0</ele>
      <time>2026-07-05T16:34:15.003+02:00</time>
      <extensions>
        <activity type="IN_VEHICLE" conf="97" state="moving" tsMs="1783262054682"/>
        <radio op="vodafone IT" rat="LTE" q="56.00" rsrp="-78" sinr="9" rsrq="-11"/>
        <radio op="I TIM" rat="LTE" q="32.00" rsrp="-83" sinr="3" rsrq="-15"/>
      </extensions>
    </trkpt>
    <trkpt lat="45.5125544" lon="10.3523995">
      <ele>197.0</ele>
      <time>2026-07-05T16:34:25.003+02:00</time>
      <extensions>
        <activity type="IN_VEHICLE" conf="97" state="moving" tsMs="1783262065349"/>
        <radio op="vodafone IT" rat="LTE" q="100.00" rsrp="-75" sinr="21" rsrq="-8"/>
        <radio op="I TIM" rat="LTE" q="68.00" rsrp="-74" sinr="12" rsrq="-6"/>
      </extensions>
    </trkpt>
    <trkpt lat="45.5129637" lon="10.3551193">
      <ele>198.0</ele>
      <time>2026-07-05T16:34:35.003+02:00</time>
      <extensions>
        <activity type="IN_VEHICLE" conf="97" state="moving" tsMs="1783262076017"/>
        <radio op="vodafone IT" rat="LTE" q="48.00" rsrp="-84" sinr="7" rsrq="-8"/>
        <radio op="I TIM" rat="LTE" q="40.00" rsrp="-81" sinr="5" rsrq="-7"/>
      </extensions>
    </trkpt>
    <trkpt lat="45.5133281" lon="10.3580922">
      <ele>198.0</ele>
      <time>2026-07-05T16:34:46.003+02:00</time>
      <extensions>
        <activity type="IN_VEHICLE" conf="97" state="moving" tsMs="1783262081376"/>
        <radio op="vodafone IT" rat="LTE" q="24.00" rsrp="-95" sinr="3" rsrq="-12"/>
        <radio op="I TIM" rat="LTE" q="28.00" rsrp="-90" sinr="3" rsrq="-10"/>
      </extensions>
    </trkpt>
    <trkpt lat="45.5136059" lon="10.3608151">
      <ele>201.0</ele>
      <time>2026-07-05T16:34:56.004+02:00</time>
      <extensions>
        <activity type="IN_VEHICLE" conf="97" state="moving" tsMs="1783262092048"/>
        <radio op="vodafone IT" rat="LTE" q="36.00" rsrp="-89" sinr="5" rsrq="-12"/>
        <radio op="I TIM" rat="LTE" rsrp="-96" rsrq="-10"/>
      </extensions>
    </trkpt>
    <trkpt lat="45.5142391" lon="10.3633218">
      <ele>201.0</ele>
      <time>2026-07-05T16:35:06.004+02:00</time>
      <extensions>
        <activity type="IN_VEHICLE" conf="97" state="moving" tsMs="1783262102713"/>
        <radio op="vodafone IT" rat="LTE" q="19.80" rsrp="-92" sinr="1" rsrq="-12"/>
        <radio op="I TIM" rat="LTE" rsrp="-107" rsrq="-17"/>
      </extensions>
    </trkpt>
    <trkpt lat="45.5155906" lon="10.3649707">
      <ele>201.0</ele>
      <time>2026-07-05T16:35:16.003+02:00</time>
      <extensions>
        <activity type="IN_VEHICLE" conf="97" state="moving" tsMs="1783262113400"/>
        <radio op="vodafone IT" rat="LTE" q="38.40" rsrp="-93" sinr="7" rsrq="-9"/>
        <radio op="I TIM" rat="LTE" rsrp="-111" rsrq="-21"/>
      </extensions>
    </trkpt>
    <trkpt lat="45.5170717" lon="10.3664554">
      <ele>202.0</ele>
      <time>2026-07-05T16:35:26.004+02:00</time>
      <extensions>
        <activity type="IN_VEHICLE" conf="96" state="moving" tsMs="1783262124044"/>
        <radio op="vodafone IT" rat="LTE" q="33.00" rsrp="-95" sinr="6" rsrq="-11"/>
        <radio op="I TIM" rat="LTE" rsrp="-112" rsrq="-23"/>
      </extensions>
    </trkpt>
    <trkpt lat="45.5184787" lon="10.3679716">
      <ele>204.0</ele>
      <time>2026-07-05T16:35:36.003+02:00</time>
      <extensions>
        <activity type="IN_VEHICLE" conf="92" state="moving" tsMs="1783262134716"/>
        <radio op="vodafone IT" rat="LTE" q="52.80" rsrp="-92" sinr="11" rsrq="-12"/>
        <radio op="I TIM" rat="LTE" rsrp="-105" rsrq="-16"/>
      </extensions>
    </trkpt>
    <trkpt lat="45.5198" lon="10.3699219">
      <ele>205.0</ele>
      <time>2026-07-05T16:35:46.004+02:00</time>
      <extensions>
        <activity type="IN_VEHICLE" conf="97" state="moving" tsMs="1783262145426"/>
        <radio op="vodafone IT" rat="LTE" q="57.80" rsrp="-91" sinr="12" rsrq="-8"/>
        <radio op="I TIM" rat="LTE" rsrp="-104" rsrq="-15"/>
      </extensions>
    </trkpt>
    <trkpt lat="45.5213318" lon="10.3723494">
      <ele>206.0</ele>
      <time>2026-07-05T16:35:57.004+02:00</time>
      <extensions>
        <activity type="IN_VEHICLE" conf="97" state="moving" tsMs="1783262156127"/>
        <radio op="vodafone IT" rat="LTE" q="20.00" rsrp="-100" sinr="3" rsrq="-11"/>
        <radio op="I TIM" rat="LTE" rsrp="-102" rsrq="-13"/>
      </extensions>
    </trkpt>
    <trkpt lat="45.5227453" lon="10.3747472">
      <ele>207.0</ele>
      <time>2026-07-05T16:36:07.003+02:00</time>
      <extensions>
        <activity type="IN_VEHICLE" conf="97" state="moving" tsMs="1783262166825"/>
        <radio op="vodafone IT" rat="LTE" rsrp="-104" rsrq="-15"/>
        <radio op="I TIM" rat="LTE" rsrp="-105" rsrq="-11"/>
      </extensions>
    </trkpt>
    <trkpt lat="45.5238772" lon="10.377295">
      <ele>208.0</ele>
      <time>2026-07-05T16:36:17.003+02:00</time>
      <extensions>
        <activity type="IN_VEHICLE" conf="97" state="moving" tsMs="1783262177545"/>
        <radio op="vodafone IT" rat="LTE" q="100.00" rsrp="-73" sinr="23" rsrq="-6"/>
        <radio op="I TIM" rat="LTE" rsrp="-103" rsrq="-17"/>
      </extensions>
    </trkpt>
    <trkpt lat="45.525" lon="10.3798004">
      <ele>210.0</ele>
      <time>2026-07-05T16:36:27.004+02:00</time>
      <extensions>
        <activity type="IN_VEHICLE" conf="97" state="moving" tsMs="1783262182870"/>
        <radio op="vodafone IT" rat="LTE" q="100.00" rsrp="-82" sinr="22" rsrq="-5"/>
        <radio op="I TIM" rat="LTE" q="36.00" rsrp="-89" sinr="5" rsrq="-13"/>
      </extensions>
    </trkpt>
    <trkpt lat="45.5261454" lon="10.3823699">
      <ele>211.0</ele>
      <time>2026-07-05T16:36:37.003+02:00</time>
      <extensions>
        <activity type="IN_VEHICLE" conf="97" state="moving" tsMs="1783262193551"/>
        <radio op="vodafone IT" rat="LTE" q="63.00" rsrp="-90" sinr="13" rsrq="-8"/>
        <radio op="I TIM" rat="LTE" rsrp="-100" rsrq="-13"/>
      </extensions>
    </trkpt>
    <trkpt lat="45.5270886" lon="10.3852173">
      <ele>210.0</ele>
      <time>2026-07-05T16:36:47.003+02:00</time>
      <extensions>
        <activity type="IN_VEHICLE" conf="97" state="moving" tsMs="1783262204278"/>
        <radio op="vodafone IT" rat="LTE" q="19.60" rsrp="-97" sinr="2" rsrq="-12"/>
        <radio op="I TIM" rat="LTE" rsrp="-101" rsrq="-17"/>
      </extensions>
    </trkpt>
    <trkpt lat="45.5279036" lon="10.3878388">
      <ele>211.0</ele>
      <time>2026-07-05T16:36:57.004+02:00</time>
      <extensions>
        <activity type="IN_VEHICLE" conf="97" state="moving" tsMs="1783262214975"/>
        <radio op="vodafone IT" rat="LTE" q="27.90" rsrp="-94" sinr="4" rsrq="-10"/>
        <radio op="I TIM" rat="LTE" rsrp="-101" rsrq="-15"/>
      </extensions>
    </trkpt>
    <trkpt lat="45.5287567" lon="10.3904827">
      <ele>213.0</ele>
      <time>2026-07-05T16:37:07.003+02:00</time>
      <extensions>
        <activity type="IN_VEHICLE" conf="97" state="moving" tsMs="1783262225656"/>
        <radio op="vodafone IT" rat="LTE" q="49.50" rsrp="-92" sinr="10" rsrq="-8"/>
        <radio op="I TIM" rat="LTE" q="31.20" rsrp="-99" sinr="7" rsrq="-13"/>
      </extensions>
    </trkpt>
    <trkpt lat="45.5297118" lon="10.3932672">
      <ele>214.0</ele>
      <time>2026-07-05T16:37:18.003+02:00</time>
      <extensions>
        <activity type="IN_VEHICLE" conf="97" state="moving" tsMs="1783262236356"/>
        <radio op="vodafone IT" rat="LTE" q="23.20" rsrp="-96" sinr="3" rsrq="-14"/>
        <radio op="I TIM" rat="LTE" q="39.00" rsrp="-95" sinr="8" rsrq="-12"/>
      </extensions>
    </trkpt>
    <trkpt lat="45.5306404" lon="10.3958984">
      <ele>215.0</ele>
      <time>2026-07-05T16:37:28.004+02:00</time>
      <extensions>
        <activity type="IN_VEHICLE" conf="97" state="moving" tsMs="1783262247042"/>
        <radio op="vodafone IT" rat="LTE" q="21.00" rsrp="-95" sinr="2" rsrq="-9"/>
        <radio op="I TIM" rat="LTE" q="21.60" rsrp="-101" sinr="4" rsrq="-14"/>
      </extensions>
    </trkpt>
    <trkpt lat="45.5315564" lon="10.3984688">
      <ele>218.0</ele>
      <time>2026-07-05T16:37:38.004+02:00</time>
      <extensions>
        <activity type="IN_VEHICLE" conf="97" state="moving" tsMs="1783262257702"/>
        <radio op="vodafone IT" rat="LTE" rsrp="-106" rsrq="-16"/>
        <radio op="I TIM" rat="LTE" rsrp="-104" rsrq="-16"/>
      </extensions>
    </trkpt>
    <trkpt lat="45.5324832" lon="10.4010635">
      <ele>220.0</ele>
      <time>2026-07-05T16:37:48.003+02:00</time>
      <extensions>
        <activity type="IN_VEHICLE" conf="97" state="moving" tsMs="1783262268424"/>
        <radio op="vodafone IT" rat="LTE" q="23.00" rsrp="-102" sinr="5" rsrq="-13"/>
        <radio op="I TIM" rat="LTE" rsrp="-100" rsrq="-15"/>
      </extensions>
    </trkpt>
    <trkpt lat="45.533419" lon="10.4036044">
      <ele>221.0</ele>
      <time>2026-07-05T16:37:58.003+02:00</time>
      <extensions>
        <activity type="IN_VEHICLE" conf="97" state="moving" tsMs="1783262273750"/>
        <radio op="vodafone IT" rat="LTE" rsrp="-107" rsrq="-17"/>
        <radio op="I TIM" rat="LTE" rsrp="-104" rsrq="-15"/>
      </extensions>
    </trkpt>
    <trkpt lat="45.5342985" lon="10.4059817">
      <ele>223.0</ele>
      <time>2026-07-05T16:38:08.004+02:00</time>
      <extensions>
        <activity type="IN_VEHICLE" conf="97" state="moving" tsMs="1783262284370"/>
        <radio op="vodafone IT" rat="LTE" q="37.50" rsrp="-100" sinr="10" rsrq="-8"/>
        <radio op="I TIM" rat="LTE" q="20.70" rsrp="-102" sinr="4" rsrq="-13"/>
      </extensions>
    </trkpt>
    <trkpt lat="45.5350958" lon="10.4080002">
      <ele>222.0</ele>
      <time>2026-07-05T16:38:18.004+02:00</time>
      <extensions>
        <activity type="IN_VEHICLE" conf="97" state="moving" tsMs="1783262295091"/>
        <radio op="vodafone IT" rat="LTE" rsrp="-109" rsrq="-14"/>
        <radio op="I TIM" rat="LTE" rsrp="-107" rsrq="-17"/>
      </extensions>
    </trkpt>
    <trkpt lat="45.5359607" lon="10.4099427">
      <ele>225.0</ele>
      <time>2026-07-05T16:38:28.004+02:00</time>
      <extensions>
        <activity type="IN_VEHICLE" conf="97" state="moving" tsMs="1783262305748"/>
        <radio op="vodafone IT" rat="LTE" rsrp="-110" rsrq="-18"/>
        <radio op="I TIM" rat="LTE" q="25.50" rsrp="-108" sinr="10" rsrq="-12"/>
      </extensions>
    </trkpt>
    <trkpt lat="45.5366175" lon="10.4120588">
      <ele>224.0</ele>
      <time>2026-07-05T16:38:38.004+02:00</time>
      <extensions>
        <activity type="IN_VEHICLE" conf="97" state="moving" tsMs="1783262316385"/>
        <radio op="vodafone IT" rat="LTE" rsrp="-111" rsrq="-15"/>
        <radio op="I TIM" rat="LTE" q="8.40" rsrp="-111" sinr="1" rsrq="-14"/>
      </extensions>
    </trkpt>
    <trkpt lat="45.5369" lon="10.4144458">
      <ele>227.0</ele>
      <time>2026-07-05T16:38:49.004+02:00</time>
      <extensions>
        <activity type="IN_VEHICLE" conf="97" state="moving" tsMs="1783262327028"/>
        <radio op="vodafone IT" rat="LTE" rsrp="-103" rsrq="-12"/>
        <radio op="I TIM" rat="LTE" rsrp="-108" rsrq="-14"/>
      </extensions>
    </trkpt>
    <trkpt lat="45.5373985" lon="10.4165673">
      <ele>227.0</ele>
      <time>2026-07-05T16:38:59.003+02:00</time>
      <extensions>
        <activity type="IN_VEHICLE" conf="97" state="moving" tsMs="1783262337669"/>
        <radio op="vodafone IT" rat="LTE" q="12.50" rsrp="-100" sinr="0" rsrq="-12"/>
        <radio op="I TIM" rat="LTE" q="18.40" rsrp="-102" sinr="3" rsrq="-14"/>
      </extensions>
    </trkpt>
    <trkpt lat="45.5384765" lon="10.4182828">
      <ele>228.0</ele>
      <time>2026-07-05T16:39:09.003+02:00</time>
      <extensions>
        <activity type="IN_VEHICLE" conf="97" state="moving" tsMs="1783262348388"/>
        <radio op="vodafone IT" rat="LTE" rsrp="-110" rsrq="-19"/>
        <radio op="I TIM" rat="LTE" rsrp="-105" rsrq="-20"/>
      </extensions>
    </trkpt>
    <trkpt lat="45.5397072" lon="10.4200786">
      <ele>229.0</ele>
      <time>2026-07-05T16:39:19.003+02:00</time>
      <extensions>
        <activity type="IN_VEHICLE" conf="97" state="moving" tsMs="1783262359112"/>
        <radio op="vodafone IT" rat="LTE" q="100.00" rsrp="-84" sinr="20" rsrq="-9"/>
        <radio op="I TIM" rat="LTE" q="100.00" rsrp="-85" sinr="22" rsrq="-11"/>
      </extensions>
    </trkpt>
    <trkpt lat="45.5409556" lon="10.4216146">
      <ele>229.0</ele>
      <time>2026-07-05T16:39:29.003+02:00</time>
      <extensions>
        <activity type="IN_VEHICLE" conf="97" state="moving" tsMs="1783262369798"/>
        <radio op="vodafone IT" rat="LTE" q="60.00" rsrp="-79" sinr="10" rsrq="-8"/>
        <radio op="I TIM" rat="LTE" q="100.00" rsrp="-72" sinr="20" rsrq="-12"/>
      </extensions>
    </trkpt>
    <trkpt lat="45.5422209" lon="10.4231625">
      <ele>224.0</ele>
      <time>2026-07-05T16:39:39.003+02:00</time>
      <extensions>
        <activity type="IN_VEHICLE" conf="97" state="moving" tsMs="1783262375125"/>
        <radio op="vodafone IT" rat="LTE" q="100.00" rsrp="-75" sinr="24" rsrq="-10"/>
        <radio op="I TIM" rat="LTE" q="100.00" rsrp="-68" sinr="26" rsrq="-11"/>
      </extensions>
    </trkpt>
    <trkpt lat="45.5435343" lon="10.4247274">
      <ele>223.0</ele>
      <time>2026-07-05T16:39:49.003+02:00</time>
      <extensions>
        <activity type="IN_VEHICLE" conf="97" state="moving" tsMs="1783262385868"/>
        <radio op="vodafone IT" rat="LTE" q="100.00" rsrp="-74" sinr="23" rsrq="-10"/>
        <radio op="I TIM" rat="LTE" q="60.00" rsrp="-65" sinr="10" rsrq="-11"/>
      </extensions>
    </trkpt>
    <trkpt lat="45.5449865" lon="10.4263796">
      <ele>225.0</ele>
      <time>2026-07-05T16:40:00.004+02:00</time>
      <extensions>
        <activity type="IN_VEHICLE" conf="97" state="moving" tsMs="1783262396580"/>
        <radio op="vodafone IT" rat="LTE" q="51.00" rsrp="-95" sinr="12" rsrq="-10"/>
        <radio op="I TIM" rat="LTE" q="76.00" rsrp="-79" sinr="14" rsrq="-11"/>
      </extensions>
    </trkpt>
    <trkpt lat="45.5449865" lon="10.4263796">
      <ele>225.0</ele>
      <time>2026-07-05T16:40:10.568+02:00</time>
      <extensions>
        <activity type="IN_VEHICLE" conf="96" state="moving" tsMs="1783262416436"/>
        <radio op="vodafone IT" rat="LTE" q="11.00" rsrp="-103" sinr="0" rsrq="-12"/>
        <radio op="I TIM" rat="LTE" rsrp="-106" rsrq="-18"/>
      </extensions>
    </trkpt>
    <trkpt lat="45.5484591" lon="10.4297839">
      <ele>182.0</ele>
      <time>2026-07-05T16:40:30.004+02:00</time>
      <extensions>
        <activity type="IN_VEHICLE" conf="92" state="moving" tsMs="1783262427130"/>
        <radio op="vodafone IT" rat="LTE" q="54.60" rsrp="-86" sinr="9" rsrq="-11"/>
        <radio op="I TIM" rat="LTE" q="36.00" rsrp="-84" sinr="4" rsrq="-13"/>
      </extensions>
    </trkpt>
    <trkpt lat="45.5494841" lon="10.4305974">
      <ele>229.0</ele>
      <time>2026-07-05T16:40:40.004+02:00</time>
      <extensions>
        <activity type="IN_VEHICLE" conf="97" state="moving" tsMs="1783262437828"/>
        <radio op="vodafone IT" rat="LTE" q="96.00" rsrp="-76" sinr="19" rsrq="-11"/>
        <radio op="I TIM" rat="LTE" q="20.00" rsrp="-80" sinr="0" rsrq="-11"/>
      </extensions>
    </trkpt>
    <trkpt lat="45.5508992" lon="10.4316408">
      <ele>233.0</ele>
      <time>2026-07-05T16:40:50.004+02:00</time>
      <extensions>
        <activity type="IN_VEHICLE" conf="96" state="moving" tsMs="1783262448513"/>
        <radio op="vodafone IT" rat="LTE" q="80.00" rsrp="-78" sinr="15" rsrq="-10"/>
        <radio op="I TIM" rat="LTE" q="80.00" rsrp="-76" sinr="15" rsrq="-10"/>
      </extensions>
    </trkpt>
    <trkpt lat="45.5525958" lon="10.4325707">
      <ele>233.0</ele>
      <time>2026-07-05T16:41:00.003+02:00</time>
      <extensions>
        <activity type="IN_VEHICLE" conf="97" state="moving" tsMs="1783262459186"/>
        <radio op="vodafone IT" rat="LTE" q="14.40" rsrp="-101" sinr="1" rsrq="-13"/>
        <radio op="I TIM" rat="LTE" q="51.00" rsrp="-91" sinr="10" rsrq="-12"/>
      </extensions>
    </trkpt>
    <trkpt lat="45.5542829" lon="10.4333862">
      <ele>232.0</ele>
      <time>2026-07-05T16:41:10.004+02:00</time>
      <extensions>
        <activity type="IN_VEHICLE" conf="97" state="moving" tsMs="1783262469903"/>
        <radio op="vodafone IT" rat="LTE" q="49.50" rsrp="-92" sinr="10" rsrq="-12"/>
        <radio op="I TIM" rat="LTE" q="28.80" rsrp="-89" sinr="3" rsrq="-12"/>
      </extensions>
    </trkpt>
    <trkpt lat="45.5558816" lon="10.4344108">
      <ele>234.0</ele>
      <time>2026-07-05T16:41:20.004+02:00</time>
      <extensions>
        <activity type="IN_VEHICLE" conf="97" state="moving" tsMs="1783262480603"/>
        <radio op="vodafone IT" rat="LTE" q="20.30" rsrp="-96" sinr="2" rsrq="-14"/>
        <radio op="I TIM" rat="LTE" rsrp="-93" rsrq="-13"/>
      </extensions>
    </trkpt>
    <trkpt lat="45.5576218" lon="10.4355496">
      <ele>235.0</ele>
      <time>2026-07-05T16:41:31.004+02:00</time>
      <extensions>
        <activity type="IN_VEHICLE" conf="97" state="moving" tsMs="1783262480603"/>
        <radio op="vodafone IT" rat="LTE" q="17.40" rsrp="-96" sinr="1" rsrq="-10"/>
        <radio op="I TIM" rat="LTE" q="23.80" rsrp="-91" sinr="2" rsrq="-13"/>
      </extensions>
    </trkpt>
    <trkpt lat="45.5591745" lon="10.4366578">
      <ele>236.0</ele>
      <time>2026-07-05T16:41:41.003+02:00</time>
      <extensions>
        <activity type="IN_VEHICLE" conf="97" state="moving" tsMs="1783262500669"/>
        <radio op="vodafone IT" rat="LTE" q="32.00" rsrp="-93" sinr="5" rsrq="-12"/>
        <radio op="I TIM" rat="LTE" q="23.80" rsrp="-91" sinr="2" rsrq="-14"/>
      </extensions>
    </trkpt>
    <trkpt lat="45.5606419" lon="10.4379732">
      <ele>238.0</ele>
      <time>2026-07-05T16:41:51.004+02:00</time>
      <extensions>
        <activity type="IN_VEHICLE" conf="97" state="moving" tsMs="1783262511404"/>
        <radio op="vodafone IT" rat="LTE" rsrp="-100" rsrq="-11"/>
        <radio op="I TIM" rat="LTE" rsrp="-95" rsrq="-14"/>
      </extensions>
    </trkpt>
    <trkpt lat="45.562031" lon="10.4394243">
      <ele>238.0</ele>
      <time>2026-07-05T16:42:01.003+02:00</time>
      <extensions>
        <activity type="IN_VEHICLE" conf="97" state="moving" tsMs="1783262516767"/>
        <radio op="vodafone IT" rat="LTE" rsrp="-101" rsrq="-15"/>
        <radio op="I TIM" rat="LTE" rsrp="-94" rsrq="-13"/>
      </extensions>
    </trkpt>
    <trkpt lat="45.5634809" lon="10.4409513">
      <ele>238.0</ele>
      <time>2026-07-05T16:42:11.004+02:00</time>
      <extensions>
        <activity type="IN_VEHICLE" conf="97" state="moving" tsMs="1783262527454"/>
        <radio op="vodafone IT" rat="LTE" rsrp="-107" rsrq="-18"/>
        <radio op="I TIM" rat="LTE" q="33.60" rsrp="-97" sinr="7" rsrq="-13"/>
      </extensions>
    </trkpt>
    <trkpt lat="45.5651161" lon="10.4419069">
      <ele>236.0</ele>
      <time>2026-07-05T16:42:21.004+02:00</time>
      <extensions>
        <activity type="IN_VEHICLE" conf="97" state="moving" tsMs="1783262538153"/>
        <radio op="vodafone IT" rat="LTE" rsrp="-94" rsrq="-14"/>
        <radio op="I TIM" rat="LTE" rsrp="-100" rsrq="-18"/>
      </extensions>
    </trkpt>
    <trkpt lat="45.5667826" lon="10.4421075">
      <ele>235.0</ele>
      <time>2026-07-05T16:42:31.004+02:00</time>
      <extensions>
        <activity type="IN_VEHICLE" conf="97" state="moving" tsMs="1783262548852"/>
        <radio op="vodafone IT" rat="LTE" q="21.00" rsrp="-95" sinr="2" rsrq="-13"/>
        <radio op="I TIM" rat="LTE" rsrp="-96" rsrq="-14"/>
      </extensions>
    </trkpt>
    <trkpt lat="45.5685538" lon="10.4421842">
      <ele>235.0</ele>
      <time>2026-07-05T16:42:41.004+02:00</time>
      <extensions>
        <activity type="IN_VEHICLE" conf="97" state="moving" tsMs="1783262559591"/>
        <radio op="vodafone IT" rat="LTE" rsrp="-104" rsrq="-16"/>
        <radio op="I TIM" rat="LTE" rsrp="-97" rsrq="-15"/>
      </extensions>
    </trkpt>
    <trkpt lat="45.5703067" lon="10.4418023">
      <ele>235.0</ele>
      <time>2026-07-05T16:42:52.003+02:00</time>
      <extensions>
        <activity type="IN_VEHICLE" conf="97" state="moving" tsMs="1783262570361"/>
        <radio op="vodafone IT" rat="LTE" rsrp="-106" rsrq="-14"/>
        <radio op="I TIM" rat="LTE" q="11.50" rsrp="-102" sinr="0" rsrq="-15"/>
      </extensions>
    </trkpt>
    <trkpt lat="45.5719969" lon="10.4416435">
      <ele>236.0</ele>
      <time>2026-07-05T16:43:02.004+02:00</time>
      <extensions>
        <activity type="IN_VEHICLE" conf="97" state="moving" tsMs="1783262581063"/>
        <radio op="vodafone IT" rat="LTE" q="28.00" rsrp="-90" sinr="3" rsrq="-12"/>
        <radio op="I TIM" rat="LTE" q="25.20" rsrp="-97" sinr="4" rsrq="-12"/>
      </extensions>
    </trkpt>
    <trkpt lat="45.5734558" lon="10.4422782">
      <ele>238.0</ele>
      <time>2026-07-05T16:43:12.004+02:00</time>
      <extensions>
        <activity type="IN_VEHICLE" conf="97" state="moving" tsMs="1783262591782"/>
        <radio op="vodafone IT" rat="LTE" q="54.00" rsrp="-89" sinr="10" rsrq="-10"/>
        <radio op="I TIM" rat="LTE" q="25.20" rsrp="-97" sinr="4" rsrq="-13"/>
      </extensions>
    </trkpt>
    <trkpt lat="45.5748414" lon="10.4433998">
      <ele>240.0</ele>
      <time>2026-07-05T16:43:22.004+02:00</time>
      <extensions>
        <activity type="IN_VEHICLE" conf="97" state="moving" tsMs="1783262602559"/>
        <radio op="vodafone IT" rat="LTE" q="24.50" rsrp="-90" sinr="2" rsrq="-12"/>
        <radio op="I TIM" rat="LTE" rsrp="-112" rsrq="-16"/>
      </extensions>
    </trkpt>
    <trkpt lat="45.5763114" lon="10.4446067">
      <ele>242.0</ele>
      <time>2026-07-05T16:43:32.003+02:00</time>
      <extensions>
        <activity type="IN_VEHICLE" conf="97" state="moving" tsMs="1783262607902"/>
        <radio op="vodafone IT" rat="LTE" q="58.50" rsrp="-86" sinr="10" rsrq="-7"/>
        <radio op="I TIM" rat="LTE" rsrp="-114" rsrq="-16"/>
      </extensions>
    </trkpt>
    <trkpt lat="45.5764924" lon="10.445796">
      <ele>244.0</ele>
      <time>2026-07-05T16:43:42.004+02:00</time>
      <extensions>
        <activity type="IN_VEHICLE" conf="97" state="moving" tsMs="1783262618640"/>
        <radio op="vodafone IT" rat="LTE" q="76.00" rsrp="-75" sinr="14" rsrq="-5"/>
        <radio op="I TIM" rat="LTE" q="11.00" rsrp="-103" sinr="0" rsrq="-14"/>
      </extensions>
    </trkpt>
    <trkpt lat="45.5758198" lon="10.4449669">
      <ele>248.0</ele>
      <time>2026-07-05T16:43:52.004+02:00</time>
      <extensions>
        <activity type="IN_VEHICLE" conf="97" state="moving" tsMs="1783262629368"/>
        <radio op="vodafone IT" rat="LTE" q="58.50" rsrp="-86" sinr="10" rsrq="-6"/>
        <radio op="I TIM" rat="LTE" q="6.50" rsrp="-112" sinr="0" rsrq="-16"/>
      </extensions>
    </trkpt>
    <trkpt lat="45.5760651" lon="10.4436433">
      <ele>248.0</ele>
      <time>2026-07-05T16:44:02.003+02:00</time>
      <extensions>
        <activity type="IN_VEHICLE" conf="97" state="moving" tsMs="1783262640114"/>
        <radio op="vodafone IT" rat="LTE" q="14.00" rsrp="-97" sinr="0" rsrq="-16"/>
        <radio op="I TIM" rat="LTE" q="16.10" rsrp="-102" sinr="2" rsrq="-15"/>
      </extensions>
    </trkpt>
    <trkpt lat="45.5761864" lon="10.4434355">
      <ele>247.0</ele>
      <time>2026-07-05T16:44:12.004+02:00</time>
      <extensions>
        <activity type="IN_VEHICLE" conf="97" state="moving" tsMs="1783262650802"/>
        <radio op="vodafone IT" rat="LTE" q="55.50" rsrp="-88" sinr="10" rsrq="-10"/>
        <radio op="I TIM" rat="LTE" q="14.00" rsrp="-97" sinr="0" rsrq="-14"/>
      </extensions>
    </trkpt>
    <trkpt lat="45.5765439" lon="10.4427076">
      <ele>244.0</ele>
      <time>2026-07-05T16:44:23.003+02:00</time>
      <extensions>
        <activity type="IN_VEHICLE" conf="97" state="moving" tsMs="1783262661522"/>
        <radio op="vodafone IT" rat="LTE" q="30.40" rsrp="-87" sinr="3" rsrq="-13"/>
        <radio op="I TIM" rat="LTE" rsrp="-102" rsrq="-15"/>
      </extensions>
    </trkpt>
    <trkpt lat="45.5768805" lon="10.4425092">
      <ele>241.0</ele>
      <time>2026-07-05T16:44:33.004+02:00</time>
      <extensions>
        <activity type="IN_VEHICLE" conf="98" state="moving" tsMs="1783262672235"/>
        <radio op="vodafone IT" rat="LTE" q="96.00" rsrp="-74" sinr="19" rsrq="-7"/>
        <radio op="I TIM" rat="LTE" rsrp="-103" rsrq="-17"/>
      </extensions>
    </trkpt>
    <trkpt lat="45.5776888" lon="10.4419696">
      <ele>240.0</ele>
      <time>2026-07-05T16:44:43.004+02:00</time>
      <extensions>
        <activity type="IN_VEHICLE" conf="97" state="moving" tsMs="1783262682946"/>
        <radio op="vodafone IT" rat="LTE" q="80.00" rsrp="-79" sinr="15" rsrq="-11"/>
        <radio op="I TIM" rat="LTE" q="14.40" rsrp="-101" sinr="1" rsrq="-13"/>
      </extensions>
    </trkpt>
    <trkpt lat="45.5788922" lon="10.441275">
      <ele>241.0</ele>
      <time>2026-07-05T16:44:53.004+02:00</time>
      <extensions>
        <activity type="IN_VEHICLE" conf="97" state="moving" tsMs="1783262693643"/>
        <radio op="vodafone IT" rat="LTE" q="72.00" rsrp="-71" sinr="13" rsrq="-11"/>
        <radio op="I TIM" rat="LTE" q="25.00" rsrp="-100" sinr="5" rsrq="-12"/>
      </extensions>
    </trkpt>
    <trkpt lat="45.5801838" lon="10.4406501">
      <ele>240.0</ele>
      <time>2026-07-05T16:45:03.003+02:00</time>
      <extensions>
        <activity type="IN_VEHICLE" conf="97" state="moving" tsMs="1783262698996"/>
        <radio op="vodafone IT" rat="LTE" q="40.70" rsrp="-88" sinr="6" rsrq="-10"/>
        <radio op="I TIM" rat="LTE" q="28.00" rsrp="-97" sinr="5" rsrq="-12"/>
      </extensions>
    </trkpt>
    <trkpt lat="45.5815072" lon="10.4406122">
      <ele>242.0</ele>
      <time>2026-07-05T16:45:13.003+02:00</time>
      <extensions>
        <activity type="IN_VEHICLE" conf="97" state="moving" tsMs="1783262709656"/>
        <radio op="vodafone IT" rat="LTE" q="27.90" rsrp="-94" sinr="4" rsrq="-12"/>
        <radio op="I TIM" rat="LTE" q="37.80" rsrp="-98" sinr="9" rsrq="-12"/>
      </extensions>
    </trkpt>
    <trkpt lat="45.5827537" lon="10.4410803">
      <ele>245.0</ele>
      <time>2026-07-05T16:45:23.004+02:00</time>
      <extensions>
        <activity type="IN_VEHICLE" conf="97" state="moving" tsMs="1783262720388"/>
        <radio op="vodafone IT" rat="LTE" rsrp="-95" rsrq="-13"/>
        <radio op="I TIM" rat="LTE" q="42.00" rsrp="-95" sinr="9" rsrq="-13"/>
      </extensions>
    </trkpt>
    <trkpt lat="45.5832609" lon="10.4413968">
      <ele>246.0</ele>
      <time>2026-07-05T16:45:33.004+02:00</time>
      <extensions>
        <activity type="IN_VEHICLE" conf="97" state="moving" tsMs="1783262731136"/>
        <radio op="vodafone IT" rat="LTE" q="26.10" rsrp="-96" sinr="4" rsrq="-12"/>
        <radio op="I TIM" rat="LTE" q="48.00" rsrp="-93" sinr="10" rsrq="-13"/>
      </extensions>
    </trkpt>
    <trkpt lat="45.5841764" lon="10.4417135">
      <ele>246.0</ele>
      <time>2026-07-05T16:45:44.003+02:00</time>
      <extensions>
        <activity type="IN_VEHICLE" conf="97" state="moving" tsMs="1783262741911"/>
        <radio op="vodafone IT" rat="LTE" q="42.00" rsrp="-90" sinr="7" rsrq="-12"/>
        <radio op="I TIM" rat="LTE" q="27.90" rsrp="-94" sinr="4" rsrq="-11"/>
      </extensions>
    </trkpt>
    <trkpt lat="45.5848216" lon="10.4420599">
      <ele>246.0</ele>
      <time>2026-07-05T16:45:54.003+02:00</time>
      <extensions>
        <activity type="IN_VEHICLE" conf="97" state="moving" tsMs="1783262752618"/>
        <radio op="vodafone IT" rat="LTE" q="24.30" rsrp="-98" sinr="4" rsrq="-14"/>
        <radio op="I TIM" rat="LTE" q="37.20" rsrp="-94" sinr="7" rsrq="-13"/>
      </extensions>
    </trkpt>
    <trkpt lat="45.5851615" lon="10.4432495">
      <ele>249.0</ele>
      <time>2026-07-05T16:46:04.004+02:00</time>
      <extensions>
        <activity type="IN_VEHICLE" conf="97" state="moving" tsMs="1783262763302"/>
        <radio op="vodafone IT" rat="LTE" q="58.90" rsrp="-94" sinr="14" rsrq="-9"/>
        <radio op="I TIM" rat="LTE" rsrp="-92" rsrq="-14"/>
      </extensions>
    </trkpt>
    <trkpt lat="45.5856043" lon="10.4447936">
      <ele>251.0</ele>
      <time>2026-07-05T16:46:14.003+02:00</time>
      <extensions>
        <activity type="IN_VEHICLE" conf="97" state="moving" tsMs="1783262774045"/>
        <radio op="vodafone IT" rat="LTE" q="66.50" rsrp="-90" sinr="14" rsrq="-9"/>
        <radio op="I TIM" rat="LTE" q="29.60" rsrp="-88" sinr="3" rsrq="-13"/>
      </extensions>
    </trkpt>
    <trkpt lat="45.586096" lon="10.4462233">
      <ele>253.0</ele>
      <time>2026-07-05T16:46:24.003+02:00</time>
      <extensions>
        <activity type="IN_VEHICLE" conf="96" state="moving" tsMs="1783262784777"/>
        <radio op="vodafone IT" rat="LTE" q="18.90" rsrp="-98" sinr="2" rsrq="-12"/>
        <radio op="I TIM" rat="LTE" q="57.60" rsrp="-89" sinr="11" rsrq="-12"/>
      </extensions>
    </trkpt>
    <trkpt lat="45.5864751" lon="10.4468004">
      <ele>258.0</ele>
      <time>2026-07-05T16:46:34.003+02:00</time>
      <extensions>
        <activity type="IN_VEHICLE" conf="97" state="moving" tsMs="1783262790158"/>
        <radio op="vodafone IT" rat="LTE" q="11.50" rsrp="-102" sinr="0" rsrq="-14"/>
        <radio op="I TIM" rat="LTE" q="35.00" rsrp="-90" sinr="5" rsrq="-12"/>
      </extensions>
    </trkpt>
    <trkpt lat="45.5870764" lon="10.4464038">
      <ele>255.0</ele>
      <time>2026-07-05T16:46:44.003+02:00</time>
      <extensions>
        <activity type="IN_VEHICLE" conf="97" state="moving" tsMs="1783262800822"/>
        <radio op="vodafone IT" rat="LTE" q="30.00" rsrp="-95" sinr="5" rsrq="-14"/>
        <radio op="I TIM" rat="LTE" q="42.90" rsrp="-86" sinr="6" rsrq="-10"/>
      </extensions>
    </trkpt>
    <trkpt lat="45.587432" lon="10.446128">
      <ele>253.0</ele>
      <time>2026-07-05T16:46:54.004+02:00</time>
      <extensions>
        <activity type="IN_VEHICLE" conf="96" state="moving" tsMs="1783262811494"/>
        <radio op="vodafone IT" rat="LTE" rsrp="-90" rsrq="-14"/>
        <radio op="I TIM" rat="LTE" q="68.00" rsrp="-74" sinr="12" rsrq="-11"/>
      </extensions>
    </trkpt>
    <trkpt lat="45.5873467" lon="10.4451299">
      <ele>250.0</ele>
      <time>2026-07-05T16:47:05.004+02:00</time>
      <extensions>
        <activity type="IN_VEHICLE" conf="97" state="moving" tsMs="1783262822164"/>
        <radio op="vodafone IT" rat="LTE" q="62.90" rsrp="-88" sinr="12" rsrq="-12"/>
        <radio op="I TIM" rat="LTE" q="72.00" rsrp="-72" sinr="13" rsrq="-10"/>
      </extensions>
    </trkpt>
    <trkpt lat="45.587159" lon="10.4439016">
      <ele>250.0</ele>
      <time>2026-07-05T16:47:15.003+02:00</time>
      <extensions>
        <activity type="IN_VEHICLE" conf="97" state="moving" tsMs="1783262832962"/>
        <radio op="vodafone IT" rat="LTE" q="88.00" rsrp="-84" sinr="17" rsrq="-11"/>
        <radio op="I TIM" rat="LTE" q="64.00" rsrp="-78" sinr="11" rsrq="-10"/>
      </extensions>
    </trkpt>
    <trkpt lat="45.5869469" lon="10.4430307">
      <ele>249.0</ele>
      <time>2026-07-05T16:47:25.003+02:00</time>
      <extensions>
        <activity type="IN_VEHICLE" conf="97" state="moving" tsMs="1783262843678"/>
        <radio op="vodafone IT" rat="LTE" q="100.00" rsrp="-81" sinr="20" rsrq="-9"/>
        <radio op="I TIM" rat="LTE" q="22.80" rsrp="-87" sinr="1" rsrq="-13"/>
      </extensions>
    </trkpt>
    <trkpt lat="45.5869248" lon="10.4429194">
      <ele>249.0</ele>
      <time>2026-07-05T16:47:35.004+02:00</time>
      <extensions>
        <activity type="IN_VEHICLE" conf="97" state="moving" tsMs="1783262854456"/>
        <radio op="vodafone IT" rat="LTE" q="100.00" rsrp="-82" sinr="21" rsrq="-9"/>
        <radio op="I TIM" rat="LTE" q="28.00" rsrp="-90" sinr="3" rsrq="-13"/>
      </extensions>
    </trkpt>
    <trkpt lat="45.5869248" lon="10.4429194">
      <ele>249.0</ele>
      <time>2026-07-05T16:47:45.004+02:00</time>
      <extensions>
        <activity type="IN_VEHICLE" conf="97" state="moving" tsMs="1783262865132"/>
        <radio op="vodafone IT" rat="LTE" q="100.00" rsrp="-81" sinr="23" rsrq="-7"/>
        <radio op="I TIM" rat="LTE" q="23.80" rsrp="-91" sinr="2" rsrq="-12"/>
      </extensions>
    </trkpt>
    <trkpt lat="45.5869248" lon="10.4429194">
      <ele>249.0</ele>
      <time>2026-07-05T16:47:55.004+02:00</time>
      <extensions>
        <activity type="IN_VEHICLE" conf="97" state="moving" tsMs="1783262875852"/>
        <radio op="vodafone IT" rat="LTE" q="84.00" rsrp="-82" sinr="16" rsrq="-6"/>
        <radio op="I TIM" rat="LTE" rsrp="-90" rsrq="-13"/>
      </extensions>
    </trkpt>
    <trkpt lat="45.5872229" lon="10.4427526">
      <ele>247.0</ele>
      <time>2026-07-05T16:48:05.004+02:00</time>
      <extensions>
        <activity type="IN_VEHICLE" conf="96" state="moving" tsMs="1783262881215"/>
        <radio op="vodafone IT" rat="LTE" q="88.00" rsrp="-72" sinr="17" rsrq="-13"/>
        <radio op="I TIM" rat="LTE" rsrp="-81" rsrq="-13"/>
      </extensions>
    </trkpt>
    <trkpt lat="45.5883319" lon="10.4428578">
      <ele>247.0</ele>
      <time>2026-07-05T16:48:15.003+02:00</time>
      <extensions>
        <activity type="IN_VEHICLE" conf="97" state="moving" tsMs="1783262891957"/>
        <radio op="vodafone IT" rat="LTE" q="31.50" rsrp="-90" sinr="4" rsrq="-11"/>
        <radio op="I TIM" rat="LTE" q="36.00" rsrp="-78" sinr="4" rsrq="-8"/>
      </extensions>
    </trkpt>
    <trkpt lat="45.5896481" lon="10.4429324">
      <ele>247.0</ele>
      <time>2026-07-05T16:48:26.003+02:00</time>
      <extensions>
        <activity type="IN_VEHICLE" conf="97" state="moving" tsMs="1783262902616"/>
        <radio op="vodafone IT" rat="LTE" q="39.60" rsrp="-92" sinr="7" rsrq="-11"/>
        <radio op="I TIM" rat="LTE" q="39.00" rsrp="-86" sinr="5" rsrq="-12"/>
      </extensions>
    </trkpt>
    <trkpt lat="45.5905456" lon="10.4430049">
      <ele>247.0</ele>
      <time>2026-07-05T16:48:36.003+02:00</time>
      <extensions>
        <activity type="IN_VEHICLE" conf="97" state="moving" tsMs="1783262913269"/>
        <radio op="vodafone IT" rat="LTE" q="74.10" rsrp="-86" sinr="14" rsrq="-12"/>
        <radio op="I TIM" rat="LTE" rsrp="-87" rsrq="-12"/>
      </extensions>
    </trkpt>
    <trkpt lat="45.5917645" lon="10.443031">
      <ele>249.0</ele>
      <time>2026-07-05T16:48:46.004+02:00</time>
      <extensions>
        <activity type="IN_VEHICLE" conf="96" state="moving" tsMs="1783262923956"/>
        <radio op="vodafone IT" rat="LTE" q="100.00" rsrp="-76" sinr="21" rsrq="-10"/>
        <radio op="I TIM" rat="LTE" q="72.00" rsrp="-82" sinr="13" rsrq="-8"/>
      </extensions>
    </trkpt>
    <trkpt lat="45.5926792" lon="10.4430296">
      <ele>250.0</ele>
      <time>2026-07-05T16:48:56.004+02:00</time>
      <extensions>
        <activity type="IN_VEHICLE" conf="97" state="moving" tsMs="1783262934633"/>
        <radio op="vodafone IT" rat="LTE" q="48.00" rsrp="-76" sinr="7" rsrq="-6"/>
        <radio op="I TIM" rat="LTE" q="96.00" rsrp="-74" sinr="19" rsrq="-11"/>
      </extensions>
    </trkpt>
    <trkpt lat="45.5927896" lon="10.442291">
      <ele>250.0</ele>
      <time>2026-07-05T16:49:06.004+02:00</time>
      <extensions>
        <activity type="IN_VEHICLE" conf="97" state="moving" tsMs="1783262945335"/>
        <radio op="vodafone IT" rat="LTE" q="100.00" rsrp="-84" sinr="22" rsrq="-6"/>
        <radio op="I TIM" rat="LTE" q="88.00" rsrp="-73" sinr="17" rsrq="-5"/>
      </extensions>
    </trkpt>
    <trkpt lat="45.5928018" lon="10.442498">
      <ele>249.0</ele>
      <time>2026-07-05T16:49:16.004+02:00</time>
      <extensions>
        <activity type="IN_VEHICLE" conf="97" state="moving" tsMs="1783262956040"/>
        <radio op="vodafone IT" rat="LTE" q="96.00" rsrp="-80" sinr="19" rsrq="-8"/>
        <radio op="I TIM" rat="LTE" q="68.00" rsrp="-78" sinr="12" rsrq="-9"/>
      </extensions>
    </trkpt>
    <trkpt lat="45.5927812" lon="10.4424832">
      <ele>249.0</ele>
      <time>2026-07-05T16:49:26.004+02:00</time>
      <extensions>
        <activity type="IN_VEHICLE" conf="96" state="moving" tsMs="1783262966704"/>
        <radio op="vodafone IT" rat="LTE" q="92.00" rsrp="-82" sinr="18" rsrq="-5"/>
        <radio op="I TIM" rat="LTE" q="76.00" rsrp="-73" sinr="14" rsrq="-9"/>
      </extensions>
    </trkpt>
    <trkpt lat="45.5927814" lon="10.4424836">
      <ele>253.90000915527344</ele>
      <time>2026-07-05T16:49:31.004+02:00</time>
      <extensions>
        <activity type="TILTING" conf="100" state="moving" tsMs="1783262969781"/>
        <radio op="vodafone IT" rat="LTE" q="85.10" rsrp="-88" sinr="18" rsrq="-5"/>
        <radio op="I TIM" rat="LTE" q="84.00" rsrp="-80" sinr="16" rsrq="-10"/>
      </extensions>
    </trkpt>
    <trkpt lat="45.5925963" lon="10.4430409">
      <ele>254.50001525878906</ele>
      <time>2026-07-05T16:50:07.653+02:00</time>
      <extensions>
        <activity type="ON_FOOT" conf="91" state="moving" tsMs="1783263006137"/>
        <radio op="vodafone IT" rat="LTE" q="100.00" rsrp="-76" sinr="26" rsrq="-5"/>
        <radio op="I TIM" rat="LTE" q="68.00" rsrp="-77" sinr="12" rsrq="-8"/>
      </extensions>
    </trkpt>
    <trkpt lat="45.5932231" lon="10.4427979">
      <ele>254.50001525878906</ele>
      <time>2026-07-05T16:50:38.859+02:00</time>
      <extensions>
        <activity type="UNKNOWN" conf="40" state="unknown" tsMs="1783263033740"/>
        <radio op="vodafone IT" rat="LTE" q="67.20" rsrp="-97" sinr="19" rsrq="-7"/>
        <radio op="I TIM" rat="LTE" q="41.60" rsrp="-93" sinr="8" rsrq="-11"/>
      </extensions>
    </trkpt>
    <trkpt lat="45.5932131" lon="10.4428111">
      <ele>254.50001525878906</ele>
      <time>2026-07-05T16:51:10.074+02:00</time>
      <extensions>
        <activity type="UNKNOWN" conf="40" state="unknown" tsMs="1783263064876"/>
        <radio op="vodafone IT" rat="LTE" q="72.00" rsrp="-95" sinr="19" rsrq="-5"/>
        <radio op="I TIM" rat="LTE" q="77.50" rsrp="-94" sinr="21" rsrq="-9"/>
      </extensions>
    </trkpt>
    <trkpt lat="45.5932322" lon="10.4428007">
      <ele>254.50001525878906</ele>
      <time>2026-07-05T16:51:41.314+02:00</time>
      <extensions>
        <activity type="UNKNOWN" conf="40" state="unknown" tsMs="1783263098552"/>
        <radio op="vodafone IT" rat="LTE" q="46.20" rsrp="-104" sinr="17" rsrq="-7"/>
        <radio op="I TIM" rat="LTE" q="62.10" rsrp="-98" sinr="18" rsrq="-10"/>
      </extensions>
    </trkpt>
    <trkpt lat="45.593232" lon="10.4428156">
      <ele>254.50001525878906</ele>
      <time>2026-07-05T16:52:42.516+02:00</time>
      <extensions>
        <activity type="STILL" conf="55" state="still" tsMs="1783263162529"/>
        <radio op="vodafone IT" rat="LTE" q="60.00" rsrp="-101" sinr="20" rsrq="-6"/>
        <radio op="I TIM" rat="LTE" q="75.00" rsrp="-95" sinr="20" rsrq="-9"/>
      </extensions>
    </trkpt>
    <trkpt lat="45.5932273" lon="10.4428133">
      <ele>254.50001525878906</ele>
      <time>2026-07-05T16:53:18.084+02:00</time>
      <extensions>
        <activity type="UNKNOWN" conf="40" state="unknown" tsMs="1783263194256"/>
        <radio op="vodafone IT" rat="LTE" q="50.60" rsrp="-103" sinr="18" rsrq="-7"/>
        <radio op="I TIM" rat="LTE" q="34.50" rsrp="-102" sinr="10" rsrq="-8"/>
      </extensions>
    </trkpt>
    <trkpt lat="45.5933781" lon="10.4425085">
      <ele>254.60000610351562</ele>
      <time>2026-07-05T16:54:21.936+02:00</time>
      <extensions>
        <activity type="ON_FOOT" conf="87" state="moving" tsMs="1783263232216"/>
        <radio op="vodafone IT" rat="LTE" q="28.50" rsrp="-106" sinr="10" rsrq="-8"/>
        <radio op="I TIM" rat="LTE" q="46.20" rsrp="-103" sinr="16" rsrq="-8"/>
      </extensions>
    </trkpt>
    <trkpt lat="45.5934603" lon="10.4424426">
      <ele>254.60000610351562</ele>
      <time>2026-07-05T16:54:42.678+02:00</time>
      <extensions>
        <activity type="UNKNOWN" conf="40" state="unknown" tsMs="1783263265690"/>
        <radio op="vodafone IT" rat="LTE" q="70.00" rsrp="-97" sinr="22" rsrq="-7"/>
        <radio op="I TIM" rat="LTE" q="75.00" rsrp="-95" sinr="22" rsrq="-7"/>
      </extensions>
    </trkpt>
    <trkpt lat="45.59341" lon="10.4424702">
      <ele>254.60000610351562</ele>
      <time>2026-07-05T16:55:19.046+02:00</time>
      <extensions>
        <activity type="UNKNOWN" conf="40" state="unknown" tsMs="1783263315266"/>
        <radio op="vodafone IT" rat="LTE" q="48.30" rsrp="-102" sinr="16" rsrq="-12"/>
        <radio op="I TIM" rat="LTE" q="65.00" rsrp="-99" sinr="20" rsrq="-9"/>
      </extensions>
    </trkpt>
    <trkpt lat="45.5934038" lon="10.4425165">
      <ele>254.60000610351562</ele>
      <time>2026-07-05T16:56:03.232+02:00</time>
      <extensions>
        <activity type="UNKNOWN" conf="40" state="unknown" tsMs="1783263361918"/>
        <radio op="vodafone IT" rat="LTE" q="48.30" rsrp="-102" sinr="16" rsrq="-11"/>
        <radio op="I TIM" rat="LTE" q="27.50" rsrp="-100" sinr="6" rsrq="-8"/>
      </extensions>
    </trkpt>
    <trkpt lat="45.5933548" lon="10.442524">
      <ele>254.60000610351562</ele>
      <time>2026-07-05T16:56:40.824+02:00</time>
      <extensions>
        <activity type="UNKNOWN" conf="40" state="unknown" tsMs="1783263397277"/>
        <radio op="vodafone IT" rat="LTE" q="37.80" rsrp="-104" sinr="13" rsrq="-8"/>
        <radio op="I TIM" rat="LTE" q="61.60" rsrp="-97" sinr="17" rsrq="-9"/>
      </extensions>
    </trkpt>
    <trkpt lat="45.5933634" lon="10.4425161">
      <ele>254.60000610351562</ele>
      <time>2026-07-05T16:57:28.46+02:00</time>
      <extensions>
        <activity type="UNKNOWN" conf="40" state="unknown" tsMs="1783263444271"/>
        <radio op="vodafone IT" rat="LTE" q="43.70" rsrp="-102" sinr="14" rsrq="-8"/>
        <radio op="I TIM" rat="LTE" q="58.80" rsrp="-97" sinr="16" rsrq="-9"/>
      </extensions>
    </trkpt>
    <trkpt lat="45.5933442" lon="10.4425349">
      <ele>254.60000610351562</ele>
      <time>2026-07-05T16:58:17.356+02:00</time>
      <extensions>
        <activity type="STILL" conf="42" state="still" tsMs="1783263494142"/>
        <radio op="vodafone IT" rat="LTE" q="27.20" rsrp="-109" sinr="12" rsrq="-10"/>
        <radio op="I TIM" rat="LTE" q="26.00" rsrp="-105" sinr="8" rsrq="-8"/>
      </extensions>
    </trkpt>
    <trkpt lat="45.5934755" lon="10.4424096">
      <ele>254.60000610351562</ele>
      <time>2026-07-05T16:58:53.715+02:00</time>
      <extensions>
        <activity type="ON_FOOT" conf="81" state="moving" tsMs="1783263531275"/>
        <radio op="vodafone IT" rat="LTE" q="70.40" rsrp="-93" sinr="17" rsrq="-9"/>
        <radio op="I TIM" rat="LTE" q="66.70" rsrp="-96" sinr="18" rsrq="-9"/>
      </extensions>
    </trkpt>
    <trkpt lat="45.5934131" lon="10.4424923">
      <ele>254.60000610351562</ele>
      <time>2026-07-05T16:59:27.989+02:00</time>
      <extensions>
        <activity type="ON_FOOT" conf="91" state="moving" tsMs="1783263563280"/>
        <radio op="vodafone IT" rat="LTE" q="25.50" rsrp="-110" sinr="12" rsrq="-9"/>
        <radio op="I TIM" rat="LTE" q="29.40" rsrp="-104" sinr="9" rsrq="-7"/>
      </extensions>
    </trkpt>
    <trkpt lat="45.5934048" lon="10.4424856">
      <ele>254.60000610351562</ele>
      <time>2026-07-05T17:00:08.628+02:00</time>
      <extensions>
        <activity type="UNKNOWN" conf="40" state="unknown" tsMs="1783263605588"/>
        <radio op="vodafone IT" rat="LTE" q="39.90" rsrp="-104" sinr="14" rsrq="-9"/>
        <radio op="I TIM" rat="LTE" q="36.80" rsrp="-102" sinr="11" rsrq="-7"/>
      </extensions>
    </trkpt>
    <trkpt lat="45.5934211" lon="10.4424657">
      <ele>254.60000610351562</ele>
      <time>2026-07-05T17:00:55.028+02:00</time>
      <extensions>
        <activity type="UNKNOWN" conf="40" state="unknown" tsMs="1783263649264"/>
        <radio op="vodafone IT" rat="LTE" q="20.80" rsrp="-109" sinr="8" rsrq="-11"/>
        <radio op="I TIM" rat="LTE" q="41.40" rsrp="-102" sinr="13" rsrq="-7"/>
      </extensions>
    </trkpt>
    <trkpt lat="45.5934443" lon="10.4424515">
      <ele>254.60000610351562</ele>
      <time>2026-07-05T17:01:26.02+02:00</time>
      <extensions>
        <activity type="UNKNOWN" conf="40" state="unknown" tsMs="1783263686110"/>
        <radio op="vodafone IT" rat="LTE" q="25.60" rsrp="-109" sinr="11" rsrq="-9"/>
        <radio op="I TIM" rat="LTE" q="36.10" rsrp="-106" sinr="14" rsrq="-10"/>
      </extensions>
    </trkpt>
    <trkpt lat="45.5934436" lon="10.4424528">
      <ele>254.60000610351562</ele>
      <time>2026-07-05T17:02:04.892+02:00</time>
      <extensions>
        <activity type="STILL" conf="46" state="still" tsMs="1783263722939"/>
        <radio op="vodafone IT" rat="LTE" q="39.90" rsrp="-106" sinr="16" rsrq="-8"/>
        <radio op="I TIM" rat="LTE" q="34.00" rsrp="-105" sinr="12" rsrq="-9"/>
      </extensions>
    </trkpt>
    <trkpt lat="45.5934049" lon="10.4424808">
      <ele>254.60000610351562</ele>
      <time>2026-07-05T17:02:41.979+02:00</time>
      <extensions>
        <activity type="UNKNOWN" conf="40" state="unknown" tsMs="1783263758044"/>
        <radio op="vodafone IT" rat="LTE" q="20.80" rsrp="-109" sinr="8" rsrq="-8"/>
        <radio op="I TIM" rat="LTE" q="27.00" rsrp="-107" sinr="10" rsrq="-9"/>
      </extensions>
    </trkpt>
    <trkpt lat="45.5933947" lon="10.442495">
      <ele>254.60000610351562</ele>
      <time>2026-07-05T17:03:15.017+02:00</time>
      <extensions>
        <activity type="UNKNOWN" conf="40" state="unknown" tsMs="1783263806967"/>
        <radio op="vodafone IT" rat="LTE" q="27.20" rsrp="-109" sinr="12" rsrq="-11"/>
        <radio op="I TIM" rat="LTE" q="23.00" rsrp="-102" sinr="5" rsrq="-10"/>
      </extensions>
    </trkpt>
    <trkpt lat="45.5934022" lon="10.4425084">
      <ele>254.60000610351562</ele>
      <time>2026-07-05T17:03:52.835+02:00</time>
      <extensions>
        <activity type="STILL" conf="47" state="still" tsMs="1783263828647"/>
        <radio op="vodafone IT" rat="LTE" q="19.50" rsrp="-110" sinr="8" rsrq="-10"/>
        <radio op="I TIM" rat="LTE" q="30.00" rsrp="-105" sinr="10" rsrq="-10"/>
      </extensions>
    </trkpt>
    <trkpt lat="45.5934071" lon="10.4424842">
      <ele>254.60000610351562</ele>
      <time>2026-07-05T17:04:23.801+02:00</time>
      <extensions>
        <activity type="UNKNOWN" conf="40" state="unknown" tsMs="1783263860652"/>
        <radio op="vodafone IT" rat="LTE" q="28.80" rsrp="-107" sinr="11" rsrq="-9"/>
        <radio op="I TIM" rat="LTE" q="28.50" rsrp="-106" sinr="10" rsrq="-12"/>
      </extensions>
    </trkpt>
    <trkpt lat="45.5934003" lon="10.4424995">
      <ele>254.60000610351562</ele>
      <time>2026-07-05T17:04:55.091+02:00</time>
      <extensions>
        <activity type="UNKNOWN" conf="40" state="unknown" tsMs="1783263891838"/>
        <radio op="vodafone IT" rat="LTE" q="28.80" rsrp="-109" sinr="13" rsrq="-10"/>
        <radio op="I TIM" rat="LTE" q="26.00" rsrp="-105" sinr="8" rsrq="-10"/>
      </extensions>
    </trkpt>
    <trkpt lat="45.5934007" lon="10.4424839">
      <ele>254.60000610351562</ele>
      <time>2026-07-05T17:05:26.347+02:00</time>
      <extensions>
        <activity type="UNKNOWN" conf="40" state="unknown" tsMs="1783263923201"/>
        <radio op="vodafone IT" rat="LTE" q="27.00" rsrp="-107" sinr="10" rsrq="-9"/>
        <radio op="I TIM" rat="LTE" q="36.00" rsrp="-105" sinr="13" rsrq="-8"/>
      </extensions>
    </trkpt>
    <trkpt lat="45.5934336" lon="10.4424594">
      <ele>254.60000610351562</ele>
      <time>2026-07-05T17:05:57.571+02:00</time>
      <extensions>
        <activity type="UNKNOWN" conf="40" state="unknown" tsMs="1783263954416"/>
        <radio op="vodafone IT" rat="LTE" q="32.30" rsrp="-106" sinr="12" rsrq="-7"/>
        <radio op="I TIM" rat="LTE" q="27.00" rsrp="-107" sinr="10" rsrq="-8"/>
      </extensions>
    </trkpt>
    <trkpt lat="45.5934808" lon="10.4424232">
      <ele>254.60000610351562</ele>
      <time>2026-07-05T17:07:21.22+02:00</time>
      <extensions>
        <activity type="ON_FOOT" conf="90" state="moving" tsMs="1783264053175"/>
        <radio op="vodafone IT" rat="LTE" q="16.00" rsrp="-109" sinr="5" rsrq="-12"/>
        <radio op="I TIM" rat="LTE" q="33.00" rsrp="-103" sinr="10" rsrq="-9"/>
      </extensions>
    </trkpt>
    <trkpt lat="45.5933919" lon="10.442545">
      <ele>254.60000610351562</ele>
      <time>2026-07-05T17:08:00.533+02:00</time>
      <extensions>
        <activity type="ON_FOOT" conf="88" state="moving" tsMs="1783264080700"/>
        <radio op="vodafone IT" rat="LTE" q="13.60" rsrp="-108" sinr="3" rsrq="-10"/>
        <radio op="I TIM" rat="LTE" q="29.40" rsrp="-104" sinr="9" rsrq="-8"/>
      </extensions>
    </trkpt>
    <trkpt lat="45.5932416" lon="10.4427889">
      <ele>254.50001525878906</ele>
      <time>2026-07-05T17:08:30.531+02:00</time>
      <extensions>
        <activity type="ON_FOOT" conf="81" state="moving" tsMs="1783264114237"/>
        <radio op="vodafone IT" rat="LTE" q="32.20" rsrp="-102" sinr="9" rsrq="-9"/>
        <radio op="I TIM" rat="LTE" q="18.90" rsrp="-98" sinr="2" rsrq="-11"/>
      </extensions>
    </trkpt>
    <trkpt lat="45.5932287" lon="10.4428152">
      <ele>254.50001525878906</ele>
      <time>2026-07-05T17:09:04.494+02:00</time>
      <extensions>
        <activity type="UNKNOWN" conf="40" state="unknown" tsMs="1783264140045"/>
        <radio op="vodafone IT" rat="LTE" q="20.80" rsrp="-112" sinr="11" rsrq="-8"/>
        <radio op="I TIM" rat="LTE" q="48.30" rsrp="-102" sinr="16" rsrq="-9"/>
      </extensions>
    </trkpt>
    <trkpt lat="45.593211" lon="10.4428333">
      <ele>254.50001525878906</ele>
      <time>2026-07-05T17:09:41.787+02:00</time>
      <extensions>
        <activity type="UNKNOWN" conf="40" state="unknown" tsMs="1783264177761"/>
        <radio op="vodafone IT" rat="LTE" q="66.70" rsrp="-96" sinr="18" rsrq="-10"/>
        <radio op="I TIM" rat="LTE" q="85.00" rsrp="-91" sinr="25" rsrq="-6"/>
      </extensions>
    </trkpt>
    <trkpt lat="45.5932352" lon="10.4428778">
      <ele>256.84576702021855</ele>
      <time>2026-07-05T17:10:26.49+02:00</time>
      <extensions>
        <activity type="UNKNOWN" conf="40" state="unknown" tsMs="1783264223293"/>
        <radio op="vodafone IT" rat="LTE" q="65.00" rsrp="-99" sinr="20" rsrq="-10"/>
        <radio op="I TIM" rat="LTE" q="63.00" rsrp="-95" sinr="16" rsrq="-12"/>
      </extensions>
    </trkpt>
    <trkpt lat="45.5932393" lon="10.4428703">
      <ele>254.50001525878906</ele>
      <time>2026-07-05T17:10:57.054+02:00</time>
      <extensions>
        <activity type="UNKNOWN" conf="40" state="unknown" tsMs="1783264254315"/>
        <radio op="vodafone IT" rat="LTE" q="80.00" rsrp="-93" sinr="22" rsrq="-8"/>
        <radio op="I TIM" rat="LTE" q="95.00" rsrp="-87" sinr="20" rsrq="-11"/>
      </extensions>
    </trkpt>
    <trkpt lat="45.593241" lon="10.4428609">
      <ele>254.50001525878906</ele>
      <time>2026-07-05T17:11:30.37+02:00</time>
      <extensions>
        <activity type="STILL" conf="51" state="still" tsMs="1783264286933"/>
        <radio op="vodafone IT" rat="LTE" q="67.20" rsrp="-97" sinr="19" rsrq="-10"/>
        <radio op="I TIM" rat="LTE" q="66.00" rsrp="-92" sinr="15" rsrq="-7"/>
      </extensions>
    </trkpt>
    <trkpt lat="45.5932557" lon="10.4429065">
      <ele>261.1294790442936</ele>
      <time>2026-07-05T17:12:12.848+02:00</time>
      <extensions>
        <activity type="IN_VEHICLE" conf="77" state="moving" tsMs="1783264331899"/>
        <radio op="vodafone IT" rat="LTE" q="67.50" rsrp="-98" sinr="20" rsrq="-11"/>
        <radio op="I TIM" rat="LTE" q="90.00" rsrp="-89" sinr="22" rsrq="-10"/>
      </extensions>
    </trkpt>
    <trkpt lat="45.5925051" lon="10.4430709">
      <ele>254.40000915527344</ele>
      <time>2026-07-05T17:12:52.355+02:00</time>
      <extensions>
        <activity type="UNKNOWN" conf="40" state="unknown" tsMs="1783264370103"/>
        <radio op="vodafone IT" rat="LTE" q="100.00" rsrp="-79" sinr="21" rsrq="-10"/>
        <radio op="I TIM" rat="LTE" q="100.00" rsrp="-81" sinr="23" rsrq="-8"/>
      </extensions>
    </trkpt>
    <trkpt lat="45.5927657" lon="10.4425543">
      <ele>254.3000030517578</ele>
      <time>2026-07-05T17:13:23.738+02:00</time>
      <extensions>
        <activity type="ON_FOOT" conf="96" state="moving" tsMs="1783264398599"/>
        <radio op="vodafone IT" rat="LTE" q="100.00" rsrp="-84" sinr="24" rsrq="-8"/>
        <radio op="I TIM" rat="LTE" q="88.00" rsrp="-80" sinr="17" rsrq="-8"/>
      </extensions>
    </trkpt>
    <trkpt lat="45.5928719" lon="10.4425879">
      <ele>250.69938863820653</ele>
      <time>2026-07-05T17:13:55.089+02:00</time>
      <extensions>
        <activity type="UNKNOWN" conf="40" state="unknown" tsMs="1783264429861"/>
        <radio op="vodafone IT" rat="LTE" q="63.00" rsrp="-90" sinr="13" rsrq="-11"/>
        <radio op="I TIM" rat="LTE" q="60.00" rsrp="-85" sinr="10" rsrq="-11"/>
      </extensions>
    </trkpt>
    <trkpt lat="45.593211" lon="10.4435081">
      <ele>254.3000030517578</ele>
      <time>2026-07-05T17:14:26.374+02:00</time>
      <extensions>
        <activity type="UNKNOWN" conf="40" state="unknown" tsMs="1783264461137"/>
        <radio op="vodafone IT" rat="LTE" q="100.00" rsrp="-83" sinr="20" rsrq="-7"/>
        <radio op="I TIM" rat="LTE" q="100.00" rsrp="-84" sinr="20" rsrq="-9"/>
      </extensions>
    </trkpt>
    <trkpt lat="45.5960416" lon="10.4449914">
      <ele>256.20001220703125</ele>
      <time>2026-07-05T17:15:07.448+02:00</time>
      <extensions>
        <activity type="IN_VEHICLE" conf="92" state="moving" tsMs="1783264503301"/>
        <radio op="vodafone IT" rat="LTE" rsrp="-116" rsrq="-12"/>
        <radio op="I TIM" rat="LTE" rsrp="-106" rsrq="-11"/>
      </extensions>
    </trkpt>
    <trkpt lat="45.5966442" lon="10.4459947">
      <ele>256.20001220703125</ele>
      <time>2026-07-05T17:15:13.998+02:00</time>
      <extensions>
        <activity type="UNKNOWN" conf="40" state="unknown" tsMs="1783264525297"/>
        <radio op="vodafone IT" rat="LTE" q="62.40" rsrp="-99" sinr="19" rsrq="-9"/>
        <radio op="I TIM" rat="LTE" q="49.30" rsrp="-96" sinr="12" rsrq="-9"/>
      </extensions>
    </trkpt>
    <trkpt lat="45.6008546" lon="10.4527735">
      <ele>256.20001220703125</ele>
      <time>2026-07-05T17:16:03.941+02:00</time>
      <extensions>
        <activity type="UNKNOWN" conf="40" state="unknown" tsMs="1783264558284"/>
        <radio op="vodafone IT" rat="LTE" q="28.90" rsrp="-108" sinr="12" rsrq="-10"/>
        <radio op="I TIM" rat="LTE" rsrp="-105" rsrq="-12"/>
      </extensions>
    </trkpt>
    <trkpt lat="45.602614" lon="10.4542693">
      <ele>258.1919776220527</ele>
      <time>2026-07-05T17:16:37.293+02:00</time>
      <extensions>
        <activity type="UNKNOWN" conf="40" state="unknown" tsMs="1783264567806"/>
        <radio op="vodafone IT" rat="LTE" rsrp="-121" rsrq="-13"/>
        <radio op="I TIM" rat="LTE" rsrp="-115" rsrq="-15"/>
      </extensions>
    </trkpt>
    <trkpt lat="45.602933" lon="10.4534849">
      <ele>257.5595464729406</ele>
      <time>2026-07-05T17:17:12.892+02:00</time>
      <extensions>
        <activity type="UNKNOWN" conf="40" state="unknown" tsMs="1783264632299"/>
        <radio op="vodafone IT" rat="LTE" q="13.20" rsrp="-113" sinr="6" rsrq="-11"/>
        <radio op="I TIM" rat="LTE" q="32.40" rsrp="-107" sinr="13" rsrq="-12"/>
      </extensions>
    </trkpt>
    <trkpt lat="45.6030228" lon="10.453578">
      <ele>257.5595464729406</ele>
      <time>2026-07-05T17:17:19.327+02:00</time>
      <extensions>
        <activity type="UNKNOWN" conf="40" state="unknown" tsMs="1783264632299"/>
        <radio op="vodafone IT" rat="LTE" q="24.00" rsrp="-110" sinr="11" rsrq="-7"/>
        <radio op="I TIM" rat="LTE" q="36.10" rsrp="-106" sinr="14" rsrq="-9"/>
      </extensions>
    </trkpt>
    <trkpt lat="45.6025396" lon="10.4536587">
      <ele>261.6000061035156</ele>
      <time>2026-07-05T17:18:09.197+02:00</time>
      <extensions>
        <activity type="UNKNOWN" conf="40" state="unknown" tsMs="1783264685093"/>
        <radio op="vodafone IT" rat="LTE" q="16.20" rsrp="-107" sinr="4" rsrq="-12"/>
        <radio op="I TIM" rat="LTE" q="13.00" rsrp="-115" sinr="8" rsrq="-14"/>
      </extensions>
    </trkpt>
    <trkpt lat="45.6025183" lon="10.4535978">
      <ele>261.6000061035156</ele>
      <time>2026-07-05T17:18:40.423+02:00</time>
      <extensions>
        <activity type="ON_FOOT" conf="81" state="moving" tsMs="1783264715909"/>
        <radio op="vodafone IT" rat="LTE" q="18.90" rsrp="-104" sinr="4" rsrq="-12"/>
        <radio op="I TIM" rat="LTE" q="9.60" rsrp="-113" sinr="3" rsrq="-11"/>
      </extensions>
    </trkpt>
    <trkpt lat="45.6025347" lon="10.4536644">
      <ele>261.6000061035156</ele>
      <time>2026-07-05T17:19:11.66+02:00</time>
      <extensions>
        <activity type="UNKNOWN" conf="40" state="unknown" tsMs="1783264748546"/>
        <radio op="vodafone IT" rat="LTE" q="8.00" rsrp="-117" sinr="5" rsrq="-12"/>
        <radio op="I TIM" rat="LTE" q="8.80" rsrp="-117" sinr="6" rsrq="-15"/>
      </extensions>
    </trkpt>
    <trkpt lat="45.6025388" lon="10.4536703">
      <ele>261.6000061035156</ele>
      <time>2026-07-05T17:19:42.941+02:00</time>
      <extensions>
        <activity type="UNKNOWN" conf="40" state="unknown" tsMs="1783264779829"/>
        <radio op="vodafone IT" rat="LTE" q="7.20" rsrp="-116" sinr="3" rsrq="-12"/>
        <radio op="I TIM" rat="LTE" rsrp="-115" rsrq="-16"/>
      </extensions>
    </trkpt>
    <trkpt lat="45.6025599" lon="10.4539837">
      <ele>261.6000061035156</ele>
      <time>2026-07-05T17:20:14.296+02:00</time>
      <extensions>
        <activity type="UNKNOWN" conf="40" state="unknown" tsMs="1783264811069"/>
        <radio op="vodafone IT" rat="LTE" q="11.00" rsrp="-114" sinr="5" rsrq="-13"/>
        <radio op="I TIM" rat="LTE" q="39.90" rsrp="-104" sinr="14" rsrq="-14"/>
      </extensions>
    </trkpt>
    <trkpt lat="45.6025393" lon="10.4536506">
      <ele>261.6000061035156</ele>
      <time>2026-07-05T17:20:45.847+02:00</time>
      <extensions>
        <activity type="ON_FOOT" conf="81" state="moving" tsMs="1783264842758"/>
        <radio op="vodafone IT" rat="LTE" rsrp="-122" rsrq="-16"/>
        <radio op="I TIM" rat="LTE" q="18.90" rsrp="-104" sinr="4" rsrq="-15"/>
      </extensions>
    </trkpt>
    <trkpt lat="45.6027168" lon="10.4536257">
      <ele>262.5</ele>
      <time>2026-07-05T17:21:17.485+02:00</time>
      <extensions>
        <activity type="ON_FOOT" conf="85" state="moving" tsMs="1783264874274"/>
        <radio op="vodafone IT" rat="LTE" q="18.90" rsrp="-104" sinr="4" rsrq="-12"/>
        <radio op="I TIM" rat="LTE" q="22.80" rsrp="-106" sinr="7" rsrq="-13"/>
      </extensions>
    </trkpt>
    <trkpt lat="45.6025379" lon="10.4536661">
      <ele>261.6000061035156</ele>
      <time>2026-07-05T17:21:49.044+02:00</time>
      <extensions>
        <activity type="ON_FOOT" conf="82" state="moving" tsMs="1783264905963"/>
        <radio op="vodafone IT" rat="LTE" rsrp="-115" rsrq="-13"/>
        <radio op="I TIM" rat="LTE" rsrp="-108" rsrq="-13"/>
      </extensions>
    </trkpt>
    <trkpt lat="45.6025372" lon="10.4536544">
      <ele>261.6000061035156</ele>
      <time>2026-07-05T17:22:26.77+02:00</time>
      <extensions>
        <activity type="UNKNOWN" conf="40" state="unknown" tsMs="1783264946234"/>
        <radio op="vodafone IT" rat="LTE" q="0.00" rsrp="-125" sinr="1" rsrq="-14"/>
        <radio op="I TIM" rat="LTE" rsrp="-124" rsrq="-14"/>
      </extensions>
    </trkpt>
    <trkpt lat="45.6025383" lon="10.4536549">
      <ele>261.6000061035156</ele>
      <time>2026-07-05T17:22:35.782+02:00</time>
      <extensions>
        <activity type="UNKNOWN" conf="40" state="unknown" tsMs="1783264946234"/>
        <radio op="vodafone IT" rat="LTE" q="6.40" rsrp="-117" sinr="3" rsrq="-14"/>
        <radio op="I TIM" rat="LTE" q="7.20" rsrp="-119" sinr="7" rsrq="-14"/>
      </extensions>
    </trkpt>
    <trkpt lat="45.6025394" lon="10.4536577">
      <ele>261.6000061035156</ele>
      <time>2026-07-05T17:23:18.91+02:00</time>
      <extensions>
        <activity type="UNKNOWN" conf="40" state="unknown" tsMs="1783264999379"/>
        <radio op="vodafone IT" rat="LTE" rsrp="-128" rsrq="-12"/>
        <radio op="I TIM" rat="LTE" rsrp="-121" rsrq="-15"/>
      </extensions>
    </trkpt>
    <trkpt lat="45.602529" lon="10.4536582">
      <ele>261.6000061035156</ele>
      <time>2026-07-05T17:23:56.85+02:00</time>
      <extensions>
        <activity type="UNKNOWN" conf="40" state="unknown" tsMs="1783265034005"/>
        <radio op="vodafone IT" rat="LTE" q="16.00" rsrp="-109" sinr="5" rsrq="-12"/>
        <radio op="I TIM" rat="LTE" rsrp="-124" rsrq="-16"/>
      </extensions>
    </trkpt>
    <trkpt lat="45.6025402" lon="10.4536655">
      <ele>261.6000061035156</ele>
      <time>2026-07-05T17:24:28.183+02:00</time>
      <extensions>
        <activity type="UNKNOWN" conf="40" state="unknown" tsMs="1783265062985"/>
        <radio op="vodafone IT" rat="LTE" q="19.80" rsrp="-107" sinr="6" rsrq="-11"/>
        <radio op="I TIM" rat="LTE" q="8.00" rsrp="-109" sinr="0" rsrq="-15"/>
      </extensions>
    </trkpt>
    <trkpt lat="45.6025452" lon="10.4536676">
      <ele>261.6000061035156</ele>
      <time>2026-07-05T17:24:59.814+02:00</time>
      <extensions>
        <activity type="UNKNOWN" conf="40" state="unknown" tsMs="1783265099671"/>
        <radio op="vodafone IT" rat="LTE" q="7.80" rsrp="-112" sinr="1" rsrq="-10"/>
        <radio op="I TIM" rat="LTE" q="9.80" rsrp="-111" sinr="2" rsrq="-14"/>
      </extensions>
    </trkpt>
  </trkseg></trk>
</gpx>
