<?xml version="1.0" encoding="UTF-8"?>
<gpx version="1.1" creator="CellGPX" xmlns="http://www.topografix.com/GPX/1/1">
  <trk><name>CellGPX</name><trkseg>
    <trkpt lat="45.6026028" lon="10.4537477">
      <ele>261.5</ele>
      <time>2026-08-29T10:02:29.642+02:00</time>
      <extensions>
        <activity type="ON_FOOT" conf="85" state="moving" tsMs="1787990530991"/>
        <radio op="vodafone IT" rat="LTE" rsrp="-116" rsrq="-14"/>
        <radio op="I TIM" rat="LTE" q="14.40" rsrp="-117" sinr="13" rsrq="-10"/>
      </extensions>
    </trkpt>
    <trkpt lat="45.6025852" lon="10.4537006">
      <ele>261.5</ele>
      <time>2026-08-29T10:02:40.283+02:00</time>
      <extensions>
        <activity type="UNKNOWN" conf="40" state="unknown" tsMs="1787990560091"/>
        <radio op="vodafone IT" rat="LTE" rsrp="-118" rsrq="-13"/>
        <radio op="I TIM" rat="LTE" q="3.50" rsrp="-118" sinr="0" rsrq="-11"/>
      </extensions>
    </trkpt>
    <trkpt lat="45.6026017" lon="10.4536744">
      <ele>261.5</ele>
      <time>2026-08-29T10:02:49.598+02:00</time>
      <extensions>
        <activity type="UNKNOWN" conf="40" state="unknown" tsMs="1787990560091"/>
        <radio op="vodafone IT" rat="LTE" rsrp="-111" rsrq="-9"/>
        <radio op="I TIM" rat="LTE" q="5.40" rsrp="-119" sinr="4" rsrq="-13"/>
      </extensions>
    </trkpt>
    <trkpt lat="45.6026067" lon="10.453655">
      <ele>261.5</ele>
      <time>2026-08-29T10:02:58.547+02:00</time>
      <extensions>
        <activity type="UNKNOWN" conf="40" state="unknown" tsMs="1787990565229"/>
        <radio op="vodafone IT" rat="LTE" q="18.00" rsrp="-110" sinr="7" rsrq="-10"/>
        <radio op="I TIM" rat="LTE" q="8.80" rsrp="-117" sinr="6" rsrq="-10"/>
      </extensions>
    </trkpt>
    <trkpt lat="45.6026084" lon="10.4536752">
      <ele>261.5</ele>
      <time>2026-08-29T10:03:05.722+02:00</time>
      <extensions>
        <activity type="STILL" conf="100" state="still" tsMs="1787990588948"/>
        <radio op="vodafone IT" rat="LTE" q="19.20" rsrp="-109" sinr="7" rsrq="-10"/>
        <radio op="I TIM" rat="LTE" q="14.40" rsrp="-116" sinr="11" rsrq="-9"/>
      </extensions>
    </trkpt>
    <trkpt lat="45.6026076" lon="10.4536858">
      <ele>261.4000244140625</ele>
      <time>2026-08-29T10:03:20.181+02:00</time>
      <extensions>
        <activity type="STILL" conf="100" state="still" tsMs="1787990588948"/>
        <radio op="vodafone IT" rat="LTE" rsrp="-117" rsrq="-14"/>
        <radio op="I TIM" rat="LTE" q="9.80" rsrp="-118" sinr="9" rsrq="-11"/>
      </extensions>
    </trkpt>
    <trkpt lat="45.6025644" lon="10.4537037">
      <ele>261.5</ele>
      <time>2026-08-29T10:03:30.818+02:00</time>
      <extensions>
        <activity type="UNKNOWN" conf="40" state="unknown" tsMs="1787990594003"/>
        <radio op="vodafone IT" rat="LTE" rsrp="-117" rsrq="-12"/>
        <radio op="I TIM" rat="LTE" q="0.00" rsrp="-126" sinr="1" rsrq="-13"/>
      </extensions>
    </trkpt>
    <trkpt lat="45.6025438" lon="10.4537398">
      <ele>261.5</ele>
      <time>2026-08-29T10:03:36.136+02:00</time>
      <extensions>
        <activity type="UNKNOWN" conf="40" state="unknown" tsMs="1787990617766"/>
        <radio op="vodafone IT" rat="LTE" q="15.60" rsrp="-112" sinr="7" rsrq="-10"/>
        <radio op="I TIM" rat="LTE" q="11.20" rsrp="-111" sinr="3" rsrq="-13"/>
      </extensions>
    </trkpt>
    <trkpt lat="45.6026118" lon="10.4537446">
      <ele>261.5</ele>
      <time>2026-08-29T10:04:12.008+02:00</time>
      <extensions>
        <activity type="STILL" conf="39" state="still" tsMs="1787990651377"/>
        <radio op="vodafone IT" rat="LTE" q="15.40" rsrp="-111" sinr="6" rsrq="-11"/>
        <radio op="I TIM" rat="LTE" q="13.50" rsrp="-110" sinr="4" rsrq="-13"/>
      </extensions>
    </trkpt>
    <trkpt lat="45.602605" lon="10.453734">
      <ele>261.5</ele>
      <time>2026-08-29T10:04:43.551+02:00</time>
      <extensions>
        <activity type="STILL" conf="96" state="still" tsMs="1787990680008"/>
        <radio op="vodafone IT" rat="LTE" q="16.80" rsrp="-111" sinr="7" rsrq="-10"/>
        <radio op="I TIM" rat="LTE" q="12.60" rsrp="-111" sinr="4" rsrq="-14"/>
      </extensions>
    </trkpt>
    <trkpt lat="45.6026055" lon="10.4537347">
      <ele>261.5</ele>
      <time>2026-08-29T10:05:14.934+02:00</time>
      <extensions>
        <activity type="STILL" conf="97" state="still" tsMs="1787990711478"/>
        <radio op="vodafone IT" rat="LTE" q="19.50" rsrp="-110" sinr="8" rsrq="-10"/>
        <radio op="I TIM" rat="LTE" q="12.00" rsrp="-110" sinr="3" rsrq="-13"/>
      </extensions>
    </trkpt>
    <trkpt lat="45.602599" lon="10.4537311">
      <ele>261.5</ele>
      <time>2026-08-29T10:05:46.468+02:00</time>
      <extensions>
        <activity type="STILL" conf="93" state="still" tsMs="1787990742995"/>
        <radio op="vodafone IT" rat="LTE" q="19.60" rsrp="-111" sinr="9" rsrq="-11"/>
        <radio op="I TIM" rat="LTE" q="12.00" rsrp="-110" sinr="3" rsrq="-13"/>
      </extensions>
    </trkpt>
    <trkpt lat="45.6025973" lon="10.4537269">
      <ele>261.5</ele>
      <time>2026-08-29T10:06:17.957+02:00</time>
      <extensions>
        <activity type="STILL" conf="97" state="still" tsMs="1787990774438"/>
        <radio op="vodafone IT" rat="LTE" q="34.00" rsrp="-105" sinr="12" rsrq="-7"/>
        <radio op="I TIM" rat="LTE" q="17.00" rsrp="-108" sinr="5" rsrq="-13"/>
      </extensions>
    </trkpt>
    <trkpt lat="45.6025972" lon="10.4537319">
      <ele>261.5</ele>
      <time>2026-08-29T10:06:49.617+02:00</time>
      <extensions>
        <activity type="STILL" conf="99" state="still" tsMs="1787990806036"/>
        <radio op="vodafone IT" rat="LTE" q="22.40" rsrp="-111" sinr="11" rsrq="-6"/>
        <radio op="I TIM" rat="LTE" q="13.30" rsrp="-106" sinr="2" rsrq="-13"/>
      </extensions>
    </trkpt>
    <trkpt lat="45.6029317" lon="10.4534447">
      <ele>261.20001220703125</ele>
      <time>2026-08-29T10:11:56.905+02:00</time>
      <extensions>
        <activity type="ON_FOOT" conf="96" state="moving" tsMs="1787991129029"/>
        <radio op="vodafone IT" rat="LTE" q="34.50" rsrp="-102" sinr="10" rsrq="-9"/>
        <radio op="I TIM" rat="LTE" q="64.40" rsrp="-97" sinr="18" rsrq="-11"/>
      </extensions>
    </trkpt>
    <trkpt lat="45.6030083" lon="10.4538914">
      <ele>261.20001220703125</ele>
      <time>2026-08-29T10:12:31.81+02:00</time>
      <extensions>
        <activity type="ON_FOOT" conf="97" state="moving" tsMs="1787991151055"/>
        <radio op="vodafone IT" rat="LTE" q="11.70" rsrp="-112" sinr="4" rsrq="-9"/>
        <radio op="I TIM" rat="LTE" q="22.80" rsrp="-106" sinr="7" rsrq="-12"/>
      </extensions>
    </trkpt>
    <trkpt lat="45.6029234" lon="10.4541104">
      <ele>261.20001220703125</ele>
      <time>2026-08-29T10:13:12.966+02:00</time>
      <extensions>
        <activity type="ON_FOOT" conf="84" state="moving" tsMs="1787991186439"/>
        <radio op="vodafone IT" rat="LTE" q="7.50" rsrp="-110" sinr="0" rsrq="-12"/>
        <radio op="I TIM" rat="LTE" rsrp="-122" rsrq="-14"/>
      </extensions>
    </trkpt>
    <trkpt lat="45.6030501" lon="10.4537191">
      <ele>261.3000183105469</ele>
      <time>2026-08-29T10:13:49.538+02:00</time>
      <extensions>
        <activity type="UNKNOWN" conf="40" state="unknown" tsMs="1787991226293"/>
        <radio op="vodafone IT" rat="LTE" q="39.00" rsrp="-99" sinr="10" rsrq="-8"/>
        <radio op="I TIM" rat="LTE" q="30.60" rsrp="-108" sinr="13" rsrq="-10"/>
      </extensions>
    </trkpt>
    <trkpt lat="45.6011682" lon="10.4538004">
      <ele>259.63805635883824</ele>
      <time>2026-08-29T10:14:47.718+02:00</time>
      <extensions>
        <activity type="UNKNOWN" conf="40" state="unknown" tsMs="1787991287038"/>
        <radio op="vodafone IT" rat="LTE" q="15.60" rsrp="-112" sinr="7" rsrq="-9"/>
        <radio op="I TIM" rat="LTE" q="12.00" rsrp="-110" sinr="3" rsrq="-12"/>
      </extensions>
    </trkpt>
    <trkpt lat="45.602737" lon="10.4564026">
      <ele>261.4000244140625</ele>
      <time>2026-08-29T10:16:00.764+02:00</time>
      <extensions>
        <activity type="UNKNOWN" conf="40" state="unknown" tsMs="1787991348435"/>
        <radio op="vodafone IT" rat="LTE" q="45.60" rsrp="-106" sinr="19" rsrq="-8"/>
        <radio op="I TIM" rat="LTE" q="30.00" rsrp="-105" sinr="10" rsrq="-13"/>
      </extensions>
    </trkpt>
    <trkpt lat="45.6027234" lon="10.4565415">
      <ele>261.4000244140625</ele>
      <time>2026-08-29T10:16:05.144+02:00</time>
      <extensions>
        <activity type="UNKNOWN" conf="40" state="unknown" tsMs="1787991348435"/>
        <radio op="vodafone IT" rat="LTE" q="65.00" rsrp="-99" sinr="21" rsrq="-8"/>
        <radio op="I TIM" rat="LTE" q="69.60" rsrp="-96" sinr="19" rsrq="-11"/>
      </extensions>
    </trkpt>
    <trkpt lat="45.6032115" lon="10.4578681">
      <ele>263.5</ele>
      <time>2026-08-29T10:16:36.508+02:00</time>
      <extensions>
        <activity type="UNKNOWN" conf="40" state="unknown" tsMs="1787991392431"/>
        <radio op="vodafone IT" rat="LTE" q="72.50" rsrp="-96" sinr="28" rsrq="-6"/>
        <radio op="I TIM" rat="LTE" q="100.00" rsrp="-85" sinr="24" rsrq="-12"/>
      </extensions>
    </trkpt>
    <trkpt lat="45.6042908" lon="10.4584667">
      <ele>260.654624441077</ele>
      <time>2026-08-29T10:18:11.479+02:00</time>
      <extensions>
        <activity type="UNKNOWN" conf="40" state="unknown" tsMs="1787991485410"/>
        <radio op="vodafone IT" rat="LTE" q="1.80" rsrp="-123" sinr="4" rsrq="-13"/>
        <radio op="I TIM" rat="LTE" q="1.00" rsrp="-124" sinr="5" rsrq="-13"/>
      </extensions>
    </trkpt>
    <trkpt lat="45.6042982" lon="10.4584685">
      <ele>260.6822012535063</ele>
      <time>2026-08-29T10:18:50.11+02:00</time>
      <extensions>
        <activity type="UNKNOWN" conf="40" state="unknown" tsMs="1787991528436"/>
        <radio op="vodafone IT" rat="LTE" q="6.00" rsrp="-120" sinr="7" rsrq="-9"/>
        <radio op="I TIM" rat="LTE" q="10.20" rsrp="-119" sinr="12" rsrq="-12"/>
      </extensions>
    </trkpt>
    <trkpt lat="45.6043134" lon="10.4585779">
      <ele>260.6270477170772</ele>
      <time>2026-08-29T10:19:22.58+02:00</time>
      <extensions>
        <activity type="UNKNOWN" conf="40" state="unknown" tsMs="1787991560934"/>
        <radio op="vodafone IT" rat="LTE" q="18.70" rsrp="-114" sinr="12" rsrq="-8"/>
        <radio op="I TIM" rat="LTE" q="15.00" rsrp="-115" sinr="10" rsrq="-13"/>
      </extensions>
    </trkpt>
    <trkpt lat="45.6038845" lon="10.459548">
      <ele>264.1000061035156</ele>
      <time>2026-08-29T10:20:17.782+02:00</time>
      <extensions>
        <activity type="ON_FOOT" conf="92" state="moving" tsMs="1787991616675"/>
        <radio op="vodafone IT" rat="LTE" q="52.90" rsrp="-102" sinr="18" rsrq="-8"/>
        <radio op="I TIM" rat="LTE" q="95.00" rsrp="-87" sinr="22" rsrq="-12"/>
      </extensions>
    </trkpt>
    <trkpt lat="45.6037939" lon="10.459217">
      <ele>264.1000061035156</ele>
      <time>2026-08-29T10:20:24.176+02:00</time>
      <extensions>
        <activity type="ON_FOOT" conf="92" state="moving" tsMs="1787991616675"/>
        <radio op="vodafone IT" rat="LTE" q="72.50" rsrp="-96" sinr="23" rsrq="-8"/>
        <radio op="I TIM" rat="LTE" q="72.00" rsrp="-89" sinr="15" rsrq="-12"/>
      </extensions>
    </trkpt>
    <trkpt lat="45.6039442" lon="10.4593706">
      <ele>264.1000061035156</ele>
      <time>2026-08-29T10:21:12.161+02:00</time>
      <extensions>
        <activity type="UNKNOWN" conf="40" state="unknown" tsMs="1787991671455"/>
        <radio op="vodafone IT" rat="LTE" q="55.20" rsrp="-102" sinr="19" rsrq="-5"/>
        <radio op="I TIM" rat="LTE" q="87.50" rsrp="-90" sinr="20" rsrq="-12"/>
      </extensions>
    </trkpt>
    <trkpt lat="45.603964" lon="10.4593857">
      <ele>264.1000061035156</ele>
      <time>2026-08-29T10:22:02.331+02:00</time>
      <extensions>
        <activity type="STILL" conf="97" state="still" tsMs="1787991717043"/>
        <radio op="vodafone IT" rat="LTE" q="57.50" rsrp="-102" sinr="20" rsrq="-6"/>
        <radio op="I TIM" rat="LTE" q="74.10" rsrp="-86" sinr="14" rsrq="-8"/>
      </extensions>
    </trkpt>
    <trkpt lat="45.6039606" lon="10.4593904">
      <ele>264.1000061035156</ele>
      <time>2026-08-29T10:22:48.041+02:00</time>
      <extensions>
        <activity type="STILL" conf="99" state="still" tsMs="1787991761463"/>
        <radio op="vodafone IT" rat="LTE" q="57.50" rsrp="-102" sinr="22" rsrq="-5"/>
        <radio op="I TIM" rat="LTE" q="39.90" rsrp="-106" sinr="16" rsrq="-12"/>
      </extensions>
    </trkpt>
    <trkpt lat="45.6039593" lon="10.4593882">
      <ele>264.1000061035156</ele>
      <time>2026-08-29T10:23:24.664+02:00</time>
      <extensions>
        <activity type="STILL" conf="99" state="still" tsMs="1787991802466"/>
        <radio op="vodafone IT" rat="LTE" q="60.00" rsrp="-101" sinr="21" rsrq="-7"/>
        <radio op="I TIM" rat="LTE" q="32.40" rsrp="-107" sinr="13" rsrq="-11"/>
      </extensions>
    </trkpt>
    <trkpt lat="45.6039558" lon="10.4593806">
      <ele>264.1000061035156</ele>
      <time>2026-08-29T10:24:09.256+02:00</time>
      <extensions>
        <activity type="STILL" conf="99" state="still" tsMs="1787991844050"/>
        <radio op="vodafone IT" rat="LTE" q="52.80" rsrp="-103" sinr="19" rsrq="-8"/>
        <radio op="I TIM" rat="LTE" q="32.30" rsrp="-108" sinr="14" rsrq="-12"/>
      </extensions>
    </trkpt>
    <trkpt lat="45.6039567" lon="10.4594027">
      <ele>264.1000061035156</ele>
      <time>2026-08-29T10:25:19.87+02:00</time>
      <extensions>
        <activity type="ON_FOOT" conf="82" state="moving" tsMs="1787991919044"/>
        <radio op="vodafone IT" rat="LTE" q="70.00" rsrp="-97" sinr="20" rsrq="-6"/>
        <radio op="I TIM" rat="LTE" q="24.70" rsrp="-106" sinr="8" rsrq="-11"/>
      </extensions>
    </trkpt>
    <trkpt lat="45.6039499" lon="10.4593911">
      <ele>264.1000061035156</ele>
      <time>2026-08-29T10:25:37.816+02:00</time>
      <extensions>
        <activity type="STILL" conf="100" state="still" tsMs="1787991923372"/>
        <radio op="vodafone IT" rat="LTE" q="70.00" rsrp="-97" sinr="20" rsrq="-6"/>
        <radio op="I TIM" rat="LTE" q="22.80" rsrp="-106" sinr="7" rsrq="-11"/>
      </extensions>
    </trkpt>
    <trkpt lat="45.6039461" lon="10.4593605">
      <ele>264.1000061035156</ele>
      <time>2026-08-29T10:26:11.461+02:00</time>
      <extensions>
        <activity type="STILL" conf="62" state="still" tsMs="1787991967213"/>
        <radio op="vodafone IT" rat="LTE" q="64.80" rsrp="-98" sinr="19" rsrq="-8"/>
        <radio op="I TIM" rat="LTE" q="34.00" rsrp="-105" sinr="12" rsrq="-12"/>
      </extensions>
    </trkpt>
    <trkpt lat="45.6039532" lon="10.4593837">
      <ele>264.1000061035156</ele>
      <time>2026-08-29T10:26:45.953+02:00</time>
      <extensions>
        <activity type="UNKNOWN" conf="40" state="unknown" tsMs="1787992003739"/>
        <radio op="vodafone IT" rat="LTE" q="70.00" rsrp="-97" sinr="23" rsrq="-6"/>
        <radio op="I TIM" rat="LTE" q="52.50" rsrp="-100" sinr="16" rsrq="-12"/>
      </extensions>
    </trkpt>
    <trkpt lat="45.6039441" lon="10.4593936">
      <ele>264.1000061035156</ele>
      <time>2026-08-29T10:27:24.125+02:00</time>
      <extensions>
        <activity type="ON_FOOT" conf="81" state="moving" tsMs="1787992042568"/>
        <radio op="vodafone IT" rat="LTE" q="82.50" rsrp="-92" sinr="26" rsrq="-10"/>
        <radio op="I TIM" rat="LTE" q="63.80" rsrp="-96" sinr="17" rsrq="-8"/>
      </extensions>
    </trkpt>
    <trkpt lat="45.6039478" lon="10.459389">
      <ele>264.1000061035156</ele>
      <time>2026-08-29T10:27:55.407+02:00</time>
      <extensions>
        <activity type="ON_FOOT" conf="82" state="moving" tsMs="1787992072373"/>
        <radio op="vodafone IT" rat="LTE" q="55.00" rsrp="-100" sinr="17" rsrq="-10"/>
        <radio op="I TIM" rat="LTE" q="52.80" rsrp="-101" sinr="17" rsrq="-10"/>
      </extensions>
    </trkpt>
    <trkpt lat="45.6039526" lon="10.4593397">
      <ele>264.3000183105469</ele>
      <time>2026-08-29T10:28:26.781+02:00</time>
      <extensions>
        <activity type="UNKNOWN" conf="40" state="unknown" tsMs="1787992101211"/>
        <radio op="vodafone IT" rat="LTE" q="85.00" rsrp="-91" sinr="26" rsrq="-6"/>
        <radio op="I TIM" rat="LTE" q="70.00" rsrp="-97" sinr="21" rsrq="-11"/>
      </extensions>
    </trkpt>
    <trkpt lat="45.6040574" lon="10.4593036">
      <ele>264.3000183105469</ele>
      <time>2026-08-29T10:28:58.026+02:00</time>
      <extensions>
        <activity type="STILL" conf="48" state="still" tsMs="1787992134761"/>
        <radio op="vodafone IT" rat="LTE" q="70.00" rsrp="-97" sinr="27" rsrq="-9"/>
        <radio op="I TIM" rat="LTE" q="72.50" rsrp="-96" sinr="21" rsrq="-9"/>
      </extensions>
    </trkpt>
    <trkpt lat="45.6042035" lon="10.4594657">
      <ele>264.3000183105469</ele>
      <time>2026-08-29T10:29:29.349+02:00</time>
      <extensions>
        <activity type="ON_FOOT" conf="94" state="moving" tsMs="1787992165912"/>
        <radio op="vodafone IT" rat="LTE" q="17.00" rsrp="-115" sinr="12" rsrq="-9"/>
        <radio op="I TIM" rat="LTE" q="15.60" rsrp="-113" sinr="8" rsrq="-12"/>
      </extensions>
    </trkpt>
    <trkpt lat="45.6042016" lon="10.4594615">
      <ele>264.3000183105469</ele>
      <time>2026-08-29T10:30:00.687+02:00</time>
      <extensions>
        <activity type="STILL" conf="44" state="still" tsMs="1787992197301"/>
        <radio op="vodafone IT" rat="LTE" q="25.20" rsrp="-111" sinr="13" rsrq="-8"/>
        <radio op="I TIM" rat="LTE" q="20.40" rsrp="-113" sinr="12" rsrq="-10"/>
      </extensions>
    </trkpt>
    <trkpt lat="45.60421" lon="10.45946">
      <ele>264.3000183105469</ele>
      <time>2026-08-29T10:30:32.035+02:00</time>
      <extensions>
        <activity type="UNKNOWN" conf="40" state="unknown" tsMs="1787992228521"/>
        <radio op="vodafone IT" rat="LTE" q="21.60" rsrp="-113" sinr="13" rsrq="-9"/>
        <radio op="I TIM" rat="LTE" q="19.20" rsrp="-113" sinr="11" rsrq="-13"/>
      </extensions>
    </trkpt>
    <trkpt lat="45.6042243" lon="10.459477">
      <ele>264.3000183105469</ele>
      <time>2026-08-29T10:31:03.316+02:00</time>
      <extensions>
        <activity type="STILL" conf="77" state="still" tsMs="1787992259957"/>
        <radio op="vodafone IT" rat="LTE" q="22.10" rsrp="-112" sinr="12" rsrq="-6"/>
        <radio op="I TIM" rat="LTE" q="65.00" rsrp="-99" sinr="22" rsrq="-9"/>
      </extensions>
    </trkpt>
    <trkpt lat="45.6042207" lon="10.4594747">
      <ele>264.3000183105469</ele>
      <time>2026-08-29T10:31:34.565+02:00</time>
      <extensions>
        <activity type="STILL" conf="96" state="still" tsMs="1787992291187"/>
        <radio op="vodafone IT" rat="LTE" q="22.80" rsrp="-113" sinr="14" rsrq="-7"/>
        <radio op="I TIM" rat="LTE" q="60.00" rsrp="-101" sinr="23" rsrq="-11"/>
      </extensions>
    </trkpt>
    <trkpt lat="45.6042128" lon="10.459484">
      <ele>264.3000183105469</ele>
      <time>2026-08-29T10:31:46.725+02:00</time>
      <extensions>
        <activity type="UNKNOWN" conf="40" state="unknown" tsMs="1787992309906"/>
        <radio op="vodafone IT" rat="LTE" q="15.40" rsrp="-111" sinr="6" rsrq="-10"/>
        <radio op="I TIM" rat="LTE" q="54.60" rsrp="-99" sinr="16" rsrq="-10"/>
      </extensions>
    </trkpt>
    <trkpt lat="45.6042253" lon="10.4594708">
      <ele>264.3000183105469</ele>
      <time>2026-08-29T10:32:25.91+02:00</time>
      <extensions>
        <activity type="UNKNOWN" conf="40" state="unknown" tsMs="1787992341220"/>
        <radio op="vodafone IT" rat="LTE" q="22.80" rsrp="-113" sinr="14" rsrq="-6"/>
        <radio op="I TIM" rat="LTE" q="60.00" rsrp="-101" sinr="20" rsrq="-10"/>
      </extensions>
    </trkpt>
    <trkpt lat="45.6041043" lon="10.4593554">
      <ele>264.3000183105469</ele>
      <time>2026-08-29T10:35:57.882+02:00</time>
      <extensions>
        <activity type="ON_FOOT" conf="85" state="moving" tsMs="1787992556539"/>
        <radio op="vodafone IT" rat="LTE" q="63.80" rsrp="-96" sinr="17" rsrq="-8"/>
        <radio op="I TIM" rat="LTE" q="52.20" rsrp="-96" sinr="13" rsrq="-12"/>
      </extensions>
    </trkpt>
    <trkpt lat="45.6041206" lon="10.4593504">
      <ele>264.3000183105469</ele>
      <time>2026-08-29T10:36:27.148+02:00</time>
      <extensions>
        <activity type="STILL" conf="32" state="still" tsMs="1787992583659"/>
        <radio op="vodafone IT" rat="LTE" q="72.50" rsrp="-96" sinr="25" rsrq="-9"/>
        <radio op="I TIM" rat="LTE" q="37.70" rsrp="-96" sinr="8" rsrq="-12"/>
      </extensions>
    </trkpt>
    <trkpt lat="45.6044144" lon="10.4597712">
      <ele>264.20001220703125</ele>
      <time>2026-08-29T10:36:55.348+02:00</time>
      <extensions>
        <activity type="STILL" conf="64" state="still" tsMs="1787992616931"/>
        <radio op="vodafone IT" rat="LTE" q="65.00" rsrp="-99" sinr="21" rsrq="-6"/>
        <radio op="I TIM" rat="LTE" q="67.50" rsrp="-98" sinr="22" rsrq="-9"/>
      </extensions>
    </trkpt>
    <trkpt lat="45.6041691" lon="10.4593231">
      <ele>264.3000183105469</ele>
      <time>2026-08-29T10:37:30.878+02:00</time>
      <extensions>
        <activity type="STILL" conf="98" state="still" tsMs="1787992647276"/>
        <radio op="vodafone IT" rat="LTE" q="77.50" rsrp="-94" sinr="20" rsrq="-5"/>
        <radio op="I TIM" rat="LTE" q="60.90" rsrp="-96" sinr="16" rsrq="-12"/>
      </extensions>
    </trkpt>
    <trkpt lat="45.6041335" lon="10.4593512">
      <ele>264.3000183105469</ele>
      <time>2026-08-29T10:38:02.252+02:00</time>
      <extensions>
        <activity type="STILL" conf="99" state="still" tsMs="1787992678650"/>
        <radio op="vodafone IT" rat="LTE" q="80.00" rsrp="-93" sinr="20" rsrq="-9"/>
        <radio op="I TIM" rat="LTE" q="66.70" rsrp="-96" sinr="18" rsrq="-13"/>
      </extensions>
    </trkpt>
    <trkpt lat="45.604126" lon="10.4593524">
      <ele>264.3000183105469</ele>
      <time>2026-08-29T10:38:33.709+02:00</time>
      <extensions>
        <activity type="STILL" conf="97" state="still" tsMs="1787992709957"/>
        <radio op="vodafone IT" rat="LTE" q="85.00" rsrp="-91" sinr="20" rsrq="-9"/>
        <radio op="I TIM" rat="LTE" q="72.50" rsrp="-96" sinr="20" rsrq="-10"/>
      </extensions>
    </trkpt>
    <trkpt lat="45.6041276" lon="10.4593433">
      <ele>264.3000183105469</ele>
      <time>2026-08-29T10:39:05.125+02:00</time>
      <extensions>
        <activity type="STILL" conf="99" state="still" tsMs="1787992741433"/>
        <radio op="vodafone IT" rat="LTE" q="67.50" rsrp="-98" sinr="21" rsrq="-9"/>
        <radio op="I TIM" rat="LTE" q="62.10" rsrp="-98" sinr="18" rsrq="-12"/>
      </extensions>
    </trkpt>
    <trkpt lat="45.6041256" lon="10.4593387">
      <ele>264.3000183105469</ele>
      <time>2026-08-29T10:39:37.018+02:00</time>
      <extensions>
        <activity type="STILL" conf="96" state="still" tsMs="1787992772842"/>
        <radio op="vodafone IT" rat="LTE" q="64.80" rsrp="-98" sinr="19" rsrq="-10"/>
        <radio op="I TIM" rat="LTE" q="65.00" rsrp="-99" sinr="20" rsrq="-12"/>
      </extensions>
    </trkpt>
    <trkpt lat="45.6041206" lon="10.4593477">
      <ele>264.3000183105469</ele>
      <time>2026-08-29T10:40:08.244+02:00</time>
      <extensions>
        <activity type="STILL" conf="99" state="still" tsMs="1787992804707"/>
        <radio op="vodafone IT" rat="LTE" q="75.00" rsrp="-95" sinr="20" rsrq="-6"/>
        <radio op="I TIM" rat="LTE" q="62.10" rsrp="-98" sinr="18" rsrq="-13"/>
      </extensions>
    </trkpt>
    <trkpt lat="45.604123" lon="10.4593498">
      <ele>264.3000183105469</ele>
      <time>2026-08-29T10:40:39.489+02:00</time>
      <extensions>
        <activity type="STILL" conf="99" state="still" tsMs="1787992835808"/>
        <radio op="vodafone IT" rat="LTE" q="75.00" rsrp="-95" sinr="21" rsrq="-12"/>
        <radio op="I TIM" rat="LTE" q="67.50" rsrp="-98" sinr="20" rsrq="-13"/>
      </extensions>
    </trkpt>
    <trkpt lat="45.6043515" lon="10.4590215">
      <ele>264.3000183105469</ele>
      <time>2026-08-29T10:51:07.437+02:00</time>
      <extensions>
        <activity type="ON_FOOT" conf="96" state="moving" tsMs="1787993448889"/>
        <radio op="vodafone IT" rat="LTE" q="80.00" rsrp="-93" sinr="23" rsrq="-11"/>
        <radio op="I TIM" rat="LTE" q="77.50" rsrp="-94" sinr="22" rsrq="-12"/>
      </extensions>
    </trkpt>
    <trkpt lat="45.6043703" lon="10.4590537">
      <ele>262.2086437542648</ele>
      <time>2026-08-29T10:51:36.88+02:00</time>
      <extensions>
        <activity type="ON_FOOT" conf="87" state="moving" tsMs="1787993498531"/>
        <radio op="vodafone IT" rat="LTE" q="87.50" rsrp="-90" sinr="26" rsrq="-10"/>
        <radio op="I TIM" rat="LTE" q="90.00" rsrp="-89" sinr="23" rsrq="-12"/>
      </extensions>
    </trkpt>
    <trkpt lat="45.6039838" lon="10.4593834">
      <ele>260.577480679498</ele>
      <time>2026-08-29T10:52:10.064+02:00</time>
      <extensions>
        <activity type="ON_FOOT" conf="91" state="moving" tsMs="1787993524714"/>
        <radio op="vodafone IT" rat="LTE" q="100.00" rsrp="-81" sinr="24" rsrq="-7"/>
        <radio op="I TIM" rat="LTE" q="100.00" rsrp="-84" sinr="24" rsrq="-9"/>
      </extensions>
    </trkpt>
    <trkpt lat="45.6044613" lon="10.4587972">
      <ele>260.7704890400596</ele>
      <time>2026-08-29T10:52:46.457+02:00</time>
      <extensions>
        <activity type="ON_FOOT" conf="97" state="moving" tsMs="1787993571773"/>
        <radio op="vodafone IT" rat="LTE" q="42.00" rsrp="-104" sinr="15" rsrq="-6"/>
        <radio op="I TIM" rat="LTE" q="44.00" rsrp="-105" sinr="17" rsrq="-12"/>
      </extensions>
    </trkpt>
    <trkpt lat="45.6042957" lon="10.45843">
      <ele>260.53718277720793</ele>
      <time>2026-08-29T10:52:57.674+02:00</time>
      <extensions>
        <activity type="ON_FOOT" conf="97" state="moving" tsMs="1787993571773"/>
        <radio op="vodafone IT" rat="LTE" q="52.50" rsrp="-100" sinr="16" rsrq="-10"/>
        <radio op="I TIM" rat="LTE" q="62.50" rsrp="-100" sinr="21" rsrq="-12"/>
      </extensions>
    </trkpt>
    <trkpt lat="45.6042763" lon="10.4584645">
      <ele>260.4502247893176</ele>
      <time>2026-08-29T10:53:34.739+02:00</time>
      <extensions>
        <activity type="ON_FOOT" conf="84" state="moving" tsMs="1787993611064"/>
        <radio op="vodafone IT" rat="LTE" q="12.80" rsrp="-117" sinr="11" rsrq="-7"/>
        <radio op="I TIM" rat="LTE" q="13.50" rsrp="-116" sinr="10" rsrq="-12"/>
      </extensions>
    </trkpt>
    <trkpt lat="45.6043124" lon="10.4584664">
      <ele>260.66231898576007</ele>
      <time>2026-08-29T10:54:06.13+02:00</time>
      <extensions>
        <activity type="STILL" conf="68" state="still" tsMs="1787993642511"/>
        <radio op="vodafone IT" rat="LTE" q="9.90" rsrp="-116" sinr="6" rsrq="-8"/>
        <radio op="I TIM" rat="LTE" q="20.40" rsrp="-113" sinr="12" rsrq="-12"/>
      </extensions>
    </trkpt>
    <trkpt lat="45.6043052" lon="10.4584749">
      <ele>260.57753852886884</ele>
      <time>2026-08-29T10:54:37.428+02:00</time>
      <extensions>
        <activity type="UNKNOWN" conf="40" state="unknown" tsMs="1787993673685"/>
        <radio op="vodafone IT" rat="LTE" q="10.00" rsrp="-115" sinr="5" rsrq="-8"/>
        <radio op="I TIM" rat="LTE" q="16.00" rsrp="-115" sinr="11" rsrq="-12"/>
      </extensions>
    </trkpt>
    <trkpt lat="45.6043153" lon="10.4584768">
      <ele>260.5054277469653</ele>
      <time>2026-08-29T10:55:08.613+02:00</time>
      <extensions>
        <activity type="STILL" conf="96" state="still" tsMs="1787993704931"/>
        <radio op="vodafone IT" rat="LTE" q="8.00" rsrp="-115" sinr="3" rsrq="-9"/>
        <radio op="I TIM" rat="LTE" q="16.00" rsrp="-115" sinr="11" rsrq="-11"/>
      </extensions>
    </trkpt>
    <trkpt lat="45.6042983" lon="10.4584987">
      <ele>260.68358489479476</ele>
      <time>2026-08-29T10:55:39.825+02:00</time>
      <extensions>
        <activity type="IN_VEHICLE" conf="85" state="moving" tsMs="1787993736459"/>
        <radio op="vodafone IT" rat="LTE" q="30.00" rsrp="-110" sinr="15" rsrq="-8"/>
        <radio op="I TIM" rat="LTE" q="36.00" rsrp="-107" sinr="15" rsrq="-13"/>
      </extensions>
    </trkpt>
    <trkpt lat="45.6042899" lon="10.458475">
      <ele>260.9636622203481</ele>
      <time>2026-08-29T10:55:41.778+02:00</time>
      <extensions>
        <activity type="IN_VEHICLE" conf="88" state="moving" tsMs="1787993745225"/>
        <radio op="vodafone IT" rat="LTE" q="35.20" rsrp="-109" sinr="17" rsrq="-7"/>
        <radio op="I TIM" rat="LTE" q="38.00" rsrp="-106" sinr="15" rsrq="-12"/>
      </extensions>
    </trkpt>
    <trkpt lat="45.6042821" lon="10.4584782">
      <ele>260.2362976369367</ele>
      <time>2026-08-29T10:56:21.166+02:00</time>
      <extensions>
        <activity type="IN_VEHICLE" conf="97" state="moving" tsMs="1787993777840"/>
        <radio op="vodafone IT" rat="LTE" q="27.00" rsrp="-110" sinr="13" rsrq="-12"/>
        <radio op="I TIM" rat="LTE" q="30.00" rsrp="-110" sinr="15" rsrq="-13"/>
      </extensions>
    </trkpt>
    <trkpt lat="45.6045679" lon="10.4574692">
      <ele>260.27022915186546</ele>
      <time>2026-08-29T10:56:52.561+02:00</time>
      <extensions>
        <activity type="IN_VEHICLE" conf="97" state="moving" tsMs="1787993807940"/>
        <radio op="vodafone IT" rat="LTE" q="80.00" rsrp="-79" sinr="15" rsrq="-12"/>
        <radio op="I TIM" rat="LTE" q="60.00" rsrp="-83" sinr="10" rsrq="-13"/>
      </extensions>
    </trkpt>
    <trkpt lat="45.6031947" lon="10.458619">
      <ele>264.1000061035156</ele>
      <time>2026-08-29T10:57:23.942+02:00</time>
      <extensions>
        <activity type="IN_VEHICLE" conf="97" state="moving" tsMs="1787993840403"/>
        <radio op="vodafone IT" rat="LTE" q="100.00" rsrp="-55" sinr="29" rsrq="-10"/>
        <radio op="I TIM" rat="LTE" q="100.00" rsrp="-61" sinr="25" rsrq="-13"/>
      </extensions>
    </trkpt>
    <trkpt lat="45.6046185" lon="10.4630228">
      <ele>267.1000061035156</ele>
      <time>2026-08-29T10:57:55.298+02:00</time>
      <extensions>
        <activity type="IN_VEHICLE" conf="97" state="moving" tsMs="1787993871714"/>
        <radio op="vodafone IT" rat="LTE" q="48.00" rsrp="-70" sinr="7" rsrq="-11"/>
        <radio op="I TIM" rat="LTE" q="19.80" rsrp="-103" sinr="4" rsrq="-13"/>
      </extensions>
    </trkpt>
    <trkpt lat="45.6049061" lon="10.4637479">
      <ele>267.1000061035156</ele>
      <time>2026-08-29T10:58:01.449+02:00</time>
      <extensions>
        <activity type="IN_VEHICLE" conf="93" state="moving" tsMs="1787993881675"/>
        <radio op="vodafone IT" rat="LTE" q="100.00" rsrp="-64" sinr="20" rsrq="-7"/>
        <radio op="I TIM" rat="LTE" rsrp="-100" rsrq="-12"/>
      </extensions>
    </trkpt>
    <trkpt lat="45.6048193" lon="10.4675178">
      <ele>274.04937646811993</ele>
      <time>2026-08-29T10:58:38.397+02:00</time>
      <extensions>
        <activity type="IN_VEHICLE" conf="93" state="moving" tsMs="1787993913736"/>
        <radio op="vodafone IT" rat="LTE" q="92.00" rsrp="-68" sinr="18" rsrq="-7"/>
        <radio op="I TIM" rat="LTE" q="72.60" rsrp="-92" sinr="17" rsrq="-7"/>
      </extensions>
    </trkpt>
    <trkpt lat="45.6049137" lon="10.4680968">
      <ele>274.04937646811993</ele>
      <time>2026-08-29T10:58:42.141+02:00</time>
      <extensions>
        <activity type="IN_VEHICLE" conf="93" state="moving" tsMs="1787993913736"/>
        <radio op="vodafone IT" rat="LTE" q="92.00" rsrp="-75" sinr="18" rsrq="-7"/>
        <radio op="I TIM" rat="LTE" q="71.30" rsrp="-94" sinr="18" rsrq="-9"/>
      </extensions>
    </trkpt>
    <trkpt lat="45.6122358" lon="10.4875613">
      <ele>243.4215572340382</ele>
      <time>2026-08-29T11:00:31.142+02:00</time>
      <extensions>
        <activity type="IN_VEHICLE" conf="97" state="moving" tsMs="1787994043149"/>
        <radio op="vodafone IT" rat="LTE" rsrp="-121" rsrq="-15"/>
        <radio op="I TIM" rat="LTE" rsrp="-112" rsrq="-20"/>
      </extensions>
    </trkpt>
    <trkpt lat="45.6118315" lon="10.4921255">
      <ele>226.20001220703125</ele>
      <time>2026-08-29T11:01:07.528+02:00</time>
      <extensions>
        <activity type="IN_VEHICLE" conf="97" state="moving" tsMs="1787994064583"/>
        <radio op="vodafone IT" rat="LTE" q="10.50" rsrp="-104" sinr="0" rsrq="-15"/>
        <radio op="I TIM" rat="LTE" q="15.40" rsrp="-103" sinr="2" rsrq="-12"/>
      </extensions>
    </trkpt>
    <trkpt lat="45.6117676" lon="10.4959737">
      <ele>220.8000030517578</ele>
      <time>2026-08-29T11:01:38.916+02:00</time>
      <extensions>
        <activity type="IN_VEHICLE" conf="98" state="moving" tsMs="1787994098664"/>
        <radio op="vodafone IT" rat="LTE" q="80.00" rsrp="-80" sinr="15" rsrq="-12"/>
        <radio op="I TIM" rat="LTE" rsrp="-111" rsrq="-17"/>
      </extensions>
    </trkpt>
    <trkpt lat="45.617102" lon="10.4932522">
      <ele>226.70001220703125</ele>
      <time>2026-08-29T11:02:43.263+02:00</time>
      <extensions>
        <activity type="IN_VEHICLE" conf="97" state="moving" tsMs="1787994172504"/>
        <radio op="vodafone IT" rat="LTE" rsrp="-95" rsrq="-15"/>
        <radio op="I TIM" rat="LTE" q="60.90" rsrp="-96" sinr="16" rsrq="-10"/>
      </extensions>
    </trkpt>
    <trkpt lat="45.6178299" lon="10.4933397">
      <ele>224.40000915527344</ele>
      <time>2026-08-29T11:03:13.762+02:00</time>
      <extensions>
        <activity type="IN_VEHICLE" conf="97" state="moving" tsMs="1787994188548"/>
        <radio op="vodafone IT" rat="LTE" rsrp="-86" rsrq="-12"/>
        <radio op="I TIM" rat="LTE" q="73.60" rsrp="-93" sinr="18" rsrq="-11"/>
      </extensions>
    </trkpt>
    <trkpt lat="45.6175204" lon="10.4933927">
      <ele>224.40000915527344</ele>
      <time>2026-08-29T11:03:20.141+02:00</time>
      <extensions>
        <activity type="IN_VEHICLE" conf="97" state="moving" tsMs="1787994204559"/>
        <radio op="vodafone IT" rat="LTE" rsrp="-88" rsrq="-11"/>
        <radio op="I TIM" rat="LTE" q="62.00" rsrp="-94" sinr="15" rsrq="-12"/>
      </extensions>
    </trkpt>
    <trkpt lat="45.6177777" lon="10.4932481">
      <ele>224.40000915527344</ele>
      <time>2026-08-29T11:03:55.144+02:00</time>
      <extensions>
        <activity type="STILL" conf="33" state="still" tsMs="1787994213420"/>
        <radio op="vodafone IT" rat="LTE" q="16.00" rsrp="-105" sinr="3" rsrq="-12"/>
        <radio op="I TIM" rat="LTE" q="64.40" rsrp="-97" sinr="18" rsrq="-11"/>
      </extensions>
    </trkpt>
    <trkpt lat="45.6177903" lon="10.4934113">
      <ele>224.40000915527344</ele>
      <time>2026-08-29T11:04:44.711+02:00</time>
      <extensions>
        <activity type="UNKNOWN" conf="40" state="unknown" tsMs="1787994280885"/>
        <radio op="vodafone IT" rat="LTE" q="15.20" rsrp="-106" sinr="3" rsrq="-12"/>
        <radio op="I TIM" rat="LTE" q="35.00" rsrp="-100" sinr="9" rsrq="-12"/>
      </extensions>
    </trkpt>
    <trkpt lat="45.6176079" lon="10.4942177">
      <ele>224.40000915527344</ele>
      <time>2026-08-29T11:05:17.307+02:00</time>
      <extensions>
        <activity type="ON_FOOT" conf="92" state="moving" tsMs="1787994313497"/>
        <radio op="vodafone IT" rat="LTE" q="51.00" rsrp="-95" sinr="12" rsrq="-6"/>
        <radio op="I TIM" rat="LTE" q="51.30" rsrp="-98" sinr="14" rsrq="-11"/>
      </extensions>
    </trkpt>
    <trkpt lat="45.6175793" lon="10.4942289">
      <ele>224.40000915527344</ele>
      <time>2026-08-29T11:06:06.374+02:00</time>
      <extensions>
        <activity type="ON_FOOT" conf="87" state="moving" tsMs="1787994363093"/>
        <radio op="vodafone IT" rat="LTE" q="26.40" rsrp="-103" sinr="7" rsrq="-9"/>
        <radio op="I TIM" rat="LTE" q="55.20" rsrp="-102" sinr="19" rsrq="-10"/>
      </extensions>
    </trkpt>
    <trkpt lat="45.6175981" lon="10.4945923">
      <ele>224.40000915527344</ele>
      <time>2026-08-29T11:06:39.588+02:00</time>
      <extensions>
        <activity type="UNKNOWN" conf="40" state="unknown" tsMs="1787994398477"/>
        <radio op="vodafone IT" rat="LTE" q="33.00" rsrp="-103" sinr="10" rsrq="-8"/>
        <radio op="I TIM" rat="LTE" q="37.80" rsrp="-98" sinr="9" rsrq="-10"/>
      </extensions>
    </trkpt>
    <trkpt lat="45.6176725" lon="10.4941536">
      <ele>224.40000915527344</ele>
      <time>2026-08-29T11:07:26.217+02:00</time>
      <extensions>
        <activity type="ON_FOOT" conf="88" state="moving" tsMs="1787994442489"/>
        <radio op="vodafone IT" rat="LTE" q="23.10" rsrp="-104" sinr="6" rsrq="-11"/>
        <radio op="I TIM" rat="LTE" q="36.00" rsrp="-101" sinr="10" rsrq="-12"/>
      </extensions>
    </trkpt>
    <trkpt lat="45.6175825" lon="10.4947032">
      <ele>224.40000915527344</ele>
      <time>2026-08-29T11:08:11.519+02:00</time>
      <extensions>
        <activity type="UNKNOWN" conf="40" state="unknown" tsMs="1787994487088"/>
        <radio op="vodafone IT" rat="LTE" q="31.20" rsrp="-101" sinr="8" rsrq="-9"/>
        <radio op="I TIM" rat="LTE" q="35.10" rsrp="-98" sinr="8" rsrq="-11"/>
      </extensions>
    </trkpt>
    <trkpt lat="45.6176085" lon="10.4942159">
      <ele>216.74279226557988</ele>
      <time>2026-08-29T11:08:42.39+02:00</time>
      <extensions>
        <activity type="ON_FOOT" conf="90" state="moving" tsMs="1787994519253"/>
        <radio op="vodafone IT" rat="LTE" q="20.70" rsrp="-102" sinr="4" rsrq="-8"/>
        <radio op="I TIM" rat="LTE" q="41.40" rsrp="-102" sinr="13" rsrq="-12"/>
      </extensions>
    </trkpt>
    <trkpt lat="45.6175933" lon="10.4946705">
      <ele>224.40000915527344</ele>
      <time>2026-08-29T11:09:13.2+02:00</time>
      <extensions>
        <activity type="UNKNOWN" conf="40" state="unknown" tsMs="1787994548129"/>
        <radio op="vodafone IT" rat="LTE" q="13.60" rsrp="-108" sinr="3" rsrq="-13"/>
        <radio op="I TIM" rat="LTE" q="34.20" rsrp="-106" sinr="13" rsrq="-12"/>
      </extensions>
    </trkpt>
    <trkpt lat="45.6176499" lon="10.4941943">
      <ele>224.40000915527344</ele>
      <time>2026-08-29T11:09:56.903+02:00</time>
      <extensions>
        <activity type="UNKNOWN" conf="40" state="unknown" tsMs="1787994593096"/>
        <radio op="vodafone IT" rat="LTE" q="62.50" rsrp="-100" sinr="21" rsrq="-10"/>
        <radio op="I TIM" rat="LTE" q="43.20" rsrp="-101" sinr="13" rsrq="-11"/>
      </extensions>
    </trkpt>
    <trkpt lat="45.6175512" lon="10.4953674">
      <ele>226.10946068255925</ele>
      <time>2026-08-29T11:10:31.422+02:00</time>
      <extensions>
        <activity type="UNKNOWN" conf="40" state="unknown" tsMs="1787994625492"/>
        <radio op="vodafone IT" rat="LTE" q="55.20" rsrp="-102" sinr="19" rsrq="-10"/>
        <radio op="I TIM" rat="LTE" q="65.00" rsrp="-99" sinr="24" rsrq="-10"/>
      </extensions>
    </trkpt>
    <trkpt lat="45.6176065" lon="10.4942157">
      <ele>224.40000915527344</ele>
      <time>2026-08-29T11:11:10.569+02:00</time>
      <extensions>
        <activity type="ON_FOOT" conf="86" state="moving" tsMs="1787994665097"/>
        <radio op="vodafone IT" rat="LTE" q="35.70" rsrp="-108" sinr="16" rsrq="-8"/>
        <radio op="I TIM" rat="LTE" q="20.80" rsrp="-109" sinr="8" rsrq="-13"/>
      </extensions>
    </trkpt>
    <trkpt lat="45.6175801" lon="10.4942281">
      <ele>224.40000915527344</ele>
      <time>2026-08-29T11:11:56.253+02:00</time>
      <extensions>
        <activity type="UNKNOWN" conf="40" state="unknown" tsMs="1787994702506"/>
        <radio op="vodafone IT" rat="LTE" q="47.50" rsrp="-106" sinr="20" rsrq="-10"/>
        <radio op="I TIM" rat="LTE" q="38.00" rsrp="-105" sinr="14" rsrq="-13"/>
      </extensions>
    </trkpt>
    <trkpt lat="45.6176314" lon="10.4942152">
      <ele>224.40000915527344</ele>
      <time>2026-08-29T11:12:52.682+02:00</time>
      <extensions>
        <activity type="UNKNOWN" conf="40" state="unknown" tsMs="1787994766507"/>
        <radio op="vodafone IT" rat="LTE" q="48.00" rsrp="-105" sinr="19" rsrq="-7"/>
        <radio op="I TIM" rat="LTE" q="28.80" rsrp="-101" sinr="7" rsrq="-13"/>
      </extensions>
    </trkpt>
    <trkpt lat="45.6176778" lon="10.4941462">
      <ele>224.40000915527344</ele>
      <time>2026-08-29T11:13:26.826+02:00</time>
      <extensions>
        <activity type="UNKNOWN" conf="40" state="unknown" tsMs="1787994806526"/>
        <radio op="vodafone IT" rat="LTE" q="52.80" rsrp="-103" sinr="19" rsrq="-10"/>
        <radio op="I TIM" rat="LTE" q="77.50" rsrp="-94" sinr="23" rsrq="-13"/>
      </extensions>
    </trkpt>
    <trkpt lat="45.6176497" lon="10.4941837">
      <ele>224.40000915527344</ele>
      <time>2026-08-29T11:14:01.063+02:00</time>
      <extensions>
        <activity type="UNKNOWN" conf="40" state="unknown" tsMs="1787994840537"/>
        <radio op="vodafone IT" rat="LTE" q="48.40" rsrp="-103" sinr="17" rsrq="-11"/>
        <radio op="I TIM" rat="LTE" q="30.00" rsrp="-100" sinr="7" rsrq="-12"/>
      </extensions>
    </trkpt>
    <trkpt lat="45.6175681" lon="10.4953621">
      <ele>231.14159659639498</ele>
      <time>2026-08-29T11:15:15.098+02:00</time>
      <extensions>
        <activity type="UNKNOWN" conf="40" state="unknown" tsMs="1787994926099"/>
        <radio op="vodafone IT" rat="LTE" q="18.90" rsrp="-104" sinr="4" rsrq="-11"/>
        <radio op="I TIM" rat="LTE" q="34.00" rsrp="-105" sinr="12" rsrq="-11"/>
      </extensions>
    </trkpt>
    <trkpt lat="45.6175781" lon="10.4942171">
      <ele>224.40000915527344</ele>
      <time>2026-08-29T11:15:50.125+02:00</time>
      <extensions>
        <activity type="UNKNOWN" conf="40" state="unknown" tsMs="1787994947482"/>
        <radio op="vodafone IT" rat="LTE" rsrp="-113" rsrq="-11"/>
        <radio op="I TIM" rat="LTE" q="18.00" rsrp="-105" sinr="4" rsrq="-12"/>
      </extensions>
    </trkpt>
    <trkpt lat="45.6175794" lon="10.4942232">
      <ele>224.40000915527344</ele>
      <time>2026-08-29T11:16:27.154+02:00</time>
      <extensions>
        <activity type="UNKNOWN" conf="40" state="unknown" tsMs="1787994981441"/>
        <radio op="vodafone IT" rat="LTE" q="30.00" rsrp="-100" sinr="7" rsrq="-10"/>
        <radio op="I TIM" rat="LTE" q="32.50" rsrp="-112" sinr="20" rsrq="-13"/>
      </extensions>
    </trkpt>
    <trkpt lat="45.6176084" lon="10.4942161">
      <ele>224.40000915527344</ele>
      <time>2026-08-29T11:17:01.383+02:00</time>
      <extensions>
        <activity type="UNKNOWN" conf="40" state="unknown" tsMs="1787995018315"/>
        <radio op="vodafone IT" rat="LTE" q="49.00" rsrp="-90" sinr="9" rsrq="-11"/>
        <radio op="I TIM" rat="LTE" q="60.00" rsrp="-95" sinr="15" rsrq="-12"/>
      </extensions>
    </trkpt>
    <trkpt lat="45.6174917" lon="10.494395">
      <ele>224.40000915527344</ele>
      <time>2026-08-29T11:17:21.137+02:00</time>
      <extensions>
        <activity type="UNKNOWN" conf="40" state="unknown" tsMs="1787995024878"/>
        <radio op="vodafone IT" rat="LTE" q="21.00" rsrp="-95" sinr="2" rsrq="-13"/>
        <radio op="I TIM" rat="LTE" q="95.00" rsrp="-87" sinr="20" rsrq="-11"/>
      </extensions>
    </trkpt>
    <trkpt lat="45.617422" lon="10.4944377">
      <ele>224.40000915527344</ele>
      <time>2026-08-29T11:17:22.141+02:00</time>
      <extensions>
        <activity type="UNKNOWN" conf="40" state="unknown" tsMs="1787995051808"/>
        <radio op="vodafone IT" rat="LTE" q="51.20" rsrp="-93" sinr="11" rsrq="-10"/>
        <radio op="I TIM" rat="LTE" q="69.00" rsrp="-95" sinr="18" rsrq="-12"/>
      </extensions>
    </trkpt>
    <trkpt lat="45.6176999" lon="10.4941085">
      <ele>224.40000915527344</ele>
      <time>2026-08-29T11:17:52.558+02:00</time>
      <extensions>
        <activity type="UNKNOWN" conf="40" state="unknown" tsMs="1787995067980"/>
        <radio op="vodafone IT" rat="LTE" q="34.10" rsrp="-94" sinr="6" rsrq="-11"/>
        <radio op="I TIM" rat="LTE" q="68.20" rsrp="-94" sinr="17" rsrq="-12"/>
      </extensions>
    </trkpt>
    <trkpt lat="45.6176134" lon="10.4941994">
      <ele>224.40000915527344</ele>
      <time>2026-08-29T11:18:24.064+02:00</time>
      <extensions>
        <activity type="UNKNOWN" conf="40" state="unknown" tsMs="1787995099533"/>
        <radio op="vodafone IT" rat="LTE" q="33.00" rsrp="-95" sinr="6" rsrq="-9"/>
        <radio op="I TIM" rat="LTE" q="79.20" rsrp="-92" sinr="19" rsrq="-11"/>
      </extensions>
    </trkpt>
    <trkpt lat="45.6176076" lon="10.4942164">
      <ele>224.40000915527344</ele>
      <time>2026-08-29T11:18:55.405+02:00</time>
      <extensions>
        <activity type="UNKNOWN" conf="40" state="unknown" tsMs="1787995131949"/>
        <radio op="vodafone IT" rat="LTE" q="15.40" rsrp="-103" sinr="2" rsrq="-10"/>
        <radio op="I TIM" rat="LTE" q="74.40" rsrp="-94" sinr="19" rsrq="-10"/>
      </extensions>
    </trkpt>
    <trkpt lat="45.6176052" lon="10.4942149">
      <ele>224.40000915527344</ele>
      <time>2026-08-29T11:19:26.779+02:00</time>
      <extensions>
        <activity type="UNKNOWN" conf="40" state="unknown" tsMs="1787995163494"/>
        <radio op="vodafone IT" rat="LTE" q="28.60" rsrp="-99" sinr="6" rsrq="-12"/>
        <radio op="I TIM" rat="LTE" q="85.00" rsrp="-91" sinr="21" rsrq="-11"/>
      </extensions>
    </trkpt>
    <trkpt lat="45.6176057" lon="10.4942154">
      <ele>227.28365135700517</ele>
      <time>2026-08-29T11:19:58.307+02:00</time>
      <extensions>
        <activity type="UNKNOWN" conf="40" state="unknown" tsMs="1787995194868"/>
        <radio op="vodafone IT" rat="LTE" q="26.40" rsrp="-103" sinr="7" rsrq="-8"/>
        <radio op="I TIM" rat="LTE" q="45.60" rsrp="-101" sinr="14" rsrq="-11"/>
      </extensions>
    </trkpt>
    <trkpt lat="45.6175795" lon="10.4942287">
      <ele>224.40000915527344</ele>
      <time>2026-08-29T11:20:29.859+02:00</time>
      <extensions>
        <activity type="UNKNOWN" conf="40" state="unknown" tsMs="1787995225084"/>
        <radio op="vodafone IT" rat="LTE" q="27.30" rsrp="-104" sinr="8" rsrq="-12"/>
        <radio op="I TIM" rat="LTE" q="48.30" rsrp="-102" sinr="16" rsrq="-10"/>
      </extensions>
    </trkpt>
    <trkpt lat="45.6175785" lon="10.4942237">
      <ele>224.40000915527344</ele>
      <time>2026-08-29T11:21:01.262+02:00</time>
      <extensions>
        <activity type="UNKNOWN" conf="40" state="unknown" tsMs="1787995257793"/>
        <radio op="vodafone IT" rat="LTE" q="28.50" rsrp="-106" sinr="10" rsrq="-10"/>
        <radio op="I TIM" rat="LTE" q="55.20" rsrp="-102" sinr="19" rsrq="-11"/>
      </extensions>
    </trkpt>
    <trkpt lat="45.6175688" lon="10.494907">
      <ele>224.40000915527344</ele>
      <time>2026-08-29T11:21:32.367+02:00</time>
      <extensions>
        <activity type="UNKNOWN" conf="40" state="unknown" tsMs="1787995288969"/>
        <radio op="vodafone IT" rat="LTE" q="18.90" rsrp="-98" sinr="2" rsrq="-13"/>
        <radio op="I TIM" rat="LTE" q="77.50" rsrp="-94" sinr="20" rsrq="-12"/>
      </extensions>
    </trkpt>
    <trkpt lat="45.6176623" lon="10.4941917">
      <ele>224.40000915527344</ele>
      <time>2026-08-29T11:22:03.838+02:00</time>
      <extensions>
        <activity type="UNKNOWN" conf="40" state="unknown" tsMs="1787995320267"/>
        <radio op="vodafone IT" rat="LTE" q="51.00" rsrp="-95" sinr="12" rsrq="-10"/>
        <radio op="I TIM" rat="LTE" q="75.90" rsrp="-92" sinr="18" rsrq="-11"/>
      </extensions>
    </trkpt>
    <trkpt lat="45.6176626" lon="10.4941599">
      <ele>224.40000915527344</ele>
      <time>2026-08-29T11:22:35.141+02:00</time>
      <extensions>
        <activity type="UNKNOWN" conf="40" state="unknown" tsMs="1787995351682"/>
        <radio op="vodafone IT" rat="LTE" q="25.30" rsrp="-102" sinr="6" rsrq="-9"/>
        <radio op="I TIM" rat="LTE" q="69.00" rsrp="-95" sinr="18" rsrq="-12"/>
      </extensions>
    </trkpt>
    <trkpt lat="45.617564" lon="10.495342">
      <ele>223.8000030517578</ele>
      <time>2026-08-29T11:23:06.581+02:00</time>
      <extensions>
        <activity type="UNKNOWN" conf="40" state="unknown" tsMs="1787995383129"/>
        <radio op="vodafone IT" rat="LTE" q="62.70" rsrp="-92" sinr="14" rsrq="-10"/>
        <radio op="I TIM" rat="LTE" q="82.50" rsrp="-92" sinr="21" rsrq="-12"/>
      </extensions>
    </trkpt>
    <trkpt lat="45.6176085" lon="10.4942174">
      <ele>224.40000915527344</ele>
      <time>2026-08-29T11:23:37.901+02:00</time>
      <extensions>
        <activity type="UNKNOWN" conf="40" state="unknown" tsMs="1787995414561"/>
        <radio op="vodafone IT" rat="LTE" q="33.00" rsrp="-95" sinr="6" rsrq="-9"/>
        <radio op="I TIM" rat="LTE" q="75.00" rsrp="-95" sinr="23" rsrq="-12"/>
      </extensions>
    </trkpt>
    <trkpt lat="45.6175805" lon="10.4947463">
      <ele>224.40000915527344</ele>
      <time>2026-08-29T11:24:10.43+02:00</time>
      <extensions>
        <activity type="UNKNOWN" conf="40" state="unknown" tsMs="1787995445919"/>
        <radio op="vodafone IT" rat="LTE" rsrp="-101" rsrq="-12"/>
        <radio op="I TIM" rat="LTE" q="80.00" rsrp="-93" sinr="21" rsrq="-12"/>
      </extensions>
    </trkpt>
    <trkpt lat="45.6176065" lon="10.4942049">
      <ele>224.40000915527344</ele>
      <time>2026-08-29T11:24:41.919+02:00</time>
      <extensions>
        <activity type="UNKNOWN" conf="40" state="unknown" tsMs="1787995478289"/>
        <radio op="vodafone IT" rat="LTE" q="18.90" rsrp="-98" sinr="2" rsrq="-11"/>
        <radio op="I TIM" rat="LTE" q="72.50" rsrp="-96" sinr="22" rsrq="-12"/>
      </extensions>
    </trkpt>
    <trkpt lat="45.6177581" lon="10.4940789">
      <ele>224.40000915527344</ele>
      <time>2026-08-29T11:25:13.361+02:00</time>
      <extensions>
        <activity type="UNKNOWN" conf="40" state="unknown" tsMs="1787995509850"/>
        <radio op="vodafone IT" rat="LTE" q="35.10" rsrp="-98" sinr="8" rsrq="-8"/>
        <radio op="I TIM" rat="LTE" q="61.60" rsrp="-97" sinr="17" rsrq="-11"/>
      </extensions>
    </trkpt>
    <trkpt lat="45.6176232" lon="10.4942141">
      <ele>224.40000915527344</ele>
      <time>2026-08-29T11:25:44.879+02:00</time>
      <extensions>
        <activity type="STILL" conf="63" state="still" tsMs="1787995541403"/>
        <radio op="vodafone IT" rat="LTE" q="15.60" rsrp="-99" sinr="1" rsrq="-12"/>
        <radio op="I TIM" rat="LTE" q="65.00" rsrp="-99" sinr="20" rsrq="-12"/>
      </extensions>
    </trkpt>
    <trkpt lat="45.6175798" lon="10.4942297">
      <ele>224.40000915527344</ele>
      <time>2026-08-29T11:26:16.347+02:00</time>
      <extensions>
        <activity type="ON_BICYCLE" conf="98" state="moving" tsMs="1787995572927"/>
        <radio op="vodafone IT" rat="LTE" rsrp="-103" rsrq="-13"/>
        <radio op="I TIM" rat="LTE" q="90.00" rsrp="-89" sinr="23" rsrq="-12"/>
      </extensions>
    </trkpt>
    <trkpt lat="45.6176524" lon="10.4941923">
      <ele>224.40000915527344</ele>
      <time>2026-08-29T11:26:47.347+02:00</time>
      <extensions>
        <activity type="UNKNOWN" conf="40" state="unknown" tsMs="1787995615521"/>
        <radio op="vodafone IT" rat="LTE" q="30.80" rsrp="-97" sinr="6" rsrq="-12"/>
        <radio op="I TIM" rat="LTE" q="67.20" rsrp="-93" sinr="16" rsrq="-12"/>
      </extensions>
    </trkpt>
    <trkpt lat="45.6176643" lon="10.4941921">
      <ele>224.40000915527344</ele>
      <time>2026-08-29T11:27:20.4+02:00</time>
      <extensions>
        <activity type="UNKNOWN" conf="40" state="unknown" tsMs="1787995637013"/>
        <radio op="vodafone IT" rat="LTE" q="43.20" rsrp="-98" sinr="11" rsrq="-10"/>
        <radio op="I TIM" rat="LTE" q="72.00" rsrp="-89" sinr="15" rsrq="-12"/>
      </extensions>
    </trkpt>
    <trkpt lat="45.6176356" lon="10.4942005">
      <ele>224.40000915527344</ele>
      <time>2026-08-29T11:27:47.367+02:00</time>
      <extensions>
        <activity type="STILL" conf="68" state="still" tsMs="1787995668040"/>
        <radio op="vodafone IT" rat="LTE" q="51.00" rsrp="-95" sinr="12" rsrq="-9"/>
        <radio op="I TIM" rat="LTE" q="70.00" rsrp="-90" sinr="15" rsrq="-12"/>
      </extensions>
    </trkpt>
    <trkpt lat="45.6175984" lon="10.4942022">
      <ele>224.40000915527344</ele>
      <time>2026-08-29T11:28:22.241+02:00</time>
      <extensions>
        <activity type="STILL" conf="92" state="still" tsMs="1787995698591"/>
        <radio op="vodafone IT" rat="LTE" q="45.00" rsrp="-95" sinr="10" rsrq="-11"/>
        <radio op="I TIM" rat="LTE" q="72.60" rsrp="-92" sinr="17" rsrq="-12"/>
      </extensions>
    </trkpt>
    <trkpt lat="45.6175811" lon="10.4942268">
      <ele>224.40000915527344</ele>
      <time>2026-08-29T11:28:53.435+02:00</time>
      <extensions>
        <activity type="STILL" conf="45" state="still" tsMs="1787995729900"/>
        <radio op="vodafone IT" rat="LTE" q="42.00" rsrp="-97" sinr="10" rsrq="-8"/>
        <radio op="I TIM" rat="LTE" q="37.80" rsrp="-98" sinr="9" rsrq="-12"/>
      </extensions>
    </trkpt>
    <trkpt lat="45.6176065" lon="10.4942174">
      <ele>224.40000915527344</ele>
      <time>2026-08-29T11:29:21.056+02:00</time>
      <extensions>
        <activity type="STILL" conf="99" state="still" tsMs="1787995761065"/>
        <radio op="vodafone IT" rat="LTE" q="63.00" rsrp="-95" sinr="16" rsrq="-10"/>
        <radio op="I TIM" rat="LTE" q="66.50" rsrp="-90" sinr="14" rsrq="-12"/>
      </extensions>
    </trkpt>
    <trkpt lat="45.6177643" lon="10.4939299">
      <ele>224.40000915527344</ele>
      <time>2026-08-29T11:32:53.855+02:00</time>
      <extensions>
        <activity type="UNKNOWN" conf="40" state="unknown" tsMs="1787995973135"/>
        <radio op="vodafone IT" rat="LTE" q="19.80" rsrp="-103" sinr="4" rsrq="-11"/>
        <radio op="I TIM" rat="LTE" q="72.50" rsrp="-96" sinr="23" rsrq="-12"/>
      </extensions>
    </trkpt>
    <trkpt lat="45.6175558" lon="10.4948872">
      <ele>223.8000030517578</ele>
      <time>2026-08-29T11:33:32.786+02:00</time>
      <extensions>
        <activity type="UNKNOWN" conf="40" state="unknown" tsMs="1787996010869"/>
        <radio op="vodafone IT" rat="LTE" q="42.50" rsrp="-100" sinr="12" rsrq="-5"/>
        <radio op="I TIM" rat="LTE" q="49.50" rsrp="-92" sinr="10" rsrq="-11"/>
      </extensions>
    </trkpt>
    <trkpt lat="45.6176516" lon="10.4941743">
      <ele>224.40000915527344</ele>
      <time>2026-08-29T11:34:09.574+02:00</time>
      <extensions>
        <activity type="ON_BICYCLE" conf="97" state="moving" tsMs="1787996044534"/>
        <radio op="vodafone IT" rat="LTE" q="72.50" rsrp="-96" sinr="23" rsrq="-6"/>
        <radio op="I TIM" rat="LTE" q="81.60" rsrp="-91" sinr="19" rsrq="-12"/>
      </extensions>
    </trkpt>
    <trkpt lat="45.6175603" lon="10.4953033">
      <ele>223.8000030517578</ele>
      <time>2026-08-29T11:34:49.674+02:00</time>
      <extensions>
        <activity type="UNKNOWN" conf="40" state="unknown" tsMs="1787996088120"/>
        <radio op="vodafone IT" rat="LTE" q="55.00" rsrp="-103" sinr="20" rsrq="-6"/>
        <radio op="I TIM" rat="LTE" q="67.50" rsrp="-98" sinr="23" rsrq="-12"/>
      </extensions>
    </trkpt>
    <trkpt lat="45.6176456" lon="10.4941725">
      <ele>224.40000915527344</ele>
      <time>2026-08-29T11:35:36.659+02:00</time>
      <extensions>
        <activity type="UNKNOWN" conf="40" state="unknown" tsMs="1787996133105"/>
        <radio op="vodafone IT" rat="LTE" q="39.90" rsrp="-106" sinr="16" rsrq="-5"/>
        <radio op="I TIM" rat="LTE" q="38.00" rsrp="-105" sinr="14" rsrq="-12"/>
      </extensions>
    </trkpt>
    <trkpt lat="45.6175802" lon="10.4942307">
      <ele>224.40000915527344</ele>
      <time>2026-08-29T11:36:16.801+02:00</time>
      <extensions>
        <activity type="UNKNOWN" conf="40" state="unknown" tsMs="1787996175690"/>
        <radio op="vodafone IT" rat="LTE" q="65.00" rsrp="-99" sinr="22" rsrq="-7"/>
        <radio op="I TIM" rat="LTE" q="68.20" rsrp="-94" sinr="17" rsrq="-12"/>
      </extensions>
    </trkpt>
    <trkpt lat="45.617436" lon="10.4944559">
      <ele>224.40000915527344</ele>
      <time>2026-08-29T11:36:22.203+02:00</time>
      <extensions>
        <activity type="UNKNOWN" conf="40" state="unknown" tsMs="1787996175690"/>
        <radio op="vodafone IT" rat="LTE" q="70.00" rsrp="-97" sinr="24" rsrq="-12"/>
        <radio op="I TIM" rat="LTE" q="65.10" rsrp="-94" sinr="16" rsrq="-11"/>
      </extensions>
    </trkpt>
    <trkpt lat="45.6174351" lon="10.4944638">
      <ele>224.40000915527344</ele>
      <time>2026-08-29T11:36:29.188+02:00</time>
      <extensions>
        <activity type="STILL" conf="66" state="still" tsMs="1787996196881"/>
        <radio op="vodafone IT" rat="LTE" q="70.00" rsrp="-97" sinr="22" rsrq="-11"/>
        <radio op="I TIM" rat="LTE" q="65.10" rsrp="-94" sinr="16" rsrq="-11"/>
      </extensions>
    </trkpt>
    <trkpt lat="45.6174741" lon="10.4944106">
      <ele>224.40000915527344</ele>
      <time>2026-08-29T11:36:40.441+02:00</time>
      <extensions>
        <activity type="STILL" conf="66" state="still" tsMs="1787996196881"/>
        <radio op="vodafone IT" rat="LTE" q="67.50" rsrp="-98" sinr="21" rsrq="-6"/>
        <radio op="I TIM" rat="LTE" q="74.40" rsrp="-94" sinr="19" rsrq="-12"/>
      </extensions>
    </trkpt>
    <trkpt lat="45.6175293" lon="10.4943397">
      <ele>224.40000915527344</ele>
      <time>2026-08-29T11:36:50.745+02:00</time>
      <extensions>
        <activity type="STILL" conf="66" state="still" tsMs="1787996196881"/>
        <radio op="vodafone IT" rat="LTE" q="44.20" rsrp="-99" sinr="12" rsrq="-7"/>
        <radio op="I TIM" rat="LTE" q="71.40" rsrp="-91" sinr="16" rsrq="-12"/>
      </extensions>
    </trkpt>
    <trkpt lat="45.6176572" lon="10.4941954">
      <ele>224.40000915527344</ele>
      <time>2026-08-29T11:37:28.387+02:00</time>
      <extensions>
        <activity type="STILL" conf="52" state="still" tsMs="1787996245568"/>
        <radio op="vodafone IT" rat="LTE" q="62.50" rsrp="-100" sinr="25" rsrq="-11"/>
        <radio op="I TIM" rat="LTE" q="70.40" rsrp="-93" sinr="17" rsrq="-10"/>
      </extensions>
    </trkpt>
    <trkpt lat="45.6176094" lon="10.4942156">
      <ele>224.40000915527344</ele>
      <time>2026-08-29T11:37:59.833+02:00</time>
      <extensions>
        <activity type="STILL" conf="97" state="still" tsMs="1787996279458"/>
        <radio op="vodafone IT" rat="LTE" q="65.00" rsrp="-99" sinr="22" rsrq="-11"/>
        <radio op="I TIM" rat="LTE" q="60.00" rsrp="-101" sinr="20" rsrq="-12"/>
      </extensions>
    </trkpt>
    <trkpt lat="45.6176599" lon="10.4941918">
      <ele>224.40000915527344</ele>
      <time>2026-08-29T11:38:26.578+02:00</time>
      <extensions>
        <activity type="STILL" conf="96" state="still" tsMs="1787996307748"/>
        <radio op="vodafone IT" rat="LTE" q="70.00" rsrp="-97" sinr="23" rsrq="-6"/>
        <radio op="I TIM" rat="LTE" q="52.00" rsrp="-99" sinr="15" rsrq="-12"/>
      </extensions>
    </trkpt>
    <trkpt lat="45.6176227" lon="10.4941888">
      <ele>224.40000915527344</ele>
      <time>2026-08-29T11:39:01.954+02:00</time>
      <extensions>
        <activity type="STILL" conf="99" state="still" tsMs="1787996338464"/>
        <radio op="vodafone IT" rat="LTE" q="60.00" rsrp="-101" sinr="22" rsrq="-11"/>
        <radio op="I TIM" rat="LTE" q="57.60" rsrp="-101" sinr="19" rsrq="-11"/>
      </extensions>
    </trkpt>
    <trkpt lat="45.6175636" lon="10.4953773">
      <ele>223.8000030517578</ele>
      <time>2026-08-29T11:39:33.447+02:00</time>
      <extensions>
        <activity type="STILL" conf="71" state="still" tsMs="1787996369932"/>
        <radio op="vodafone IT" rat="LTE" q="77.50" rsrp="-94" sinr="24" rsrq="-6"/>
        <radio op="I TIM" rat="LTE" q="78.20" rsrp="-91" sinr="18" rsrq="-11"/>
      </extensions>
    </trkpt>
    <trkpt lat="45.6175773" lon="10.4947514">
      <ele>223.8000030517578</ele>
      <time>2026-08-29T11:40:04.919+02:00</time>
      <extensions>
        <activity type="STILL" conf="99" state="still" tsMs="1787996401374"/>
        <radio op="vodafone IT" rat="LTE" q="62.50" rsrp="-100" sinr="27" rsrq="-4"/>
        <radio op="I TIM" rat="LTE" q="60.00" rsrp="-95" sinr="15" rsrq="-9"/>
      </extensions>
    </trkpt>
    <trkpt lat="45.6175741" lon="10.4947681">
      <ele>223.8000030517578</ele>
      <time>2026-08-29T11:40:36.431+02:00</time>
      <extensions>
        <activity type="STILL" conf="98" state="still" tsMs="1787996432823"/>
        <radio op="vodafone IT" rat="LTE" q="82.50" rsrp="-92" sinr="26" rsrq="-10"/>
        <radio op="I TIM" rat="LTE" q="58.00" rsrp="-96" sinr="15" rsrq="-12"/>
      </extensions>
    </trkpt>
    <trkpt lat="45.6176087" lon="10.4942179">
      <ele>224.40000915527344</ele>
      <time>2026-08-29T11:41:06.594+02:00</time>
      <extensions>
        <activity type="STILL" conf="78" state="still" tsMs="1787996464388"/>
        <radio op="vodafone IT" rat="LTE" q="72.50" rsrp="-96" sinr="23" rsrq="-12"/>
        <radio op="I TIM" rat="LTE" q="60.00" rsrp="-95" sinr="15" rsrq="-12"/>
      </extensions>
    </trkpt>
    <trkpt lat="45.617605" lon="10.4942154">
      <ele>224.40000915527344</ele>
      <time>2026-08-29T11:41:39.886+02:00</time>
      <extensions>
        <activity type="STILL" conf="36" state="still" tsMs="1787996496365"/>
        <radio op="vodafone IT" rat="LTE" q="72.50" rsrp="-96" sinr="23" rsrq="-6"/>
        <radio op="I TIM" rat="LTE" q="57.50" rsrp="-100" sinr="18" rsrq="-11"/>
      </extensions>
    </trkpt>
    <trkpt lat="45.6176311" lon="10.4942699">
      <ele>224.40000915527344</ele>
      <time>2026-08-29T11:42:11.466+02:00</time>
      <extensions>
        <activity type="STILL" conf="99" state="still" tsMs="1787996527660"/>
        <radio op="vodafone IT" rat="LTE" q="47.50" rsrp="-100" sinr="14" rsrq="-8"/>
        <radio op="I TIM" rat="LTE" q="90.00" rsrp="-89" sinr="20" rsrq="-11"/>
      </extensions>
    </trkpt>
    <trkpt lat="45.6176098" lon="10.4943392">
      <ele>224.40000915527344</ele>
      <time>2026-08-29T11:42:42.665+02:00</time>
      <extensions>
        <activity type="STILL" conf="99" state="still" tsMs="1787996559103"/>
        <radio op="vodafone IT" rat="LTE" q="62.50" rsrp="-100" sinr="20" rsrq="-8"/>
        <radio op="I TIM" rat="LTE" q="87.50" rsrp="-90" sinr="22" rsrq="-11"/>
      </extensions>
    </trkpt>
    <trkpt lat="45.6176382" lon="10.4942087">
      <ele>224.40000915527344</ele>
      <time>2026-08-29T11:43:13.832+02:00</time>
      <extensions>
        <activity type="STILL" conf="99" state="still" tsMs="1787996590247"/>
        <radio op="vodafone IT" rat="LTE" q="32.50" rsrp="-100" sinr="8" rsrq="-9"/>
        <radio op="I TIM" rat="LTE" q="90.00" rsrp="-89" sinr="22" rsrq="-10"/>
      </extensions>
    </trkpt>
    <trkpt lat="45.6176792" lon="10.4941775">
      <ele>224.40000915527344</ele>
      <time>2026-08-29T11:43:45.005+02:00</time>
      <extensions>
        <activity type="STILL" conf="99" state="still" tsMs="1787996621333"/>
        <radio op="vodafone IT" rat="LTE" q="32.40" rsrp="-89" sinr="4" rsrq="-8"/>
        <radio op="I TIM" rat="LTE" q="90.00" rsrp="-89" sinr="23" rsrq="-12"/>
      </extensions>
    </trkpt>
    <trkpt lat="45.6176096" lon="10.4946031">
      <ele>224.40000915527344</ele>
      <time>2026-08-29T11:44:16.229+02:00</time>
      <extensions>
        <activity type="STILL" conf="99" state="still" tsMs="1787996652740"/>
        <radio op="vodafone IT" rat="LTE" q="36.00" rsrp="-89" sinr="5" rsrq="-9"/>
        <radio op="I TIM" rat="LTE" q="91.20" rsrp="-87" sinr="19" rsrq="-12"/>
      </extensions>
    </trkpt>
    <trkpt lat="45.6176056" lon="10.4942303">
      <ele>224.40000915527344</ele>
      <time>2026-08-29T11:44:47.394+02:00</time>
      <extensions>
        <activity type="STILL" conf="97" state="still" tsMs="1787996683868"/>
        <radio op="vodafone IT" rat="LTE" q="32.40" rsrp="-89" sinr="4" rsrq="-11"/>
        <radio op="I TIM" rat="LTE" q="97.50" rsrp="-86" sinr="23" rsrq="-11"/>
      </extensions>
    </trkpt>
    <trkpt lat="45.617635" lon="10.4942071">
      <ele>224.40000915527344</ele>
      <time>2026-08-29T11:45:18.513+02:00</time>
      <extensions>
        <activity type="STILL" conf="99" state="still" tsMs="1787996714970"/>
        <radio op="vodafone IT" rat="LTE" q="28.00" rsrp="-90" sinr="3" rsrq="-11"/>
        <radio op="I TIM" rat="LTE" q="91.20" rsrp="-87" sinr="19" rsrq="-11"/>
      </extensions>
    </trkpt>
    <trkpt lat="45.6176085" lon="10.494223">
      <ele>224.40000915527344</ele>
      <time>2026-08-29T11:45:49.812+02:00</time>
      <extensions>
        <activity type="STILL" conf="99" state="still" tsMs="1787996746015"/>
        <radio op="vodafone IT" rat="LTE" q="28.00" rsrp="-90" sinr="3" rsrq="-10"/>
        <radio op="I TIM" rat="LTE" q="92.50" rsrp="-88" sinr="20" rsrq="-12"/>
      </extensions>
    </trkpt>
    <trkpt lat="45.6176121" lon="10.4942027">
      <ele>224.40000915527344</ele>
      <time>2026-08-29T11:46:20.954+02:00</time>
      <extensions>
        <activity type="STILL" conf="42" state="still" tsMs="1787996777511"/>
        <radio op="vodafone IT" rat="LTE" q="22.00" rsrp="-103" sinr="5" rsrq="-12"/>
        <radio op="I TIM" rat="LTE" q="70.00" rsrp="-97" sinr="20" rsrq="-11"/>
      </extensions>
    </trkpt>
    <trkpt lat="45.6175891" lon="10.4941876">
      <ele>224.40000915527344</ele>
      <time>2026-08-29T11:46:52.456+02:00</time>
      <extensions>
        <activity type="STILL" conf="98" state="still" tsMs="1787996808918"/>
        <radio op="vodafone IT" rat="LTE" q="17.10" rsrp="-106" sinr="4" rsrq="-14"/>
        <radio op="I TIM" rat="LTE" q="64.80" rsrp="-98" sinr="19" rsrq="-11"/>
      </extensions>
    </trkpt>
    <trkpt lat="45.617606" lon="10.4945154">
      <ele>224.40000915527344</ele>
      <time>2026-08-29T11:47:23.935+02:00</time>
      <extensions>
        <activity type="STILL" conf="99" state="still" tsMs="1787996840453"/>
        <radio op="vodafone IT" rat="LTE" q="24.00" rsrp="-105" sinr="7" rsrq="-11"/>
        <radio op="I TIM" rat="LTE" q="57.50" rsrp="-102" sinr="20" rsrq="-12"/>
      </extensions>
    </trkpt>
    <trkpt lat="45.6175813" lon="10.4942209">
      <ele>224.40000915527344</ele>
      <time>2026-08-29T11:47:55.449+02:00</time>
      <extensions>
        <activity type="STILL" conf="38" state="still" tsMs="1787996871927"/>
        <radio op="vodafone IT" rat="LTE" q="39.60" rsrp="-107" sinr="17" rsrq="-6"/>
        <radio op="I TIM" rat="LTE" q="52.50" rsrp="-100" sinr="16" rsrq="-8"/>
      </extensions>
    </trkpt>
    <trkpt lat="45.6175801" lon="10.4942293">
      <ele>224.40000915527344</ele>
      <time>2026-08-29T11:48:26.802+02:00</time>
      <extensions>
        <activity type="STILL" conf="79" state="still" tsMs="1787996903495"/>
        <radio op="vodafone IT" rat="LTE" q="41.40" rsrp="-107" sinr="18" rsrq="-11"/>
        <radio op="I TIM" rat="LTE" q="52.80" rsrp="-101" sinr="17" rsrq="-9"/>
      </extensions>
    </trkpt>
    <trkpt lat="45.6176123" lon="10.4942316">
      <ele>224.40000915527344</ele>
      <time>2026-08-29T11:48:58.225+02:00</time>
      <extensions>
        <activity type="STILL" conf="67" state="still" tsMs="1787996934645"/>
        <radio op="vodafone IT" rat="LTE" q="55.10" rsrp="-96" sinr="14" rsrq="-12"/>
        <radio op="I TIM" rat="LTE" q="87.50" rsrp="-90" sinr="21" rsrq="-11"/>
      </extensions>
    </trkpt>
    <trkpt lat="45.617611" lon="10.4942156">
      <ele>224.40000915527344</ele>
      <time>2026-08-29T11:49:29.504+02:00</time>
      <extensions>
        <activity type="UNKNOWN" conf="40" state="unknown" tsMs="1787996966009"/>
        <radio op="vodafone IT" rat="LTE" q="60.00" rsrp="-101" sinr="20" rsrq="-9"/>
        <radio op="I TIM" rat="LTE" q="72.00" rsrp="-95" sinr="19" rsrq="-12"/>
      </extensions>
    </trkpt>
    <trkpt lat="45.6175605" lon="10.4953671">
      <ele>224.40000915527344</ele>
      <time>2026-08-29T11:50:00.588+02:00</time>
      <extensions>
        <activity type="UNKNOWN" conf="40" state="unknown" tsMs="1787996996957"/>
        <radio op="vodafone IT" rat="LTE" q="65.10" rsrp="-94" sinr="16" rsrq="-6"/>
        <radio op="I TIM" rat="LTE" q="21.00" rsrp="-95" sinr="2" rsrq="-10"/>
      </extensions>
    </trkpt>
    <trkpt lat="45.6176051" lon="10.4942156">
      <ele>224.40000915527344</ele>
      <time>2026-08-29T11:50:31.664+02:00</time>
      <extensions>
        <activity type="UNKNOWN" conf="40" state="unknown" tsMs="1787997037826"/>
        <radio op="vodafone IT" rat="LTE" q="70.00" rsrp="-97" sinr="20" rsrq="-11"/>
        <radio op="I TIM" rat="LTE" q="77.50" rsrp="-94" sinr="20" rsrq="-11"/>
      </extensions>
    </trkpt>
    <trkpt lat="45.61761" lon="10.4942199">
      <ele>224.40000915527344</ele>
      <time>2026-08-29T11:51:02.943+02:00</time>
      <extensions>
        <activity type="UNKNOWN" conf="40" state="unknown" tsMs="1787997059291"/>
        <radio op="vodafone IT" rat="LTE" q="48.00" rsrp="-101" sinr="15" rsrq="-7"/>
        <radio op="I TIM" rat="LTE" q="21.00" rsrp="-95" sinr="2" rsrq="-10"/>
      </extensions>
    </trkpt>
    <trkpt lat="45.6175559" lon="10.4954426">
      <ele>224.40000915527344</ele>
      <time>2026-08-29T11:51:34.02+02:00</time>
      <extensions>
        <activity type="UNKNOWN" conf="40" state="unknown" tsMs="1787997090670"/>
        <radio op="vodafone IT" rat="LTE" q="42.00" rsrp="-97" sinr="10" rsrq="-7"/>
        <radio op="I TIM" rat="LTE" q="60.00" rsrp="-101" sinr="20" rsrq="-12"/>
      </extensions>
    </trkpt>
    <trkpt lat="45.6176123" lon="10.494222">
      <ele>224.40000915527344</ele>
      <time>2026-08-29T11:52:05.352+02:00</time>
      <extensions>
        <activity type="UNKNOWN" conf="40" state="unknown" tsMs="1787997121749"/>
        <radio op="vodafone IT" rat="LTE" q="40.50" rsrp="-98" sinr="10" rsrq="-8"/>
        <radio op="I TIM" rat="LTE" q="77.50" rsrp="-94" sinr="20" rsrq="-12"/>
      </extensions>
    </trkpt>
    <trkpt lat="45.6175833" lon="10.494212">
      <ele>224.40000915527344</ele>
      <time>2026-08-29T11:52:36.651+02:00</time>
      <extensions>
        <activity type="UNKNOWN" conf="40" state="unknown" tsMs="1787997153028"/>
        <radio op="vodafone IT" rat="LTE" q="54.00" rsrp="-98" sinr="15" rsrq="-10"/>
        <radio op="I TIM" rat="LTE" q="77.50" rsrp="-94" sinr="20" rsrq="-11"/>
      </extensions>
    </trkpt>
    <trkpt lat="45.6176055" lon="10.4942282">
      <ele>224.40000915527344</ele>
      <time>2026-08-29T11:53:10.147+02:00</time>
      <extensions>
        <activity type="STILL" conf="46" state="still" tsMs="1787997189733"/>
        <radio op="vodafone IT" rat="LTE" q="72.50" rsrp="-96" sinr="20" rsrq="-7"/>
        <radio op="I TIM" rat="LTE" q="92.50" rsrp="-88" sinr="23" rsrq="-11"/>
      </extensions>
    </trkpt>
    <trkpt lat="45.6176033" lon="10.4941958">
      <ele>224.40000915527344</ele>
      <time>2026-08-29T11:53:43.785+02:00</time>
      <extensions>
        <activity type="STILL" conf="99" state="still" tsMs="1787997223603"/>
        <radio op="vodafone IT" rat="LTE" q="67.50" rsrp="-98" sinr="23" rsrq="-8"/>
        <radio op="I TIM" rat="LTE" q="92.50" rsrp="-88" sinr="20" rsrq="-10"/>
      </extensions>
    </trkpt>
    <trkpt lat="45.6176069" lon="10.4945883">
      <ele>224.40000915527344</ele>
      <time>2026-08-29T11:54:16.134+02:00</time>
      <extensions>
        <activity type="STILL" conf="99" state="still" tsMs="1787997251877"/>
        <radio op="vodafone IT" rat="LTE" q="80.00" rsrp="-93" sinr="20" rsrq="-6"/>
        <radio op="I TIM" rat="LTE" q="100.00" rsrp="-85" sinr="21" rsrq="-10"/>
      </extensions>
    </trkpt>
    <trkpt lat="45.6176115" lon="10.4942144">
      <ele>224.40000915527344</ele>
      <time>2026-08-29T11:55:06.386+02:00</time>
      <extensions>
        <activity type="STILL" conf="99" state="still" tsMs="1787997303681"/>
        <radio op="vodafone IT" rat="LTE" q="77.50" rsrp="-94" sinr="24" rsrq="-9"/>
        <radio op="I TIM" rat="LTE" q="87.50" rsrp="-90" sinr="20" rsrq="-11"/>
      </extensions>
    </trkpt>
    <trkpt lat="45.6175838" lon="10.494741">
      <ele>224.40000915527344</ele>
      <time>2026-08-29T11:55:48.23+02:00</time>
      <extensions>
        <activity type="STILL" conf="99" state="still" tsMs="1787997342306"/>
        <radio op="vodafone IT" rat="LTE" q="75.00" rsrp="-95" sinr="23" rsrq="-7"/>
        <radio op="I TIM" rat="LTE" q="90.00" rsrp="-89" sinr="22" rsrq="-11"/>
      </extensions>
    </trkpt>
    <trkpt lat="45.6176173" lon="10.4942133">
      <ele>224.40000915527344</ele>
      <time>2026-08-29T11:57:02.224+02:00</time>
      <extensions>
        <activity type="STILL" conf="99" state="still" tsMs="1787997421151"/>
        <radio op="vodafone IT" rat="LTE" q="75.00" rsrp="-95" sinr="24" rsrq="-8"/>
        <radio op="I TIM" rat="LTE" q="76.00" rsrp="-82" sinr="14" rsrq="-11"/>
      </extensions>
    </trkpt>
    <trkpt lat="45.6176134" lon="10.4942141">
      <ele>224.40000915527344</ele>
      <time>2026-08-29T11:57:37.374+02:00</time>
      <extensions>
        <activity type="STILL" conf="99" state="still" tsMs="1787997456534"/>
        <radio op="vodafone IT" rat="LTE" q="75.00" rsrp="-95" sinr="23" rsrq="-10"/>
        <radio op="I TIM" rat="LTE" q="69.30" rsrp="-92" sinr="16" rsrq="-11"/>
      </extensions>
    </trkpt>
    <trkpt lat="45.6176083" lon="10.4944768">
      <ele>224.40000915527344</ele>
      <time>2026-08-29T11:58:17.045+02:00</time>
      <extensions>
        <activity type="STILL" conf="99" state="still" tsMs="1787997491606"/>
        <radio op="vodafone IT" rat="LTE" q="80.00" rsrp="-93" sinr="25" rsrq="-9"/>
        <radio op="I TIM" rat="LTE" q="92.50" rsrp="-88" sinr="22" rsrq="-11"/>
      </extensions>
    </trkpt>
    <trkpt lat="45.6176082" lon="10.4942205">
      <ele>224.40000915527344</ele>
      <time>2026-08-29T11:58:52.024+02:00</time>
      <extensions>
        <activity type="STILL" conf="99" state="still" tsMs="1787997531577"/>
        <radio op="vodafone IT" rat="LTE" q="77.50" rsrp="-94" sinr="26" rsrq="-8"/>
        <radio op="I TIM" rat="LTE" q="55.50" rsrp="-88" sinr="10" rsrq="-11"/>
      </extensions>
    </trkpt>
    <trkpt lat="45.6176501" lon="10.4942182">
      <ele>224.40000915527344</ele>
      <time>2026-08-29T11:59:23.445+02:00</time>
      <extensions>
        <activity type="STILL" conf="99" state="still" tsMs="1787997561145"/>
        <radio op="vodafone IT" rat="LTE" q="77.50" rsrp="-94" sinr="24" rsrq="-13"/>
        <radio op="I TIM" rat="LTE" q="75.60" rsrp="-89" sinr="16" rsrq="-11"/>
      </extensions>
    </trkpt>
    <trkpt lat="45.6176013" lon="10.494199">
      <ele>224.40000915527344</ele>
      <time>2026-08-29T11:59:55.049+02:00</time>
      <extensions>
        <activity type="STILL" conf="99" state="still" tsMs="1787997591519"/>
        <radio op="vodafone IT" rat="LTE" q="80.00" rsrp="-93" sinr="27" rsrq="-6"/>
        <radio op="I TIM" rat="LTE" q="88.80" rsrp="-88" sinr="19" rsrq="-11"/>
      </extensions>
    </trkpt>
    <trkpt lat="45.61768" lon="10.494166">
      <ele>224.40000915527344</ele>
      <time>2026-08-29T12:00:41.201+02:00</time>
      <extensions>
        <activity type="STILL" conf="99" state="still" tsMs="1787997640525"/>
        <radio op="vodafone IT" rat="LTE" q="75.00" rsrp="-95" sinr="25" rsrq="-11"/>
        <radio op="I TIM" rat="LTE" q="72.00" rsrp="-89" sinr="15" rsrq="-11"/>
      </extensions>
    </trkpt>
    <trkpt lat="45.6176119" lon="10.4943747">
      <ele>224.40000915527344</ele>
      <time>2026-08-29T12:01:12.873+02:00</time>
      <extensions>
        <activity type="STILL" conf="99" state="still" tsMs="1787997669405"/>
        <radio op="vodafone IT" rat="LTE" q="77.50" rsrp="-94" sinr="26" rsrq="-8"/>
        <radio op="I TIM" rat="LTE" q="95.00" rsrp="-87" sinr="22" rsrq="-10"/>
      </extensions>
    </trkpt>
    <trkpt lat="45.61761" lon="10.4942235">
      <ele>224.40000915527344</ele>
      <time>2026-08-29T12:04:10.406+02:00</time>
      <extensions>
        <activity type="STILL" conf="100" state="still" tsMs="1787997840285"/>
        <radio op="vodafone IT" rat="LTE" q="72.50" rsrp="-96" sinr="24" rsrq="-10"/>
        <radio op="I TIM" rat="LTE" q="89.70" rsrp="-86" sinr="18" rsrq="-10"/>
      </extensions>
    </trkpt>
    <trkpt lat="45.617834" lon="10.4933341">
      <ele>224.40000915527344</ele>
      <time>2026-08-29T12:29:46.114+02:00</time>
      <extensions>
        <activity type="ON_FOOT" conf="95" state="moving" tsMs="1787999373570"/>
        <radio op="vodafone IT" rat="LTE" q="50.60" rsrp="-102" sinr="17" rsrq="-12"/>
        <radio op="I TIM" rat="LTE" q="57.50" rsrp="-100" sinr="18" rsrq="-12"/>
      </extensions>
    </trkpt>
    <trkpt lat="45.6177827" lon="10.4933077">
      <ele>224.40000915527344</ele>
      <time>2026-08-29T12:30:36.807+02:00</time>
      <extensions>
        <activity type="UNKNOWN" conf="40" state="unknown" tsMs="1787999435774"/>
        <radio op="vodafone IT" rat="LTE" q="62.50" rsrp="-100" sinr="24" rsrq="-13"/>
        <radio op="I TIM" rat="LTE" q="62.00" rsrp="-94" sinr="15" rsrq="-10"/>
      </extensions>
    </trkpt>
    <trkpt lat="45.6177786" lon="10.4934098">
      <ele>224.60000610351562</ele>
      <time>2026-08-29T12:31:09.978+02:00</time>
      <extensions>
        <activity type="IN_VEHICLE" conf="97" state="moving" tsMs="1787999466334"/>
        <radio op="vodafone IT" rat="LTE" q="55.20" rsrp="-101" sinr="18" rsrq="-9"/>
        <radio op="I TIM" rat="LTE" q="90.00" rsrp="-89" sinr="25" rsrq="-11"/>
      </extensions>
    </trkpt>
    <trkpt lat="45.6176074" lon="10.4941945">
      <ele>224.40000915527344</ele>
      <time>2026-08-29T12:31:37.233+02:00</time>
      <extensions>
        <activity type="IN_VEHICLE" conf="97" state="moving" tsMs="1787999497733"/>
        <radio op="vodafone IT" rat="LTE" q="62.50" rsrp="-100" sinr="24" rsrq="-14"/>
        <radio op="I TIM" rat="LTE" q="68.20" rsrp="-94" sinr="17" rsrq="-12"/>
      </extensions>
    </trkpt>
    <trkpt lat="45.6147724" lon="10.4970796">
      <ele>228.64856286902784</ele>
      <time>2026-08-29T12:32:13.419+02:00</time>
      <extensions>
        <activity type="IN_VEHICLE" conf="97" state="moving" tsMs="1787999528216"/>
        <radio op="vodafone IT" rat="LTE" q="97.50" rsrp="-86" sinr="26" rsrq="-11"/>
        <radio op="I TIM" rat="LTE" q="100.00" rsrp="-85" sinr="23" rsrq="-10"/>
      </extensions>
    </trkpt>
    <trkpt lat="45.6144392" lon="10.4973125">
      <ele>228.64856286902784</ele>
      <time>2026-08-29T12:32:16.154+02:00</time>
      <extensions>
        <activity type="IN_VEHICLE" conf="97" state="moving" tsMs="1787999542622"/>
        <radio op="vodafone IT" rat="LTE" q="84.00" rsrp="-90" sinr="19" rsrq="-8"/>
        <radio op="I TIM" rat="LTE" rsrp="-97" rsrq="-13"/>
      </extensions>
    </trkpt>
    <trkpt lat="45.6111143" lon="10.4956268">
      <ele>217.70001220703125</ele>
      <time>2026-08-29T12:32:54.176+02:00</time>
      <extensions>
        <activity type="IN_VEHICLE" conf="96" state="moving" tsMs="1787999569468"/>
        <radio op="vodafone IT" rat="LTE" q="61.60" rsrp="-97" sinr="17" rsrq="-8"/>
        <radio op="I TIM" rat="LTE" q="9.80" rsrp="-111" sinr="2" rsrq="-12"/>
      </extensions>
    </trkpt>
    <trkpt lat="45.611807" lon="10.4920834">
      <ele>228.20001220703125</ele>
      <time>2026-08-29T12:33:25.444+02:00</time>
      <extensions>
        <activity type="IN_VEHICLE" conf="97" state="moving" tsMs="1787999601178"/>
        <radio op="vodafone IT" rat="LTE" q="11.70" rsrp="-112" sinr="4" rsrq="-10"/>
        <radio op="I TIM" rat="LTE" q="11.70" rsrp="-112" sinr="4" rsrq="-15"/>
      </extensions>
    </trkpt>
    <trkpt lat="45.606201" lon="10.4688794">
      <ele>246.27309480360657</ele>
      <time>2026-08-29T12:34:45.938+02:00</time>
      <extensions>
        <activity type="IN_VEHICLE" conf="96" state="moving" tsMs="1787999684245"/>
        <radio op="vodafone IT" rat="LTE" q="2.40" rsrp="-122" sinr="3" rsrq="-9"/>
        <radio op="I TIM" rat="LTE" rsrq="-20"/>
      </extensions>
    </trkpt>
    <trkpt lat="45.6059459" lon="10.4684103">
      <ele>251.76208949162393</ele>
      <time>2026-08-29T12:34:56.667+02:00</time>
      <extensions>
        <activity type="IN_VEHICLE" conf="96" state="moving" tsMs="1787999694943"/>
        <radio op="vodafone IT" rat="LTE" q="47.50" rsrp="-106" sinr="23" rsrq="-5"/>
        <radio op="I TIM" rat="LTE" q="28.90" rsrp="-108" sinr="12" rsrq="-10"/>
      </extensions>
    </trkpt>
    <trkpt lat="45.6049572" lon="10.4674894">
      <ele>273.20001220703125</ele>
      <time>2026-08-29T12:35:45.16+02:00</time>
      <extensions>
        <activity type="IN_VEHICLE" conf="96" state="moving" tsMs="1787999737232"/>
        <radio op="vodafone IT" rat="LTE" rsrp="-76" rsrq="-6"/>
        <radio op="I TIM" rat="LTE" q="97.50" rsrp="-86" sinr="21" rsrq="-6"/>
      </extensions>
    </trkpt>
    <trkpt lat="45.6050147" lon="10.4654457">
      <ele>268.6000061035156</ele>
      <time>2026-08-29T12:36:22.152+02:00</time>
      <extensions>
        <activity type="IN_VEHICLE" conf="97" state="moving" tsMs="1787999787676"/>
        <radio op="vodafone IT" rat="LTE" q="100.00" rsrp="-73" sinr="27" rsrq="-5"/>
        <radio op="I TIM" rat="LTE" q="37.20" rsrp="-94" sinr="7" rsrq="-9"/>
      </extensions>
    </trkpt>
    <trkpt lat="45.6037284" lon="10.4594206">
      <ele>266.6525445193622</ele>
      <time>2026-08-29T12:36:59.886+02:00</time>
      <extensions>
        <activity type="IN_VEHICLE" conf="97" state="moving" tsMs="1787999814623"/>
        <radio op="vodafone IT" rat="LTE" q="80.00" rsrp="-74" sinr="15" rsrq="-6"/>
        <radio op="I TIM" rat="LTE" q="10.00" rsrp="-105" sinr="0" rsrq="-15"/>
      </extensions>
    </trkpt>
    <trkpt lat="45.6025918" lon="10.4559522">
      <ele>262.20001220703125</ele>
      <time>2026-08-29T12:37:31.148+02:00</time>
      <extensions>
        <activity type="IN_VEHICLE" conf="96" state="moving" tsMs="1787999848103"/>
        <radio op="vodafone IT" rat="LTE" q="31.90" rsrp="-96" sinr="6" rsrq="-10"/>
        <radio op="I TIM" rat="LTE" q="43.40" rsrp="-94" sinr="9" rsrq="-11"/>
      </extensions>
    </trkpt>
    <trkpt lat="45.6022196" lon="10.4553615">
      <ele>262.20001220703125</ele>
      <time>2026-08-29T12:37:37.466+02:00</time>
      <extensions>
        <activity type="IN_VEHICLE" conf="96" state="moving" tsMs="1787999848103"/>
        <radio op="vodafone IT" rat="LTE" q="26.00" rsrp="-99" sinr="5" rsrq="-11"/>
        <radio op="I TIM" rat="LTE" rsrp="-101" rsrq="-16"/>
      </extensions>
    </trkpt>
    <trkpt lat="45.6029525" lon="10.4534011">
      <ele>261.1000061035156</ele>
      <time>2026-08-29T12:38:12.555+02:00</time>
      <extensions>
        <activity type="IN_VEHICLE" conf="97" state="moving" tsMs="1787999890118"/>
        <radio op="vodafone IT" rat="LTE" q="48.60" rsrp="-98" sinr="13" rsrq="-8"/>
        <radio op="I TIM" rat="LTE" q="57.00" rsrp="-95" sinr="14" rsrq="-11"/>
      </extensions>
    </trkpt>
    <trkpt lat="45.602603" lon="10.4537302">
      <ele>261.1000061035156</ele>
      <time>2026-08-29T12:38:49.659+02:00</time>
      <extensions>
        <activity type="TILTING" conf="100" state="moving" tsMs="1787999932979"/>
        <radio op="vodafone IT" rat="LTE" rsrp="-112" rsrq="-15"/>
        <radio op="I TIM" rat="LTE" q="20.00" rsrp="-100" sinr="3" rsrq="-9"/>
      </extensions>
    </trkpt>
    <trkpt lat="45.6025804" lon="10.4536167">
      <ele>261.5</ele>
      <time>2026-08-29T12:39:26.692+02:00</time>
      <extensions>
        <activity type="ON_FOOT" conf="89" state="moving" tsMs="1787999965184"/>
        <radio op="vodafone IT" rat="LTE" q="6.00" rsrp="-115" sinr="1" rsrq="-13"/>
        <radio op="I TIM" rat="LTE" rsrp="-115" rsrq="-16"/>
      </extensions>
    </trkpt>
    <trkpt lat="45.6026942" lon="10.4537378">
      <ele>261.5</ele>
      <time>2026-08-29T12:39:37.154+02:00</time>
      <extensions>
        <activity type="ON_FOOT" conf="89" state="moving" tsMs="1787999965184"/>
        <radio op="vodafone IT" rat="LTE" q="14.40" rsrp="-107" sinr="3" rsrq="-9"/>
        <radio op="I TIM" rat="LTE" q="26.40" rsrp="-101" sinr="6" rsrq="-11"/>
      </extensions>
    </trkpt>
    <trkpt lat="45.602565" lon="10.4536949">
      <ele>261.5</ele>
      <time>2026-08-29T12:40:08.693+02:00</time>
      <extensions>
        <activity type="UNKNOWN" conf="40" state="unknown" tsMs="1788000003220"/>
        <radio op="vodafone IT" rat="LTE" q="17.10" rsrp="-106" sinr="4" rsrq="-11"/>
        <radio op="I TIM" rat="LTE" q="11.00" rsrp="-115" sinr="6" rsrq="-8"/>
      </extensions>
    </trkpt>
    <trkpt lat="45.6025738" lon="10.453714">
      <ele>261.5</ele>
      <time>2026-08-29T12:40:46.949+02:00</time>
      <extensions>
        <activity type="STILL" conf="99" state="still" tsMs="1788000042298"/>
        <radio op="vodafone IT" rat="LTE" q="18.00" rsrp="-110" sinr="7" rsrq="-9"/>
        <radio op="I TIM" rat="LTE" q="7.20" rsrp="-117" sinr="4" rsrq="-11"/>
      </extensions>
    </trkpt>
    <trkpt lat="45.6025632" lon="10.4537049">
      <ele>261.5</ele>
      <time>2026-08-29T12:41:19.069+02:00</time>
      <extensions>
        <activity type="STILL" conf="99" state="still" tsMs="1788000075392"/>
        <radio op="vodafone IT" rat="LTE" q="21.60" rsrp="-107" sinr="7" rsrq="-11"/>
        <radio op="I TIM" rat="LTE" q="10.80" rsrp="-116" sinr="7" rsrq="-12"/>
      </extensions>
    </trkpt>
    <trkpt lat="45.6025717" lon="10.4537133">
      <ele>261.5</ele>
      <time>2026-08-29T12:42:01.738+02:00</time>
      <extensions>
        <activity type="STILL" conf="99" state="still" tsMs="1788000118212"/>
        <radio op="vodafone IT" rat="LTE" q="32.30" rsrp="-106" sinr="12" rsrq="-10"/>
        <radio op="I TIM" rat="LTE" q="9.90" rsrp="-116" sinr="6" rsrq="-12"/>
      </extensions>
    </trkpt>
    <trkpt lat="45.6025795" lon="10.4537157">
      <ele>261.5</ele>
      <time>2026-08-29T12:42:49.868+02:00</time>
      <extensions>
        <activity type="STILL" conf="99" state="still" tsMs="1788000166578"/>
        <radio op="vodafone IT" rat="LTE" q="17.60" rsrp="-109" sinr="6" rsrq="-13"/>
        <radio op="I TIM" rat="LTE" q="10.80" rsrp="-116" sinr="7" rsrq="-12"/>
      </extensions>
    </trkpt>
    <trkpt lat="45.6027541" lon="10.4535253">
      <ele>261.3000183105469</ele>
      <time>2026-08-29T13:12:52.854+02:00</time>
      <extensions>
        <activity type="UNKNOWN" conf="40" state="unknown" tsMs="1788001970097"/>
        <radio op="vodafone IT" rat="LTE" rsrp="-123" rsrq="-13"/>
        <radio op="I TIM" rat="LTE" q="9.60" rsrp="-113" sinr="3" rsrq="-13"/>
      </extensions>
    </trkpt>
    <trkpt lat="45.6017745" lon="10.4540933">
      <ele>261.5</ele>
      <time>2026-08-29T13:13:36.177+02:00</time>
      <extensions>
        <activity type="IN_VEHICLE" conf="88" state="moving" tsMs="1788001997146"/>
        <radio op="vodafone IT" rat="LTE" q="8.40" rsrp="-118" sinr="7" rsrq="-12"/>
        <radio op="I TIM" rat="LTE" rsrp="-111" rsrq="-14"/>
      </extensions>
    </trkpt>
    <trkpt lat="45.60202" lon="10.4546658">
      <ele>260.6000061035156</ele>
      <time>2026-08-29T13:13:47.177+02:00</time>
      <extensions>
        <activity type="UNKNOWN" conf="40" state="unknown" tsMs="1788002023842"/>
        <radio op="vodafone IT" rat="LTE" q="22.00" rsrp="-103" sinr="5" rsrq="-12"/>
        <radio op="I TIM" rat="LTE" rsrp="-109" rsrq="-14"/>
      </extensions>
    </trkpt>
    <trkpt lat="45.6026759" lon="10.4563417">
      <ele>261.5</ele>
      <time>2026-08-29T13:13:57.177+02:00</time>
      <extensions>
        <activity type="IN_VEHICLE" conf="93" state="moving" tsMs="1788002034567"/>
        <radio op="vodafone IT" rat="LTE" q="44.80" rsrp="-93" sinr="9" rsrq="-8"/>
        <radio op="I TIM" rat="LTE" q="18.00" rsrp="-110" sinr="7" rsrq="-12"/>
      </extensions>
    </trkpt>
    <trkpt lat="45.6031071" lon="10.4578625">
      <ele>261.5</ele>
      <time>2026-08-29T13:14:07.175+02:00</time>
      <extensions>
        <activity type="IN_VEHICLE" conf="92" state="moving" tsMs="1788002045367"/>
        <radio op="vodafone IT" rat="LTE" rsrp="-71" rsrq="-8"/>
        <radio op="I TIM" rat="LTE" q="100.00" rsrp="-84" sinr="26" rsrq="-7"/>
      </extensions>
    </trkpt>
    <trkpt lat="45.6033768" lon="10.458667">
      <ele>261.5</ele>
      <time>2026-08-29T13:14:17.176+02:00</time>
      <extensions>
        <activity type="IN_VEHICLE" conf="91" state="moving" tsMs="1788002056178"/>
        <radio op="vodafone IT" rat="LTE" q="100.00" rsrp="-85" sinr="29" rsrq="-10"/>
        <radio op="I TIM" rat="LTE" q="100.00" rsrp="-83" sinr="24" rsrq="-8"/>
      </extensions>
    </trkpt>
    <trkpt lat="45.6037626" lon="10.4599427">
      <ele>263.5128441609949</ele>
      <time>2026-08-29T13:14:27.175+02:00</time>
      <extensions>
        <activity type="UNKNOWN" conf="40" state="unknown" tsMs="1788002067018"/>
        <radio op="vodafone IT" rat="LTE" rsrp="-84" rsrq="-6"/>
        <radio op="I TIM" rat="LTE" q="80.00" rsrp="-84" sinr="15" rsrq="-9"/>
      </extensions>
    </trkpt>
    <trkpt lat="45.6042487" lon="10.4614706">
      <ele>264.64520973339773</ele>
      <time>2026-08-29T13:14:37.176+02:00</time>
      <extensions>
        <activity type="IN_VEHICLE" conf="86" state="moving" tsMs="1788002077863"/>
        <radio op="vodafone IT" rat="LTE" q="95.00" rsrp="-87" sinr="23" rsrq="-9"/>
        <radio op="I TIM" rat="LTE" q="50.00" rsrp="-100" sinr="15" rsrq="-9"/>
      </extensions>
    </trkpt>
    <trkpt lat="45.6047361" lon="10.4631159">
      <ele>265.47521058862344</ele>
      <time>2026-08-29T13:14:47.175+02:00</time>
      <extensions>
        <activity type="IN_VEHICLE" conf="83" state="moving" tsMs="1788002083257"/>
        <radio op="vodafone IT" rat="LTE" q="32.00" rsrp="-93" sinr="5" rsrq="-8"/>
        <radio op="I TIM" rat="LTE" rsrp="-97" rsrq="-17"/>
      </extensions>
    </trkpt>
    <trkpt lat="45.6051327" lon="10.4645603">
      <ele>265.4837020599153</ele>
      <time>2026-08-29T13:14:57.176+02:00</time>
      <extensions>
        <activity type="IN_VEHICLE" conf="93" state="moving" tsMs="1788002093957"/>
        <radio op="vodafone IT" rat="LTE" q="92.50" rsrp="-88" sinr="29" rsrq="-6"/>
        <radio op="I TIM" rat="LTE" q="32.20" rsrp="-102" sinr="9" rsrq="-9"/>
      </extensions>
    </trkpt>
    <trkpt lat="45.6046413" lon="10.465199">
      <ele>265.7172208060947</ele>
      <time>2026-08-29T13:15:08.176+02:00</time>
      <extensions>
        <activity type="IN_VEHICLE" conf="88" state="moving" tsMs="1788002104858"/>
        <radio op="vodafone IT" rat="LTE" q="77.50" rsrp="-94" sinr="21" rsrq="-5"/>
        <radio op="I TIM" rat="LTE" rsrp="-104" rsrq="-11"/>
      </extensions>
    </trkpt>
    <trkpt lat="45.6043869" lon="10.4664001">
      <ele>267.1842881536827</ele>
      <time>2026-08-29T13:15:18.176+02:00</time>
      <extensions>
        <activity type="IN_VEHICLE" conf="92" state="moving" tsMs="1788002115692"/>
        <radio op="vodafone IT" rat="LTE" q="28.90" rsrp="-108" sinr="12" rsrq="-7"/>
        <radio op="I TIM" rat="LTE" q="20.80" rsrp="-109" sinr="8" rsrq="-11"/>
      </extensions>
    </trkpt>
    <trkpt lat="45.6048881" lon="10.4680014">
      <ele>272.72998261705766</ele>
      <time>2026-08-29T13:15:28.176+02:00</time>
      <extensions>
        <activity type="IN_VEHICLE" conf="87" state="moving" tsMs="1788002126495"/>
        <radio op="vodafone IT" rat="LTE" q="65.00" rsrp="-99" sinr="20" rsrq="-6"/>
        <radio op="I TIM" rat="LTE" q="39.60" rsrp="-103" sinr="13" rsrq="-9"/>
      </extensions>
    </trkpt>
    <trkpt lat="45.6049031" lon="10.4684118">
      <ele>272.4898995763034</ele>
      <time>2026-08-29T13:15:35.224+02:00</time>
      <extensions>
        <activity type="IN_VEHICLE" conf="90" state="moving" tsMs="1788002135415"/>
        <radio op="vodafone IT" rat="LTE" q="52.90" rsrp="-102" sinr="18" rsrq="-6"/>
        <radio op="I TIM" rat="LTE" q="46.20" rsrp="-104" sinr="17" rsrq="-7"/>
      </extensions>
    </trkpt>
    <trkpt lat="45.6062344" lon="10.4685169">
      <ele>265.9104092887891</ele>
      <time>2026-08-29T13:15:45.608+02:00</time>
      <extensions>
        <activity type="IN_VEHICLE" conf="96" state="moving" tsMs="1788002145816"/>
        <radio op="vodafone IT" rat="LTE" q="35.70" rsrp="-104" sinr="12" rsrq="-5"/>
        <radio op="I TIM" rat="LTE" q="12.00" rsrp="-113" sinr="5" rsrq="-9"/>
      </extensions>
    </trkpt>
    <trkpt lat="45.6062344" lon="10.4685169">
      <ele>259.89600397151753</ele>
      <time>2026-08-29T13:15:56.262+02:00</time>
      <extensions>
        <activity type="IN_VEHICLE" conf="94" state="moving" tsMs="1788002156457"/>
        <radio op="vodafone IT" rat="LTE" rsrp="-120" rsrq="-11"/>
        <radio op="I TIM" rat="LTE" rsrp="-123" rsrq="-13"/>
      </extensions>
    </trkpt>
    <trkpt lat="45.6148716" lon="10.4848358">
      <ele>243.2410948473997</ele>
      <time>2026-08-29T13:16:55.941+02:00</time>
      <extensions>
        <activity type="IN_VEHICLE" conf="95" state="moving" tsMs="1788002192706"/>
        <radio op="vodafone IT" rat="LTE" q="14.30" rsrp="-114" sinr="8" rsrq="-13"/>
        <radio op="I TIM" rat="LTE" rsrp="-116" rsrq="-13"/>
      </extensions>
    </trkpt>
    <trkpt lat="45.612393" lon="10.489399">
      <ele>241.45152934601106</ele>
      <time>2026-08-29T13:17:10.175+02:00</time>
      <extensions>
        <activity type="IN_VEHICLE" conf="91" state="moving" tsMs="1788002212280"/>
        <radio op="vodafone IT" rat="LTE" q="3.60" rsrp="-122" sinr="7" rsrq="-14"/>
        <radio op="I TIM" rat="LTE" rsrp="-120" rsrq="-17"/>
      </extensions>
    </trkpt>
    <trkpt lat="45.6118717" lon="10.4909982">
      <ele>234.46048341912538</ele>
      <time>2026-08-29T13:17:20.175+02:00</time>
      <extensions>
        <activity type="IN_VEHICLE" conf="89" state="moving" tsMs="1788002238851"/>
        <radio op="vodafone IT" rat="LTE" q="18.70" rsrp="-108" sinr="6" rsrq="-11"/>
        <radio op="I TIM" rat="LTE" q="23.80" rsrp="-111" sinr="12" rsrq="-14"/>
      </extensions>
    </trkpt>
    <trkpt lat="45.6111451" lon="10.4926411">
      <ele>227.62463026482237</ele>
      <time>2026-08-29T13:17:30.176+02:00</time>
      <extensions>
        <activity type="IN_VEHICLE" conf="89" state="moving" tsMs="1788002249594"/>
        <radio op="vodafone IT" rat="LTE" q="21.60" rsrp="-101" sinr="4" rsrq="-11"/>
        <radio op="I TIM" rat="LTE" rsrp="-113" rsrq="-14"/>
      </extensions>
    </trkpt>
    <trkpt lat="45.6103704" lon="10.4944686">
      <ele>219.9769471775987</ele>
      <time>2026-08-29T13:17:40.176+02:00</time>
      <extensions>
        <activity type="IN_VEHICLE" conf="90" state="moving" tsMs="1788002260407"/>
        <radio op="vodafone IT" rat="LTE" rsrp="-111" rsrq="-16"/>
        <radio op="I TIM" rat="LTE" rsrp="-119" rsrq="-17"/>
      </extensions>
    </trkpt>
    <trkpt lat="45.6097947" lon="10.4966232">
      <ele>212.08288597313623</ele>
      <time>2026-08-29T13:17:50.175+02:00</time>
      <extensions>
        <activity type="UNKNOWN" conf="40" state="unknown" tsMs="1788002265839"/>
        <radio op="vodafone IT" rat="LTE" q="38.40" rsrp="-101" sinr="11" rsrq="-12"/>
        <radio op="I TIM" rat="LTE" rsrp="-116" rsrq="-16"/>
      </extensions>
    </trkpt>
    <trkpt lat="45.6098312" lon="10.4988221">
      <ele>203.09796570484684</ele>
      <time>2026-08-29T13:18:00.175+02:00</time>
      <extensions>
        <activity type="UNKNOWN" conf="40" state="unknown" tsMs="1788002276669"/>
        <radio op="vodafone IT" rat="LTE" q="28.00" rsrp="-97" sinr="5" rsrq="-11"/>
        <radio op="I TIM" rat="LTE" rsrp="-111" rsrq="-14"/>
      </extensions>
    </trkpt>
    <trkpt lat="45.6103636" lon="10.50031">
      <ele>193.88873296584214</ele>
      <time>2026-08-29T13:18:10.175+02:00</time>
      <extensions>
        <activity type="IN_VEHICLE" conf="91" state="moving" tsMs="1788002287525"/>
        <radio op="vodafone IT" rat="LTE" q="28.80" rsrp="-101" sinr="7" rsrq="-12"/>
        <radio op="I TIM" rat="LTE" rsrp="-111" rsrq="-15"/>
      </extensions>
    </trkpt>
    <trkpt lat="45.6104591" lon="10.5007112">
      <ele>191.71635379478414</ele>
      <time>2026-08-29T13:18:13.176+02:00</time>
      <extensions>
        <activity type="IN_VEHICLE" conf="96" state="moving" tsMs="1788002304281"/>
        <radio op="vodafone IT" rat="LTE" q="38.40" rsrp="-93" sinr="7" rsrq="-12"/>
        <radio op="I TIM" rat="LTE" q="21.60" rsrp="-107" sinr="7" rsrq="-12"/>
      </extensions>
    </trkpt>
    <trkpt lat="45.6112071" lon="10.5080711">
      <ele>169.36348789768573</ele>
      <time>2026-08-29T13:18:52.175+02:00</time>
      <extensions>
        <activity type="IN_VEHICLE" conf="92" state="moving" tsMs="1788002341474"/>
        <radio op="vodafone IT" rat="LTE" rsrp="-104" rsrq="-13"/>
        <radio op="I TIM" rat="LTE" q="6.50" rsrp="-112" sinr="0" rsrq="-18"/>
      </extensions>
    </trkpt>
    <trkpt lat="45.6092592" lon="10.5207888">
      <ele>162.45225663744657</ele>
      <time>2026-08-29T13:20:14.176+02:00</time>
      <extensions>
        <activity type="TILTING" conf="100" state="moving" tsMs="1788002414302"/>
        <radio op="vodafone IT" rat="LTE" rsrp="-82" rsrq="-15"/>
        <radio op="I TIM" rat="LTE" q="49.00" rsrp="-90" sinr="9" rsrq="-12"/>
      </extensions>
    </trkpt>
    <trkpt lat="45.6094276" lon="10.5329358">
      <ele>159.24142614701356</ele>
      <time>2026-08-29T13:21:20.175+02:00</time>
      <extensions>
        <activity type="IN_VEHICLE" conf="96" state="moving" tsMs="1788002494722"/>
        <radio op="vodafone IT" rat="LTE" q="30.80" rsrp="-103" sinr="9" rsrq="-11"/>
        <radio op="I TIM" rat="LTE" q="24.70" rsrp="-106" sinr="8" rsrq="-12"/>
      </extensions>
    </trkpt>
    <trkpt lat="45.6112762" lon="10.5396987">
      <ele>134.6599255421408</ele>
      <time>2026-08-29T13:22:00.351+02:00</time>
      <extensions>
        <activity type="IN_VEHICLE" conf="97" state="moving" tsMs="1788002516160"/>
        <radio op="vodafone IT" rat="LTE" q="50.40" rsrp="-89" sinr="9" rsrq="-11"/>
        <radio op="I TIM" rat="LTE" q="39.00" rsrp="-99" sinr="10" rsrq="-11"/>
      </extensions>
    </trkpt>
    <trkpt lat="45.614522" lon="10.5506156">
      <ele>126.3361591406008</ele>
      <time>2026-08-29T13:23:03.02+02:00</time>
      <extensions>
        <activity type="IN_VEHICLE" conf="97" state="moving" tsMs="1788002593893"/>
        <radio op="vodafone IT" rat="LTE" q="19.80" rsrp="-103" sinr="4" rsrq="-12"/>
        <radio op="I TIM" rat="LTE" q="20.00" rsrp="-105" sinr="5" rsrq="-14"/>
      </extensions>
    </trkpt>
    <trkpt lat="45.6162733" lon="10.5551645">
      <ele>125.7930850832405</ele>
      <time>2026-08-29T13:23:35.833+02:00</time>
      <extensions>
        <activity type="IN_VEHICLE" conf="96" state="moving" tsMs="1788002610112"/>
        <radio op="vodafone IT" rat="LTE" q="89.70" rsrp="-86" sinr="18" rsrq="-10"/>
        <radio op="I TIM" rat="LTE" q="92.00" rsrp="-82" sinr="18" rsrq="-11"/>
      </extensions>
    </trkpt>
    <trkpt lat="45.6181093" lon="10.558788">
      <ele>123.5</ele>
      <time>2026-08-29T13:24:06.65+02:00</time>
      <extensions>
        <activity type="IN_VEHICLE" conf="97" state="moving" tsMs="1788002641207"/>
        <radio op="vodafone IT" rat="LTE" q="100.00" rsrp="-73" sinr="26" rsrq="-10"/>
        <radio op="I TIM" rat="LTE" q="100.00" rsrp="-80" sinr="25" rsrq="-12"/>
      </extensions>
    </trkpt>
    <trkpt lat="45.6191322" lon="10.5636819">
      <ele>118.19999694824219</ele>
      <time>2026-08-29T13:24:49.397+02:00</time>
      <extensions>
        <activity type="IN_VEHICLE" conf="97" state="moving" tsMs="1788002685863"/>
        <radio op="vodafone IT" rat="LTE" q="53.20" rsrp="-97" sinr="14" rsrq="-8"/>
        <radio op="I TIM" rat="LTE" q="34.80" rsrp="-96" sinr="7" rsrq="-12"/>
      </extensions>
    </trkpt>
    <trkpt lat="45.6206951" lon="10.5674089">
      <ele>122.9000015258789</ele>
      <time>2026-08-29T13:25:20.69+02:00</time>
      <extensions>
        <activity type="IN_VEHICLE" conf="97" state="moving" tsMs="1788002716346"/>
        <radio op="vodafone IT" rat="LTE" q="56.10" rsrp="-92" sinr="12" rsrq="-6"/>
        <radio op="I TIM" rat="LTE" q="62.70" rsrp="-92" sinr="14" rsrq="-12"/>
      </extensions>
    </trkpt>
    <trkpt lat="45.6232986" lon="10.5711329">
      <ele>123.0999984741211</ele>
      <time>2026-08-29T13:26:00.671+02:00</time>
      <extensions>
        <activity type="IN_VEHICLE" conf="96" state="moving" tsMs="1788002759631"/>
        <radio op="vodafone IT" rat="LTE" q="22.80" rsrp="-106" sinr="7" rsrq="-8"/>
        <radio op="I TIM" rat="LTE" rsrp="-110" rsrq="-17"/>
      </extensions>
    </trkpt>
    <trkpt lat="45.6248022" lon="10.5736803">
      <ele>127.21559409385884</ele>
      <time>2026-08-29T13:26:31.173+02:00</time>
      <extensions>
        <activity type="IN_VEHICLE" conf="97" state="moving" tsMs="1788002789276"/>
        <radio op="vodafone IT" rat="LTE" rsrp="-109" rsrq="-8"/>
        <radio op="I TIM" rat="LTE" rsrp="-113" rsrq="-17"/>
      </extensions>
    </trkpt>
    <trkpt lat="45.6262133" lon="10.5814836">
      <ele>123.5</ele>
      <time>2026-08-29T13:27:10.547+02:00</time>
      <extensions>
        <activity type="IN_VEHICLE" conf="97" state="moving" tsMs="1788002826316"/>
        <radio op="vodafone IT" rat="LTE" rsrp="-100" rsrq="-12"/>
        <radio op="I TIM" rat="LTE" q="10.20" rsrp="-108" sinr="1" rsrq="-14"/>
      </extensions>
    </trkpt>
    <trkpt lat="45.6270402" lon="10.5858023">
      <ele>125.36044659340573</ele>
      <time>2026-08-29T13:27:47.905+02:00</time>
      <extensions>
        <activity type="IN_VEHICLE" conf="93" state="moving" tsMs="1788002863257"/>
        <radio op="vodafone IT" rat="LTE" q="18.90" rsrp="-98" sinr="2" rsrq="-14"/>
        <radio op="I TIM" rat="LTE" rsrp="-115" rsrq="-19"/>
      </extensions>
    </trkpt>
    <trkpt lat="45.6311814" lon="10.588871">
      <ele>115.5999984741211</ele>
      <time>2026-08-29T13:28:32.939+02:00</time>
      <extensions>
        <activity type="IN_VEHICLE" conf="96" state="moving" tsMs="1788002911570"/>
        <radio op="vodafone IT" rat="LTE" q="21.00" rsrp="-90" sinr="1" rsrq="-13"/>
        <radio op="I TIM" rat="LTE" rsrp="-106" rsrq="-17"/>
      </extensions>
    </trkpt>
    <trkpt lat="45.6339575" lon="10.5938123">
      <ele>114.80000305175781</ele>
      <time>2026-08-29T13:29:04.16+02:00</time>
      <extensions>
        <activity type="IN_VEHICLE" conf="97" state="moving" tsMs="1788002941165"/>
        <radio op="vodafone IT" rat="LTE" q="52.00" rsrp="-85" sinr="8" rsrq="-9"/>
        <radio op="I TIM" rat="LTE" rsrp="-113" rsrq="-21"/>
      </extensions>
    </trkpt>
    <trkpt lat="45.63584" lon="10.5975962">
      <ele>116.88164919031757</ele>
      <time>2026-08-29T13:29:35.952+02:00</time>
      <extensions>
        <activity type="IN_VEHICLE" conf="97" state="moving" tsMs="1788002973246"/>
        <radio op="vodafone IT" rat="LTE" q="18.00" rsrp="-95" sinr="1" rsrq="-12"/>
        <radio op="I TIM" rat="LTE" rsrp="-117" rsrq="-23"/>
      </extensions>
    </trkpt>
    <trkpt lat="45.6349631" lon="10.6006109">
      <ele>115.5</ele>
      <time>2026-08-29T13:30:10.175+02:00</time>
      <extensions>
        <activity type="IN_VEHICLE" conf="97" state="moving" tsMs="1788003005038"/>
        <radio op="vodafone IT" rat="LTE" q="37.00" rsrp="-88" sinr="5" rsrq="-12"/>
        <radio op="I TIM" rat="LTE" rsrp="-119" rsrq="-17"/>
      </extensions>
    </trkpt>
    <trkpt lat="45.6363293" lon="10.6048043">
      <ele>122.69999694824219</ele>
      <time>2026-08-29T13:30:45.287+02:00</time>
      <extensions>
        <activity type="IN_VEHICLE" conf="87" state="moving" tsMs="1788003042229"/>
        <radio op="vodafone IT" rat="LTE" q="32.00" rsrp="-79" sinr="3" rsrq="-13"/>
        <radio op="I TIM" rat="LTE" rsrp="-111" rsrq="-17"/>
      </extensions>
    </trkpt>
    <trkpt lat="45.6391127" lon="10.6078542">
      <ele>132.45280970684286</ele>
      <time>2026-08-29T13:31:16.579+02:00</time>
      <extensions>
        <activity type="IN_VEHICLE" conf="96" state="moving" tsMs="1788003073444"/>
        <radio op="vodafone IT" rat="LTE" q="100.00" rsrp="-69" sinr="25" rsrq="-10"/>
        <radio op="I TIM" rat="LTE" rsrp="-107" rsrq="-20"/>
      </extensions>
    </trkpt>
    <trkpt lat="45.6412575" lon="10.6107369">
      <ele>133.40000915527344</ele>
      <time>2026-08-29T13:31:47.843+02:00</time>
      <extensions>
        <activity type="IN_VEHICLE" conf="97" state="moving" tsMs="1788003104798"/>
        <radio op="vodafone IT" rat="LTE" q="44.80" rsrp="-97" sinr="11" rsrq="-12"/>
        <radio op="I TIM" rat="LTE" q="13.80" rsrp="-102" sinr="1" rsrq="-14"/>
      </extensions>
    </trkpt>
    <trkpt lat="45.6422846" lon="10.6140578">
      <ele>130.60000610351562</ele>
      <time>2026-08-29T13:32:19.031+02:00</time>
      <extensions>
        <activity type="IN_VEHICLE" conf="97" state="moving" tsMs="1788003133782"/>
        <radio op="vodafone IT" rat="LTE" q="15.00" rsrp="-100" sinr="1" rsrq="-13"/>
        <radio op="I TIM" rat="LTE" q="24.00" rsrp="-95" sinr="3" rsrq="-14"/>
      </extensions>
    </trkpt>
    <trkpt lat="45.6452123" lon="10.6172338">
      <ele>130.60000610351562</ele>
      <time>2026-08-29T13:32:50.176+02:00</time>
      <extensions>
        <activity type="IN_VEHICLE" conf="97" state="moving" tsMs="1788003165889"/>
        <radio op="vodafone IT" rat="LTE" q="12.00" rsrp="-105" sinr="1" rsrq="-12"/>
        <radio op="I TIM" rat="LTE" rsrp="-105" rsrq="-17"/>
      </extensions>
    </trkpt>
    <trkpt lat="45.6452123" lon="10.6172338">
      <ele>129.51048723587965</ele>
      <time>2026-08-29T13:32:50.256+02:00</time>
      <extensions>
        <activity type="IN_VEHICLE" conf="96" state="moving" tsMs="1788003175630"/>
        <radio op="vodafone IT" rat="LTE" q="11.40" rsrp="-106" sinr="1" rsrq="-13"/>
        <radio op="I TIM" rat="LTE" rsrp="-107" rsrq="-20"/>
      </extensions>
    </trkpt>
    <trkpt lat="45.6483725" lon="10.6223055">
      <ele>130.07542379691745</ele>
      <time>2026-08-29T13:33:23.175+02:00</time>
      <extensions>
        <activity type="IN_VEHICLE" conf="96" state="moving" tsMs="1788003211355"/>
        <radio op="vodafone IT" rat="LTE" rsrp="-102" rsrq="-14"/>
        <radio op="I TIM" rat="LTE" rsrp="-100" rsrq="-16"/>
      </extensions>
    </trkpt>
    <trkpt lat="45.6538353" lon="10.6306552">
      <ele>132.93463700823202</ele>
      <time>2026-08-29T13:34:11.175+02:00</time>
      <extensions>
        <activity type="IN_VEHICLE" conf="96" state="moving" tsMs="1788003251219"/>
        <radio op="vodafone IT" rat="LTE" rsrp="-106" rsrq="-17"/>
        <radio op="I TIM" rat="LTE" rsrp="-105" rsrq="-16"/>
      </extensions>
    </trkpt>
    <trkpt lat="45.6575801" lon="10.6366649">
      <ele>127.4000015258789</ele>
      <time>2026-08-29T13:34:48.176+02:00</time>
      <extensions>
        <activity type="IN_VEHICLE" conf="97" state="moving" tsMs="1788003296501"/>
        <radio op="vodafone IT" rat="LTE" q="37.20" rsrp="-94" sinr="7" rsrq="-12"/>
        <radio op="I TIM" rat="LTE" rsrp="-100" rsrq="-17"/>
      </extensions>
    </trkpt>
    <trkpt lat="45.6718749" lon="10.6515449">
      <ele>130.60000610351562</ele>
      <time>2026-08-29T13:36:42.808+02:00</time>
      <extensions>
        <activity type="IN_VEHICLE" conf="97" state="moving" tsMs="1788003398648"/>
        <radio op="vodafone IT" rat="LTE" q="36.40" rsrp="-97" sinr="8" rsrq="-9"/>
        <radio op="I TIM" rat="LTE" q="37.50" rsrp="-100" sinr="10" rsrq="-12"/>
      </extensions>
    </trkpt>
    <trkpt lat="45.674964" lon="10.6506301">
      <ele>123.0</ele>
      <time>2026-08-29T13:37:09.175+02:00</time>
      <extensions>
        <activity type="IN_VEHICLE" conf="97" state="moving" tsMs="1788003423983"/>
        <radio op="vodafone IT" rat="LTE" rsrp="-115" rsrq="-17"/>
        <radio op="I TIM" rat="LTE" rsrp="-120" rsrq="-14"/>
      </extensions>
    </trkpt>
    <trkpt lat="45.6799795" lon="10.6538806">
      <ele>121.0</ele>
      <time>2026-08-29T13:37:56.868+02:00</time>
      <extensions>
        <activity type="IN_VEHICLE" conf="97" state="moving" tsMs="1788003475622"/>
        <radio op="vodafone IT" rat="LTE" rsrp="-104" rsrq="-15"/>
        <radio op="I TIM" rat="LTE" q="14.40" rsrp="-109" sinr="4" rsrq="-15"/>
      </extensions>
    </trkpt>
    <trkpt lat="45.683539" lon="10.657224">
      <ele>125.5</ele>
      <time>2026-08-29T13:38:30.552+02:00</time>
      <extensions>
        <activity type="IN_VEHICLE" conf="96" state="moving" tsMs="1788003510527"/>
        <radio op="vodafone IT" rat="LTE" rsrp="-109" rsrq="-15"/>
        <radio op="I TIM" rat="LTE" rsrp="-111" rsrq="-13"/>
      </extensions>
    </trkpt>
    <trkpt lat="45.6839345" lon="10.657766">
      <ele>123.75591691950976</ele>
      <time>2026-08-29T13:38:36.176+02:00</time>
      <extensions>
        <activity type="IN_VEHICLE" conf="96" state="moving" tsMs="1788003510527"/>
        <radio op="vodafone IT" rat="LTE" q="18.20" rsrp="-99" sinr="2" rsrq="-12"/>
        <radio op="I TIM" rat="LTE" q="15.40" rsrp="-111" sinr="6" rsrq="-16"/>
      </extensions>
    </trkpt>
    <trkpt lat="45.6886901" lon="10.662019">
      <ele>129.8000030517578</ele>
      <time>2026-08-29T13:39:21.25+02:00</time>
      <extensions>
        <activity type="IN_VEHICLE" conf="97" state="moving" tsMs="1788003556621"/>
        <radio op="vodafone IT" rat="LTE" q="18.40" rsrp="-102" sinr="3" rsrq="-10"/>
        <radio op="I TIM" rat="LTE" q="46.50" rsrp="-94" sinr="10" rsrq="-11"/>
      </extensions>
    </trkpt>
    <trkpt lat="45.6911565" lon="10.6651692">
      <ele>146.4912796996552</ele>
      <time>2026-08-29T13:39:54.56+02:00</time>
      <extensions>
        <activity type="IN_VEHICLE" conf="97" state="moving" tsMs="1788003588629"/>
        <radio op="vodafone IT" rat="LTE" q="20.00" rsrp="-100" sinr="3" rsrq="-9"/>
        <radio op="I TIM" rat="LTE" q="50.70" rsrp="-86" sinr="8" rsrq="-10"/>
      </extensions>
    </trkpt>
    <trkpt lat="45.693438" lon="10.6675118">
      <ele>156.50001525878906</ele>
      <time>2026-08-29T13:40:27.159+02:00</time>
      <extensions>
        <activity type="IN_VEHICLE" conf="97" state="moving" tsMs="1788003625410"/>
        <radio op="vodafone IT" rat="LTE" rsrp="-111" rsrq="-15"/>
        <radio op="I TIM" rat="LTE" rsrp="-103" rsrq="-15"/>
      </extensions>
    </trkpt>
    <trkpt lat="45.6957638" lon="10.6701684">
      <ele>170.36999736201722</ele>
      <time>2026-08-29T13:41:00.729+02:00</time>
      <extensions>
        <activity type="IN_VEHICLE" conf="97" state="moving" tsMs="1788003655681"/>
        <radio op="vodafone IT" rat="LTE" rsrp="-105" rsrq="-12"/>
        <radio op="I TIM" rat="LTE" rsrp="-105" rsrq="-15"/>
      </extensions>
    </trkpt>
    <trkpt lat="45.6990009" lon="10.67566">
      <ele>184.05059547546853</ele>
      <time>2026-08-29T13:41:34.615+02:00</time>
      <extensions>
        <activity type="IN_VEHICLE" conf="97" state="moving" tsMs="1788003687709"/>
        <radio op="vodafone IT" rat="LTE" rsrp="-105" rsrq="-14"/>
        <radio op="I TIM" rat="LTE" q="19.80" rsrp="-107" sinr="6" rsrq="-13"/>
      </extensions>
    </trkpt>
    <trkpt lat="45.7030244" lon="10.6810349">
      <ele>205.84588452804462</ele>
      <time>2026-08-29T13:42:16.176+02:00</time>
      <extensions>
        <activity type="IN_VEHICLE" conf="96" state="moving" tsMs="1788003732175"/>
        <radio op="vodafone IT" rat="LTE" rsrp="-110" rsrq="-21"/>
        <radio op="I TIM" rat="LTE" q="33.60" rsrp="-97" sinr="7" rsrq="-12"/>
      </extensions>
    </trkpt>
    <trkpt lat="45.7086182" lon="10.6937875">
      <ele>231.11950076766777</ele>
      <time>2026-08-29T13:43:47.177+02:00</time>
      <extensions>
        <activity type="IN_VEHICLE" conf="96" state="moving" tsMs="1788003829746"/>
        <radio op="vodafone IT" rat="LTE" q="12.60" rsrp="-111" sinr="4" rsrq="-12"/>
        <radio op="I TIM" rat="LTE" rsrp="-119" rsrq="-14"/>
      </extensions>
    </trkpt>
    <trkpt lat="45.7124669" lon="10.7004549">
      <ele>224.93391039350155</ele>
      <time>2026-08-29T13:44:37.176+02:00</time>
      <extensions>
        <activity type="IN_VEHICLE" conf="97" state="moving" tsMs="1788003881171"/>
        <radio op="vodafone IT" rat="LTE" q="45.90" rsrp="-98" sinr="12" rsrq="-7"/>
        <radio op="I TIM" rat="LTE" rsrp="-108" rsrq="-19"/>
      </extensions>
    </trkpt>
    <trkpt lat="45.7174558" lon="10.7056083">
      <ele>193.81352369385382</ele>
      <time>2026-08-29T13:45:24.177+02:00</time>
      <extensions>
        <activity type="IN_VEHICLE" conf="96" state="moving" tsMs="1788003924768"/>
        <radio op="vodafone IT" rat="LTE" q="32.50" rsrp="-100" sinr="8" rsrq="-10"/>
        <radio op="I TIM" rat="LTE" rsrp="-102" rsrq="-16"/>
      </extensions>
    </trkpt>
    <trkpt lat="45.7277737" lon="10.7173959">
      <ele>124.25599129625371</ele>
      <time>2026-08-29T13:46:58.742+02:00</time>
      <extensions>
        <activity type="IN_VEHICLE" conf="97" state="moving" tsMs="1788004035271"/>
        <radio op="vodafone IT" rat="LTE" q="22.20" rsrp="-88" sinr="1" rsrq="-10"/>
        <radio op="I TIM" rat="LTE" q="18.40" rsrp="-102" sinr="3" rsrq="-12"/>
      </extensions>
    </trkpt>
    <trkpt lat="45.7279079" lon="10.718707">
      <ele>123.4000015258789</ele>
      <time>2026-08-29T13:47:36.284+02:00</time>
      <extensions>
        <activity type="IN_VEHICLE" conf="97" state="moving" tsMs="1788004051608"/>
        <radio op="vodafone IT" rat="LTE" rsrp="-98" rsrq="-12"/>
        <radio op="I TIM" rat="LTE" rsrp="-100" rsrq="-16"/>
      </extensions>
    </trkpt>
    <trkpt lat="45.7279589" lon="10.7189007">
      <ele>123.4000015258789</ele>
      <time>2026-08-29T13:47:39.178+02:00</time>
      <extensions>
        <activity type="IN_VEHICLE" conf="97" state="moving" tsMs="1788004051608"/>
        <radio op="vodafone IT" rat="LTE" q="51.20" rsrp="-93" sinr="11" rsrq="-12"/>
        <radio op="I TIM" rat="LTE" q="18.90" rsrp="-98" sinr="2" rsrq="-15"/>
      </extensions>
    </trkpt>
    <trkpt lat="45.7303001" lon="10.7225122">
      <ele>121.71029898059174</ele>
      <time>2026-08-29T13:48:17.177+02:00</time>
      <extensions>
        <activity type="IN_VEHICLE" conf="96" state="moving" tsMs="1788004097790"/>
        <radio op="vodafone IT" rat="LTE" q="18.40" rsrp="-102" sinr="3" rsrq="-13"/>
        <radio op="I TIM" rat="LTE" rsrp="-108" rsrq="-16"/>
      </extensions>
    </trkpt>
    <trkpt lat="45.733229" lon="10.7287332">
      <ele>128.2484168572841</ele>
      <time>2026-08-29T13:48:57.177+02:00</time>
      <extensions>
        <activity type="IN_VEHICLE" conf="96" state="moving" tsMs="1788004137683"/>
        <radio op="vodafone IT" rat="LTE" q="18.70" rsrp="-108" sinr="6" rsrq="-12"/>
        <radio op="I TIM" rat="LTE" rsrp="-105" rsrq="-17"/>
      </extensions>
    </trkpt>
    <trkpt lat="45.7368703" lon="10.7354032">
      <ele>128.11885281787286</ele>
      <time>2026-08-29T13:49:41.178+02:00</time>
      <extensions>
        <activity type="IN_VEHICLE" conf="97" state="moving" tsMs="1788004188423"/>
        <radio op="vodafone IT" rat="LTE" q="32.50" rsrp="-100" sinr="8" rsrq="-10"/>
        <radio op="I TIM" rat="LTE" rsrp="-103" rsrq="-14"/>
      </extensions>
    </trkpt>
    <trkpt lat="45.7430526" lon="10.7407426">
      <ele>126.41798338496531</ele>
      <time>2026-08-29T13:50:31.177+02:00</time>
      <extensions>
        <activity type="IN_VEHICLE" conf="97" state="moving" tsMs="1788004237263"/>
        <radio op="vodafone IT" rat="LTE" rsrp="-125" rsrq="-21"/>
        <radio op="I TIM" rat="LTE" rsrp="-113" rsrq="-15"/>
      </extensions>
    </trkpt>
    <trkpt lat="45.7430526" lon="10.7407426">
      <ele>128.41132766841662</ele>
      <time>2026-08-29T13:51:13.048+02:00</time>
      <extensions>
        <activity type="IN_VEHICLE" conf="88" state="moving" tsMs="1788004264662"/>
        <radio op="vodafone IT" rat="LTE" q="23.10" rsrp="-104" sinr="6" rsrq="-10"/>
        <radio op="I TIM" rat="LTE" rsrp="-126" rsrq="-16"/>
      </extensions>
    </trkpt>
    <trkpt lat="45.7430526" lon="10.7407426">
      <ele>128.7812060367894</ele>
      <time>2026-08-29T13:51:24.55+02:00</time>
      <extensions>
        <activity type="IN_VEHICLE" conf="88" state="moving" tsMs="1788004271286"/>
        <radio op="vodafone IT" rat="LTE" rsrp="-140" rsrq="-25"/>
        <radio op="I TIM" rat="LTE" rsrp="-140" rsrq="-25"/>
      </extensions>
    </trkpt>
    <trkpt lat="45.7552189" lon="10.7499521">
      <ele>123.4000015258789</ele>
      <time>2026-08-29T13:52:58.886+02:00</time>
      <extensions>
        <activity type="IN_VEHICLE" conf="97" state="moving" tsMs="1788004377655"/>
        <radio op="vodafone IT" rat="LTE" q="11.40" rsrp="-106" sinr="1" rsrq="-16"/>
        <radio op="I TIM" rat="OTHER"/>
      </extensions>
    </trkpt>
    <trkpt lat="45.7543988" lon="10.7506796">
      <ele>123.14333290044303</ele>
      <time>2026-08-29T13:53:32.593+02:00</time>
      <extensions>
        <activity type="IN_VEHICLE" conf="97" state="moving" tsMs="1788004410464"/>
        <radio op="vodafone IT" rat="LTE" rsrp="-93" rsrq="-13"/>
        <radio op="I TIM" rat="LTE" rsrp="-113" rsrq="-14"/>
      </extensions>
    </trkpt>
    <trkpt lat="45.7540187" lon="10.7508225">
      <ele>123.14333290044303</ele>
      <time>2026-08-29T13:53:39.178+02:00</time>
      <extensions>
        <activity type="IN_VEHICLE" conf="97" state="moving" tsMs="1788004410464"/>
        <radio op="vodafone IT" rat="LTE" rsrp="-99" rsrq="-16"/>
        <radio op="I TIM" rat="LTE" rsrp="-110" rsrq="-13"/>
      </extensions>
    </trkpt>
    <trkpt lat="45.7526668" lon="10.7502653">
      <ele>120.30000305175781</ele>
      <time>2026-08-29T13:54:13.909+02:00</time>
      <extensions>
        <activity type="IN_VEHICLE" conf="97" state="moving" tsMs="1788004451178"/>
        <radio op="vodafone IT" rat="LTE" rsrp="-95" rsrq="-16"/>
        <radio op="I TIM" rat="LTE" rsrp="-95" rsrq="-15"/>
      </extensions>
    </trkpt>
    <trkpt lat="45.7532665" lon="10.7500673">
      <ele>120.30000305175781</ele>
      <time>2026-08-29T13:54:45.121+02:00</time>
      <extensions>
        <activity type="IN_VEHICLE" conf="97" state="moving" tsMs="1788004481908"/>
        <radio op="vodafone IT" rat="LTE" rsrp="-112" rsrq="-15"/>
        <radio op="I TIM" rat="LTE" rsrp="-111" rsrq="-17"/>
      </extensions>
    </trkpt>
    <trkpt lat="45.7537224" lon="10.7501479">
      <ele>118.30000305175781</ele>
      <time>2026-08-29T13:55:17.828+02:00</time>
      <extensions>
        <activity type="IN_VEHICLE" conf="97" state="moving" tsMs="1788004511921"/>
        <radio op="vodafone IT" rat="LTE" rsrp="-111" rsrq="-15"/>
        <radio op="I TIM" rat="LTE" rsrp="-111" rsrq="-17"/>
      </extensions>
    </trkpt>
    <trkpt lat="45.7537308" lon="10.7501571">
      <ele>118.5999984741211</ele>
      <time>2026-08-29T13:55:50.021+02:00</time>
      <extensions>
        <activity type="IN_VEHICLE" conf="97" state="moving" tsMs="1788004543005"/>
        <radio op="vodafone IT" rat="LTE" q="10.20" rsrp="-108" sinr="1" rsrq="-13"/>
        <radio op="I TIM" rat="LTE" rsrp="-107" rsrq="-16"/>
      </extensions>
    </trkpt>
    <trkpt lat="45.7531692" lon="10.7498959">
      <ele>118.4000015258789</ele>
      <time>2026-08-29T13:56:20.531+02:00</time>
      <extensions>
        <activity type="IN_VEHICLE" conf="97" state="moving" tsMs="1788004579708"/>
        <radio op="vodafone IT" rat="LTE" q="7.50" rsrp="-110" sinr="0" rsrq="-13"/>
        <radio op="I TIM" rat="LTE" rsrp="-108" rsrq="-16"/>
      </extensions>
    </trkpt>
    <trkpt lat="45.7535508" lon="10.7500238">
      <ele>118.5999984741211</ele>
      <time>2026-08-29T13:56:51.731+02:00</time>
      <extensions>
        <activity type="IN_VEHICLE" conf="97" state="moving" tsMs="1788004608519"/>
        <radio op="vodafone IT" rat="LTE" q="6.50" rsrp="-112" sinr="0" rsrq="-14"/>
        <radio op="I TIM" rat="LTE" rsrp="-108" rsrq="-18"/>
      </extensions>
    </trkpt>
    <trkpt lat="45.7536823" lon="10.7497586">
      <ele>118.5999984741211</ele>
      <time>2026-08-29T13:57:10.178+02:00</time>
      <extensions>
        <activity type="IN_VEHICLE" conf="96" state="moving" tsMs="1788004631432"/>
        <radio op="vodafone IT" rat="LTE" q="5.50" rsrp="-114" sinr="0" rsrq="-14"/>
        <radio op="I TIM" rat="LTE" rsrp="-111" rsrq="-14"/>
      </extensions>
    </trkpt>
    <trkpt lat="45.7534908" lon="10.7499495">
      <ele>118.5999984741211</ele>
      <time>2026-08-29T13:57:43.274+02:00</time>
      <extensions>
        <activity type="STILL" conf="99" state="still" tsMs="1788004658453"/>
        <radio op="vodafone IT" rat="LTE" q="5.50" rsrp="-114" sinr="0" rsrq="-15"/>
        <radio op="I TIM" rat="LTE" q="9.80" rsrp="-111" sinr="2" rsrq="-14"/>
      </extensions>
    </trkpt>
    <trkpt lat="45.7534867" lon="10.749963">
      <ele>118.30000305175781</ele>
      <time>2026-08-29T13:58:14.508+02:00</time>
      <extensions>
        <activity type="STILL" conf="99" state="still" tsMs="1788004690350"/>
        <radio op="vodafone IT" rat="LTE" rsrp="-114" rsrq="-15"/>
        <radio op="I TIM" rat="LTE" rsrp="-113" rsrq="-15"/>
      </extensions>
    </trkpt>
    <trkpt lat="45.754788" lon="10.7503502">
      <ele>130.92211920626266</ele>
      <time>2026-08-29T13:58:42.194+02:00</time>
      <extensions>
        <activity type="STILL" conf="97" state="still" tsMs="1788004722108"/>
        <radio op="vodafone IT" rat="LTE" rsrp="-112" rsrq="-14"/>
        <radio op="I TIM" rat="LTE" rsrp="-114" rsrq="-16"/>
      </extensions>
    </trkpt>
    <trkpt lat="45.7535393" lon="10.7501069">
      <ele>118.5999984741211</ele>
      <time>2026-08-29T13:59:19.506+02:00</time>
      <extensions>
        <activity type="UNKNOWN" conf="40" state="unknown" tsMs="1788004758048"/>
        <radio op="vodafone IT" rat="LTE" rsrp="-116" rsrq="-17"/>
        <radio op="I TIM" rat="LTE" q="4.00" rsrp="-117" sinr="0" rsrq="-15"/>
      </extensions>
    </trkpt>
    <trkpt lat="45.7536901" lon="10.7502423">
      <ele>118.5999984741211</ele>
      <time>2026-08-29T14:00:06.785+02:00</time>
      <extensions>
        <activity type="UNKNOWN" conf="40" state="unknown" tsMs="1788004806280"/>
        <radio op="vodafone IT" rat="LTE" rsrp="-115" rsrq="-15"/>
        <radio op="I TIM" rat="LTE" rsrp="-118" rsrq="-18"/>
      </extensions>
    </trkpt>
    <trkpt lat="45.7539907" lon="10.7501053">
      <ele>118.5999984741211</ele>
      <time>2026-08-29T14:00:45.166+02:00</time>
      <extensions>
        <activity type="ON_FOOT" conf="96" state="moving" tsMs="1788004844481"/>
        <radio op="vodafone IT" rat="LTE" q="3.50" rsrp="-118" sinr="0" rsrq="-14"/>
        <radio op="I TIM" rat="LTE" q="11.70" rsrp="-112" sinr="4" rsrq="-16"/>
      </extensions>
    </trkpt>
    <trkpt lat="45.7539881" lon="10.7501028">
      <ele>119.69999694824219</ele>
      <time>2026-08-29T14:01:15.778+02:00</time>
      <extensions>
        <activity type="ON_FOOT" conf="87" state="moving" tsMs="1788004875283"/>
        <radio op="vodafone IT" rat="LTE" q="20.80" rsrp="-112" sinr="11" rsrq="-13"/>
        <radio op="I TIM" rat="LTE" rsrp="-116" rsrq="-16"/>
      </extensions>
    </trkpt>
    <trkpt lat="45.754354" lon="10.7507994">
      <ele>117.4000015258789</ele>
      <time>2026-08-29T14:02:00.33+02:00</time>
      <extensions>
        <activity type="ON_FOOT" conf="90" state="moving" tsMs="1788004916281"/>
        <radio op="vodafone IT" rat="LTE" q="10.80" rsrp="-107" sinr="1" rsrq="-14"/>
        <radio op="I TIM" rat="LTE" rsrp="-101" rsrq="-13"/>
      </extensions>
    </trkpt>
    <trkpt lat="45.7544659" lon="10.7511377">
      <ele>119.69999694824219</ele>
      <time>2026-08-29T14:02:46.286+02:00</time>
      <extensions>
        <activity type="ON_FOOT" conf="93" state="moving" tsMs="1788004965606"/>
        <radio op="vodafone IT" rat="LTE" q="14.00" rsrp="-97" sinr="0" rsrq="-12"/>
        <radio op="I TIM" rat="LTE" rsrp="-104" rsrq="-14"/>
      </extensions>
    </trkpt>
    <trkpt lat="45.7527731" lon="10.7505379">
      <ele>120.06810574989316</ele>
      <time>2026-08-29T14:03:16.243+02:00</time>
      <extensions>
        <activity type="ON_FOOT" conf="96" state="moving" tsMs="1788004995548"/>
        <radio op="vodafone IT" rat="LTE" rsrp="-108" rsrq="-15"/>
        <radio op="I TIM" rat="LTE" rsrp="-97" rsrq="-16"/>
      </extensions>
    </trkpt>
    <trkpt lat="45.7534931" lon="10.7507753">
      <ele>120.06810574989316</ele>
      <time>2026-08-29T14:03:29.178+02:00</time>
      <extensions>
        <activity type="ON_FOOT" conf="95" state="moving" tsMs="1788005004933"/>
        <radio op="vodafone IT" rat="LTE" rsrp="-112" rsrq="-18"/>
        <radio op="I TIM" rat="LTE" rsrp="-104" rsrq="-15"/>
      </extensions>
    </trkpt>
    <trkpt lat="45.7534375" lon="10.750949">
      <ele>117.5999984741211</ele>
      <time>2026-08-29T14:03:31.178+02:00</time>
      <extensions>
        <activity type="ON_FOOT" conf="94" state="moving" tsMs="1788005015772"/>
        <radio op="vodafone IT" rat="LTE" q="15.40" rsrp="-103" sinr="2" rsrq="-13"/>
        <radio op="I TIM" rat="LTE" rsrp="-98" rsrq="-15"/>
      </extensions>
    </trkpt>
    <trkpt lat="45.7534294" lon="10.750968">
      <ele>119.31427272758312</ele>
      <time>2026-08-29T14:04:10.184+02:00</time>
      <extensions>
        <activity type="UNKNOWN" conf="40" state="unknown" tsMs="1788005047894"/>
        <radio op="vodafone IT" rat="LTE" rsrp="-99" rsrq="-12"/>
        <radio op="I TIM" rat="LTE" rsrp="-96" rsrq="-14"/>
      </extensions>
    </trkpt>
    <trkpt lat="45.7534348" lon="10.7508549">
      <ele>119.31636081643722</ele>
      <time>2026-08-29T14:04:20.179+02:00</time>
      <extensions>
        <activity type="UNKNOWN" conf="40" state="unknown" tsMs="1788005047894"/>
        <radio op="vodafone IT" rat="LTE" rsrp="-96" rsrq="-12"/>
        <radio op="I TIM" rat="LTE" rsrp="-95" rsrq="-15"/>
      </extensions>
    </trkpt>
    <trkpt lat="45.753386" lon="10.7509835">
      <ele>117.5999984741211</ele>
      <time>2026-08-29T14:04:22.178+02:00</time>
      <extensions>
        <activity type="STILL" conf="100" state="still" tsMs="1788005053569"/>
        <radio op="vodafone IT" rat="LTE" rsrp="-98" rsrq="-13"/>
        <radio op="I TIM" rat="LTE" rsrp="-95" rsrq="-15"/>
      </extensions>
    </trkpt>
    <trkpt lat="45.753394" lon="10.7509755">
      <ele>119.8885162640348</ele>
      <time>2026-08-29T14:05:01.522+02:00</time>
      <extensions>
        <activity type="STILL" conf="45" state="still" tsMs="1788005097280"/>
        <radio op="vodafone IT" rat="LTE" rsrp="-99" rsrq="-14"/>
        <radio op="I TIM" rat="LTE" rsrp="-99" rsrq="-15"/>
      </extensions>
    </trkpt>
    <trkpt lat="45.7534324" lon="10.7509386">
      <ele>119.40197289595443</ele>
      <time>2026-08-29T14:05:34.471+02:00</time>
      <extensions>
        <activity type="STILL" conf="42" state="still" tsMs="1788005129455"/>
        <radio op="vodafone IT" rat="LTE" rsrp="-105" rsrq="-14"/>
        <radio op="I TIM" rat="LTE" rsrp="-96" rsrq="-15"/>
      </extensions>
    </trkpt>
    <trkpt lat="45.7534928" lon="10.750942">
      <ele>119.40197289595443</ele>
      <time>2026-08-29T14:05:38.179+02:00</time>
      <extensions>
        <activity type="UNKNOWN" conf="40" state="unknown" tsMs="1788005143524"/>
        <radio op="vodafone IT" rat="LTE" rsrp="-104" rsrq="-14"/>
        <radio op="I TIM" rat="LTE" rsrp="-100" rsrq="-16"/>
      </extensions>
    </trkpt>
    <trkpt lat="45.753596" lon="10.7510569">
      <ele>117.5999984741211</ele>
      <time>2026-08-29T14:05:48.178+02:00</time>
      <extensions>
        <activity type="ON_FOOT" conf="96" state="moving" tsMs="1788005154337"/>
        <radio op="vodafone IT" rat="LTE" q="9.50" rsrp="-106" sinr="0" rsrq="-15"/>
        <radio op="I TIM" rat="LTE" rsrp="-100" rsrq="-16"/>
      </extensions>
    </trkpt>
    <trkpt lat="45.7535959" lon="10.7510604">
      <ele>120.40202003642173</ele>
      <time>2026-08-29T14:06:25.212+02:00</time>
      <extensions>
        <activity type="ON_FOOT" conf="92" state="moving" tsMs="1788005181138"/>
        <radio op="vodafone IT" rat="LTE" rsrp="-95" rsrq="-13"/>
        <radio op="I TIM" rat="LTE" rsrp="-90" rsrq="-17"/>
      </extensions>
    </trkpt>
    <trkpt lat="45.7534801" lon="10.7509619">
      <ele>120.1472501539989</ele>
      <time>2026-08-29T14:06:58.204+02:00</time>
      <extensions>
        <activity type="ON_FOOT" conf="92" state="moving" tsMs="1788005212989"/>
        <radio op="vodafone IT" rat="LTE" rsrp="-112" rsrq="-13"/>
        <radio op="I TIM" rat="LTE" rsrp="-104" rsrq="-17"/>
      </extensions>
    </trkpt>
    <trkpt lat="45.7535518" lon="10.7509864">
      <ele>120.6639827328462</ele>
      <time>2026-08-29T14:07:01.178+02:00</time>
      <extensions>
        <activity type="ON_FOOT" conf="96" state="moving" tsMs="1788005227072"/>
        <radio op="vodafone IT" rat="LTE" q="13.60" rsrp="-108" sinr="3" rsrq="-15"/>
        <radio op="I TIM" rat="LTE" rsrp="-107" rsrq="-16"/>
      </extensions>
    </trkpt>
    <trkpt lat="45.7535613" lon="10.7509943">
      <ele>120.30000305175781</ele>
      <time>2026-08-29T14:07:39.02+02:00</time>
      <extensions>
        <activity type="ON_FOOT" conf="88" state="moving" tsMs="1788005253835"/>
        <radio op="vodafone IT" rat="LTE" q="11.50" rsrp="-102" sinr="0" rsrq="-15"/>
        <radio op="I TIM" rat="LTE" rsrp="-100" rsrq="-15"/>
      </extensions>
    </trkpt>
    <trkpt lat="45.7538309" lon="10.7511808">
      <ele>120.30000305175781</ele>
      <time>2026-08-29T14:07:45.179+02:00</time>
      <extensions>
        <activity type="ON_FOOT" conf="97" state="moving" tsMs="1788005265214"/>
        <radio op="vodafone IT" rat="LTE" rsrp="-96" rsrq="-13"/>
        <radio op="I TIM" rat="LTE" rsrp="-99" rsrq="-13"/>
      </extensions>
    </trkpt>
    <trkpt lat="45.7538354" lon="10.7511788">
      <ele>120.30000305175781</ele>
      <time>2026-08-29T14:08:20.377+02:00</time>
      <extensions>
        <activity type="UNKNOWN" conf="40" state="unknown" tsMs="1788005297497"/>
        <radio op="vodafone IT" rat="LTE" q="15.60" rsrp="-99" sinr="1" rsrq="-13"/>
        <radio op="I TIM" rat="LTE" rsrp="-101" rsrq="-10"/>
      </extensions>
    </trkpt>
    <trkpt lat="45.7547904" lon="10.7511262">
      <ele>118.0</ele>
      <time>2026-08-29T14:08:51.681+02:00</time>
      <extensions>
        <activity type="UNKNOWN" conf="40" state="unknown" tsMs="1788005326156"/>
        <radio op="vodafone IT" rat="LTE" q="28.00" rsrp="-97" sinr="5" rsrq="-13"/>
        <radio op="I TIM" rat="LTE" q="36.10" rsrp="-106" sinr="14" rsrq="-7"/>
      </extensions>
    </trkpt>
    <trkpt lat="45.7545857" lon="10.750979">
      <ele>118.30000305175781</ele>
      <time>2026-08-29T14:09:23.009+02:00</time>
      <extensions>
        <activity type="ON_FOOT" conf="94" state="moving" tsMs="1788005357556"/>
        <radio op="vodafone IT" rat="LTE" rsrp="-107" rsrq="-15"/>
        <radio op="I TIM" rat="LTE" rsrp="-104" rsrq="-15"/>
      </extensions>
    </trkpt>
    <trkpt lat="45.7546021" lon="10.7510461">
      <ele>117.0</ele>
      <time>2026-08-29T14:09:54.174+02:00</time>
      <extensions>
        <activity type="UNKNOWN" conf="40" state="unknown" tsMs="1788005388679"/>
        <radio op="vodafone IT" rat="LTE" rsrp="-95" rsrq="-12"/>
        <radio op="I TIM" rat="LTE" rsrp="-90" rsrq="-15"/>
      </extensions>
    </trkpt>
    <trkpt lat="45.7546083" lon="10.7510994">
      <ele>117.9000015258789</ele>
      <time>2026-08-29T14:10:25.47+02:00</time>
      <extensions>
        <activity type="ON_FOOT" conf="81" state="moving" tsMs="1788005419947"/>
        <radio op="vodafone IT" rat="LTE" q="11.90" rsrp="-108" sinr="2" rsrq="-13"/>
        <radio op="I TIM" rat="LTE" rsrp="-101" rsrq="-15"/>
      </extensions>
    </trkpt>
    <trkpt lat="45.7546039" lon="10.7510311">
      <ele>117.0</ele>
      <time>2026-08-29T14:10:56.768+02:00</time>
      <extensions>
        <activity type="UNKNOWN" conf="40" state="unknown" tsMs="1788005451185"/>
        <radio op="vodafone IT" rat="LTE" rsrp="-105" rsrq="-12"/>
        <radio op="I TIM" rat="LTE" q="18.90" rsrp="-104" sinr="4" rsrq="-10"/>
      </extensions>
    </trkpt>
    <trkpt lat="45.7539447" lon="10.7510198">
      <ele>117.9000015258789</ele>
      <time>2026-08-29T14:11:42.177+02:00</time>
      <extensions>
        <activity type="UNKNOWN" conf="40" state="unknown" tsMs="1788005509006"/>
        <radio op="vodafone IT" rat="LTE" rsrp="-118" rsrq="-16"/>
        <radio op="I TIM" rat="LTE" rsrp="-115" rsrq="-16"/>
      </extensions>
    </trkpt>
    <trkpt lat="45.7546251" lon="10.7511125">
      <ele>117.9000015258789</ele>
      <time>2026-08-29T14:12:24.319+02:00</time>
      <extensions>
        <activity type="UNKNOWN" conf="40" state="unknown" tsMs="1788005541758"/>
        <radio op="vodafone IT" rat="LTE" q="18.60" rsrp="-94" sinr="1" rsrq="-12"/>
        <radio op="I TIM" rat="LTE" rsrp="-94" rsrq="-14"/>
      </extensions>
    </trkpt>
    <trkpt lat="45.7547225" lon="10.7511539">
      <ele>117.80000305175781</ele>
      <time>2026-08-29T14:13:05.418+02:00</time>
      <extensions>
        <activity type="UNKNOWN" conf="40" state="unknown" tsMs="1788005585314"/>
        <radio op="vodafone IT" rat="LTE" rsrp="-114" rsrq="-15"/>
        <radio op="I TIM" rat="LTE" rsrp="-104" rsrq="-14"/>
      </extensions>
    </trkpt>
    <trkpt lat="45.7545899" lon="10.7510165">
      <ele>118.0</ele>
      <time>2026-08-29T14:13:41.898+02:00</time>
      <extensions>
        <activity type="ON_FOOT" conf="88" state="moving" tsMs="1788005617316"/>
        <radio op="vodafone IT" rat="LTE" q="13.80" rsrp="-102" sinr="1" rsrq="-11"/>
        <radio op="I TIM" rat="LTE" rsrp="-105" rsrq="-16"/>
      </extensions>
    </trkpt>
    <trkpt lat="45.754447" lon="10.7508124">
      <ele>118.30000305175781</ele>
      <time>2026-08-29T14:14:26.022+02:00</time>
      <extensions>
        <activity type="STILL" conf="92" state="still" tsMs="1788005661751"/>
        <radio op="vodafone IT" rat="LTE" q="17.60" rsrp="-103" sinr="3" rsrq="-13"/>
        <radio op="I TIM" rat="LTE" rsrp="-101" rsrq="-15"/>
      </extensions>
    </trkpt>
    <trkpt lat="45.7546037" lon="10.7509751">
      <ele>118.0</ele>
      <time>2026-08-29T14:14:58.862+02:00</time>
      <extensions>
        <activity type="STILL" conf="99" state="still" tsMs="1788005694079"/>
        <radio op="vodafone IT" rat="LTE" q="11.20" rsrp="-109" sinr="2" rsrq="-14"/>
        <radio op="I TIM" rat="LTE" rsrp="-103" rsrq="-16"/>
      </extensions>
    </trkpt>
    <trkpt lat="45.7544512" lon="10.7508193">
      <ele>118.30000305175781</ele>
      <time>2026-08-29T14:15:54.828+02:00</time>
      <extensions>
        <activity type="STILL" conf="99" state="still" tsMs="1788005754061"/>
        <radio op="vodafone IT" rat="LTE" q="12.00" rsrp="-105" sinr="1" rsrq="-13"/>
        <radio op="I TIM" rat="LTE" rsrp="-103" rsrq="-15"/>
      </extensions>
    </trkpt>
    <trkpt lat="45.7543494" lon="10.7506697">
      <ele>120.9000015258789</ele>
      <time>2026-08-29T14:16:38.055+02:00</time>
      <extensions>
        <activity type="STILL" conf="76" state="still" tsMs="1788005799644"/>
        <radio op="vodafone IT" rat="LTE" rsrp="-104" rsrq="-10"/>
        <radio op="I TIM" rat="LTE" q="17.50" rsrp="-90" sinr="0" rsrq="-14"/>
      </extensions>
    </trkpt>
    <trkpt lat="45.7542552" lon="10.7509847">
      <ele>118.9000015258789</ele>
      <time>2026-08-29T14:16:50.526+02:00</time>
      <extensions>
        <activity type="STILL" conf="76" state="still" tsMs="1788005799644"/>
        <radio op="vodafone IT" rat="LTE" rsrp="-102" rsrq="-12"/>
        <radio op="I TIM" rat="LTE" rsrp="-92" rsrq="-15"/>
      </extensions>
    </trkpt>
    <trkpt lat="45.7542341" lon="10.7510362">
      <ele>118.0</ele>
      <time>2026-08-29T14:17:01.123+02:00</time>
      <extensions>
        <activity type="UNKNOWN" conf="40" state="unknown" tsMs="1788005804455"/>
        <radio op="vodafone IT" rat="LTE" q="25.30" rsrp="-102" sinr="6" rsrq="-13"/>
        <radio op="I TIM" rat="LTE" rsrp="-90" rsrq="-14"/>
      </extensions>
    </trkpt>
    <trkpt lat="45.7542331" lon="10.7510347">
      <ele>118.0</ele>
      <time>2026-08-29T14:17:10.826+02:00</time>
      <extensions>
        <activity type="UNKNOWN" conf="40" state="unknown" tsMs="1788005804455"/>
        <radio op="vodafone IT" rat="LTE" rsrp="-98" rsrq="-14"/>
        <radio op="I TIM" rat="LTE" q="13.20" rsrp="-103" sinr="1" rsrq="-15"/>
      </extensions>
    </trkpt>
    <trkpt lat="45.7542372" lon="10.7510329">
      <ele>118.0</ele>
      <time>2026-08-29T14:17:21.25+02:00</time>
      <extensions>
        <activity type="UNKNOWN" conf="40" state="unknown" tsMs="1788005823035"/>
        <radio op="vodafone IT" rat="LTE" q="19.20" rsrp="-101" sinr="3" rsrq="-15"/>
        <radio op="I TIM" rat="LTE" rsrp="-98" rsrq="-13"/>
      </extensions>
    </trkpt>
    <trkpt lat="45.7542363" lon="10.7510219">
      <ele>117.0</ele>
      <time>2026-08-29T14:17:31.25+02:00</time>
      <extensions>
        <activity type="UNKNOWN" conf="40" state="unknown" tsMs="1788005823035"/>
        <radio op="vodafone IT" rat="LTE" rsrp="-102" rsrq="-14"/>
        <radio op="I TIM" rat="LTE" rsrp="-99" rsrq="-15"/>
      </extensions>
    </trkpt>
    <trkpt lat="45.7542421" lon="10.751022">
      <ele>118.30000305175781</ele>
      <time>2026-08-29T14:17:41.25+02:00</time>
      <extensions>
        <activity type="UNKNOWN" conf="40" state="unknown" tsMs="1788005839850"/>
        <radio op="vodafone IT" rat="LTE" rsrp="-100" rsrq="-14"/>
        <radio op="I TIM" rat="LTE" rsrp="-95" rsrq="-13"/>
      </extensions>
    </trkpt>
    <trkpt lat="45.7542449" lon="10.7510204">
      <ele>117.9000015258789</ele>
      <time>2026-08-29T14:17:51.25+02:00</time>
      <extensions>
        <activity type="UNKNOWN" conf="40" state="unknown" tsMs="1788005857760"/>
        <radio op="vodafone IT" rat="LTE" rsrp="-98" rsrq="-14"/>
        <radio op="I TIM" rat="LTE" rsrp="-94" rsrq="-15"/>
      </extensions>
    </trkpt>
    <trkpt lat="45.7542387" lon="10.7510229">
      <ele>117.0</ele>
      <time>2026-08-29T14:18:01.239+02:00</time>
      <extensions>
        <activity type="UNKNOWN" conf="40" state="unknown" tsMs="1788005857760"/>
        <radio op="vodafone IT" rat="LTE" q="22.40" rsrp="-93" sinr="2" rsrq="-10"/>
        <radio op="I TIM" rat="LTE" q="37.00" rsrp="-88" sinr="5" rsrq="-12"/>
      </extensions>
    </trkpt>
    <trkpt lat="45.7542211" lon="10.7510461">
      <ele>117.0</ele>
      <time>2026-08-29T14:18:11.25+02:00</time>
      <extensions>
        <activity type="UNKNOWN" conf="40" state="unknown" tsMs="1788005876190"/>
        <radio op="vodafone IT" rat="LTE" rsrp="-111" rsrq="-16"/>
        <radio op="I TIM" rat="LTE" rsrp="-106" rsrq="-15"/>
      </extensions>
    </trkpt>
    <trkpt lat="45.7542267" lon="10.7510588">
      <ele>118.30000305175781</ele>
      <time>2026-08-29T14:18:21.256+02:00</time>
      <extensions>
        <activity type="UNKNOWN" conf="40" state="unknown" tsMs="1788005876190"/>
        <radio op="vodafone IT" rat="LTE" rsrp="-98" rsrq="-14"/>
        <radio op="I TIM" rat="LTE" q="17.00" rsrp="-91" sinr="0" rsrq="-14"/>
      </extensions>
    </trkpt>
    <trkpt lat="45.7542723" lon="10.7510364">
      <ele>118.0</ele>
      <time>2026-08-29T14:18:32.249+02:00</time>
      <extensions>
        <activity type="UNKNOWN" conf="40" state="unknown" tsMs="1788005893554"/>
        <radio op="vodafone IT" rat="LTE" rsrp="-103" rsrq="-12"/>
        <radio op="I TIM" rat="LTE" rsrp="-101" rsrq="-15"/>
      </extensions>
    </trkpt>
    <trkpt lat="45.7542505" lon="10.7510497">
      <ele>117.0</ele>
      <time>2026-08-29T14:18:42.179+02:00</time>
      <extensions>
        <activity type="UNKNOWN" conf="40" state="unknown" tsMs="1788005893554"/>
        <radio op="vodafone IT" rat="LTE" rsrp="-97" rsrq="-13"/>
        <radio op="I TIM" rat="LTE" rsrp="-94" rsrq="-13"/>
      </extensions>
    </trkpt>
    <trkpt lat="45.754222" lon="10.7510495">
      <ele>118.0</ele>
      <time>2026-08-29T14:18:52.218+02:00</time>
      <extensions>
        <activity type="STILL" conf="40" state="still" tsMs="1788005910919"/>
        <radio op="vodafone IT" rat="LTE" q="15.60" rsrp="-99" sinr="1" rsrq="-12"/>
        <radio op="I TIM" rat="LTE" rsrp="-97" rsrq="-14"/>
      </extensions>
    </trkpt>
    <trkpt lat="45.7542188" lon="10.7510461">
      <ele>117.0</ele>
      <time>2026-08-29T14:19:02.249+02:00</time>
      <extensions>
        <activity type="UNKNOWN" conf="40" state="unknown" tsMs="1788005928936"/>
        <radio op="vodafone IT" rat="LTE" rsrp="-108" rsrq="-15"/>
        <radio op="I TIM" rat="LTE" rsrp="-101" rsrq="-15"/>
      </extensions>
    </trkpt>
    <trkpt lat="45.7542319" lon="10.7510522">
      <ele>117.9000015258789</ele>
      <time>2026-08-29T14:19:12.225+02:00</time>
      <extensions>
        <activity type="UNKNOWN" conf="40" state="unknown" tsMs="1788005928936"/>
        <radio op="vodafone IT" rat="LTE" rsrp="-101" rsrq="-11"/>
        <radio op="I TIM" rat="LTE" rsrp="-99" rsrq="-14"/>
      </extensions>
    </trkpt>
    <trkpt lat="45.7542432" lon="10.7510498">
      <ele>118.0</ele>
      <time>2026-08-29T14:19:22.179+02:00</time>
      <extensions>
        <activity type="UNKNOWN" conf="40" state="unknown" tsMs="1788005946854"/>
        <radio op="vodafone IT" rat="LTE" rsrp="-104" rsrq="-13"/>
        <radio op="I TIM" rat="LTE" rsrp="-95" rsrq="-14"/>
      </extensions>
    </trkpt>
    <trkpt lat="45.7542571" lon="10.7510361">
      <ele>118.30000305175781</ele>
      <time>2026-08-29T14:19:32.25+02:00</time>
      <extensions>
        <activity type="UNKNOWN" conf="40" state="unknown" tsMs="1788005946854"/>
        <radio op="vodafone IT" rat="LTE" rsrp="-97" rsrq="-12"/>
        <radio op="I TIM" rat="LTE" rsrp="-93" rsrq="-13"/>
      </extensions>
    </trkpt>
    <trkpt lat="45.7542041" lon="10.7510161">
      <ele>117.19999694824219</ele>
      <time>2026-08-29T14:19:43.187+02:00</time>
      <extensions>
        <activity type="UNKNOWN" conf="40" state="unknown" tsMs="1788005964775"/>
        <radio op="vodafone IT" rat="LTE" q="13.20" rsrp="-103" sinr="1" rsrq="-13"/>
        <radio op="I TIM" rat="LTE" q="11.00" rsrp="-103" sinr="0" rsrq="-15"/>
      </extensions>
    </trkpt>
    <trkpt lat="45.7541704" lon="10.7509639">
      <ele>118.0</ele>
      <time>2026-08-29T14:20:03.193+02:00</time>
      <extensions>
        <activity type="UNKNOWN" conf="40" state="unknown" tsMs="1788005982701"/>
        <radio op="vodafone IT" rat="LTE" rsrp="-104" rsrq="-13"/>
        <radio op="I TIM" rat="LTE" q="12.00" rsrp="-101" sinr="0" rsrq="-15"/>
      </extensions>
    </trkpt>
    <trkpt lat="45.754183" lon="10.7510425">
      <ele>118.0</ele>
      <time>2026-08-29T14:20:13.563+02:00</time>
      <extensions>
        <activity type="ON_FOOT" conf="97" state="moving" tsMs="1788006000112"/>
        <radio op="vodafone IT" rat="LTE" q="41.80" rsrp="-87" sinr="6" rsrq="-9"/>
        <radio op="I TIM" rat="LTE" q="47.60" rsrp="-97" sinr="12" rsrq="-14"/>
      </extensions>
    </trkpt>
    <trkpt lat="45.7540563" lon="10.7511685">
      <ele>117.0</ele>
      <time>2026-08-29T14:20:23.503+02:00</time>
      <extensions>
        <activity type="ON_FOOT" conf="98" state="moving" tsMs="1788006018091"/>
        <radio op="vodafone IT" rat="LTE" q="33.30" rsrp="-88" sinr="4" rsrq="-9"/>
        <radio op="I TIM" rat="LTE" rsrp="-86" rsrq="-12"/>
      </extensions>
    </trkpt>
    <trkpt lat="45.7539438" lon="10.7512762">
      <ele>117.0</ele>
      <time>2026-08-29T14:20:33.627+02:00</time>
      <extensions>
        <activity type="ON_FOOT" conf="98" state="moving" tsMs="1788006028726"/>
        <radio op="vodafone IT" rat="LTE" q="29.60" rsrp="-88" sinr="3" rsrq="-9"/>
        <radio op="I TIM" rat="LTE" rsrp="-88" rsrq="-13"/>
      </extensions>
    </trkpt>
    <trkpt lat="45.7538682" lon="10.7513454">
      <ele>117.0</ele>
      <time>2026-08-29T14:20:43.885+02:00</time>
      <extensions>
        <activity type="UNKNOWN" conf="40" state="unknown" tsMs="1788006043828"/>
        <radio op="vodafone IT" rat="LTE" q="32.40" rsrp="-89" sinr="4" rsrq="-10"/>
        <radio op="I TIM" rat="LTE" rsrp="-86" rsrq="-12"/>
      </extensions>
    </trkpt>
    <trkpt lat="45.7537896" lon="10.7514355">
      <ele>117.0</ele>
      <time>2026-08-29T14:20:53.903+02:00</time>
      <extensions>
        <activity type="UNKNOWN" conf="40" state="unknown" tsMs="1788006043828"/>
        <radio op="vodafone IT" rat="LTE" q="24.50" rsrp="-90" sinr="2" rsrq="-10"/>
        <radio op="I TIM" rat="LTE" q="26.60" rsrp="-87" sinr="2" rsrq="-12"/>
      </extensions>
    </trkpt>
    <trkpt lat="45.7537176" lon="10.7515468">
      <ele>117.0</ele>
      <time>2026-08-29T14:21:03.996+02:00</time>
      <extensions>
        <activity type="ON_FOOT" conf="96" state="moving" tsMs="1788006047463"/>
        <radio op="vodafone IT" rat="LTE" q="22.20" rsrp="-88" sinr="1" rsrq="-9"/>
        <radio op="I TIM" rat="LTE" rsrp="-89" rsrq="-13"/>
      </extensions>
    </trkpt>
    <trkpt lat="45.7537315" lon="10.7514594">
      <ele>118.0</ele>
      <time>2026-08-29T14:21:14.178+02:00</time>
      <extensions>
        <activity type="ON_FOOT" conf="96" state="moving" tsMs="1788006047463"/>
        <radio op="vodafone IT" rat="LTE" q="14.00" rsrp="-105" sinr="2" rsrq="-13"/>
        <radio op="I TIM" rat="LTE" rsrp="-105" rsrq="-16"/>
      </extensions>
    </trkpt>
    <trkpt lat="45.7538438" lon="10.75132">
      <ele>118.30000305175781</ele>
      <time>2026-08-29T14:21:24.25+02:00</time>
      <extensions>
        <activity type="ON_FOOT" conf="96" state="moving" tsMs="1788006065262"/>
        <radio op="vodafone IT" rat="LTE" q="14.00" rsrp="-105" sinr="2" rsrq="-14"/>
        <radio op="I TIM" rat="LTE" rsrp="-105" rsrq="-16"/>
      </extensions>
    </trkpt>
    <trkpt lat="45.753947" lon="10.7512239">
      <ele>118.0</ele>
      <time>2026-08-29T14:21:34.249+02:00</time>
      <extensions>
        <activity type="ON_FOOT" conf="98" state="moving" tsMs="1788006082447"/>
        <radio op="vodafone IT" rat="LTE" rsrp="-108" rsrq="-14"/>
        <radio op="I TIM" rat="LTE" rsrp="-104" rsrq="-15"/>
      </extensions>
    </trkpt>
    <trkpt lat="45.7539917" lon="10.751217">
      <ele>117.19999694824219</ele>
      <time>2026-08-29T14:21:44.464+02:00</time>
      <extensions>
        <activity type="ON_FOOT" conf="98" state="moving" tsMs="1788006082447"/>
        <radio op="vodafone IT" rat="LTE" q="35.00" rsrp="-90" sinr="5" rsrq="-9"/>
        <radio op="I TIM" rat="LTE" rsrp="-92" rsrq="-12"/>
      </extensions>
    </trkpt>
    <trkpt lat="45.7540221" lon="10.7512335">
      <ele>118.30000305175781</ele>
      <time>2026-08-29T14:21:54.249+02:00</time>
      <extensions>
        <activity type="UNKNOWN" conf="40" state="unknown" tsMs="1788006114826"/>
        <radio op="vodafone IT" rat="LTE" rsrp="-108" rsrq="-14"/>
        <radio op="I TIM" rat="LTE" rsrp="-103" rsrq="-14"/>
      </extensions>
    </trkpt>
    <trkpt lat="45.7540288" lon="10.7512268">
      <ele>118.30000305175781</ele>
      <time>2026-08-29T14:22:04.25+02:00</time>
      <extensions>
        <activity type="UNKNOWN" conf="40" state="unknown" tsMs="1788006114826"/>
        <radio op="vodafone IT" rat="LTE" q="28.80" rsrp="-89" sinr="3" rsrq="-8"/>
        <radio op="I TIM" rat="LTE" rsrp="-89" rsrq="-13"/>
      </extensions>
    </trkpt>
    <trkpt lat="45.7540674" lon="10.751354">
      <ele>117.9000015258789</ele>
      <time>2026-08-29T14:22:14.442+02:00</time>
      <extensions>
        <activity type="UNKNOWN" conf="40" state="unknown" tsMs="1788006119081"/>
        <radio op="vodafone IT" rat="LTE" rsrp="-97" rsrq="-12"/>
        <radio op="I TIM" rat="LTE" q="16.80" rsrp="-97" sinr="1" rsrq="-13"/>
      </extensions>
    </trkpt>
    <trkpt lat="45.7540501" lon="10.7514845">
      <ele>118.9000015258789</ele>
      <time>2026-08-29T14:22:24.256+02:00</time>
      <extensions>
        <activity type="UNKNOWN" conf="40" state="unknown" tsMs="1788006119081"/>
        <radio op="vodafone IT" rat="LTE" q="20.80" rsrp="-99" sinr="3" rsrq="-11"/>
        <radio op="I TIM" rat="LTE" rsrp="-101" rsrq="-15"/>
      </extensions>
    </trkpt>
    <trkpt lat="45.7540251" lon="10.7514852">
      <ele>117.0</ele>
      <time>2026-08-29T14:22:35.25+02:00</time>
      <extensions>
        <activity type="UNKNOWN" conf="40" state="unknown" tsMs="1788006137537"/>
        <radio op="vodafone IT" rat="LTE" rsrp="-95" rsrq="-11"/>
        <radio op="I TIM" rat="LTE" rsrp="-94" rsrq="-13"/>
      </extensions>
    </trkpt>
    <trkpt lat="45.754025" lon="10.751487">
      <ele>118.0</ele>
      <time>2026-08-29T14:22:45.249+02:00</time>
      <extensions>
        <activity type="UNKNOWN" conf="40" state="unknown" tsMs="1788006137537"/>
        <radio op="vodafone IT" rat="LTE" q="19.20" rsrp="-93" sinr="1" rsrq="-11"/>
        <radio op="I TIM" rat="LTE" rsrp="-96" rsrq="-14"/>
      </extensions>
    </trkpt>
    <trkpt lat="45.7540255" lon="10.7514919">
      <ele>118.30000305175781</ele>
      <time>2026-08-29T14:22:55.249+02:00</time>
      <extensions>
        <activity type="UNKNOWN" conf="40" state="unknown" tsMs="1788006155577"/>
        <radio op="vodafone IT" rat="LTE" q="32.00" rsrp="-93" sinr="5" rsrq="-11"/>
        <radio op="I TIM" rat="LTE" rsrp="-97" rsrq="-15"/>
      </extensions>
    </trkpt>
    <trkpt lat="45.7540233" lon="10.7515001">
      <ele>118.0</ele>
      <time>2026-08-29T14:23:05.645+02:00</time>
      <extensions>
        <activity type="UNKNOWN" conf="40" state="unknown" tsMs="1788006173183"/>
        <radio op="vodafone IT" rat="LTE" q="26.40" rsrp="-92" sinr="3" rsrq="-10"/>
        <radio op="I TIM" rat="LTE" q="14.00" rsrp="-97" sinr="0" rsrq="-15"/>
      </extensions>
    </trkpt>
    <trkpt lat="45.7540146" lon="10.7515006">
      <ele>118.0</ele>
      <time>2026-08-29T14:23:15.571+02:00</time>
      <extensions>
        <activity type="UNKNOWN" conf="40" state="unknown" tsMs="1788006173183"/>
        <radio op="vodafone IT" rat="LTE" q="34.10" rsrp="-94" sinr="6" rsrq="-10"/>
        <radio op="I TIM" rat="LTE" rsrp="-98" rsrq="-15"/>
      </extensions>
    </trkpt>
    <trkpt lat="45.7540054" lon="10.7514988">
      <ele>118.0</ele>
      <time>2026-08-29T14:23:25.249+02:00</time>
      <extensions>
        <activity type="UNKNOWN" conf="40" state="unknown" tsMs="1788006191230"/>
        <radio op="vodafone IT" rat="LTE" q="37.70" rsrp="-96" sinr="8" rsrq="-11"/>
        <radio op="I TIM" rat="LTE" rsrp="-99" rsrq="-15"/>
      </extensions>
    </trkpt>
    <trkpt lat="45.7539938" lon="10.7515005">
      <ele>117.4000015258789</ele>
      <time>2026-08-29T14:23:35.254+02:00</time>
      <extensions>
        <activity type="UNKNOWN" conf="40" state="unknown" tsMs="1788006191230"/>
        <radio op="vodafone IT" rat="LTE" q="28.00" rsrp="-97" sinr="5" rsrq="-11"/>
        <radio op="I TIM" rat="LTE" q="22.50" rsrp="-100" sinr="4" rsrq="-15"/>
      </extensions>
    </trkpt>
    <trkpt lat="45.7539917" lon="10.7515004">
      <ele>118.0</ele>
      <time>2026-08-29T14:23:45.249+02:00</time>
      <extensions>
        <activity type="UNKNOWN" conf="40" state="unknown" tsMs="1788006208297"/>
        <radio op="vodafone IT" rat="LTE" q="18.00" rsrp="-95" sinr="1" rsrq="-11"/>
        <radio op="I TIM" rat="LTE" rsrp="-95" rsrq="-13"/>
      </extensions>
    </trkpt>
    <trkpt lat="45.7539901" lon="10.7515001">
      <ele>118.30000305175781</ele>
      <time>2026-08-29T14:23:56.277+02:00</time>
      <extensions>
        <activity type="UNKNOWN" conf="40" state="unknown" tsMs="1788006208297"/>
        <radio op="vodafone IT" rat="LTE" q="27.00" rsrp="-95" sinr="4" rsrq="-11"/>
        <radio op="I TIM" rat="LTE" rsrp="-95" rsrq="-15"/>
      </extensions>
    </trkpt>
    <trkpt lat="45.7539898" lon="10.7515005">
      <ele>117.0</ele>
      <time>2026-08-29T14:24:06.25+02:00</time>
      <extensions>
        <activity type="UNKNOWN" conf="40" state="unknown" tsMs="1788006225218"/>
        <radio op="vodafone IT" rat="LTE" q="28.80" rsrp="-93" sinr="4" rsrq="-11"/>
        <radio op="I TIM" rat="LTE" rsrp="-97" rsrq="-16"/>
      </extensions>
    </trkpt>
    <trkpt lat="45.7539896" lon="10.7515008">
      <ele>117.9000015258789</ele>
      <time>2026-08-29T14:24:16.25+02:00</time>
      <extensions>
        <activity type="STILL" conf="97" state="still" tsMs="1788006242538"/>
        <radio op="vodafone IT" rat="LTE" q="36.30" rsrp="-92" sinr="6" rsrq="-11"/>
        <radio op="I TIM" rat="LTE" q="14.00" rsrp="-97" sinr="0" rsrq="-17"/>
      </extensions>
    </trkpt>
    <trkpt lat="45.7539897" lon="10.7515014">
      <ele>117.0</ele>
      <time>2026-08-29T14:24:26.249+02:00</time>
      <extensions>
        <activity type="UNKNOWN" conf="40" state="unknown" tsMs="1788006254989"/>
        <radio op="vodafone IT" rat="LTE" q="32.00" rsrp="-93" sinr="5" rsrq="-10"/>
        <radio op="I TIM" rat="LTE" rsrp="-100" rsrq="-15"/>
      </extensions>
    </trkpt>
    <trkpt lat="45.7539933" lon="10.7515189">
      <ele>117.9000015258789</ele>
      <time>2026-08-29T14:24:36.178+02:00</time>
      <extensions>
        <activity type="UNKNOWN" conf="40" state="unknown" tsMs="1788006275204"/>
        <radio op="vodafone IT" rat="LTE" q="21.60" rsrp="-101" sinr="4" rsrq="-13"/>
        <radio op="I TIM" rat="LTE" rsrp="-94" rsrq="-14"/>
      </extensions>
    </trkpt>
    <trkpt lat="45.7539998" lon="10.7515125">
      <ele>118.0</ele>
      <time>2026-08-29T14:24:46.178+02:00</time>
      <extensions>
        <activity type="UNKNOWN" conf="40" state="unknown" tsMs="1788006275204"/>
        <radio op="vodafone IT" rat="LTE" q="21.70" rsrp="-94" sinr="2" rsrq="-11"/>
        <radio op="I TIM" rat="LTE" rsrp="-99" rsrq="-15"/>
      </extensions>
    </trkpt>
    <trkpt lat="45.7539982" lon="10.7515111">
      <ele>118.30000305175781</ele>
      <time>2026-08-29T14:24:56.177+02:00</time>
      <extensions>
        <activity type="UNKNOWN" conf="40" state="unknown" tsMs="1788006278819"/>
        <radio op="vodafone IT" rat="LTE" q="25.60" rsrp="-93" sinr="3" rsrq="-11"/>
        <radio op="I TIM" rat="LTE" rsrp="-95" rsrq="-15"/>
      </extensions>
    </trkpt>
    <trkpt lat="45.7540264" lon="10.7516139">
      <ele>118.30000305175781</ele>
      <time>2026-08-29T14:25:07.178+02:00</time>
      <extensions>
        <activity type="UNKNOWN" conf="40" state="unknown" tsMs="1788006278819"/>
        <radio op="vodafone IT" rat="LTE" rsrp="-91" rsrq="-12"/>
        <radio op="I TIM" rat="LTE" rsrp="-94" rsrq="-14"/>
      </extensions>
    </trkpt>
    <trkpt lat="45.7539976" lon="10.7515105">
      <ele>117.0</ele>
      <time>2026-08-29T14:25:17.178+02:00</time>
      <extensions>
        <activity type="UNKNOWN" conf="40" state="unknown" tsMs="1788006316477"/>
        <radio op="vodafone IT" rat="LTE" q="19.20" rsrp="-93" sinr="1" rsrq="-10"/>
        <radio op="I TIM" rat="LTE" rsrp="-91" rsrq="-13"/>
      </extensions>
    </trkpt>
    <trkpt lat="45.7539145" lon="10.7513793">
      <ele>117.0</ele>
      <time>2026-08-29T14:25:27.178+02:00</time>
      <extensions>
        <activity type="UNKNOWN" conf="40" state="unknown" tsMs="1788006316477"/>
        <radio op="vodafone IT" rat="LTE" q="32.40" rsrp="-89" sinr="4" rsrq="-11"/>
        <radio op="I TIM" rat="LTE" q="18.50" rsrp="-88" sinr="0" rsrq="-13"/>
      </extensions>
    </trkpt>
    <trkpt lat="45.753895" lon="10.7513609">
      <ele>117.58791428778912</ele>
      <time>2026-08-29T14:25:37.177+02:00</time>
      <extensions>
        <activity type="UNKNOWN" conf="40" state="unknown" tsMs="1788006322838"/>
        <radio op="vodafone IT" rat="LTE" q="28.00" rsrp="-90" sinr="3" rsrq="-9"/>
        <radio op="I TIM" rat="LTE" q="16.50" rsrp="-92" sinr="0" rsrq="-13"/>
      </extensions>
    </trkpt>
    <trkpt lat="45.7538969" lon="10.7513438">
      <ele>118.30000305175781</ele>
      <time>2026-08-29T14:25:47.178+02:00</time>
      <extensions>
        <activity type="UNKNOWN" conf="40" state="unknown" tsMs="1788006344224"/>
        <radio op="vodafone IT" rat="LTE" q="33.00" rsrp="-92" sinr="5" rsrq="-11"/>
        <radio op="I TIM" rat="LTE" rsrp="-97" rsrq="-15"/>
      </extensions>
    </trkpt>
    <trkpt lat="45.7538887" lon="10.7513474">
      <ele>118.30000305175781</ele>
      <time>2026-08-29T14:25:57.177+02:00</time>
      <extensions>
        <activity type="UNKNOWN" conf="40" state="unknown" tsMs="1788006344224"/>
        <radio op="vodafone IT" rat="LTE" q="46.20" rsrp="-92" sinr="9" rsrq="-10"/>
        <radio op="I TIM" rat="LTE" rsrp="-97" rsrq="-16"/>
      </extensions>
    </trkpt>
    <trkpt lat="45.7538665" lon="10.7513633">
      <ele>118.0</ele>
      <time>2026-08-29T14:26:07.178+02:00</time>
      <extensions>
        <activity type="UNKNOWN" conf="40" state="unknown" tsMs="1788006365675"/>
        <radio op="vodafone IT" rat="LTE" q="44.20" rsrp="-91" sinr="8" rsrq="-9"/>
        <radio op="I TIM" rat="LTE" rsrp="-98" rsrq="-14"/>
      </extensions>
    </trkpt>
    <trkpt lat="45.7538241" lon="10.7514663">
      <ele>117.80000305175781</ele>
      <time>2026-08-29T14:26:17.178+02:00</time>
      <extensions>
        <activity type="UNKNOWN" conf="40" state="unknown" tsMs="1788006370966"/>
        <radio op="vodafone IT" rat="LTE" rsrp="-94" rsrq="-13"/>
        <radio op="I TIM" rat="LTE" rsrp="-92" rsrq="-14"/>
      </extensions>
    </trkpt>
    <trkpt lat="45.7537133" lon="10.7515402">
      <ele>117.80000305175781</ele>
      <time>2026-08-29T14:26:28.178+02:00</time>
      <extensions>
        <activity type="UNKNOWN" conf="40" state="unknown" tsMs="1788006370966"/>
        <radio op="vodafone IT" rat="LTE" q="17.50" rsrp="-90" sinr="0" rsrq="-10"/>
        <radio op="I TIM" rat="LTE" rsrp="-88" rsrq="-13"/>
      </extensions>
    </trkpt>
    <trkpt lat="45.7536767" lon="10.7515889">
      <ele>117.80000305175781</ele>
      <time>2026-08-29T14:26:38.178+02:00</time>
      <extensions>
        <activity type="UNKNOWN" conf="40" state="unknown" tsMs="1788006375208"/>
        <radio op="vodafone IT" rat="LTE" q="16.00" rsrp="-93" sinr="0" rsrq="-11"/>
        <radio op="I TIM" rat="LTE" rsrp="-89" rsrq="-13"/>
      </extensions>
    </trkpt>
    <trkpt lat="45.7536236" lon="10.7517394">
      <ele>116.32015341408587</ele>
      <time>2026-08-29T14:26:58.177+02:00</time>
      <extensions>
        <activity type="UNKNOWN" conf="40" state="unknown" tsMs="1788006394585"/>
        <radio op="vodafone IT" rat="LTE" rsrp="-112" rsrq="-14"/>
        <radio op="I TIM" rat="LTE" rsrp="-115" rsrq="-13"/>
      </extensions>
    </trkpt>
    <trkpt lat="45.7535973" lon="10.7518135">
      <ele>116.20118324674087</ele>
      <time>2026-08-29T14:27:08.177+02:00</time>
      <extensions>
        <activity type="UNKNOWN" conf="40" state="unknown" tsMs="1788006413931"/>
        <radio op="vodafone IT" rat="LTE" rsrp="-121" rsrq="-19"/>
        <radio op="I TIM" rat="LTE" rsrp="-125" rsrq="-17"/>
      </extensions>
    </trkpt>
    <trkpt lat="45.7536116" lon="10.7520041">
      <ele>117.01463298296623</ele>
      <time>2026-08-29T14:27:18.178+02:00</time>
      <extensions>
        <activity type="UNKNOWN" conf="40" state="unknown" tsMs="1788006435541"/>
        <radio op="vodafone IT" rat="LTE" rsrp="-107" rsrq="-14"/>
        <radio op="I TIM" rat="LTE" rsrp="-115" rsrq="-14"/>
      </extensions>
    </trkpt>
    <trkpt lat="45.7533222" lon="10.7527369">
      <ele>118.60698695070181</ele>
      <time>2026-08-29T14:27:28.178+02:00</time>
      <extensions>
        <activity type="ON_BICYCLE" conf="92" state="moving" tsMs="1788006446150"/>
        <radio op="vodafone IT" rat="LTE" q="14.70" rsrp="-104" sinr="2" rsrq="-13"/>
        <radio op="I TIM" rat="LTE" rsrp="-105" rsrq="-15"/>
      </extensions>
    </trkpt>
    <trkpt lat="45.7529071" lon="10.7534416">
      <ele>119.31737416103071</ele>
      <time>2026-08-29T14:27:38.177+02:00</time>
      <extensions>
        <activity type="UNKNOWN" conf="40" state="unknown" tsMs="1788006457019"/>
        <radio op="vodafone IT" rat="LTE" q="10.50" rsrp="-104" sinr="0" rsrq="-13"/>
        <radio op="I TIM" rat="LTE" rsrp="-106" rsrq="-15"/>
      </extensions>
    </trkpt>
    <trkpt lat="45.7524718" lon="10.7541483">
      <ele>119.26517641666722</ele>
      <time>2026-08-29T14:27:48.177+02:00</time>
      <extensions>
        <activity type="UNKNOWN" conf="40" state="unknown" tsMs="1788006467841"/>
        <radio op="vodafone IT" rat="LTE" rsrp="-104" rsrq="-13"/>
        <radio op="I TIM" rat="LTE" rsrp="-105" rsrq="-17"/>
      </extensions>
    </trkpt>
    <trkpt lat="45.7520473" lon="10.7547744">
      <ele>118.69435153907119</ele>
      <time>2026-08-29T14:27:59.178+02:00</time>
      <extensions>
        <activity type="ON_BICYCLE" conf="88" state="moving" tsMs="1788006478670"/>
        <radio op="vodafone IT" rat="LTE" rsrp="-101" rsrq="-13"/>
        <radio op="I TIM" rat="LTE" rsrp="-102" rsrq="-17"/>
      </extensions>
    </trkpt>
    <trkpt lat="45.751707" lon="10.7553515">
      <ele>118.29090937779571</ele>
      <time>2026-08-29T14:28:09.177+02:00</time>
      <extensions>
        <activity type="ON_BICYCLE" conf="96" state="moving" tsMs="1788006489511"/>
        <radio op="vodafone IT" rat="LTE" rsrp="-102" rsrq="-13"/>
        <radio op="I TIM" rat="LTE" rsrp="-103" rsrq="-17"/>
      </extensions>
    </trkpt>
    <trkpt lat="45.7514198" lon="10.75614">
      <ele>118.60595584488756</ele>
      <time>2026-08-29T14:28:19.177+02:00</time>
      <extensions>
        <activity type="ON_BICYCLE" conf="92" state="moving" tsMs="1788006494918"/>
        <radio op="vodafone IT" rat="LTE" rsrp="-102" rsrq="-14"/>
        <radio op="I TIM" rat="LTE" rsrp="-103" rsrq="-17"/>
      </extensions>
    </trkpt>
    <trkpt lat="45.7511084" lon="10.7568537">
      <ele>118.51982718931885</ele>
      <time>2026-08-29T14:28:29.177+02:00</time>
      <extensions>
        <activity type="ON_BICYCLE" conf="91" state="moving" tsMs="1788006505766"/>
        <radio op="vodafone IT" rat="LTE" rsrp="-103" rsrq="-14"/>
        <radio op="I TIM" rat="LTE" rsrp="-102" rsrq="-17"/>
      </extensions>
    </trkpt>
    <trkpt lat="45.7506822" lon="10.757485">
      <ele>118.62838944404064</ele>
      <time>2026-08-29T14:28:39.178+02:00</time>
      <extensions>
        <activity type="UNKNOWN" conf="40" state="unknown" tsMs="1788006516574"/>
        <radio op="vodafone IT" rat="LTE" rsrp="-101" rsrq="-13"/>
        <radio op="I TIM" rat="LTE" rsrp="-101" rsrq="-16"/>
      </extensions>
    </trkpt>
    <trkpt lat="45.7502338" lon="10.7582087">
      <ele>118.75889454096483</ele>
      <time>2026-08-29T14:28:49.177+02:00</time>
      <extensions>
        <activity type="ON_BICYCLE" conf="73" state="moving" tsMs="1788006527378"/>
        <radio op="vodafone IT" rat="LTE" q="11.00" rsrp="-103" sinr="0" rsrq="-13"/>
        <radio op="I TIM" rat="LTE" rsrp="-102" rsrq="-15"/>
      </extensions>
    </trkpt>
    <trkpt lat="45.7501114" lon="10.7584914">
      <ele>117.01178260820303</ele>
      <time>2026-08-29T14:28:59.177+02:00</time>
      <extensions>
        <activity type="UNKNOWN" conf="40" state="unknown" tsMs="1788006537548"/>
        <radio op="vodafone IT" rat="LTE" q="4.20" rsrp="-118" sinr="1" rsrq="-16"/>
        <radio op="I TIM" rat="LTE" rsrp="-116" rsrq="-19"/>
      </extensions>
    </trkpt>
    <trkpt lat="45.7503251" lon="10.7582585">
      <ele>117.51433015085755</ele>
      <time>2026-08-29T14:29:10.178+02:00</time>
      <extensions>
        <activity type="ON_BICYCLE" conf="72" state="moving" tsMs="1788006542824"/>
        <radio op="vodafone IT" rat="LTE" q="14.00" rsrp="-105" sinr="2" rsrq="-13"/>
        <radio op="I TIM" rat="LTE" rsrp="-108" rsrq="-13"/>
      </extensions>
    </trkpt>
    <trkpt lat="45.7505913" lon="10.75768">
      <ele>117.72235127568393</ele>
      <time>2026-08-29T14:29:20.178+02:00</time>
      <extensions>
        <activity type="ON_BICYCLE" conf="72" state="moving" tsMs="1788006542824"/>
        <radio op="vodafone IT" rat="LTE" rsrp="-110" rsrq="-13"/>
        <radio op="I TIM" rat="LTE" rsrp="-108" rsrq="-15"/>
      </extensions>
    </trkpt>
    <trkpt lat="45.7508311" lon="10.7570062">
      <ele>118.16909872793033</ele>
      <time>2026-08-29T14:29:30.178+02:00</time>
      <extensions>
        <activity type="IN_VEHICLE" conf="87" state="moving" tsMs="1788006568863"/>
        <radio op="vodafone IT" rat="LTE" q="7.50" rsrp="-110" sinr="0" rsrq="-15"/>
        <radio op="I TIM" rat="LTE" rsrp="-108" rsrq="-13"/>
      </extensions>
    </trkpt>
    <trkpt lat="45.7511262" lon="10.7562475">
      <ele>118.2218135077667</ele>
      <time>2026-08-29T14:29:40.178+02:00</time>
      <extensions>
        <activity type="UNKNOWN" conf="40" state="unknown" tsMs="1788006579713"/>
        <radio op="vodafone IT" rat="LTE" rsrp="-113" rsrq="-14"/>
        <radio op="I TIM" rat="LTE" q="11.20" rsrp="-109" sinr="2" rsrq="-12"/>
      </extensions>
    </trkpt>
    <trkpt lat="45.7513961" lon="10.7555216">
      <ele>118.2657805798795</ele>
      <time>2026-08-29T14:29:50.178+02:00</time>
      <extensions>
        <activity type="UNKNOWN" conf="40" state="unknown" tsMs="1788006590573"/>
        <radio op="vodafone IT" rat="LTE" rsrp="-108" rsrq="-14"/>
        <radio op="I TIM" rat="LTE" rsrp="-114" rsrq="-14"/>
      </extensions>
    </trkpt>
    <trkpt lat="45.751668" lon="10.754702">
      <ele>118.56642057367957</ele>
      <time>2026-08-29T14:30:00.178+02:00</time>
      <extensions>
        <activity type="UNKNOWN" conf="40" state="unknown" tsMs="1788006595981"/>
        <radio op="vodafone IT" rat="LTE" rsrp="-112" rsrq="-16"/>
        <radio op="I TIM" rat="LTE" rsrp="-113" rsrq="-14"/>
      </extensions>
    </trkpt>
    <trkpt lat="45.7519174" lon="10.7538811">
      <ele>118.40397069800498</ele>
      <time>2026-08-29T14:30:11.178+02:00</time>
      <extensions>
        <activity type="UNKNOWN" conf="40" state="unknown" tsMs="1788006606827"/>
        <radio op="vodafone IT" rat="LTE" rsrp="-109" rsrq="-16"/>
        <radio op="I TIM" rat="LTE" rsrp="-114" rsrq="-16"/>
      </extensions>
    </trkpt>
    <trkpt lat="45.7521575" lon="10.7531665">
      <ele>118.42796789032926</ele>
      <time>2026-08-29T14:30:21.178+02:00</time>
      <extensions>
        <activity type="UNKNOWN" conf="40" state="unknown" tsMs="1788006617677"/>
        <radio op="vodafone IT" rat="LTE" rsrp="-111" rsrq="-16"/>
        <radio op="I TIM" rat="LTE" rsrp="-113" rsrq="-17"/>
      </extensions>
    </trkpt>
    <trkpt lat="45.7524104" lon="10.7523689">
      <ele>119.47887726139655</ele>
      <time>2026-08-29T14:30:31.178+02:00</time>
      <extensions>
        <activity type="UNKNOWN" conf="40" state="unknown" tsMs="1788006628476"/>
        <radio op="vodafone IT" rat="LTE" q="9.60" rsrp="-109" sinr="1" rsrq="-13"/>
        <radio op="I TIM" rat="LTE" rsrp="-111" rsrq="-16"/>
      </extensions>
    </trkpt>
    <trkpt lat="45.7526419" lon="10.7517809">
      <ele>118.58872845281589</ele>
      <time>2026-08-29T14:30:41.178+02:00</time>
      <extensions>
        <activity type="UNKNOWN" conf="40" state="unknown" tsMs="1788006639262"/>
        <radio op="vodafone IT" rat="LTE" rsrp="-117" rsrq="-18"/>
        <radio op="I TIM" rat="LTE" rsrp="-107" rsrq="-17"/>
      </extensions>
    </trkpt>
    <trkpt lat="45.7522883" lon="10.7524032">
      <ele>119.05639963466513</ele>
      <time>2026-08-29T14:30:51.178+02:00</time>
      <extensions>
        <activity type="UNKNOWN" conf="40" state="unknown" tsMs="1788006650098"/>
        <radio op="vodafone IT" rat="LTE" q="17.60" rsrp="-103" sinr="3" rsrq="-14"/>
        <radio op="I TIM" rat="LTE" rsrp="-101" rsrq="-16"/>
      </extensions>
    </trkpt>
    <trkpt lat="45.7517873" lon="10.7530358">
      <ele>119.43486753061768</ele>
      <time>2026-08-29T14:31:01.177+02:00</time>
      <extensions>
        <activity type="ON_BICYCLE" conf="76" state="moving" tsMs="1788006660929"/>
        <radio op="vodafone IT" rat="LTE" q="11.00" rsrp="-103" sinr="0" rsrq="-14"/>
        <radio op="I TIM" rat="LTE" rsrp="-102" rsrq="-15"/>
      </extensions>
    </trkpt>
    <trkpt lat="45.7512791" lon="10.753719">
      <ele>119.87699033778179</ele>
      <time>2026-08-29T14:31:11.177+02:00</time>
      <extensions>
        <activity type="ON_BICYCLE" conf="93" state="moving" tsMs="1788006671730"/>
        <radio op="vodafone IT" rat="LTE" rsrp="-103" rsrq="-15"/>
        <radio op="I TIM" rat="LTE" rsrp="-101" rsrq="-15"/>
      </extensions>
    </trkpt>
    <trkpt lat="45.7507828" lon="10.7543214">
      <ele>119.28244390015362</ele>
      <time>2026-08-29T14:31:21.178+02:00</time>
      <extensions>
        <activity type="ON_BICYCLE" conf="90" state="moving" tsMs="1788006677137"/>
        <radio op="vodafone IT" rat="LTE" rsrp="-104" rsrq="-14"/>
        <radio op="I TIM" rat="LTE" rsrp="-102" rsrq="-17"/>
      </extensions>
    </trkpt>
    <trkpt lat="45.7502413" lon="10.7549457">
      <ele>118.866871590877</ele>
      <time>2026-08-29T14:31:32.178+02:00</time>
      <extensions>
        <activity type="ON_BICYCLE" conf="85" state="moving" tsMs="1788006687898"/>
        <radio op="vodafone IT" rat="LTE" q="12.60" rsrp="-104" sinr="1" rsrq="-13"/>
        <radio op="I TIM" rat="LTE" rsrp="-101" rsrq="-16"/>
      </extensions>
    </trkpt>
    <trkpt lat="45.7498146" lon="10.7555502">
      <ele>119.00474971313794</ele>
      <time>2026-08-29T14:31:42.178+02:00</time>
      <extensions>
        <activity type="ON_BICYCLE" conf="72" state="moving" tsMs="1788006698747"/>
        <radio op="vodafone IT" rat="LTE" q="17.50" rsrp="-100" sinr="2" rsrq="-15"/>
        <radio op="I TIM" rat="LTE" rsrp="-102" rsrq="-16"/>
      </extensions>
    </trkpt>
    <trkpt lat="45.7494243" lon="10.7563002">
      <ele>118.96976846218728</ele>
      <time>2026-08-29T14:31:52.178+02:00</time>
      <extensions>
        <activity type="ON_BICYCLE" conf="85" state="moving" tsMs="1788006709566"/>
        <radio op="vodafone IT" rat="LTE" q="13.00" rsrp="-99" sinr="0" rsrq="-13"/>
        <radio op="I TIM" rat="LTE" rsrp="-102" rsrq="-15"/>
      </extensions>
    </trkpt>
    <trkpt lat="45.7496797" lon="10.7560876">
      <ele>116.98094324885324</ele>
      <time>2026-08-29T14:32:02.177+02:00</time>
      <extensions>
        <activity type="ON_BICYCLE" conf="93" state="moving" tsMs="1788006720243"/>
        <radio op="vodafone IT" rat="LTE" rsrp="-108" rsrq="-13"/>
        <radio op="I TIM" rat="LTE" rsrp="-109" rsrq="-17"/>
      </extensions>
    </trkpt>
    <trkpt lat="45.7500067" lon="10.7553872">
      <ele>118.01826725084321</ele>
      <time>2026-08-29T14:32:12.177+02:00</time>
      <extensions>
        <activity type="UNKNOWN" conf="40" state="unknown" tsMs="1788006730197"/>
        <radio op="vodafone IT" rat="LTE" q="13.20" rsrp="-103" sinr="1" rsrq="-11"/>
        <radio op="I TIM" rat="LTE" rsrp="-106" rsrq="-18"/>
      </extensions>
    </trkpt>
    <trkpt lat="45.7503155" lon="10.7550145">
      <ele>117.63267239037525</ele>
      <time>2026-08-29T14:32:22.176+02:00</time>
      <extensions>
        <activity type="UNKNOWN" conf="40" state="unknown" tsMs="1788006740905"/>
        <radio op="vodafone IT" rat="LTE" rsrp="-112" rsrq="-16"/>
        <radio op="I TIM" rat="LTE" rsrp="-109" rsrq="-16"/>
      </extensions>
    </trkpt>
    <trkpt lat="45.7506444" lon="10.7542902">
      <ele>118.60857291599872</ele>
      <time>2026-08-29T14:32:32.176+02:00</time>
      <extensions>
        <activity type="UNKNOWN" conf="40" state="unknown" tsMs="1788006751777"/>
        <radio op="vodafone IT" rat="LTE" rsrp="-114" rsrq="-15"/>
        <radio op="I TIM" rat="LTE" rsrp="-107" rsrq="-17"/>
      </extensions>
    </trkpt>
    <trkpt lat="45.7507077" lon="10.7543968">
      <ele>115.85102786490097</ele>
      <time>2026-08-29T14:32:43.177+02:00</time>
      <extensions>
        <activity type="UNKNOWN" conf="40" state="unknown" tsMs="1788006761516"/>
        <radio op="vodafone IT" rat="LTE" rsrp="-119" rsrq="-16"/>
        <radio op="I TIM" rat="LTE" rsrp="-126" rsrq="-19"/>
      </extensions>
    </trkpt>
    <trkpt lat="45.7508708" lon="10.7542453">
      <ele>117.27145214609936</ele>
      <time>2026-08-29T14:32:53.177+02:00</time>
      <extensions>
        <activity type="UNKNOWN" conf="40" state="unknown" tsMs="1788006772062"/>
        <radio op="vodafone IT" rat="LTE" rsrp="-110" rsrq="-15"/>
        <radio op="I TIM" rat="LTE" rsrp="-113" rsrq="-17"/>
      </extensions>
    </trkpt>
    <trkpt lat="45.75114" lon="10.7536113">
      <ele>118.47827868621437</ele>
      <time>2026-08-29T14:33:03.177+02:00</time>
      <extensions>
        <activity type="UNKNOWN" conf="40" state="unknown" tsMs="1788006782576"/>
        <radio op="vodafone IT" rat="LTE" rsrp="-115" rsrq="-18"/>
        <radio op="I TIM" rat="LTE" rsrp="-113" rsrq="-16"/>
      </extensions>
    </trkpt>
    <trkpt lat="45.7513001" lon="10.7529536">
      <ele>118.94228796654556</ele>
      <time>2026-08-29T14:33:13.177+02:00</time>
      <extensions>
        <activity type="UNKNOWN" conf="40" state="unknown" tsMs="1788006793328"/>
        <radio op="vodafone IT" rat="LTE" q="6.60" rsrp="-114" sinr="1" rsrq="-14"/>
        <radio op="I TIM" rat="LTE" rsrp="-111" rsrq="-17"/>
      </extensions>
    </trkpt>
    <trkpt lat="45.7515227" lon="10.7521233">
      <ele>119.18865554798421</ele>
      <time>2026-08-29T14:33:23.177+02:00</time>
      <extensions>
        <activity type="UNKNOWN" conf="40" state="unknown" tsMs="1788006798735"/>
        <radio op="vodafone IT" rat="LTE" q="7.00" rsrp="-111" sinr="0" rsrq="-15"/>
        <radio op="I TIM" rat="LTE" rsrp="-113" rsrq="-18"/>
      </extensions>
    </trkpt>
    <trkpt lat="45.7517131" lon="10.75134">
      <ele>117.8825685996311</ele>
      <time>2026-08-29T14:33:33.177+02:00</time>
      <extensions>
        <activity type="UNKNOWN" conf="40" state="unknown" tsMs="1788006809518"/>
        <radio op="vodafone IT" rat="LTE" rsrp="-112" rsrq="-13"/>
        <radio op="I TIM" rat="LTE" rsrp="-108" rsrq="-16"/>
      </extensions>
    </trkpt>
    <trkpt lat="45.7518777" lon="10.7508642">
      <ele>117.57732600694308</ele>
      <time>2026-08-29T14:33:43.337+02:00</time>
      <extensions>
        <activity type="UNKNOWN" conf="40" state="unknown" tsMs="1788006820314"/>
        <radio op="vodafone IT" rat="LTE" rsrp="-102" rsrq="-13"/>
        <radio op="I TIM" rat="LTE" rsrp="-108" rsrq="-16"/>
      </extensions>
    </trkpt>
    <trkpt lat="45.7516232" lon="10.7514773">
      <ele>118.99502705928987</ele>
      <time>2026-08-29T14:33:54.177+02:00</time>
      <extensions>
        <activity type="UNKNOWN" conf="40" state="unknown" tsMs="1788006820314"/>
        <radio op="vodafone IT" rat="LTE" rsrp="-104" rsrq="-15"/>
        <radio op="I TIM" rat="LTE" rsrp="-106" rsrq="-17"/>
      </extensions>
    </trkpt>
    <trkpt lat="45.7511527" lon="10.7521608">
      <ele>119.62353244948731</ele>
      <time>2026-08-29T14:34:04.176+02:00</time>
      <extensions>
        <activity type="UNKNOWN" conf="40" state="unknown" tsMs="1788006826835"/>
        <radio op="vodafone IT" rat="LTE" rsrp="-101" rsrq="-15"/>
        <radio op="I TIM" rat="LTE" rsrp="-102" rsrq="-14"/>
      </extensions>
    </trkpt>
    <trkpt lat="45.7514296" lon="10.751814">
      <ele>117.47914589206712</ele>
      <time>2026-08-29T14:34:14.176+02:00</time>
      <extensions>
        <activity type="UNKNOWN" conf="40" state="unknown" tsMs="1788006849229"/>
        <radio op="vodafone IT" rat="LTE" rsrp="-107" rsrq="-13"/>
        <radio op="I TIM" rat="LTE" rsrp="-112" rsrq="-18"/>
      </extensions>
    </trkpt>
    <trkpt lat="45.7516167" lon="10.7512532">
      <ele>117.87683270018893</ele>
      <time>2026-08-29T14:34:24.177+02:00</time>
      <extensions>
        <activity type="ON_BICYCLE" conf="78" state="moving" tsMs="1788006862259"/>
        <radio op="vodafone IT" rat="LTE" rsrp="-123" rsrq="-14"/>
        <radio op="I TIM" rat="LTE" rsrp="-111" rsrq="-16"/>
      </extensions>
    </trkpt>
    <trkpt lat="45.7514997" lon="10.7516748">
      <ele>116.23248126586302</ele>
      <time>2026-08-29T14:34:34.177+02:00</time>
      <extensions>
        <activity type="ON_BICYCLE" conf="78" state="moving" tsMs="1788006862259"/>
        <radio op="vodafone IT" rat="LTE" rsrp="-112" rsrq="-14"/>
        <radio op="I TIM" rat="LTE" rsrp="-106" rsrq="-16"/>
      </extensions>
    </trkpt>
    <trkpt lat="45.7510154" lon="10.7523942">
      <ele>120.02520685131785</ele>
      <time>2026-08-29T14:34:44.177+02:00</time>
      <extensions>
        <activity type="UNKNOWN" conf="40" state="unknown" tsMs="1788006867838"/>
        <radio op="vodafone IT" rat="LTE" rsrp="-113" rsrq="-14"/>
        <radio op="I TIM" rat="LTE" rsrp="-109" rsrq="-17"/>
      </extensions>
    </trkpt>
    <trkpt lat="45.7504769" lon="10.7531026">
      <ele>119.94794794359557</ele>
      <time>2026-08-29T14:34:54.176+02:00</time>
      <extensions>
        <activity type="ON_BICYCLE" conf="73" state="moving" tsMs="1788006892871"/>
        <radio op="vodafone IT" rat="LTE" q="11.90" rsrp="-108" sinr="2" rsrq="-10"/>
        <radio op="I TIM" rat="LTE" rsrp="-107" rsrq="-14"/>
      </extensions>
    </trkpt>
    <trkpt lat="45.749917" lon="10.7536711">
      <ele>119.73080955567106</ele>
      <time>2026-08-29T14:35:04.176+02:00</time>
      <extensions>
        <activity type="ON_BICYCLE" conf="94" state="moving" tsMs="1788006903521"/>
        <radio op="vodafone IT" rat="LTE" q="20.00" rsrp="-105" sinr="5" rsrq="-11"/>
        <radio op="I TIM" rat="LTE" rsrp="-101" rsrq="-15"/>
      </extensions>
    </trkpt>
    <trkpt lat="45.7493199" lon="10.754225">
      <ele>119.25732427436186</ele>
      <time>2026-08-29T14:35:15.177+02:00</time>
      <extensions>
        <activity type="ON_BICYCLE" conf="95" state="moving" tsMs="1788006914319"/>
        <radio op="vodafone IT" rat="LTE" q="15.30" rsrp="-108" sinr="4" rsrq="-11"/>
        <radio op="I TIM" rat="LTE" rsrp="-101" rsrq="-15"/>
      </extensions>
    </trkpt>
    <trkpt lat="45.7489358" lon="10.7547353">
      <ele>119.15822046267388</ele>
      <time>2026-08-29T14:35:25.177+02:00</time>
      <extensions>
        <activity type="ON_BICYCLE" conf="94" state="moving" tsMs="1788006925121"/>
        <radio op="vodafone IT" rat="LTE" rsrp="-115" rsrq="-14"/>
        <radio op="I TIM" rat="LTE" rsrp="-109" rsrq="-17"/>
      </extensions>
    </trkpt>
    <trkpt lat="45.749234" lon="10.7544984">
      <ele>117.5589881487519</ele>
      <time>2026-08-29T14:35:35.176+02:00</time>
      <extensions>
        <activity type="UNKNOWN" conf="40" state="unknown" tsMs="1788006930434"/>
        <radio op="vodafone IT" rat="LTE" rsrp="-103" rsrq="-13"/>
        <radio op="I TIM" rat="LTE" rsrp="-110" rsrq="-19"/>
      </extensions>
    </trkpt>
    <trkpt lat="45.7488177" lon="10.7550548">
      <ele>118.25418867473611</ele>
      <time>2026-08-29T14:35:45.177+02:00</time>
      <extensions>
        <activity type="UNKNOWN" conf="40" state="unknown" tsMs="1788006930434"/>
        <radio op="vodafone IT" rat="LTE" q="14.40" rsrp="-101" sinr="1" rsrq="-13"/>
        <radio op="I TIM" rat="LTE" rsrp="-102" rsrq="-16"/>
      </extensions>
    </trkpt>
    <trkpt lat="45.7484529" lon="10.7555191">
      <ele>118.60723702792164</ele>
      <time>2026-08-29T14:35:55.177+02:00</time>
      <extensions>
        <activity type="UNKNOWN" conf="40" state="unknown" tsMs="1788006936854"/>
        <radio op="vodafone IT" rat="LTE" rsrp="-111" rsrq="-16"/>
        <radio op="I TIM" rat="LTE" rsrp="-108" rsrq="-18"/>
      </extensions>
    </trkpt>
    <trkpt lat="45.748851" lon="10.7548003">
      <ele>117.7345533491431</ele>
      <time>2026-08-29T14:36:05.176+02:00</time>
      <extensions>
        <activity type="ON_BICYCLE" conf="81" state="moving" tsMs="1788006964731"/>
        <radio op="vodafone IT" rat="LTE" q="10.20" rsrp="-108" sinr="1" rsrq="-14"/>
        <radio op="I TIM" rat="LTE" rsrp="-106" rsrq="-14"/>
      </extensions>
    </trkpt>
    <trkpt lat="45.7491775" lon="10.7540987">
      <ele>117.94885152846794</ele>
      <time>2026-08-29T14:36:15.177+02:00</time>
      <extensions>
        <activity type="ON_BICYCLE" conf="74" state="moving" tsMs="1788006975601"/>
        <radio op="vodafone IT" rat="LTE" rsrp="-108" rsrq="-13"/>
        <radio op="I TIM" rat="LTE" rsrp="-107" rsrq="-15"/>
      </extensions>
    </trkpt>
    <trkpt lat="45.7491321" lon="10.754187">
      <ele>118.09781282968929</ele>
      <time>2026-08-29T14:36:26.177+02:00</time>
      <extensions>
        <activity type="UNKNOWN" conf="40" state="unknown" tsMs="1788006986302"/>
        <radio op="vodafone IT" rat="LTE" rsrp="-102" rsrq="-13"/>
        <radio op="I TIM" rat="LTE" rsrp="-103" rsrq="-17"/>
      </extensions>
    </trkpt>
    <trkpt lat="45.7486131" lon="10.7547404">
      <ele>119.39857462151978</ele>
      <time>2026-08-29T14:36:36.177+02:00</time>
      <extensions>
        <activity type="UNKNOWN" conf="40" state="unknown" tsMs="1788006991736"/>
        <radio op="vodafone IT" rat="LTE" rsrp="-100" rsrq="-13"/>
        <radio op="I TIM" rat="LTE" rsrp="-97" rsrq="-13"/>
      </extensions>
    </trkpt>
    <trkpt lat="45.7481153" lon="10.7551545">
      <ele>118.62602784180558</ele>
      <time>2026-08-29T14:36:46.176+02:00</time>
      <extensions>
        <activity type="ON_BICYCLE" conf="79" state="moving" tsMs="1788007002554"/>
        <radio op="vodafone IT" rat="LTE" rsrp="-107" rsrq="-13"/>
        <radio op="I TIM" rat="LTE" rsrp="-101" rsrq="-16"/>
      </extensions>
    </trkpt>
    <trkpt lat="45.7483882" lon="10.7547551">
      <ele>118.19905226410589</ele>
      <time>2026-08-29T14:36:56.176+02:00</time>
      <extensions>
        <activity type="UNKNOWN" conf="40" state="unknown" tsMs="1788007013251"/>
        <radio op="vodafone IT" rat="LTE" q="8.40" rsrp="-111" sinr="1" rsrq="-14"/>
        <radio op="I TIM" rat="LTE" q="16.10" rsrp="-102" sinr="2" rsrq="-14"/>
      </extensions>
    </trkpt>
    <trkpt lat="45.7487289" lon="10.7541422">
      <ele>118.68340082495112</ele>
      <time>2026-08-29T14:37:06.177+02:00</time>
      <extensions>
        <activity type="ON_BICYCLE" conf="86" state="moving" tsMs="1788007024109"/>
        <radio op="vodafone IT" rat="LTE" q="11.40" rsrp="-106" sinr="1" rsrq="-13"/>
        <radio op="I TIM" rat="LTE" rsrp="-112" rsrq="-21"/>
      </extensions>
    </trkpt>
    <trkpt lat="45.7490527" lon="10.7535429">
      <ele>117.09475603859659</ele>
      <time>2026-08-29T14:37:16.177+02:00</time>
      <extensions>
        <activity type="UNKNOWN" conf="40" state="unknown" tsMs="1788007034855"/>
        <radio op="vodafone IT" rat="LTE" rsrp="-114" rsrq="-14"/>
        <radio op="I TIM" rat="LTE" rsrp="-109" rsrq="-14"/>
      </extensions>
    </trkpt>
    <trkpt lat="45.7493525" lon="10.7531699">
      <ele>118.3571921633191</ele>
      <time>2026-08-29T14:37:26.176+02:00</time>
      <extensions>
        <activity type="UNKNOWN" conf="40" state="unknown" tsMs="1788007045608"/>
        <radio op="vodafone IT" rat="LTE" rsrp="-106" rsrq="-14"/>
        <radio op="I TIM" rat="LTE" rsrp="-109" rsrq="-16"/>
      </extensions>
    </trkpt>
    <trkpt lat="45.7497222" lon="10.7522782">
      <ele>117.57662463529942</ele>
      <time>2026-08-29T14:37:37.177+02:00</time>
      <extensions>
        <activity type="UNKNOWN" conf="40" state="unknown" tsMs="1788007056172"/>
        <radio op="vodafone IT" rat="LTE" q="6.60" rsrp="-114" sinr="1" rsrq="-15"/>
        <radio op="I TIM" rat="LTE" rsrp="-113" rsrq="-17"/>
      </extensions>
    </trkpt>
    <trkpt lat="45.7499868" lon="10.7515871">
      <ele>117.46922282606982</ele>
      <time>2026-08-29T14:37:47.177+02:00</time>
      <extensions>
        <activity type="UNKNOWN" conf="40" state="unknown" tsMs="1788007067039"/>
        <radio op="vodafone IT" rat="LTE" rsrp="-115" rsrq="-16"/>
        <radio op="I TIM" rat="LTE" rsrp="-104" rsrq="-16"/>
      </extensions>
    </trkpt>
    <trkpt lat="45.7502332" lon="10.7509038">
      <ele>115.48600974085019</ele>
      <time>2026-08-29T14:37:57.176+02:00</time>
      <extensions>
        <activity type="ON_BICYCLE" conf="98" state="moving" tsMs="1788007072540"/>
        <radio op="vodafone IT" rat="LTE" rsrp="-115" rsrq="-19"/>
        <radio op="I TIM" rat="LTE" rsrp="-106" rsrq="-16"/>
      </extensions>
    </trkpt>
    <trkpt lat="45.7504192" lon="10.7501639">
      <ele>116.43753230242066</ele>
      <time>2026-08-29T14:38:07.176+02:00</time>
      <extensions>
        <activity type="ON_BICYCLE" conf="96" state="moving" tsMs="1788007083282"/>
        <radio op="vodafone IT" rat="LTE" q="12.80" rsrp="-109" sinr="3" rsrq="-11"/>
        <radio op="I TIM" rat="LTE" rsrp="-106" rsrq="-16"/>
      </extensions>
    </trkpt>
    <trkpt lat="45.7503016" lon="10.7507101">
      <ele>118.35125759299633</ele>
      <time>2026-08-29T14:38:17.177+02:00</time>
      <extensions>
        <activity type="ON_BICYCLE" conf="97" state="moving" tsMs="1788007094114"/>
        <radio op="vodafone IT" rat="LTE" q="12.80" rsrp="-109" sinr="3" rsrq="-11"/>
        <radio op="I TIM" rat="LTE" rsrp="-106" rsrq="-15"/>
      </extensions>
    </trkpt>
    <trkpt lat="45.7499482" lon="10.7514339">
      <ele>119.67341814814895</ele>
      <time>2026-08-29T14:38:27.177+02:00</time>
      <extensions>
        <activity type="ON_BICYCLE" conf="94" state="moving" tsMs="1788007104939"/>
        <radio op="vodafone IT" rat="LTE" q="11.00" rsrp="-103" sinr="0" rsrq="-12"/>
        <radio op="I TIM" rat="LTE" rsrp="-109" rsrq="-16"/>
      </extensions>
    </trkpt>
    <trkpt lat="45.7502953" lon="10.7507337">
      <ele>117.79026589533959</ele>
      <time>2026-08-29T14:38:37.177+02:00</time>
      <extensions>
        <activity type="UNKNOWN" conf="40" state="unknown" tsMs="1788007113035"/>
        <radio op="vodafone IT" rat="LTE" rsrp="-112" rsrq="-15"/>
        <radio op="I TIM" rat="LTE" rsrp="-108" rsrq="-16"/>
      </extensions>
    </trkpt>
    <trkpt lat="45.7506091" lon="10.7501667">
      <ele>118.86014166679458</ele>
      <time>2026-08-29T14:38:48.177+02:00</time>
      <extensions>
        <activity type="UNKNOWN" conf="40" state="unknown" tsMs="1788007123772"/>
        <radio op="vodafone IT" rat="LTE" q="17.60" rsrp="-103" sinr="3" rsrq="-12"/>
        <radio op="I TIM" rat="LTE" q="10.50" rsrp="-104" sinr="0" rsrq="-14"/>
      </extensions>
    </trkpt>
    <trkpt lat="45.7507323" lon="10.7499132">
      <ele>118.38830573139997</ele>
      <time>2026-08-29T14:38:58.176+02:00</time>
      <extensions>
        <activity type="UNKNOWN" conf="40" state="unknown" tsMs="1788007133853"/>
        <radio op="vodafone IT" rat="LTE" rsrp="-108" rsrq="-14"/>
        <radio op="I TIM" rat="LTE" rsrp="-111" rsrq="-15"/>
      </extensions>
    </trkpt>
    <trkpt lat="45.7504473" lon="10.7506089">
      <ele>120.02105177459461</ele>
      <time>2026-08-29T14:39:08.177+02:00</time>
      <extensions>
        <activity type="UNKNOWN" conf="40" state="unknown" tsMs="1788007144701"/>
        <radio op="vodafone IT" rat="LTE" rsrp="-104" rsrq="-14"/>
        <radio op="I TIM" rat="LTE" rsrp="-103" rsrq="-15"/>
      </extensions>
    </trkpt>
    <trkpt lat="45.7500513" lon="10.7512433">
      <ele>119.89002053555845</ele>
      <time>2026-08-29T14:39:18.177+02:00</time>
      <extensions>
        <activity type="UNKNOWN" conf="40" state="unknown" tsMs="1788007155520"/>
        <radio op="vodafone IT" rat="LTE" rsrp="-108" rsrq="-15"/>
        <radio op="I TIM" rat="LTE" rsrp="-103" rsrq="-15"/>
      </extensions>
    </trkpt>
    <trkpt lat="45.7495704" lon="10.7517995">
      <ele>119.45707412585998</ele>
      <time>2026-08-29T14:39:28.176+02:00</time>
      <extensions>
        <activity type="UNKNOWN" conf="40" state="unknown" tsMs="1788007166348"/>
        <radio op="vodafone IT" rat="LTE" rsrp="-106" rsrq="-15"/>
        <radio op="I TIM" rat="LTE" rsrp="-105" rsrq="-15"/>
      </extensions>
    </trkpt>
    <trkpt lat="45.7491241" lon="10.7521886">
      <ele>118.92668644790271</ele>
      <time>2026-08-29T14:39:38.176+02:00</time>
      <extensions>
        <activity type="ON_BICYCLE" conf="75" state="moving" tsMs="1788007177195"/>
        <radio op="vodafone IT" rat="LTE" rsrp="-107" rsrq="-15"/>
        <radio op="I TIM" rat="LTE" rsrp="-105" rsrq="-16"/>
      </extensions>
    </trkpt>
    <trkpt lat="45.748606" lon="10.7528594">
      <ele>120.20797411364357</ele>
      <time>2026-08-29T14:39:48.176+02:00</time>
      <extensions>
        <activity type="ON_BICYCLE" conf="82" state="moving" tsMs="1788007188000"/>
        <radio op="vodafone IT" rat="LTE" q="14.70" rsrp="-104" sinr="2" rsrq="-13"/>
        <radio op="I TIM" rat="LTE" rsrp="-103" rsrq="-15"/>
      </extensions>
    </trkpt>
    <trkpt lat="45.7484943" lon="10.753144">
      <ele>118.2300750333277</ele>
      <time>2026-08-29T14:39:59.177+02:00</time>
      <extensions>
        <activity type="ON_BICYCLE" conf="81" state="moving" tsMs="1788007198821"/>
        <radio op="vodafone IT" rat="LTE" q="11.20" rsrp="-109" sinr="2" rsrq="-14"/>
        <radio op="I TIM" rat="LTE" rsrp="-110" rsrq="-15"/>
      </extensions>
    </trkpt>
    <trkpt lat="45.7488307" lon="10.7523383">
      <ele>119.4014355644191</ele>
      <time>2026-08-29T14:40:09.177+02:00</time>
      <extensions>
        <activity type="UNKNOWN" conf="40" state="unknown" tsMs="1788007204086"/>
        <radio op="vodafone IT" rat="LTE" rsrp="-106" rsrq="-13"/>
        <radio op="I TIM" rat="LTE" rsrp="-107" rsrq="-15"/>
      </extensions>
    </trkpt>
    <trkpt lat="45.7490698" lon="10.7519171">
      <ele>116.19999694824219</ele>
      <time>2026-08-29T14:40:19.176+02:00</time>
      <extensions>
        <activity type="UNKNOWN" conf="40" state="unknown" tsMs="1788007215817"/>
        <radio op="vodafone IT" rat="LTE" rsrp="-110" rsrq="-14"/>
        <radio op="I TIM" rat="LTE" rsrp="-113" rsrq="-16"/>
      </extensions>
    </trkpt>
    <trkpt lat="45.7493125" lon="10.7511819">
      <ele>116.19999694824219</ele>
      <time>2026-08-29T14:40:29.176+02:00</time>
      <extensions>
        <activity type="UNKNOWN" conf="40" state="unknown" tsMs="1788007226550"/>
        <radio op="vodafone IT" rat="LTE" rsrp="-112" rsrq="-15"/>
        <radio op="I TIM" rat="LTE" rsrp="-112" rsrq="-17"/>
      </extensions>
    </trkpt>
    <trkpt lat="45.7495769" lon="10.7506278">
      <ele>116.19999694824219</ele>
      <time>2026-08-29T14:40:39.176+02:00</time>
      <extensions>
        <activity type="UNKNOWN" conf="40" state="unknown" tsMs="1788007237394"/>
        <radio op="vodafone IT" rat="LTE" rsrp="-111" rsrq="-14"/>
        <radio op="I TIM" rat="LTE" rsrp="-113" rsrq="-17"/>
      </extensions>
    </trkpt>
    <trkpt lat="45.7497759" lon="10.7501941">
      <ele>116.19999694824219</ele>
      <time>2026-08-29T14:40:49.176+02:00</time>
      <extensions>
        <activity type="IN_VEHICLE" conf="85" state="moving" tsMs="1788007248131"/>
        <radio op="vodafone IT" rat="LTE" rsrp="-122" rsrq="-14"/>
        <radio op="I TIM" rat="LTE" rsrp="-115" rsrq="-17"/>
      </extensions>
    </trkpt>
    <trkpt lat="45.7498082" lon="10.7503146">
      <ele>117.95240474024327</ele>
      <time>2026-08-29T14:40:59.176+02:00</time>
      <extensions>
        <activity type="IN_VEHICLE" conf="84" state="moving" tsMs="1788007253407"/>
        <radio op="vodafone IT" rat="LTE" rsrp="-107" rsrq="-11"/>
        <radio op="I TIM" rat="LTE" rsrp="-113" rsrq="-17"/>
      </extensions>
    </trkpt>
    <trkpt lat="45.7495377" lon="10.7510163">
      <ele>116.19999694824219</ele>
      <time>2026-08-29T14:41:10.176+02:00</time>
      <extensions>
        <activity type="IN_VEHICLE" conf="84" state="moving" tsMs="1788007253407"/>
        <radio op="vodafone IT" rat="LTE" q="17.10" rsrp="-106" sinr="4" rsrq="-11"/>
        <radio op="I TIM" rat="LTE" q="17.10" rsrp="-106" sinr="4" rsrq="-16"/>
      </extensions>
    </trkpt>
    <trkpt lat="45.7491136" lon="10.7517133">
      <ele>119.11899342164567</ele>
      <time>2026-08-29T14:41:20.177+02:00</time>
      <extensions>
        <activity type="ON_BICYCLE" conf="80" state="moving" tsMs="1788007259790"/>
        <radio op="vodafone IT" rat="LTE" q="24.00" rsrp="-110" sinr="11" rsrq="-13"/>
        <radio op="I TIM" rat="LTE" rsrp="-108" rsrq="-17"/>
      </extensions>
    </trkpt>
    <trkpt lat="45.7494516" lon="10.7511598">
      <ele>116.02323325550657</ele>
      <time>2026-08-29T14:41:30.176+02:00</time>
      <extensions>
        <activity type="ON_BICYCLE" conf="77" state="moving" tsMs="1788007287353"/>
        <radio op="vodafone IT" rat="LTE" rsrp="-114" rsrq="-12"/>
        <radio op="I TIM" rat="LTE" rsrp="-110" rsrq="-16"/>
      </extensions>
    </trkpt>
    <trkpt lat="45.7497348" lon="10.7504734">
      <ele>115.22201743376365</ele>
      <time>2026-08-29T14:41:40.177+02:00</time>
      <extensions>
        <activity type="UNKNOWN" conf="40" state="unknown" tsMs="1788007297930"/>
        <radio op="vodafone IT" rat="LTE" rsrq="-26"/>
        <radio op="I TIM" rat="LTE" rsrp="-112" rsrq="-17"/>
      </extensions>
    </trkpt>
    <trkpt lat="45.7497417" lon="10.7506489">
      <ele>107.7425365668658</ele>
      <time>2026-08-29T14:41:50.177+02:00</time>
      <extensions>
        <activity type="TILTING" conf="100" state="moving" tsMs="1788007301004"/>
        <radio op="vodafone IT" rat="LTE" rsrp="-127" rsrq="-16"/>
        <radio op="I TIM" rat="LTE" rsrp="-130" rsrq="-21"/>
      </extensions>
    </trkpt>
    <trkpt lat="45.7496499" lon="10.7510497">
      <ele>117.80793827298685</ele>
      <time>2026-08-29T14:42:00.177+02:00</time>
      <extensions>
        <activity type="UNKNOWN" conf="40" state="unknown" tsMs="1788007304315"/>
        <radio op="vodafone IT" rat="LTE" q="15.40" rsrp="-103" sinr="2" rsrq="-11"/>
        <radio op="I TIM" rat="LTE" rsrp="-98" rsrq="-14"/>
      </extensions>
    </trkpt>
    <trkpt lat="45.7493375" lon="10.7517135">
      <ele>117.34916860925729</ele>
      <time>2026-08-29T14:42:10.177+02:00</time>
      <extensions>
        <activity type="UNKNOWN" conf="40" state="unknown" tsMs="1788007304315"/>
        <radio op="vodafone IT" rat="LTE" q="11.90" rsrp="-108" sinr="2" rsrq="-12"/>
        <radio op="I TIM" rat="LTE" rsrp="-103" rsrq="-14"/>
      </extensions>
    </trkpt>
    <trkpt lat="45.7493437" lon="10.7516618">
      <ele>112.89689361656755</ele>
      <time>2026-08-29T14:42:30.177+02:00</time>
      <extensions>
        <activity type="ON_BICYCLE" conf="86" state="moving" tsMs="1788007324263"/>
        <radio op="vodafone IT" rat="LTE" rsrp="-107" rsrq="-14"/>
        <radio op="I TIM" rat="LTE" rsrp="-111" rsrq="-17"/>
      </extensions>
    </trkpt>
    <trkpt lat="45.7499465" lon="10.7505247">
      <ele>115.97034979996127</ele>
      <time>2026-08-29T14:42:51.177+02:00</time>
      <extensions>
        <activity type="UNKNOWN" conf="40" state="unknown" tsMs="1788007366691"/>
        <radio op="vodafone IT" rat="LTE" rsrp="-112" rsrq="-14"/>
        <radio op="I TIM" rat="LTE" rsrp="-109" rsrq="-17"/>
      </extensions>
    </trkpt>
    <trkpt lat="45.7501949" lon="10.7496762">
      <ele>113.18273099442362</ele>
      <time>2026-08-29T14:43:01.177+02:00</time>
      <extensions>
        <activity type="UNKNOWN" conf="40" state="unknown" tsMs="1788007377011"/>
        <radio op="vodafone IT" rat="LTE" rsrp="-115" rsrq="-16"/>
        <radio op="I TIM" rat="LTE" rsrp="-109" rsrq="-15"/>
      </extensions>
    </trkpt>
    <trkpt lat="45.7501906" lon="10.7497681">
      <ele>113.0</ele>
      <time>2026-08-29T14:43:11.177+02:00</time>
      <extensions>
        <activity type="UNKNOWN" conf="40" state="unknown" tsMs="1788007387945"/>
        <radio op="vodafone IT" rat="LTE" rsrp="-102" rsrq="-12"/>
        <radio op="I TIM" rat="LTE" rsrp="-103" rsrq="-15"/>
      </extensions>
    </trkpt>
    <trkpt lat="45.7499002" lon="10.7504567">
      <ele>116.01564894687874</ele>
      <time>2026-08-29T14:43:21.177+02:00</time>
      <extensions>
        <activity type="UNKNOWN" conf="40" state="unknown" tsMs="1788007397323"/>
        <radio op="vodafone IT" rat="LTE" rsrp="-106" rsrq="-14"/>
        <radio op="I TIM" rat="LTE" q="9.00" rsrp="-107" sinr="0" rsrq="-15"/>
      </extensions>
    </trkpt>
    <trkpt lat="45.7495171" lon="10.7511791">
      <ele>114.92695196211204</ele>
      <time>2026-08-29T14:43:31.176+02:00</time>
      <extensions>
        <activity type="ON_BICYCLE" conf="84" state="moving" tsMs="1788007408152"/>
        <radio op="vodafone IT" rat="LTE" rsrp="-105" rsrq="-13"/>
        <radio op="I TIM" rat="LTE" q="12.00" rsrp="-105" sinr="1" rsrq="-15"/>
      </extensions>
    </trkpt>
    <trkpt lat="45.749282" lon="10.7518134">
      <ele>112.8935334156198</ele>
      <time>2026-08-29T14:43:41.176+02:00</time>
      <extensions>
        <activity type="UNKNOWN" conf="40" state="unknown" tsMs="1788007418836"/>
        <radio op="vodafone IT" rat="LTE" rsrp="-109" rsrq="-14"/>
        <radio op="I TIM" rat="LTE" rsrp="-105" rsrq="-16"/>
      </extensions>
    </trkpt>
    <trkpt lat="45.7494752" lon="10.7516379">
      <ele>111.24983067821688</ele>
      <time>2026-08-29T14:43:52.177+02:00</time>
      <extensions>
        <activity type="UNKNOWN" conf="40" state="unknown" tsMs="1788007424246"/>
        <radio op="vodafone IT" rat="LTE" rsrp="-110" rsrq="-16"/>
        <radio op="I TIM" rat="LTE" rsrp="-112" rsrq="-16"/>
      </extensions>
    </trkpt>
    <trkpt lat="45.7497734" lon="10.7510598">
      <ele>112.98240764940624</ele>
      <time>2026-08-29T14:44:02.177+02:00</time>
      <extensions>
        <activity type="UNKNOWN" conf="40" state="unknown" tsMs="1788007424246"/>
        <radio op="vodafone IT" rat="LTE" rsrp="-110" rsrq="-14"/>
        <radio op="I TIM" rat="LTE" q="9.00" rsrp="-107" sinr="0" rsrq="-16"/>
      </extensions>
    </trkpt>
    <trkpt lat="45.7500733" lon="10.7502251">
      <ele>113.32046674311201</ele>
      <time>2026-08-29T14:44:12.177+02:00</time>
      <extensions>
        <activity type="UNKNOWN" conf="40" state="unknown" tsMs="1788007452023"/>
        <radio op="vodafone IT" rat="LTE" rsrp="-110" rsrq="-16"/>
        <radio op="I TIM" rat="LTE" rsrp="-106" rsrq="-15"/>
      </extensions>
    </trkpt>
    <trkpt lat="45.7502189" lon="10.7497345">
      <ele>113.1899577990244</ele>
      <time>2026-08-29T14:44:22.176+02:00</time>
      <extensions>
        <activity type="ON_BICYCLE" conf="88" state="moving" tsMs="1788007461542"/>
        <radio op="vodafone IT" rat="LTE" rsrp="-112" rsrq="-15"/>
        <radio op="I TIM" rat="LTE" rsrp="-109" rsrq="-15"/>
      </extensions>
    </trkpt>
    <trkpt lat="45.7502528" lon="10.7500543">
      <ele>112.28609847199823</ele>
      <time>2026-08-29T14:44:32.177+02:00</time>
      <extensions>
        <activity type="UNKNOWN" conf="40" state="unknown" tsMs="1788007466864"/>
        <radio op="vodafone IT" rat="LTE" rsrp="-105" rsrq="-13"/>
        <radio op="I TIM" rat="LTE" rsrp="-104" rsrq="-15"/>
      </extensions>
    </trkpt>
    <trkpt lat="45.7498254" lon="10.7508158">
      <ele>113.10543270520706</ele>
      <time>2026-08-29T14:44:42.177+02:00</time>
      <extensions>
        <activity type="UNKNOWN" conf="40" state="unknown" tsMs="1788007480827"/>
        <radio op="vodafone IT" rat="LTE" rsrp="-104" rsrq="-16"/>
        <radio op="I TIM" rat="LTE" rsrp="-100" rsrq="-15"/>
      </extensions>
    </trkpt>
    <trkpt lat="45.749694" lon="10.7511986">
      <ele>112.4154317649755</ele>
      <time>2026-08-29T14:44:52.176+02:00</time>
      <extensions>
        <activity type="UNKNOWN" conf="40" state="unknown" tsMs="1788007491644"/>
        <radio op="vodafone IT" rat="LTE" q="6.00" rsrp="-113" sinr="0" rsrq="-15"/>
        <radio op="I TIM" rat="LTE" rsrp="-107" rsrq="-15"/>
      </extensions>
    </trkpt>
    <trkpt lat="45.7497601" lon="10.7514241">
      <ele>111.65593484781333</ele>
      <time>2026-08-29T14:45:03.177+02:00</time>
      <extensions>
        <activity type="UNKNOWN" conf="40" state="unknown" tsMs="1788007502205"/>
        <radio op="vodafone IT" rat="LTE" rsrp="-106" rsrq="-15"/>
        <radio op="I TIM" rat="LTE" rsrp="-104" rsrq="-14"/>
      </extensions>
    </trkpt>
    <trkpt lat="45.7493277" lon="10.7521746">
      <ele>113.23378439114376</ele>
      <time>2026-08-29T14:45:13.177+02:00</time>
      <extensions>
        <activity type="UNKNOWN" conf="40" state="unknown" tsMs="1788007513088"/>
        <radio op="vodafone IT" rat="LTE" q="10.00" rsrp="-105" sinr="0" rsrq="-14"/>
        <radio op="I TIM" rat="LTE" rsrp="-102" rsrq="-14"/>
      </extensions>
    </trkpt>
    <trkpt lat="45.7488594" lon="10.7527734">
      <ele>113.12891377426752</ele>
      <time>2026-08-29T14:45:23.176+02:00</time>
      <extensions>
        <activity type="ON_BICYCLE" conf="71" state="moving" tsMs="1788007518497"/>
        <radio op="vodafone IT" rat="LTE" q="13.20" rsrp="-103" sinr="1" rsrq="-14"/>
        <radio op="I TIM" rat="LTE" q="12.00" rsrp="-101" sinr="0" rsrq="-15"/>
      </extensions>
    </trkpt>
    <trkpt lat="45.7488286" lon="10.7529649">
      <ele>111.01144492238097</ele>
      <time>2026-08-29T14:45:33.177+02:00</time>
      <extensions>
        <activity type="UNKNOWN" conf="40" state="unknown" tsMs="1788007529303"/>
        <radio op="vodafone IT" rat="LTE" rsrp="-109" rsrq="-13"/>
        <radio op="I TIM" rat="LTE" rsrp="-108" rsrq="-16"/>
      </extensions>
    </trkpt>
    <trkpt lat="45.7492065" lon="10.7522274">
      <ele>112.64297927104488</ele>
      <time>2026-08-29T14:45:43.176+02:00</time>
      <extensions>
        <activity type="UNKNOWN" conf="40" state="unknown" tsMs="1788007539847"/>
        <radio op="vodafone IT" rat="LTE" rsrp="-115" rsrq="-16"/>
        <radio op="I TIM" rat="LTE" rsrp="-112" rsrq="-16"/>
      </extensions>
    </trkpt>
    <trkpt lat="45.7493998" lon="10.7514012">
      <ele>111.36849190123708</ele>
      <time>2026-08-29T14:45:53.176+02:00</time>
      <extensions>
        <activity type="ON_BICYCLE" conf="76" state="moving" tsMs="1788007550696"/>
        <radio op="vodafone IT" rat="LTE" rsrp="-117" rsrq="-15"/>
        <radio op="I TIM" rat="LTE" rsrp="-109" rsrq="-17"/>
      </extensions>
    </trkpt>
    <trkpt lat="45.749655" lon="10.7504315">
      <ele>111.51243714416323</ele>
      <time>2026-08-29T14:46:03.176+02:00</time>
      <extensions>
        <activity type="UNKNOWN" conf="40" state="unknown" tsMs="1788007561565"/>
        <radio op="vodafone IT" rat="LTE" rsrp="-113" rsrq="-14"/>
        <radio op="I TIM" rat="LTE" rsrp="-108" rsrq="-15"/>
      </extensions>
    </trkpt>
    <trkpt lat="45.7497925" lon="10.749861">
      <ele>111.24946561483584</ele>
      <time>2026-08-29T14:46:14.176+02:00</time>
      <extensions>
        <activity type="UNKNOWN" conf="40" state="unknown" tsMs="1788007572267"/>
        <radio op="vodafone IT" rat="LTE" rsrq="-27"/>
        <radio op="I TIM" rat="LTE" rsrp="-110" rsrq="-15"/>
      </extensions>
    </trkpt>
    <trkpt lat="45.7500553" lon="10.7497077">
      <ele>112.36898086623276</ele>
      <time>2026-08-29T14:46:24.176+02:00</time>
      <extensions>
        <activity type="UNKNOWN" conf="40" state="unknown" tsMs="1788007572267"/>
        <radio op="vodafone IT" rat="LTE" q="8.40" rsrp="-113" sinr="2" rsrq="-12"/>
        <radio op="I TIM" rat="LTE" rsrp="-108" rsrq="-16"/>
      </extensions>
    </trkpt>
    <trkpt lat="45.7496949" lon="10.7503469">
      <ele>111.89352472865556</ele>
      <time>2026-08-29T14:46:34.176+02:00</time>
      <extensions>
        <activity type="UNKNOWN" conf="40" state="unknown" tsMs="1788007576772"/>
        <radio op="vodafone IT" rat="LTE" q="8.00" rsrp="-109" sinr="0" rsrq="-13"/>
        <radio op="I TIM" rat="LTE" rsrp="-107" rsrq="-16"/>
      </extensions>
    </trkpt>
    <trkpt lat="45.749296" lon="10.7510143">
      <ele>113.38943927521909</ele>
      <time>2026-08-29T14:46:44.176+02:00</time>
      <extensions>
        <activity type="UNKNOWN" conf="40" state="unknown" tsMs="1788007604548"/>
        <radio op="vodafone IT" rat="LTE" q="12.60" rsrp="-107" sinr="2" rsrq="-10"/>
        <radio op="I TIM" rat="LTE" q="12.60" rsrp="-104" sinr="1" rsrq="-15"/>
      </extensions>
    </trkpt>
    <trkpt lat="45.7488926" lon="10.7516328">
      <ele>112.2223556295562</ele>
      <time>2026-08-29T14:46:54.176+02:00</time>
      <extensions>
        <activity type="ON_BICYCLE" conf="74" state="moving" tsMs="1788007609934"/>
        <radio op="vodafone IT" rat="LTE" q="17.10" rsrp="-106" sinr="4" rsrq="-11"/>
        <radio op="I TIM" rat="LTE" rsrp="-102" rsrq="-14"/>
      </extensions>
    </trkpt>
    <trkpt lat="45.7483744" lon="10.7522104">
      <ele>112.41652649719464</ele>
      <time>2026-08-29T14:47:04.176+02:00</time>
      <extensions>
        <activity type="UNKNOWN" conf="40" state="unknown" tsMs="1788007620834"/>
        <radio op="vodafone IT" rat="LTE" q="11.90" rsrp="-108" sinr="2" rsrq="-11"/>
        <radio op="I TIM" rat="LTE" rsrp="-104" rsrq="-16"/>
      </extensions>
    </trkpt>
    <trkpt lat="45.7478341" lon="10.7528044">
      <ele>113.46145085863755</ele>
      <time>2026-08-29T14:47:14.175+02:00</time>
      <extensions>
        <activity type="ON_BICYCLE" conf="95" state="moving" tsMs="1788007631681"/>
        <radio op="vodafone IT" rat="LTE" rsrp="-112" rsrq="-13"/>
        <radio op="I TIM" rat="LTE" rsrp="-105" rsrq="-17"/>
      </extensions>
    </trkpt>
    <trkpt lat="45.7474858" lon="10.7534412">
      <ele>112.05524783406955</ele>
      <time>2026-08-29T14:47:25.175+02:00</time>
      <extensions>
        <activity type="ON_BICYCLE" conf="80" state="moving" tsMs="1788007642399"/>
        <radio op="vodafone IT" rat="LTE" q="8.50" rsrp="-108" sinr="0" rsrq="-14"/>
        <radio op="I TIM" rat="LTE" rsrp="-102" rsrq="-16"/>
      </extensions>
    </trkpt>
    <trkpt lat="45.7472853" lon="10.7538886">
      <ele>110.88727397264739</ele>
      <time>2026-08-29T14:47:35.176+02:00</time>
      <extensions>
        <activity type="UNKNOWN" conf="40" state="unknown" tsMs="1788007653263"/>
        <radio op="vodafone IT" rat="LTE" rsrp="-106" rsrq="-11"/>
        <radio op="I TIM" rat="LTE" rsrp="-102" rsrq="-16"/>
      </extensions>
    </trkpt>
    <trkpt lat="45.746785" lon="10.7545315">
      <ele>112.30682220068648</ele>
      <time>2026-08-29T14:47:45.175+02:00</time>
      <extensions>
        <activity type="UNKNOWN" conf="40" state="unknown" tsMs="1788007663969"/>
        <radio op="vodafone IT" rat="LTE" q="11.20" rsrp="-111" sinr="3" rsrq="-11"/>
        <radio op="I TIM" rat="LTE" rsrp="-101" rsrq="-17"/>
      </extensions>
    </trkpt>
    <trkpt lat="45.7471005" lon="10.7543072">
      <ele>109.99373796505</ele>
      <time>2026-08-29T14:47:55.175+02:00</time>
      <extensions>
        <activity type="UNKNOWN" conf="40" state="unknown" tsMs="1788007674618"/>
        <radio op="vodafone IT" rat="LTE" rsrp="-113" rsrq="-13"/>
        <radio op="I TIM" rat="LTE" rsrp="-110" rsrq="-18"/>
      </extensions>
    </trkpt>
    <trkpt lat="45.7474954" lon="10.7536156">
      <ele>110.59920237895034</ele>
      <time>2026-08-29T14:48:05.176+02:00</time>
      <extensions>
        <activity type="UNKNOWN" conf="40" state="unknown" tsMs="1788007685448"/>
        <radio op="vodafone IT" rat="LTE" rsrp="-112" rsrq="-14"/>
        <radio op="I TIM" rat="LTE" rsrp="-108" rsrq="-16"/>
      </extensions>
    </trkpt>
    <trkpt lat="45.7478538" lon="10.7532132">
      <ele>110.62945584673852</ele>
      <time>2026-08-29T14:48:15.176+02:00</time>
      <extensions>
        <activity type="UNKNOWN" conf="40" state="unknown" tsMs="1788007690856"/>
        <radio op="vodafone IT" rat="LTE" rsrp="-111" rsrq="-16"/>
        <radio op="I TIM" rat="LTE" rsrp="-111" rsrq="-18"/>
      </extensions>
    </trkpt>
    <trkpt lat="45.7481566" lon="10.7525536">
      <ele>109.96563890397401</ele>
      <time>2026-08-29T14:48:25.175+02:00</time>
      <extensions>
        <activity type="UNKNOWN" conf="40" state="unknown" tsMs="1788007701724"/>
        <radio op="vodafone IT" rat="LTE" q="8.50" rsrp="-108" sinr="0" rsrq="-12"/>
        <radio op="I TIM" rat="LTE" rsrp="-105" rsrq="-16"/>
      </extensions>
    </trkpt>
    <trkpt lat="45.7484594" lon="10.7522662">
      <ele>110.13056473387086</ele>
      <time>2026-08-29T14:48:35.175+02:00</time>
      <extensions>
        <activity type="UNKNOWN" conf="40" state="unknown" tsMs="1788007712471"/>
        <radio op="vodafone IT" rat="LTE" rsrp="-108" rsrq="-14"/>
        <radio op="I TIM" rat="LTE" rsrp="-106" rsrq="-15"/>
      </extensions>
    </trkpt>
    <trkpt lat="45.7487447" lon="10.751676">
      <ele>110.35496452787892</ele>
      <time>2026-08-29T14:48:46.176+02:00</time>
      <extensions>
        <activity type="UNKNOWN" conf="40" state="unknown" tsMs="1788007723046"/>
        <radio op="vodafone IT" rat="LTE" rsrp="-111" rsrq="-14"/>
        <radio op="I TIM" rat="LTE" rsrp="-109" rsrq="-17"/>
      </extensions>
    </trkpt>
    <trkpt lat="45.7489775" lon="10.751044">
      <ele>110.50634034249308</ele>
      <time>2026-08-29T14:48:56.175+02:00</time>
      <extensions>
        <activity type="UNKNOWN" conf="40" state="unknown" tsMs="1788007732570"/>
        <radio op="vodafone IT" rat="LTE" rsrp="-110" rsrq="-15"/>
        <radio op="I TIM" rat="LTE" rsrp="-109" rsrq="-19"/>
      </extensions>
    </trkpt>
    <trkpt lat="45.7493105" lon="10.7504588">
      <ele>110.07206397470236</ele>
      <time>2026-08-29T14:49:06.176+02:00</time>
      <extensions>
        <activity type="UNKNOWN" conf="40" state="unknown" tsMs="1788007743356"/>
        <radio op="vodafone IT" rat="LTE" q="10.80" rsrp="-107" sinr="1" rsrq="-14"/>
        <radio op="I TIM" rat="LTE" rsrp="-110" rsrq="-17"/>
      </extensions>
    </trkpt>
    <trkpt lat="45.7495456" lon="10.7495857">
      <ele>110.47485717936226</ele>
      <time>2026-08-29T14:49:16.175+02:00</time>
      <extensions>
        <activity type="UNKNOWN" conf="40" state="unknown" tsMs="1788007754213"/>
        <radio op="vodafone IT" rat="LTE" rsrp="-111" rsrq="-15"/>
        <radio op="I TIM" rat="LTE" rsrp="-107" rsrq="-15"/>
      </extensions>
    </trkpt>
    <trkpt lat="45.7496866" lon="10.7493653">
      <ele>111.62930045807533</ele>
      <time>2026-08-29T14:49:26.175+02:00</time>
      <extensions>
        <activity type="UNKNOWN" conf="40" state="unknown" tsMs="1788007764974"/>
        <radio op="vodafone IT" rat="LTE" rsrp="-118" rsrq="-11"/>
        <radio op="I TIM" rat="LTE" rsrp="-117" rsrq="-19"/>
      </extensions>
    </trkpt>
    <trkpt lat="45.7495998" lon="10.7497601">
      <ele>110.27453934759217</ele>
      <time>2026-08-29T14:49:36.176+02:00</time>
      <extensions>
        <activity type="TILTING" conf="100" state="moving" tsMs="1788007772200"/>
        <radio op="vodafone IT" rat="LTE" rsrp="-106" rsrq="-18"/>
        <radio op="I TIM" rat="LTE" q="13.20" rsrp="-103" sinr="1" rsrq="-15"/>
      </extensions>
    </trkpt>
    <trkpt lat="45.7492372" lon="10.7504124">
      <ele>112.3518057719599</ele>
      <time>2026-08-29T14:49:46.175+02:00</time>
      <extensions>
        <activity type="TILTING" conf="100" state="moving" tsMs="1788007772200"/>
        <radio op="vodafone IT" rat="LTE" q="13.30" rsrp="-106" sinr="2" rsrq="-14"/>
        <radio op="I TIM" rat="LTE" rsrp="-104" rsrq="-14"/>
      </extensions>
    </trkpt>
    <trkpt lat="45.7495193" lon="10.7500455">
      <ele>109.92807309478366</ele>
      <time>2026-08-29T14:49:56.175+02:00</time>
      <extensions>
        <activity type="UNKNOWN" conf="40" state="unknown" tsMs="1788007775584"/>
        <radio op="vodafone IT" rat="LTE" rsrp="-113" rsrq="-15"/>
        <radio op="I TIM" rat="LTE" rsrp="-110" rsrq="-17"/>
      </extensions>
    </trkpt>
    <trkpt lat="45.7498667" lon="10.7489784">
      <ele>111.01040932857566</ele>
      <time>2026-08-29T14:50:07.176+02:00</time>
      <extensions>
        <activity type="UNKNOWN" conf="40" state="unknown" tsMs="1788007802757"/>
        <radio op="vodafone IT" rat="LTE" rsrp="-112" rsrq="-15"/>
        <radio op="I TIM" rat="LTE" rsrp="-110" rsrq="-16"/>
      </extensions>
    </trkpt>
    <trkpt lat="45.7499521" lon="10.7486718">
      <ele>110.09917169418904</ele>
      <time>2026-08-29T14:50:17.176+02:00</time>
      <extensions>
        <activity type="UNKNOWN" conf="40" state="unknown" tsMs="1788007813505"/>
        <radio op="vodafone IT" rat="LTE" rsrp="-120" rsrq="-14"/>
        <radio op="I TIM" rat="LTE" rsrp="-111" rsrq="-16"/>
      </extensions>
    </trkpt>
    <trkpt lat="45.7498216" lon="10.7492535">
      <ele>112.51229748596855</ele>
      <time>2026-08-29T14:50:27.176+02:00</time>
      <extensions>
        <activity type="UNKNOWN" conf="40" state="unknown" tsMs="1788007813505"/>
        <radio op="vodafone IT" rat="LTE" rsrp="-108" rsrq="-15"/>
        <radio op="I TIM" rat="LTE" rsrp="-108" rsrq="-15"/>
      </extensions>
    </trkpt>
    <trkpt lat="45.7494146" lon="10.7499473">
      <ele>110.87363645933249</ele>
      <time>2026-08-29T14:50:37.176+02:00</time>
      <extensions>
        <activity type="UNKNOWN" conf="40" state="unknown" tsMs="1788007817741"/>
        <radio op="vodafone IT" rat="LTE" rsrp="-106" rsrq="-16"/>
        <radio op="I TIM" rat="LTE" rsrp="-105" rsrq="-15"/>
      </extensions>
    </trkpt>
    <trkpt lat="45.7489226" lon="10.7506318">
      <ele>111.90716480775478</ele>
      <time>2026-08-29T14:50:47.175+02:00</time>
      <extensions>
        <activity type="UNKNOWN" conf="40" state="unknown" tsMs="1788007845494"/>
        <radio op="vodafone IT" rat="LTE" rsrp="-111" rsrq="-16"/>
        <radio op="I TIM" rat="LTE" rsrp="-103" rsrq="-15"/>
      </extensions>
    </trkpt>
    <trkpt lat="45.748501" lon="10.7511933">
      <ele>111.82149317278046</ele>
      <time>2026-08-29T14:50:57.175+02:00</time>
      <extensions>
        <activity type="UNKNOWN" conf="40" state="unknown" tsMs="1788007856272"/>
        <radio op="vodafone IT" rat="LTE" q="13.30" rsrp="-106" sinr="2" rsrq="-13"/>
        <radio op="I TIM" rat="LTE" rsrp="-106" rsrq="-17"/>
      </extensions>
    </trkpt>
    <trkpt lat="45.7480044" lon="10.7518813">
      <ele>112.2004704507024</ele>
      <time>2026-08-29T14:51:07.176+02:00</time>
      <extensions>
        <activity type="UNKNOWN" conf="40" state="unknown" tsMs="1788007867002"/>
        <radio op="vodafone IT" rat="LTE" rsrp="-104" rsrq="-13"/>
        <radio op="I TIM" rat="LTE" q="10.00" rsrp="-105" sinr="0" rsrq="-14"/>
      </extensions>
    </trkpt>
    <trkpt lat="45.7474573" lon="10.7525812">
      <ele>111.97389981455638</ele>
      <time>2026-08-29T14:51:18.176+02:00</time>
      <extensions>
        <activity type="UNKNOWN" conf="40" state="unknown" tsMs="1788007877791"/>
        <radio op="vodafone IT" rat="LTE" q="11.00" rsrp="-103" sinr="0" rsrq="-14"/>
        <radio op="I TIM" rat="LTE" q="14.70" rsrp="-104" sinr="2" rsrq="-14"/>
      </extensions>
    </trkpt>
    <trkpt lat="45.7470063" lon="10.7532363">
      <ele>112.04697852594427</ele>
      <time>2026-08-29T14:51:28.176+02:00</time>
      <extensions>
        <activity type="UNKNOWN" conf="40" state="unknown" tsMs="1788007887848"/>
        <radio op="vodafone IT" rat="LTE" rsrp="-108" rsrq="-14"/>
        <radio op="I TIM" rat="LTE" q="18.90" rsrp="-104" sinr="4" rsrq="-15"/>
      </extensions>
    </trkpt>
    <trkpt lat="45.7472317" lon="10.7530579">
      <ele>109.93430928396424</ele>
      <time>2026-08-29T14:51:38.175+02:00</time>
      <extensions>
        <activity type="UNKNOWN" conf="40" state="unknown" tsMs="1788007898204"/>
        <radio op="vodafone IT" rat="LTE" rsrp="-112" rsrq="-14"/>
        <radio op="I TIM" rat="LTE" rsrp="-109" rsrq="-15"/>
      </extensions>
    </trkpt>
    <trkpt lat="45.7475486" lon="10.7524444">
      <ele>110.68680134494079</ele>
      <time>2026-08-29T14:51:48.176+02:00</time>
      <extensions>
        <activity type="UNKNOWN" conf="40" state="unknown" tsMs="1788007908557"/>
        <radio op="vodafone IT" rat="LTE" rsrp="-114" rsrq="-16"/>
        <radio op="I TIM" rat="LTE" rsrp="-110" rsrq="-16"/>
      </extensions>
    </trkpt>
    <trkpt lat="45.7478458" lon="10.7518699">
      <ele>110.79013918908463</ele>
      <time>2026-08-29T14:51:58.176+02:00</time>
      <extensions>
        <activity type="UNKNOWN" conf="40" state="unknown" tsMs="1788007913985"/>
        <radio op="vodafone IT" rat="LTE" rsrp="-107" rsrq="-13"/>
        <radio op="I TIM" rat="LTE" rsrp="-109" rsrq="-17"/>
      </extensions>
    </trkpt>
    <trkpt lat="45.7476469" lon="10.7523853">
      <ele>109.88411777194925</ele>
      <time>2026-08-29T14:52:08.176+02:00</time>
      <extensions>
        <activity type="UNKNOWN" conf="40" state="unknown" tsMs="1788007924727"/>
        <radio op="vodafone IT" rat="LTE" rsrp="-107" rsrq="-15"/>
        <radio op="I TIM" rat="LTE" rsrp="-104" rsrq="-15"/>
      </extensions>
    </trkpt>
    <trkpt lat="45.7472377" lon="10.7531945">
      <ele>110.94988052893056</ele>
      <time>2026-08-29T14:52:18.176+02:00</time>
      <extensions>
        <activity type="UNKNOWN" conf="40" state="unknown" tsMs="1788007935451"/>
        <radio op="vodafone IT" rat="LTE" rsrp="-103" rsrq="-14"/>
        <radio op="I TIM" rat="LTE" q="12.00" rsrp="-101" sinr="0" rsrq="-15"/>
      </extensions>
    </trkpt>
    <trkpt lat="45.7467853" lon="10.7538236">
      <ele>111.43737507471381</ele>
      <time>2026-08-29T14:52:28.176+02:00</time>
      <extensions>
        <activity type="UNKNOWN" conf="40" state="unknown" tsMs="1788007946257"/>
        <radio op="vodafone IT" rat="LTE" q="14.70" rsrp="-104" sinr="2" rsrq="-14"/>
        <radio op="I TIM" rat="LTE" rsrp="-97" rsrq="-14"/>
      </extensions>
    </trkpt>
    <trkpt lat="45.7464496" lon="10.7543192">
      <ele>110.95504447492766</ele>
      <time>2026-08-29T14:52:38.175+02:00</time>
      <extensions>
        <activity type="ON_BICYCLE" conf="83" state="moving" tsMs="1788007957111"/>
        <radio op="vodafone IT" rat="LTE" rsrp="-104" rsrq="-13"/>
        <radio op="I TIM" rat="LTE" rsrp="-104" rsrq="-15"/>
      </extensions>
    </trkpt>
    <trkpt lat="45.7468994" lon="10.7538175">
      <ele>110.32675124638646</ele>
      <time>2026-08-29T14:52:49.176+02:00</time>
      <extensions>
        <activity type="UNKNOWN" conf="40" state="unknown" tsMs="1788007969082"/>
        <radio op="vodafone IT" rat="LTE" rsrp="-112" rsrq="-15"/>
        <radio op="I TIM" rat="LTE" rsrp="-109" rsrq="-16"/>
      </extensions>
    </trkpt>
    <trkpt lat="45.7472839" lon="10.7534657">
      <ele>110.51241078095653</ele>
      <time>2026-08-29T14:52:59.176+02:00</time>
      <extensions>
        <activity type="UNKNOWN" conf="40" state="unknown" tsMs="1788007974480"/>
        <radio op="vodafone IT" rat="LTE" rsrp="-109" rsrq="-15"/>
        <radio op="I TIM" rat="LTE" q="11.40" rsrp="-106" sinr="1" rsrq="-15"/>
      </extensions>
    </trkpt>
    <trkpt lat="45.747719" lon="10.7526606">
      <ele>111.1816094822392</ele>
      <time>2026-08-29T14:53:09.176+02:00</time>
      <extensions>
        <activity type="UNKNOWN" conf="40" state="unknown" tsMs="1788007985228"/>
        <radio op="vodafone IT" rat="LTE" rsrp="-116" rsrq="-16"/>
        <radio op="I TIM" rat="LTE" rsrp="-111" rsrq="-16"/>
      </extensions>
    </trkpt>
    <trkpt lat="45.7480447" lon="10.7522897">
      <ele>110.4352949535349</ele>
      <time>2026-08-29T14:53:19.176+02:00</time>
      <extensions>
        <activity type="ON_BICYCLE" conf="78" state="moving" tsMs="1788007996015"/>
        <radio op="vodafone IT" rat="LTE" rsrp="-110" rsrq="-13"/>
        <radio op="I TIM" rat="LTE" rsrp="-113" rsrq="-17"/>
      </extensions>
    </trkpt>
    <trkpt lat="45.7483908" lon="10.7514503">
      <ele>110.49575367348979</ele>
      <time>2026-08-29T14:53:29.176+02:00</time>
      <extensions>
        <activity type="UNKNOWN" conf="40" state="unknown" tsMs="1788008006776"/>
        <radio op="vodafone IT" rat="LTE" rsrp="-111" rsrq="-15"/>
        <radio op="I TIM" rat="LTE" rsrp="-112" rsrq="-16"/>
      </extensions>
    </trkpt>
    <trkpt lat="45.7487743" lon="10.7505797">
      <ele>110.81099520774977</ele>
      <time>2026-08-29T14:53:39.176+02:00</time>
      <extensions>
        <activity type="ON_BICYCLE" conf="81" state="moving" tsMs="1788008017656"/>
        <radio op="vodafone IT" rat="LTE" rsrp="-112" rsrq="-15"/>
        <radio op="I TIM" rat="LTE" rsrp="-110" rsrq="-18"/>
      </extensions>
    </trkpt>
    <trkpt lat="45.7491529" lon="10.7500863">
      <ele>110.90602611029587</ele>
      <time>2026-08-29T14:53:49.175+02:00</time>
      <extensions>
        <activity type="UNKNOWN" conf="40" state="unknown" tsMs="1788008027985"/>
        <radio op="vodafone IT" rat="LTE" rsrp="-111" rsrq="-15"/>
        <radio op="I TIM" rat="LTE" q="8.00" rsrp="-109" sinr="0" rsrq="-15"/>
      </extensions>
    </trkpt>
    <trkpt lat="45.7494899" lon="10.7494299">
      <ele>110.6669345774464</ele>
      <time>2026-08-29T14:54:00.176+02:00</time>
      <extensions>
        <activity type="UNKNOWN" conf="40" state="unknown" tsMs="1788008038850"/>
        <radio op="vodafone IT" rat="LTE" rsrp="-114" rsrq="-17"/>
        <radio op="I TIM" rat="LTE" rsrp="-109" rsrq="-15"/>
      </extensions>
    </trkpt>
    <trkpt lat="45.7493027" lon="10.750023">
      <ele>111.49993531970644</ele>
      <time>2026-08-29T14:54:10.176+02:00</time>
      <extensions>
        <activity type="TILTING" conf="100" state="moving" tsMs="1788008041204"/>
        <radio op="vodafone IT" rat="LTE" q="12.60" rsrp="-104" sinr="1" rsrq="-14"/>
        <radio op="I TIM" rat="LTE" rsrp="-103" rsrq="-16"/>
      </extensions>
    </trkpt>
    <trkpt lat="45.748817" lon="10.7506749">
      <ele>112.44584443838706</ele>
      <time>2026-08-29T14:54:20.176+02:00</time>
      <extensions>
        <activity type="TILTING" conf="100" state="moving" tsMs="1788008041204"/>
        <radio op="vodafone IT" rat="LTE" q="18.90" rsrp="-104" sinr="4" rsrq="-14"/>
        <radio op="I TIM" rat="LTE" rsrp="-103" rsrq="-14"/>
      </extensions>
    </trkpt>
    <trkpt lat="45.7483951" lon="10.7512623">
      <ele>112.15353367495366</ele>
      <time>2026-08-29T14:54:30.176+02:00</time>
      <extensions>
        <activity type="ON_BICYCLE" conf="71" state="moving" tsMs="1788008066835"/>
        <radio op="vodafone IT" rat="LTE" q="15.40" rsrp="-103" sinr="2" rsrq="-15"/>
        <radio op="I TIM" rat="LTE" rsrp="-99" rsrq="-15"/>
      </extensions>
    </trkpt>
    <trkpt lat="45.7479706" lon="10.7518983">
      <ele>111.61696883817558</ele>
      <time>2026-08-29T14:54:40.176+02:00</time>
      <extensions>
        <activity type="UNKNOWN" conf="40" state="unknown" tsMs="1788008077170"/>
        <radio op="vodafone IT" rat="LTE" rsrp="-101" rsrq="-14"/>
        <radio op="I TIM" rat="LTE" rsrp="-100" rsrq="-14"/>
      </extensions>
    </trkpt>
    <trkpt lat="45.7475977" lon="10.752621">
      <ele>111.0929074004426</ele>
      <time>2026-08-29T14:54:50.175+02:00</time>
      <extensions>
        <activity type="TILTING" conf="100" state="moving" tsMs="1788008085392"/>
        <radio op="vodafone IT" rat="LTE" rsrp="-102" rsrq="-15"/>
        <radio op="I TIM" rat="LTE" q="19.60" rsrp="-97" sinr="2" rsrq="-14"/>
      </extensions>
    </trkpt>
    <trkpt lat="45.7472563" lon="10.7532286">
      <ele>111.59918333694178</ele>
      <time>2026-08-29T14:55:00.176+02:00</time>
      <extensions>
        <activity type="TILTING" conf="100" state="moving" tsMs="1788008085392"/>
        <radio op="vodafone IT" rat="LTE" rsrp="-104" rsrq="-14"/>
        <radio op="I TIM" rat="LTE" rsrp="-92" rsrq="-12"/>
      </extensions>
    </trkpt>
    <trkpt lat="45.7468807" lon="10.7537921">
      <ele>110.83505990681766</ele>
      <time>2026-08-29T14:55:11.176+02:00</time>
      <extensions>
        <activity type="ON_BICYCLE" conf="87" state="moving" tsMs="1788008111028"/>
        <radio op="vodafone IT" rat="LTE" q="16.20" rsrp="-98" sinr="1" rsrq="-12"/>
        <radio op="I TIM" rat="LTE" q="16.00" rsrp="-93" sinr="0" rsrq="-13"/>
      </extensions>
    </trkpt>
    <trkpt lat="45.7465414" lon="10.7543525">
      <ele>111.02598317232348</ele>
      <time>2026-08-29T14:55:21.175+02:00</time>
      <extensions>
        <activity type="ON_BICYCLE" conf="89" state="moving" tsMs="1788008121353"/>
        <radio op="vodafone IT" rat="LTE" q="14.50" rsrp="-96" sinr="0" rsrq="-11"/>
        <radio op="I TIM" rat="LTE" rsrp="-91" rsrq="-13"/>
      </extensions>
    </trkpt>
    <trkpt lat="45.7461457" lon="10.7548454">
      <ele>110.36013670572017</ele>
      <time>2026-08-29T14:55:31.176+02:00</time>
      <extensions>
        <activity type="ON_BICYCLE" conf="83" state="moving" tsMs="1788008126542"/>
        <radio op="vodafone IT" rat="LTE" q="20.30" rsrp="-96" sinr="2" rsrq="-9"/>
        <radio op="I TIM" rat="LTE" rsrp="-91" rsrq="-13"/>
      </extensions>
    </trkpt>
    <trkpt lat="45.7458263" lon="10.7553391">
      <ele>111.40707287091591</ele>
      <time>2026-08-29T14:55:41.176+02:00</time>
      <extensions>
        <activity type="ON_BICYCLE" conf="77" state="moving" tsMs="1788008136858"/>
        <radio op="vodafone IT" rat="LTE" q="20.70" rsrp="-102" sinr="4" rsrq="-11"/>
        <radio op="I TIM" rat="LTE" q="21.70" rsrp="-94" sinr="2" rsrq="-13"/>
      </extensions>
    </trkpt>
    <trkpt lat="45.7456895" lon="10.7557737">
      <ele>110.0</ele>
      <time>2026-08-29T14:55:51.175+02:00</time>
      <extensions>
        <activity type="ON_BICYCLE" conf="89" state="moving" tsMs="1788008147233"/>
        <radio op="vodafone IT" rat="LTE" q="14.40" rsrp="-101" sinr="1" rsrq="-11"/>
        <radio op="I TIM" rat="LTE" q="17.40" rsrp="-96" sinr="1" rsrq="-14"/>
      </extensions>
    </trkpt>
    <trkpt lat="45.7454495" lon="10.7562311">
      <ele>110.6732434749136</ele>
      <time>2026-08-29T14:56:01.176+02:00</time>
      <extensions>
        <activity type="ON_BICYCLE" conf="83" state="moving" tsMs="1788008157571"/>
        <radio op="vodafone IT" rat="LTE" rsrp="-112" rsrq="-11"/>
        <radio op="I TIM" rat="LTE" q="14.50" rsrp="-96" sinr="0" rsrq="-14"/>
      </extensions>
    </trkpt>
    <trkpt lat="45.7458165" lon="10.7558601">
      <ele>110.32361411850468</ele>
      <time>2026-08-29T14:56:11.176+02:00</time>
      <extensions>
        <activity type="UNKNOWN" conf="40" state="unknown" tsMs="1788008171643"/>
        <radio op="vodafone IT" rat="LTE" q="8.50" rsrp="-108" sinr="0" rsrq="-11"/>
        <radio op="I TIM" rat="LTE" q="25.20" rsrp="-97" sinr="4" rsrq="-13"/>
      </extensions>
    </trkpt>
    <trkpt lat="45.7462528" lon="10.7551254">
      <ele>110.6575102277983</ele>
      <time>2026-08-29T14:56:22.176+02:00</time>
      <extensions>
        <activity type="UNKNOWN" conf="40" state="unknown" tsMs="1788008180973"/>
        <radio op="vodafone IT" rat="LTE" rsrp="-111" rsrq="-12"/>
        <radio op="I TIM" rat="LTE" q="14.40" rsrp="-101" sinr="1" rsrq="-13"/>
      </extensions>
    </trkpt>
    <trkpt lat="45.7465486" lon="10.7544905">
      <ele>110.38410965430212</ele>
      <time>2026-08-29T14:56:32.175+02:00</time>
      <extensions>
        <activity type="UNKNOWN" conf="40" state="unknown" tsMs="1788008191854"/>
        <radio op="vodafone IT" rat="LTE" rsrp="-112" rsrq="-15"/>
        <radio op="I TIM" rat="LTE" rsrp="-108" rsrq="-15"/>
      </extensions>
    </trkpt>
    <trkpt lat="45.7468637" lon="10.7539456">
      <ele>110.67954368006812</ele>
      <time>2026-08-29T14:56:42.175+02:00</time>
      <extensions>
        <activity type="IN_VEHICLE" conf="97" state="moving" tsMs="1788008197306"/>
        <radio op="vodafone IT" rat="LTE" rsrp="-115" rsrq="-15"/>
        <radio op="I TIM" rat="LTE" rsrp="-110" rsrq="-16"/>
      </extensions>
    </trkpt>
    <trkpt lat="45.7472384" lon="10.7532507">
      <ele>111.06576465937381</ele>
      <time>2026-08-29T14:56:52.175+02:00</time>
      <extensions>
        <activity type="IN_VEHICLE" conf="87" state="moving" tsMs="1788008208008"/>
        <radio op="vodafone IT" rat="LTE" rsrp="-114" rsrq="-14"/>
        <radio op="I TIM" rat="LTE" rsrp="-111" rsrq="-18"/>
      </extensions>
    </trkpt>
    <trkpt lat="45.7475405" lon="10.7528469">
      <ele>109.23599733745667</ele>
      <time>2026-08-29T14:57:02.175+02:00</time>
      <extensions>
        <activity type="UNKNOWN" conf="40" state="unknown" tsMs="1788008221646"/>
        <radio op="vodafone IT" rat="LTE" q="2.50" rsrp="-120" sinr="0" rsrq="-15"/>
        <radio op="I TIM" rat="LTE" rsrp="-116" rsrq="-19"/>
      </extensions>
    </trkpt>
    <trkpt lat="45.7478601" lon="10.7522998">
      <ele>111.0646854511981</ele>
      <time>2026-08-29T14:57:12.175+02:00</time>
      <extensions>
        <activity type="UNKNOWN" conf="40" state="unknown" tsMs="1788008232175"/>
        <radio op="vodafone IT" rat="LTE" rsrp="-113" rsrq="-15"/>
        <radio op="I TIM" rat="LTE" rsrp="-106" rsrq="-14"/>
      </extensions>
    </trkpt>
    <trkpt lat="45.7481504" lon="10.7515993">
      <ele>110.76303767294368</ele>
      <time>2026-08-29T14:57:22.176+02:00</time>
      <extensions>
        <activity type="IN_VEHICLE" conf="81" state="moving" tsMs="1788008243006"/>
        <radio op="vodafone IT" rat="LTE" q="5.50" rsrp="-114" sinr="0" rsrq="-15"/>
        <radio op="I TIM" rat="LTE" rsrp="-111" rsrq="-16"/>
      </extensions>
    </trkpt>
    <trkpt lat="45.7484329" lon="10.7508262">
      <ele>111.44260538795155</ele>
      <time>2026-08-29T14:57:33.176+02:00</time>
      <extensions>
        <activity type="UNKNOWN" conf="40" state="unknown" tsMs="1788008248403"/>
        <radio op="vodafone IT" rat="LTE" rsrp="-110" rsrq="-16"/>
        <radio op="I TIM" rat="LTE" rsrp="-109" rsrq="-16"/>
      </extensions>
    </trkpt>
    <trkpt lat="45.7485396" lon="10.7505839">
      <ele>109.03147081637462</ele>
      <time>2026-08-29T14:57:43.176+02:00</time>
      <extensions>
        <activity type="IN_VEHICLE" conf="88" state="moving" tsMs="1788008259264"/>
        <radio op="vodafone IT" rat="LTE" rsrp="-131" rsrq="-19"/>
        <radio op="I TIM" rat="LTE" rsrp="-124" rsrq="-20"/>
      </extensions>
    </trkpt>
    <trkpt lat="45.7485921" lon="10.7507264">
      <ele>107.85521605581275</ele>
      <time>2026-08-29T14:57:53.175+02:00</time>
      <extensions>
        <activity type="IN_VEHICLE" conf="88" state="moving" tsMs="1788008259264"/>
        <radio op="vodafone IT" rat="LTE" rsrp="-116" rsrq="-10"/>
        <radio op="I TIM" rat="LTE" rsrp="-109" rsrq="-15"/>
      </extensions>
    </trkpt>
    <trkpt lat="45.7482856" lon="10.7512895">
      <ele>112.41556530527961</ele>
      <time>2026-08-29T14:58:03.176+02:00</time>
      <extensions>
        <activity type="UNKNOWN" conf="40" state="unknown" tsMs="1788008264779"/>
        <radio op="vodafone IT" rat="LTE" rsrp="-109" rsrq="-11"/>
        <radio op="I TIM" rat="LTE" rsrp="-101" rsrq="-14"/>
      </extensions>
    </trkpt>
    <trkpt lat="45.747798" lon="10.7518679">
      <ele>112.30494216472401</ele>
      <time>2026-08-29T14:58:13.175+02:00</time>
      <extensions>
        <activity type="UNKNOWN" conf="40" state="unknown" tsMs="1788008289649"/>
        <radio op="vodafone IT" rat="LTE" rsrp="-100" rsrq="-11"/>
        <radio op="I TIM" rat="LTE" rsrp="-99" rsrq="-15"/>
      </extensions>
    </trkpt>
    <trkpt lat="45.7474649" lon="10.7523548">
      <ele>111.52507594105722</ele>
      <time>2026-08-29T14:58:23.176+02:00</time>
      <extensions>
        <activity type="TILTING" conf="100" state="moving" tsMs="1788008297455"/>
        <radio op="vodafone IT" rat="LTE" rsrp="-112" rsrq="-15"/>
        <radio op="I TIM" rat="LTE" rsrp="-109" rsrq="-17"/>
      </extensions>
    </trkpt>
    <trkpt lat="45.7478108" lon="10.7518718">
      <ele>110.26719886800915</ele>
      <time>2026-08-29T14:58:33.176+02:00</time>
      <extensions>
        <activity type="TILTING" conf="100" state="moving" tsMs="1788008297455"/>
        <radio op="vodafone IT" rat="LTE" rsrp="-108" rsrq="-14"/>
        <radio op="I TIM" rat="LTE" rsrp="-110" rsrq="-18"/>
      </extensions>
    </trkpt>
    <trkpt lat="45.7479772" lon="10.7515987">
      <ele>109.92378029574455</ele>
      <time>2026-08-29T14:58:44.175+02:00</time>
      <extensions>
        <activity type="UNKNOWN" conf="40" state="unknown" tsMs="1788008322944"/>
        <radio op="vodafone IT" rat="LTE" rsrp="-118" rsrq="-17"/>
        <radio op="I TIM" rat="LTE" rsrp="-108" rsrq="-18"/>
      </extensions>
    </trkpt>
    <trkpt lat="45.7476777" lon="10.75224">
      <ele>111.50419755801994</ele>
      <time>2026-08-29T14:58:54.176+02:00</time>
      <extensions>
        <activity type="UNKNOWN" conf="40" state="unknown" tsMs="1788008333566"/>
        <radio op="vodafone IT" rat="LTE" q="13.30" rsrp="-106" sinr="2" rsrq="-13"/>
        <radio op="I TIM" rat="LTE" rsrp="-100" rsrq="-15"/>
      </extensions>
    </trkpt>
    <trkpt lat="45.7472611" lon="10.7529386">
      <ele>111.83090996313894</ele>
      <time>2026-08-29T14:59:04.176+02:00</time>
      <extensions>
        <activity type="UNKNOWN" conf="40" state="unknown" tsMs="1788008344390"/>
        <radio op="vodafone IT" rat="LTE" rsrp="-107" rsrq="-14"/>
        <radio op="I TIM" rat="LTE" rsrp="-106" rsrq="-15"/>
      </extensions>
    </trkpt>
    <trkpt lat="45.7471728" lon="10.7531261">
      <ele>108.40208239592641</ele>
      <time>2026-08-29T14:59:14.176+02:00</time>
      <extensions>
        <activity type="ON_BICYCLE" conf="77" state="moving" tsMs="1788008349799"/>
        <radio op="vodafone IT" rat="LTE" rsrp="-121" rsrq="-12"/>
        <radio op="I TIM" rat="LTE" rsrp="-128" rsrq="-20"/>
      </extensions>
    </trkpt>
    <trkpt lat="45.7474601" lon="10.7528275">
      <ele>109.70879938374331</ele>
      <time>2026-08-29T14:59:24.175+02:00</time>
      <extensions>
        <activity type="TILTING" conf="100" state="moving" tsMs="1788008360230"/>
        <radio op="vodafone IT" rat="LTE" rsrp="-111" rsrq="-16"/>
        <radio op="I TIM" rat="LTE" rsrp="-110" rsrq="-15"/>
      </extensions>
    </trkpt>
    <trkpt lat="45.7478092" lon="10.7522506">
      <ele>111.02087683213347</ele>
      <time>2026-08-29T14:59:34.175+02:00</time>
      <extensions>
        <activity type="UNKNOWN" conf="40" state="unknown" tsMs="1788008374134"/>
        <radio op="vodafone IT" rat="LTE" q="10.20" rsrp="-108" sinr="1" rsrq="-12"/>
        <radio op="I TIM" rat="LTE" rsrp="-109" rsrq="-16"/>
      </extensions>
    </trkpt>
    <trkpt lat="45.7479501" lon="10.7521762">
      <ele>108.59411722618765</ele>
      <time>2026-08-29T14:59:44.176+02:00</time>
      <extensions>
        <activity type="UNKNOWN" conf="40" state="unknown" tsMs="1788008384380"/>
        <radio op="vodafone IT" rat="LTE" rsrq="-26"/>
        <radio op="I TIM" rat="LTE" rsrp="-126" rsrq="-22"/>
      </extensions>
    </trkpt>
    <trkpt lat="45.7479753" lon="10.7521978">
      <ele>114.9989691854029</ele>
      <time>2026-08-29T14:59:50.022+02:00</time>
      <extensions>
        <activity type="UNKNOWN" conf="40" state="unknown" tsMs="1788008384380"/>
        <radio op="vodafone IT" rat="LTE" rsrp="-124" rsrq="-17"/>
        <radio op="I TIM" rat="LTE" rsrp="-126" rsrq="-20"/>
      </extensions>
    </trkpt>
    <trkpt lat="45.7479171" lon="10.7524696">
      <ele>135.84904757974653</ele>
      <time>2026-08-29T15:00:04.176+02:00</time>
      <extensions>
        <activity type="UNKNOWN" conf="40" state="unknown" tsMs="1788008387805"/>
        <radio op="vodafone IT" rat="LTE" q="18.00" rsrp="-105" sinr="4" rsrq="-9"/>
        <radio op="I TIM" rat="LTE" q="11.50" rsrp="-102" sinr="0" rsrq="-13"/>
      </extensions>
    </trkpt>
    <trkpt lat="45.7475543" lon="10.7531892">
      <ele>144.65621907061814</ele>
      <time>2026-08-29T15:00:15.176+02:00</time>
      <extensions>
        <activity type="UNKNOWN" conf="40" state="unknown" tsMs="1788008411000"/>
        <radio op="vodafone IT" rat="LTE" rsrp="-104" rsrq="-11"/>
        <radio op="I TIM" rat="LTE" rsrp="-106" rsrq="-15"/>
      </extensions>
    </trkpt>
    <trkpt lat="45.747169" lon="10.7538266">
      <ele>146.62775390851533</ele>
      <time>2026-08-29T15:00:25.176+02:00</time>
      <extensions>
        <activity type="UNKNOWN" conf="40" state="unknown" tsMs="1788008421829"/>
        <radio op="vodafone IT" rat="LTE" rsrp="-111" rsrq="-15"/>
        <radio op="I TIM" rat="LTE" rsrp="-105" rsrq="-14"/>
      </extensions>
    </trkpt>
    <trkpt lat="45.7467995" lon="10.754416">
      <ele>149.1247957311288</ele>
      <time>2026-08-29T15:00:35.176+02:00</time>
      <extensions>
        <activity type="UNKNOWN" conf="40" state="unknown" tsMs="1788008432640"/>
        <radio op="vodafone IT" rat="LTE" q="10.80" rsrp="-107" sinr="1" rsrq="-11"/>
        <radio op="I TIM" rat="LTE" rsrp="-102" rsrq="-16"/>
      </extensions>
    </trkpt>
    <trkpt lat="45.746508" lon="10.7551074">
      <ele>150.61787353357315</ele>
      <time>2026-08-29T15:00:45.175+02:00</time>
      <extensions>
        <activity type="UNKNOWN" conf="40" state="unknown" tsMs="1788008443497"/>
        <radio op="vodafone IT" rat="LTE" rsrp="-112" rsrq="-13"/>
        <radio op="I TIM" rat="LTE" rsrp="-104" rsrq="-16"/>
      </extensions>
    </trkpt>
    <trkpt lat="45.7461432" lon="10.7558319">
      <ele>151.14829447540603</ele>
      <time>2026-08-29T15:00:55.175+02:00</time>
      <extensions>
        <activity type="ON_BICYCLE" conf="83" state="moving" tsMs="1788008454341"/>
        <radio op="vodafone IT" rat="LTE" rsrp="-103" rsrq="-14"/>
        <radio op="I TIM" rat="LTE" rsrp="-102" rsrq="-17"/>
      </extensions>
    </trkpt>
    <trkpt lat="45.7461097" lon="10.7560792">
      <ele>151.3498892407681</ele>
      <time>2026-08-29T15:01:05.176+02:00</time>
      <extensions>
        <activity type="TILTING" conf="100" state="moving" tsMs="1788008465993"/>
        <radio op="vodafone IT" rat="LTE" q="12.60" rsrp="-107" sinr="2" rsrq="-11"/>
        <radio op="I TIM" rat="LTE" q="32.40" rsrp="-98" sinr="7" rsrq="-13"/>
      </extensions>
    </trkpt>
    <trkpt lat="45.7464189" lon="10.7554148">
      <ele>146.96376369142683</ele>
      <time>2026-08-29T15:01:15.176+02:00</time>
      <extensions>
        <activity type="TILTING" conf="100" state="moving" tsMs="1788008465993"/>
        <radio op="vodafone IT" rat="LTE" rsrp="-109" rsrq="-15"/>
        <radio op="I TIM" rat="LTE" q="27.50" rsrp="-100" sinr="6" rsrq="-13"/>
      </extensions>
    </trkpt>
    <trkpt lat="45.7467779" lon="10.75473">
      <ele>148.43457193413437</ele>
      <time>2026-08-29T15:01:26.176+02:00</time>
      <extensions>
        <activity type="UNKNOWN" conf="40" state="unknown" tsMs="1788008469376"/>
        <radio op="vodafone IT" rat="LTE" rsrp="-114" rsrq="-16"/>
        <radio op="I TIM" rat="LTE" rsrp="-114" rsrq="-15"/>
      </extensions>
    </trkpt>
    <trkpt lat="45.7470263" lon="10.7540818">
      <ele>148.14985472800745</ele>
      <time>2026-08-29T15:01:36.176+02:00</time>
      <extensions>
        <activity type="IN_VEHICLE" conf="82" state="moving" tsMs="1788008491510"/>
        <radio op="vodafone IT" rat="LTE" q="6.50" rsrp="-112" sinr="0" rsrq="-15"/>
        <radio op="I TIM" rat="LTE" rsrp="-117" rsrq="-15"/>
      </extensions>
    </trkpt>
    <trkpt lat="45.7473015" lon="10.7535255">
      <ele>147.4788694238654</ele>
      <time>2026-08-29T15:01:46.176+02:00</time>
      <extensions>
        <activity type="UNKNOWN" conf="40" state="unknown" tsMs="1788008502391"/>
        <radio op="vodafone IT" rat="LTE" q="8.00" rsrp="-109" sinr="0" rsrq="-15"/>
        <radio op="I TIM" rat="LTE" rsrp="-112" rsrq="-18"/>
      </extensions>
    </trkpt>
    <trkpt lat="45.7475832" lon="10.7529304">
      <ele>146.00755131760724</ele>
      <time>2026-08-29T15:01:56.175+02:00</time>
      <extensions>
        <activity type="IN_VEHICLE" conf="83" state="moving" tsMs="1788008513223"/>
        <radio op="vodafone IT" rat="LTE" q="9.00" rsrp="-110" sinr="1" rsrq="-13"/>
        <radio op="I TIM" rat="LTE" rsrp="-111" rsrq="-17"/>
      </extensions>
    </trkpt>
    <trkpt lat="45.7479005" lon="10.7522377">
      <ele>147.86144724112987</ele>
      <time>2026-08-29T15:02:06.175+02:00</time>
      <extensions>
        <activity type="UNKNOWN" conf="40" state="unknown" tsMs="1788008524082"/>
        <radio op="vodafone IT" rat="LTE" rsrp="-112" rsrq="-14"/>
        <radio op="I TIM" rat="LTE" rsrp="-113" rsrq="-18"/>
      </extensions>
    </trkpt>
    <trkpt lat="45.7481258" lon="10.751555">
      <ele>145.51026673951472</ele>
      <time>2026-08-29T15:02:16.175+02:00</time>
      <extensions>
        <activity type="IN_VEHICLE" conf="84" state="moving" tsMs="1788008534893"/>
        <radio op="vodafone IT" rat="LTE" rsrp="-113" rsrq="-15"/>
        <radio op="I TIM" rat="LTE" rsrp="-110" rsrq="-17"/>
      </extensions>
    </trkpt>
    <trkpt lat="45.7484136" lon="10.7508747">
      <ele>142.32283760558323</ele>
      <time>2026-08-29T15:02:26.176+02:00</time>
      <extensions>
        <activity type="IN_VEHICLE" conf="82" state="moving" tsMs="1788008545703"/>
        <radio op="vodafone IT" rat="LTE" rsrp="-114" rsrq="-16"/>
        <radio op="I TIM" rat="LTE" q="9.00" rsrp="-107" sinr="0" rsrq="-17"/>
      </extensions>
    </trkpt>
    <trkpt lat="45.7486295" lon="10.7505519">
      <ele>143.1303819105961</ele>
      <time>2026-08-29T15:02:35.175+02:00</time>
      <extensions>
        <activity type="TILTING" conf="100" state="moving" tsMs="1788008553005"/>
        <radio op="vodafone IT" rat="LTE" rsrq="-26"/>
        <radio op="I TIM" rat="LTE" rsrp="-132" rsrq="-22"/>
      </extensions>
    </trkpt>
    <trkpt lat="45.7486295" lon="10.7505519">
      <ele>74.02091404930918</ele>
      <time>2026-08-29T15:02:44.014+02:00</time>
      <extensions>
        <activity type="TILTING" conf="100" state="moving" tsMs="1788008553005"/>
        <radio op="vodafone IT" rat="LTE" rsrq="-26"/>
        <radio op="I TIM" rat="LTE" rsrq="-25"/>
      </extensions>
    </trkpt>
    <trkpt lat="45.7483357" lon="10.7515151">
      <ele>157.6802988162138</ele>
      <time>2026-08-29T15:03:17.175+02:00</time>
      <extensions>
        <activity type="UNKNOWN" conf="40" state="unknown" tsMs="1788008577489"/>
        <radio op="vodafone IT" rat="LTE" rsrp="-108" rsrq="-13"/>
        <radio op="I TIM" rat="LTE" rsrp="-103" rsrq="-16"/>
      </extensions>
    </trkpt>
    <trkpt lat="45.7479373" lon="10.7520932">
      <ele>160.2080202417931</ele>
      <time>2026-08-29T15:03:27.176+02:00</time>
      <extensions>
        <activity type="UNKNOWN" conf="40" state="unknown" tsMs="1788008605028"/>
        <radio op="vodafone IT" rat="LTE" q="12.60" rsrp="-104" sinr="1" rsrq="-11"/>
        <radio op="I TIM" rat="LTE" rsrp="-103" rsrq="-16"/>
      </extensions>
    </trkpt>
    <trkpt lat="45.7475252" lon="10.7527319">
      <ele>160.9442966519669</ele>
      <time>2026-08-29T15:03:37.176+02:00</time>
      <extensions>
        <activity type="TILTING" conf="100" state="moving" tsMs="1788008613220"/>
        <radio op="vodafone IT" rat="LTE" q="29.40" rsrp="-104" sinr="9" rsrq="-10"/>
        <radio op="I TIM" rat="LTE" rsrp="-101" rsrq="-16"/>
      </extensions>
    </trkpt>
    <trkpt lat="45.7472757" lon="10.7530503">
      <ele>164.73576443068964</ele>
      <time>2026-08-29T15:03:47.175+02:00</time>
      <extensions>
        <activity type="TILTING" conf="100" state="moving" tsMs="1788008613220"/>
        <radio op="vodafone IT" rat="LTE" rsrp="-123" rsrq="-17"/>
        <radio op="I TIM" rat="LTE" rsrp="-115" rsrq="-18"/>
      </extensions>
    </trkpt>
    <trkpt lat="45.7475056" lon="10.7529483">
      <ele>157.77457513337976</ele>
      <time>2026-08-29T15:03:57.176+02:00</time>
      <extensions>
        <activity type="UNKNOWN" conf="40" state="unknown" tsMs="1788008616715"/>
        <radio op="vodafone IT" rat="LTE" rsrp="-114" rsrq="-14"/>
        <radio op="I TIM" rat="LTE" rsrp="-120" rsrq="-15"/>
      </extensions>
    </trkpt>
    <trkpt lat="45.7482472" lon="10.7519388">
      <ele>160.56107655402184</ele>
      <time>2026-08-29T15:04:18.175+02:00</time>
      <extensions>
        <activity type="UNKNOWN" conf="40" state="unknown" tsMs="1788008636598"/>
        <radio op="vodafone IT" rat="LTE" q="13.30" rsrp="-106" sinr="2" rsrq="-13"/>
        <radio op="I TIM" rat="LTE" rsrp="-109" rsrq="-16"/>
      </extensions>
    </trkpt>
    <trkpt lat="45.7485715" lon="10.7514424">
      <ele>158.29930296979288</ele>
      <time>2026-08-29T15:04:28.176+02:00</time>
      <extensions>
        <activity type="IN_VEHICLE" conf="87" state="moving" tsMs="1788008663917"/>
        <radio op="vodafone IT" rat="LTE" q="9.60" rsrp="-109" sinr="1" rsrq="-12"/>
        <radio op="I TIM" rat="LTE" rsrp="-107" rsrq="-16"/>
      </extensions>
    </trkpt>
    <trkpt lat="45.7489281" lon="10.7507913">
      <ele>158.0980005796382</ele>
      <time>2026-08-29T15:04:38.175+02:00</time>
      <extensions>
        <activity type="UNKNOWN" conf="40" state="unknown" tsMs="1788008674576"/>
        <radio op="vodafone IT" rat="LTE" rsrp="-109" rsrq="-15"/>
        <radio op="I TIM" rat="LTE" rsrp="-108" rsrq="-17"/>
      </extensions>
    </trkpt>
    <trkpt lat="45.749239" lon="10.7503809">
      <ele>160.3889197159093</ele>
      <time>2026-08-29T15:04:48.176+02:00</time>
      <extensions>
        <activity type="UNKNOWN" conf="40" state="unknown" tsMs="1788008685389"/>
        <radio op="vodafone IT" rat="LTE" rsrp="-110" rsrq="-13"/>
        <radio op="I TIM" rat="LTE" rsrp="-114" rsrq="-13"/>
      </extensions>
    </trkpt>
    <trkpt lat="45.7495471" lon="10.7498176">
      <ele>157.07585863573527</ele>
      <time>2026-08-29T15:04:58.175+02:00</time>
      <extensions>
        <activity type="ON_BICYCLE" conf="74" state="moving" tsMs="1788008695991"/>
        <radio op="vodafone IT" rat="LTE" rsrp="-130" rsrq="-19"/>
        <radio op="I TIM" rat="LTE" rsrp="-114" rsrq="-16"/>
      </extensions>
    </trkpt>
    <trkpt lat="45.7496283" lon="10.7497291">
      <ele>151.47941954493527</ele>
      <time>2026-08-29T15:05:08.175+02:00</time>
      <extensions>
        <activity type="UNKNOWN" conf="40" state="unknown" tsMs="1788008706636"/>
        <radio op="vodafone IT" rat="LTE" rsrp="-110" rsrq="-16"/>
        <radio op="I TIM" rat="LTE" rsrp="-106" rsrq="-15"/>
      </extensions>
    </trkpt>
    <trkpt lat="45.7498848" lon="10.7491602">
      <ele>150.54026681694972</ele>
      <time>2026-08-29T15:05:18.331+02:00</time>
      <extensions>
        <activity type="UNKNOWN" conf="40" state="unknown" tsMs="1788008717250"/>
        <radio op="vodafone IT" rat="LTE" rsrp="-132" rsrq="-20"/>
        <radio op="I TIM" rat="LTE" rsrp="-118" rsrq="-19"/>
      </extensions>
    </trkpt>
    <trkpt lat="45.7498219" lon="10.749589">
      <ele>146.01822664317018</ele>
      <time>2026-08-29T15:05:28.175+02:00</time>
      <extensions>
        <activity type="UNKNOWN" conf="40" state="unknown" tsMs="1788008717250"/>
        <radio op="vodafone IT" rat="LTE" q="10.80" rsrp="-107" sinr="1" rsrq="-13"/>
        <radio op="I TIM" rat="LTE" rsrp="-103" rsrq="-15"/>
      </extensions>
    </trkpt>
    <trkpt lat="45.7494574" lon="10.7503418">
      <ele>151.93679808595</ele>
      <time>2026-08-29T15:05:39.175+02:00</time>
      <extensions>
        <activity type="UNKNOWN" conf="40" state="unknown" tsMs="1788008721832"/>
        <radio op="vodafone IT" rat="LTE" rsrp="-108" rsrq="-16"/>
        <radio op="I TIM" rat="LTE" rsrp="-104" rsrq="-16"/>
      </extensions>
    </trkpt>
    <trkpt lat="45.7489561" lon="10.7509983">
      <ele>152.32695958673412</ele>
      <time>2026-08-29T15:05:49.175+02:00</time>
      <extensions>
        <activity type="TILTING" conf="100" state="moving" tsMs="1788008749359"/>
        <radio op="vodafone IT" rat="LTE" rsrp="-108" rsrq="-14"/>
        <radio op="I TIM" rat="LTE" rsrp="-101" rsrq="-14"/>
      </extensions>
    </trkpt>
    <trkpt lat="45.7490124" lon="10.7510424">
      <ele>144.46943741252943</ele>
      <time>2026-08-29T15:05:59.175+02:00</time>
      <extensions>
        <activity type="TILTING" conf="100" state="moving" tsMs="1788008749359"/>
        <radio op="vodafone IT" rat="LTE" rsrp="-114" rsrq="-15"/>
        <radio op="I TIM" rat="LTE" rsrp="-116" rsrq="-17"/>
      </extensions>
    </trkpt>
    <trkpt lat="45.7493895" lon="10.7503384">
      <ele>139.46762354665697</ele>
      <time>2026-08-29T15:06:09.176+02:00</time>
      <extensions>
        <activity type="UNKNOWN" conf="40" state="unknown" tsMs="1788008752847"/>
        <radio op="vodafone IT" rat="LTE" rsrp="-115" rsrq="-16"/>
        <radio op="I TIM" rat="LTE" rsrp="-109" rsrq="-16"/>
      </extensions>
    </trkpt>
    <trkpt lat="45.7496851" lon="10.7498839">
      <ele>141.88622214835593</ele>
      <time>2026-08-29T15:06:19.176+02:00</time>
      <extensions>
        <activity type="UNKNOWN" conf="40" state="unknown" tsMs="1788008772339"/>
        <radio op="vodafone IT" rat="LTE" rsrp="-111" rsrq="-14"/>
        <radio op="I TIM" rat="LTE" rsrp="-108" rsrq="-15"/>
      </extensions>
    </trkpt>
    <trkpt lat="45.7499533" lon="10.7492372">
      <ele>141.140116436416</ele>
      <time>2026-08-29T15:06:29.175+02:00</time>
      <extensions>
        <activity type="UNKNOWN" conf="40" state="unknown" tsMs="1788008772339"/>
        <radio op="vodafone IT" rat="LTE" rsrp="-115" rsrq="-16"/>
        <radio op="I TIM" rat="LTE" rsrp="-105" rsrq="-14"/>
      </extensions>
    </trkpt>
    <trkpt lat="45.7500357" lon="10.7489116">
      <ele>147.16851658484694</ele>
      <time>2026-08-29T15:06:39.175+02:00</time>
      <extensions>
        <activity type="UNKNOWN" conf="40" state="unknown" tsMs="1788008778820"/>
        <radio op="vodafone IT" rat="LTE" rsrp="-109" rsrq="-15"/>
        <radio op="I TIM" rat="LTE" rsrp="-110" rsrq="-17"/>
      </extensions>
    </trkpt>
    <trkpt lat="45.7495909" lon="10.7500476">
      <ele>144.6046663117592</ele>
      <time>2026-08-29T15:06:59.176+02:00</time>
      <extensions>
        <activity type="UNKNOWN" conf="40" state="unknown" tsMs="1788008818809"/>
        <radio op="vodafone IT" rat="LTE" rsrp="-107" rsrq="-15"/>
        <radio op="I TIM" rat="LTE" rsrp="-107" rsrq="-15"/>
      </extensions>
    </trkpt>
    <trkpt lat="45.7491463" lon="10.7507315">
      <ele>144.0392642877466</ele>
      <time>2026-08-29T15:07:10.175+02:00</time>
      <extensions>
        <activity type="UNKNOWN" conf="40" state="unknown" tsMs="1788008829547"/>
        <radio op="vodafone IT" rat="LTE" rsrp="-106" rsrq="-15"/>
        <radio op="I TIM" rat="LTE" rsrp="-103" rsrq="-16"/>
      </extensions>
    </trkpt>
    <trkpt lat="45.7487425" lon="10.751398">
      <ele>143.21660083741966</ele>
      <time>2026-08-29T15:07:20.176+02:00</time>
      <extensions>
        <activity type="ON_BICYCLE" conf="87" state="moving" tsMs="1788008840231"/>
        <radio op="vodafone IT" rat="LTE" q="10.50" rsrp="-104" sinr="0" rsrq="-14"/>
        <radio op="I TIM" rat="LTE" rsrp="-104" rsrq="-14"/>
      </extensions>
    </trkpt>
    <trkpt lat="45.7483092" lon="10.7520806">
      <ele>140.07696229577098</ele>
      <time>2026-08-29T15:07:30.175+02:00</time>
      <extensions>
        <activity type="UNKNOWN" conf="40" state="unknown" tsMs="1788008845601"/>
        <radio op="vodafone IT" rat="LTE" rsrp="-105" rsrq="-13"/>
        <radio op="I TIM" rat="LTE" rsrp="-102" rsrq="-15"/>
      </extensions>
    </trkpt>
    <trkpt lat="45.7479952" lon="10.7526847">
      <ele>141.1396248207033</ele>
      <time>2026-08-29T15:07:40.175+02:00</time>
      <extensions>
        <activity type="TILTING" conf="100" state="moving" tsMs="1788008851113"/>
        <radio op="vodafone IT" rat="LTE" q="10.50" rsrp="-104" sinr="0" rsrq="-15"/>
        <radio op="I TIM" rat="LTE" rsrp="-99" rsrq="-14"/>
      </extensions>
    </trkpt>
    <trkpt lat="45.7477158" lon="10.7533607">
      <ele>140.80879073746726</ele>
      <time>2026-08-29T15:07:50.174+02:00</time>
      <extensions>
        <activity type="TILTING" conf="100" state="moving" tsMs="1788008851113"/>
        <radio op="vodafone IT" rat="LTE" rsrp="-111" rsrq="-16"/>
        <radio op="I TIM" rat="LTE" rsrp="-104" rsrq="-14"/>
      </extensions>
    </trkpt>
    <trkpt lat="45.7479946" lon="10.7528174">
      <ele>136.8571636303102</ele>
      <time>2026-08-29T15:08:00.175+02:00</time>
      <extensions>
        <activity type="UNKNOWN" conf="40" state="unknown" tsMs="1788008876506"/>
        <radio op="vodafone IT" rat="LTE" rsrp="-107" rsrq="-15"/>
        <radio op="I TIM" rat="LTE" rsrp="-110" rsrq="-17"/>
      </extensions>
    </trkpt>
    <trkpt lat="45.7483049" lon="10.7521361">
      <ele>134.02747519002952</ele>
      <time>2026-08-29T15:08:10.174+02:00</time>
      <extensions>
        <activity type="UNKNOWN" conf="40" state="unknown" tsMs="1788008886781"/>
        <radio op="vodafone IT" rat="LTE" rsrp="-112" rsrq="-15"/>
        <radio op="I TIM" rat="LTE" q="9.60" rsrp="-109" sinr="1" rsrq="-15"/>
      </extensions>
    </trkpt>
    <trkpt lat="45.7485986" lon="10.7515793">
      <ele>133.36219982844432</ele>
      <time>2026-08-29T15:08:20.175+02:00</time>
      <extensions>
        <activity type="UNKNOWN" conf="40" state="unknown" tsMs="1788008897235"/>
        <radio op="vodafone IT" rat="LTE" rsrp="-112" rsrq="-15"/>
        <radio op="I TIM" rat="LTE" q="8.00" rsrp="-109" sinr="0" rsrq="-15"/>
      </extensions>
    </trkpt>
    <trkpt lat="45.7489184" lon="10.7509326">
      <ele>132.82030764524706</ele>
      <time>2026-08-29T15:08:31.174+02:00</time>
      <extensions>
        <activity type="IN_VEHICLE" conf="85" state="moving" tsMs="1788008908044"/>
        <radio op="vodafone IT" rat="LTE" rsrp="-112" rsrq="-15"/>
        <radio op="I TIM" rat="LTE" rsrp="-110" rsrq="-16"/>
      </extensions>
    </trkpt>
    <trkpt lat="45.7492282" lon="10.7503394">
      <ele>131.51663199800473</ele>
      <time>2026-08-29T15:08:41.174+02:00</time>
      <extensions>
        <activity type="IN_VEHICLE" conf="92" state="moving" tsMs="1788008918860"/>
        <radio op="vodafone IT" rat="LTE" q="8.00" rsrp="-109" sinr="0" rsrq="-16"/>
        <radio op="I TIM" rat="LTE" rsrp="-109" rsrq="-16"/>
      </extensions>
    </trkpt>
    <trkpt lat="45.7494017" lon="10.7499432">
      <ele>128.61770014457818</ele>
      <time>2026-08-29T15:08:51.175+02:00</time>
      <extensions>
        <activity type="IN_VEHICLE" conf="84" state="moving" tsMs="1788008929701"/>
        <radio op="vodafone IT" rat="LTE" rsrp="-128" rsrq="-18"/>
        <radio op="I TIM" rat="LTE" rsrp="-127" rsrq="-21"/>
      </extensions>
    </trkpt>
    <trkpt lat="45.7493505" lon="10.7504746">
      <ele>129.9319183229701</ele>
      <time>2026-08-29T15:09:01.175+02:00</time>
      <extensions>
        <activity type="IN_VEHICLE" conf="84" state="moving" tsMs="1788008929701"/>
        <radio op="vodafone IT" rat="LTE" rsrp="-112" rsrq="-14"/>
        <radio op="I TIM" rat="LTE" rsrp="-108" rsrq="-16"/>
      </extensions>
    </trkpt>
    <trkpt lat="45.7490139" lon="10.7511491">
      <ele>134.57522726363442</ele>
      <time>2026-08-29T15:09:11.175+02:00</time>
      <extensions>
        <activity type="ON_BICYCLE" conf="70" state="moving" tsMs="1788008934786"/>
        <radio op="vodafone IT" rat="LTE" rsrp="-109" rsrq="-16"/>
        <radio op="I TIM" rat="LTE" q="11.90" rsrp="-108" sinr="2" rsrq="-15"/>
      </extensions>
    </trkpt>
    <trkpt lat="45.7486845" lon="10.7518366">
      <ele>140.27251509514178</ele>
      <time>2026-08-29T15:09:21.175+02:00</time>
      <extensions>
        <activity type="UNKNOWN" conf="40" state="unknown" tsMs="1788008957190"/>
        <radio op="vodafone IT" rat="LTE" rsrp="-116" rsrq="-16"/>
        <radio op="I TIM" rat="LTE" rsrp="-108" rsrq="-15"/>
      </extensions>
    </trkpt>
    <trkpt lat="45.7486734" lon="10.7519657">
      <ele>137.81189671837365</ele>
      <time>2026-08-29T15:09:31.175+02:00</time>
      <extensions>
        <activity type="ON_BICYCLE" conf="73" state="moving" tsMs="1788008962668"/>
        <radio op="vodafone IT" rat="LTE" rsrp="-114" rsrq="-18"/>
        <radio op="I TIM" rat="LTE" q="9.60" rsrp="-109" sinr="1" rsrq="-14"/>
      </extensions>
    </trkpt>
    <trkpt lat="45.7482483" lon="10.752666">
      <ele>140.65995669882386</ele>
      <time>2026-08-29T15:09:42.175+02:00</time>
      <extensions>
        <activity type="ON_BICYCLE" conf="73" state="moving" tsMs="1788008962668"/>
        <radio op="vodafone IT" rat="LTE" rsrp="-106" rsrq="-13"/>
        <radio op="I TIM" rat="LTE" q="13.30" rsrp="-106" sinr="2" rsrq="-15"/>
      </extensions>
    </trkpt>
    <trkpt lat="45.7477908" lon="10.7532493">
      <ele>141.18413405930664</ele>
      <time>2026-08-29T15:09:52.175+02:00</time>
      <extensions>
        <activity type="UNKNOWN" conf="40" state="unknown" tsMs="1788008990086"/>
        <radio op="vodafone IT" rat="LTE" rsrp="-105" rsrq="-13"/>
        <radio op="I TIM" rat="LTE" q="12.80" rsrp="-109" sinr="3" rsrq="-11"/>
      </extensions>
    </trkpt>
    <trkpt lat="45.7472984" lon="10.7539589">
      <ele>143.35220305544442</ele>
      <time>2026-08-29T15:10:02.174+02:00</time>
      <extensions>
        <activity type="ON_BICYCLE" conf="77" state="moving" tsMs="1788009000922"/>
        <radio op="vodafone IT" rat="LTE" q="16.00" rsrp="-105" sinr="3" rsrq="-14"/>
        <radio op="I TIM" rat="LTE" q="13.50" rsrp="-110" sinr="4" rsrq="-10"/>
      </extensions>
    </trkpt>
    <trkpt lat="45.7473397" lon="10.7539187">
      <ele>148.17401704292865</ele>
      <time>2026-08-29T15:10:12.175+02:00</time>
      <extensions>
        <activity type="ON_BICYCLE" conf="86" state="moving" tsMs="1788009011733"/>
        <radio op="vodafone IT" rat="LTE" q="10.20" rsrp="-108" sinr="1" rsrq="-14"/>
        <radio op="I TIM" rat="LTE" rsrp="-110" rsrq="-15"/>
      </extensions>
    </trkpt>
    <trkpt lat="45.7476923" lon="10.7533094">
      <ele>145.11500434385172</ele>
      <time>2026-08-29T15:10:22.175+02:00</time>
      <extensions>
        <activity type="UNKNOWN" conf="40" state="unknown" tsMs="1788009022626"/>
        <radio op="vodafone IT" rat="LTE" rsrp="-113" rsrq="-17"/>
        <radio op="I TIM" rat="LTE" rsrp="-110" rsrq="-16"/>
      </extensions>
    </trkpt>
    <trkpt lat="45.7479795" lon="10.752458">
      <ele>144.46181144278438</ele>
      <time>2026-08-29T15:10:32.174+02:00</time>
      <extensions>
        <activity type="UNKNOWN" conf="40" state="unknown" tsMs="1788009028046"/>
        <radio op="vodafone IT" rat="LTE" rsrp="-117" rsrq="-17"/>
        <radio op="I TIM" rat="LTE" rsrp="-112" rsrq="-17"/>
      </extensions>
    </trkpt>
    <trkpt lat="45.7478644" lon="10.7529071">
      <ele>143.02465512013305</ele>
      <time>2026-08-29T15:10:42.175+02:00</time>
      <extensions>
        <activity type="UNKNOWN" conf="40" state="unknown" tsMs="1788009038864"/>
        <radio op="vodafone IT" rat="LTE" rsrp="-107" rsrq="-15"/>
        <radio op="I TIM" rat="LTE" q="9.60" rsrp="-109" sinr="1" rsrq="-16"/>
      </extensions>
    </trkpt>
    <trkpt lat="45.7473333" lon="10.7538244">
      <ele>142.0855394036047</ele>
      <time>2026-08-29T15:10:53.175+02:00</time>
      <extensions>
        <activity type="UNKNOWN" conf="40" state="unknown" tsMs="1788009049663"/>
        <radio op="vodafone IT" rat="LTE" q="23.10" rsrp="-104" sinr="6" rsrq="-14"/>
        <radio op="I TIM" rat="LTE" rsrp="-104" rsrq="-15"/>
      </extensions>
    </trkpt>
    <trkpt lat="45.7474801" lon="10.7538745">
      <ele>141.00447580024763</ele>
      <time>2026-08-29T15:11:03.174+02:00</time>
      <extensions>
        <activity type="UNKNOWN" conf="40" state="unknown" tsMs="1788009060527"/>
        <radio op="vodafone IT" rat="LTE" rsrp="-111" rsrq="-14"/>
        <radio op="I TIM" rat="LTE" rsrp="-114" rsrq="-18"/>
      </extensions>
    </trkpt>
    <trkpt lat="45.747779" lon="10.7529248">
      <ele>137.59207340531805</ele>
      <time>2026-08-29T15:11:13.175+02:00</time>
      <extensions>
        <activity type="ON_BICYCLE" conf="78" state="moving" tsMs="1788009071208"/>
        <radio op="vodafone IT" rat="LTE" rsrp="-114" rsrq="-16"/>
        <radio op="I TIM" rat="LTE" rsrp="-105" rsrq="-13"/>
      </extensions>
    </trkpt>
    <trkpt lat="45.7478407" lon="10.7530518">
      <ele>136.54288358198792</ele>
      <time>2026-08-29T15:11:23.174+02:00</time>
      <extensions>
        <activity type="UNKNOWN" conf="40" state="unknown" tsMs="1788009080815"/>
        <radio op="vodafone IT" rat="LTE" rsrp="-109" rsrq="-17"/>
        <radio op="I TIM" rat="LTE" rsrp="-105" rsrq="-15"/>
      </extensions>
    </trkpt>
    <trkpt lat="45.7473971" lon="10.753775">
      <ele>129.46726716150704</ele>
      <time>2026-08-29T15:11:33.175+02:00</time>
      <extensions>
        <activity type="UNKNOWN" conf="40" state="unknown" tsMs="1788009080815"/>
        <radio op="vodafone IT" rat="LTE" q="10.00" rsrp="-105" sinr="0" rsrq="-13"/>
        <radio op="I TIM" rat="LTE" rsrp="-106" rsrq="-15"/>
      </extensions>
    </trkpt>
    <trkpt lat="45.7471387" lon="10.7543275">
      <ele>113.22682811342379</ele>
      <time>2026-08-29T15:11:43.174+02:00</time>
      <extensions>
        <activity type="UNKNOWN" conf="40" state="unknown" tsMs="1788009084556"/>
        <radio op="vodafone IT" rat="LTE" rsrp="-114" rsrq="-16"/>
        <radio op="I TIM" rat="LTE" rsrp="-106" rsrq="-15"/>
      </extensions>
    </trkpt>
    <trkpt lat="45.7468903" lon="10.7549075">
      <ele>131.78906334273825</ele>
      <time>2026-08-29T15:11:53.175+02:00</time>
      <extensions>
        <activity type="UNKNOWN" conf="40" state="unknown" tsMs="1788009084556"/>
        <radio op="vodafone IT" rat="LTE" rsrp="-110" rsrq="-14"/>
        <radio op="I TIM" rat="LTE" rsrp="-105" rsrq="-15"/>
      </extensions>
    </trkpt>
    <trkpt lat="45.7471856" lon="10.7543844">
      <ele>109.91090705668599</ele>
      <time>2026-08-29T15:12:04.174+02:00</time>
      <extensions>
        <activity type="UNKNOWN" conf="40" state="unknown" tsMs="1788009104947"/>
        <radio op="vodafone IT" rat="LTE" rsrp="-111" rsrq="-16"/>
        <radio op="I TIM" rat="LTE" rsrp="-110" rsrq="-16"/>
      </extensions>
    </trkpt>
    <trkpt lat="45.7475013" lon="10.7537384">
      <ele>109.5975740808837</ele>
      <time>2026-08-29T15:12:14.174+02:00</time>
      <extensions>
        <activity type="UNKNOWN" conf="40" state="unknown" tsMs="1788009104947"/>
        <radio op="vodafone IT" rat="LTE" rsrp="-108" rsrq="-14"/>
        <radio op="I TIM" rat="LTE" q="7.50" rsrp="-110" sinr="0" rsrq="-17"/>
      </extensions>
    </trkpt>
    <trkpt lat="45.7478021" lon="10.7530756">
      <ele>127.31017156945494</ele>
      <time>2026-08-29T15:12:24.175+02:00</time>
      <extensions>
        <activity type="UNKNOWN" conf="40" state="unknown" tsMs="1788009128249"/>
        <radio op="vodafone IT" rat="LTE" rsrp="-115" rsrq="-18"/>
        <radio op="I TIM" rat="LTE" rsrp="-112" rsrq="-16"/>
      </extensions>
    </trkpt>
    <trkpt lat="45.7481377" lon="10.7525636">
      <ele>110.40070721419771</ele>
      <time>2026-08-29T15:12:34.174+02:00</time>
      <extensions>
        <activity type="UNKNOWN" conf="40" state="unknown" tsMs="1788009153665"/>
        <radio op="vodafone IT" rat="LTE" rsrp="-109" rsrq="-14"/>
        <radio op="I TIM" rat="LTE" rsrp="-106" rsrq="-15"/>
      </extensions>
    </trkpt>
    <trkpt lat="45.7485143" lon="10.7518758">
      <ele>107.43987104152632</ele>
      <time>2026-08-29T15:12:44.175+02:00</time>
      <extensions>
        <activity type="UNKNOWN" conf="40" state="unknown" tsMs="1788009164321"/>
        <radio op="vodafone IT" rat="LTE" rsrp="-113" rsrq="-16"/>
        <radio op="I TIM" rat="LTE" rsrp="-109" rsrq="-15"/>
      </extensions>
    </trkpt>
    <trkpt lat="45.7487516" lon="10.7514677">
      <ele>104.21078397555358</ele>
      <time>2026-08-29T15:12:54.175+02:00</time>
      <extensions>
        <activity type="IN_VEHICLE" conf="82" state="moving" tsMs="1788009169753"/>
        <radio op="vodafone IT" rat="LTE" rsrp="-112" rsrq="-13"/>
        <radio op="I TIM" rat="LTE" rsrp="-110" rsrq="-16"/>
      </extensions>
    </trkpt>
    <trkpt lat="45.7490525" lon="10.7507859">
      <ele>100.99640846713945</ele>
      <time>2026-08-29T15:13:04.175+02:00</time>
      <extensions>
        <activity type="UNKNOWN" conf="40" state="unknown" tsMs="1788009180449"/>
        <radio op="vodafone IT" rat="LTE" rsrp="-111" rsrq="-15"/>
        <radio op="I TIM" rat="LTE" rsrp="-111" rsrq="-16"/>
      </extensions>
    </trkpt>
    <trkpt lat="45.7493739" lon="10.7498852">
      <ele>98.77963019288615</ele>
      <time>2026-08-29T15:13:15.174+02:00</time>
      <extensions>
        <activity type="UNKNOWN" conf="40" state="unknown" tsMs="1788009191304"/>
        <radio op="vodafone IT" rat="LTE" rsrp="-112" rsrq="-16"/>
        <radio op="I TIM" rat="LTE" rsrp="-108" rsrq="-15"/>
      </extensions>
    </trkpt>
    <trkpt lat="45.7494622" lon="10.7497481">
      <ele>96.87271376165623</ele>
      <time>2026-08-29T15:13:25.174+02:00</time>
      <extensions>
        <activity type="UNKNOWN" conf="40" state="unknown" tsMs="1788009202109"/>
        <radio op="vodafone IT" rat="LTE" rsrp="-111" rsrq="-15"/>
        <radio op="I TIM" rat="LTE" rsrp="-105" rsrq="-17"/>
      </extensions>
    </trkpt>
    <trkpt lat="45.7490624" lon="10.7503795">
      <ele>95.54268190230295</ele>
      <time>2026-08-29T15:13:35.175+02:00</time>
      <extensions>
        <activity type="UNKNOWN" conf="40" state="unknown" tsMs="1788009212685"/>
        <radio op="vodafone IT" rat="LTE" rsrp="-105" rsrq="-14"/>
        <radio op="I TIM" rat="LTE" rsrp="-105" rsrq="-18"/>
      </extensions>
    </trkpt>
    <trkpt lat="45.7489254" lon="10.7506573">
      <ele>98.29377415720109</ele>
      <time>2026-08-29T15:13:45.174+02:00</time>
      <extensions>
        <activity type="UNKNOWN" conf="40" state="unknown" tsMs="1788009218124"/>
        <radio op="vodafone IT" rat="LTE" q="7.20" rsrp="-113" sinr="1" rsrq="-15"/>
        <radio op="I TIM" rat="LTE" rsrp="-108" rsrq="-16"/>
      </extensions>
    </trkpt>
    <trkpt lat="45.7492522" lon="10.7499596">
      <ele>95.66701480135102</ele>
      <time>2026-08-29T15:13:55.175+02:00</time>
      <extensions>
        <activity type="UNKNOWN" conf="40" state="unknown" tsMs="1788009232578"/>
        <radio op="vodafone IT" rat="LTE" rsrp="-122" rsrq="-17"/>
        <radio op="I TIM" rat="LTE" rsrp="-107" rsrq="-15"/>
      </extensions>
    </trkpt>
    <trkpt lat="45.749105" lon="10.7504797">
      <ele>89.177757182766</ele>
      <time>2026-08-29T15:14:05.175+02:00</time>
      <extensions>
        <activity type="UNKNOWN" conf="40" state="unknown" tsMs="1788009241868"/>
        <radio op="vodafone IT" rat="LTE" rsrp="-106" rsrq="-14"/>
        <radio op="I TIM" rat="LTE" rsrp="-104" rsrq="-15"/>
      </extensions>
    </trkpt>
    <trkpt lat="45.7487595" lon="10.7510895">
      <ele>90.4971475847205</ele>
      <time>2026-08-29T15:14:15.175+02:00</time>
      <extensions>
        <activity type="UNKNOWN" conf="40" state="unknown" tsMs="1788009252224"/>
        <radio op="vodafone IT" rat="LTE" rsrp="-105" rsrq="-15"/>
        <radio op="I TIM" rat="LTE" rsrp="-103" rsrq="-16"/>
      </extensions>
    </trkpt>
    <trkpt lat="45.7483089" lon="10.7518826">
      <ele>90.83034327717309</ele>
      <time>2026-08-29T15:14:26.175+02:00</time>
      <extensions>
        <activity type="UNKNOWN" conf="40" state="unknown" tsMs="1788009262565"/>
        <radio op="vodafone IT" rat="LTE" rsrp="-107" rsrq="-14"/>
        <radio op="I TIM" rat="LTE" rsrp="-104" rsrq="-15"/>
      </extensions>
    </trkpt>
    <trkpt lat="45.7479082" lon="10.7525847">
      <ele>93.97000847421877</ele>
      <time>2026-08-29T15:14:36.174+02:00</time>
      <extensions>
        <activity type="ON_BICYCLE" conf="79" state="moving" tsMs="1788009272934"/>
        <radio op="vodafone IT" rat="LTE" rsrp="-103" rsrq="-13"/>
        <radio op="I TIM" rat="LTE" rsrp="-103" rsrq="-15"/>
      </extensions>
    </trkpt>
    <trkpt lat="45.7475031" lon="10.753246">
      <ele>90.63896946293016</ele>
      <time>2026-08-29T15:14:46.175+02:00</time>
      <extensions>
        <activity type="UNKNOWN" conf="40" state="unknown" tsMs="1788009283223"/>
        <radio op="vodafone IT" rat="LTE" rsrp="-104" rsrq="-13"/>
        <radio op="I TIM" rat="LTE" rsrp="-102" rsrq="-15"/>
      </extensions>
    </trkpt>
    <trkpt lat="45.7473426" lon="10.7535366">
      <ele>94.21646086032601</ele>
      <time>2026-08-29T15:14:56.175+02:00</time>
      <extensions>
        <activity type="UNKNOWN" conf="40" state="unknown" tsMs="1788009293553"/>
        <radio op="vodafone IT" rat="LTE" rsrp="-111" rsrq="-14"/>
        <radio op="I TIM" rat="LTE" rsrp="-113" rsrq="-20"/>
      </extensions>
    </trkpt>
    <trkpt lat="45.7476773" lon="10.7526361">
      <ele>92.04280696863297</ele>
      <time>2026-08-29T15:15:06.175+02:00</time>
      <extensions>
        <activity type="ON_BICYCLE" conf="75" state="moving" tsMs="1788009303824"/>
        <radio op="vodafone IT" rat="LTE" rsrp="-115" rsrq="-15"/>
        <radio op="I TIM" rat="LTE" rsrp="-112" rsrq="-18"/>
      </extensions>
    </trkpt>
    <trkpt lat="45.7478598" lon="10.7524157">
      <ele>88.65112136973005</ele>
      <time>2026-08-29T15:15:16.175+02:00</time>
      <extensions>
        <activity type="UNKNOWN" conf="40" state="unknown" tsMs="1788009313509"/>
        <radio op="vodafone IT" rat="LTE" rsrp="-114" rsrq="-17"/>
        <radio op="I TIM" rat="LTE" rsrp="-118" rsrq="-16"/>
      </extensions>
    </trkpt>
    <trkpt lat="45.7476042" lon="10.753101">
      <ele>88.20791936900648</ele>
      <time>2026-08-29T15:15:26.174+02:00</time>
      <extensions>
        <activity type="TILTING" conf="100" state="moving" tsMs="1788009326948"/>
        <radio op="vodafone IT" rat="LTE" rsrp="-106" rsrq="-16"/>
        <radio op="I TIM" rat="LTE" rsrp="-104" rsrq="-16"/>
      </extensions>
    </trkpt>
    <trkpt lat="45.7478157" lon="10.7528958">
      <ele>93.25706393349938</ele>
      <time>2026-08-29T15:15:36.174+02:00</time>
      <extensions>
        <activity type="TILTING" conf="100" state="moving" tsMs="1788009326948"/>
        <radio op="vodafone IT" rat="LTE" rsrp="-113" rsrq="-15"/>
        <radio op="I TIM" rat="LTE" rsrp="-106" rsrq="-16"/>
      </extensions>
    </trkpt>
    <trkpt lat="45.748128" lon="10.7518974">
      <ele>94.6202018145631</ele>
      <time>2026-08-29T15:15:47.175+02:00</time>
      <extensions>
        <activity type="TILTING" conf="100" state="moving" tsMs="1788009326948"/>
        <radio op="vodafone IT" rat="LTE" q="7.20" rsrp="-113" sinr="1" rsrq="-15"/>
        <radio op="I TIM" rat="LTE" rsrp="-117" rsrq="-14"/>
      </extensions>
    </trkpt>
    <trkpt lat="45.7484202" lon="10.7513215">
      <ele>97.0241200390464</ele>
      <time>2026-08-29T15:15:57.175+02:00</time>
      <extensions>
        <activity type="UNKNOWN" conf="40" state="unknown" tsMs="1788009352584"/>
        <radio op="vodafone IT" rat="LTE" rsrp="-114" rsrq="-17"/>
        <radio op="I TIM" rat="LTE" rsrp="-108" rsrq="-15"/>
      </extensions>
    </trkpt>
    <trkpt lat="45.7486713" lon="10.7506129">
      <ele>98.5025594637639</ele>
      <time>2026-08-29T15:16:07.174+02:00</time>
      <extensions>
        <activity type="UNKNOWN" conf="40" state="unknown" tsMs="1788009362874"/>
        <radio op="vodafone IT" rat="LTE" rsrp="-116" rsrq="-18"/>
        <radio op="I TIM" rat="LTE" rsrp="-111" rsrq="-16"/>
      </extensions>
    </trkpt>
    <trkpt lat="45.7488847" lon="10.7496792">
      <ele>95.30292352583002</ele>
      <time>2026-08-29T15:16:17.175+02:00</time>
      <extensions>
        <activity type="UNKNOWN" conf="40" state="unknown" tsMs="1788009373217"/>
        <radio op="vodafone IT" rat="LTE" rsrp="-115" rsrq="-16"/>
        <radio op="I TIM" rat="LTE" rsrp="-109" rsrq="-17"/>
      </extensions>
    </trkpt>
    <trkpt lat="45.749068" lon="10.7488617">
      <ele>95.16588056909819</ele>
      <time>2026-08-29T15:16:27.175+02:00</time>
      <extensions>
        <activity type="ON_BICYCLE" conf="80" state="moving" tsMs="1788009384004"/>
        <radio op="vodafone IT" rat="LTE" rsrp="-106" rsrq="-13"/>
        <radio op="I TIM" rat="LTE" rsrp="-108" rsrq="-16"/>
      </extensions>
    </trkpt>
    <trkpt lat="45.748871" lon="10.7494643">
      <ele>96.19387075551377</ele>
      <time>2026-08-29T15:16:37.175+02:00</time>
      <extensions>
        <activity type="UNKNOWN" conf="40" state="unknown" tsMs="1788009394762"/>
        <radio op="vodafone IT" rat="LTE" rsrp="-106" rsrq="-15"/>
        <radio op="I TIM" rat="LTE" rsrp="-100" rsrq="-16"/>
      </extensions>
    </trkpt>
    <trkpt lat="45.7484041" lon="10.7502145">
      <ele>95.42599532638515</ele>
      <time>2026-08-29T15:16:47.175+02:00</time>
      <extensions>
        <activity type="UNKNOWN" conf="40" state="unknown" tsMs="1788009405605"/>
        <radio op="vodafone IT" rat="LTE" rsrp="-105" rsrq="-15"/>
        <radio op="I TIM" rat="LTE" rsrp="-105" rsrq="-14"/>
      </extensions>
    </trkpt>
    <trkpt lat="45.7484053" lon="10.7505371">
      <ele>93.37918393531208</ele>
      <time>2026-08-29T15:16:58.175+02:00</time>
      <extensions>
        <activity type="TILTING" conf="100" state="moving" tsMs="1788009411200"/>
        <radio op="vodafone IT" rat="LTE" rsrp="-105" rsrq="-13"/>
        <radio op="I TIM" rat="LTE" rsrp="-111" rsrq="-16"/>
      </extensions>
    </trkpt>
    <trkpt lat="45.7479949" lon="10.7511614">
      <ele>91.78378920732483</ele>
      <time>2026-08-29T15:17:08.175+02:00</time>
      <extensions>
        <activity type="TILTING" conf="100" state="moving" tsMs="1788009411200"/>
        <radio op="vodafone IT" rat="LTE" q="21.00" rsrp="-104" sinr="5" rsrq="-12"/>
        <radio op="I TIM" rat="LTE" rsrp="-103" rsrq="-13"/>
      </extensions>
    </trkpt>
    <trkpt lat="45.7481216" lon="10.7510519">
      <ele>95.32372864812638</ele>
      <time>2026-08-29T15:17:18.174+02:00</time>
      <extensions>
        <activity type="UNKNOWN" conf="40" state="unknown" tsMs="1788009414574"/>
        <radio op="vodafone IT" rat="LTE" rsrp="-104" rsrq="-13"/>
        <radio op="I TIM" rat="LTE" rsrp="-111" rsrq="-17"/>
      </extensions>
    </trkpt>
    <trkpt lat="45.7487762" lon="10.7493396">
      <ele>96.65982703915816</ele>
      <time>2026-08-29T15:17:38.175+02:00</time>
      <extensions>
        <activity type="STILL" conf="40" state="still" tsMs="1788009457922"/>
        <radio op="vodafone IT" rat="LTE" rsrp="-115" rsrq="-18"/>
        <radio op="I TIM" rat="LTE" rsrp="-106" rsrq="-14"/>
      </extensions>
    </trkpt>
    <trkpt lat="45.7490269" lon="10.7487424">
      <ele>94.59528079031128</ele>
      <time>2026-08-29T15:17:48.174+02:00</time>
      <extensions>
        <activity type="UNKNOWN" conf="40" state="unknown" tsMs="1788009468193"/>
        <radio op="vodafone IT" rat="LTE" q="11.90" rsrp="-108" sinr="2" rsrq="-14"/>
        <radio op="I TIM" rat="LTE" q="14.40" rsrp="-109" sinr="4" rsrq="-15"/>
      </extensions>
    </trkpt>
    <trkpt lat="45.7489947" lon="10.7489702">
      <ele>92.1477889314299</ele>
      <time>2026-08-29T15:17:58.175+02:00</time>
      <extensions>
        <activity type="STILL" conf="39" state="still" tsMs="1788009477671"/>
        <radio op="vodafone IT" rat="LTE" rsrp="-106" rsrq="-16"/>
        <radio op="I TIM" rat="LTE" rsrp="-110" rsrq="-17"/>
      </extensions>
    </trkpt>
    <trkpt lat="45.7486881" lon="10.7496457">
      <ele>92.21573075294675</ele>
      <time>2026-08-29T15:18:08.175+02:00</time>
      <extensions>
        <activity type="STILL" conf="39" state="still" tsMs="1788009477671"/>
        <radio op="vodafone IT" rat="LTE" q="10.80" rsrp="-107" sinr="1" rsrq="-12"/>
        <radio op="I TIM" rat="LTE" rsrp="-109" rsrq="-18"/>
      </extensions>
    </trkpt>
    <trkpt lat="45.7483311" lon="10.7504482">
      <ele>91.72637551780664</ele>
      <time>2026-08-29T15:18:19.174+02:00</time>
      <extensions>
        <activity type="ON_BICYCLE" conf="76" state="moving" tsMs="1788009481516"/>
        <radio op="vodafone IT" rat="LTE" q="10.50" rsrp="-104" sinr="0" rsrq="-15"/>
        <radio op="I TIM" rat="LTE" rsrp="-106" rsrq="-15"/>
      </extensions>
    </trkpt>
    <trkpt lat="45.7479759" lon="10.7511711">
      <ele>100.10942475085416</ele>
      <time>2026-08-29T15:18:29.174+02:00</time>
      <extensions>
        <activity type="TILTING" conf="100" state="moving" tsMs="1788009504306"/>
        <radio op="vodafone IT" rat="LTE" rsrp="-107" rsrq="-15"/>
        <radio op="I TIM" rat="LTE" rsrp="-107" rsrq="-18"/>
      </extensions>
    </trkpt>
    <trkpt lat="45.7476086" lon="10.7519073">
      <ele>99.22641115741395</ele>
      <time>2026-08-29T15:18:39.175+02:00</time>
      <extensions>
        <activity type="TILTING" conf="100" state="moving" tsMs="1788009504306"/>
        <radio op="vodafone IT" rat="LTE" rsrp="-105" rsrq="-14"/>
        <radio op="I TIM" rat="LTE" rsrp="-106" rsrq="-16"/>
      </extensions>
    </trkpt>
    <trkpt lat="45.7472138" lon="10.7527114">
      <ele>101.21144899154794</ele>
      <time>2026-08-29T15:18:49.174+02:00</time>
      <extensions>
        <activity type="ON_BICYCLE" conf="85" state="moving" tsMs="1788009526935"/>
        <radio op="vodafone IT" rat="LTE" rsrp="-107" rsrq="-14"/>
        <radio op="I TIM" rat="LTE" rsrp="-107" rsrq="-17"/>
      </extensions>
    </trkpt>
    <trkpt lat="45.7473462" lon="10.7526542">
      <ele>98.71440316939213</ele>
      <time>2026-08-29T15:18:59.175+02:00</time>
      <extensions>
        <activity type="ON_BICYCLE" conf="87" state="moving" tsMs="1788009532141"/>
        <radio op="vodafone IT" rat="LTE" rsrp="-114" rsrq="-18"/>
        <radio op="I TIM" rat="LTE" rsrp="-109" rsrq="-17"/>
      </extensions>
    </trkpt>
    <trkpt lat="45.7477224" lon="10.751907">
      <ele>98.48814734904799</ele>
      <time>2026-08-29T15:19:09.174+02:00</time>
      <extensions>
        <activity type="ON_BICYCLE" conf="87" state="moving" tsMs="1788009532141"/>
        <radio op="vodafone IT" rat="LTE" rsrp="-105" rsrq="-14"/>
        <radio op="I TIM" rat="LTE" rsrp="-110" rsrq="-19"/>
      </extensions>
    </trkpt>
    <trkpt lat="45.7476761" lon="10.7524208">
      <ele>95.96622472574258</ele>
      <time>2026-08-29T15:19:20.175+02:00</time>
      <extensions>
        <activity type="UNKNOWN" conf="40" state="unknown" tsMs="1788009536855"/>
        <radio op="vodafone IT" rat="LTE" q="12.60" rsrp="-104" sinr="1" rsrq="-13"/>
        <radio op="I TIM" rat="LTE" rsrp="-104" rsrq="-15"/>
      </extensions>
    </trkpt>
    <trkpt lat="45.7470528" lon="10.7533928">
      <ele>96.36320236728638</ele>
      <time>2026-08-29T15:19:40.175+02:00</time>
      <extensions>
        <activity type="UNKNOWN" conf="40" state="unknown" tsMs="1788009579361"/>
        <radio op="vodafone IT" rat="LTE" q="7.20" rsrp="-116" sinr="3" rsrq="-15"/>
        <radio op="I TIM" rat="LTE" rsrp="-115" rsrq="-20"/>
      </extensions>
    </trkpt>
    <trkpt lat="45.7473031" lon="10.7530761">
      <ele>95.28429179053035</ele>
      <time>2026-08-29T15:19:50.175+02:00</time>
      <extensions>
        <activity type="UNKNOWN" conf="40" state="unknown" tsMs="1788009589657"/>
        <radio op="vodafone IT" rat="LTE" rsrp="-114" rsrq="-17"/>
        <radio op="I TIM" rat="LTE" rsrp="-112" rsrq="-18"/>
      </extensions>
    </trkpt>
    <trkpt lat="45.7475952" lon="10.7524088">
      <ele>95.05680247392507</ele>
      <time>2026-08-29T15:20:00.175+02:00</time>
      <extensions>
        <activity type="UNKNOWN" conf="40" state="unknown" tsMs="1788009599836"/>
        <radio op="vodafone IT" rat="LTE" rsrp="-110" rsrq="-15"/>
        <radio op="I TIM" rat="LTE" rsrp="-112" rsrq="-16"/>
      </extensions>
    </trkpt>
    <trkpt lat="45.7478879" lon="10.7516871">
      <ele>92.33326906689734</ele>
      <time>2026-08-29T15:20:10.175+02:00</time>
      <extensions>
        <activity type="IN_VEHICLE" conf="90" state="moving" tsMs="1788009610637"/>
        <radio op="vodafone IT" rat="LTE" q="9.10" rsrp="-112" sinr="2" rsrq="-14"/>
        <radio op="I TIM" rat="LTE" q="7.00" rsrp="-111" sinr="0" rsrq="-15"/>
      </extensions>
    </trkpt>
    <trkpt lat="45.7480873" lon="10.7513548">
      <ele>88.72404588184492</ele>
      <time>2026-08-29T15:20:20.26+02:00</time>
      <extensions>
        <activity type="TILTING" conf="100" state="moving" tsMs="1788009611865"/>
        <radio op="vodafone IT" rat="LTE" rsrq="-27"/>
        <radio op="I TIM" rat="LTE" rsrp="-124" rsrq="-20"/>
      </extensions>
    </trkpt>
    <trkpt lat="45.7480873" lon="10.7513548">
      <ele>23.711985405882682</ele>
      <time>2026-08-29T15:20:25.987+02:00</time>
      <extensions>
        <activity type="UNKNOWN" conf="40" state="unknown" tsMs="1788009615424"/>
        <radio op="vodafone IT" rat="LTE" rsrq="-27"/>
        <radio op="I TIM" rat="LTE" rsrp="-137" rsrq="-24"/>
      </extensions>
    </trkpt>
    <trkpt lat="45.7480873" lon="10.7513548">
      <ele>29.150448842785025</ele>
      <time>2026-08-29T15:20:33.255+02:00</time>
      <extensions>
        <activity type="ON_BICYCLE" conf="66" state="moving" tsMs="1788009638581"/>
        <radio op="vodafone IT" rat="LTE" rsrp="-134" rsrq="-23"/>
        <radio op="I TIM" rat="LTE" rsrp="-128" rsrq="-23"/>
      </extensions>
    </trkpt>
    <trkpt lat="45.7480873" lon="10.7513548">
      <ele>104.69064868818577</ele>
      <time>2026-08-29T15:20:47.797+02:00</time>
      <extensions>
        <activity type="ON_BICYCLE" conf="66" state="moving" tsMs="1788009638581"/>
        <radio op="vodafone IT" rat="LTE" rsrp="-128" rsrq="-17"/>
        <radio op="I TIM" rat="LTE" rsrp="-134" rsrq="-22"/>
      </extensions>
    </trkpt>
    <trkpt lat="45.7481881" lon="10.7518554">
      <ele>94.32493668088912</ele>
      <time>2026-08-29T15:20:59.174+02:00</time>
      <extensions>
        <activity type="TILTING" conf="100" state="moving" tsMs="1788009661431"/>
        <radio op="vodafone IT" rat="LTE" rsrq="-25"/>
        <radio op="I TIM" rat="LTE" rsrp="-133" rsrq="-21"/>
      </extensions>
    </trkpt>
    <trkpt lat="45.7481881" lon="10.7518554">
      <ele>118.05962451990624</ele>
      <time>2026-08-29T15:21:06.986+02:00</time>
      <extensions>
        <activity type="TILTING" conf="100" state="moving" tsMs="1788009661431"/>
        <radio op="vodafone IT" rat="LTE" q="8.00" rsrp="-109" sinr="0" rsrq="-15"/>
        <radio op="I TIM" rat="LTE" rsrp="-119" rsrq="-19"/>
      </extensions>
    </trkpt>
    <trkpt lat="45.7487212" lon="10.7512953">
      <ele>127.25748902192649</ele>
      <time>2026-08-29T15:21:21.174+02:00</time>
      <extensions>
        <activity type="ON_BICYCLE" conf="73" state="moving" tsMs="1788009682006"/>
        <radio op="vodafone IT" rat="LTE" rsrp="-107" rsrq="-15"/>
        <radio op="I TIM" rat="LTE" rsrp="-116" rsrq="-20"/>
      </extensions>
    </trkpt>
    <trkpt lat="45.7488899" lon="10.7503865">
      <ele>132.67279632810738</ele>
      <time>2026-08-29T15:21:31.175+02:00</time>
      <extensions>
        <activity type="ON_BICYCLE" conf="67" state="moving" tsMs="1788009687131"/>
        <radio op="vodafone IT" rat="LTE" rsrp="-111" rsrq="-15"/>
        <radio op="I TIM" rat="LTE" rsrp="-117" rsrq="-20"/>
      </extensions>
    </trkpt>
    <trkpt lat="45.7491005" lon="10.7495099">
      <ele>126.74270229276881</ele>
      <time>2026-08-29T15:21:41.174+02:00</time>
      <extensions>
        <activity type="UNKNOWN" conf="40" state="unknown" tsMs="1788009697412"/>
        <radio op="vodafone IT" rat="LTE" rsrp="-113" rsrq="-15"/>
        <radio op="I TIM" rat="LTE" rsrp="-112" rsrq="-15"/>
      </extensions>
    </trkpt>
    <trkpt lat="45.7492878" lon="10.7487463">
      <ele>131.1968631585739</ele>
      <time>2026-08-29T15:21:52.175+02:00</time>
      <extensions>
        <activity type="UNKNOWN" conf="40" state="unknown" tsMs="1788009708223"/>
        <radio op="vodafone IT" rat="LTE" rsrp="-113" rsrq="-17"/>
        <radio op="I TIM" rat="LTE" q="8.40" rsrp="-111" sinr="1" rsrq="-15"/>
      </extensions>
    </trkpt>
    <trkpt lat="45.7493611" lon="10.7487382">
      <ele>127.98139182344713</ele>
      <time>2026-08-29T15:22:02.175+02:00</time>
      <extensions>
        <activity type="UNKNOWN" conf="40" state="unknown" tsMs="1788009718939"/>
        <radio op="vodafone IT" rat="LTE" rsrp="-112" rsrq="-13"/>
        <radio op="I TIM" rat="LTE" rsrp="-111" rsrq="-17"/>
      </extensions>
    </trkpt>
    <trkpt lat="45.7491637" lon="10.7494342">
      <ele>122.98816024440069</ele>
      <time>2026-08-29T15:22:12.175+02:00</time>
      <extensions>
        <activity type="UNKNOWN" conf="40" state="unknown" tsMs="1788009729438"/>
        <radio op="vodafone IT" rat="LTE" rsrp="-108" rsrq="-15"/>
        <radio op="I TIM" rat="LTE" q="10.80" rsrp="-107" sinr="1" rsrq="-15"/>
      </extensions>
    </trkpt>
    <trkpt lat="45.7488124" lon="10.7501176">
      <ele>123.3722892771295</ele>
      <time>2026-08-29T15:22:22.174+02:00</time>
      <extensions>
        <activity type="UNKNOWN" conf="40" state="unknown" tsMs="1788009740235"/>
        <radio op="vodafone IT" rat="LTE" rsrp="-105" rsrq="-14"/>
        <radio op="I TIM" rat="LTE" q="9.50" rsrp="-106" sinr="0" rsrq="-14"/>
      </extensions>
    </trkpt>
    <trkpt lat="45.7485462" lon="10.7506307">
      <ele>126.79791315023138</ele>
      <time>2026-08-29T15:22:32.174+02:00</time>
      <extensions>
        <activity type="UNKNOWN" conf="40" state="unknown" tsMs="1788009750949"/>
        <radio op="vodafone IT" rat="LTE" q="12.60" rsrp="-104" sinr="1" rsrq="-13"/>
        <radio op="I TIM" rat="LTE" rsrp="-103" rsrq="-14"/>
      </extensions>
    </trkpt>
    <trkpt lat="45.7482908" lon="10.7512203">
      <ele>121.08026929401821</ele>
      <time>2026-08-29T15:22:42.175+02:00</time>
      <extensions>
        <activity type="UNKNOWN" conf="40" state="unknown" tsMs="1788009761706"/>
        <radio op="vodafone IT" rat="LTE" q="16.80" rsrp="-104" sinr="3" rsrq="-13"/>
        <radio op="I TIM" rat="LTE" q="32.00" rsrp="-93" sinr="5" rsrq="-11"/>
      </extensions>
    </trkpt>
    <trkpt lat="45.7479023" lon="10.751817">
      <ele>121.85967680142465</ele>
      <time>2026-08-29T15:22:52.175+02:00</time>
      <extensions>
        <activity type="UNKNOWN" conf="40" state="unknown" tsMs="1788009772571"/>
        <radio op="vodafone IT" rat="LTE" q="17.60" rsrp="-103" sinr="3" rsrq="-13"/>
        <radio op="I TIM" rat="LTE" rsrp="-99" rsrq="-14"/>
      </extensions>
    </trkpt>
    <trkpt lat="45.7475042" lon="10.7525139">
      <ele>121.39052626612903</ele>
      <time>2026-08-29T15:23:03.175+02:00</time>
      <extensions>
        <activity type="UNKNOWN" conf="40" state="unknown" tsMs="1788009777985"/>
        <radio op="vodafone IT" rat="LTE" rsrp="-108" rsrq="-14"/>
        <radio op="I TIM" rat="LTE" rsrp="-105" rsrq="-15"/>
      </extensions>
    </trkpt>
    <trkpt lat="45.7470644" lon="10.7532431">
      <ele>118.57855798901151</ele>
      <time>2026-08-29T15:23:13.174+02:00</time>
      <extensions>
        <activity type="ON_BICYCLE" conf="71" state="moving" tsMs="1788009788840"/>
        <radio op="vodafone IT" rat="LTE" q="10.00" rsrp="-105" sinr="0" rsrq="-12"/>
        <radio op="I TIM" rat="LTE" q="11.00" rsrp="-103" sinr="0" rsrq="-15"/>
      </extensions>
    </trkpt>
    <trkpt lat="45.7465848" lon="10.7539128">
      <ele>119.40880523841798</ele>
      <time>2026-08-29T15:23:23.174+02:00</time>
      <extensions>
        <activity type="ON_BICYCLE" conf="80" state="moving" tsMs="1788009799637"/>
        <radio op="vodafone IT" rat="LTE" q="9.50" rsrp="-106" sinr="0" rsrq="-15"/>
        <radio op="I TIM" rat="LTE" rsrp="-103" rsrq="-15"/>
      </extensions>
    </trkpt>
    <trkpt lat="45.7467479" lon="10.7539136">
      <ele>120.41427097776025</ele>
      <time>2026-08-29T15:23:33.174+02:00</time>
      <extensions>
        <activity type="UNKNOWN" conf="40" state="unknown" tsMs="1788009810446"/>
        <radio op="vodafone IT" rat="LTE" rsrp="-112" rsrq="-14"/>
        <radio op="I TIM" rat="LTE" q="9.60" rsrp="-113" sinr="3" rsrq="-16"/>
      </extensions>
    </trkpt>
    <trkpt lat="45.747083" lon="10.75379">
      <ele>111.59058450828245</ele>
      <time>2026-08-29T15:23:43.174+02:00</time>
      <extensions>
        <activity type="UNKNOWN" conf="40" state="unknown" tsMs="1788009820584"/>
        <radio op="vodafone IT" rat="LTE" q="10.20" rsrp="-108" sinr="1" rsrq="-14"/>
        <radio op="I TIM" rat="LTE" q="8.50" rsrp="-108" sinr="0" rsrq="-14"/>
      </extensions>
    </trkpt>
    <trkpt lat="45.7468961" lon="10.754271">
      <ele>112.03467103141956</ele>
      <time>2026-08-29T15:23:53.174+02:00</time>
      <extensions>
        <activity type="UNKNOWN" conf="40" state="unknown" tsMs="1788009831266"/>
        <radio op="vodafone IT" rat="LTE" rsrp="-112" rsrq="-16"/>
        <radio op="I TIM" rat="LTE" rsrp="-102" rsrq="-15"/>
      </extensions>
    </trkpt>
    <trkpt lat="45.7472768" lon="10.7538575">
      <ele>109.2136971845831</ele>
      <time>2026-08-29T15:24:03.175+02:00</time>
      <extensions>
        <activity type="UNKNOWN" conf="40" state="unknown" tsMs="1788009841761"/>
        <radio op="vodafone IT" rat="LTE" rsrp="-111" rsrq="-14"/>
        <radio op="I TIM" rat="LTE" rsrp="-109" rsrq="-14"/>
      </extensions>
    </trkpt>
    <trkpt lat="45.7476998" lon="10.7532494">
      <ele>107.13196228877044</ele>
      <time>2026-08-29T15:24:13.175+02:00</time>
      <extensions>
        <activity type="UNKNOWN" conf="40" state="unknown" tsMs="1788009852577"/>
        <radio op="vodafone IT" rat="LTE" rsrp="-113" rsrq="-16"/>
        <radio op="I TIM" rat="LTE" rsrp="-109" rsrq="-15"/>
      </extensions>
    </trkpt>
    <trkpt lat="45.7480774" lon="10.7527853">
      <ele>108.81151822924622</ele>
      <time>2026-08-29T15:24:24.175+02:00</time>
      <extensions>
        <activity type="UNKNOWN" conf="40" state="unknown" tsMs="1788009858004"/>
        <radio op="vodafone IT" rat="LTE" q="5.50" rsrp="-114" sinr="0" rsrq="-15"/>
        <radio op="I TIM" rat="LTE" rsrp="-112" rsrq="-10"/>
      </extensions>
    </trkpt>
    <trkpt lat="45.7484428" lon="10.7521373">
      <ele>102.08042572593841</ele>
      <time>2026-08-29T15:24:34.175+02:00</time>
      <extensions>
        <activity type="ON_BICYCLE" conf="72" state="moving" tsMs="1788009870109"/>
        <radio op="vodafone IT" rat="LTE" rsrp="-114" rsrq="-16"/>
        <radio op="I TIM" rat="LTE" rsrp="-115" rsrq="-13"/>
      </extensions>
    </trkpt>
    <trkpt lat="45.7488072" lon="10.7512893">
      <ele>101.49924891422074</ele>
      <time>2026-08-29T15:24:44.174+02:00</time>
      <extensions>
        <activity type="UNKNOWN" conf="40" state="unknown" tsMs="1788009880939"/>
        <radio op="vodafone IT" rat="LTE" rsrp="-114" rsrq="-14"/>
        <radio op="I TIM" rat="LTE" q="9.00" rsrp="-110" sinr="1" rsrq="-16"/>
      </extensions>
    </trkpt>
    <trkpt lat="45.7491866" lon="10.7509189">
      <ele>105.90441579193896</ele>
      <time>2026-08-29T15:24:54.174+02:00</time>
      <extensions>
        <activity type="UNKNOWN" conf="40" state="unknown" tsMs="1788009894162"/>
        <radio op="vodafone IT" rat="LTE" rsrp="-111" rsrq="-15"/>
        <radio op="I TIM" rat="LTE" rsrp="-111" rsrq="-18"/>
      </extensions>
    </trkpt>
    <trkpt lat="45.749447" lon="10.7501061">
      <ele>104.56522094666023</ele>
      <time>2026-08-29T15:25:04.175+02:00</time>
      <extensions>
        <activity type="UNKNOWN" conf="40" state="unknown" tsMs="1788009899584"/>
        <radio op="vodafone IT" rat="LTE" rsrp="-114" rsrq="-16"/>
        <radio op="I TIM" rat="LTE" q="12.00" rsrp="-101" sinr="0" rsrq="-14"/>
      </extensions>
    </trkpt>
    <trkpt lat="45.7496396" lon="10.7492426">
      <ele>106.52955601144595</ele>
      <time>2026-08-29T15:25:14.175+02:00</time>
      <extensions>
        <activity type="UNKNOWN" conf="40" state="unknown" tsMs="1788009910424"/>
        <radio op="vodafone IT" rat="LTE" rsrp="-113" rsrq="-16"/>
        <radio op="I TIM" rat="LTE" rsrp="-105" rsrq="-18"/>
      </extensions>
    </trkpt>
    <trkpt lat="45.749726" lon="10.7487789">
      <ele>103.04625064935023</ele>
      <time>2026-08-29T15:25:24.175+02:00</time>
      <extensions>
        <activity type="UNKNOWN" conf="40" state="unknown" tsMs="1788009921186"/>
        <radio op="vodafone IT" rat="LTE" rsrp="-139" rsrq="-24"/>
        <radio op="I TIM" rat="LTE" rsrp="-108" rsrq="-16"/>
      </extensions>
    </trkpt>
    <trkpt lat="45.7496297" lon="10.7490838">
      <ele>97.10025371065079</ele>
      <time>2026-08-29T15:25:35.174+02:00</time>
      <extensions>
        <activity type="TILTING" conf="100" state="moving" tsMs="1788009928725"/>
        <radio op="vodafone IT" rat="LTE" rsrp="-113" rsrq="-17"/>
        <radio op="I TIM" rat="LTE" q="9.00" rsrp="-107" sinr="0" rsrq="-16"/>
      </extensions>
    </trkpt>
    <trkpt lat="45.7493839" lon="10.7497654">
      <ele>101.87426738808723</ele>
      <time>2026-08-29T15:25:45.174+02:00</time>
      <extensions>
        <activity type="TILTING" conf="100" state="moving" tsMs="1788009928725"/>
        <radio op="vodafone IT" rat="LTE" rsrp="-110" rsrq="-18"/>
        <radio op="I TIM" rat="LTE" rsrp="-108" rsrq="-16"/>
      </extensions>
    </trkpt>
    <trkpt lat="45.7489516" lon="10.7503707">
      <ele>104.79196609260552</ele>
      <time>2026-08-29T15:25:55.175+02:00</time>
      <extensions>
        <activity type="UNKNOWN" conf="40" state="unknown" tsMs="1788009954174"/>
        <radio op="vodafone IT" rat="LTE" rsrp="-103" rsrq="-14"/>
        <radio op="I TIM" rat="LTE" rsrp="-103" rsrq="-14"/>
      </extensions>
    </trkpt>
    <trkpt lat="45.7487221" lon="10.7508551">
      <ele>105.08832043035227</ele>
      <time>2026-08-29T15:26:05.175+02:00</time>
      <extensions>
        <activity type="UNKNOWN" conf="40" state="unknown" tsMs="1788009964552"/>
        <radio op="vodafone IT" rat="LTE" rsrp="-110" rsrq="-15"/>
        <radio op="I TIM" rat="LTE" rsrp="-104" rsrq="-15"/>
      </extensions>
    </trkpt>
    <trkpt lat="45.7484299" lon="10.751535">
      <ele>104.70790129080174</ele>
      <time>2026-08-29T15:26:15.174+02:00</time>
      <extensions>
        <activity type="UNKNOWN" conf="40" state="unknown" tsMs="1788009975164"/>
        <radio op="vodafone IT" rat="LTE" rsrp="-107" rsrq="-16"/>
        <radio op="I TIM" rat="LTE" rsrp="-103" rsrq="-16"/>
      </extensions>
    </trkpt>
    <trkpt lat="45.7481728" lon="10.7522045">
      <ele>105.53259398542735</ele>
      <time>2026-08-29T15:26:25.175+02:00</time>
      <extensions>
        <activity type="UNKNOWN" conf="40" state="unknown" tsMs="1788009986008"/>
        <radio op="vodafone IT" rat="LTE" rsrp="-101" rsrq="-15"/>
        <radio op="I TIM" rat="LTE" rsrp="-105" rsrq="-16"/>
      </extensions>
    </trkpt>
    <trkpt lat="45.7478411" lon="10.7529886">
      <ele>105.05080512121403</ele>
      <time>2026-08-29T15:26:35.175+02:00</time>
      <extensions>
        <activity type="UNKNOWN" conf="40" state="unknown" tsMs="1788009991396"/>
        <radio op="vodafone IT" rat="LTE" q="9.50" rsrp="-106" sinr="0" rsrq="-13"/>
        <radio op="I TIM" rat="LTE" rsrp="-106" rsrq="-16"/>
      </extensions>
    </trkpt>
    <trkpt lat="45.747256" lon="10.75377">
      <ele>107.19061235094262</ele>
      <time>2026-08-29T15:26:46.174+02:00</time>
      <extensions>
        <activity type="UNKNOWN" conf="40" state="unknown" tsMs="1788010002213"/>
        <radio op="vodafone IT" rat="LTE" rsrp="-102" rsrq="-15"/>
        <radio op="I TIM" rat="LTE" rsrp="-102" rsrq="-15"/>
      </extensions>
    </trkpt>
    <trkpt lat="45.7467567" lon="10.7542747">
      <ele>105.65392082393818</ele>
      <time>2026-08-29T15:26:56.174+02:00</time>
      <extensions>
        <activity type="ON_BICYCLE" conf="98" state="moving" tsMs="1788010013066"/>
        <radio op="vodafone IT" rat="LTE" rsrp="-101" rsrq="-13"/>
        <radio op="I TIM" rat="LTE" q="12.00" rsrp="-101" sinr="0" rsrq="-14"/>
      </extensions>
    </trkpt>
    <trkpt lat="45.7467118" lon="10.7543727">
      <ele>107.21831749433356</ele>
      <time>2026-08-29T15:27:06.174+02:00</time>
      <extensions>
        <activity type="ON_BICYCLE" conf="94" state="moving" tsMs="1788010023821"/>
        <radio op="vodafone IT" rat="LTE" rsrp="-111" rsrq="-15"/>
        <radio op="I TIM" rat="LTE" rsrp="-113" rsrq="-17"/>
      </extensions>
    </trkpt>
    <trkpt lat="45.747067" lon="10.7538994">
      <ele>104.4707545396805</ele>
      <time>2026-08-29T15:27:16.174+02:00</time>
      <extensions>
        <activity type="UNKNOWN" conf="40" state="unknown" tsMs="1788010034420"/>
        <radio op="vodafone IT" rat="LTE" q="7.00" rsrp="-115" sinr="2" rsrq="-16"/>
        <radio op="I TIM" rat="LTE" rsrp="-109" rsrq="-16"/>
      </extensions>
    </trkpt>
    <trkpt lat="45.7474708" lon="10.7532382">
      <ele>104.9749446157273</ele>
      <time>2026-08-29T15:27:26.175+02:00</time>
      <extensions>
        <activity type="UNKNOWN" conf="40" state="unknown" tsMs="1788010045271"/>
        <radio op="vodafone IT" rat="LTE" rsrp="-112" rsrq="-17"/>
        <radio op="I TIM" rat="LTE" rsrp="-109" rsrq="-15"/>
      </extensions>
    </trkpt>
    <trkpt lat="45.7477557" lon="10.7528973">
      <ele>106.18629670678068</ele>
      <time>2026-08-29T15:27:36.174+02:00</time>
      <extensions>
        <activity type="IN_VEHICLE" conf="91" state="moving" tsMs="1788010056061"/>
        <radio op="vodafone IT" rat="LTE" rsrp="-125" rsrq="-19"/>
        <radio op="I TIM" rat="LTE" rsrp="-113" rsrq="-15"/>
      </extensions>
    </trkpt>
    <trkpt lat="45.7477205" lon="10.7531271">
      <ele>102.5916918539744</ele>
      <time>2026-08-29T15:27:46.175+02:00</time>
      <extensions>
        <activity type="IN_VEHICLE" conf="91" state="moving" tsMs="1788010056061"/>
        <radio op="vodafone IT" rat="LTE" rsrp="-105" rsrq="-12"/>
        <radio op="I TIM" rat="LTE" rsrp="-112" rsrq="-16"/>
      </extensions>
    </trkpt>
    <trkpt lat="45.7479266" lon="10.7529008">
      <ele>102.46548308456846</ele>
      <time>2026-08-29T15:27:57.175+02:00</time>
      <extensions>
        <activity type="UNKNOWN" conf="40" state="unknown" tsMs="1788010059824"/>
        <radio op="vodafone IT" rat="LTE" rsrp="-113" rsrq="-15"/>
        <radio op="I TIM" rat="LTE" rsrp="-113" rsrq="-18"/>
      </extensions>
    </trkpt>
    <trkpt lat="45.7481687" lon="10.7524963">
      <ele>103.2398368018615</ele>
      <time>2026-08-29T15:28:07.175+02:00</time>
      <extensions>
        <activity type="UNKNOWN" conf="40" state="unknown" tsMs="1788010059824"/>
        <radio op="vodafone IT" rat="LTE" rsrp="-114" rsrq="-14"/>
        <radio op="I TIM" rat="LTE" rsrp="-114" rsrq="-18"/>
      </extensions>
    </trkpt>
    <trkpt lat="45.7483473" lon="10.7522181">
      <ele>106.64092637859531</ele>
      <time>2026-08-29T15:28:17.175+02:00</time>
      <extensions>
        <activity type="UNKNOWN" conf="40" state="unknown" tsMs="1788010077305"/>
        <radio op="vodafone IT" rat="LTE" rsrp="-112" rsrq="-15"/>
        <radio op="I TIM" rat="LTE" rsrp="-111" rsrq="-16"/>
      </extensions>
    </trkpt>
    <trkpt lat="45.7489655" lon="10.7509793">
      <ele>108.59216062839974</ele>
      <time>2026-08-29T15:28:37.175+02:00</time>
      <extensions>
        <activity type="UNKNOWN" conf="40" state="unknown" tsMs="1788010097456"/>
        <radio op="vodafone IT" rat="LTE" rsrp="-114" rsrq="-15"/>
        <radio op="I TIM" rat="LTE" rsrp="-113" rsrq="-16"/>
      </extensions>
    </trkpt>
    <trkpt lat="45.7492388" lon="10.7501688">
      <ele>108.02101337016465</ele>
      <time>2026-08-29T15:28:47.175+02:00</time>
      <extensions>
        <activity type="UNKNOWN" conf="40" state="unknown" tsMs="1788010125157"/>
        <radio op="vodafone IT" rat="LTE" rsrp="-115" rsrq="-16"/>
        <radio op="I TIM" rat="LTE" rsrp="-110" rsrq="-16"/>
      </extensions>
    </trkpt>
    <trkpt lat="45.7495006" lon="10.7493041">
      <ele>108.00018141178714</ele>
      <time>2026-08-29T15:28:57.175+02:00</time>
      <extensions>
        <activity type="UNKNOWN" conf="40" state="unknown" tsMs="1788010135935"/>
        <radio op="vodafone IT" rat="LTE" rsrp="-114" rsrq="-16"/>
        <radio op="I TIM" rat="LTE" q="8.40" rsrp="-111" sinr="1" rsrq="-16"/>
      </extensions>
    </trkpt>
    <trkpt lat="45.7495647" lon="10.7492641">
      <ele>105.65359291908105</ele>
      <time>2026-08-29T15:29:08.175+02:00</time>
      <extensions>
        <activity type="UNKNOWN" conf="40" state="unknown" tsMs="1788010146799"/>
        <radio op="vodafone IT" rat="LTE" q="12.60" rsrp="-107" sinr="2" rsrq="-14"/>
        <radio op="I TIM" rat="LTE" rsrp="-105" rsrq="-15"/>
      </extensions>
    </trkpt>
    <trkpt lat="45.7496852" lon="10.7492025">
      <ele>102.83710333346872</ele>
      <time>2026-08-29T15:29:18.175+02:00</time>
      <extensions>
        <activity type="UNKNOWN" conf="40" state="unknown" tsMs="1788010157346"/>
        <radio op="vodafone IT" rat="LTE" rsrp="-110" rsrq="-15"/>
        <radio op="I TIM" rat="LTE" rsrp="-111" rsrq="-19"/>
      </extensions>
    </trkpt>
    <trkpt lat="45.7499197" lon="10.7486842">
      <ele>101.1786466888337</ele>
      <time>2026-08-29T15:29:28.175+02:00</time>
      <extensions>
        <activity type="UNKNOWN" conf="40" state="unknown" tsMs="1788010167528"/>
        <radio op="vodafone IT" rat="LTE" rsrp="-113" rsrq="-16"/>
        <radio op="I TIM" rat="LTE" rsrp="-108" rsrq="-16"/>
      </extensions>
    </trkpt>
    <trkpt lat="45.749921" lon="10.7489338">
      <ele>101.96716366992422</ele>
      <time>2026-08-29T15:29:38.175+02:00</time>
      <extensions>
        <activity type="UNKNOWN" conf="40" state="unknown" tsMs="1788010178105"/>
        <radio op="vodafone IT" rat="LTE" q="17.60" rsrp="-103" sinr="3" rsrq="-15"/>
        <radio op="I TIM" rat="LTE" rsrp="-107" rsrq="-17"/>
      </extensions>
    </trkpt>
    <trkpt lat="45.7499364" lon="10.7492031">
      <ele>98.93121521216403</ele>
      <time>2026-08-29T15:29:48.174+02:00</time>
      <extensions>
        <activity type="UNKNOWN" conf="40" state="unknown" tsMs="1788010188695"/>
        <radio op="vodafone IT" rat="LTE" q="14.40" rsrp="-101" sinr="1" rsrq="-13"/>
        <radio op="I TIM" rat="LTE" rsrp="-105" rsrq="-16"/>
      </extensions>
    </trkpt>
    <trkpt lat="45.7497591" lon="10.749873">
      <ele>101.58602250290993</ele>
      <time>2026-08-29T15:29:58.173+02:00</time>
      <extensions>
        <activity type="ON_BICYCLE" conf="82" state="moving" tsMs="1788010193948"/>
        <radio op="vodafone IT" rat="LTE" rsrp="-106" rsrq="-15"/>
        <radio op="I TIM" rat="LTE" rsrp="-105" rsrq="-14"/>
      </extensions>
    </trkpt>
    <trkpt lat="45.7493909" lon="10.7505066">
      <ele>102.73970712979242</ele>
      <time>2026-08-29T15:30:08.174+02:00</time>
      <extensions>
        <activity type="ON_BICYCLE" conf="62" state="moving" tsMs="1788010199347"/>
        <radio op="vodafone IT" rat="LTE" rsrp="-102" rsrq="-14"/>
        <radio op="I TIM" rat="LTE" rsrp="-103" rsrq="-16"/>
      </extensions>
    </trkpt>
    <trkpt lat="45.7492444" lon="10.750898">
      <ele>99.72341283271722</ele>
      <time>2026-08-29T15:30:18.173+02:00</time>
      <extensions>
        <activity type="ON_BICYCLE" conf="62" state="moving" tsMs="1788010199347"/>
        <radio op="vodafone IT" rat="LTE" rsrp="-115" rsrq="-18"/>
        <radio op="I TIM" rat="LTE" rsrp="-111" rsrq="-16"/>
      </extensions>
    </trkpt>
    <trkpt lat="45.7495296" lon="10.750316">
      <ele>99.44760758551529</ele>
      <time>2026-08-29T15:30:29.173+02:00</time>
      <extensions>
        <activity type="UNKNOWN" conf="40" state="unknown" tsMs="1788010203546"/>
        <radio op="vodafone IT" rat="LTE" rsrp="-114" rsrq="-16"/>
        <radio op="I TIM" rat="LTE" rsrp="-109" rsrq="-16"/>
      </extensions>
    </trkpt>
    <trkpt lat="45.7498976" lon="10.7495232">
      <ele>94.82556773839705</ele>
      <time>2026-08-29T15:30:49.174+02:00</time>
      <extensions>
        <activity type="UNKNOWN" conf="40" state="unknown" tsMs="1788010245931"/>
        <radio op="vodafone IT" rat="LTE" rsrp="-113" rsrq="-16"/>
        <radio op="I TIM" rat="LTE" rsrp="-107" rsrq="-16"/>
      </extensions>
    </trkpt>
    <trkpt lat="45.7501173" lon="10.7490112">
      <ele>97.96638498851068</ele>
      <time>2026-08-29T15:30:59.173+02:00</time>
      <extensions>
        <activity type="UNKNOWN" conf="40" state="unknown" tsMs="1788010256238"/>
        <radio op="vodafone IT" rat="LTE" rsrp="-113" rsrq="-16"/>
        <radio op="I TIM" rat="LTE" rsrp="-107" rsrq="-16"/>
      </extensions>
    </trkpt>
    <trkpt lat="45.7499919" lon="10.7495643">
      <ele>98.0365476214394</ele>
      <time>2026-08-29T15:31:09.173+02:00</time>
      <extensions>
        <activity type="UNKNOWN" conf="40" state="unknown" tsMs="1788010256238"/>
        <radio op="vodafone IT" rat="LTE" rsrp="-104" rsrq="-15"/>
        <radio op="I TIM" rat="LTE" q="10.00" rsrp="-105" sinr="0" rsrq="-14"/>
      </extensions>
    </trkpt>
    <trkpt lat="45.7496488" lon="10.7502369">
      <ele>99.0749596403687</ele>
      <time>2026-08-29T15:31:19.174+02:00</time>
      <extensions>
        <activity type="UNKNOWN" conf="40" state="unknown" tsMs="1788010261809"/>
        <radio op="vodafone IT" rat="LTE" rsrp="-105" rsrq="-15"/>
        <radio op="I TIM" rat="LTE" rsrp="-108" rsrq="-16"/>
      </extensions>
    </trkpt>
    <trkpt lat="45.7492296" lon="10.7509505">
      <ele>99.33917355789491</ele>
      <time>2026-08-29T15:31:29.174+02:00</time>
      <extensions>
        <activity type="ON_BICYCLE" conf="72" state="moving" tsMs="1788010289664"/>
        <radio op="vodafone IT" rat="LTE" rsrp="-107" rsrq="-14"/>
        <radio op="I TIM" rat="LTE" rsrp="-105" rsrq="-16"/>
      </extensions>
    </trkpt>
    <trkpt lat="45.7493703" lon="10.7508303">
      <ele>98.68110089001276</ele>
      <time>2026-08-29T15:31:40.173+02:00</time>
      <extensions>
        <activity type="UNKNOWN" conf="40" state="unknown" tsMs="1788010295101"/>
        <radio op="vodafone IT" rat="LTE" rsrp="-113" rsrq="-16"/>
        <radio op="I TIM" rat="LTE" rsrp="-113" rsrq="-19"/>
      </extensions>
    </trkpt>
    <trkpt lat="45.7496331" lon="10.7500989">
      <ele>98.04070325078573</ele>
      <time>2026-08-29T15:31:50.173+02:00</time>
      <extensions>
        <activity type="UNKNOWN" conf="40" state="unknown" tsMs="1788010305844"/>
        <radio op="vodafone IT" rat="LTE" rsrp="-112" rsrq="-15"/>
        <radio op="I TIM" rat="LTE" rsrp="-109" rsrq="-15"/>
      </extensions>
    </trkpt>
    <trkpt lat="45.7499341" lon="10.7495917">
      <ele>99.40138799053558</ele>
      <time>2026-08-29T15:32:00.174+02:00</time>
      <extensions>
        <activity type="UNKNOWN" conf="40" state="unknown" tsMs="1788010316685"/>
        <radio op="vodafone IT" rat="LTE" rsrp="-140" rsrq="-25"/>
        <radio op="I TIM" rat="LTE" rsrp="-114" rsrq="-18"/>
      </extensions>
    </trkpt>
    <trkpt lat="45.7499443" lon="10.7495799">
      <ele>53.279860434820044</ele>
      <time>2026-08-29T15:32:07.9+02:00</time>
      <extensions>
        <activity type="TILTING" conf="100" state="moving" tsMs="1788010322258"/>
        <radio op="vodafone IT" rat="LTE" rsrp="-111" rsrq="-13"/>
        <radio op="I TIM" rat="LTE" rsrp="-118" rsrq="-18"/>
      </extensions>
    </trkpt>
    <trkpt lat="45.7499443" lon="10.7495799">
      <ele>104.65963800387422</ele>
      <time>2026-08-29T15:32:15.165+02:00</time>
      <extensions>
        <activity type="ON_BICYCLE" conf="68" state="moving" tsMs="1788010325561"/>
        <radio op="vodafone IT" rat="LTE" rsrp="-112" rsrq="-17"/>
        <radio op="I TIM" rat="LTE" rsrp="-108" rsrq="-18"/>
      </extensions>
    </trkpt>
    <trkpt lat="45.749465" lon="10.7509655">
      <ele>114.47141516014361</ele>
      <time>2026-08-29T15:32:30.174+02:00</time>
      <extensions>
        <activity type="ON_BICYCLE" conf="68" state="moving" tsMs="1788010325561"/>
        <radio op="vodafone IT" rat="LTE" rsrp="-105" rsrq="-13"/>
        <radio op="I TIM" rat="LTE" rsrp="-107" rsrq="-16"/>
      </extensions>
    </trkpt>
    <trkpt lat="45.7490194" lon="10.7515161">
      <ele>116.5</ele>
      <time>2026-08-29T15:32:40.173+02:00</time>
      <extensions>
        <activity type="UNKNOWN" conf="40" state="unknown" tsMs="1788010344856"/>
        <radio op="vodafone IT" rat="LTE" rsrp="-105" rsrq="-14"/>
        <radio op="I TIM" rat="LTE" rsrp="-104" rsrq="-15"/>
      </extensions>
    </trkpt>
    <trkpt lat="45.7486143" lon="10.7521441">
      <ele>116.5</ele>
      <time>2026-08-29T15:32:51.173+02:00</time>
      <extensions>
        <activity type="UNKNOWN" conf="40" state="unknown" tsMs="1788010369125"/>
        <radio op="vodafone IT" rat="LTE" rsrp="-107" rsrq="-15"/>
        <radio op="I TIM" rat="LTE" rsrp="-107" rsrq="-17"/>
      </extensions>
    </trkpt>
    <trkpt lat="45.7482615" lon="10.7529227">
      <ele>119.62904986717294</ele>
      <time>2026-08-29T15:33:01.174+02:00</time>
      <extensions>
        <activity type="UNKNOWN" conf="40" state="unknown" tsMs="1788010379433"/>
        <radio op="vodafone IT" rat="LTE" rsrp="-107" rsrq="-15"/>
        <radio op="I TIM" rat="LTE" rsrp="-106" rsrq="-19"/>
      </extensions>
    </trkpt>
    <trkpt lat="45.7478417" lon="10.7537056">
      <ele>119.39227999196402</ele>
      <time>2026-08-29T15:33:11.173+02:00</time>
      <extensions>
        <activity type="UNKNOWN" conf="40" state="unknown" tsMs="1788010389778"/>
        <radio op="vodafone IT" rat="LTE" rsrp="-104" rsrq="-16"/>
        <radio op="I TIM" rat="LTE" rsrp="-104" rsrq="-18"/>
      </extensions>
    </trkpt>
    <trkpt lat="45.7474681" lon="10.7543526">
      <ele>117.5999984741211</ele>
      <time>2026-08-29T15:33:21.174+02:00</time>
      <extensions>
        <activity type="ON_BICYCLE" conf="85" state="moving" tsMs="1788010400539"/>
        <radio op="vodafone IT" rat="LTE" q="10.00" rsrp="-105" sinr="0" rsrq="-13"/>
        <radio op="I TIM" rat="LTE" rsrp="-101" rsrq="-15"/>
      </extensions>
    </trkpt>
    <trkpt lat="45.7470135" lon="10.7550094">
      <ele>117.79539658471182</ele>
      <time>2026-08-29T15:33:31.173+02:00</time>
      <extensions>
        <activity type="UNKNOWN" conf="40" state="unknown" tsMs="1788010411222"/>
        <radio op="vodafone IT" rat="LTE" q="18.00" rsrp="-105" sinr="4" rsrq="-12"/>
        <radio op="I TIM" rat="LTE" rsrp="-103" rsrq="-14"/>
      </extensions>
    </trkpt>
    <trkpt lat="45.7464458" lon="10.7556099">
      <ele>118.6074354326257</ele>
      <time>2026-08-29T15:33:41.174+02:00</time>
      <extensions>
        <activity type="ON_BICYCLE" conf="76" state="moving" tsMs="1788010416637"/>
        <radio op="vodafone IT" rat="LTE" q="28.80" rsrp="-101" sinr="7" rsrq="-11"/>
        <radio op="I TIM" rat="LTE" rsrp="-102" rsrq="-15"/>
      </extensions>
    </trkpt>
    <trkpt lat="45.7467054" lon="10.7553846">
      <ele>116.13364733099232</ele>
      <time>2026-08-29T15:33:51.173+02:00</time>
      <extensions>
        <activity type="UNKNOWN" conf="40" state="unknown" tsMs="1788010427486"/>
        <radio op="vodafone IT" rat="LTE" rsrp="-114" rsrq="-20"/>
        <radio op="I TIM" rat="LTE" rsrp="-103" rsrq="-14"/>
      </extensions>
    </trkpt>
    <trkpt lat="45.7468818" lon="10.7552976">
      <ele>112.6733020097052</ele>
      <time>2026-08-29T15:34:02.174+02:00</time>
      <extensions>
        <activity type="UNKNOWN" conf="40" state="unknown" tsMs="1788010438007"/>
        <radio op="vodafone IT" rat="LTE" rsrp="-110" rsrq="-14"/>
        <radio op="I TIM" rat="LTE" rsrp="-109" rsrq="-15"/>
      </extensions>
    </trkpt>
    <trkpt lat="45.7470284" lon="10.7552698">
      <ele>108.98954482782467</ele>
      <time>2026-08-29T15:34:12.174+02:00</time>
      <extensions>
        <activity type="UNKNOWN" conf="40" state="unknown" tsMs="1788010448475"/>
        <radio op="vodafone IT" rat="LTE" rsrp="-112" rsrq="-14"/>
        <radio op="I TIM" rat="LTE" rsrp="-113" rsrq="-16"/>
      </extensions>
    </trkpt>
    <trkpt lat="45.7472921" lon="10.7548908">
      <ele>109.83321078334613</ele>
      <time>2026-08-29T15:34:22.173+02:00</time>
      <extensions>
        <activity type="IN_VEHICLE" conf="86" state="moving" tsMs="1788010458993"/>
        <radio op="vodafone IT" rat="LTE" rsrp="-119" rsrq="-19"/>
        <radio op="I TIM" rat="LTE" rsrp="-110" rsrq="-15"/>
      </extensions>
    </trkpt>
    <trkpt lat="45.7476223" lon="10.7543293">
      <ele>107.80320614981649</ele>
      <time>2026-08-29T15:34:32.174+02:00</time>
      <extensions>
        <activity type="UNKNOWN" conf="40" state="unknown" tsMs="1788010469223"/>
        <radio op="vodafone IT" rat="LTE" q="7.50" rsrp="-110" sinr="0" rsrq="-13"/>
        <radio op="I TIM" rat="LTE" q="7.50" rsrp="-110" sinr="0" rsrq="-15"/>
      </extensions>
    </trkpt>
    <trkpt lat="45.7479049" lon="10.7538399">
      <ele>105.32414647782204</ele>
      <time>2026-08-29T15:34:42.174+02:00</time>
      <extensions>
        <activity type="UNKNOWN" conf="40" state="unknown" tsMs="1788010482521"/>
        <radio op="vodafone IT" rat="LTE" rsrp="-116" rsrq="-19"/>
        <radio op="I TIM" rat="LTE" rsrp="-110" rsrq="-18"/>
      </extensions>
    </trkpt>
    <trkpt lat="45.7481845" lon="10.7534245">
      <ele>106.7260878751213</ele>
      <time>2026-08-29T15:34:52.173+02:00</time>
      <extensions>
        <activity type="IN_VEHICLE" conf="85" state="moving" tsMs="1788010487818"/>
        <radio op="vodafone IT" rat="LTE" q="8.50" rsrp="-108" sinr="0" rsrq="-14"/>
        <radio op="I TIM" rat="LTE" q="8.40" rsrp="-111" sinr="1" rsrq="-16"/>
      </extensions>
    </trkpt>
    <trkpt lat="45.7485473" lon="10.7529584">
      <ele>107.15563100033002</ele>
      <time>2026-08-29T15:35:02.173+02:00</time>
      <extensions>
        <activity type="IN_VEHICLE" conf="88" state="moving" tsMs="1788010498533"/>
        <radio op="vodafone IT" rat="LTE" q="9.00" rsrp="-110" sinr="1" rsrq="-14"/>
        <radio op="I TIM" rat="LTE" rsrp="-111" rsrq="-17"/>
      </extensions>
    </trkpt>
    <trkpt lat="45.7487887" lon="10.7523528">
      <ele>109.00313514960746</ele>
      <time>2026-08-29T15:35:12.174+02:00</time>
      <extensions>
        <activity type="IN_VEHICLE" conf="94" state="moving" tsMs="1788010511536"/>
        <radio op="vodafone IT" rat="LTE" q="6.00" rsrp="-113" sinr="0" rsrq="-15"/>
        <radio op="I TIM" rat="LTE" rsrp="-112" rsrq="-16"/>
      </extensions>
    </trkpt>
    <trkpt lat="45.7489391" lon="10.752329">
      <ele>97.6612431195494</ele>
      <time>2026-08-29T15:35:21.261+02:00</time>
      <extensions>
        <activity type="UNKNOWN" conf="40" state="unknown" tsMs="1788010521462"/>
        <radio op="vodafone IT" rat="LTE" rsrq="-26"/>
        <radio op="I TIM" rat="LTE" rsrp="-128" rsrq="-21"/>
      </extensions>
    </trkpt>
    <trkpt lat="45.7489391" lon="10.752329">
      <ele>65.38811621393455</ele>
      <time>2026-08-29T15:35:26.985+02:00</time>
      <extensions>
        <activity type="UNKNOWN" conf="40" state="unknown" tsMs="1788010526800"/>
        <radio op="vodafone IT" rat="LTE" rsrp="-138" rsrq="-25"/>
        <radio op="I TIM" rat="LTE" rsrp="-139" rsrq="-24"/>
      </extensions>
    </trkpt>
    <trkpt lat="45.7489919" lon="10.7524673">
      <ele>117.15841576791081</ele>
      <time>2026-08-29T15:35:43.174+02:00</time>
      <extensions>
        <activity type="UNKNOWN" conf="40" state="unknown" tsMs="1788010526800"/>
        <radio op="vodafone IT" rat="LTE" rsrp="-116" rsrq="-13"/>
        <radio op="I TIM" rat="LTE" rsrp="-137" rsrq="-24"/>
      </extensions>
    </trkpt>
    <trkpt lat="45.7489286" lon="10.7526845">
      <ele>129.01980919461064</ele>
      <time>2026-08-29T15:35:53.173+02:00</time>
      <extensions>
        <activity type="UNKNOWN" conf="40" state="unknown" tsMs="1788010551555"/>
        <radio op="vodafone IT" rat="LTE" rsrp="-106" rsrq="-14"/>
        <radio op="I TIM" rat="LTE" rsrp="-110" rsrq="-17"/>
      </extensions>
    </trkpt>
    <trkpt lat="45.7486925" lon="10.7533577">
      <ele>131.93521059372682</ele>
      <time>2026-08-29T15:36:03.174+02:00</time>
      <extensions>
        <activity type="UNKNOWN" conf="40" state="unknown" tsMs="1788010562060"/>
        <radio op="vodafone IT" rat="LTE" rsrp="-112" rsrq="-17"/>
        <radio op="I TIM" rat="LTE" rsrp="-107" rsrq="-19"/>
      </extensions>
    </trkpt>
    <trkpt lat="45.7482984" lon="10.754014">
      <ele>134.69683716914557</ele>
      <time>2026-08-29T15:36:13.174+02:00</time>
      <extensions>
        <activity type="UNKNOWN" conf="40" state="unknown" tsMs="1788010572786"/>
        <radio op="vodafone IT" rat="LTE" rsrp="-105" rsrq="-15"/>
        <radio op="I TIM" rat="LTE" rsrp="-102" rsrq="-14"/>
      </extensions>
    </trkpt>
    <trkpt lat="45.7481327" lon="10.7543981">
      <ele>135.61827434534206</ele>
      <time>2026-08-29T15:36:23.173+02:00</time>
      <extensions>
        <activity type="UNKNOWN" conf="40" state="unknown" tsMs="1788010578136"/>
        <radio op="vodafone IT" rat="LTE" rsrp="-112" rsrq="-14"/>
        <radio op="I TIM" rat="LTE" rsrp="-110" rsrq="-16"/>
      </extensions>
    </trkpt>
    <trkpt lat="45.7485164" lon="10.7539128">
      <ele>129.79211505130075</ele>
      <time>2026-08-29T15:36:33.174+02:00</time>
      <extensions>
        <activity type="UNKNOWN" conf="40" state="unknown" tsMs="1788010592404"/>
        <radio op="vodafone IT" rat="LTE" rsrp="-108" rsrq="-12"/>
        <radio op="I TIM" rat="LTE" q="7.00" rsrp="-111" sinr="0" rsrq="-16"/>
      </extensions>
    </trkpt>
    <trkpt lat="45.7488966" lon="10.7532612">
      <ele>131.3172561814651</ele>
      <time>2026-08-29T15:36:44.174+02:00</time>
      <extensions>
        <activity type="UNKNOWN" conf="40" state="unknown" tsMs="1788010603215"/>
        <radio op="vodafone IT" rat="LTE" q="9.60" rsrp="-109" sinr="1" rsrq="-13"/>
        <radio op="I TIM" rat="LTE" q="8.00" rsrp="-109" sinr="0" rsrq="-15"/>
      </extensions>
    </trkpt>
    <trkpt lat="45.7490133" lon="10.753194">
      <ele>127.90280032427641</ele>
      <time>2026-08-29T15:36:54.174+02:00</time>
      <extensions>
        <activity type="UNKNOWN" conf="40" state="unknown" tsMs="1788010613875"/>
        <radio op="vodafone IT" rat="LTE" rsrp="-112" rsrq="-17"/>
        <radio op="I TIM" rat="LTE" rsrp="-127" rsrq="-21"/>
      </extensions>
    </trkpt>
    <trkpt lat="45.7489028" lon="10.7535549">
      <ele>121.47524011706746</ele>
      <time>2026-08-29T15:37:04.173+02:00</time>
      <extensions>
        <activity type="UNKNOWN" conf="40" state="unknown" tsMs="1788010624295"/>
        <radio op="vodafone IT" rat="LTE" rsrp="-124" rsrq="-19"/>
        <radio op="I TIM" rat="LTE" rsrp="-113" rsrq="-18"/>
      </extensions>
    </trkpt>
    <trkpt lat="45.7488124" lon="10.7541475">
      <ele>118.23957345861834</ele>
      <time>2026-08-29T15:37:14.174+02:00</time>
      <extensions>
        <activity type="UNKNOWN" conf="40" state="unknown" tsMs="1788010634656"/>
        <radio op="vodafone IT" rat="LTE" rsrp="-103" rsrq="-14"/>
        <radio op="I TIM" rat="LTE" rsrp="-104" rsrq="-15"/>
      </extensions>
    </trkpt>
    <trkpt lat="45.7485375" lon="10.754792">
      <ele>119.66739360453086</ele>
      <time>2026-08-29T15:37:24.173+02:00</time>
      <extensions>
        <activity type="UNKNOWN" conf="40" state="unknown" tsMs="1788010639985"/>
        <radio op="vodafone IT" rat="LTE" rsrp="-140" rsrq="-25"/>
        <radio op="I TIM" rat="LTE" rsrp="-107" rsrq="-17"/>
      </extensions>
    </trkpt>
    <trkpt lat="45.7485612" lon="10.7548129">
      <ele>119.89726727763544</ele>
      <time>2026-08-29T15:37:27.24+02:00</time>
      <extensions>
        <activity type="UNKNOWN" conf="40" state="unknown" tsMs="1788010645346"/>
        <radio op="vodafone IT" rat="LTE" rsrp="-124" rsrq="-17"/>
        <radio op="I TIM" rat="LTE" rsrp="-135" rsrq="-23"/>
      </extensions>
    </trkpt>
    <trkpt lat="45.7485612" lon="10.7548129">
      <ele>121.95522040354892</ele>
      <time>2026-08-29T15:37:40.206+02:00</time>
      <extensions>
        <activity type="UNKNOWN" conf="40" state="unknown" tsMs="1788010650719"/>
        <radio op="vodafone IT" rat="LTE" rsrp="-124" rsrq="-17"/>
        <radio op="I TIM" rat="LTE" rsrp="-124" rsrq="-17"/>
      </extensions>
    </trkpt>
    <trkpt lat="45.7556" lon="10.7505125">
      <ele>136.34617743139808</ele>
      <time>2026-08-29T15:38:36.16+02:00</time>
      <extensions>
        <activity type="UNKNOWN" conf="40" state="unknown" tsMs="1788010709331"/>
        <radio op="vodafone IT" rat="LTE" rsrp="-114" rsrq="-14"/>
        <radio op="I TIM" rat="LTE" rsrp="-112" rsrq="-18"/>
      </extensions>
    </trkpt>
    <trkpt lat="45.7496797" lon="10.7538687">
      <ele>130.7287599720005</ele>
      <time>2026-08-29T15:39:15.174+02:00</time>
      <extensions>
        <activity type="UNKNOWN" conf="40" state="unknown" tsMs="1788010755756"/>
        <radio op="vodafone IT" rat="LTE" rsrp="-104" rsrq="-14"/>
        <radio op="I TIM" rat="LTE" rsrp="-101" rsrq="-14"/>
      </extensions>
    </trkpt>
    <trkpt lat="45.7494379" lon="10.7543008">
      <ele>127.28863775932025</ele>
      <time>2026-08-29T15:39:25.174+02:00</time>
      <extensions>
        <activity type="UNKNOWN" conf="40" state="unknown" tsMs="1788010755756"/>
        <radio op="vodafone IT" rat="LTE" q="14.00" rsrp="-105" sinr="2" rsrq="-14"/>
        <radio op="I TIM" rat="LTE" rsrp="-102" rsrq="-15"/>
      </extensions>
    </trkpt>
    <trkpt lat="45.749296" lon="10.7547724">
      <ele>125.54840208608367</ele>
      <time>2026-08-29T15:39:35.174+02:00</time>
      <extensions>
        <activity type="UNKNOWN" conf="40" state="unknown" tsMs="1788010755756"/>
        <radio op="vodafone IT" rat="LTE" q="12.00" rsrp="-101" sinr="0" rsrq="-15"/>
        <radio op="I TIM" rat="LTE" rsrp="-102" rsrq="-15"/>
      </extensions>
    </trkpt>
    <trkpt lat="45.748975" lon="10.7554031">
      <ele>123.41710387098533</ele>
      <time>2026-08-29T15:39:46.173+02:00</time>
      <extensions>
        <activity type="UNKNOWN" conf="40" state="unknown" tsMs="1788010782875"/>
        <radio op="vodafone IT" rat="LTE" rsrp="-104" rsrq="-13"/>
        <radio op="I TIM" rat="LTE" rsrp="-100" rsrq="-15"/>
      </extensions>
    </trkpt>
    <trkpt lat="45.7486345" lon="10.7558809">
      <ele>122.48908051202507</ele>
      <time>2026-08-29T15:39:56.173+02:00</time>
      <extensions>
        <activity type="UNKNOWN" conf="40" state="unknown" tsMs="1788010793523"/>
        <radio op="vodafone IT" rat="LTE" q="12.00" rsrp="-101" sinr="0" rsrq="-13"/>
        <radio op="I TIM" rat="LTE" rsrp="-98" rsrq="-13"/>
      </extensions>
    </trkpt>
    <trkpt lat="45.748799" lon="10.7557832">
      <ele>121.56277631274924</ele>
      <time>2026-08-29T15:40:06.174+02:00</time>
      <extensions>
        <activity type="UNKNOWN" conf="40" state="unknown" tsMs="1788010804123"/>
        <radio op="vodafone IT" rat="LTE" rsrp="-112" rsrq="-15"/>
        <radio op="I TIM" rat="LTE" rsrp="-109" rsrq="-16"/>
      </extensions>
    </trkpt>
    <trkpt lat="45.7490378" lon="10.7551441">
      <ele>119.64842035262252</ele>
      <time>2026-08-29T15:40:16.174+02:00</time>
      <extensions>
        <activity type="UNKNOWN" conf="40" state="unknown" tsMs="1788010814658"/>
        <radio op="vodafone IT" rat="LTE" rsrp="-113" rsrq="-15"/>
        <radio op="I TIM" rat="LTE" rsrp="-111" rsrq="-18"/>
      </extensions>
    </trkpt>
    <trkpt lat="45.7491081" lon="10.7550817">
      <ele>117.85011663873537</ele>
      <time>2026-08-29T15:40:26.174+02:00</time>
      <extensions>
        <activity type="UNKNOWN" conf="40" state="unknown" tsMs="1788010825194"/>
        <radio op="vodafone IT" rat="LTE" rsrp="-102" rsrq="-15"/>
        <radio op="I TIM" rat="LTE" rsrp="-102" rsrq="-15"/>
      </extensions>
    </trkpt>
    <trkpt lat="45.7487392" lon="10.7556559">
      <ele>113.9894983224913</ele>
      <time>2026-08-29T15:40:36.174+02:00</time>
      <extensions>
        <activity type="UNKNOWN" conf="40" state="unknown" tsMs="1788010835840"/>
        <radio op="vodafone IT" rat="LTE" q="17.50" rsrp="-100" sinr="2" rsrq="-11"/>
        <radio op="I TIM" rat="LTE" rsrp="-99" rsrq="-16"/>
      </extensions>
    </trkpt>
    <trkpt lat="45.7484837" lon="10.7559874">
      <ele>114.37038046460367</ele>
      <time>2026-08-29T15:40:46.173+02:00</time>
      <extensions>
        <activity type="UNKNOWN" conf="40" state="unknown" tsMs="1788010846555"/>
        <radio op="vodafone IT" rat="LTE" rsrp="-111" rsrq="-13"/>
        <radio op="I TIM" rat="LTE" rsrp="-98" rsrq="-15"/>
      </extensions>
    </trkpt>
    <trkpt lat="45.7488383" lon="10.7555193">
      <ele>110.48650881800467</ele>
      <time>2026-08-29T15:40:57.174+02:00</time>
      <extensions>
        <activity type="UNKNOWN" conf="40" state="unknown" tsMs="1788010857041"/>
        <radio op="vodafone IT" rat="LTE" rsrp="-113" rsrq="-14"/>
        <radio op="I TIM" rat="LTE" rsrp="-111" rsrq="-18"/>
      </extensions>
    </trkpt>
    <trkpt lat="45.7491248" lon="10.754786">
      <ele>111.76058344294489</ele>
      <time>2026-08-29T15:41:07.174+02:00</time>
      <extensions>
        <activity type="UNKNOWN" conf="40" state="unknown" tsMs="1788010862399"/>
        <radio op="vodafone IT" rat="LTE" rsrp="-113" rsrq="-14"/>
        <radio op="I TIM" rat="LTE" rsrp="-109" rsrq="-16"/>
      </extensions>
    </trkpt>
    <trkpt lat="45.7493578" lon="10.7539274">
      <ele>110.56383219605762</ele>
      <time>2026-08-29T15:41:17.173+02:00</time>
      <extensions>
        <activity type="UNKNOWN" conf="40" state="unknown" tsMs="1788010873129"/>
        <radio op="vodafone IT" rat="LTE" q="5.50" rsrp="-114" sinr="0" rsrq="-16"/>
        <radio op="I TIM" rat="LTE" rsrp="-108" rsrq="-15"/>
      </extensions>
    </trkpt>
    <trkpt lat="45.7495252" lon="10.7531337">
      <ele>105.80094833405587</ele>
      <time>2026-08-29T15:41:27.173+02:00</time>
      <extensions>
        <activity type="IN_VEHICLE" conf="86" state="moving" tsMs="1788010883863"/>
        <radio op="vodafone IT" rat="LTE" rsrp="-112" rsrq="-13"/>
        <radio op="I TIM" rat="LTE" rsrp="-112" rsrq="-18"/>
      </extensions>
    </trkpt>
    <trkpt lat="45.7497563" lon="10.7524019">
      <ele>105.26581047764807</ele>
      <time>2026-08-29T15:41:37.174+02:00</time>
      <extensions>
        <activity type="UNKNOWN" conf="40" state="unknown" tsMs="1788010894607"/>
        <radio op="vodafone IT" rat="LTE" rsrp="-113" rsrq="-16"/>
        <radio op="I TIM" rat="LTE" rsrp="-110" rsrq="-16"/>
      </extensions>
    </trkpt>
    <trkpt lat="45.7499941" lon="10.7515509">
      <ele>102.50496573538277</ele>
      <time>2026-08-29T15:41:47.174+02:00</time>
      <extensions>
        <activity type="UNKNOWN" conf="40" state="unknown" tsMs="1788010905260"/>
        <radio op="vodafone IT" rat="LTE" rsrp="-113" rsrq="-17"/>
        <radio op="I TIM" rat="LTE" rsrp="-110" rsrq="-17"/>
      </extensions>
    </trkpt>
    <trkpt lat="45.7502294" lon="10.7506808">
      <ele>103.0707140411099</ele>
      <time>2026-08-29T15:41:57.174+02:00</time>
      <extensions>
        <activity type="UNKNOWN" conf="40" state="unknown" tsMs="1788010916042"/>
        <radio op="vodafone IT" rat="LTE" rsrp="-112" rsrq="-16"/>
        <radio op="I TIM" rat="LTE" rsrp="-109" rsrq="-17"/>
      </extensions>
    </trkpt>
    <trkpt lat="45.7503981" lon="10.7497682">
      <ele>100.75500005767388</ele>
      <time>2026-08-29T15:42:08.174+02:00</time>
      <extensions>
        <activity type="UNKNOWN" conf="40" state="unknown" tsMs="1788010926884"/>
        <radio op="vodafone IT" rat="LTE" rsrp="-114" rsrq="-16"/>
        <radio op="I TIM" rat="LTE" rsrp="-107" rsrq="-16"/>
      </extensions>
    </trkpt>
    <trkpt lat="45.7502763" lon="10.7502553">
      <ele>98.2833304361879</ele>
      <time>2026-08-29T15:42:18.174+02:00</time>
      <extensions>
        <activity type="UNKNOWN" conf="40" state="unknown" tsMs="1788010937685"/>
        <radio op="vodafone IT" rat="LTE" rsrp="-103" rsrq="-15"/>
        <radio op="I TIM" rat="LTE" rsrp="-105" rsrq="-16"/>
      </extensions>
    </trkpt>
    <trkpt lat="45.749863" lon="10.750949">
      <ele>99.93886043365308</ele>
      <time>2026-08-29T15:42:28.173+02:00</time>
      <extensions>
        <activity type="UNKNOWN" conf="40" state="unknown" tsMs="1788010948413"/>
        <radio op="vodafone IT" rat="LTE" rsrp="-105" rsrq="-15"/>
        <radio op="I TIM" rat="LTE" rsrp="-103" rsrq="-15"/>
      </extensions>
    </trkpt>
    <trkpt lat="45.7494332" lon="10.7515277">
      <ele>98.39992195637795</ele>
      <time>2026-08-29T15:42:38.174+02:00</time>
      <extensions>
        <activity type="UNKNOWN" conf="40" state="unknown" tsMs="1788010953826"/>
        <radio op="vodafone IT" rat="LTE" rsrp="-105" rsrq="-15"/>
        <radio op="I TIM" rat="LTE" rsrp="-103" rsrq="-15"/>
      </extensions>
    </trkpt>
    <trkpt lat="45.7490458" lon="10.7522091">
      <ele>97.56527208660908</ele>
      <time>2026-08-29T15:42:48.173+02:00</time>
      <extensions>
        <activity type="ON_BICYCLE" conf="82" state="moving" tsMs="1788010964674"/>
        <radio op="vodafone IT" rat="LTE" q="14.40" rsrp="-101" sinr="1" rsrq="-13"/>
        <radio op="I TIM" rat="LTE" rsrp="-101" rsrq="-15"/>
      </extensions>
    </trkpt>
    <trkpt lat="45.7485584" lon="10.7529196">
      <ele>99.71434466964307</ele>
      <time>2026-08-29T15:42:58.174+02:00</time>
      <extensions>
        <activity type="ON_BICYCLE" conf="90" state="moving" tsMs="1788010975466"/>
        <radio op="vodafone IT" rat="LTE" rsrp="-104" rsrq="-14"/>
        <radio op="I TIM" rat="LTE" rsrp="-100" rsrq="-14"/>
      </extensions>
    </trkpt>
    <trkpt lat="45.7480383" lon="10.7533615">
      <ele>97.2543239023441</ele>
      <time>2026-08-29T15:43:08.174+02:00</time>
      <extensions>
        <activity type="ON_BICYCLE" conf="87" state="moving" tsMs="1788010986237"/>
        <radio op="vodafone IT" rat="LTE" rsrp="-102" rsrq="-13"/>
        <radio op="I TIM" rat="LTE" rsrp="-101" rsrq="-17"/>
      </extensions>
    </trkpt>
    <trkpt lat="45.7474151" lon="10.7538643">
      <ele>97.24154484574473</ele>
      <time>2026-08-29T15:43:19.174+02:00</time>
      <extensions>
        <activity type="ON_BICYCLE" conf="97" state="moving" tsMs="1788010997050"/>
        <radio op="vodafone IT" rat="LTE" q="13.00" rsrp="-99" sinr="0" rsrq="-13"/>
        <radio op="I TIM" rat="LTE" rsrp="-99" rsrq="-15"/>
      </extensions>
    </trkpt>
    <trkpt lat="45.746937" lon="10.7542585">
      <ele>97.32624538774965</ele>
      <time>2026-08-29T15:43:29.173+02:00</time>
      <extensions>
        <activity type="ON_BICYCLE" conf="92" state="moving" tsMs="1788011007792"/>
        <radio op="vodafone IT" rat="LTE" q="26.10" rsrp="-96" sinr="4" rsrq="-12"/>
        <radio op="I TIM" rat="LTE" q="21.00" rsrp="-95" sinr="2" rsrq="-14"/>
      </extensions>
    </trkpt>
    <trkpt lat="45.7469688" lon="10.7542184">
      <ele>93.93493173757956</ele>
      <time>2026-08-29T15:43:39.173+02:00</time>
      <extensions>
        <activity type="ON_BICYCLE" conf="73" state="moving" tsMs="1788011017520"/>
        <radio op="vodafone IT" rat="LTE" rsrp="-113" rsrq="-16"/>
        <radio op="I TIM" rat="LTE" rsrp="-129" rsrq="-21"/>
      </extensions>
    </trkpt>
    <trkpt lat="45.7473346" lon="10.7539477">
      <ele>95.18702131353228</ele>
      <time>2026-08-29T15:43:49.174+02:00</time>
      <extensions>
        <activity type="UNKNOWN" conf="40" state="unknown" tsMs="1788011028094"/>
        <radio op="vodafone IT" rat="LTE" q="9.10" rsrp="-112" sinr="2" rsrq="-13"/>
        <radio op="I TIM" rat="LTE" rsrp="-114" rsrq="-16"/>
      </extensions>
    </trkpt>
    <trkpt lat="45.747667" lon="10.7535679">
      <ele>99.70270784970533</ele>
      <time>2026-08-29T15:43:59.174+02:00</time>
      <extensions>
        <activity type="UNKNOWN" conf="40" state="unknown" tsMs="1788011038525"/>
        <radio op="vodafone IT" rat="LTE" rsrp="-115" rsrq="-14"/>
        <radio op="I TIM" rat="LTE" rsrp="-110" rsrq="-15"/>
      </extensions>
    </trkpt>
    <trkpt lat="45.7479774" lon="10.7531822">
      <ele>101.50737187644275</ele>
      <time>2026-08-29T15:44:09.174+02:00</time>
      <extensions>
        <activity type="UNKNOWN" conf="40" state="unknown" tsMs="1788011049031"/>
        <radio op="vodafone IT" rat="LTE" rsrp="-105" rsrq="-13"/>
        <radio op="I TIM" rat="LTE" rsrp="-108" rsrq="-16"/>
      </extensions>
    </trkpt>
    <trkpt lat="45.7481986" lon="10.7529456">
      <ele>103.43547588219116</ele>
      <time>2026-08-29T15:44:19.174+02:00</time>
      <extensions>
        <activity type="UNKNOWN" conf="40" state="unknown" tsMs="1788011059541"/>
        <radio op="vodafone IT" rat="LTE" rsrp="-111" rsrq="-15"/>
        <radio op="I TIM" rat="LTE" rsrp="-110" rsrq="-15"/>
      </extensions>
    </trkpt>
    <trkpt lat="45.7482332" lon="10.7529484">
      <ele>101.80359238848928</ele>
      <time>2026-08-29T15:44:30.173+02:00</time>
      <extensions>
        <activity type="UNKNOWN" conf="40" state="unknown" tsMs="1788011068516"/>
        <radio op="vodafone IT" rat="LTE" rsrp="-113" rsrq="-18"/>
        <radio op="I TIM" rat="LTE" rsrp="-115" rsrq="-17"/>
      </extensions>
    </trkpt>
    <trkpt lat="45.7481282" lon="10.7532091">
      <ele>107.23056691053345</ele>
      <time>2026-08-29T15:44:40.219+02:00</time>
      <extensions>
        <activity type="ON_FOOT" conf="86" state="moving" tsMs="1788011079028"/>
        <radio op="vodafone IT" rat="LTE" rsrp="-110" rsrq="-16"/>
        <radio op="I TIM" rat="LTE" rsrp="-105" rsrq="-17"/>
      </extensions>
    </trkpt>
    <trkpt lat="45.7477372" lon="10.7540226">
      <ele>110.1516822125833</ele>
      <time>2026-08-29T15:44:50.174+02:00</time>
      <extensions>
        <activity type="ON_BICYCLE" conf="69" state="moving" tsMs="1788011089698"/>
        <radio op="vodafone IT" rat="LTE" rsrp="-105" rsrq="-14"/>
        <radio op="I TIM" rat="LTE" q="15.30" rsrp="-108" sinr="4" rsrq="-8"/>
      </extensions>
    </trkpt>
    <trkpt lat="45.7476266" lon="10.7543661">
      <ele>113.57910176787361</ele>
      <time>2026-08-29T15:45:00.174+02:00</time>
      <extensions>
        <activity type="UNKNOWN" conf="40" state="unknown" tsMs="1788011100425"/>
        <radio op="vodafone IT" rat="LTE" rsrp="-122" rsrq="-18"/>
        <radio op="I TIM" rat="LTE" rsrp="-114" rsrq="-15"/>
      </extensions>
    </trkpt>
    <trkpt lat="45.7477527" lon="10.7542924">
      <ele>113.33181814813567</ele>
      <time>2026-08-29T15:45:10.174+02:00</time>
      <extensions>
        <activity type="UNKNOWN" conf="40" state="unknown" tsMs="1788011110552"/>
        <radio op="vodafone IT" rat="LTE" rsrp="-118" rsrq="-17"/>
        <radio op="I TIM" rat="LTE" rsrp="-118" rsrq="-19"/>
      </extensions>
    </trkpt>
    <trkpt lat="45.7479309" lon="10.7540383">
      <ele>113.45574068467326</ele>
      <time>2026-08-29T15:45:20.174+02:00</time>
      <extensions>
        <activity type="UNKNOWN" conf="40" state="unknown" tsMs="1788011115810"/>
        <radio op="vodafone IT" rat="LTE" q="6.00" rsrp="-113" sinr="0" rsrq="-13"/>
        <radio op="I TIM" rat="LTE" rsrp="-110" rsrq="-16"/>
      </extensions>
    </trkpt>
    <trkpt lat="45.7482039" lon="10.7536939">
      <ele>115.5729053090275</ele>
      <time>2026-08-29T15:45:30.174+02:00</time>
      <extensions>
        <activity type="UNKNOWN" conf="40" state="unknown" tsMs="1788011126314"/>
        <radio op="vodafone IT" rat="LTE" rsrp="-109" rsrq="-14"/>
        <radio op="I TIM" rat="LTE" rsrp="-109" rsrq="-16"/>
      </extensions>
    </trkpt>
    <trkpt lat="45.7479524" lon="10.7542497">
      <ele>113.10985603301437</ele>
      <time>2026-08-29T15:45:40.174+02:00</time>
      <extensions>
        <activity type="ON_BICYCLE" conf="67" state="moving" tsMs="1788011136728"/>
        <radio op="vodafone IT" rat="LTE" rsrp="-104" rsrq="-13"/>
        <radio op="I TIM" rat="LTE" rsrp="-105" rsrq="-17"/>
      </extensions>
    </trkpt>
    <trkpt lat="45.7476228" lon="10.7546363">
      <ele>114.81410157468449</ele>
      <time>2026-08-29T15:45:51.174+02:00</time>
      <extensions>
        <activity type="ON_BICYCLE" conf="83" state="moving" tsMs="1788011147455"/>
        <radio op="vodafone IT" rat="LTE" rsrp="-115" rsrq="-16"/>
        <radio op="I TIM" rat="LTE" rsrp="-108" rsrq="-16"/>
      </extensions>
    </trkpt>
    <trkpt lat="45.7478352" lon="10.7544556">
      <ele>115.07329681219376</ele>
      <time>2026-08-29T15:46:01.174+02:00</time>
      <extensions>
        <activity type="UNKNOWN" conf="40" state="unknown" tsMs="1788011158181"/>
        <radio op="vodafone IT" rat="LTE" rsrp="-112" rsrq="-14"/>
        <radio op="I TIM" rat="LTE" rsrp="-111" rsrq="-16"/>
      </extensions>
    </trkpt>
    <trkpt lat="45.7481585" lon="10.7539349">
      <ele>112.95759434171198</ele>
      <time>2026-08-29T15:46:11.174+02:00</time>
      <extensions>
        <activity type="UNKNOWN" conf="40" state="unknown" tsMs="1788011168815"/>
        <radio op="vodafone IT" rat="LTE" q="9.50" rsrp="-106" sinr="0" rsrq="-14"/>
        <radio op="I TIM" rat="LTE" rsrp="-109" rsrq="-16"/>
      </extensions>
    </trkpt>
    <trkpt lat="45.7485081" lon="10.7534591">
      <ele>110.12214661371968</ele>
      <time>2026-08-29T15:46:21.174+02:00</time>
      <extensions>
        <activity type="UNKNOWN" conf="40" state="unknown" tsMs="1788011168815"/>
        <radio op="vodafone IT" rat="LTE" rsrp="-110" rsrq="-13"/>
        <radio op="I TIM" rat="LTE" rsrp="-111" rsrq="-17"/>
      </extensions>
    </trkpt>
    <trkpt lat="45.7487053" lon="10.7529098">
      <ele>112.06780971186777</ele>
      <time>2026-08-29T15:46:31.174+02:00</time>
      <extensions>
        <activity type="UNKNOWN" conf="40" state="unknown" tsMs="1788011173812"/>
        <radio op="vodafone IT" rat="LTE" rsrp="-109" rsrq="-15"/>
        <radio op="I TIM" rat="LTE" rsrp="-112" rsrq="-16"/>
      </extensions>
    </trkpt>
    <trkpt lat="45.7490261" lon="10.7523919">
      <ele>108.41749920164784</ele>
      <time>2026-08-29T15:46:41.174+02:00</time>
      <extensions>
        <activity type="UNKNOWN" conf="40" state="unknown" tsMs="1788011196812"/>
        <radio op="vodafone IT" rat="LTE" rsrp="-105" rsrq="-14"/>
        <radio op="I TIM" rat="LTE" rsrp="-110" rsrq="-17"/>
      </extensions>
    </trkpt>
    <trkpt lat="45.7493661" lon="10.7519569">
      <ele>109.80440732617718</ele>
      <time>2026-08-29T15:46:51.173+02:00</time>
      <extensions>
        <activity type="UNKNOWN" conf="40" state="unknown" tsMs="1788011207624"/>
        <radio op="vodafone IT" rat="LTE" rsrp="-112" rsrq="-16"/>
        <radio op="I TIM" rat="LTE" rsrp="-109" rsrq="-18"/>
      </extensions>
    </trkpt>
    <trkpt lat="45.7496254" lon="10.7513744">
      <ele>106.90539648855254</ele>
      <time>2026-08-29T15:47:02.174+02:00</time>
      <extensions>
        <activity type="UNKNOWN" conf="40" state="unknown" tsMs="1788011221252"/>
        <radio op="vodafone IT" rat="LTE" rsrp="-111" rsrq="-16"/>
        <radio op="I TIM" rat="LTE" q="7.50" rsrp="-110" sinr="0" rsrq="-15"/>
      </extensions>
    </trkpt>
    <trkpt lat="45.7498492" lon="10.7505999">
      <ele>106.67244266624591</ele>
      <time>2026-08-29T15:47:12.174+02:00</time>
      <extensions>
        <activity type="IN_VEHICLE" conf="81" state="moving" tsMs="1788011226664"/>
        <radio op="vodafone IT" rat="LTE" rsrp="-112" rsrq="-15"/>
        <radio op="I TIM" rat="LTE" rsrp="-108" rsrq="-16"/>
      </extensions>
    </trkpt>
    <trkpt lat="45.7500837" lon="10.7499086">
      <ele>105.42446017088912</ele>
      <time>2026-08-29T15:47:22.173+02:00</time>
      <extensions>
        <activity type="IN_VEHICLE" conf="81" state="moving" tsMs="1788011226664"/>
        <radio op="vodafone IT" rat="LTE" rsrp="-108" rsrq="-14"/>
        <radio op="I TIM" rat="LTE" rsrp="-106" rsrq="-15"/>
      </extensions>
    </trkpt>
    <trkpt lat="45.7501344" lon="10.750045">
      <ele>99.1042197488282</ele>
      <time>2026-08-29T15:47:32.174+02:00</time>
      <extensions>
        <activity type="UNKNOWN" conf="40" state="unknown" tsMs="1788011231029"/>
        <radio op="vodafone IT" rat="LTE" rsrp="-105" rsrq="-14"/>
        <radio op="I TIM" rat="LTE" rsrp="-104" rsrq="-15"/>
      </extensions>
    </trkpt>
    <trkpt lat="45.7501751" lon="10.7502527">
      <ele>98.90183212359933</ele>
      <time>2026-08-29T15:47:52.174+02:00</time>
      <extensions>
        <activity type="UNKNOWN" conf="40" state="unknown" tsMs="1788011270088"/>
        <radio op="vodafone IT" rat="LTE" q="7.80" rsrp="-112" sinr="1" rsrq="-15"/>
        <radio op="I TIM" rat="LTE" rsrp="-106" rsrq="-15"/>
      </extensions>
    </trkpt>
    <trkpt lat="45.7504501" lon="10.7497357">
      <ele>96.80424224219011</ele>
      <time>2026-08-29T15:48:02.173+02:00</time>
      <extensions>
        <activity type="UNKNOWN" conf="40" state="unknown" tsMs="1788011280531"/>
        <radio op="vodafone IT" rat="LTE" q="16.20" rsrp="-107" sinr="4" rsrq="-14"/>
        <radio op="I TIM" rat="LTE" rsrp="-104" rsrq="-14"/>
      </extensions>
    </trkpt>
    <trkpt lat="45.7502772" lon="10.7503747">
      <ele>96.12355197982762</ele>
      <time>2026-08-29T15:48:12.174+02:00</time>
      <extensions>
        <activity type="UNKNOWN" conf="40" state="unknown" tsMs="1788011291062"/>
        <radio op="vodafone IT" rat="LTE" rsrp="-106" rsrq="-15"/>
        <radio op="I TIM" rat="LTE" q="11.40" rsrp="-106" sinr="1" rsrq="-15"/>
      </extensions>
    </trkpt>
    <trkpt lat="45.7498234" lon="10.7512219">
      <ele>96.61277145094161</ele>
      <time>2026-08-29T15:48:23.174+02:00</time>
      <extensions>
        <activity type="UNKNOWN" conf="40" state="unknown" tsMs="1788011301846"/>
        <radio op="vodafone IT" rat="LTE" rsrp="-108" rsrq="-15"/>
        <radio op="I TIM" rat="LTE" rsrp="-107" rsrq="-16"/>
      </extensions>
    </trkpt>
    <trkpt lat="45.7494034" lon="10.7520131">
      <ele>95.37794273253392</ele>
      <time>2026-08-29T15:48:33.174+02:00</time>
      <extensions>
        <activity type="UNKNOWN" conf="40" state="unknown" tsMs="1788011312617"/>
        <radio op="vodafone IT" rat="LTE" rsrp="-108" rsrq="-14"/>
        <radio op="I TIM" rat="LTE" rsrp="-106" rsrq="-14"/>
      </extensions>
    </trkpt>
    <trkpt lat="45.749194" lon="10.7523756">
      <ele>98.97025592385282</ele>
      <time>2026-08-29T15:48:43.174+02:00</time>
      <extensions>
        <activity type="ON_BICYCLE" conf="79" state="moving" tsMs="1788011323437"/>
        <radio op="vodafone IT" rat="LTE" rsrp="-118" rsrq="-16"/>
        <radio op="I TIM" rat="LTE" rsrp="-114" rsrq="-17"/>
      </extensions>
    </trkpt>
    <trkpt lat="45.7494028" lon="10.7521899">
      <ele>94.47489475682404</ele>
      <time>2026-08-29T15:48:53.174+02:00</time>
      <extensions>
        <activity type="ON_BICYCLE" conf="79" state="moving" tsMs="1788011323437"/>
        <radio op="vodafone IT" rat="LTE" rsrp="-111" rsrq="-16"/>
        <radio op="I TIM" rat="LTE" rsrp="-111" rsrq="-17"/>
      </extensions>
    </trkpt>
    <trkpt lat="45.7495301" lon="10.7522747">
      <ele>95.38929457273338</ele>
      <time>2026-08-29T15:49:03.174+02:00</time>
      <extensions>
        <activity type="ON_BICYCLE" conf="79" state="moving" tsMs="1788011323437"/>
        <radio op="vodafone IT" rat="LTE" rsrp="-107" rsrq="-15"/>
        <radio op="I TIM" rat="LTE" rsrp="-107" rsrq="-17"/>
      </extensions>
    </trkpt>
    <trkpt lat="45.7491777" lon="10.753022">
      <ele>96.9956542572428</ele>
      <time>2026-08-29T15:49:13.174+02:00</time>
      <extensions>
        <activity type="UNKNOWN" conf="40" state="unknown" tsMs="1788011349908"/>
        <radio op="vodafone IT" rat="LTE" rsrp="-106" rsrq="-15"/>
        <radio op="I TIM" rat="LTE" rsrp="-105" rsrq="-17"/>
      </extensions>
    </trkpt>
    <trkpt lat="45.7487983" lon="10.7536799">
      <ele>97.1475074766206</ele>
      <time>2026-08-29T15:49:23.174+02:00</time>
      <extensions>
        <activity type="UNKNOWN" conf="40" state="unknown" tsMs="1788011360727"/>
        <radio op="vodafone IT" rat="LTE" rsrp="-104" rsrq="-15"/>
        <radio op="I TIM" rat="LTE" rsrp="-104" rsrq="-15"/>
      </extensions>
    </trkpt>
    <trkpt lat="45.7484642" lon="10.7544693">
      <ele>97.67506675617136</ele>
      <time>2026-08-29T15:49:34.174+02:00</time>
      <extensions>
        <activity type="UNKNOWN" conf="40" state="unknown" tsMs="1788011371597"/>
        <radio op="vodafone IT" rat="LTE" rsrp="-106" rsrq="-14"/>
        <radio op="I TIM" rat="LTE" rsrp="-105" rsrq="-18"/>
      </extensions>
    </trkpt>
    <trkpt lat="45.7481381" lon="10.755295">
      <ele>97.0999074388678</ele>
      <time>2026-08-29T15:49:44.173+02:00</time>
      <extensions>
        <activity type="ON_BICYCLE" conf="78" state="moving" tsMs="1788011382378"/>
        <radio op="vodafone IT" rat="LTE" rsrp="-102" rsrq="-14"/>
        <radio op="I TIM" rat="LTE" q="15.40" rsrp="-103" sinr="2" rsrq="-14"/>
      </extensions>
    </trkpt>
    <trkpt lat="45.7479723" lon="10.7557299">
      <ele>101.84645769307292</ele>
      <time>2026-08-29T15:49:54.174+02:00</time>
      <extensions>
        <activity type="UNKNOWN" conf="40" state="unknown" tsMs="1788011393038"/>
        <radio op="vodafone IT" rat="LTE" q="10.50" rsrp="-104" sinr="0" rsrq="-13"/>
        <radio op="I TIM" rat="LTE" rsrp="-105" rsrq="-15"/>
      </extensions>
    </trkpt>
    <trkpt lat="45.7477443" lon="10.7562399">
      <ele>98.49996747117657</ele>
      <time>2026-08-29T15:50:04.174+02:00</time>
      <extensions>
        <activity type="ON_BICYCLE" conf="72" state="moving" tsMs="1788011402800"/>
        <radio op="vodafone IT" rat="LTE" rsrp="-114" rsrq="-15"/>
        <radio op="I TIM" rat="LTE" rsrp="-106" rsrq="-17"/>
      </extensions>
    </trkpt>
    <trkpt lat="45.7479847" lon="10.7559158">
      <ele>95.25510264478454</ele>
      <time>2026-08-29T15:50:14.174+02:00</time>
      <extensions>
        <activity type="UNKNOWN" conf="40" state="unknown" tsMs="1788011408083"/>
        <radio op="vodafone IT" rat="LTE" rsrp="-113" rsrq="-14"/>
        <radio op="I TIM" rat="LTE" rsrp="-111" rsrq="-16"/>
      </extensions>
    </trkpt>
    <trkpt lat="45.7482838" lon="10.7554288">
      <ele>99.71465613738548</ele>
      <time>2026-08-29T15:50:24.173+02:00</time>
      <extensions>
        <activity type="IN_VEHICLE" conf="87" state="moving" tsMs="1788011422335"/>
        <radio op="vodafone IT" rat="LTE" rsrp="-108" rsrq="-14"/>
        <radio op="I TIM" rat="LTE" rsrp="-111" rsrq="-16"/>
      </extensions>
    </trkpt>
    <trkpt lat="45.7485575" lon="10.7548745">
      <ele>97.78953011466994</ele>
      <time>2026-08-29T15:50:34.173+02:00</time>
      <extensions>
        <activity type="UNKNOWN" conf="40" state="unknown" tsMs="1788011427733"/>
        <radio op="vodafone IT" rat="LTE" rsrp="-112" rsrq="-15"/>
        <radio op="I TIM" rat="LTE" rsrp="-112" rsrq="-16"/>
      </extensions>
    </trkpt>
    <trkpt lat="45.7489136" lon="10.7540495">
      <ele>102.96844338039794</ele>
      <time>2026-08-29T15:50:45.174+02:00</time>
      <extensions>
        <activity type="UNKNOWN" conf="40" state="unknown" tsMs="1788011427733"/>
        <radio op="vodafone IT" rat="LTE" q="7.50" rsrp="-110" sinr="0" rsrq="-14"/>
        <radio op="I TIM" rat="LTE" rsrp="-112" rsrq="-17"/>
      </extensions>
    </trkpt>
    <trkpt lat="45.7492841" lon="10.7532933">
      <ele>104.23424941860839</ele>
      <time>2026-08-29T15:50:55.174+02:00</time>
      <extensions>
        <activity type="UNKNOWN" conf="40" state="unknown" tsMs="1788011455250"/>
        <radio op="vodafone IT" rat="LTE" q="9.00" rsrp="-110" sinr="1" rsrq="-14"/>
        <radio op="I TIM" rat="LTE" q="6.00" rsrp="-113" sinr="0" rsrq="-17"/>
      </extensions>
    </trkpt>
    <trkpt lat="45.7493164" lon="10.7536455">
      <ele>99.84350338231668</ele>
      <time>2026-08-29T15:51:05.174+02:00</time>
      <extensions>
        <activity type="UNKNOWN" conf="40" state="unknown" tsMs="1788011460692"/>
        <radio op="vodafone IT" rat="LTE" rsrp="-106" rsrq="-16"/>
        <radio op="I TIM" rat="LTE" q="16.10" rsrp="-102" sinr="2" rsrq="-15"/>
      </extensions>
    </trkpt>
    <trkpt lat="45.7489577" lon="10.7543405">
      <ele>104.43479999082315</ele>
      <time>2026-08-29T15:51:15.174+02:00</time>
      <extensions>
        <activity type="UNKNOWN" conf="40" state="unknown" tsMs="1788011475616"/>
        <radio op="vodafone IT" rat="LTE" q="21.70" rsrp="-94" sinr="2" rsrq="-11"/>
        <radio op="I TIM" rat="LTE" rsrp="-100" rsrq="-14"/>
      </extensions>
    </trkpt>
    <trkpt lat="45.7487287" lon="10.7548782">
      <ele>99.95807964354178</ele>
      <time>2026-08-29T15:51:25.173+02:00</time>
      <extensions>
        <activity type="UNKNOWN" conf="40" state="unknown" tsMs="1788011481016"/>
        <radio op="vodafone IT" rat="LTE" q="12.00" rsrp="-101" sinr="0" rsrq="-15"/>
        <radio op="I TIM" rat="LTE" rsrp="-97" rsrq="-14"/>
      </extensions>
    </trkpt>
    <trkpt lat="45.7487407" lon="10.7551199">
      <ele>99.80500715610252</ele>
      <time>2026-08-29T15:51:35.172+02:00</time>
      <extensions>
        <activity type="UNKNOWN" conf="40" state="unknown" tsMs="1788011491639"/>
        <radio op="vodafone IT" rat="LTE" rsrp="-101" rsrq="-15"/>
        <radio op="I TIM" rat="LTE" rsrp="-100" rsrq="-15"/>
      </extensions>
    </trkpt>
    <trkpt lat="45.7490434" lon="10.7549391">
      <ele>102.45635866673153</ele>
      <time>2026-08-29T15:51:45.173+02:00</time>
      <extensions>
        <activity type="UNKNOWN" conf="40" state="unknown" tsMs="1788011502099"/>
        <radio op="vodafone IT" rat="LTE" rsrp="-110" rsrq="-14"/>
        <radio op="I TIM" rat="LTE" rsrp="-114" rsrq="-14"/>
      </extensions>
    </trkpt>
    <trkpt lat="45.7494113" lon="10.7543101">
      <ele>99.03434015649306</ele>
      <time>2026-08-29T15:51:55.173+02:00</time>
      <extensions>
        <activity type="IN_VEHICLE" conf="89" state="moving" tsMs="1788011512683"/>
        <radio op="vodafone IT" rat="LTE" rsrp="-107" rsrq="-14"/>
        <radio op="I TIM" rat="LTE" rsrp="-115" rsrq="-15"/>
      </extensions>
    </trkpt>
    <trkpt lat="45.7497993" lon="10.7535215">
      <ele>102.95939603506878</ele>
      <time>2026-08-29T15:52:06.172+02:00</time>
      <extensions>
        <activity type="UNKNOWN" conf="40" state="unknown" tsMs="1788011523432"/>
        <radio op="vodafone IT" rat="LTE" rsrp="-112" rsrq="-15"/>
        <radio op="I TIM" rat="LTE" rsrp="-112" rsrq="-14"/>
      </extensions>
    </trkpt>
    <trkpt lat="45.7501248" lon="10.7526909">
      <ele>97.51811760817407</ele>
      <time>2026-08-29T15:52:16.172+02:00</time>
      <extensions>
        <activity type="ON_BICYCLE" conf="86" state="moving" tsMs="1788011534157"/>
        <radio op="vodafone IT" rat="LTE" rsrp="-108" rsrq="-14"/>
        <radio op="I TIM" rat="LTE" q="8.40" rsrp="-111" sinr="1" rsrq="-11"/>
      </extensions>
    </trkpt>
    <trkpt lat="45.750384" lon="10.7518296">
      <ele>91.38088609459376</ele>
      <time>2026-08-29T15:52:26.173+02:00</time>
      <extensions>
        <activity type="UNKNOWN" conf="40" state="unknown" tsMs="1788011544924"/>
        <radio op="vodafone IT" rat="LTE" rsrp="-113" rsrq="-16"/>
        <radio op="I TIM" rat="LTE" rsrp="-111" rsrq="-12"/>
      </extensions>
    </trkpt>
    <trkpt lat="45.7504475" lon="10.751948">
      <ele>94.5979571264173</ele>
      <time>2026-08-29T15:52:36.173+02:00</time>
      <extensions>
        <activity type="ON_BICYCLE" conf="82" state="moving" tsMs="1788011555532"/>
        <radio op="vodafone IT" rat="LTE" q="13.30" rsrp="-106" sinr="2" rsrq="-14"/>
        <radio op="I TIM" rat="LTE" rsrp="-114" rsrq="-17"/>
      </extensions>
    </trkpt>
    <trkpt lat="45.7501915" lon="10.752696">
      <ele>93.10577394604499</ele>
      <time>2026-08-29T15:52:46.173+02:00</time>
      <extensions>
        <activity type="UNKNOWN" conf="40" state="unknown" tsMs="1788011566055"/>
        <radio op="vodafone IT" rat="LTE" rsrp="-105" rsrq="-15"/>
        <radio op="I TIM" rat="LTE" rsrp="-107" rsrq="-15"/>
      </extensions>
    </trkpt>
    <trkpt lat="45.749875" lon="10.7535388">
      <ele>97.25492069080528</ele>
      <time>2026-08-29T15:52:56.172+02:00</time>
      <extensions>
        <activity type="UNKNOWN" conf="40" state="unknown" tsMs="1788011576829"/>
        <radio op="vodafone IT" rat="LTE" rsrp="-108" rsrq="-14"/>
        <radio op="I TIM" rat="LTE" rsrp="-107" rsrq="-15"/>
      </extensions>
    </trkpt>
    <trkpt lat="45.7496592" lon="10.7539263">
      <ele>99.33986288306562</ele>
      <time>2026-08-29T15:53:06.173+02:00</time>
      <extensions>
        <activity type="ON_BICYCLE" conf="72" state="moving" tsMs="1788011582168"/>
        <radio op="vodafone IT" rat="LTE" rsrp="-117" rsrq="-17"/>
        <radio op="I TIM" rat="LTE" rsrp="-109" rsrq="-16"/>
      </extensions>
    </trkpt>
    <trkpt lat="45.7499851" lon="10.7534835">
      <ele>96.74219678826051</ele>
      <time>2026-08-29T15:53:16.173+02:00</time>
      <extensions>
        <activity type="UNKNOWN" conf="40" state="unknown" tsMs="1788011592766"/>
        <radio op="vodafone IT" rat="LTE" rsrp="-112" rsrq="-17"/>
        <radio op="I TIM" rat="LTE" rsrp="-108" rsrq="-15"/>
      </extensions>
    </trkpt>
    <trkpt lat="45.7503041" lon="10.7530161">
      <ele>95.99081084305044</ele>
      <time>2026-08-29T15:53:26.173+02:00</time>
      <extensions>
        <activity type="UNKNOWN" conf="40" state="unknown" tsMs="1788011602754"/>
        <radio op="vodafone IT" rat="LTE" rsrp="-110" rsrq="-16"/>
        <radio op="I TIM" rat="LTE" rsrp="-111" rsrq="-17"/>
      </extensions>
    </trkpt>
    <trkpt lat="45.7506852" lon="10.7521915">
      <ele>96.21458775201498</ele>
      <time>2026-08-29T15:53:37.172+02:00</time>
      <extensions>
        <activity type="UNKNOWN" conf="40" state="unknown" tsMs="1788011613422"/>
        <radio op="vodafone IT" rat="LTE" rsrp="-109" rsrq="-13"/>
        <radio op="I TIM" rat="LTE" rsrp="-111" rsrq="-17"/>
      </extensions>
    </trkpt>
    <trkpt lat="45.7509832" lon="10.7517304">
      <ele>96.61468421739885</ele>
      <time>2026-08-29T15:53:47.172+02:00</time>
      <extensions>
        <activity type="UNKNOWN" conf="40" state="unknown" tsMs="1788011624208"/>
        <radio op="vodafone IT" rat="LTE" rsrp="-111" rsrq="-15"/>
        <radio op="I TIM" rat="LTE" rsrp="-108" rsrq="-15"/>
      </extensions>
    </trkpt>
    <trkpt lat="45.7512611" lon="10.7510009">
      <ele>95.54879071149128</ele>
      <time>2026-08-29T15:53:57.172+02:00</time>
      <extensions>
        <activity type="UNKNOWN" conf="40" state="unknown" tsMs="1788011634820"/>
        <radio op="vodafone IT" rat="LTE" q="8.40" rsrp="-111" sinr="1" rsrq="-14"/>
        <radio op="I TIM" rat="LTE" rsrp="-111" rsrq="-18"/>
      </extensions>
    </trkpt>
    <trkpt lat="45.7513929" lon="10.7506014">
      <ele>95.99427917080288</ele>
      <time>2026-08-29T15:54:07.173+02:00</time>
      <extensions>
        <activity type="UNKNOWN" conf="40" state="unknown" tsMs="1788011645590"/>
        <radio op="vodafone IT" rat="LTE" rsrq="-26"/>
        <radio op="I TIM" rat="LTE" rsrp="-113" rsrq="-16"/>
      </extensions>
    </trkpt>
    <trkpt lat="45.7513929" lon="10.7506014">
      <ele>91.21524628804458</ele>
      <time>2026-08-29T15:54:17.173+02:00</time>
      <extensions>
        <activity type="UNKNOWN" conf="40" state="unknown" tsMs="1788011645590"/>
        <radio op="vodafone IT" rat="LTE" rsrp="-117" rsrq="-16"/>
        <radio op="I TIM" rat="LTE" rsrp="-122" rsrq="-16"/>
      </extensions>
    </trkpt>
    <trkpt lat="45.7514159" lon="10.7508629">
      <ele>97.69109337569489</ele>
      <time>2026-08-29T15:54:27.172+02:00</time>
      <extensions>
        <activity type="UNKNOWN" conf="40" state="unknown" tsMs="1788011650780"/>
        <radio op="vodafone IT" rat="LTE" rsrp="-123" rsrq="-20"/>
        <radio op="I TIM" rat="LTE" rsrp="-117" rsrq="-16"/>
      </extensions>
    </trkpt>
    <trkpt lat="45.7514573" lon="10.750916">
      <ele>101.16396202094433</ele>
      <time>2026-08-29T15:54:37.173+02:00</time>
      <extensions>
        <activity type="UNKNOWN" conf="40" state="unknown" tsMs="1788011650780"/>
        <radio op="vodafone IT" rat="LTE" rsrp="-122" rsrq="-16"/>
        <radio op="I TIM" rat="LTE" rsrp="-125" rsrq="-17"/>
      </extensions>
    </trkpt>
    <trkpt lat="45.7514357" lon="10.751258">
      <ele>102.69843962270805</ele>
      <time>2026-08-29T15:54:48.173+02:00</time>
      <extensions>
        <activity type="UNKNOWN" conf="40" state="unknown" tsMs="1788011666790"/>
        <radio op="vodafone IT" rat="LTE" rsrp="-116" rsrq="-17"/>
        <radio op="I TIM" rat="LTE" rsrp="-110" rsrq="-17"/>
      </extensions>
    </trkpt>
    <trkpt lat="45.7508512" lon="10.7526537">
      <ele>103.37950860634244</ele>
      <time>2026-08-29T15:55:08.173+02:00</time>
      <extensions>
        <activity type="UNKNOWN" conf="40" state="unknown" tsMs="1788011707283"/>
        <radio op="vodafone IT" rat="LTE" rsrp="-106" rsrq="-15"/>
        <radio op="I TIM" rat="LTE" rsrp="-108" rsrq="-18"/>
      </extensions>
    </trkpt>
    <trkpt lat="45.7503832" lon="10.7533839">
      <ele>107.29382147851332</ele>
      <time>2026-08-29T15:55:18.172+02:00</time>
      <extensions>
        <activity type="ON_BICYCLE" conf="80" state="moving" tsMs="1788011718118"/>
        <radio op="vodafone IT" rat="LTE" q="9.00" rsrp="-107" sinr="0" rsrq="-13"/>
        <radio op="I TIM" rat="LTE" rsrp="-107" rsrq="-15"/>
      </extensions>
    </trkpt>
    <trkpt lat="45.7499272" lon="10.7540751">
      <ele>108.33496492512292</ele>
      <time>2026-08-29T15:55:28.173+02:00</time>
      <extensions>
        <activity type="ON_BICYCLE" conf="86" state="moving" tsMs="1788011723535"/>
        <radio op="vodafone IT" rat="LTE" rsrp="-109" rsrq="-14"/>
        <radio op="I TIM" rat="LTE" rsrp="-106" rsrq="-16"/>
      </extensions>
    </trkpt>
    <trkpt lat="45.7495123" lon="10.7547362">
      <ele>108.71228470594812</ele>
      <time>2026-08-29T15:55:38.172+02:00</time>
      <extensions>
        <activity type="UNKNOWN" conf="40" state="unknown" tsMs="1788011734310"/>
        <radio op="vodafone IT" rat="LTE" q="14.00" rsrp="-105" sinr="2" rsrq="-13"/>
        <radio op="I TIM" rat="LTE" q="9.50" rsrp="-106" sinr="0" rsrq="-15"/>
      </extensions>
    </trkpt>
    <trkpt lat="45.7491695" lon="10.7552917">
      <ele>108.85329419621625</ele>
      <time>2026-08-29T15:55:48.173+02:00</time>
      <extensions>
        <activity type="UNKNOWN" conf="40" state="unknown" tsMs="1788011745104"/>
        <radio op="vodafone IT" rat="LTE" rsrp="-107" rsrq="-14"/>
        <radio op="I TIM" rat="LTE" rsrp="-108" rsrq="-16"/>
      </extensions>
    </trkpt>
    <trkpt lat="45.7488585" lon="10.7560011">
      <ele>107.57481273955489</ele>
      <time>2026-08-29T15:55:58.172+02:00</time>
      <extensions>
        <activity type="UNKNOWN" conf="40" state="unknown" tsMs="1788011755899"/>
        <radio op="vodafone IT" rat="LTE" rsrp="-104" rsrq="-15"/>
        <radio op="I TIM" rat="LTE" rsrp="-106" rsrq="-15"/>
      </extensions>
    </trkpt>
    <trkpt lat="45.748518" lon="10.7566262">
      <ele>110.77642864673967</ele>
      <time>2026-08-29T15:56:08.172+02:00</time>
      <extensions>
        <activity type="UNKNOWN" conf="40" state="unknown" tsMs="1788011766708"/>
        <radio op="vodafone IT" rat="LTE" rsrp="-115" rsrq="-18"/>
        <radio op="I TIM" rat="LTE" q="10.80" rsrp="-107" sinr="1" rsrq="-16"/>
      </extensions>
    </trkpt>
    <trkpt lat="45.7488863" lon="10.7559541">
      <ele>108.15248244850235</ele>
      <time>2026-08-29T15:56:19.172+02:00</time>
      <extensions>
        <activity type="UNKNOWN" conf="40" state="unknown" tsMs="1788011777568"/>
        <radio op="vodafone IT" rat="LTE" rsrp="-106" rsrq="-13"/>
        <radio op="I TIM" rat="LTE" rsrp="-111" rsrq="-16"/>
      </extensions>
    </trkpt>
    <trkpt lat="45.7491387" lon="10.755182">
      <ele>109.33498757534463</ele>
      <time>2026-08-29T15:56:29.173+02:00</time>
      <extensions>
        <activity type="UNKNOWN" conf="40" state="unknown" tsMs="1788011788362"/>
        <radio op="vodafone IT" rat="LTE" rsrp="-112" rsrq="-14"/>
        <radio op="I TIM" rat="LTE" rsrp="-111" rsrq="-16"/>
      </extensions>
    </trkpt>
    <trkpt lat="45.7494427" lon="10.7544038">
      <ele>107.93580517876335</ele>
      <time>2026-08-29T15:56:39.172+02:00</time>
      <extensions>
        <activity type="UNKNOWN" conf="40" state="unknown" tsMs="1788011799189"/>
        <radio op="vodafone IT" rat="LTE" rsrp="-107" rsrq="-14"/>
        <radio op="I TIM" rat="LTE" rsrp="-112" rsrq="-15"/>
      </extensions>
    </trkpt>
    <trkpt lat="45.7497096" lon="10.7536266">
      <ele>106.7765552473221</ele>
      <time>2026-08-29T15:56:49.173+02:00</time>
      <extensions>
        <activity type="UNKNOWN" conf="40" state="unknown" tsMs="1788011804600"/>
        <radio op="vodafone IT" rat="LTE" rsrp="-112" rsrq="-15"/>
        <radio op="I TIM" rat="LTE" rsrp="-112" rsrq="-16"/>
      </extensions>
    </trkpt>
    <trkpt lat="45.7499111" lon="10.7530017">
      <ele>106.9527090343253</ele>
      <time>2026-08-29T15:56:59.173+02:00</time>
      <extensions>
        <activity type="UNKNOWN" conf="40" state="unknown" tsMs="1788011815437"/>
        <radio op="vodafone IT" rat="LTE" rsrp="-113" rsrq="-16"/>
        <radio op="I TIM" rat="LTE" rsrp="-113" rsrq="-18"/>
      </extensions>
    </trkpt>
    <trkpt lat="45.7499228" lon="10.7531894">
      <ele>103.40876900285113</ele>
      <time>2026-08-29T15:57:09.173+02:00</time>
      <extensions>
        <activity type="UNKNOWN" conf="40" state="unknown" tsMs="1788011826110"/>
        <radio op="vodafone IT" rat="LTE" rsrp="-105" rsrq="-15"/>
        <radio op="I TIM" rat="LTE" rsrp="-103" rsrq="-16"/>
      </extensions>
    </trkpt>
    <trkpt lat="45.7495016" lon="10.7539026">
      <ele>104.72444702944813</ele>
      <time>2026-08-29T15:57:19.172+02:00</time>
      <extensions>
        <activity type="UNKNOWN" conf="40" state="unknown" tsMs="1788011836793"/>
        <radio op="vodafone IT" rat="LTE" rsrp="-105" rsrq="-13"/>
        <radio op="I TIM" rat="LTE" rsrp="-103" rsrq="-15"/>
      </extensions>
    </trkpt>
    <trkpt lat="45.7492404" lon="10.7545159">
      <ele>104.65173453853983</ele>
      <time>2026-08-29T15:57:30.173+02:00</time>
      <extensions>
        <activity type="UNKNOWN" conf="40" state="unknown" tsMs="1788011847608"/>
        <radio op="vodafone IT" rat="LTE" rsrp="-105" rsrq="-15"/>
        <radio op="I TIM" rat="LTE" rsrp="-104" rsrq="-13"/>
      </extensions>
    </trkpt>
    <trkpt lat="45.7488691" lon="10.7553061">
      <ele>105.73970839952221</ele>
      <time>2026-08-29T15:57:40.173+02:00</time>
      <extensions>
        <activity type="UNKNOWN" conf="40" state="unknown" tsMs="1788011857930"/>
        <radio op="vodafone IT" rat="LTE" q="9.00" rsrp="-107" sinr="0" rsrq="-15"/>
        <radio op="I TIM" rat="LTE" rsrp="-105" rsrq="-17"/>
      </extensions>
    </trkpt>
    <trkpt lat="45.7487503" lon="10.755478">
      <ele>101.48325891168255</ele>
      <time>2026-08-29T15:57:50.172+02:00</time>
      <extensions>
        <activity type="UNKNOWN" conf="40" state="unknown" tsMs="1788011868216"/>
        <radio op="vodafone IT" rat="LTE" rsrp="-134" rsrq="-21"/>
        <radio op="I TIM" rat="LTE" rsrp="-124" rsrq="-16"/>
      </extensions>
    </trkpt>
    <trkpt lat="45.7487617" lon="10.7558567">
      <ele>107.09787991517004</ele>
      <time>2026-08-29T15:58:00.172+02:00</time>
      <extensions>
        <activity type="UNKNOWN" conf="40" state="unknown" tsMs="1788011868216"/>
        <radio op="vodafone IT" rat="LTE" rsrp="-105" rsrq="-13"/>
        <radio op="I TIM" rat="LTE" rsrp="-106" rsrq="-17"/>
      </extensions>
    </trkpt>
    <trkpt lat="45.7487621" lon="10.756069">
      <ele>111.99227243829097</ele>
      <time>2026-08-29T15:58:10.173+02:00</time>
      <extensions>
        <activity type="UNKNOWN" conf="40" state="unknown" tsMs="1788011872791"/>
        <radio op="vodafone IT" rat="LTE" q="11.00" rsrp="-103" sinr="0" rsrq="-13"/>
        <radio op="I TIM" rat="LTE" rsrp="-103" rsrq="-14"/>
      </extensions>
    </trkpt>
    <trkpt lat="45.7486151" lon="10.7564697">
      <ele>111.62646886499931</ele>
      <time>2026-08-29T15:58:20.173+02:00</time>
      <extensions>
        <activity type="UNKNOWN" conf="40" state="unknown" tsMs="1788011872791"/>
        <radio op="vodafone IT" rat="LTE" rsrp="-105" rsrq="-13"/>
        <radio op="I TIM" rat="LTE" rsrp="-105" rsrq="-13"/>
      </extensions>
    </trkpt>
    <trkpt lat="45.7488416" lon="10.7562726">
      <ele>113.58026352296976</ele>
      <time>2026-08-29T15:58:30.173+02:00</time>
      <extensions>
        <activity type="UNKNOWN" conf="40" state="unknown" tsMs="1788011892934"/>
        <radio op="vodafone IT" rat="LTE" rsrp="-115" rsrq="-16"/>
        <radio op="I TIM" rat="LTE" rsrp="-115" rsrq="-19"/>
      </extensions>
    </trkpt>
    <trkpt lat="45.7491204" lon="10.7557214">
      <ele>113.04611339694296</ele>
      <time>2026-08-29T15:58:40.172+02:00</time>
      <extensions>
        <activity type="UNKNOWN" conf="40" state="unknown" tsMs="1788011892934"/>
        <radio op="vodafone IT" rat="LTE" rsrp="-112" rsrq="-14"/>
        <radio op="I TIM" rat="LTE" rsrp="-113" rsrq="-17"/>
      </extensions>
    </trkpt>
    <trkpt lat="45.7494282" lon="10.7550453">
      <ele>113.4113279820781</ele>
      <time>2026-08-29T15:58:51.173+02:00</time>
      <extensions>
        <activity type="IN_VEHICLE" conf="93" state="moving" tsMs="1788011913039"/>
        <radio op="vodafone IT" rat="LTE" rsrp="-111" rsrq="-14"/>
        <radio op="I TIM" rat="LTE" rsrp="-109" rsrq="-15"/>
      </extensions>
    </trkpt>
    <trkpt lat="45.7497436" lon="10.7543186">
      <ele>111.45203466218338</ele>
      <time>2026-08-29T15:59:01.173+02:00</time>
      <extensions>
        <activity type="UNKNOWN" conf="40" state="unknown" tsMs="1788011940821"/>
        <radio op="vodafone IT" rat="LTE" rsrp="-112" rsrq="-16"/>
        <radio op="I TIM" rat="LTE" rsrp="-110" rsrq="-16"/>
      </extensions>
    </trkpt>
    <trkpt lat="45.749994" lon="10.7539029">
      <ele>109.8360543548406</ele>
      <time>2026-08-29T15:59:11.172+02:00</time>
      <extensions>
        <activity type="UNKNOWN" conf="40" state="unknown" tsMs="1788011951422"/>
        <radio op="vodafone IT" rat="LTE" rsrp="-113" rsrq="-17"/>
        <radio op="I TIM" rat="LTE" rsrp="-112" rsrq="-16"/>
      </extensions>
    </trkpt>
    <trkpt lat="45.7502685" lon="10.7534336">
      <ele>106.06723065363052</ele>
      <time>2026-08-29T15:59:21.173+02:00</time>
      <extensions>
        <activity type="UNKNOWN" conf="40" state="unknown" tsMs="1788011956693"/>
        <radio op="vodafone IT" rat="LTE" rsrp="-113" rsrq="-16"/>
        <radio op="I TIM" rat="LTE" rsrp="-112" rsrq="-18"/>
      </extensions>
    </trkpt>
    <trkpt lat="45.7506167" lon="10.7529226">
      <ele>107.36803586254491</ele>
      <time>2026-08-29T15:59:31.173+02:00</time>
      <extensions>
        <activity type="UNKNOWN" conf="40" state="unknown" tsMs="1788011956693"/>
        <radio op="vodafone IT" rat="LTE" rsrp="-110" rsrq="-16"/>
        <radio op="I TIM" rat="LTE" rsrp="-112" rsrq="-16"/>
      </extensions>
    </trkpt>
    <trkpt lat="45.7508977" lon="10.7522712">
      <ele>109.46783302719797</ele>
      <time>2026-08-29T15:59:41.173+02:00</time>
      <extensions>
        <activity type="UNKNOWN" conf="40" state="unknown" tsMs="1788011960816"/>
        <radio op="vodafone IT" rat="LTE" q="6.50" rsrp="-112" sinr="0" rsrq="-15"/>
        <radio op="I TIM" rat="LTE" rsrp="-112" rsrq="-16"/>
      </extensions>
    </trkpt>
    <trkpt lat="45.7511692" lon="10.7516651">
      <ele>109.59626398840132</ele>
      <time>2026-08-29T15:59:51.173+02:00</time>
      <extensions>
        <activity type="UNKNOWN" conf="40" state="unknown" tsMs="1788011988572"/>
        <radio op="vodafone IT" rat="LTE" q="7.80" rsrp="-112" sinr="1" rsrq="-13"/>
        <radio op="I TIM" rat="LTE" rsrp="-114" rsrq="-13"/>
      </extensions>
    </trkpt>
    <trkpt lat="45.7513982" lon="10.7510966">
      <ele>109.36952794764322</ele>
      <time>2026-08-29T16:00:01.172+02:00</time>
      <extensions>
        <activity type="UNKNOWN" conf="40" state="unknown" tsMs="1788011999290"/>
        <radio op="vodafone IT" rat="LTE" rsrp="-110" rsrq="-15"/>
        <radio op="I TIM" rat="LTE" rsrp="-109" rsrq="-16"/>
      </extensions>
    </trkpt>
    <trkpt lat="45.7515731" lon="10.7509173">
      <ele>98.96160406778543</ele>
      <time>2026-08-29T16:00:12.173+02:00</time>
      <extensions>
        <activity type="UNKNOWN" conf="40" state="unknown" tsMs="1788012008431"/>
        <radio op="vodafone IT" rat="LTE" rsrp="-106" rsrq="-15"/>
        <radio op="I TIM" rat="LTE" rsrp="-111" rsrq="-18"/>
      </extensions>
    </trkpt>
    <trkpt lat="45.7512486" lon="10.7516175">
      <ele>95.3902196219008</ele>
      <time>2026-08-29T16:00:22.173+02:00</time>
      <extensions>
        <activity type="UNKNOWN" conf="40" state="unknown" tsMs="1788012018993"/>
        <radio op="vodafone IT" rat="LTE" rsrp="-103" rsrq="-14"/>
        <radio op="I TIM" rat="LTE" rsrp="-105" rsrq="-17"/>
      </extensions>
    </trkpt>
    <trkpt lat="45.7510059" lon="10.7521773">
      <ele>96.80037302694329</ele>
      <time>2026-08-29T16:00:32.173+02:00</time>
      <extensions>
        <activity type="UNKNOWN" conf="40" state="unknown" tsMs="1788012029791"/>
        <radio op="vodafone IT" rat="LTE" rsrp="-101" rsrq="-14"/>
        <radio op="I TIM" rat="LTE" rsrp="-105" rsrq="-17"/>
      </extensions>
    </trkpt>
    <trkpt lat="45.7506814" lon="10.7529106">
      <ele>97.30211956370768</ele>
      <time>2026-08-29T16:00:42.172+02:00</time>
      <extensions>
        <activity type="UNKNOWN" conf="40" state="unknown" tsMs="1788012040521"/>
        <radio op="vodafone IT" rat="LTE" rsrp="-105" rsrq="-14"/>
        <radio op="I TIM" rat="LTE" rsrp="-104" rsrq="-17"/>
      </extensions>
    </trkpt>
    <trkpt lat="45.7502767" lon="10.7535598">
      <ele>99.16153693274916</ele>
      <time>2026-08-29T16:00:52.173+02:00</time>
      <extensions>
        <activity type="UNKNOWN" conf="40" state="unknown" tsMs="1788012051326"/>
        <radio op="vodafone IT" rat="LTE" rsrp="-101" rsrq="-14"/>
        <radio op="I TIM" rat="LTE" rsrp="-103" rsrq="-17"/>
      </extensions>
    </trkpt>
    <trkpt lat="45.7500232" lon="10.7541099">
      <ele>98.58482545760445</ele>
      <time>2026-08-29T16:01:02.173+02:00</time>
      <extensions>
        <activity type="UNKNOWN" conf="40" state="unknown" tsMs="1788012062147"/>
        <radio op="vodafone IT" rat="LTE" rsrp="-102" rsrq="-15"/>
        <radio op="I TIM" rat="LTE" q="11.50" rsrp="-102" sinr="0" rsrq="-15"/>
      </extensions>
    </trkpt>
    <trkpt lat="45.7498477" lon="10.7546572">
      <ele>100.3249458725652</ele>
      <time>2026-08-29T16:01:12.172+02:00</time>
      <extensions>
        <activity type="UNKNOWN" conf="40" state="unknown" tsMs="1788012072862"/>
        <radio op="vodafone IT" rat="LTE" rsrp="-107" rsrq="-15"/>
        <radio op="I TIM" rat="LTE" rsrp="-101" rsrq="-15"/>
      </extensions>
    </trkpt>
    <trkpt lat="45.7498393" lon="10.7549303">
      <ele>98.18644851401748</ele>
      <time>2026-08-29T16:01:23.172+02:00</time>
      <extensions>
        <activity type="UNKNOWN" conf="40" state="unknown" tsMs="1788012072862"/>
        <radio op="vodafone IT" rat="LTE" rsrp="-112" rsrq="-14"/>
        <radio op="I TIM" rat="LTE" rsrp="-111" rsrq="-14"/>
      </extensions>
    </trkpt>
    <trkpt lat="45.7500769" lon="10.7545278">
      <ele>98.13764981784041</ele>
      <time>2026-08-29T16:01:33.172+02:00</time>
      <extensions>
        <activity type="UNKNOWN" conf="40" state="unknown" tsMs="1788012072862"/>
        <radio op="vodafone IT" rat="LTE" q="9.00" rsrp="-110" sinr="1" rsrq="-14"/>
        <radio op="I TIM" rat="LTE" q="7.80" rsrp="-112" sinr="1" rsrq="-11"/>
      </extensions>
    </trkpt>
    <trkpt lat="45.750342" lon="10.7540642">
      <ele>99.65356956079512</ele>
      <time>2026-08-29T16:01:43.173+02:00</time>
      <extensions>
        <activity type="UNKNOWN" conf="40" state="unknown" tsMs="1788012078845"/>
        <radio op="vodafone IT" rat="LTE" q="11.20" rsrp="-111" sinr="3" rsrq="-14"/>
        <radio op="I TIM" rat="LTE" rsrp="-111" rsrq="-16"/>
      </extensions>
    </trkpt>
    <trkpt lat="45.7508651" lon="10.7527989">
      <ele>96.34872124785926</ele>
      <time>2026-08-29T16:02:03.173+02:00</time>
      <extensions>
        <activity type="UNKNOWN" conf="40" state="unknown" tsMs="1788012121250"/>
        <radio op="vodafone IT" rat="LTE" rsrp="-114" rsrq="-18"/>
        <radio op="I TIM" rat="LTE" rsrp="-110" rsrq="-15"/>
      </extensions>
    </trkpt>
    <trkpt lat="45.751115" lon="10.752161">
      <ele>95.21193925832387</ele>
      <time>2026-08-29T16:02:13.173+02:00</time>
      <extensions>
        <activity type="IN_VEHICLE" conf="88" state="moving" tsMs="1788012132082"/>
        <radio op="vodafone IT" rat="LTE" rsrp="-110" rsrq="-13"/>
        <radio op="I TIM" rat="LTE" rsrp="-110" rsrq="-17"/>
      </extensions>
    </trkpt>
    <trkpt lat="45.7513603" lon="10.7516029">
      <ele>96.20238753816535</ele>
      <time>2026-08-29T16:02:23.172+02:00</time>
      <extensions>
        <activity type="IN_VEHICLE" conf="86" state="moving" tsMs="1788012142878"/>
        <radio op="vodafone IT" rat="LTE" rsrp="-110" rsrq="-16"/>
        <radio op="I TIM" rat="LTE" rsrp="-111" rsrq="-17"/>
      </extensions>
    </trkpt>
    <trkpt lat="45.7515889" lon="10.7510139">
      <ele>95.69823607318538</ele>
      <time>2026-08-29T16:02:33.173+02:00</time>
      <extensions>
        <activity type="UNKNOWN" conf="40" state="unknown" tsMs="1788012153533"/>
        <radio op="vodafone IT" rat="LTE" q="7.80" rsrp="-112" sinr="1" rsrq="-16"/>
        <radio op="I TIM" rat="LTE" rsrp="-110" rsrq="-17"/>
      </extensions>
    </trkpt>
    <trkpt lat="45.7515561" lon="10.7511749">
      <ele>93.01603224775857</ele>
      <time>2026-08-29T16:02:44.173+02:00</time>
      <extensions>
        <activity type="UNKNOWN" conf="40" state="unknown" tsMs="1788012153533"/>
        <radio op="vodafone IT" rat="LTE" rsrp="-106" rsrq="-14"/>
        <radio op="I TIM" rat="LTE" rsrp="-109" rsrq="-17"/>
      </extensions>
    </trkpt>
    <trkpt lat="45.7513353" lon="10.7517931">
      <ele>95.18542659035575</ele>
      <time>2026-08-29T16:02:54.172+02:00</time>
      <extensions>
        <activity type="UNKNOWN" conf="40" state="unknown" tsMs="1788012159763"/>
        <radio op="vodafone IT" rat="LTE" rsrp="-106" rsrq="-15"/>
        <radio op="I TIM" rat="LTE" rsrp="-108" rsrq="-18"/>
      </extensions>
    </trkpt>
    <trkpt lat="45.7509972" lon="10.7525208">
      <ele>94.05195703652902</ele>
      <time>2026-08-29T16:03:04.173+02:00</time>
      <extensions>
        <activity type="UNKNOWN" conf="40" state="unknown" tsMs="1788012184425"/>
        <radio op="vodafone IT" rat="LTE" q="10.50" rsrp="-110" sinr="2" rsrq="-13"/>
        <radio op="I TIM" rat="LTE" rsrp="-106" rsrq="-18"/>
      </extensions>
    </trkpt>
    <trkpt lat="45.7507021" lon="10.7532129">
      <ele>92.67075883506661</ele>
      <time>2026-08-29T16:03:14.173+02:00</time>
      <extensions>
        <activity type="UNKNOWN" conf="40" state="unknown" tsMs="1788012189744"/>
        <radio op="vodafone IT" rat="LTE" q="11.90" rsrp="-108" sinr="2" rsrq="-12"/>
        <radio op="I TIM" rat="LTE" rsrp="-104" rsrq="-17"/>
      </extensions>
    </trkpt>
    <trkpt lat="45.7504121" lon="10.7539349">
      <ele>93.24520096367806</ele>
      <time>2026-08-29T16:03:24.172+02:00</time>
      <extensions>
        <activity type="UNKNOWN" conf="40" state="unknown" tsMs="1788012200542"/>
        <radio op="vodafone IT" rat="LTE" rsrp="-110" rsrq="-18"/>
        <radio op="I TIM" rat="LTE" rsrp="-105" rsrq="-18"/>
      </extensions>
    </trkpt>
    <trkpt lat="45.7505636" lon="10.753841">
      <ele>94.41465158162643</ele>
      <time>2026-08-29T16:03:34.173+02:00</time>
      <extensions>
        <activity type="ON_BICYCLE" conf="78" state="moving" tsMs="1788012211235"/>
        <radio op="vodafone IT" rat="LTE" rsrp="-102" rsrq="-13"/>
        <radio op="I TIM" rat="LTE" rsrp="-111" rsrq="-15"/>
      </extensions>
    </trkpt>
    <trkpt lat="45.7508643" lon="10.7534923">
      <ele>95.53653154060491</ele>
      <time>2026-08-29T16:03:44.173+02:00</time>
      <extensions>
        <activity type="UNKNOWN" conf="40" state="unknown" tsMs="1788012221864"/>
        <radio op="vodafone IT" rat="LTE" rsrp="-109" rsrq="-14"/>
        <radio op="I TIM" rat="LTE" rsrp="-114" rsrq="-19"/>
      </extensions>
    </trkpt>
    <trkpt lat="45.7511837" lon="10.7529251">
      <ele>95.62631720605106</ele>
      <time>2026-08-29T16:03:54.173+02:00</time>
      <extensions>
        <activity type="ON_BICYCLE" conf="97" state="moving" tsMs="1788012232601"/>
        <radio op="vodafone IT" rat="LTE" q="5.50" rsrp="-114" sinr="0" rsrq="-15"/>
        <radio op="I TIM" rat="LTE" rsrp="-125" rsrq="-13"/>
      </extensions>
    </trkpt>
    <trkpt lat="45.751153" lon="10.7531814">
      <ele>94.34374750076738</ele>
      <time>2026-08-29T16:04:04.172+02:00</time>
      <extensions>
        <activity type="UNKNOWN" conf="40" state="unknown" tsMs="1788012243702"/>
        <radio op="vodafone IT" rat="LTE" rsrp="-125" rsrq="-18"/>
        <radio op="I TIM" rat="LTE" rsrp="-107" rsrq="-16"/>
      </extensions>
    </trkpt>
    <trkpt lat="45.7509601" lon="10.7537642">
      <ele>94.10743547984237</ele>
      <time>2026-08-29T16:04:14.173+02:00</time>
      <extensions>
        <activity type="UNKNOWN" conf="40" state="unknown" tsMs="1788012248985"/>
        <radio op="vodafone IT" rat="LTE" q="11.50" rsrp="-102" sinr="0" rsrq="-12"/>
        <radio op="I TIM" rat="LTE" rsrp="-105" rsrq="-16"/>
      </extensions>
    </trkpt>
    <trkpt lat="45.7506524" lon="10.7545543">
      <ele>95.98649782382103</ele>
      <time>2026-08-29T16:04:25.173+02:00</time>
      <extensions>
        <activity type="UNKNOWN" conf="40" state="unknown" tsMs="1788012248985"/>
        <radio op="vodafone IT" rat="LTE" rsrp="-108" rsrq="-16"/>
        <radio op="I TIM" rat="LTE" rsrp="-104" rsrq="-8"/>
      </extensions>
    </trkpt>
    <trkpt lat="45.7502334" lon="10.7553045">
      <ele>99.25466451991542</ele>
      <time>2026-08-29T16:04:35.172+02:00</time>
      <extensions>
        <activity type="ON_BICYCLE" conf="82" state="moving" tsMs="1788012275147"/>
        <radio op="vodafone IT" rat="LTE" q="9.00" rsrp="-110" sinr="1" rsrq="-14"/>
        <radio op="I TIM" rat="LTE" q="9.50" rsrp="-106" sinr="0" rsrq="-14"/>
      </extensions>
    </trkpt>
    <trkpt lat="45.7499337" lon="10.755987">
      <ele>96.72404432389655</ele>
      <time>2026-08-29T16:04:45.173+02:00</time>
      <extensions>
        <activity type="ON_BICYCLE" conf="88" state="moving" tsMs="1788012280585"/>
        <radio op="vodafone IT" rat="LTE" rsrp="-113" rsrq="-16"/>
        <radio op="I TIM" rat="LTE" rsrp="-107" rsrq="-16"/>
      </extensions>
    </trkpt>
    <trkpt lat="45.7499161" lon="10.7561934">
      <ele>97.2291088333744</ele>
      <time>2026-08-29T16:04:55.173+02:00</time>
      <extensions>
        <activity type="UNKNOWN" conf="40" state="unknown" tsMs="1788012291235"/>
        <radio op="vodafone IT" rat="LTE" rsrp="-107" rsrq="-15"/>
        <radio op="I TIM" rat="LTE" rsrp="-111" rsrq="-10"/>
      </extensions>
    </trkpt>
    <trkpt lat="45.7497006" lon="10.7568571">
      <ele>100.11473435333508</ele>
      <time>2026-08-29T16:05:05.172+02:00</time>
      <extensions>
        <activity type="UNKNOWN" conf="40" state="unknown" tsMs="1788012301761"/>
        <radio op="vodafone IT" rat="LTE" rsrp="-106" rsrq="-14"/>
        <radio op="I TIM" rat="LTE" rsrp="-106" rsrq="-17"/>
      </extensions>
    </trkpt>
    <trkpt lat="45.7493098" lon="10.7574695">
      <ele>103.27096617667661</ele>
      <time>2026-08-29T16:05:15.173+02:00</time>
      <extensions>
        <activity type="ON_BICYCLE" conf="99" state="moving" tsMs="1788012312458"/>
        <radio op="vodafone IT" rat="LTE" rsrp="-102" rsrq="-14"/>
        <radio op="I TIM" rat="LTE" rsrp="-104" rsrq="-18"/>
      </extensions>
    </trkpt>
    <trkpt lat="45.7491202" lon="10.7579888">
      <ele>104.14800057717815</ele>
      <time>2026-08-29T16:05:26.173+02:00</time>
      <extensions>
        <activity type="UNKNOWN" conf="40" state="unknown" tsMs="1788012323227"/>
        <radio op="vodafone IT" rat="LTE" rsrp="-111" rsrq="-18"/>
        <radio op="I TIM" rat="LTE" rsrp="-105" rsrq="-16"/>
      </extensions>
    </trkpt>
    <trkpt lat="45.749432" lon="10.7576521">
      <ele>106.2784656783042</ele>
      <time>2026-08-29T16:05:36.172+02:00</time>
      <extensions>
        <activity type="UNKNOWN" conf="40" state="unknown" tsMs="1788012333867"/>
        <radio op="vodafone IT" rat="LTE" q="12.00" rsrp="-110" sinr="3" rsrq="-12"/>
        <radio op="I TIM" rat="LTE" rsrp="-112" rsrq="-17"/>
      </extensions>
    </trkpt>
    <trkpt lat="45.7497428" lon="10.7569582">
      <ele>107.1980760194992</ele>
      <time>2026-08-29T16:05:46.173+02:00</time>
      <extensions>
        <activity type="UNKNOWN" conf="40" state="unknown" tsMs="1788012344538"/>
        <radio op="vodafone IT" rat="LTE" q="13.30" rsrp="-106" sinr="2" rsrq="-11"/>
        <radio op="I TIM" rat="LTE" rsrp="-113" rsrq="-17"/>
      </extensions>
    </trkpt>
    <trkpt lat="45.7500246" lon="10.7563218">
      <ele>109.0</ele>
      <time>2026-08-29T16:05:56.173+02:00</time>
      <extensions>
        <activity type="UNKNOWN" conf="40" state="unknown" tsMs="1788012355308"/>
        <radio op="vodafone IT" rat="LTE" rsrp="-115" rsrq="-16"/>
        <radio op="I TIM" rat="LTE" rsrp="-111" rsrq="-15"/>
      </extensions>
    </trkpt>
    <trkpt lat="45.7501386" lon="10.7561763">
      <ele>108.74769150298837</ele>
      <time>2026-08-29T16:06:02.259+02:00</time>
      <extensions>
        <activity type="TILTING" conf="100" state="moving" tsMs="1788012366120"/>
        <radio op="vodafone IT" rat="LTE" rsrq="-27"/>
        <radio op="I TIM" rat="LTE" rsrp="-128" rsrq="-21"/>
      </extensions>
    </trkpt>
    <trkpt lat="45.7501386" lon="10.7561763">
      <ele>93.21271013858416</ele>
      <time>2026-08-29T16:06:07.978+02:00</time>
      <extensions>
        <activity type="TILTING" conf="100" state="moving" tsMs="1788012366120"/>
        <radio op="vodafone IT" rat="LTE" rsrp="-107" rsrq="-13"/>
        <radio op="I TIM" rat="LTE" rsrp="-108" rsrq="-16"/>
      </extensions>
    </trkpt>
    <trkpt lat="45.7501386" lon="10.7561763">
      <ele>124.77504721156627</ele>
      <time>2026-08-29T16:06:22.534+02:00</time>
      <extensions>
        <activity type="ON_BICYCLE" conf="63" state="moving" tsMs="1788012382733"/>
        <radio op="vodafone IT" rat="LTE" rsrp="-101" rsrq="-16"/>
        <radio op="I TIM" rat="LTE" rsrp="-107" rsrq="-19"/>
      </extensions>
    </trkpt>
    <trkpt lat="45.7501386" lon="10.7561763">
      <ele>130.24128657684597</ele>
      <time>2026-08-29T16:06:34.826+02:00</time>
      <extensions>
        <activity type="UNKNOWN" conf="40" state="unknown" tsMs="1788012387891"/>
        <radio op="vodafone IT" rat="LTE" rsrp="-109" rsrq="-13"/>
        <radio op="I TIM" rat="LTE" rsrp="-105" rsrq="-16"/>
      </extensions>
    </trkpt>
    <trkpt lat="45.7497328" lon="10.7575213">
      <ele>131.97423689697519</ele>
      <time>2026-08-29T16:06:47.173+02:00</time>
      <extensions>
        <activity type="ON_BICYCLE" conf="84" state="moving" tsMs="1788012393445"/>
        <radio op="vodafone IT" rat="LTE" rsrp="-108" rsrq="-12"/>
        <radio op="I TIM" rat="LTE" rsrp="-113" rsrq="-18"/>
      </extensions>
    </trkpt>
    <trkpt lat="45.7500173" lon="10.756973">
      <ele>133.98459970134854</ele>
      <time>2026-08-29T16:06:57.173+02:00</time>
      <extensions>
        <activity type="UNKNOWN" conf="40" state="unknown" tsMs="1788012416111"/>
        <radio op="vodafone IT" rat="LTE" q="10.50" rsrp="-110" sinr="2" rsrq="-15"/>
        <radio op="I TIM" rat="LTE" rsrp="-112" rsrq="-18"/>
      </extensions>
    </trkpt>
    <trkpt lat="45.7503369" lon="10.7564731">
      <ele>133.12052644897622</ele>
      <time>2026-08-29T16:07:07.173+02:00</time>
      <extensions>
        <activity type="UNKNOWN" conf="40" state="unknown" tsMs="1788012421505"/>
        <radio op="vodafone IT" rat="LTE" rsrp="-113" rsrq="-15"/>
        <radio op="I TIM" rat="LTE" rsrp="-110" rsrq="-16"/>
      </extensions>
    </trkpt>
    <trkpt lat="45.7506851" lon="10.7558922">
      <ele>132.77600599295124</ele>
      <time>2026-08-29T16:07:17.173+02:00</time>
      <extensions>
        <activity type="UNKNOWN" conf="40" state="unknown" tsMs="1788012421505"/>
        <radio op="vodafone IT" rat="LTE" rsrp="-117" rsrq="-16"/>
        <radio op="I TIM" rat="LTE" rsrp="-113" rsrq="-18"/>
      </extensions>
    </trkpt>
    <trkpt lat="45.7507663" lon="10.7561331">
      <ele>112.5553963380215</ele>
      <time>2026-08-29T16:07:27.173+02:00</time>
      <extensions>
        <activity type="UNKNOWN" conf="40" state="unknown" tsMs="1788012427851"/>
        <radio op="vodafone IT" rat="LTE" rsrp="-123" rsrq="-16"/>
        <radio op="I TIM" rat="LTE" rsrp="-131" rsrq="-20"/>
      </extensions>
    </trkpt>
    <trkpt lat="45.7506137" lon="10.7563613">
      <ele>133.2746916380757</ele>
      <time>2026-08-29T16:07:37.173+02:00</time>
      <extensions>
        <activity type="UNKNOWN" conf="40" state="unknown" tsMs="1788012427851"/>
        <radio op="vodafone IT" rat="LTE" q="9.60" rsrp="-109" sinr="1" rsrq="-13"/>
        <radio op="I TIM" rat="LTE" rsrp="-107" rsrq="-19"/>
      </extensions>
    </trkpt>
    <trkpt lat="45.7502719" lon="10.7570183">
      <ele>138.09664104104007</ele>
      <time>2026-08-29T16:07:47.173+02:00</time>
      <extensions>
        <activity type="UNKNOWN" conf="40" state="unknown" tsMs="1788012448066"/>
        <radio op="vodafone IT" rat="LTE" rsrp="-107" rsrq="-14"/>
        <radio op="I TIM" rat="LTE" rsrp="-101" rsrq="-15"/>
      </extensions>
    </trkpt>
    <trkpt lat="45.7499454" lon="10.7575831">
      <ele>139.4170245334663</ele>
      <time>2026-08-29T16:07:57.173+02:00</time>
      <extensions>
        <activity type="UNKNOWN" conf="40" state="unknown" tsMs="1788012474590"/>
        <radio op="vodafone IT" rat="LTE" rsrp="-120" rsrq="-17"/>
        <radio op="I TIM" rat="LTE" rsrp="-108" rsrq="-17"/>
      </extensions>
    </trkpt>
    <trkpt lat="45.7501378" lon="10.7574394">
      <ele>127.17964666787609</ele>
      <time>2026-08-29T16:08:07.173+02:00</time>
      <extensions>
        <activity type="ON_BICYCLE" conf="90" state="moving" tsMs="1788012485143"/>
        <radio op="vodafone IT" rat="LTE" rsrp="-112" rsrq="-15"/>
        <radio op="I TIM" rat="LTE" rsrp="-114" rsrq="-17"/>
      </extensions>
    </trkpt>
    <trkpt lat="45.7503943" lon="10.7571527">
      <ele>126.97632097565445</ele>
      <time>2026-08-29T16:08:18.173+02:00</time>
      <extensions>
        <activity type="UNKNOWN" conf="40" state="unknown" tsMs="1788012495617"/>
        <radio op="vodafone IT" rat="LTE" q="7.20" rsrp="-113" sinr="1" rsrq="-14"/>
        <radio op="I TIM" rat="LTE" rsrp="-111" rsrq="-17"/>
      </extensions>
    </trkpt>
    <trkpt lat="45.7506501" lon="10.7565755">
      <ele>130.39650445043975</ele>
      <time>2026-08-29T16:08:28.172+02:00</time>
      <extensions>
        <activity type="IN_VEHICLE" conf="86" state="moving" tsMs="1788012507523"/>
        <radio op="vodafone IT" rat="LTE" q="7.80" rsrp="-112" sinr="1" rsrq="-14"/>
        <radio op="I TIM" rat="LTE" rsrp="-112" rsrq="-17"/>
      </extensions>
    </trkpt>
    <trkpt lat="45.7509043" lon="10.7561197">
      <ele>134.94395211136919</ele>
      <time>2026-08-29T16:08:38.172+02:00</time>
      <extensions>
        <activity type="UNKNOWN" conf="40" state="unknown" tsMs="1788012518055"/>
        <radio op="vodafone IT" rat="LTE" q="5.50" rsrp="-114" sinr="0" rsrq="-14"/>
        <radio op="I TIM" rat="LTE" rsrp="-112" rsrq="-18"/>
      </extensions>
    </trkpt>
    <trkpt lat="45.7511969" lon="10.7556897">
      <ele>139.58244999625197</ele>
      <time>2026-08-29T16:08:48.173+02:00</time>
      <extensions>
        <activity type="UNKNOWN" conf="40" state="unknown" tsMs="1788012528690"/>
        <radio op="vodafone IT" rat="LTE" rsrp="-112" rsrq="-13"/>
        <radio op="I TIM" rat="LTE" rsrp="-112" rsrq="-17"/>
      </extensions>
    </trkpt>
    <trkpt lat="45.751489" lon="10.7552429">
      <ele>140.0623230493318</ele>
      <time>2026-08-29T16:08:58.173+02:00</time>
      <extensions>
        <activity type="UNKNOWN" conf="40" state="unknown" tsMs="1788012533915"/>
        <radio op="vodafone IT" rat="LTE" q="8.00" rsrp="-109" sinr="0" rsrq="-14"/>
        <radio op="I TIM" rat="LTE" rsrp="-112" rsrq="-17"/>
      </extensions>
    </trkpt>
    <trkpt lat="45.7518327" lon="10.7546315">
      <ele>140.54542858713035</ele>
      <time>2026-08-29T16:09:08.173+02:00</time>
      <extensions>
        <activity type="UNKNOWN" conf="40" state="unknown" tsMs="1788012544567"/>
        <radio op="vodafone IT" rat="LTE" rsrp="-107" rsrq="-14"/>
        <radio op="I TIM" rat="LTE" rsrp="-111" rsrq="-16"/>
      </extensions>
    </trkpt>
    <trkpt lat="45.7521409" lon="10.7540814">
      <ele>141.6923572534214</ele>
      <time>2026-08-29T16:09:18.172+02:00</time>
      <extensions>
        <activity type="UNKNOWN" conf="40" state="unknown" tsMs="1788012555337"/>
        <radio op="vodafone IT" rat="LTE" q="8.50" rsrp="-108" sinr="0" rsrq="-12"/>
        <radio op="I TIM" rat="LTE" rsrp="-110" rsrq="-16"/>
      </extensions>
    </trkpt>
    <trkpt lat="45.7524232" lon="10.7536198">
      <ele>139.2664468121796</ele>
      <time>2026-08-29T16:09:28.173+02:00</time>
      <extensions>
        <activity type="UNKNOWN" conf="40" state="unknown" tsMs="1788012565990"/>
        <radio op="vodafone IT" rat="LTE" rsrp="-107" rsrq="-14"/>
        <radio op="I TIM" rat="LTE" rsrp="-111" rsrq="-17"/>
      </extensions>
    </trkpt>
    <trkpt lat="45.7527971" lon="10.7530895">
      <ele>139.58064292789672</ele>
      <time>2026-08-29T16:09:38.172+02:00</time>
      <extensions>
        <activity type="UNKNOWN" conf="40" state="unknown" tsMs="1788012576773"/>
        <radio op="vodafone IT" rat="LTE" rsrp="-112" rsrq="-14"/>
        <radio op="I TIM" rat="LTE" rsrp="-111" rsrq="-17"/>
      </extensions>
    </trkpt>
    <trkpt lat="45.7530744" lon="10.7527133">
      <ele>137.9159387759463</ele>
      <time>2026-08-29T16:09:49.173+02:00</time>
      <extensions>
        <activity type="UNKNOWN" conf="40" state="unknown" tsMs="1788012587480"/>
        <radio op="vodafone IT" rat="LTE" rsrp="-110" rsrq="-14"/>
        <radio op="I TIM" rat="LTE" rsrp="-110" rsrq="-16"/>
      </extensions>
    </trkpt>
    <trkpt lat="45.7533123" lon="10.7523366">
      <ele>136.47163051189665</ele>
      <time>2026-08-29T16:09:59.173+02:00</time>
      <extensions>
        <activity type="UNKNOWN" conf="40" state="unknown" tsMs="1788012597973"/>
        <radio op="vodafone IT" rat="LTE" rsrp="-111" rsrq="-15"/>
        <radio op="I TIM" rat="LTE" rsrp="-110" rsrq="-16"/>
      </extensions>
    </trkpt>
    <trkpt lat="45.7535308" lon="10.7519575">
      <ele>135.6167232904536</ele>
      <time>2026-08-29T16:10:09.173+02:00</time>
      <extensions>
        <activity type="UNKNOWN" conf="40" state="unknown" tsMs="1788012608485"/>
        <radio op="vodafone IT" rat="LTE" rsrp="-111" rsrq="-15"/>
        <radio op="I TIM" rat="LTE" rsrp="-110" rsrq="-16"/>
      </extensions>
    </trkpt>
    <trkpt lat="45.7536189" lon="10.7518004">
      <ele>135.10418480599904</ele>
      <time>2026-08-29T16:10:19.172+02:00</time>
      <extensions>
        <activity type="TILTING" conf="100" state="moving" tsMs="1788012616733"/>
        <radio op="vodafone IT" rat="LTE" rsrq="-26"/>
        <radio op="I TIM" rat="LTE" rsrp="-120" rsrq="-19"/>
      </extensions>
    </trkpt>
    <trkpt lat="45.7536189" lon="10.7518004">
      <ele>74.40227334051878</ele>
      <time>2026-08-29T16:10:26.971+02:00</time>
      <extensions>
        <activity type="TILTING" conf="100" state="moving" tsMs="1788012616733"/>
        <radio op="vodafone IT" rat="LTE" q="0.00" rsrp="-139" sinr="9" rsrq="-24"/>
        <radio op="I TIM" rat="LTE" rsrp="-126" rsrq="-20"/>
      </extensions>
    </trkpt>
    <trkpt lat="45.7536189" lon="10.7518004">
      <ele>147.9864696161967</ele>
      <time>2026-08-29T16:10:55.541+02:00</time>
      <extensions>
        <activity type="UNKNOWN" conf="40" state="unknown" tsMs="1788012655271"/>
        <radio op="vodafone IT" rat="LTE" rsrp="-113" rsrq="-16"/>
        <radio op="I TIM" rat="LTE" rsrp="-119" rsrq="-16"/>
      </extensions>
    </trkpt>
    <trkpt lat="45.7536331" lon="10.7517088">
      <ele>149.92036755148348</ele>
      <time>2026-08-29T16:11:10.173+02:00</time>
      <extensions>
        <activity type="UNKNOWN" conf="40" state="unknown" tsMs="1788012659169"/>
        <radio op="vodafone IT" rat="LTE" q="6.00" rsrp="-113" sinr="0" rsrq="-16"/>
        <radio op="I TIM" rat="LTE" rsrp="-121" rsrq="-17"/>
      </extensions>
    </trkpt>
    <trkpt lat="45.7536565" lon="10.7517425">
      <ele>151.72770820083713</ele>
      <time>2026-08-29T16:11:20.173+02:00</time>
      <extensions>
        <activity type="UNKNOWN" conf="40" state="unknown" tsMs="1788012659169"/>
        <radio op="vodafone IT" rat="LTE" rsrp="-113" rsrq="-15"/>
        <radio op="I TIM" rat="LTE" rsrp="-118" rsrq="-19"/>
      </extensions>
    </trkpt>
    <trkpt lat="45.7536792" lon="10.7516748">
      <ele>146.00605105701078</ele>
      <time>2026-08-29T16:11:30.172+02:00</time>
      <extensions>
        <activity type="ON_BICYCLE" conf="73" state="moving" tsMs="1788012674787"/>
        <radio op="vodafone IT" rat="LTE" rsrp="-113" rsrq="-15"/>
        <radio op="I TIM" rat="LTE" rsrp="-115" rsrq="-18"/>
      </extensions>
    </trkpt>
    <trkpt lat="45.7536792" lon="10.7516748">
      <ele>152.3789434765334</ele>
      <time>2026-08-29T16:11:40.172+02:00</time>
      <extensions>
        <activity type="ON_BICYCLE" conf="73" state="moving" tsMs="1788012674787"/>
        <radio op="vodafone IT" rat="LTE" rsrp="-111" rsrq="-14"/>
        <radio op="I TIM" rat="LTE" rsrp="-114" rsrq="-17"/>
      </extensions>
    </trkpt>
    <trkpt lat="45.7536792" lon="10.7516748">
      <ele>148.439698907312</ele>
      <time>2026-08-29T16:11:50.172+02:00</time>
      <extensions>
        <activity type="UNKNOWN" conf="40" state="unknown" tsMs="1788012691208"/>
        <radio op="vodafone IT" rat="LTE" q="9.80" rsrp="-111" sinr="2" rsrq="-13"/>
        <radio op="I TIM" rat="LTE" rsrp="-116" rsrq="-17"/>
      </extensions>
    </trkpt>
    <trkpt lat="45.7536792" lon="10.7516748">
      <ele>146.88611204458024</ele>
      <time>2026-08-29T16:12:00.172+02:00</time>
      <extensions>
        <activity type="UNKNOWN" conf="40" state="unknown" tsMs="1788012707590"/>
        <radio op="vodafone IT" rat="LTE" rsrp="-114" rsrq="-15"/>
        <radio op="I TIM" rat="LTE" rsrp="-114" rsrq="-16"/>
      </extensions>
    </trkpt>
    <trkpt lat="45.7536792" lon="10.7516748">
      <ele>149.68208991345597</ele>
      <time>2026-08-29T16:12:10.173+02:00</time>
      <extensions>
        <activity type="UNKNOWN" conf="40" state="unknown" tsMs="1788012707590"/>
        <radio op="vodafone IT" rat="LTE" rsrp="-110" rsrq="-14"/>
        <radio op="I TIM" rat="LTE" rsrp="-113" rsrq="-16"/>
      </extensions>
    </trkpt>
    <trkpt lat="45.7536792" lon="10.7516748">
      <ele>143.42418662195718</ele>
      <time>2026-08-29T16:12:21.173+02:00</time>
      <extensions>
        <activity type="UNKNOWN" conf="40" state="unknown" tsMs="1788012723149"/>
        <radio op="vodafone IT" rat="LTE" q="9.00" rsrp="-110" sinr="1" rsrq="-14"/>
        <radio op="I TIM" rat="LTE" rsrp="-113" rsrq="-17"/>
      </extensions>
    </trkpt>
    <trkpt lat="45.7536792" lon="10.7516748">
      <ele>142.63492330902506</ele>
      <time>2026-08-29T16:12:31.172+02:00</time>
      <extensions>
        <activity type="UNKNOWN" conf="40" state="unknown" tsMs="1788012738663"/>
        <radio op="vodafone IT" rat="LTE" q="5.00" rsrp="-115" sinr="0" rsrq="-15"/>
        <radio op="I TIM" rat="LTE" rsrp="-113" rsrq="-15"/>
      </extensions>
    </trkpt>
    <trkpt lat="45.7536792" lon="10.7516748">
      <ele>144.23707487721106</ele>
      <time>2026-08-29T16:12:41.173+02:00</time>
      <extensions>
        <activity type="UNKNOWN" conf="40" state="unknown" tsMs="1788012738663"/>
        <radio op="vodafone IT" rat="LTE" rsrp="-111" rsrq="-15"/>
        <radio op="I TIM" rat="LTE" rsrp="-106" rsrq="-15"/>
      </extensions>
    </trkpt>
    <trkpt lat="45.7536792" lon="10.7516748">
      <ele>137.76474087045005</ele>
      <time>2026-08-29T16:12:51.173+02:00</time>
      <extensions>
        <activity type="UNKNOWN" conf="40" state="unknown" tsMs="1788012754964"/>
        <radio op="vodafone IT" rat="LTE" rsrp="-111" rsrq="-14"/>
        <radio op="I TIM" rat="LTE" rsrp="-112" rsrq="-16"/>
      </extensions>
    </trkpt>
    <trkpt lat="45.7536792" lon="10.7516748">
      <ele>143.67370981947244</ele>
      <time>2026-08-29T16:13:01.172+02:00</time>
      <extensions>
        <activity type="UNKNOWN" conf="40" state="unknown" tsMs="1788012754964"/>
        <radio op="vodafone IT" rat="LTE" q="9.00" rsrp="-110" sinr="1" rsrq="-13"/>
        <radio op="I TIM" rat="LTE" rsrp="-110" rsrq="-15"/>
      </extensions>
    </trkpt>
    <trkpt lat="45.7536792" lon="10.7516748">
      <ele>135.64616454685086</ele>
      <time>2026-08-29T16:13:11.172+02:00</time>
      <extensions>
        <activity type="UNKNOWN" conf="40" state="unknown" tsMs="1788012771792"/>
        <radio op="vodafone IT" rat="LTE" rsrp="-114" rsrq="-15"/>
        <radio op="I TIM" rat="LTE" rsrp="-113" rsrq="-16"/>
      </extensions>
    </trkpt>
    <trkpt lat="45.7536792" lon="10.7516748">
      <ele>134.221854505167</ele>
      <time>2026-08-29T16:13:21.173+02:00</time>
      <extensions>
        <activity type="UNKNOWN" conf="40" state="unknown" tsMs="1788012788578"/>
        <radio op="vodafone IT" rat="LTE" rsrp="-112" rsrq="-15"/>
        <radio op="I TIM" rat="LTE" rsrp="-110" rsrq="-16"/>
      </extensions>
    </trkpt>
    <trkpt lat="45.7536792" lon="10.7516748">
      <ele>133.33790210808684</ele>
      <time>2026-08-29T16:13:31.172+02:00</time>
      <extensions>
        <activity type="UNKNOWN" conf="40" state="unknown" tsMs="1788012788578"/>
        <radio op="vodafone IT" rat="LTE" q="14.00" rsrp="-105" sinr="2" rsrq="-13"/>
        <radio op="I TIM" rat="LTE" rsrp="-109" rsrq="-16"/>
      </extensions>
    </trkpt>
    <trkpt lat="45.7536792" lon="10.7516748">
      <ele>132.0518824733374</ele>
      <time>2026-08-29T16:13:42.172+02:00</time>
      <extensions>
        <activity type="UNKNOWN" conf="40" state="unknown" tsMs="1788012805185"/>
        <radio op="vodafone IT" rat="LTE" rsrp="-103" rsrq="-14"/>
        <radio op="I TIM" rat="LTE" rsrp="-107" rsrq="-15"/>
      </extensions>
    </trkpt>
    <trkpt lat="45.7536792" lon="10.7516748">
      <ele>132.42788028939978</ele>
      <time>2026-08-29T16:13:52.173+02:00</time>
      <extensions>
        <activity type="UNKNOWN" conf="40" state="unknown" tsMs="1788012805185"/>
        <radio op="vodafone IT" rat="LTE" rsrp="-109" rsrq="-14"/>
        <radio op="I TIM" rat="LTE" rsrp="-107" rsrq="-17"/>
      </extensions>
    </trkpt>
    <trkpt lat="45.7536792" lon="10.7516748">
      <ele>127.02336112709972</ele>
      <time>2026-08-29T16:14:02.171+02:00</time>
      <extensions>
        <activity type="UNKNOWN" conf="40" state="unknown" tsMs="1788012821982"/>
        <radio op="vodafone IT" rat="LTE" q="12.00" rsrp="-105" sinr="1" rsrq="-13"/>
        <radio op="I TIM" rat="LTE" q="10.80" rsrp="-107" sinr="1" rsrq="-15"/>
      </extensions>
    </trkpt>
    <trkpt lat="45.7536792" lon="10.7516748">
      <ele>120.21078560840432</ele>
      <time>2026-08-29T16:14:12.171+02:00</time>
      <extensions>
        <activity type="IN_VEHICLE" conf="90" state="moving" tsMs="1788012838223"/>
        <radio op="vodafone IT" rat="LTE" q="15.30" rsrp="-108" sinr="4" rsrq="-14"/>
        <radio op="I TIM" rat="LTE" rsrp="-106" rsrq="-15"/>
      </extensions>
    </trkpt>
    <trkpt lat="45.7536792" lon="10.7516748">
      <ele>120.30000305175781</ele>
      <time>2026-08-29T16:14:22.171+02:00</time>
      <extensions>
        <activity type="IN_VEHICLE" conf="90" state="moving" tsMs="1788012838223"/>
        <radio op="vodafone IT" rat="LTE" q="11.00" rsrp="-103" sinr="0" rsrq="-12"/>
        <radio op="I TIM" rat="LTE" rsrp="-107" rsrq="-16"/>
      </extensions>
    </trkpt>
    <trkpt lat="45.7536792" lon="10.7516748">
      <ele>118.30000305175781</ele>
      <time>2026-08-29T16:14:32.171+02:00</time>
      <extensions>
        <activity type="UNKNOWN" conf="40" state="unknown" tsMs="1788012855045"/>
        <radio op="vodafone IT" rat="LTE" q="17.00" rsrp="-108" sinr="5" rsrq="-13"/>
        <radio op="I TIM" rat="LTE" rsrp="-109" rsrq="-16"/>
      </extensions>
    </trkpt>
    <trkpt lat="45.7538825" lon="10.7514529">
      <ele>118.30000305175781</ele>
      <time>2026-08-29T16:14:42.172+02:00</time>
      <extensions>
        <activity type="UNKNOWN" conf="40" state="unknown" tsMs="1788012855045"/>
        <radio op="vodafone IT" rat="LTE" q="16.00" rsrp="-109" sinr="5" rsrq="-12"/>
        <radio op="I TIM" rat="LTE" rsrp="-109" rsrq="-16"/>
      </extensions>
    </trkpt>
    <trkpt lat="45.753912" lon="10.7513438">
      <ele>120.30000305175781</ele>
      <time>2026-08-29T16:14:52.172+02:00</time>
      <extensions>
        <activity type="UNKNOWN" conf="40" state="unknown" tsMs="1788012871881"/>
        <radio op="vodafone IT" rat="LTE" q="17.10" rsrp="-106" sinr="4" rsrq="-14"/>
        <radio op="I TIM" rat="LTE" rsrp="-103" rsrq="-15"/>
      </extensions>
    </trkpt>
    <trkpt lat="45.7539161" lon="10.7513203">
      <ele>117.5</ele>
      <time>2026-08-29T16:15:03.172+02:00</time>
      <extensions>
        <activity type="ON_FOOT" conf="88" state="moving" tsMs="1788012888704"/>
        <radio op="vodafone IT" rat="LTE" q="8.40" rsrp="-111" sinr="1" rsrq="-14"/>
        <radio op="I TIM" rat="LTE" rsrp="-107" rsrq="-16"/>
      </extensions>
    </trkpt>
    <trkpt lat="45.7539034" lon="10.7513173">
      <ele>78.32816011693117</ele>
      <time>2026-08-29T16:15:13.172+02:00</time>
      <extensions>
        <activity type="ON_FOOT" conf="88" state="moving" tsMs="1788012888704"/>
        <radio op="vodafone IT" rat="LTE" q="16.10" rsrp="-102" sinr="2" rsrq="-11"/>
        <radio op="I TIM" rat="LTE" rsrp="-109" rsrq="-17"/>
      </extensions>
    </trkpt>
    <trkpt lat="45.753925" lon="10.7513479">
      <ele>114.32491043670919</ele>
      <time>2026-08-29T16:15:23.197+02:00</time>
      <extensions>
        <activity type="UNKNOWN" conf="40" state="unknown" tsMs="1788012905126"/>
        <radio op="vodafone IT" rat="LTE" q="21.60" rsrp="-101" sinr="4" rsrq="-12"/>
        <radio op="I TIM" rat="LTE" rsrp="-101" rsrq="-15"/>
      </extensions>
    </trkpt>
    <trkpt lat="45.7539165" lon="10.7513519">
      <ele>115.72862635839779</ele>
      <time>2026-08-29T16:15:33.24+02:00</time>
      <extensions>
        <activity type="UNKNOWN" conf="40" state="unknown" tsMs="1788012921931"/>
        <radio op="vodafone IT" rat="LTE" q="29.90" rsrp="-102" sinr="8" rsrq="-12"/>
        <radio op="I TIM" rat="LTE" rsrp="-105" rsrq="-16"/>
      </extensions>
    </trkpt>
    <trkpt lat="45.7538508" lon="10.7513918">
      <ele>109.02043298537035</ele>
      <time>2026-08-29T16:15:43.172+02:00</time>
      <extensions>
        <activity type="UNKNOWN" conf="40" state="unknown" tsMs="1788012921931"/>
        <radio op="vodafone IT" rat="LTE" q="12.80" rsrp="-109" sinr="3" rsrq="-15"/>
        <radio op="I TIM" rat="LTE" rsrp="-107" rsrq="-16"/>
      </extensions>
    </trkpt>
    <trkpt lat="45.7539223" lon="10.7513997">
      <ele>103.44579808591533</ele>
      <time>2026-08-29T16:15:53.215+02:00</time>
      <extensions>
        <activity type="UNKNOWN" conf="40" state="unknown" tsMs="1788012938630"/>
        <radio op="vodafone IT" rat="LTE" q="13.50" rsrp="-110" sinr="4" rsrq="-15"/>
        <radio op="I TIM" rat="LTE" rsrp="-106" rsrq="-15"/>
      </extensions>
    </trkpt>
    <trkpt lat="45.753911" lon="10.7514043">
      <ele>106.15447134057413</ele>
      <time>2026-08-29T16:16:03.172+02:00</time>
      <extensions>
        <activity type="UNKNOWN" conf="40" state="unknown" tsMs="1788012938630"/>
        <radio op="vodafone IT" rat="LTE" q="17.40" rsrp="-96" sinr="1" rsrq="-11"/>
        <radio op="I TIM" rat="LTE" rsrp="-94" rsrq="-14"/>
      </extensions>
    </trkpt>
    <trkpt lat="45.7539342" lon="10.7513722">
      <ele>103.91115576168924</ele>
      <time>2026-08-29T16:16:13.191+02:00</time>
      <extensions>
        <activity type="UNKNOWN" conf="40" state="unknown" tsMs="1788012955060"/>
        <radio op="vodafone IT" rat="LTE" rsrp="-104" rsrq="-14"/>
        <radio op="I TIM" rat="LTE" rsrp="-105" rsrq="-14"/>
      </extensions>
    </trkpt>
    <trkpt lat="45.7539394" lon="10.7513686">
      <ele>110.16328013992151</ele>
      <time>2026-08-29T16:16:23.172+02:00</time>
      <extensions>
        <activity type="UNKNOWN" conf="40" state="unknown" tsMs="1788012971666"/>
        <radio op="vodafone IT" rat="LTE" q="19.60" rsrp="-97" sinr="2" rsrq="-10"/>
        <radio op="I TIM" rat="LTE" rsrp="-96" rsrq="-14"/>
      </extensions>
    </trkpt>
    <trkpt lat="45.753922" lon="10.7513391">
      <ele>99.84320536826534</ele>
      <time>2026-08-29T16:16:33.278+02:00</time>
      <extensions>
        <activity type="UNKNOWN" conf="40" state="unknown" tsMs="1788012971666"/>
        <radio op="vodafone IT" rat="LTE" q="32.00" rsrp="-93" sinr="5" rsrq="-10"/>
        <radio op="I TIM" rat="LTE" rsrp="-95" rsrq="-15"/>
      </extensions>
    </trkpt>
    <trkpt lat="45.7539191" lon="10.7513293">
      <ele>98.1965367466569</ele>
      <time>2026-08-29T16:16:44.212+02:00</time>
      <extensions>
        <activity type="UNKNOWN" conf="40" state="unknown" tsMs="1788012988536"/>
        <radio op="vodafone IT" rat="LTE" q="13.50" rsrp="-98" sinr="0" rsrq="-14"/>
        <radio op="I TIM" rat="LTE" rsrp="-94" rsrq="-15"/>
      </extensions>
    </trkpt>
    <trkpt lat="45.7539033" lon="10.7513031">
      <ele>102.2796121825437</ele>
      <time>2026-08-29T16:16:54.172+02:00</time>
      <extensions>
        <activity type="UNKNOWN" conf="40" state="unknown" tsMs="1788012988536"/>
        <radio op="vodafone IT" rat="LTE" rsrp="-93" rsrq="-9"/>
        <radio op="I TIM" rat="LTE" rsrp="-97" rsrq="-15"/>
      </extensions>
    </trkpt>
    <trkpt lat="45.75396" lon="10.7512922">
      <ele>89.38611303373182</ele>
      <time>2026-08-29T16:17:04.383+02:00</time>
      <extensions>
        <activity type="UNKNOWN" conf="40" state="unknown" tsMs="1788013004450"/>
        <radio op="vodafone IT" rat="LTE" q="12.50" rsrp="-100" sinr="0" rsrq="-13"/>
        <radio op="I TIM" rat="LTE" rsrp="-106" rsrq="-16"/>
      </extensions>
    </trkpt>
    <trkpt lat="45.7540335" lon="10.7512107">
      <ele>91.5938443364038</ele>
      <time>2026-08-29T16:17:14.664+02:00</time>
      <extensions>
        <activity type="ON_FOOT" conf="99" state="moving" tsMs="1788013020146"/>
        <radio op="vodafone IT" rat="LTE" rsrp="-111" rsrq="-15"/>
        <radio op="I TIM" rat="LTE" rsrp="-106" rsrq="-15"/>
      </extensions>
    </trkpt>
    <trkpt lat="45.7540905" lon="10.7510898">
      <ele>89.9161257736407</ele>
      <time>2026-08-29T16:17:24.386+02:00</time>
      <extensions>
        <activity type="ON_FOOT" conf="97" state="moving" tsMs="1788013036969"/>
        <radio op="vodafone IT" rat="LTE" q="8.00" rsrp="-109" sinr="0" rsrq="-14"/>
        <radio op="I TIM" rat="LTE" rsrp="-108" rsrq="-16"/>
      </extensions>
    </trkpt>
    <trkpt lat="45.7541615" lon="10.7509832">
      <ele>84.54685793271734</ele>
      <time>2026-08-29T16:17:34.808+02:00</time>
      <extensions>
        <activity type="ON_FOOT" conf="97" state="moving" tsMs="1788013036969"/>
        <radio op="vodafone IT" rat="LTE" q="24.20" rsrp="-103" sinr="6" rsrq="-11"/>
        <radio op="I TIM" rat="LTE" rsrp="-112" rsrq="-16"/>
      </extensions>
    </trkpt>
    <trkpt lat="45.7541933" lon="10.7510109">
      <ele>102.49280822193566</ele>
      <time>2026-08-29T16:17:44.249+02:00</time>
      <extensions>
        <activity type="ON_FOOT" conf="90" state="moving" tsMs="1788013048232"/>
        <radio op="vodafone IT" rat="LTE" q="15.40" rsrp="-103" sinr="2" rsrq="-13"/>
        <radio op="I TIM" rat="LTE" rsrp="-105" rsrq="-15"/>
      </extensions>
    </trkpt>
    <trkpt lat="45.7541925" lon="10.75101">
      <ele>90.05932614872246</ele>
      <time>2026-08-29T16:17:54.965+02:00</time>
      <extensions>
        <activity type="ON_FOOT" conf="90" state="moving" tsMs="1788013048232"/>
        <radio op="vodafone IT" rat="LTE" rsrp="-106" rsrq="-13"/>
        <radio op="I TIM" rat="LTE" rsrp="-102" rsrq="-15"/>
      </extensions>
    </trkpt>
    <trkpt lat="45.7541901" lon="10.7510102">
      <ele>97.3618372210648</ele>
      <time>2026-08-29T16:18:05.171+02:00</time>
      <extensions>
        <activity type="UNKNOWN" conf="40" state="unknown" tsMs="1788013065034"/>
        <radio op="vodafone IT" rat="LTE" q="22.50" rsrp="-100" sinr="4" rsrq="-11"/>
        <radio op="I TIM" rat="LTE" rsrp="-97" rsrq="-14"/>
      </extensions>
    </trkpt>
    <trkpt lat="45.7542126" lon="10.7509824">
      <ele>98.57918791821743</ele>
      <time>2026-08-29T16:18:15.172+02:00</time>
      <extensions>
        <activity type="UNKNOWN" conf="40" state="unknown" tsMs="1788013081785"/>
        <radio op="vodafone IT" rat="LTE" q="29.00" rsrp="-96" sinr="5" rsrq="-14"/>
        <radio op="I TIM" rat="LTE" rsrp="-96" rsrq="-15"/>
      </extensions>
    </trkpt>
    <trkpt lat="45.7542043" lon="10.7509736">
      <ele>100.1783326395701</ele>
      <time>2026-08-29T16:18:25.583+02:00</time>
      <extensions>
        <activity type="UNKNOWN" conf="40" state="unknown" tsMs="1788013081785"/>
        <radio op="vodafone IT" rat="LTE" rsrp="-96" rsrq="-13"/>
        <radio op="I TIM" rat="LTE" rsrp="-94" rsrq="-14"/>
      </extensions>
    </trkpt>
    <trkpt lat="45.7542009" lon="10.7509743">
      <ele>99.74026933500912</ele>
      <time>2026-08-29T16:18:35.177+02:00</time>
      <extensions>
        <activity type="UNKNOWN" conf="40" state="unknown" tsMs="1788013099235"/>
        <radio op="vodafone IT" rat="LTE" q="20.40" rsrp="-91" sinr="1" rsrq="-12"/>
        <radio op="I TIM" rat="LTE" rsrp="-94" rsrq="-15"/>
      </extensions>
    </trkpt>
    <trkpt lat="45.7542001" lon="10.7509734">
      <ele>87.7432874612586</ele>
      <time>2026-08-29T16:18:45.172+02:00</time>
      <extensions>
        <activity type="UNKNOWN" conf="40" state="unknown" tsMs="1788013099235"/>
        <radio op="vodafone IT" rat="LTE" rsrp="-95" rsrq="-14"/>
        <radio op="I TIM" rat="LTE" rsrp="-89" rsrq="-15"/>
      </extensions>
    </trkpt>
    <trkpt lat="45.7541988" lon="10.7509745">
      <ele>90.52083836620348</ele>
      <time>2026-08-29T16:18:53.171+02:00</time>
      <extensions>
        <activity type="UNKNOWN" conf="40" state="unknown" tsMs="1788013116014"/>
        <radio op="vodafone IT" rat="LTE" rsrp="-95" rsrq="-13"/>
        <radio op="I TIM" rat="LTE" rsrp="-89" rsrq="-15"/>
      </extensions>
    </trkpt>
    <trkpt lat="45.7541972" lon="10.7509721">
      <ele>87.23541842908891</ele>
      <time>2026-08-29T16:19:26.481+02:00</time>
      <extensions>
        <activity type="UNKNOWN" conf="40" state="unknown" tsMs="1788013161202"/>
        <radio op="vodafone IT" rat="LTE" q="17.50" rsrp="-100" sinr="2" rsrq="-13"/>
        <radio op="I TIM" rat="LTE" rsrp="-97" rsrq="-15"/>
      </extensions>
    </trkpt>
    <trkpt lat="45.7541972" lon="10.7509721">
      <ele>98.1557050150677</ele>
      <time>2026-08-29T16:19:57.671+02:00</time>
      <extensions>
        <activity type="STILL" conf="99" state="still" tsMs="1788013194217"/>
        <radio op="vodafone IT" rat="LTE" q="13.00" rsrp="-99" sinr="0" rsrq="-12"/>
        <radio op="I TIM" rat="LTE" rsrp="-101" rsrq="-16"/>
      </extensions>
    </trkpt>
    <trkpt lat="45.7544575" lon="10.7508741">
      <ele>101.28550926015966</ele>
      <time>2026-08-29T16:20:28.874+02:00</time>
      <extensions>
        <activity type="STILL" conf="99" state="still" tsMs="1788013225318"/>
        <radio op="vodafone IT" rat="LTE" q="18.20" rsrp="-99" sinr="2" rsrq="-12"/>
        <radio op="I TIM" rat="LTE" rsrp="-99" rsrq="-15"/>
      </extensions>
    </trkpt>
    <trkpt lat="45.7545907" lon="10.7510481">
      <ele>106.39060066767465</ele>
      <time>2026-08-29T16:21:00.105+02:00</time>
      <extensions>
        <activity type="STILL" conf="99" state="still" tsMs="1788013256458"/>
        <radio op="vodafone IT" rat="LTE" q="15.00" rsrp="-100" sinr="1" rsrq="-13"/>
        <radio op="I TIM" rat="LTE" rsrp="-98" rsrq="-15"/>
      </extensions>
    </trkpt>
    <trkpt lat="45.7545907" lon="10.7510481">
      <ele>112.72411652056395</ele>
      <time>2026-08-29T16:21:31.154+02:00</time>
      <extensions>
        <activity type="STILL" conf="99" state="still" tsMs="1788013287614"/>
        <radio op="vodafone IT" rat="LTE" q="12.50" rsrp="-100" sinr="0" rsrq="-13"/>
        <radio op="I TIM" rat="LTE" rsrp="-100" rsrq="-15"/>
      </extensions>
    </trkpt>
    <trkpt lat="45.7544145" lon="10.7507153">
      <ele>118.0</ele>
      <time>2026-08-29T16:22:02.532+02:00</time>
      <extensions>
        <activity type="STILL" conf="99" state="still" tsMs="1788013318884"/>
        <radio op="vodafone IT" rat="LTE" rsrp="-99" rsrq="-12"/>
        <radio op="I TIM" rat="LTE" rsrp="-98" rsrq="-15"/>
      </extensions>
    </trkpt>
    <trkpt lat="45.7545088" lon="10.7508997">
      <ele>118.30000305175781</ele>
      <time>2026-08-29T16:22:33.793+02:00</time>
      <extensions>
        <activity type="STILL" conf="99" state="still" tsMs="1788013350069"/>
        <radio op="vodafone IT" rat="LTE" rsrp="-100" rsrq="-13"/>
        <radio op="I TIM" rat="LTE" rsrp="-98" rsrq="-15"/>
      </extensions>
    </trkpt>
    <trkpt lat="45.7545342" lon="10.750952">
      <ele>124.29797680705991</ele>
      <time>2026-08-29T16:23:04.997+02:00</time>
      <extensions>
        <activity type="STILL" conf="99" state="still" tsMs="1788013381307"/>
        <radio op="vodafone IT" rat="LTE" rsrp="-100" rsrq="-13"/>
        <radio op="I TIM" rat="LTE" rsrp="-99" rsrq="-15"/>
      </extensions>
    </trkpt>
    <trkpt lat="45.7545342" lon="10.750952">
      <ele>126.41355755248901</ele>
      <time>2026-08-29T16:23:36.11+02:00</time>
      <extensions>
        <activity type="STILL" conf="99" state="still" tsMs="1788013412485"/>
        <radio op="vodafone IT" rat="LTE" rsrp="-101" rsrq="-12"/>
        <radio op="I TIM" rat="LTE" rsrp="-98" rsrq="-15"/>
      </extensions>
    </trkpt>
    <trkpt lat="45.7544703" lon="10.7508905">
      <ele>126.32103704177368</ele>
      <time>2026-08-29T16:24:06.854+02:00</time>
      <extensions>
        <activity type="STILL" conf="99" state="still" tsMs="1788013443116"/>
        <radio op="vodafone IT" rat="LTE" rsrp="-100" rsrq="-12"/>
        <radio op="I TIM" rat="LTE" rsrp="-100" rsrq="-16"/>
      </extensions>
    </trkpt>
    <trkpt lat="45.7545373" lon="10.750987">
      <ele>128.9461688233529</ele>
      <time>2026-08-29T16:24:37.933+02:00</time>
      <extensions>
        <activity type="STILL" conf="99" state="still" tsMs="1788013474507"/>
        <radio op="vodafone IT" rat="LTE" q="12.50" rsrp="-100" sinr="0" rsrq="-12"/>
        <radio op="I TIM" rat="LTE" rsrp="-99" rsrq="-15"/>
      </extensions>
    </trkpt>
    <trkpt lat="45.7545245" lon="10.7509397">
      <ele>125.78081251777202</ele>
      <time>2026-08-29T16:25:09.103+02:00</time>
      <extensions>
        <activity type="STILL" conf="99" state="still" tsMs="1788013505499"/>
        <radio op="vodafone IT" rat="LTE" rsrp="-103" rsrq="-14"/>
        <radio op="I TIM" rat="LTE" rsrp="-101" rsrq="-15"/>
      </extensions>
    </trkpt>
    <trkpt lat="45.7544471" lon="10.7507983">
      <ele>134.71800053858456</ele>
      <time>2026-08-29T16:25:40.252+02:00</time>
      <extensions>
        <activity type="STILL" conf="99" state="still" tsMs="1788013536623"/>
        <radio op="vodafone IT" rat="LTE" rsrp="-101" rsrq="-13"/>
        <radio op="I TIM" rat="LTE" rsrp="-102" rsrq="-16"/>
      </extensions>
    </trkpt>
    <trkpt lat="45.754723" lon="10.7509502">
      <ele>163.88757390926847</ele>
      <time>2026-08-29T16:38:06.037+02:00</time>
      <extensions>
        <activity type="UNKNOWN" conf="40" state="unknown" tsMs="1788014308841"/>
        <radio op="vodafone IT" rat="LTE" q="6.60" rsrp="-114" sinr="1" rsrq="-14"/>
        <radio op="I TIM" rat="LTE" rsrp="-109" rsrq="-15"/>
      </extensions>
    </trkpt>
    <trkpt lat="45.7545646" lon="10.7508447">
      <ele>162.9396338778589</ele>
      <time>2026-08-29T16:39:09.549+02:00</time>
      <extensions>
        <activity type="UNKNOWN" conf="40" state="unknown" tsMs="1788014348449"/>
        <radio op="vodafone IT" rat="LTE" q="20.70" rsrp="-102" sinr="4" rsrq="-12"/>
        <radio op="I TIM" rat="LTE" rsrp="-104" rsrq="-15"/>
      </extensions>
    </trkpt>
    <trkpt lat="45.7543226" lon="10.7506004">
      <ele>157.51059752352478</ele>
      <time>2026-08-29T16:40:09.075+02:00</time>
      <extensions>
        <activity type="ON_FOOT" conf="87" state="moving" tsMs="1788014408819"/>
        <radio op="vodafone IT" rat="LTE" q="2.40" rsrp="-121" sinr="1" rsrq="-14"/>
        <radio op="I TIM" rat="LTE" rsrp="-119" rsrq="-16"/>
      </extensions>
    </trkpt>
    <trkpt lat="45.7537309" lon="10.7501622">
      <ele>152.62030738148155</ele>
      <time>2026-08-29T16:40:43.172+02:00</time>
      <extensions>
        <activity type="ON_FOOT" conf="95" state="moving" tsMs="1788014454436"/>
        <radio op="vodafone IT" rat="LTE" rsrp="-120" rsrq="-18"/>
        <radio op="I TIM" rat="LTE" rsrp="-119" rsrq="-16"/>
      </extensions>
    </trkpt>
    <trkpt lat="45.7536464" lon="10.7497417">
      <ele>118.5999984741211</ele>
      <time>2026-08-29T16:41:49.458+02:00</time>
      <extensions>
        <activity type="UNKNOWN" conf="40" state="unknown" tsMs="1788014498829"/>
        <radio op="vodafone IT" rat="LTE" q="1.20" rsrp="-123" sinr="1" rsrq="-15"/>
        <radio op="I TIM" rat="LTE" rsrp="-121" rsrq="-16"/>
      </extensions>
    </trkpt>
    <trkpt lat="45.7536959" lon="10.7498056">
      <ele>108.44703290020118</ele>
      <time>2026-08-29T16:42:39.172+02:00</time>
      <extensions>
        <activity type="UNKNOWN" conf="40" state="unknown" tsMs="1788014553439"/>
        <radio op="vodafone IT" rat="LTE" rsrp="-114" rsrq="-15"/>
        <radio op="I TIM" rat="LTE" rsrp="-118" rsrq="-16"/>
      </extensions>
    </trkpt>
    <trkpt lat="45.7536517" lon="10.7498229">
      <ele>95.68568264172517</ele>
      <time>2026-08-29T16:43:26.171+02:00</time>
      <extensions>
        <activity type="ON_BICYCLE" conf="80" state="moving" tsMs="1788014601734"/>
        <radio op="vodafone IT" rat="LTE" q="4.50" rsrp="-116" sinr="0" rsrq="-13"/>
        <radio op="I TIM" rat="LTE" rsrp="-118" rsrq="-18"/>
      </extensions>
    </trkpt>
    <trkpt lat="45.7535425" lon="10.7501013">
      <ele>94.95602713967082</ele>
      <time>2026-08-29T16:44:02.603+02:00</time>
      <extensions>
        <activity type="UNKNOWN" conf="40" state="unknown" tsMs="1788014639634"/>
        <radio op="vodafone IT" rat="LTE" rsrp="-116" rsrq="-14"/>
        <radio op="I TIM" rat="LTE" rsrp="-120" rsrq="-14"/>
      </extensions>
    </trkpt>
    <trkpt lat="45.7535496" lon="10.7500954">
      <ele>94.1168763190912</ele>
      <time>2026-08-29T16:44:33.711+02:00</time>
      <extensions>
        <activity type="UNKNOWN" conf="40" state="unknown" tsMs="1788014668287"/>
        <radio op="vodafone IT" rat="LTE" q="4.00" rsrp="-117" sinr="0" rsrq="-15"/>
        <radio op="I TIM" rat="LTE" q="3.50" rsrp="-118" sinr="0" rsrq="-13"/>
      </extensions>
    </trkpt>
    <trkpt lat="45.7535749" lon="10.7501302">
      <ele>85.35393328130064</ele>
      <time>2026-08-29T16:45:04.877+02:00</time>
      <extensions>
        <activity type="UNKNOWN" conf="40" state="unknown" tsMs="1788014699635"/>
        <radio op="vodafone IT" rat="LTE" rsrp="-123" rsrq="-14"/>
        <radio op="I TIM" rat="LTE" rsrp="-127" rsrq="-18"/>
      </extensions>
    </trkpt>
    <trkpt lat="45.7537136" lon="10.7498692">
      <ele>80.4527645007845</ele>
      <time>2026-08-29T16:45:39.172+02:00</time>
      <extensions>
        <activity type="UNKNOWN" conf="40" state="unknown" tsMs="1788014746887"/>
        <radio op="vodafone IT" rat="OTHER"/>
        <radio op="I TIM" rat="LTE" rsrp="-119" rsrq="-21"/>
      </extensions>
    </trkpt>
    <trkpt lat="45.7536958" lon="10.7498802">
      <ele>118.5999984741211</ele>
      <time>2026-08-29T16:45:53.173+02:00</time>
      <extensions>
        <activity type="UNKNOWN" conf="40" state="unknown" tsMs="1788014746887"/>
        <radio op="vodafone IT" rat="OTHER"/>
        <radio op="I TIM" rat="LTE" rsrp="-124" rsrq="-21"/>
      </extensions>
    </trkpt>
    <trkpt lat="45.7536747" lon="10.74996">
      <ele>56.804320520065325</ele>
      <time>2026-08-29T16:46:36.988+02:00</time>
      <extensions>
        <activity type="UNKNOWN" conf="40" state="unknown" tsMs="1788014791178"/>
        <radio op="vodafone IT" rat="LTE" rsrp="-120" rsrq="-15"/>
        <radio op="I TIM" rat="LTE" rsrp="-121" rsrq="-18"/>
      </extensions>
    </trkpt>
    <trkpt lat="45.7537395" lon="10.7498778">
      <ele>51.792494517651846</ele>
      <time>2026-08-29T16:47:22.983+02:00</time>
      <extensions>
        <activity type="STILL" conf="99" state="still" tsMs="1788014838143"/>
        <radio op="vodafone IT" rat="LTE" rsrp="-118" rsrq="-15"/>
        <radio op="I TIM" rat="LTE" rsrp="-119" rsrq="-17"/>
      </extensions>
    </trkpt>
    <trkpt lat="45.7537359" lon="10.7498955">
      <ele>51.792494517651846</ele>
      <time>2026-08-29T16:47:25.173+02:00</time>
      <extensions>
        <activity type="STILL" conf="100" state="still" tsMs="1788014844686"/>
        <radio op="vodafone IT" rat="LTE" rsrp="-120" rsrq="-15"/>
        <radio op="I TIM" rat="LTE" rsrp="-119" rsrq="-16"/>
      </extensions>
    </trkpt>
    <trkpt lat="45.7535264" lon="10.7498308">
      <ele>52.44607960390652</ele>
      <time>2026-08-29T16:48:06.584+02:00</time>
      <extensions>
        <activity type="STILL" conf="99" state="still" tsMs="1788014880275"/>
        <radio op="vodafone IT" rat="LTE" q="3.00" rsrp="-119" sinr="0" rsrq="-14"/>
        <radio op="I TIM" rat="LTE" rsrp="-119" rsrq="-16"/>
      </extensions>
    </trkpt>
    <trkpt lat="45.7536964" lon="10.7498242">
      <ele>52.44607960390652</ele>
      <time>2026-08-29T16:48:10.172+02:00</time>
      <extensions>
        <activity type="STILL" conf="60" state="still" tsMs="1788014895692"/>
        <radio op="vodafone IT" rat="LTE" rsrp="-120" rsrq="-16"/>
        <radio op="I TIM" rat="LTE" rsrp="-120" rsrq="-17"/>
      </extensions>
    </trkpt>
    <trkpt lat="45.7537494" lon="10.7495959">
      <ele>49.90762214778286</ele>
      <time>2026-08-29T16:48:48.284+02:00</time>
      <extensions>
        <activity type="UNKNOWN" conf="40" state="unknown" tsMs="1788014925430"/>
        <radio op="vodafone IT" rat="LTE" rsrp="-118" rsrq="-15"/>
        <radio op="I TIM" rat="LTE" rsrp="-121" rsrq="-17"/>
      </extensions>
    </trkpt>
    <trkpt lat="45.7537458" lon="10.7499139">
      <ele>47.95291867484141</ele>
      <time>2026-08-29T16:49:23.684+02:00</time>
      <extensions>
        <activity type="IN_VEHICLE" conf="77" state="moving" tsMs="1788014958055"/>
        <radio op="vodafone IT" rat="LTE" rsrp="-119" rsrq="-15"/>
        <radio op="I TIM" rat="LTE" rsrp="-119" rsrq="-17"/>
      </extensions>
    </trkpt>
    <trkpt lat="45.7535456" lon="10.7500876">
      <ele>47.473648387519596</ele>
      <time>2026-08-29T16:49:59.537+02:00</time>
      <extensions>
        <activity type="UNKNOWN" conf="40" state="unknown" tsMs="1788014995441"/>
        <radio op="vodafone IT" rat="LTE" rsrp="-114" rsrq="-15"/>
        <radio op="I TIM" rat="LTE" rsrp="-110" rsrq="-16"/>
      </extensions>
    </trkpt>
    <trkpt lat="45.7535598" lon="10.750124">
      <ele>49.9159233222057</ele>
      <time>2026-08-29T16:50:33.476+02:00</time>
      <extensions>
        <activity type="ON_FOOT" conf="90" state="moving" tsMs="1788015027454"/>
        <radio op="vodafone IT" rat="LTE" rsrp="-116" rsrq="-16"/>
        <radio op="I TIM" rat="LTE" rsrp="-118" rsrq="-18"/>
      </extensions>
    </trkpt>
    <trkpt lat="45.7537395" lon="10.7503644">
      <ele>70.97928817309125</ele>
      <time>2026-08-29T16:50:53.172+02:00</time>
      <extensions>
        <activity type="ON_FOOT" conf="93" state="moving" tsMs="1788015049407"/>
        <radio op="vodafone IT" rat="LTE" rsrp="-112" rsrq="-16"/>
        <radio op="I TIM" rat="LTE" rsrp="-107" rsrq="-16"/>
      </extensions>
    </trkpt>
    <trkpt lat="45.7537092" lon="10.7504666">
      <ele>41.40520212486047</ele>
      <time>2026-08-29T16:51:03.551+02:00</time>
      <extensions>
        <activity type="ON_FOOT" conf="97" state="moving" tsMs="1788015059970"/>
        <radio op="vodafone IT" rat="LTE" rsrp="-112" rsrq="-15"/>
        <radio op="I TIM" rat="LTE" rsrp="-107" rsrq="-16"/>
      </extensions>
    </trkpt>
    <trkpt lat="45.7536916" lon="10.7505977">
      <ele>71.20638297168833</ele>
      <time>2026-08-29T16:51:13.591+02:00</time>
      <extensions>
        <activity type="ON_FOOT" conf="98" state="moving" tsMs="1788015065231"/>
        <radio op="vodafone IT" rat="LTE" rsrp="-115" rsrq="-15"/>
        <radio op="I TIM" rat="LTE" rsrp="-109" rsrq="-16"/>
      </extensions>
    </trkpt>
    <trkpt lat="45.7536955" lon="10.7506206">
      <ele>89.9173632414027</ele>
      <time>2026-08-29T16:51:23.587+02:00</time>
      <extensions>
        <activity type="ON_FOOT" conf="97" state="moving" tsMs="1788015068634"/>
        <radio op="vodafone IT" rat="LTE" q="5.50" rsrp="-114" sinr="0" rsrq="-15"/>
        <radio op="I TIM" rat="LTE" rsrp="-107" rsrq="-16"/>
      </extensions>
    </trkpt>
    <trkpt lat="45.7536957" lon="10.750621">
      <ele>94.67184702521214</ele>
      <time>2026-08-29T16:51:34.171+02:00</time>
      <extensions>
        <activity type="STILL" conf="38" state="still" tsMs="1788015079833"/>
        <radio op="vodafone IT" rat="LTE" rsrp="-112" rsrq="-15"/>
        <radio op="I TIM" rat="LTE" rsrp="-107" rsrq="-16"/>
      </extensions>
    </trkpt>
    <trkpt lat="45.7536958" lon="10.7506223">
      <ele>109.51757245464289</ele>
      <time>2026-08-29T16:51:44.172+02:00</time>
      <extensions>
        <activity type="STILL" conf="38" state="still" tsMs="1788015079833"/>
        <radio op="vodafone IT" rat="LTE" rsrp="-112" rsrq="-15"/>
        <radio op="I TIM" rat="LTE" rsrp="-108" rsrq="-15"/>
      </extensions>
    </trkpt>
    <trkpt lat="45.7536957" lon="10.7506225">
      <ele>115.69514220638612</ele>
      <time>2026-08-29T16:51:54.433+02:00</time>
      <extensions>
        <activity type="STILL" conf="39" state="still" tsMs="1788015097288"/>
        <radio op="vodafone IT" rat="LTE" rsrp="-113" rsrq="-15"/>
        <radio op="I TIM" rat="LTE" rsrp="-109" rsrq="-16"/>
      </extensions>
    </trkpt>
    <trkpt lat="45.7536835" lon="10.7506213">
      <ele>115.87935774120741</ele>
      <time>2026-08-29T16:52:04.187+02:00</time>
      <extensions>
        <activity type="STILL" conf="39" state="still" tsMs="1788015097288"/>
        <radio op="vodafone IT" rat="LTE" q="6.50" rsrp="-112" sinr="0" rsrq="-14"/>
        <radio op="I TIM" rat="LTE" rsrp="-105" rsrq="-15"/>
      </extensions>
    </trkpt>
    <trkpt lat="45.7536754" lon="10.7506261">
      <ele>115.56964766606472</ele>
      <time>2026-08-29T16:52:14.172+02:00</time>
      <extensions>
        <activity type="UNKNOWN" conf="40" state="unknown" tsMs="1788015115672"/>
        <radio op="vodafone IT" rat="LTE" q="6.50" rsrp="-112" sinr="0" rsrq="-15"/>
        <radio op="I TIM" rat="LTE" rsrp="-113" rsrq="-16"/>
      </extensions>
    </trkpt>
    <trkpt lat="45.7537081" lon="10.7507389">
      <ele>113.82541314817638</ele>
      <time>2026-08-29T16:52:24.374+02:00</time>
      <extensions>
        <activity type="ON_FOOT" conf="96" state="moving" tsMs="1788015133038"/>
        <radio op="vodafone IT" rat="LTE" rsrp="-112" rsrq="-14"/>
        <radio op="I TIM" rat="LTE" rsrp="-107" rsrq="-16"/>
      </extensions>
    </trkpt>
    <trkpt lat="45.7537312" lon="10.7507568">
      <ele>112.95467377496504</ele>
      <time>2026-08-29T16:52:34.173+02:00</time>
      <extensions>
        <activity type="ON_FOOT" conf="96" state="moving" tsMs="1788015133038"/>
        <radio op="vodafone IT" rat="LTE" q="9.10" rsrp="-112" sinr="2" rsrq="-15"/>
        <radio op="I TIM" rat="LTE" rsrp="-108" rsrq="-16"/>
      </extensions>
    </trkpt>
    <trkpt lat="45.7537388" lon="10.7507802">
      <ele>112.35279880130113</ele>
      <time>2026-08-29T16:52:39.173+02:00</time>
      <extensions>
        <activity type="ON_FOOT" conf="88" state="moving" tsMs="1788015149431"/>
        <radio op="vodafone IT" rat="LTE" q="9.10" rsrp="-112" sinr="2" rsrq="-14"/>
        <radio op="I TIM" rat="LTE" rsrp="-111" rsrq="-16"/>
      </extensions>
    </trkpt>
    <trkpt lat="45.7537335" lon="10.7507911">
      <ele>112.35279880130113</ele>
      <time>2026-08-29T16:53:11.831+02:00</time>
      <extensions>
        <activity type="UNKNOWN" conf="40" state="unknown" tsMs="1788015192035"/>
        <radio op="vodafone IT" rat="LTE" rsrp="-112" rsrq="-17"/>
        <radio op="I TIM" rat="LTE" rsrp="-109" rsrq="-16"/>
      </extensions>
    </trkpt>
    <trkpt lat="45.753557" lon="10.7509391">
      <ele>117.5</ele>
      <time>2026-08-29T16:53:18.172+02:00</time>
      <extensions>
        <activity type="ON_FOOT" conf="93" state="moving" tsMs="1788015202835"/>
        <radio op="vodafone IT" rat="LTE" q="15.30" rsrp="-108" sinr="4" rsrq="-13"/>
        <radio op="I TIM" rat="LTE" rsrp="-104" rsrq="-16"/>
      </extensions>
    </trkpt>
    <trkpt lat="45.7535545" lon="10.7509417">
      <ele>117.5</ele>
      <time>2026-08-29T16:53:48.386+02:00</time>
      <extensions>
        <activity type="UNKNOWN" conf="40" state="unknown" tsMs="1788015233985"/>
        <radio op="vodafone IT" rat="LTE" q="18.20" rsrp="-99" sinr="2" rsrq="-11"/>
        <radio op="I TIM" rat="LTE" rsrp="-102" rsrq="-14"/>
      </extensions>
    </trkpt>
    <trkpt lat="45.7535278" lon="10.7511076">
      <ele>125.68097830148918</ele>
      <time>2026-08-29T16:54:31.172+02:00</time>
      <extensions>
        <activity type="ON_FOOT" conf="89" state="moving" tsMs="1788015273757"/>
        <radio op="vodafone IT" rat="LTE" q="10.50" rsrp="-104" sinr="0" rsrq="-12"/>
        <radio op="I TIM" rat="LTE" q="12.50" rsrp="-100" sinr="0" rsrq="-12"/>
      </extensions>
    </trkpt>
    <trkpt lat="45.7535287" lon="10.7511023">
      <ele>122.30021410411737</ele>
      <time>2026-08-29T16:55:08.707+02:00</time>
      <extensions>
        <activity type="ON_FOOT" conf="83" state="moving" tsMs="1788015306454"/>
        <radio op="vodafone IT" rat="LTE" rsrp="-110" rsrq="-15"/>
        <radio op="I TIM" rat="LTE" rsrp="-99" rsrq="-15"/>
      </extensions>
    </trkpt>
    <trkpt lat="45.7533135" lon="10.7510001">
      <ele>122.12452633366445</ele>
      <time>2026-08-29T16:55:16.172+02:00</time>
      <extensions>
        <activity type="ON_FOOT" conf="83" state="moving" tsMs="1788015306454"/>
        <radio op="vodafone IT" rat="LTE" q="16.20" rsrp="-98" sinr="1" rsrq="-13"/>
        <radio op="I TIM" rat="LTE" rsrp="-93" rsrq="-14"/>
      </extensions>
    </trkpt>
    <trkpt lat="45.7533112" lon="10.7510036">
      <ele>135.5952114942235</ele>
      <time>2026-08-29T16:56:15.242+02:00</time>
      <extensions>
        <activity type="STILL" conf="97" state="still" tsMs="1788015371820"/>
        <radio op="vodafone IT" rat="LTE" q="32.50" rsrp="-100" sinr="8" rsrq="-12"/>
        <radio op="I TIM" rat="LTE" rsrp="-94" rsrq="-14"/>
      </extensions>
    </trkpt>
    <trkpt lat="45.7533486" lon="10.750957">
      <ele>135.5146006101268</ele>
      <time>2026-08-29T16:56:23.171+02:00</time>
      <extensions>
        <activity type="STILL" conf="39" state="still" tsMs="1788015386890"/>
        <radio op="vodafone IT" rat="LTE" q="51.30" rsrp="-98" sinr="14" rsrq="-11"/>
        <radio op="I TIM" rat="LTE" rsrp="-94" rsrq="-14"/>
      </extensions>
    </trkpt>
    <trkpt lat="45.7533484" lon="10.7509572">
      <ele>143.65930915780473</ele>
      <time>2026-08-29T16:57:12.318+02:00</time>
      <extensions>
        <activity type="UNKNOWN" conf="40" state="unknown" tsMs="1788015427810"/>
        <radio op="vodafone IT" rat="LTE" q="8.40" rsrp="-111" sinr="1" rsrq="-12"/>
        <radio op="I TIM" rat="LTE" rsrp="-109" rsrq="-16"/>
      </extensions>
    </trkpt>
    <trkpt lat="45.7534646" lon="10.7510993">
      <ele>141.9500595554793</ele>
      <time>2026-08-29T16:57:54.362+02:00</time>
      <extensions>
        <activity type="UNKNOWN" conf="40" state="unknown" tsMs="1788015470866"/>
        <radio op="vodafone IT" rat="LTE" q="7.20" rsrp="-113" sinr="1" rsrq="-14"/>
        <radio op="I TIM" rat="LTE" rsrp="-110" rsrq="-16"/>
      </extensions>
    </trkpt>
    <trkpt lat="45.7534518" lon="10.7510952">
      <ele>141.72234317025433</ele>
      <time>2026-08-29T16:57:57.171+02:00</time>
      <extensions>
        <activity type="UNKNOWN" conf="40" state="unknown" tsMs="1788015470866"/>
        <radio op="vodafone IT" rat="LTE" q="16.00" rsrp="-109" sinr="5" rsrq="-13"/>
        <radio op="I TIM" rat="LTE" rsrp="-111" rsrq="-17"/>
      </extensions>
    </trkpt>
    <trkpt lat="45.7534685" lon="10.7512066">
      <ele>145.17947260213708</ele>
      <time>2026-08-29T16:58:36.607+02:00</time>
      <extensions>
        <activity type="UNKNOWN" conf="40" state="unknown" tsMs="1788015514879"/>
        <radio op="vodafone IT" rat="LTE" rsrp="-104" rsrq="-12"/>
        <radio op="I TIM" rat="LTE" rsrp="-113" rsrq="-17"/>
      </extensions>
    </trkpt>
    <trkpt lat="45.7534562" lon="10.7510956">
      <ele>145.02237888126479</ele>
      <time>2026-08-29T16:58:40.171+02:00</time>
      <extensions>
        <activity type="UNKNOWN" conf="40" state="unknown" tsMs="1788015514879"/>
        <radio op="vodafone IT" rat="LTE" rsrp="-108" rsrq="-16"/>
        <radio op="I TIM" rat="LTE" rsrp="-112" rsrq="-16"/>
      </extensions>
    </trkpt>
    <trkpt lat="45.7534548" lon="10.7511416">
      <ele>135.57362585931054</ele>
      <time>2026-08-29T16:59:35.866+02:00</time>
      <extensions>
        <activity type="UNKNOWN" conf="40" state="unknown" tsMs="1788015573846"/>
        <radio op="vodafone IT" rat="LTE" q="15.30" rsrp="-108" sinr="4" rsrq="-13"/>
        <radio op="I TIM" rat="LTE" rsrp="-113" rsrq="-17"/>
      </extensions>
    </trkpt>
    <trkpt lat="45.7534585" lon="10.7511746">
      <ele>142.57738304060965</ele>
      <time>2026-08-29T17:00:48.724+02:00</time>
      <extensions>
        <activity type="UNKNOWN" conf="40" state="unknown" tsMs="1788015642157"/>
        <radio op="vodafone IT" rat="LTE" rsrp="-104" rsrq="-12"/>
        <radio op="I TIM" rat="LTE" q="24.00" rsrp="-105" sinr="7" rsrq="-9"/>
      </extensions>
    </trkpt>
    <trkpt lat="45.7534833" lon="10.7511555">
      <ele>142.18748873795886</ele>
      <time>2026-08-29T17:00:51.173+02:00</time>
      <extensions>
        <activity type="UNKNOWN" conf="40" state="unknown" tsMs="1788015660473"/>
        <radio op="vodafone IT" rat="LTE" q="19.50" rsrp="-110" sinr="8" rsrq="-13"/>
        <radio op="I TIM" rat="LTE" q="3.60" rsrp="-119" sinr="1" rsrq="-9"/>
      </extensions>
    </trkpt>
    <trkpt lat="45.7535407" lon="10.7511137">
      <ele>142.72037236128742</ele>
      <time>2026-08-29T17:09:13.174+02:00</time>
      <extensions>
        <activity type="UNKNOWN" conf="40" state="unknown" tsMs="1788016181896"/>
        <radio op="vodafone IT" rat="LTE" rsrp="-104" rsrq="-13"/>
        <radio op="I TIM" rat="LTE" q="26.60" rsrp="-106" sinr="9" rsrq="-10"/>
      </extensions>
    </trkpt>
    <trkpt lat="45.753556" lon="10.7511093">
      <ele>144.09304776398366</ele>
      <time>2026-08-29T17:10:04.383+02:00</time>
      <extensions>
        <activity type="STILL" conf="99" state="still" tsMs="1788016203799"/>
        <radio op="vodafone IT" rat="LTE" rsrp="-107" rsrq="-13"/>
        <radio op="I TIM" rat="LTE" q="30.40" rsrp="-106" sinr="11" rsrq="-9"/>
      </extensions>
    </trkpt>
    <trkpt lat="45.7535127" lon="10.7510713">
      <ele>144.34721152389278</ele>
      <time>2026-08-29T17:10:10.173+02:00</time>
      <extensions>
        <activity type="STILL" conf="99" state="still" tsMs="1788016203799"/>
        <radio op="vodafone IT" rat="LTE" rsrp="-107" rsrq="-14"/>
        <radio op="I TIM" rat="LTE" q="19.00" rsrp="-106" sinr="5" rsrq="-10"/>
      </extensions>
    </trkpt>
    <trkpt lat="45.7535123" lon="10.7510689">
      <ele>133.74758220506592</ele>
      <time>2026-08-29T17:10:56.27+02:00</time>
      <extensions>
        <activity type="STILL" conf="46" state="still" tsMs="1788016238847"/>
        <radio op="vodafone IT" rat="LTE" q="10.20" rsrp="-108" sinr="1" rsrq="-13"/>
        <radio op="I TIM" rat="LTE" q="14.40" rsrp="-107" sinr="3" rsrq="-9"/>
      </extensions>
    </trkpt>
    <trkpt lat="45.7535763" lon="10.7509859">
      <ele>117.9000015258789</ele>
      <time>2026-08-29T17:12:00.174+02:00</time>
      <extensions>
        <activity type="UNKNOWN" conf="40" state="unknown" tsMs="1788016317498"/>
        <radio op="vodafone IT" rat="LTE" rsrp="-105" rsrq="-11"/>
        <radio op="I TIM" rat="LTE" rsrp="-106" rsrq="-16"/>
      </extensions>
    </trkpt>
    <trkpt lat="45.7535476" lon="10.7510405">
      <ele>117.9000015258789</ele>
      <time>2026-08-29T17:12:03.174+02:00</time>
      <extensions>
        <activity type="UNKNOWN" conf="40" state="unknown" tsMs="1788016317498"/>
        <radio op="vodafone IT" rat="LTE" rsrp="-109" rsrq="-15"/>
        <radio op="I TIM" rat="LTE" rsrp="-107" rsrq="-17"/>
      </extensions>
    </trkpt>
    <trkpt lat="45.7534652" lon="10.7511313">
      <ele>137.61864813868948</ele>
      <time>2026-08-29T17:12:42.342+02:00</time>
      <extensions>
        <activity type="UNKNOWN" conf="40" state="unknown" tsMs="1788016359013"/>
        <radio op="vodafone IT" rat="LTE" rsrp="-114" rsrq="-16"/>
        <radio op="I TIM" rat="LTE" rsrp="-111" rsrq="-17"/>
      </extensions>
    </trkpt>
    <trkpt lat="45.7534787" lon="10.7511338">
      <ele>137.98655833603706</ele>
      <time>2026-08-29T17:12:46.174+02:00</time>
      <extensions>
        <activity type="UNKNOWN" conf="40" state="unknown" tsMs="1788016359013"/>
        <radio op="vodafone IT" rat="LTE" q="11.50" rsrp="-102" sinr="0" rsrq="-13"/>
        <radio op="I TIM" rat="LTE" rsrp="-109" rsrq="-12"/>
      </extensions>
    </trkpt>
    <trkpt lat="45.7534651" lon="10.7511364">
      <ele>141.68199365827905</ele>
      <time>2026-08-29T17:13:18.681+02:00</time>
      <extensions>
        <activity type="UNKNOWN" conf="40" state="unknown" tsMs="1788016397868"/>
        <radio op="vodafone IT" rat="LTE" q="12.00" rsrp="-105" sinr="1" rsrq="-12"/>
        <radio op="I TIM" rat="LTE" rsrp="-112" rsrq="-13"/>
      </extensions>
    </trkpt>
    <trkpt lat="45.7535289" lon="10.7511188">
      <ele>141.80127396071728</ele>
      <time>2026-08-29T17:13:25.176+02:00</time>
      <extensions>
        <activity type="UNKNOWN" conf="40" state="unknown" tsMs="1788016397868"/>
        <radio op="vodafone IT" rat="LTE" rsrp="-107" rsrq="-14"/>
        <radio op="I TIM" rat="LTE" rsrp="-110" rsrq="-17"/>
      </extensions>
    </trkpt>
    <trkpt lat="45.753537" lon="10.7511412">
      <ele>139.85307284590584</ele>
      <time>2026-08-29T17:14:11.014+02:00</time>
      <extensions>
        <activity type="UNKNOWN" conf="40" state="unknown" tsMs="1788016446469"/>
        <radio op="vodafone IT" rat="LTE" q="20.00" rsrp="-100" sinr="3" rsrq="-12"/>
        <radio op="I TIM" rat="LTE" q="9.60" rsrp="-109" sinr="1" rsrq="-15"/>
      </extensions>
    </trkpt>
    <trkpt lat="45.7535317" lon="10.7511412">
      <ele>140.0514873580094</ele>
      <time>2026-08-29T17:14:14.176+02:00</time>
      <extensions>
        <activity type="UNKNOWN" conf="40" state="unknown" tsMs="1788016446469"/>
        <radio op="vodafone IT" rat="LTE" rsrp="-112" rsrq="-14"/>
        <radio op="I TIM" rat="LTE" rsrp="-108" rsrq="-16"/>
      </extensions>
    </trkpt>
    <trkpt lat="45.7545662" lon="10.7511748">
      <ele>142.40798783558282</ele>
      <time>2026-08-29T17:14:53.78+02:00</time>
      <extensions>
        <activity type="UNKNOWN" conf="40" state="unknown" tsMs="1788016491473"/>
        <radio op="vodafone IT" rat="LTE" rsrp="-109" rsrq="-15"/>
        <radio op="I TIM" rat="LTE" rsrp="-108" rsrq="-15"/>
      </extensions>
    </trkpt>
    <trkpt lat="45.753545" lon="10.7510897">
      <ele>143.0960661482852</ele>
      <time>2026-08-29T17:15:00.176+02:00</time>
      <extensions>
        <activity type="UNKNOWN" conf="40" state="unknown" tsMs="1788016491473"/>
        <radio op="vodafone IT" rat="LTE" rsrp="-110" rsrq="-19"/>
        <radio op="I TIM" rat="LTE" rsrp="-112" rsrq="-17"/>
      </extensions>
    </trkpt>
    <trkpt lat="45.7535098" lon="10.7510121">
      <ele>103.134802876256</ele>
      <time>2026-08-29T17:15:37.845+02:00</time>
      <extensions>
        <activity type="UNKNOWN" conf="40" state="unknown" tsMs="1788016530917"/>
        <radio op="vodafone IT" rat="LTE" rsrp="-105" rsrq="-13"/>
        <radio op="I TIM" rat="LTE" rsrp="-109" rsrq="-19"/>
      </extensions>
    </trkpt>
    <trkpt lat="45.7535502" lon="10.7510896">
      <ele>103.134802876256</ele>
      <time>2026-08-29T17:15:40.175+02:00</time>
      <extensions>
        <activity type="UNKNOWN" conf="40" state="unknown" tsMs="1788016543426"/>
        <radio op="vodafone IT" rat="LTE" rsrp="-113" rsrq="-17"/>
        <radio op="I TIM" rat="LTE" rsrp="-109" rsrq="-16"/>
      </extensions>
    </trkpt>
    <trkpt lat="45.7535231" lon="10.7511836">
      <ele>110.12870959125149</ele>
      <time>2026-08-29T17:16:24.152+02:00</time>
      <extensions>
        <activity type="UNKNOWN" conf="40" state="unknown" tsMs="1788016581233"/>
        <radio op="vodafone IT" rat="LTE" q="18.40" rsrp="-102" sinr="3" rsrq="-13"/>
        <radio op="I TIM" rat="LTE" rsrp="-107" rsrq="-16"/>
      </extensions>
    </trkpt>
    <trkpt lat="45.7534784" lon="10.7511459">
      <ele>110.11213944411806</ele>
      <time>2026-08-29T17:16:27.176+02:00</time>
      <extensions>
        <activity type="UNKNOWN" conf="40" state="unknown" tsMs="1788016581233"/>
        <radio op="vodafone IT" rat="LTE" rsrp="-107" rsrq="-16"/>
        <radio op="I TIM" rat="LTE" rsrp="-103" rsrq="-15"/>
      </extensions>
    </trkpt>
    <trkpt lat="45.7535662" lon="10.7510845">
      <ele>102.72089551275944</ele>
      <time>2026-08-29T17:17:04.175+02:00</time>
      <extensions>
        <activity type="UNKNOWN" conf="40" state="unknown" tsMs="1788016622616"/>
        <radio op="vodafone IT" rat="LTE" rsrp="-109" rsrq="-15"/>
        <radio op="I TIM" rat="LTE" rsrp="-109" rsrq="-15"/>
      </extensions>
    </trkpt>
    <trkpt lat="45.7534843" lon="10.7511273">
      <ele>111.27212685348597</ele>
      <time>2026-08-29T17:17:43.615+02:00</time>
      <extensions>
        <activity type="UNKNOWN" conf="40" state="unknown" tsMs="1788016656871"/>
        <radio op="vodafone IT" rat="LTE" q="18.20" rsrp="-99" sinr="2" rsrq="-11"/>
        <radio op="I TIM" rat="LTE" q="12.60" rsrp="-111" sinr="4" rsrq="-8"/>
      </extensions>
    </trkpt>
    <trkpt lat="45.7535205" lon="10.7511538">
      <ele>111.27212685348597</ele>
      <time>2026-08-29T17:17:46.174+02:00</time>
      <extensions>
        <activity type="UNKNOWN" conf="40" state="unknown" tsMs="1788016669217"/>
        <radio op="vodafone IT" rat="LTE" q="20.70" rsrp="-102" sinr="4" rsrq="-10"/>
        <radio op="I TIM" rat="LTE" q="6.30" rsrp="-118" sinr="4" rsrq="-8"/>
      </extensions>
    </trkpt>
    <trkpt lat="45.7534839" lon="10.7510838">
      <ele>112.46127634841228</ele>
      <time>2026-08-29T17:18:29.605+02:00</time>
      <extensions>
        <activity type="UNKNOWN" conf="40" state="unknown" tsMs="1788016702821"/>
        <radio op="vodafone IT" rat="LTE" rsrp="-109" rsrq="-15"/>
        <radio op="I TIM" rat="LTE" q="1.60" rsrp="-123" sinr="3" rsrq="-11"/>
      </extensions>
    </trkpt>
    <trkpt lat="45.7534838" lon="10.7511482">
      <ele>110.31719726203247</ele>
      <time>2026-08-29T17:18:39.174+02:00</time>
      <extensions>
        <activity type="ON_FOOT" conf="81" state="moving" tsMs="1788016715178"/>
        <radio op="vodafone IT" rat="LTE" q="9.00" rsrp="-107" sinr="0" rsrq="-14"/>
        <radio op="I TIM" rat="LTE" rsrp="-116" rsrq="-9"/>
      </extensions>
    </trkpt>
    <trkpt lat="45.7534708" lon="10.751172">
      <ele>114.54283866348693</ele>
      <time>2026-08-29T17:18:49.214+02:00</time>
      <extensions>
        <activity type="ON_FOOT" conf="81" state="moving" tsMs="1788016715178"/>
        <radio op="vodafone IT" rat="LTE" q="16.50" rsrp="-110" sinr="6" rsrq="-12"/>
        <radio op="I TIM" rat="LTE" q="2.80" rsrp="-121" sinr="2" rsrq="-10"/>
      </extensions>
    </trkpt>
    <trkpt lat="45.7534705" lon="10.7511727">
      <ele>116.50714673441573</ele>
      <time>2026-08-29T17:18:59.181+02:00</time>
      <extensions>
        <activity type="UNKNOWN" conf="40" state="unknown" tsMs="1788016718738"/>
        <radio op="vodafone IT" rat="LTE" q="11.40" rsrp="-106" sinr="1" rsrq="-13"/>
        <radio op="I TIM" rat="LTE" q="2.50" rsrp="-120" sinr="0" rsrq="-11"/>
      </extensions>
    </trkpt>
    <trkpt lat="45.753469" lon="10.7511666">
      <ele>115.88186434606871</ele>
      <time>2026-08-29T17:19:09.262+02:00</time>
      <extensions>
        <activity type="UNKNOWN" conf="40" state="unknown" tsMs="1788016735138"/>
        <radio op="vodafone IT" rat="LTE" q="21.70" rsrp="-94" sinr="2" rsrq="-13"/>
        <radio op="I TIM" rat="LTE" q="3.60" rsrp="-119" sinr="1" rsrq="-10"/>
      </extensions>
    </trkpt>
    <trkpt lat="45.7534702" lon="10.7511647">
      <ele>115.44065686717022</ele>
      <time>2026-08-29T17:19:19.235+02:00</time>
      <extensions>
        <activity type="STILL" conf="99" state="still" tsMs="1788016750784"/>
        <radio op="vodafone IT" rat="LTE" q="30.00" rsrp="-95" sinr="5" rsrq="-12"/>
        <radio op="I TIM" rat="LTE" q="4.20" rsrp="-119" sinr="2" rsrq="-9"/>
      </extensions>
    </trkpt>
    <trkpt lat="45.75347" lon="10.751165">
      <ele>116.1139028244707</ele>
      <time>2026-08-29T17:19:30.216+02:00</time>
      <extensions>
        <activity type="STILL" conf="99" state="still" tsMs="1788016750784"/>
        <radio op="vodafone IT" rat="LTE" q="29.70" rsrp="-98" sinr="6" rsrq="-12"/>
        <radio op="I TIM" rat="LTE" q="3.00" rsrp="-120" sinr="1" rsrq="-11"/>
      </extensions>
    </trkpt>
    <trkpt lat="45.7534696" lon="10.7511611">
      <ele>115.956605687995</ele>
      <time>2026-08-29T17:19:40.301+02:00</time>
      <extensions>
        <activity type="UNKNOWN" conf="40" state="unknown" tsMs="1788016761356"/>
        <radio op="vodafone IT" rat="LTE" q="13.30" rsrp="-106" sinr="2" rsrq="-13"/>
        <radio op="I TIM" rat="LTE" q="2.40" rsrp="-121" sinr="1" rsrq="-11"/>
      </extensions>
    </trkpt>
    <trkpt lat="45.7534702" lon="10.7511563">
      <ele>115.57784883909164</ele>
      <time>2026-08-29T17:19:50.175+02:00</time>
      <extensions>
        <activity type="UNKNOWN" conf="40" state="unknown" tsMs="1788016776582"/>
        <radio op="vodafone IT" rat="LTE" rsrp="-103" rsrq="-14"/>
        <radio op="I TIM" rat="LTE" q="3.20" rsrp="-121" sinr="3" rsrq="-10"/>
      </extensions>
    </trkpt>
    <trkpt lat="45.7534706" lon="10.7511544">
      <ele>115.38330600029192</ele>
      <time>2026-08-29T17:20:00.243+02:00</time>
      <extensions>
        <activity type="STILL" conf="100" state="still" tsMs="1788016792402"/>
        <radio op="vodafone IT" rat="LTE" rsrp="-103" rsrq="-14"/>
        <radio op="I TIM" rat="LTE" q="2.80" rsrp="-121" sinr="2" rsrq="-10"/>
      </extensions>
    </trkpt>
    <trkpt lat="45.7534649" lon="10.7511506">
      <ele>115.14317707065075</ele>
      <time>2026-08-29T17:20:10.218+02:00</time>
      <extensions>
        <activity type="STILL" conf="100" state="still" tsMs="1788016792402"/>
        <radio op="vodafone IT" rat="LTE" q="18.60" rsrp="-94" sinr="1" rsrq="-11"/>
        <radio op="I TIM" rat="LTE" q="3.60" rsrp="-119" sinr="1" rsrq="-10"/>
      </extensions>
    </trkpt>
    <trkpt lat="45.7534624" lon="10.7511524">
      <ele>113.76441411668117</ele>
      <time>2026-08-29T17:20:20.193+02:00</time>
      <extensions>
        <activity type="UNKNOWN" conf="40" state="unknown" tsMs="1788016802972"/>
        <radio op="vodafone IT" rat="LTE" q="26.10" rsrp="-96" sinr="4" rsrq="-11"/>
        <radio op="I TIM" rat="LTE" rsrp="-116" rsrq="-10"/>
      </extensions>
    </trkpt>
    <trkpt lat="45.7534611" lon="10.7511564">
      <ele>113.4440864502366</ele>
      <time>2026-08-29T17:20:30.175+02:00</time>
      <extensions>
        <activity type="STILL" conf="42" state="still" tsMs="1788016819287"/>
        <radio op="vodafone IT" rat="LTE" q="34.80" rsrp="-96" sinr="7" rsrq="-10"/>
        <radio op="I TIM" rat="LTE" q="3.00" rsrp="-120" sinr="1" rsrq="-10"/>
      </extensions>
    </trkpt>
    <trkpt lat="45.7534643" lon="10.7511544">
      <ele>113.98837203109213</ele>
      <time>2026-08-29T17:20:40.254+02:00</time>
      <extensions>
        <activity type="STILL" conf="42" state="still" tsMs="1788016819287"/>
        <radio op="vodafone IT" rat="LTE" q="27.00" rsrp="-95" sinr="4" rsrq="-12"/>
        <radio op="I TIM" rat="LTE" q="2.70" rsrp="-122" sinr="4" rsrq="-11"/>
      </extensions>
    </trkpt>
    <trkpt lat="45.7534651" lon="10.7511567">
      <ele>114.52646390060009</ele>
      <time>2026-08-29T17:20:50.176+02:00</time>
      <extensions>
        <activity type="UNKNOWN" conf="40" state="unknown" tsMs="1788016834955"/>
        <radio op="vodafone IT" rat="LTE" q="14.40" rsrp="-107" sinr="3" rsrq="-12"/>
        <radio op="I TIM" rat="LTE" q="3.50" rsrp="-120" sinr="2" rsrq="-10"/>
      </extensions>
    </trkpt>
    <trkpt lat="45.753464" lon="10.7511527">
      <ele>114.14566463597835</ele>
      <time>2026-08-29T17:21:01.207+02:00</time>
      <extensions>
        <activity type="STILL" conf="97" state="still" tsMs="1788016849974"/>
        <radio op="vodafone IT" rat="LTE" q="11.40" rsrp="-106" sinr="1" rsrq="-14"/>
        <radio op="I TIM" rat="LTE" q="4.50" rsrp="-120" sinr="4" rsrq="-10"/>
      </extensions>
    </trkpt>
    <trkpt lat="45.7534641" lon="10.7511502">
      <ele>112.48814254043077</ele>
      <time>2026-08-29T17:21:11.289+02:00</time>
      <extensions>
        <activity type="UNKNOWN" conf="40" state="unknown" tsMs="1788016860758"/>
        <radio op="vodafone IT" rat="LTE" q="12.60" rsrp="-104" sinr="1" rsrq="-11"/>
        <radio op="I TIM" rat="LTE" q="4.20" rsrp="-119" sinr="2" rsrq="-9"/>
      </extensions>
    </trkpt>
    <trkpt lat="45.7534641" lon="10.7511505">
      <ele>112.4742349032319</ele>
      <time>2026-08-29T17:21:21.259+02:00</time>
      <extensions>
        <activity type="STILL" conf="96" state="still" tsMs="1788016876559"/>
        <radio op="vodafone IT" rat="LTE" q="16.00" rsrp="-109" sinr="5" rsrq="-12"/>
        <radio op="I TIM" rat="LTE" rsrp="-122" rsrq="-11"/>
      </extensions>
    </trkpt>
    <trkpt lat="45.7534648" lon="10.7511508">
      <ele>112.02530621944807</ele>
      <time>2026-08-29T17:21:31.229+02:00</time>
      <extensions>
        <activity type="STILL" conf="96" state="still" tsMs="1788016876559"/>
        <radio op="vodafone IT" rat="LTE" q="18.90" rsrp="-104" sinr="4" rsrq="-11"/>
        <radio op="I TIM" rat="LTE" rsrp="-111" rsrq="-17"/>
      </extensions>
    </trkpt>
    <trkpt lat="45.7534649" lon="10.7511512">
      <ele>111.8847547805776</ele>
      <time>2026-08-29T17:21:41.201+02:00</time>
      <extensions>
        <activity type="UNKNOWN" conf="40" state="unknown" tsMs="1788016886737"/>
        <radio op="vodafone IT" rat="LTE" q="12.60" rsrp="-107" sinr="2" rsrq="-13"/>
        <radio op="I TIM" rat="LTE" rsrp="-111" rsrq="-16"/>
      </extensions>
    </trkpt>
    <trkpt lat="45.7534304" lon="10.7511976">
      <ele>103.96452986532721</ele>
      <time>2026-08-29T17:30:01.175+02:00</time>
      <extensions>
        <activity type="UNKNOWN" conf="40" state="unknown" tsMs="1788017420709"/>
        <radio op="vodafone IT" rat="LTE" q="29.70" rsrp="-92" sinr="4" rsrq="-10"/>
        <radio op="I TIM" rat="LTE" rsrp="-104" rsrq="-15"/>
      </extensions>
    </trkpt>
    <trkpt lat="45.7534272" lon="10.7511976">
      <ele>105.75764786803592</ele>
      <time>2026-08-29T17:30:47.849+02:00</time>
      <extensions>
        <activity type="UNKNOWN" conf="40" state="unknown" tsMs="1788017442709"/>
        <radio op="vodafone IT" rat="LTE" q="36.30" rsrp="-92" sinr="6" rsrq="-13"/>
        <radio op="I TIM" rat="LTE" rsrp="-105" rsrq="-14"/>
      </extensions>
    </trkpt>
    <trkpt lat="45.7534588" lon="10.7511801">
      <ele>109.29865721505927</ele>
      <time>2026-08-29T17:31:35.176+02:00</time>
      <extensions>
        <activity type="STILL" conf="100" state="still" tsMs="1788017491236"/>
        <radio op="vodafone IT" rat="LTE" q="27.20" rsrp="-91" sinr="3" rsrq="-12"/>
        <radio op="I TIM" rat="LTE" q="8.50" rsrp="-108" sinr="0" rsrq="-12"/>
      </extensions>
    </trkpt>
    <trkpt lat="45.7534584" lon="10.7511803">
      <ele>113.98946296841201</ele>
      <time>2026-08-29T17:32:20.87+02:00</time>
      <extensions>
        <activity type="UNKNOWN" conf="40" state="unknown" tsMs="1788017535891"/>
        <radio op="vodafone IT" rat="LTE" q="24.00" rsrp="-95" sinr="3" rsrq="-11"/>
        <radio op="I TIM" rat="LTE" rsrp="-106" rsrq="-14"/>
      </extensions>
    </trkpt>
    <trkpt lat="45.753498" lon="10.7511867">
      <ele>114.05350412988359</ele>
      <time>2026-08-29T17:33:00.297+02:00</time>
      <extensions>
        <activity type="UNKNOWN" conf="40" state="unknown" tsMs="1788017574279"/>
        <radio op="vodafone IT" rat="LTE" q="17.60" rsrp="-103" sinr="3" rsrq="-11"/>
        <radio op="I TIM" rat="LTE" rsrp="-109" rsrq="-16"/>
      </extensions>
    </trkpt>
    <trkpt lat="45.7534394" lon="10.751172">
      <ele>112.8994498568539</ele>
      <time>2026-08-29T17:33:03.175+02:00</time>
      <extensions>
        <activity type="UNKNOWN" conf="40" state="unknown" tsMs="1788017585904"/>
        <radio op="vodafone IT" rat="LTE" q="23.10" rsrp="-92" sinr="2" rsrq="-12"/>
        <radio op="I TIM" rat="LTE" rsrp="-104" rsrq="-17"/>
      </extensions>
    </trkpt>
    <trkpt lat="45.7535549" lon="10.7512872">
      <ele>118.72605647655502</ele>
      <time>2026-08-29T17:36:48.42+02:00</time>
      <extensions>
        <activity type="UNKNOWN" conf="40" state="unknown" tsMs="1788017805903"/>
        <radio op="vodafone IT" rat="LTE" q="16.80" rsrp="-104" sinr="3" rsrq="-12"/>
        <radio op="I TIM" rat="LTE" rsrp="-108" rsrq="-16"/>
      </extensions>
    </trkpt>
    <trkpt lat="45.7534544" lon="10.7511036">
      <ele>116.19999694824219</ele>
      <time>2026-08-29T17:36:52.178+02:00</time>
      <extensions>
        <activity type="UNKNOWN" conf="40" state="unknown" tsMs="1788017805903"/>
        <radio op="vodafone IT" rat="LTE" q="11.20" rsrp="-111" sinr="3" rsrq="-12"/>
        <radio op="I TIM" rat="LTE" rsrp="-111" rsrq="-17"/>
      </extensions>
    </trkpt>
    <trkpt lat="45.753448" lon="10.7512016">
      <ele>116.19999694824219</ele>
      <time>2026-08-29T17:37:36.43+02:00</time>
      <extensions>
        <activity type="UNKNOWN" conf="40" state="unknown" tsMs="1788017854526"/>
        <radio op="vodafone IT" rat="LTE" q="14.40" rsrp="-109" sinr="4" rsrq="-11"/>
        <radio op="I TIM" rat="LTE" rsrp="-109" rsrq="-18"/>
      </extensions>
    </trkpt>
    <trkpt lat="45.7534484" lon="10.7511133">
      <ele>116.19999694824219</ele>
      <time>2026-08-29T17:37:40.177+02:00</time>
      <extensions>
        <activity type="UNKNOWN" conf="40" state="unknown" tsMs="1788017854526"/>
        <radio op="vodafone IT" rat="LTE" q="9.80" rsrp="-111" sinr="2" rsrq="-13"/>
        <radio op="I TIM" rat="LTE" rsrp="-110" rsrq="-19"/>
      </extensions>
    </trkpt>
    <trkpt lat="45.7534487" lon="10.7511182">
      <ele>111.50033221420134</ele>
      <time>2026-08-29T17:38:21.939+02:00</time>
      <extensions>
        <activity type="STILL" conf="39" state="still" tsMs="1788017897485"/>
        <radio op="vodafone IT" rat="LTE" rsrp="-104" rsrq="-14"/>
        <radio op="I TIM" rat="LTE" rsrp="-112" rsrq="-16"/>
      </extensions>
    </trkpt>
    <trkpt lat="45.7535539" lon="10.7510217">
      <ele>113.84232505248856</ele>
      <time>2026-08-29T17:38:54.818+02:00</time>
      <extensions>
        <activity type="ON_FOOT" conf="81" state="moving" tsMs="1788017929878"/>
        <radio op="vodafone IT" rat="LTE" q="11.40" rsrp="-106" sinr="1" rsrq="-13"/>
        <radio op="I TIM" rat="LTE" q="23.40" rsrp="-107" sinr="8" rsrq="-10"/>
      </extensions>
    </trkpt>
    <trkpt lat="45.7535281" lon="10.7510869">
      <ele>116.19999694824219</ele>
      <time>2026-08-29T17:38:58.177+02:00</time>
      <extensions>
        <activity type="UNKNOWN" conf="40" state="unknown" tsMs="1788017940408"/>
        <radio op="vodafone IT" rat="LTE" q="14.00" rsrp="-105" sinr="2" rsrq="-11"/>
        <radio op="I TIM" rat="LTE" q="28.80" rsrp="-101" sinr="7" rsrq="-10"/>
      </extensions>
    </trkpt>
    <trkpt lat="45.7535269" lon="10.7510934">
      <ele>64.58102609799387</ele>
      <time>2026-08-29T17:39:35.545+02:00</time>
      <extensions>
        <activity type="STILL" conf="38" state="still" tsMs="1788017972832"/>
        <radio op="vodafone IT" rat="LTE" rsrp="-111" rsrq="-14"/>
        <radio op="I TIM" rat="LTE" rsrp="-117" rsrq="-19"/>
      </extensions>
    </trkpt>
    <trkpt lat="45.7534787" lon="10.7511075">
      <ele>107.4512004828013</ele>
      <time>2026-08-29T17:40:10.178+02:00</time>
      <extensions>
        <activity type="UNKNOWN" conf="40" state="unknown" tsMs="1788018006626"/>
        <radio op="vodafone IT" rat="LTE" rsrp="-101" rsrq="-13"/>
        <radio op="I TIM" rat="LTE" rsrp="-105" rsrq="-14"/>
      </extensions>
    </trkpt>
    <trkpt lat="45.7539701" lon="10.7511868">
      <ele>114.00136561924404</ele>
      <time>2026-08-29T17:40:49.879+02:00</time>
      <extensions>
        <activity type="UNKNOWN" conf="40" state="unknown" tsMs="1788018048737"/>
        <radio op="vodafone IT" rat="LTE" q="12.60" rsrp="-107" sinr="2" rsrq="-13"/>
        <radio op="I TIM" rat="LTE" rsrp="-109" rsrq="-14"/>
      </extensions>
    </trkpt>
    <trkpt lat="45.7535145" lon="10.7511059">
      <ele>111.1861428417121</ele>
      <time>2026-08-29T17:41:57.176+02:00</time>
      <extensions>
        <activity type="UNKNOWN" conf="40" state="unknown" tsMs="1788018112299"/>
        <radio op="vodafone IT" rat="LTE" q="9.60" rsrp="-109" sinr="1" rsrq="-13"/>
        <radio op="I TIM" rat="LTE" rsrp="-104" rsrq="-15"/>
      </extensions>
    </trkpt>
    <trkpt lat="45.7535108" lon="10.7511108">
      <ele>108.57302176391669</ele>
      <time>2026-08-29T17:42:27.685+02:00</time>
      <extensions>
        <activity type="ON_FOOT" conf="84" state="moving" tsMs="1788018143567"/>
        <radio op="vodafone IT" rat="LTE" rsrp="-114" rsrq="-17"/>
        <radio op="I TIM" rat="LTE" rsrp="-110" rsrq="-16"/>
      </extensions>
    </trkpt>
    <trkpt lat="45.7535108" lon="10.7511108">
      <ele>111.28887829122003</ele>
      <time>2026-08-29T17:42:58.977+02:00</time>
      <extensions>
        <activity type="ON_FOOT" conf="83" state="moving" tsMs="1788018175613"/>
        <radio op="vodafone IT" rat="LTE" rsrp="-114" rsrq="-13"/>
        <radio op="I TIM" rat="LTE" rsrp="-112" rsrq="-14"/>
      </extensions>
    </trkpt>
    <trkpt lat="45.7531437" lon="10.7490788">
      <ele>110.52142145615673</ele>
      <time>2026-08-29T17:43:45.815+02:00</time>
      <extensions>
        <activity type="ON_FOOT" conf="96" state="moving" tsMs="1788018221254"/>
        <radio op="vodafone IT" rat="LTE" rsrp="-116" rsrq="-18"/>
        <radio op="I TIM" rat="LTE" rsrp="-113" rsrq="-15"/>
      </extensions>
    </trkpt>
    <trkpt lat="45.7536997" lon="10.7499358">
      <ele>113.64960390835924</ele>
      <time>2026-08-29T17:44:36.174+02:00</time>
      <extensions>
        <activity type="ON_FOOT" conf="94" state="moving" tsMs="1788018274110"/>
        <radio op="vodafone IT" rat="LTE" rsrp="-109" rsrq="-18"/>
        <radio op="I TIM" rat="LTE" rsrp="-113" rsrq="-16"/>
      </extensions>
    </trkpt>
    <trkpt lat="45.7536782" lon="10.7499915">
      <ele>109.70869070643673</ele>
      <time>2026-08-29T17:45:13.689+02:00</time>
      <extensions>
        <activity type="ON_FOOT" conf="92" state="moving" tsMs="1788018312714"/>
        <radio op="vodafone IT" rat="LTE" rsrp="-117" rsrq="-19"/>
        <radio op="I TIM" rat="LTE" rsrp="-118" rsrq="-16"/>
      </extensions>
    </trkpt>
    <trkpt lat="45.7531502" lon="10.748821">
      <ele>119.69999694824219</ele>
      <time>2026-08-29T17:45:57.437+02:00</time>
      <extensions>
        <activity type="UNKNOWN" conf="40" state="unknown" tsMs="1788018355912"/>
        <radio op="vodafone IT" rat="LTE" rsrp="-118" rsrq="-15"/>
        <radio op="I TIM" rat="LTE" rsrp="-116" rsrq="-15"/>
      </extensions>
    </trkpt>
    <trkpt lat="45.7532375" lon="10.7498602">
      <ele>118.30000305175781</ele>
      <time>2026-08-29T17:46:33.013+02:00</time>
      <extensions>
        <activity type="UNKNOWN" conf="40" state="unknown" tsMs="1788018388940"/>
        <radio op="vodafone IT" rat="LTE" q="3.50" rsrp="-118" sinr="0" rsrq="-14"/>
        <radio op="I TIM" rat="LTE" rsrp="-114" rsrq="-15"/>
      </extensions>
    </trkpt>
    <trkpt lat="45.7531595" lon="10.7497224">
      <ele>122.42655501705543</ele>
      <time>2026-08-29T17:47:20.27+02:00</time>
      <extensions>
        <activity type="UNKNOWN" conf="40" state="unknown" tsMs="1788018437903"/>
        <radio op="vodafone IT" rat="LTE" q="4.50" rsrp="-116" sinr="0" rsrq="-14"/>
        <radio op="I TIM" rat="LTE" rsrp="-114" rsrq="-15"/>
      </extensions>
    </trkpt>
    <trkpt lat="45.7536685" lon="10.7509363">
      <ele>129.8242240975867</ele>
      <time>2026-08-29T17:48:07.18+02:00</time>
      <extensions>
        <activity type="ON_FOOT" conf="94" state="moving" tsMs="1788018478892"/>
        <radio op="vodafone IT" rat="LTE" rsrp="-116" rsrq="-16"/>
        <radio op="I TIM" rat="LTE" rsrp="-113" rsrq="-16"/>
      </extensions>
    </trkpt>
    <trkpt lat="45.7536494" lon="10.7509522">
      <ele>126.32653987730822</ele>
      <time>2026-08-29T17:48:57.705+02:00</time>
      <extensions>
        <activity type="ON_FOOT" conf="96" state="moving" tsMs="1788018537115"/>
        <radio op="vodafone IT" rat="LTE" rsrp="-111" rsrq="-15"/>
        <radio op="I TIM" rat="LTE" rsrp="-112" rsrq="-16"/>
      </extensions>
    </trkpt>
    <trkpt lat="45.7544968" lon="10.75072">
      <ele>118.9000015258789</ele>
      <time>2026-08-29T17:49:39.856+02:00</time>
      <extensions>
        <activity type="ON_FOOT" conf="96" state="moving" tsMs="1788018580260"/>
        <radio op="vodafone IT" rat="LTE" rsrp="-112" rsrq="-15"/>
        <radio op="I TIM" rat="LTE" rsrp="-110" rsrq="-17"/>
      </extensions>
    </trkpt>
    <trkpt lat="45.7548566" lon="10.7504723">
      <ele>119.9000015258789</ele>
      <time>2026-08-29T17:50:13.245+02:00</time>
      <extensions>
        <activity type="ON_FOOT" conf="96" state="moving" tsMs="1788018608494"/>
        <radio op="vodafone IT" rat="LTE" rsrp="-116" rsrq="-15"/>
        <radio op="I TIM" rat="LTE" rsrp="-110" rsrq="-16"/>
      </extensions>
    </trkpt>
    <trkpt lat="45.7548259" lon="10.7503515">
      <ele>113.26579993746873</ele>
      <time>2026-08-29T17:51:07.952+02:00</time>
      <extensions>
        <activity type="UNKNOWN" conf="40" state="unknown" tsMs="1788018665925"/>
        <radio op="vodafone IT" rat="LTE" q="14.40" rsrp="-109" sinr="4" rsrq="-9"/>
        <radio op="I TIM" rat="LTE" rsrp="-109" rsrq="-15"/>
      </extensions>
    </trkpt>
    <trkpt lat="45.7548672" lon="10.7504346">
      <ele>119.69999694824219</ele>
      <time>2026-08-29T17:51:39.233+02:00</time>
      <extensions>
        <activity type="UNKNOWN" conf="40" state="unknown" tsMs="1788018693736"/>
        <radio op="vodafone IT" rat="LTE" q="7.20" rsrp="-113" sinr="1" rsrq="-11"/>
        <radio op="I TIM" rat="LTE" rsrp="-108" rsrq="-15"/>
      </extensions>
    </trkpt>
    <trkpt lat="45.7548736" lon="10.750462">
      <ele>119.69999694824219</ele>
      <time>2026-08-29T17:52:10.471+02:00</time>
      <extensions>
        <activity type="UNKNOWN" conf="40" state="unknown" tsMs="1788018730354"/>
        <radio op="vodafone IT" rat="LTE" rsrp="-109" rsrq="-13"/>
        <radio op="I TIM" rat="LTE" rsrp="-105" rsrq="-15"/>
      </extensions>
    </trkpt>
    <trkpt lat="45.7547189" lon="10.7505626">
      <ele>115.08570098728542</ele>
      <time>2026-08-29T17:52:42.998+02:00</time>
      <extensions>
        <activity type="STILL" conf="46" state="still" tsMs="1788018761563"/>
        <radio op="vodafone IT" rat="LTE" q="12.00" rsrp="-105" sinr="1" rsrq="-13"/>
        <radio op="I TIM" rat="LTE" rsrp="-105" rsrq="-15"/>
      </extensions>
    </trkpt>
    <trkpt lat="45.7548284" lon="10.7503081">
      <ele>119.80000305175781</ele>
      <time>2026-08-29T17:53:14.227+02:00</time>
      <extensions>
        <activity type="UNKNOWN" conf="40" state="unknown" tsMs="1788018788712"/>
        <radio op="vodafone IT" rat="LTE" rsrp="-109" rsrq="-13"/>
        <radio op="I TIM" rat="LTE" rsrp="-104" rsrq="-15"/>
      </extensions>
    </trkpt>
    <trkpt lat="45.7546822" lon="10.7502012">
      <ele>119.69999694824219</ele>
      <time>2026-08-29T17:53:40.514+02:00</time>
      <extensions>
        <activity type="STILL" conf="96" state="still" tsMs="1788018825291"/>
        <radio op="vodafone IT" rat="LTE" rsrp="-108" rsrq="-14"/>
        <radio op="I TIM" rat="LTE" rsrp="-103" rsrq="-15"/>
      </extensions>
    </trkpt>
    <trkpt lat="45.7548211" lon="10.7502637">
      <ele>119.80000305175781</ele>
      <time>2026-08-29T17:54:15.97+02:00</time>
      <extensions>
        <activity type="STILL" conf="35" state="still" tsMs="1788018851276"/>
        <radio op="vodafone IT" rat="LTE" q="11.90" rsrp="-108" sinr="2" rsrq="-12"/>
        <radio op="I TIM" rat="LTE" rsrp="-103" rsrq="-15"/>
      </extensions>
    </trkpt>
    <trkpt lat="45.7546793" lon="10.7502136">
      <ele>131.9281008486403</ele>
      <time>2026-08-29T17:54:47.652+02:00</time>
      <extensions>
        <activity type="STILL" conf="44" state="still" tsMs="1788018883702"/>
        <radio op="vodafone IT" rat="LTE" rsrp="-109" rsrq="-15"/>
        <radio op="I TIM" rat="LTE" rsrp="-119" rsrq="-14"/>
      </extensions>
    </trkpt>
    <trkpt lat="45.7547484" lon="10.7504528">
      <ele>207.4922402298381</ele>
      <time>2026-08-29T17:55:18.845+02:00</time>
      <extensions>
        <activity type="UNKNOWN" conf="40" state="unknown" tsMs="1788018915378"/>
        <radio op="vodafone IT" rat="LTE" rsrp="-102" rsrq="-15"/>
        <radio op="I TIM" rat="LTE" q="11.40" rsrp="-106" sinr="1" rsrq="-14"/>
      </extensions>
    </trkpt>
    <trkpt lat="45.7547775" lon="10.7503385">
      <ele>207.2460013459327</ele>
      <time>2026-08-29T17:55:50.07+02:00</time>
      <extensions>
        <activity type="STILL" conf="96" state="still" tsMs="1788018946305"/>
        <radio op="vodafone IT" rat="LTE" rsrp="-106" rsrq="-16"/>
        <radio op="I TIM" rat="LTE" q="8.50" rsrp="-108" sinr="0" rsrq="-15"/>
      </extensions>
    </trkpt>
    <trkpt lat="45.7548142" lon="10.7503664">
      <ele>206.90325728794375</ele>
      <time>2026-08-29T17:56:20.105+02:00</time>
      <extensions>
        <activity type="STILL" conf="99" state="still" tsMs="1788018977622"/>
        <radio op="vodafone IT" rat="LTE" rsrp="-102" rsrq="-14"/>
        <radio op="I TIM" rat="LTE" rsrp="-105" rsrq="-14"/>
      </extensions>
    </trkpt>
    <trkpt lat="45.7547844" lon="10.7504099">
      <ele>205.34629100066488</ele>
      <time>2026-08-29T17:56:41.515+02:00</time>
      <extensions>
        <activity type="STILL" conf="97" state="still" tsMs="1788018999125"/>
        <radio op="vodafone IT" rat="LTE" rsrp="-107" rsrq="-12"/>
        <radio op="I TIM" rat="LTE" rsrp="-102" rsrq="-15"/>
      </extensions>
    </trkpt>
    <trkpt lat="45.754422" lon="10.7498365">
      <ele>205.73097091946977</ele>
      <time>2026-08-29T17:56:52.181+02:00</time>
      <extensions>
        <activity type="STILL" conf="97" state="still" tsMs="1788019004911"/>
        <radio op="vodafone IT" rat="LTE" q="10.00" rsrp="-105" sinr="0" rsrq="-11"/>
        <radio op="I TIM" rat="LTE" q="14.40" rsrp="-101" sinr="1" rsrq="-15"/>
      </extensions>
    </trkpt>
    <trkpt lat="45.7545244" lon="10.7500584">
      <ele>194.40707068377958</ele>
      <time>2026-08-29T17:57:02.177+02:00</time>
      <extensions>
        <activity type="STILL" conf="97" state="still" tsMs="1788019004911"/>
        <radio op="vodafone IT" rat="LTE" q="10.00" rsrp="-105" sinr="0" rsrq="-11"/>
        <radio op="I TIM" rat="LTE" q="13.80" rsrp="-102" sinr="1" rsrq="-15"/>
      </extensions>
    </trkpt>
    <trkpt lat="45.7545418" lon="10.7500933">
      <ele>119.69999694824219</ele>
      <time>2026-08-29T17:57:12.177+02:00</time>
      <extensions>
        <activity type="UNKNOWN" conf="40" state="unknown" tsMs="1788019016906"/>
        <radio op="vodafone IT" rat="LTE" rsrp="-106" rsrq="-13"/>
        <radio op="I TIM" rat="LTE" rsrp="-102" rsrq="-15"/>
      </extensions>
    </trkpt>
    <trkpt lat="45.7545434" lon="10.7500921">
      <ele>119.80000305175781</ele>
      <time>2026-08-29T17:57:15.181+02:00</time>
      <extensions>
        <activity type="UNKNOWN" conf="40" state="unknown" tsMs="1788019016906"/>
        <radio op="vodafone IT" rat="LTE" rsrp="-109" rsrq="-15"/>
        <radio op="I TIM" rat="LTE" rsrp="-111" rsrq="-16"/>
      </extensions>
    </trkpt>
    <trkpt lat="45.7547195" lon="10.7502265">
      <ele>119.80000305175781</ele>
      <time>2026-08-29T17:57:53.969+02:00</time>
      <extensions>
        <activity type="UNKNOWN" conf="40" state="unknown" tsMs="1788019069075"/>
        <radio op="vodafone IT" rat="LTE" q="8.00" rsrp="-109" sinr="0" rsrq="-13"/>
        <radio op="I TIM" rat="LTE" rsrp="-102" rsrq="-15"/>
      </extensions>
    </trkpt>
    <trkpt lat="45.7547588" lon="10.7503088">
      <ele>119.80000305175781</ele>
      <time>2026-08-29T17:58:25.163+02:00</time>
      <extensions>
        <activity type="UNKNOWN" conf="40" state="unknown" tsMs="1788019101624"/>
        <radio op="vodafone IT" rat="LTE" rsrp="-107" rsrq="-13"/>
        <radio op="I TIM" rat="LTE" rsrp="-103" rsrq="-15"/>
      </extensions>
    </trkpt>
    <trkpt lat="45.7547375" lon="10.7503162">
      <ele>119.80000305175781</ele>
      <time>2026-08-29T17:58:56.498+02:00</time>
      <extensions>
        <activity type="STILL" conf="98" state="still" tsMs="1788019132764"/>
        <radio op="vodafone IT" rat="LTE" rsrp="-110" rsrq="-13"/>
        <radio op="I TIM" rat="LTE" rsrp="-100" rsrq="-16"/>
      </extensions>
    </trkpt>
    <trkpt lat="45.7548384" lon="10.7503731">
      <ele>119.80000305175781</ele>
      <time>2026-08-29T17:59:27.569+02:00</time>
      <extensions>
        <activity type="STILL" conf="98" state="still" tsMs="1788019164139"/>
        <radio op="vodafone IT" rat="LTE" rsrp="-107" rsrq="-14"/>
        <radio op="I TIM" rat="LTE" q="20.30" rsrp="-96" sinr="2" rsrq="-13"/>
      </extensions>
    </trkpt>
    <trkpt lat="45.7548078" lon="10.7505265">
      <ele>119.80000305175781</ele>
      <time>2026-08-29T17:59:58.84+02:00</time>
      <extensions>
        <activity type="STILL" conf="47" state="still" tsMs="1788019195214"/>
        <radio op="vodafone IT" rat="LTE" rsrp="-112" rsrq="-14"/>
        <radio op="I TIM" rat="LTE" rsrp="-103" rsrq="-15"/>
      </extensions>
    </trkpt>
    <trkpt lat="45.7548615" lon="10.7503888">
      <ele>121.50007731791493</ele>
      <time>2026-08-29T18:00:30.102+02:00</time>
      <extensions>
        <activity type="STILL" conf="99" state="still" tsMs="1788019226418"/>
        <radio op="vodafone IT" rat="LTE" rsrp="-108" rsrq="-14"/>
        <radio op="I TIM" rat="LTE" rsrp="-100" rsrq="-15"/>
      </extensions>
    </trkpt>
    <trkpt lat="45.7547808" lon="10.7505619">
      <ele>119.69999694824219</ele>
      <time>2026-08-29T18:01:01.381+02:00</time>
      <extensions>
        <activity type="UNKNOWN" conf="40" state="unknown" tsMs="1788019257624"/>
        <radio op="vodafone IT" rat="LTE" rsrp="-106" rsrq="-13"/>
        <radio op="I TIM" rat="LTE" rsrp="-100" rsrq="-15"/>
      </extensions>
    </trkpt>
    <trkpt lat="45.7548423" lon="10.750494">
      <ele>119.80000305175781</ele>
      <time>2026-08-29T18:01:32.538+02:00</time>
      <extensions>
        <activity type="STILL" conf="60" state="still" tsMs="1788019289181"/>
        <radio op="vodafone IT" rat="LTE" q="13.20" rsrp="-103" sinr="1" rsrq="-12"/>
        <radio op="I TIM" rat="LTE" rsrp="-99" rsrq="-15"/>
      </extensions>
    </trkpt>
    <trkpt lat="45.7546911" lon="10.7503253">
      <ele>119.80000305175781</ele>
      <time>2026-08-29T18:02:03.815+02:00</time>
      <extensions>
        <activity type="STILL" conf="49" state="still" tsMs="1788019320240"/>
        <radio op="vodafone IT" rat="LTE" rsrp="-112" rsrq="-16"/>
        <radio op="I TIM" rat="LTE" rsrp="-103" rsrq="-15"/>
      </extensions>
    </trkpt>
    <trkpt lat="45.7548708" lon="10.7503733">
      <ele>119.80000305175781</ele>
      <time>2026-08-29T18:02:34.962+02:00</time>
      <extensions>
        <activity type="STILL" conf="36" state="still" tsMs="1788019351418"/>
        <radio op="vodafone IT" rat="LTE" rsrp="-119" rsrq="-16"/>
        <radio op="I TIM" rat="LTE" rsrp="-107" rsrq="-15"/>
      </extensions>
    </trkpt>
    <trkpt lat="45.7547131" lon="10.7503184">
      <ele>119.80000305175781</ele>
      <time>2026-08-29T18:03:06.208+02:00</time>
      <extensions>
        <activity type="STILL" conf="74" state="still" tsMs="1788019382779"/>
        <radio op="vodafone IT" rat="LTE" q="7.20" rsrp="-116" sinr="3" rsrq="-11"/>
        <radio op="I TIM" rat="LTE" rsrp="-111" rsrq="-15"/>
      </extensions>
    </trkpt>
    <trkpt lat="45.7548011" lon="10.7505204">
      <ele>119.80000305175781</ele>
      <time>2026-08-29T18:03:37.436+02:00</time>
      <extensions>
        <activity type="UNKNOWN" conf="40" state="unknown" tsMs="1788019413922"/>
        <radio op="vodafone IT" rat="LTE" rsrp="-113" rsrq="-14"/>
        <radio op="I TIM" rat="LTE" rsrp="-109" rsrq="-15"/>
      </extensions>
    </trkpt>
    <trkpt lat="45.7548458" lon="10.7505017">
      <ele>119.80000305175781</ele>
      <time>2026-08-29T18:04:08.912+02:00</time>
      <extensions>
        <activity type="STILL" conf="99" state="still" tsMs="1788019445294"/>
        <radio op="vodafone IT" rat="LTE" q="20.90" rsrp="-106" sinr="6" rsrq="-12"/>
        <radio op="I TIM" rat="LTE" q="11.00" rsrp="-103" sinr="0" rsrq="-15"/>
      </extensions>
    </trkpt>
    <trkpt lat="45.7548386" lon="10.7504247">
      <ele>119.80000305175781</ele>
      <time>2026-08-29T18:04:58.519+02:00</time>
      <extensions>
        <activity type="STILL" conf="99" state="still" tsMs="1788019493512"/>
        <radio op="vodafone IT" rat="LTE" q="11.90" rsrp="-108" sinr="2" rsrq="-13"/>
        <radio op="I TIM" rat="LTE" rsrp="-102" rsrq="-15"/>
      </extensions>
    </trkpt>
    <trkpt lat="45.7548481" lon="10.7504056">
      <ele>119.80000305175781</ele>
      <time>2026-08-29T18:05:29.875+02:00</time>
      <extensions>
        <activity type="STILL" conf="99" state="still" tsMs="1788019526328"/>
        <radio op="vodafone IT" rat="LTE" rsrp="-114" rsrq="-15"/>
        <radio op="I TIM" rat="LTE" rsrp="-102" rsrq="-15"/>
      </extensions>
    </trkpt>
    <trkpt lat="45.7548505" lon="10.7503465">
      <ele>119.80000305175781</ele>
      <time>2026-08-29T18:06:01.152+02:00</time>
      <extensions>
        <activity type="STILL" conf="96" state="still" tsMs="1788019557606"/>
        <radio op="vodafone IT" rat="LTE" q="14.40" rsrp="-107" sinr="3" rsrq="-12"/>
        <radio op="I TIM" rat="LTE" rsrp="-105" rsrq="-15"/>
      </extensions>
    </trkpt>
    <trkpt lat="45.7548659" lon="10.7503646">
      <ele>119.80000305175781</ele>
      <time>2026-08-29T18:06:32.164+02:00</time>
      <extensions>
        <activity type="STILL" conf="99" state="still" tsMs="1788019588519"/>
        <radio op="vodafone IT" rat="LTE" q="15.20" rsrp="-106" sinr="3" rsrq="-11"/>
        <radio op="I TIM" rat="LTE" rsrp="-104" rsrq="-15"/>
      </extensions>
    </trkpt>
    <trkpt lat="45.7548888" lon="10.7503863">
      <ele>119.69999694824219</ele>
      <time>2026-08-29T18:07:03.062+02:00</time>
      <extensions>
        <activity type="STILL" conf="99" state="still" tsMs="1788019619413"/>
        <radio op="vodafone IT" rat="LTE" q="9.50" rsrp="-106" sinr="0" rsrq="-12"/>
        <radio op="I TIM" rat="LTE" rsrp="-104" rsrq="-15"/>
      </extensions>
    </trkpt>
    <trkpt lat="45.7548317" lon="10.7503288">
      <ele>119.80000305175781</ele>
      <time>2026-08-29T18:07:44.006+02:00</time>
      <extensions>
        <activity type="STILL" conf="99" state="still" tsMs="1788019661898"/>
        <radio op="vodafone IT" rat="LTE" q="9.00" rsrp="-110" sinr="1" rsrq="-14"/>
        <radio op="I TIM" rat="LTE" rsrp="-105" rsrq="-16"/>
      </extensions>
    </trkpt>
    <trkpt lat="45.7549509" lon="10.7500445">
      <ele>120.0</ele>
      <time>2026-08-29T18:08:10.187+02:00</time>
      <extensions>
        <activity type="STILL" conf="73" state="still" tsMs="1788019691885"/>
        <radio op="vodafone IT" rat="LTE" rsrp="-108" rsrq="-13"/>
        <radio op="I TIM" rat="LTE" rsrp="-102" rsrq="-15"/>
      </extensions>
    </trkpt>
    <trkpt lat="45.754862" lon="10.7504441">
      <ele>120.0</ele>
      <time>2026-08-29T18:08:28.176+02:00</time>
      <extensions>
        <activity type="STILL" conf="79" state="still" tsMs="1788019711396"/>
        <radio op="vodafone IT" rat="LTE" q="12.00" rsrp="-110" sinr="3" rsrq="-13"/>
        <radio op="I TIM" rat="LTE" rsrp="-104" rsrq="-15"/>
      </extensions>
    </trkpt>
    <trkpt lat="45.7548988" lon="10.7503916">
      <ele>119.80000305175781</ele>
      <time>2026-08-29T18:09:05.876+02:00</time>
      <extensions>
        <activity type="UNKNOWN" conf="40" state="unknown" tsMs="1788019743436"/>
        <radio op="vodafone IT" rat="LTE" q="9.60" rsrp="-109" sinr="1" rsrq="-13"/>
        <radio op="I TIM" rat="LTE" rsrp="-103" rsrq="-15"/>
      </extensions>
    </trkpt>
    <trkpt lat="45.7548567" lon="10.7503844">
      <ele>119.80000305175781</ele>
      <time>2026-08-29T18:09:37.048+02:00</time>
      <extensions>
        <activity type="STILL" conf="53" state="still" tsMs="1788019776943"/>
        <radio op="vodafone IT" rat="LTE" rsrp="-108" rsrq="-13"/>
        <radio op="I TIM" rat="LTE" rsrp="-101" rsrq="-15"/>
      </extensions>
    </trkpt>
    <trkpt lat="45.754872" lon="10.750445">
      <ele>119.80000305175781</ele>
      <time>2026-08-29T18:10:08.411+02:00</time>
      <extensions>
        <activity type="STILL" conf="86" state="still" tsMs="1788019802772"/>
        <radio op="vodafone IT" rat="LTE" rsrp="-112" rsrq="-16"/>
        <radio op="I TIM" rat="LTE" rsrp="-105" rsrq="-15"/>
      </extensions>
    </trkpt>
    <trkpt lat="45.7548189" lon="10.7502123">
      <ele>119.80000305175781</ele>
      <time>2026-08-29T18:10:39.505+02:00</time>
      <extensions>
        <activity type="STILL" conf="83" state="still" tsMs="1788019836427"/>
        <radio op="vodafone IT" rat="LTE" q="7.50" rsrp="-110" sinr="0" rsrq="-13"/>
        <radio op="I TIM" rat="LTE" rsrp="-103" rsrq="-15"/>
      </extensions>
    </trkpt>
    <trkpt lat="45.7549018" lon="10.7504443">
      <ele>119.69999694824219</ele>
      <time>2026-08-29T18:11:10.489+02:00</time>
      <extensions>
        <activity type="STILL" conf="55" state="still" tsMs="1788019865161"/>
        <radio op="vodafone IT" rat="LTE" rsrp="-108" rsrq="-14"/>
        <radio op="I TIM" rat="LTE" q="11.00" rsrp="-103" sinr="0" rsrq="-15"/>
      </extensions>
    </trkpt>
    <trkpt lat="45.7548463" lon="10.7503883">
      <ele>119.80000305175781</ele>
      <time>2026-08-29T18:11:41.661+02:00</time>
      <extensions>
        <activity type="UNKNOWN" conf="40" state="unknown" tsMs="1788019896232"/>
        <radio op="vodafone IT" rat="LTE" rsrp="-109" rsrq="-14"/>
        <radio op="I TIM" rat="LTE" rsrp="-102" rsrq="-15"/>
      </extensions>
    </trkpt>
    <trkpt lat="45.7548714" lon="10.7504233">
      <ele>119.80000305175781</ele>
      <time>2026-08-29T18:12:12.52+02:00</time>
      <extensions>
        <activity type="UNKNOWN" conf="40" state="unknown" tsMs="1788019932468"/>
        <radio op="vodafone IT" rat="LTE" rsrp="-108" rsrq="-15"/>
        <radio op="I TIM" rat="LTE" rsrp="-101" rsrq="-15"/>
      </extensions>
    </trkpt>
    <trkpt lat="45.7549117" lon="10.7504291">
      <ele>119.80000305175781</ele>
      <time>2026-08-29T18:12:43.431+02:00</time>
      <extensions>
        <activity type="UNKNOWN" conf="40" state="unknown" tsMs="1788019963378"/>
        <radio op="vodafone IT" rat="LTE" rsrp="-109" rsrq="-15"/>
        <radio op="I TIM" rat="LTE" q="13.20" rsrp="-103" sinr="1" rsrq="-14"/>
      </extensions>
    </trkpt>
    <trkpt lat="45.7546892" lon="10.7502168">
      <ele>119.80000305175781</ele>
      <time>2026-08-29T18:13:09.48+02:00</time>
      <extensions>
        <activity type="UNKNOWN" conf="40" state="unknown" tsMs="1788019989101"/>
        <radio op="vodafone IT" rat="LTE" rsrp="-110" rsrq="-14"/>
        <radio op="I TIM" rat="LTE" rsrp="-102" rsrq="-15"/>
      </extensions>
    </trkpt>
    <trkpt lat="45.7546985" lon="10.7501894">
      <ele>119.80000305175781</ele>
      <time>2026-08-29T18:13:45.073+02:00</time>
      <extensions>
        <activity type="STILL" conf="31" state="still" tsMs="1788020020307"/>
        <radio op="vodafone IT" rat="LTE" q="10.40" rsrp="-112" sinr="3" rsrq="-9"/>
        <radio op="I TIM" rat="LTE" rsrq="-20"/>
      </extensions>
    </trkpt>
    <trkpt lat="45.7547873" lon="10.7502937">
      <ele>119.80000305175781</ele>
      <time>2026-08-29T18:14:16.422+02:00</time>
      <extensions>
        <activity type="STILL" conf="97" state="still" tsMs="1788020052926"/>
        <radio op="vodafone IT" rat="LTE" q="11.70" rsrp="-112" sinr="4" rsrq="-9"/>
        <radio op="I TIM" rat="LTE" rsrq="-20"/>
      </extensions>
    </trkpt>
    <trkpt lat="45.7546724" lon="10.7501976">
      <ele>119.80000305175781</ele>
      <time>2026-08-29T18:14:47.721+02:00</time>
      <extensions>
        <activity type="STILL" conf="70" state="still" tsMs="1788020084302"/>
        <radio op="vodafone IT" rat="LTE" q="10.80" rsrp="-113" sinr="4" rsrq="-9"/>
        <radio op="I TIM" rat="LTE" rsrq="-20"/>
      </extensions>
    </trkpt>
    <trkpt lat="45.7547735" lon="10.7502513">
      <ele>119.69999694824219</ele>
      <time>2026-08-29T18:15:18.907+02:00</time>
      <extensions>
        <activity type="STILL" conf="87" state="still" tsMs="1788020115517"/>
        <radio op="vodafone IT" rat="LTE" q="6.60" rsrp="-114" sinr="1" rsrq="-13"/>
        <radio op="I TIM" rat="LTE" rsrq="-20"/>
      </extensions>
    </trkpt>
    <trkpt lat="45.7548556" lon="10.7504173">
      <ele>119.80000305175781</ele>
      <time>2026-08-29T18:15:48.622+02:00</time>
      <extensions>
        <activity type="STILL" conf="79" state="still" tsMs="1788020146643"/>
        <radio op="vodafone IT" rat="LTE" rsrp="-109" rsrq="-14"/>
        <radio op="I TIM" rat="LTE" rsrp="-102" rsrq="-15"/>
      </extensions>
    </trkpt>
    <trkpt lat="45.7548392" lon="10.7504443">
      <ele>119.80000305175781</ele>
      <time>2026-08-29T18:16:01.194+02:00</time>
      <extensions>
        <activity type="STILL" conf="66" state="still" tsMs="1788020161166"/>
        <radio op="vodafone IT" rat="LTE" rsrp="-105" rsrq="-13"/>
        <radio op="I TIM" rat="LTE" rsrp="-99" rsrq="-16"/>
      </extensions>
    </trkpt>
    <trkpt lat="45.7548675" lon="10.7504196">
      <ele>119.80000305175781</ele>
      <time>2026-08-29T18:16:11.174+02:00</time>
      <extensions>
        <activity type="STILL" conf="66" state="still" tsMs="1788020161166"/>
        <radio op="vodafone IT" rat="LTE" q="8.50" rsrp="-108" sinr="0" rsrq="-13"/>
        <radio op="I TIM" rat="LTE" rsrp="-100" rsrq="-14"/>
      </extensions>
    </trkpt>
    <trkpt lat="45.7548728" lon="10.7504205">
      <ele>119.80000305175781</ele>
      <time>2026-08-29T18:16:21.175+02:00</time>
      <extensions>
        <activity type="STILL" conf="54" state="still" tsMs="1788020165646"/>
        <radio op="vodafone IT" rat="LTE" rsrp="-110" rsrq="-15"/>
        <radio op="I TIM" rat="LTE" rsrp="-103" rsrq="-15"/>
      </extensions>
    </trkpt>
    <trkpt lat="45.7548735" lon="10.7504197">
      <ele>119.9000015258789</ele>
      <time>2026-08-29T18:16:31.183+02:00</time>
      <extensions>
        <activity type="STILL" conf="100" state="still" tsMs="1788020184081"/>
        <radio op="vodafone IT" rat="LTE" q="11.40" rsrp="-106" sinr="1" rsrq="-12"/>
        <radio op="I TIM" rat="LTE" q="14.40" rsrp="-101" sinr="1" rsrq="-13"/>
      </extensions>
    </trkpt>
    <trkpt lat="45.7548745" lon="10.7504178">
      <ele>119.80000305175781</ele>
      <time>2026-08-29T18:16:41.175+02:00</time>
      <extensions>
        <activity type="STILL" conf="100" state="still" tsMs="1788020184081"/>
        <radio op="vodafone IT" rat="LTE" rsrp="-109" rsrq="-15"/>
        <radio op="I TIM" rat="LTE" rsrp="-102" rsrq="-15"/>
      </extensions>
    </trkpt>
    <trkpt lat="45.7548744" lon="10.7504163">
      <ele>119.9000015258789</ele>
      <time>2026-08-29T18:16:51.207+02:00</time>
      <extensions>
        <activity type="STILL" conf="98" state="still" tsMs="1788020196888"/>
        <radio op="vodafone IT" rat="LTE" q="11.40" rsrp="-106" sinr="1" rsrq="-13"/>
        <radio op="I TIM" rat="LTE" q="20.80" rsrp="-99" sinr="3" rsrq="-14"/>
      </extensions>
    </trkpt>
    <trkpt lat="45.7548754" lon="10.7504165">
      <ele>119.80000305175781</ele>
      <time>2026-08-29T18:17:01.39+02:00</time>
      <extensions>
        <activity type="STILL" conf="98" state="still" tsMs="1788020196888"/>
        <radio op="vodafone IT" rat="LTE" q="10.00" rsrp="-105" sinr="0" rsrq="-13"/>
        <radio op="I TIM" rat="LTE" q="12.50" rsrp="-100" sinr="0" rsrq="-15"/>
      </extensions>
    </trkpt>
    <trkpt lat="45.7548758" lon="10.7504159">
      <ele>119.80000305175781</ele>
      <time>2026-08-29T18:17:12.175+02:00</time>
      <extensions>
        <activity type="STILL" conf="61" state="still" tsMs="1788020209684"/>
        <radio op="vodafone IT" rat="LTE" q="9.00" rsrp="-107" sinr="0" rsrq="-14"/>
        <radio op="I TIM" rat="LTE" q="20.00" rsrp="-100" sinr="3" rsrq="-15"/>
      </extensions>
    </trkpt>
    <trkpt lat="45.754875" lon="10.7504182">
      <ele>119.69999694824219</ele>
      <time>2026-08-29T18:17:22.191+02:00</time>
      <extensions>
        <activity type="STILL" conf="100" state="still" tsMs="1788020229045"/>
        <radio op="vodafone IT" rat="LTE" q="9.50" rsrp="-106" sinr="0" rsrq="-12"/>
        <radio op="I TIM" rat="LTE" q="11.50" rsrp="-102" sinr="0" rsrq="-15"/>
      </extensions>
    </trkpt>
    <trkpt lat="45.7548743" lon="10.7504202">
      <ele>119.80000305175781</ele>
      <time>2026-08-29T18:17:32.175+02:00</time>
      <extensions>
        <activity type="STILL" conf="100" state="still" tsMs="1788020241883"/>
        <radio op="vodafone IT" rat="LTE" rsrp="-106" rsrq="-12"/>
        <radio op="I TIM" rat="LTE" rsrp="-99" rsrq="-14"/>
      </extensions>
    </trkpt>
    <trkpt lat="45.7548729" lon="10.7504203">
      <ele>119.9000015258789</ele>
      <time>2026-08-29T18:17:42.201+02:00</time>
      <extensions>
        <activity type="STILL" conf="100" state="still" tsMs="1788020254721"/>
        <radio op="vodafone IT" rat="LTE" rsrp="-105" rsrq="-12"/>
        <radio op="I TIM" rat="LTE" q="12.00" rsrp="-101" sinr="0" rsrq="-15"/>
      </extensions>
    </trkpt>
    <trkpt lat="45.7548736" lon="10.7504214">
      <ele>119.69999694824219</ele>
      <time>2026-08-29T18:17:51.175+02:00</time>
      <extensions>
        <activity type="STILL" conf="100" state="still" tsMs="1788020254721"/>
        <radio op="vodafone IT" rat="LTE" q="13.30" rsrp="-106" sinr="2" rsrq="-12"/>
        <radio op="I TIM" rat="LTE" q="20.00" rsrp="-100" sinr="3" rsrq="-15"/>
      </extensions>
    </trkpt>
    <trkpt lat="45.7548838" lon="10.7504095">
      <ele>119.80000305175781</ele>
      <time>2026-08-29T18:18:23.34+02:00</time>
      <extensions>
        <activity type="STILL" conf="98" state="still" tsMs="1788020300759"/>
        <radio op="vodafone IT" rat="LTE" rsrp="-105" rsrq="-13"/>
        <radio op="I TIM" rat="LTE" rsrp="-101" rsrq="-15"/>
      </extensions>
    </trkpt>
    <trkpt lat="45.7547956" lon="10.7503981">
      <ele>119.80000305175781</ele>
      <time>2026-08-29T18:18:55.598+02:00</time>
      <extensions>
        <activity type="STILL" conf="96" state="still" tsMs="1788020334584"/>
        <radio op="vodafone IT" rat="LTE" q="11.40" rsrp="-106" sinr="1" rsrq="-12"/>
        <radio op="I TIM" rat="LTE" rsrp="-99" rsrq="-15"/>
      </extensions>
    </trkpt>
    <trkpt lat="45.7547675" lon="10.7502862">
      <ele>119.80000305175781</ele>
      <time>2026-08-29T18:20:38.546+02:00</time>
      <extensions>
        <activity type="UNKNOWN" conf="40" state="unknown" tsMs="1788020437048"/>
        <radio op="vodafone IT" rat="LTE" q="7.00" rsrp="-111" sinr="0" rsrq="-14"/>
        <radio op="I TIM" rat="LTE" q="16.80" rsrp="-101" sinr="2" rsrq="-14"/>
      </extensions>
    </trkpt>
    <trkpt lat="45.7547259" lon="10.7502584">
      <ele>119.80000305175781</ele>
      <time>2026-08-29T18:21:08.648+02:00</time>
      <extensions>
        <activity type="IN_VEHICLE" conf="87" state="moving" tsMs="1788020469049"/>
        <radio op="vodafone IT" rat="LTE" rsrp="-108" rsrq="-17"/>
        <radio op="I TIM" rat="LTE" rsrp="-101" rsrq="-16"/>
      </extensions>
    </trkpt>
    <trkpt lat="45.7547179" lon="10.7500949">
      <ele>119.80000305175781</ele>
      <time>2026-08-29T18:21:41.831+02:00</time>
      <extensions>
        <activity type="UNKNOWN" conf="40" state="unknown" tsMs="1788020500235"/>
        <radio op="vodafone IT" rat="LTE" q="11.40" rsrp="-106" sinr="1" rsrq="-12"/>
        <radio op="I TIM" rat="LTE" rsrp="-100" rsrq="-13"/>
      </extensions>
    </trkpt>
    <trkpt lat="45.7549066" lon="10.7504501">
      <ele>119.69999694824219</ele>
      <time>2026-08-29T18:22:13.136+02:00</time>
      <extensions>
        <activity type="STILL" conf="97" state="still" tsMs="1788020529863"/>
        <radio op="vodafone IT" rat="LTE" q="16.00" rsrp="-105" sinr="3" rsrq="-12"/>
        <radio op="I TIM" rat="LTE" rsrp="-97" rsrq="-14"/>
      </extensions>
    </trkpt>
    <trkpt lat="45.7547424" lon="10.7502444">
      <ele>119.80000305175781</ele>
      <time>2026-08-29T18:22:44.401+02:00</time>
      <extensions>
        <activity type="STILL" conf="72" state="still" tsMs="1788020560039"/>
        <radio op="vodafone IT" rat="LTE" q="17.10" rsrp="-106" sinr="4" rsrq="-13"/>
        <radio op="I TIM" rat="LTE" q="22.40" rsrp="-97" sinr="3" rsrq="-14"/>
      </extensions>
    </trkpt>
    <trkpt lat="45.7548871" lon="10.7503955">
      <ele>119.69999694824219</ele>
      <time>2026-08-29T18:23:15.621+02:00</time>
      <extensions>
        <activity type="STILL" conf="96" state="still" tsMs="1788020591251"/>
        <radio op="vodafone IT" rat="LTE" q="14.00" rsrp="-105" sinr="2" rsrq="-11"/>
        <radio op="I TIM" rat="LTE" rsrp="-106" rsrq="-16"/>
      </extensions>
    </trkpt>
    <trkpt lat="45.7548968" lon="10.750404">
      <ele>119.80000305175781</ele>
      <time>2026-08-29T18:23:46.85+02:00</time>
      <extensions>
        <activity type="STILL" conf="99" state="still" tsMs="1788020622480"/>
        <radio op="vodafone IT" rat="LTE" q="12.80" rsrp="-109" sinr="3" rsrq="-13"/>
        <radio op="I TIM" rat="LTE" rsrp="-105" rsrq="-15"/>
      </extensions>
    </trkpt>
    <trkpt lat="45.7547746" lon="10.750308">
      <ele>119.69999694824219</ele>
      <time>2026-08-29T18:24:18.065+02:00</time>
      <extensions>
        <activity type="STILL" conf="96" state="still" tsMs="1788020653805"/>
        <radio op="vodafone IT" rat="LTE" rsrp="-107" rsrq="-13"/>
        <radio op="I TIM" rat="LTE" q="25.00" rsrp="-100" sinr="5" rsrq="-14"/>
      </extensions>
    </trkpt>
    <trkpt lat="45.7548294" lon="10.7504485">
      <ele>119.80000305175781</ele>
      <time>2026-08-29T18:24:49.282+02:00</time>
      <extensions>
        <activity type="STILL" conf="97" state="still" tsMs="1788020684961"/>
        <radio op="vodafone IT" rat="LTE" rsrp="-112" rsrq="-15"/>
        <radio op="I TIM" rat="LTE" rsrp="-107" rsrq="-15"/>
      </extensions>
    </trkpt>
    <trkpt lat="45.7547652" lon="10.7504607">
      <ele>119.80000305175781</ele>
      <time>2026-08-29T18:25:20.528+02:00</time>
      <extensions>
        <activity type="STILL" conf="72" state="still" tsMs="1788020716123"/>
        <radio op="vodafone IT" rat="LTE" q="14.40" rsrp="-109" sinr="4" rsrq="-13"/>
        <radio op="I TIM" rat="LTE" rsrp="-100" rsrq="-15"/>
      </extensions>
    </trkpt>
    <trkpt lat="45.7548286" lon="10.7502704">
      <ele>119.80000305175781</ele>
      <time>2026-08-29T18:25:51.806+02:00</time>
      <extensions>
        <activity type="STILL" conf="97" state="still" tsMs="1788020747393"/>
        <radio op="vodafone IT" rat="LTE" q="22.00" rsrp="-105" sinr="6" rsrq="-11"/>
        <radio op="I TIM" rat="LTE" rsrp="-99" rsrq="-14"/>
      </extensions>
    </trkpt>
    <trkpt lat="45.7548891" lon="10.750384">
      <ele>119.69999694824219</ele>
      <time>2026-08-29T18:26:22.977+02:00</time>
      <extensions>
        <activity type="STILL" conf="92" state="still" tsMs="1788020778702"/>
        <radio op="vodafone IT" rat="LTE" q="9.60" rsrp="-109" sinr="1" rsrq="-13"/>
        <radio op="I TIM" rat="LTE" rsrp="-100" rsrq="-14"/>
      </extensions>
    </trkpt>
    <trkpt lat="45.7548056" lon="10.7505372">
      <ele>119.80000305175781</ele>
      <time>2026-08-29T18:26:54.242+02:00</time>
      <extensions>
        <activity type="STILL" conf="98" state="still" tsMs="1788020809885"/>
        <radio op="vodafone IT" rat="LTE" q="24.00" rsrp="-105" sinr="7" rsrq="-10"/>
        <radio op="I TIM" rat="LTE" rsrp="-99" rsrq="-14"/>
      </extensions>
    </trkpt>
    <trkpt lat="45.7548356" lon="10.7503407">
      <ele>119.80000305175781</ele>
      <time>2026-08-29T18:27:25.377+02:00</time>
      <extensions>
        <activity type="STILL" conf="98" state="still" tsMs="1788020841120"/>
        <radio op="vodafone IT" rat="LTE" q="18.00" rsrp="-105" sinr="4" rsrq="-10"/>
        <radio op="I TIM" rat="LTE" rsrp="-99" rsrq="-14"/>
      </extensions>
    </trkpt>
    <trkpt lat="45.7548672" lon="10.750405">
      <ele>119.69999694824219</ele>
      <time>2026-08-29T18:27:56.788+02:00</time>
      <extensions>
        <activity type="STILL" conf="93" state="still" tsMs="1788020872282"/>
        <radio op="vodafone IT" rat="LTE" q="18.00" rsrp="-105" sinr="4" rsrq="-11"/>
        <radio op="I TIM" rat="LTE" rsrp="-98" rsrq="-14"/>
      </extensions>
    </trkpt>
    <trkpt lat="45.7549749" lon="10.7504206">
      <ele>119.69999694824219</ele>
      <time>2026-08-29T18:28:27.893+02:00</time>
      <extensions>
        <activity type="STILL" conf="44" state="still" tsMs="1788020903592"/>
        <radio op="vodafone IT" rat="LTE" rsrp="-109" rsrq="-13"/>
        <radio op="I TIM" rat="LTE" rsrp="-103" rsrq="-15"/>
      </extensions>
    </trkpt>
    <trkpt lat="45.7548713" lon="10.7503533">
      <ele>119.80000305175781</ele>
      <time>2026-08-29T18:28:59.133+02:00</time>
      <extensions>
        <activity type="UNKNOWN" conf="40" state="unknown" tsMs="1788020934874"/>
        <radio op="vodafone IT" rat="LTE" q="20.90" rsrp="-106" sinr="6" rsrq="-11"/>
        <radio op="I TIM" rat="LTE" rsrp="-100" rsrq="-16"/>
      </extensions>
    </trkpt>
    <trkpt lat="45.7548122" lon="10.7504908">
      <ele>119.69999694824219</ele>
      <time>2026-08-29T18:29:30.24+02:00</time>
      <extensions>
        <activity type="STILL" conf="75" state="still" tsMs="1788020966028"/>
        <radio op="vodafone IT" rat="LTE" q="12.60" rsrp="-107" sinr="2" rsrq="-13"/>
        <radio op="I TIM" rat="LTE" q="12.50" rsrp="-100" sinr="0" rsrq="-15"/>
      </extensions>
    </trkpt>
    <trkpt lat="45.7549437" lon="10.7503482">
      <ele>119.80000305175781</ele>
      <time>2026-08-29T18:30:01.474+02:00</time>
      <extensions>
        <activity type="STILL" conf="83" state="still" tsMs="1788020996951"/>
        <radio op="vodafone IT" rat="LTE" rsrp="-106" rsrq="-13"/>
        <radio op="I TIM" rat="LTE" rsrp="-100" rsrq="-15"/>
      </extensions>
    </trkpt>
    <trkpt lat="45.754801" lon="10.7503533">
      <ele>119.80000305175781</ele>
      <time>2026-08-29T18:30:32.483+02:00</time>
      <extensions>
        <activity type="STILL" conf="96" state="still" tsMs="1788021028314"/>
        <radio op="vodafone IT" rat="LTE" rsrp="-110" rsrq="-15"/>
        <radio op="I TIM" rat="LTE" rsrp="-103" rsrq="-16"/>
      </extensions>
    </trkpt>
    <trkpt lat="45.7548236" lon="10.7504245">
      <ele>119.80000305175781</ele>
      <time>2026-08-29T18:31:03.666+02:00</time>
      <extensions>
        <activity type="STILL" conf="96" state="still" tsMs="1788021059306"/>
        <radio op="vodafone IT" rat="LTE" rsrp="-110" rsrq="-15"/>
        <radio op="I TIM" rat="LTE" rsrp="-101" rsrq="-16"/>
      </extensions>
    </trkpt>
    <trkpt lat="45.7548605" lon="10.7503675">
      <ele>119.69999694824219</ele>
      <time>2026-08-29T18:31:34.842+02:00</time>
      <extensions>
        <activity type="STILL" conf="98" state="still" tsMs="1788021090498"/>
        <radio op="vodafone IT" rat="LTE" q="9.50" rsrp="-106" sinr="0" rsrq="-12"/>
        <radio op="I TIM" rat="LTE" q="16.20" rsrp="-98" sinr="1" rsrq="-15"/>
      </extensions>
    </trkpt>
    <trkpt lat="45.7547299" lon="10.7501971">
      <ele>119.80000305175781</ele>
      <time>2026-08-29T18:32:06.018+02:00</time>
      <extensions>
        <activity type="STILL" conf="96" state="still" tsMs="1788021121731"/>
        <radio op="vodafone IT" rat="LTE" rsrp="-109" rsrq="-15"/>
        <radio op="I TIM" rat="LTE" rsrp="-102" rsrq="-15"/>
      </extensions>
    </trkpt>
    <trkpt lat="45.7548465" lon="10.7503621">
      <ele>119.69999694824219</ele>
      <time>2026-08-29T18:32:37.103+02:00</time>
      <extensions>
        <activity type="STILL" conf="96" state="still" tsMs="1788021152793"/>
        <radio op="vodafone IT" rat="LTE" q="9.00" rsrp="-107" sinr="0" rsrq="-14"/>
        <radio op="I TIM" rat="LTE" rsrp="-100" rsrq="-15"/>
      </extensions>
    </trkpt>
    <trkpt lat="45.7548224" lon="10.7502866">
      <ele>119.80000305175781</ele>
      <time>2026-08-29T18:33:08.259+02:00</time>
      <extensions>
        <activity type="STILL" conf="95" state="still" tsMs="1788021183727"/>
        <radio op="vodafone IT" rat="LTE" q="10.00" rsrp="-105" sinr="0" rsrq="-13"/>
        <radio op="I TIM" rat="LTE" rsrp="-98" rsrq="-16"/>
      </extensions>
    </trkpt>
    <trkpt lat="45.7548485" lon="10.7504554">
      <ele>119.80000305175781</ele>
      <time>2026-08-29T18:33:15.669+02:00</time>
      <extensions>
        <activity type="STILL" conf="91" state="still" tsMs="1788021193668"/>
        <radio op="vodafone IT" rat="LTE" q="14.40" rsrp="-107" sinr="3" rsrq="-13"/>
        <radio op="I TIM" rat="LTE" rsrp="-102" rsrq="-15"/>
      </extensions>
    </trkpt>
    <trkpt lat="45.7548209" lon="10.7503997">
      <ele>119.80000305175781</ele>
      <time>2026-08-29T18:33:49.501+02:00</time>
      <extensions>
        <activity type="UNKNOWN" conf="40" state="unknown" tsMs="1788021226844"/>
        <radio op="vodafone IT" rat="LTE" q="11.40" rsrp="-106" sinr="1" rsrq="-13"/>
        <radio op="I TIM" rat="LTE" rsrp="-98" rsrq="-15"/>
      </extensions>
    </trkpt>
    <trkpt lat="45.7548579" lon="10.750477">
      <ele>119.80000305175781</ele>
      <time>2026-08-29T18:34:20.721+02:00</time>
      <extensions>
        <activity type="UNKNOWN" conf="40" state="unknown" tsMs="1788021255245"/>
        <radio op="vodafone IT" rat="LTE" q="19.80" rsrp="-107" sinr="6" rsrq="-12"/>
        <radio op="I TIM" rat="LTE" rsrp="-98" rsrq="-15"/>
      </extensions>
    </trkpt>
    <trkpt lat="45.7548398" lon="10.7502934">
      <ele>119.80000305175781</ele>
      <time>2026-08-29T18:34:52.645+02:00</time>
      <extensions>
        <activity type="UNKNOWN" conf="40" state="unknown" tsMs="1788021286509"/>
        <radio op="vodafone IT" rat="LTE" q="15.20" rsrp="-106" sinr="3" rsrq="-13"/>
        <radio op="I TIM" rat="LTE" rsrp="-99" rsrq="-15"/>
      </extensions>
    </trkpt>
    <trkpt lat="45.7549768" lon="10.7504014">
      <ele>119.69999694824219</ele>
      <time>2026-08-29T18:35:23.828+02:00</time>
      <extensions>
        <activity type="ON_FOOT" conf="93" state="moving" tsMs="1788021318972"/>
        <radio op="vodafone IT" rat="LTE" rsrp="-124" rsrq="-17"/>
        <radio op="I TIM" rat="LTE" rsrp="-124" rsrq="-17"/>
      </extensions>
    </trkpt>
    <trkpt lat="45.7549734" lon="10.750399">
      <ele>119.80000305175781</ele>
      <time>2026-08-29T18:35:55.11+02:00</time>
      <extensions>
        <activity type="STILL" conf="58" state="still" tsMs="1788021351724"/>
        <radio op="vodafone IT" rat="LTE" rsrp="-129" rsrq="-18"/>
        <radio op="I TIM" rat="LTE" rsrp="-126" rsrq="-17"/>
      </extensions>
    </trkpt>
    <trkpt lat="45.7549735" lon="10.7504191">
      <ele>119.69999694824219</ele>
      <time>2026-08-29T18:36:36.113+02:00</time>
      <extensions>
        <activity type="STILL" conf="79" state="still" tsMs="1788021388226"/>
        <radio op="vodafone IT" rat="OTHER"/>
        <radio op="I TIM" rat="LTE" rsrp="-131" rsrq="-23"/>
      </extensions>
    </trkpt>
    <trkpt lat="45.7549494" lon="10.7504603">
      <ele>119.69999694824219</ele>
      <time>2026-08-29T18:37:36.339+02:00</time>
      <extensions>
        <activity type="UNKNOWN" conf="40" state="unknown" tsMs="1788021456430"/>
        <radio op="vodafone IT" rat="LTE" rsrq="-20"/>
        <radio op="I TIM" rat="LTE" rsrq="-20"/>
      </extensions>
    </trkpt>
    <trkpt lat="45.7545912" lon="10.751081">
      <ele>121.99815080489147</ele>
      <time>2026-08-29T18:41:08.345+02:00</time>
      <extensions>
        <activity type="ON_FOOT" conf="96" state="moving" tsMs="1788021667026"/>
        <radio op="vodafone IT" rat="LTE" q="7.00" rsrp="-111" sinr="0" rsrq="-15"/>
        <radio op="I TIM" rat="LTE" rsrp="-102" rsrq="-15"/>
      </extensions>
    </trkpt>
    <trkpt lat="45.7526779" lon="10.7504943">
      <ele>117.5999984741211</ele>
      <time>2026-08-29T18:41:52.996+02:00</time>
      <extensions>
        <activity type="ON_FOOT" conf="91" state="moving" tsMs="1788021707544"/>
        <radio op="vodafone IT" rat="LTE" q="26.40" rsrp="-101" sinr="6" rsrq="-12"/>
        <radio op="I TIM" rat="LTE" q="9.00" rsrp="-115" sinr="4" rsrq="-14"/>
      </extensions>
    </trkpt>
    <trkpt lat="45.7537099" lon="10.7507386">
      <ele>117.5999984741211</ele>
      <time>2026-08-29T18:42:28.174+02:00</time>
      <extensions>
        <activity type="ON_FOOT" conf="88" state="moving" tsMs="1788021744281"/>
        <radio op="vodafone IT" rat="LTE" q="6.60" rsrp="-114" sinr="1" rsrq="-15"/>
        <radio op="I TIM" rat="LTE" rsrp="-109" rsrq="-16"/>
      </extensions>
    </trkpt>
    <trkpt lat="45.7537149" lon="10.7507399">
      <ele>117.5999984741211</ele>
      <time>2026-08-29T18:43:01.066+02:00</time>
      <extensions>
        <activity type="ON_FOOT" conf="92" state="moving" tsMs="1788021777565"/>
        <radio op="vodafone IT" rat="LTE" rsrp="-113" rsrq="-15"/>
        <radio op="I TIM" rat="LTE" rsrp="-111" rsrq="-16"/>
      </extensions>
    </trkpt>
    <trkpt lat="45.7535426" lon="10.7500999">
      <ele>118.5999984741211</ele>
      <time>2026-08-29T18:43:56.573+02:00</time>
      <extensions>
        <activity type="ON_FOOT" conf="81" state="moving" tsMs="1788021831550"/>
        <radio op="vodafone IT" rat="LTE" rsrp="-119" rsrq="-15"/>
        <radio op="I TIM" rat="LTE" rsrp="-118" rsrq="-16"/>
      </extensions>
    </trkpt>
    <trkpt lat="45.7537211" lon="10.7497726">
      <ele>118.5999984741211</ele>
      <time>2026-08-29T18:44:34.178+02:00</time>
      <extensions>
        <activity type="UNKNOWN" conf="40" state="unknown" tsMs="1788021874291"/>
        <radio op="vodafone IT" rat="LTE" rsrp="-125" rsrq="-18"/>
        <radio op="I TIM" rat="LTE" rsrp="-120" rsrq="-17"/>
      </extensions>
    </trkpt>
    <trkpt lat="45.7536429" lon="10.7498376">
      <ele>118.5999984741211</ele>
      <time>2026-08-29T18:44:37.16+02:00</time>
      <extensions>
        <activity type="UNKNOWN" conf="40" state="unknown" tsMs="1788021885058"/>
        <radio op="vodafone IT" rat="LTE" q="4.00" rsrp="-117" sinr="0" rsrq="-17"/>
        <radio op="I TIM" rat="LTE" rsrp="-119" rsrq="-18"/>
      </extensions>
    </trkpt>
    <trkpt lat="45.7526349" lon="10.7500086">
      <ele>116.1056612158202</ele>
      <time>2026-08-29T18:45:09.738+02:00</time>
      <extensions>
        <activity type="IN_VEHICLE" conf="86" state="moving" tsMs="1788021906582"/>
        <radio op="vodafone IT" rat="LTE" q="16.00" rsrp="-93" sinr="0" rsrq="-14"/>
        <radio op="I TIM" rat="LTE" rsrp="-113" rsrq="-17"/>
      </extensions>
    </trkpt>
    <trkpt lat="45.7510589" lon="10.748373">
      <ele>116.19999694824219</ele>
      <time>2026-08-29T18:45:42.296+02:00</time>
      <extensions>
        <activity type="IN_VEHICLE" conf="97" state="moving" tsMs="1788021937567"/>
        <radio op="vodafone IT" rat="LTE" q="40.60" rsrp="-96" sinr="9" rsrq="-14"/>
        <radio op="I TIM" rat="LTE" rsrp="-111" rsrq="-16"/>
      </extensions>
    </trkpt>
    <trkpt lat="45.7510589" lon="10.748373">
      <ele>125.98985372388498</ele>
      <time>2026-08-29T18:46:20.35+02:00</time>
      <extensions>
        <activity type="IN_VEHICLE" conf="96" state="moving" tsMs="1788021983661"/>
        <radio op="vodafone IT" rat="LTE" rsrp="-131" rsrq="-19"/>
        <radio op="I TIM" rat="LTE" rsrp="-123" rsrq="-13"/>
      </extensions>
    </trkpt>
    <trkpt lat="45.7648624" lon="10.7570611">
      <ele>127.78848413072936</ele>
      <time>2026-08-29T18:47:39.215+02:00</time>
      <extensions>
        <activity type="IN_VEHICLE" conf="96" state="moving" tsMs="1788022057030"/>
        <radio op="vodafone IT" rat="LTE" rsrp="-136" rsrq="-23"/>
        <radio op="I TIM" rat="LTE" rsrp="-136" rsrq="-24"/>
      </extensions>
    </trkpt>
    <trkpt lat="45.7327291" lon="10.7280128">
      <ele>126.0</ele>
      <time>2026-08-29T18:48:57.476+02:00</time>
      <extensions>
        <activity type="IN_VEHICLE" conf="97" state="moving" tsMs="1788022151540"/>
        <radio op="vodafone IT" rat="LTE" q="11.20" rsrp="-111" sinr="3" rsrq="-10"/>
        <radio op="I TIM" rat="LTE" rsrp="-99" rsrq="-14"/>
      </extensions>
    </trkpt>
    <trkpt lat="45.7304064" lon="10.7228148">
      <ele>126.0</ele>
      <time>2026-08-29T18:49:25.173+02:00</time>
      <extensions>
        <activity type="TILTING" conf="100" state="moving" tsMs="1788022158086"/>
        <radio op="vodafone IT" rat="LTE" rsrp="-111" rsrq="-14"/>
        <radio op="I TIM" rat="LTE" rsrp="-109" rsrq="-17"/>
      </extensions>
    </trkpt>
    <trkpt lat="45.7282531" lon="10.7200833">
      <ele>116.19999694824219</ele>
      <time>2026-08-29T18:49:47.172+02:00</time>
      <extensions>
        <activity type="IN_VEHICLE" conf="89" state="moving" tsMs="1788022182353"/>
        <radio op="vodafone IT" rat="LTE" q="20.70" rsrp="-102" sinr="4" rsrq="-11"/>
        <radio op="I TIM" rat="LTE" q="20.80" rsrp="-99" sinr="3" rsrq="-14"/>
      </extensions>
    </trkpt>
    <trkpt lat="45.7279628" lon="10.7185597">
      <ele>116.19999694824219</ele>
      <time>2026-08-29T18:49:57.173+02:00</time>
      <extensions>
        <activity type="IN_VEHICLE" conf="83" state="moving" tsMs="1788022192967"/>
        <radio op="vodafone IT" rat="LTE" rsrp="-98" rsrq="-13"/>
        <radio op="I TIM" rat="LTE" rsrp="-101" rsrq="-16"/>
      </extensions>
    </trkpt>
    <trkpt lat="45.7278307" lon="10.7172361">
      <ele>126.0</ele>
      <time>2026-08-29T18:50:05.173+02:00</time>
      <extensions>
        <activity type="IN_VEHICLE" conf="89" state="moving" tsMs="1788022203636"/>
        <radio op="vodafone IT" rat="LTE" q="24.00" rsrp="-69" sinr="1" rsrq="-12"/>
        <radio op="I TIM" rat="LTE" rsrp="-121" rsrq="-17"/>
      </extensions>
    </trkpt>
    <trkpt lat="45.7278307" lon="10.7172361">
      <ele>126.0</ele>
      <time>2026-08-29T18:50:15.567+02:00</time>
      <extensions>
        <activity type="TILTING" conf="100" state="moving" tsMs="1788022215097"/>
        <radio op="vodafone IT" rat="LTE" q="20.00" rsrp="-72" sinr="0" rsrq="-13"/>
        <radio op="I TIM" rat="LTE" rsrp="-114" rsrq="-22"/>
      </extensions>
    </trkpt>
    <trkpt lat="45.7278307" lon="10.7172361">
      <ele>126.0</ele>
      <time>2026-08-29T18:50:22.926+02:00</time>
      <extensions>
        <activity type="IN_VEHICLE" conf="96" state="moving" tsMs="1788022218468"/>
        <radio op="vodafone IT" rat="LTE" q="15.50" rsrp="-94" sinr="0" rsrq="-13"/>
        <radio op="I TIM" rat="LTE" rsrq="-20"/>
      </extensions>
    </trkpt>
    <trkpt lat="45.7123906" lon="10.6998617">
      <ele>224.0</ele>
      <time>2026-08-29T18:52:17.172+02:00</time>
      <extensions>
        <activity type="IN_VEHICLE" conf="96" state="moving" tsMs="1788022337403"/>
        <radio op="vodafone IT" rat="LTE" q="34.20" rsrp="-107" sinr="14" rsrq="-6"/>
        <radio op="I TIM" rat="LTE" rsrp="-116" rsrq="-14"/>
      </extensions>
    </trkpt>
    <trkpt lat="45.7123906" lon="10.6998617">
      <ele>224.0</ele>
      <time>2026-08-29T18:52:27.58+02:00</time>
      <extensions>
        <activity type="UNKNOWN" conf="40" state="unknown" tsMs="1788022358238"/>
        <radio op="vodafone IT" rat="LTE" rsrp="-121" rsrq="-11"/>
        <radio op="I TIM" rat="LTE" q="12.60" rsrp="-116" sinr="9" rsrq="-7"/>
      </extensions>
    </trkpt>
    <trkpt lat="45.7123906" lon="10.6998617">
      <ele>224.0</ele>
      <time>2026-08-29T18:52:47.952+02:00</time>
      <extensions>
        <activity type="IN_VEHICLE" conf="96" state="moving" tsMs="1788022367827"/>
        <radio op="vodafone IT" rat="LTE" q="9.60" rsrp="-117" sinr="7" rsrq="-10"/>
        <radio op="I TIM" rat="LTE" q="21.60" rsrp="-107" sinr="7" rsrq="-8"/>
      </extensions>
    </trkpt>
    <trkpt lat="45.7082985" lon="10.6919704">
      <ele>126.0</ele>
      <time>2026-08-29T18:53:09.172+02:00</time>
      <extensions>
        <activity type="IN_VEHICLE" conf="96" state="moving" tsMs="1788022389156"/>
        <radio op="vodafone IT" rat="LTE" rsrp="-114" rsrq="-24"/>
        <radio op="I TIM" rat="LTE" q="11.20" rsrp="-109" sinr="2" rsrq="-20"/>
      </extensions>
    </trkpt>
    <trkpt lat="45.7081606" lon="10.6913463">
      <ele>218.0</ele>
      <time>2026-08-29T18:53:12.172+02:00</time>
      <extensions>
        <activity type="IN_VEHICLE" conf="96" state="moving" tsMs="1788022399891"/>
        <radio op="vodafone IT" rat="LTE" rsrp="-137" rsrq="-23"/>
        <radio op="I TIM" rat="LTE" rsrp="-126" rsrq="-17"/>
      </extensions>
    </trkpt>
    <trkpt lat="45.7081606" lon="10.6913463">
      <ele>218.0</ele>
      <time>2026-08-29T18:53:22.533+02:00</time>
      <extensions>
        <activity type="IN_VEHICLE" conf="96" state="moving" tsMs="1788022399891"/>
        <radio op="vodafone IT" rat="LTE" rsrp="-117" rsrq="-17"/>
        <radio op="I TIM" rat="LTE" rsrp="-126" rsrq="-17"/>
      </extensions>
    </trkpt>
    <trkpt lat="45.7081606" lon="10.6913463">
      <ele>218.0</ele>
      <time>2026-08-29T18:53:42.84+02:00</time>
      <extensions>
        <activity type="IN_VEHICLE" conf="96" state="moving" tsMs="1788022428002"/>
        <radio op="vodafone IT" rat="LTE" q="21.70" rsrp="-94" sinr="2" rsrq="-16"/>
        <radio op="I TIM" rat="LTE" rsrp="-123" rsrq="-13"/>
      </extensions>
    </trkpt>
    <trkpt lat="45.702698" lon="10.680469">
      <ele>203.0</ele>
      <time>2026-08-29T18:54:10.173+02:00</time>
      <extensions>
        <activity type="IN_VEHICLE" conf="96" state="moving" tsMs="1788022448491"/>
        <radio op="vodafone IT" rat="LTE" rsrp="-118" rsrq="-21"/>
        <radio op="I TIM" rat="LTE" q="9.50" rsrp="-106" sinr="0" rsrq="-13"/>
      </extensions>
    </trkpt>
    <trkpt lat="45.701678" lon="10.6790958">
      <ele>197.0</ele>
      <time>2026-08-29T18:54:20.172+02:00</time>
      <extensions>
        <activity type="IN_VEHICLE" conf="96" state="moving" tsMs="1788022459145"/>
        <radio op="vodafone IT" rat="LTE" rsrp="-103" rsrq="-16"/>
        <radio op="I TIM" rat="LTE" q="28.50" rsrp="-106" sinr="10" rsrq="-14"/>
      </extensions>
    </trkpt>
    <trkpt lat="45.700486" lon="10.6777879">
      <ele>191.0</ele>
      <time>2026-08-29T18:54:30.172+02:00</time>
      <extensions>
        <activity type="IN_VEHICLE" conf="96" state="moving" tsMs="1788022469804"/>
        <radio op="vodafone IT" rat="LTE" rsrp="-104" rsrq="-15"/>
        <radio op="I TIM" rat="LTE" q="26.60" rsrp="-106" sinr="9" rsrq="-12"/>
      </extensions>
    </trkpt>
    <trkpt lat="45.699399" lon="10.6762863">
      <ele>185.0</ele>
      <time>2026-08-29T18:54:40.173+02:00</time>
      <extensions>
        <activity type="IN_VEHICLE" conf="96" state="moving" tsMs="1788022480505"/>
        <radio op="vodafone IT" rat="LTE" rsrp="-108" rsrq="-15"/>
        <radio op="I TIM" rat="LTE" q="13.50" rsrp="-110" sinr="4" rsrq="-13"/>
      </extensions>
    </trkpt>
    <trkpt lat="45.6981917" lon="10.6744273">
      <ele>178.0</ele>
      <time>2026-08-29T18:54:51.173+02:00</time>
      <extensions>
        <activity type="IN_VEHICLE" conf="96" state="moving" tsMs="1788022485855"/>
        <radio op="vodafone IT" rat="LTE" q="26.60" rsrp="-106" sinr="9" rsrq="-14"/>
        <radio op="I TIM" rat="LTE" rsrp="-114" rsrq="-14"/>
      </extensions>
    </trkpt>
    <trkpt lat="45.697231" lon="10.6727676">
      <ele>173.0</ele>
      <time>2026-08-29T18:55:01.173+02:00</time>
      <extensions>
        <activity type="IN_VEHICLE" conf="96" state="moving" tsMs="1788022496544"/>
        <radio op="vodafone IT" rat="LTE" q="14.40" rsrp="-101" sinr="1" rsrq="-12"/>
        <radio op="I TIM" rat="LTE" rsrp="-110" rsrq="-14"/>
      </extensions>
    </trkpt>
    <trkpt lat="45.6961559" lon="10.6713766">
      <ele>169.0</ele>
      <time>2026-08-29T18:55:11.173+02:00</time>
      <extensions>
        <activity type="IN_VEHICLE" conf="97" state="moving" tsMs="1788022507239"/>
        <radio op="vodafone IT" rat="LTE" q="39.60" rsrp="-92" sinr="7" rsrq="-11"/>
        <radio op="I TIM" rat="LTE" rsrp="-109" rsrq="-14"/>
      </extensions>
    </trkpt>
    <trkpt lat="45.695338" lon="10.6693614">
      <ele>165.0</ele>
      <time>2026-08-29T18:55:21.172+02:00</time>
      <extensions>
        <activity type="IN_VEHICLE" conf="96" state="moving" tsMs="1788022518051"/>
        <radio op="vodafone IT" rat="LTE" q="10.20" rsrp="-108" sinr="1" rsrq="-14"/>
        <radio op="I TIM" rat="LTE" rsrp="-115" rsrq="-14"/>
      </extensions>
    </trkpt>
    <trkpt lat="45.694337" lon="10.6680587">
      <ele>156.0</ele>
      <time>2026-08-29T18:55:31.173+02:00</time>
      <extensions>
        <activity type="IN_VEHICLE" conf="95" state="moving" tsMs="1788022528738"/>
        <radio op="vodafone IT" rat="LTE" q="15.00" rsrp="-100" sinr="1" rsrq="-11"/>
        <radio op="I TIM" rat="LTE" q="43.70" rsrp="-102" sinr="14" rsrq="-12"/>
      </extensions>
    </trkpt>
    <trkpt lat="45.693259" lon="10.6672072">
      <ele>156.0</ele>
      <time>2026-08-29T18:55:41.173+02:00</time>
      <extensions>
        <activity type="IN_VEHICLE" conf="96" state="moving" tsMs="1788022539433"/>
        <radio op="vodafone IT" rat="LTE" rsrp="-107" rsrq="-15"/>
        <radio op="I TIM" rat="LTE" rsrp="-112" rsrq="-14"/>
      </extensions>
    </trkpt>
    <trkpt lat="45.6920357" lon="10.6666285">
      <ele>153.0</ele>
      <time>2026-08-29T18:55:51.173+02:00</time>
      <extensions>
        <activity type="IN_VEHICLE" conf="96" state="moving" tsMs="1788022550071"/>
        <radio op="vodafone IT" rat="LTE" q="33.30" rsrp="-88" sinr="4" rsrq="-13"/>
        <radio op="I TIM" rat="LTE" rsrp="-101" rsrq="-16"/>
      </extensions>
    </trkpt>
    <trkpt lat="45.6915237" lon="10.6657697">
      <ele>147.0</ele>
      <time>2026-08-29T18:56:01.173+02:00</time>
      <extensions>
        <activity type="IN_VEHICLE" conf="96" state="moving" tsMs="1788022560771"/>
        <radio op="vodafone IT" rat="LTE" q="36.30" rsrp="-92" sinr="6" rsrq="-12"/>
        <radio op="I TIM" rat="LTE" q="51.80" rsrp="-88" sinr="9" rsrq="-11"/>
      </extensions>
    </trkpt>
    <trkpt lat="45.6911153" lon="10.6650831">
      <ele>141.0</ele>
      <time>2026-08-29T18:56:12.173+02:00</time>
      <extensions>
        <activity type="IN_VEHICLE" conf="96" state="moving" tsMs="1788022571479"/>
        <radio op="vodafone IT" rat="LTE" q="54.00" rsrp="-89" sinr="10" rsrq="-11"/>
        <radio op="I TIM" rat="LTE" q="43.20" rsrp="-89" sinr="7" rsrq="-10"/>
      </extensions>
    </trkpt>
    <trkpt lat="45.6909391" lon="10.6647846">
      <ele>144.0</ele>
      <time>2026-08-29T18:56:22.173+02:00</time>
      <extensions>
        <activity type="IN_VEHICLE" conf="96" state="moving" tsMs="1788022576858"/>
        <radio op="vodafone IT" rat="LTE" q="48.10" rsrp="-88" sinr="8" rsrq="-12"/>
        <radio op="I TIM" rat="LTE" q="52.00" rsrp="-85" sinr="8" rsrq="-8"/>
      </extensions>
    </trkpt>
    <trkpt lat="45.6902719" lon="10.6642034">
      <ele>141.0</ele>
      <time>2026-08-29T18:56:32.173+02:00</time>
      <extensions>
        <activity type="IN_VEHICLE" conf="96" state="moving" tsMs="1788022587556"/>
        <radio op="vodafone IT" rat="LTE" q="74.10" rsrp="-86" sinr="14" rsrq="-12"/>
        <radio op="I TIM" rat="LTE" q="56.00" rsrp="-84" sinr="9" rsrq="-9"/>
      </extensions>
    </trkpt>
    <trkpt lat="45.6894206" lon="10.6635647">
      <ele>136.0</ele>
      <time>2026-08-29T18:56:42.173+02:00</time>
      <extensions>
        <activity type="IN_VEHICLE" conf="96" state="moving" tsMs="1788022598203"/>
        <radio op="vodafone IT" rat="LTE" q="72.00" rsrp="-82" sinr="13" rsrq="-11"/>
        <radio op="I TIM" rat="LTE" q="19.50" rsrp="-86" sinr="0" rsrq="-11"/>
      </extensions>
    </trkpt>
    <trkpt lat="45.6889121" lon="10.6625235">
      <ele>132.0</ele>
      <time>2026-08-29T18:56:52.173+02:00</time>
      <extensions>
        <activity type="IN_VEHICLE" conf="96" state="moving" tsMs="1788022608912"/>
        <radio op="vodafone IT" rat="LTE" q="64.00" rsrp="-79" sinr="11" rsrq="-12"/>
        <radio op="I TIM" rat="LTE" q="35.00" rsrp="-90" sinr="5" rsrq="-8"/>
      </extensions>
    </trkpt>
    <trkpt lat="45.6882926" lon="10.6614869">
      <ele>128.0</ele>
      <time>2026-08-29T18:57:02.173+02:00</time>
      <extensions>
        <activity type="IN_VEHICLE" conf="96" state="moving" tsMs="1788022619601"/>
        <radio op="vodafone IT" rat="LTE" rsrp="-94" rsrq="-13"/>
        <radio op="I TIM" rat="LTE" q="27.60" rsrp="-102" sinr="7" rsrq="-11"/>
      </extensions>
    </trkpt>
    <trkpt lat="45.6873722" lon="10.6606312">
      <ele>120.0</ele>
      <time>2026-08-29T18:57:12.173+02:00</time>
      <extensions>
        <activity type="IN_VEHICLE" conf="96" state="moving" tsMs="1788022630231"/>
        <radio op="vodafone IT" rat="LTE" rsrp="-98" rsrq="-18"/>
        <radio op="I TIM" rat="LTE" q="22.50" rsrp="-100" sinr="4" rsrq="-14"/>
      </extensions>
    </trkpt>
    <trkpt lat="45.6864354" lon="10.6600212">
      <ele>120.0</ele>
      <time>2026-08-29T18:57:22.172+02:00</time>
      <extensions>
        <activity type="IN_VEHICLE" conf="96" state="moving" tsMs="1788022640984"/>
        <radio op="vodafone IT" rat="LTE" q="34.00" rsrp="-91" sinr="5" rsrq="-13"/>
        <radio op="I TIM" rat="LTE" rsrp="-103" rsrq="-18"/>
      </extensions>
    </trkpt>
    <trkpt lat="45.6857787" lon="10.6594763">
      <ele>120.0</ele>
      <time>2026-08-29T18:57:32.173+02:00</time>
      <extensions>
        <activity type="IN_VEHICLE" conf="99" state="moving" tsMs="1788022651634"/>
        <radio op="vodafone IT" rat="LTE" q="22.40" rsrp="-97" sinr="3" rsrq="-12"/>
        <radio op="I TIM" rat="LTE" rsrp="-108" rsrq="-14"/>
      </extensions>
    </trkpt>
    <trkpt lat="45.6849202" lon="10.6586491">
      <ele>121.0</ele>
      <time>2026-08-29T18:57:43.172+02:00</time>
      <extensions>
        <activity type="IN_VEHICLE" conf="89" state="moving" tsMs="1788022662281"/>
        <radio op="vodafone IT" rat="LTE" q="20.70" rsrp="-102" sinr="4" rsrq="-10"/>
        <radio op="I TIM" rat="LTE" rsrp="-111" rsrq="-14"/>
      </extensions>
    </trkpt>
    <trkpt lat="45.6839225" lon="10.6577128">
      <ele>124.0</ele>
      <time>2026-08-29T18:57:53.173+02:00</time>
      <extensions>
        <activity type="IN_VEHICLE" conf="89" state="moving" tsMs="1788022673025"/>
        <radio op="vodafone IT" rat="LTE" q="13.20" rsrp="-103" sinr="1" rsrq="-12"/>
        <radio op="I TIM" rat="LTE" q="8.40" rsrp="-111" sinr="1" rsrq="-16"/>
      </extensions>
    </trkpt>
    <trkpt lat="45.6829621" lon="10.6564481">
      <ele>126.0</ele>
      <time>2026-08-29T18:58:03.174+02:00</time>
      <extensions>
        <activity type="IN_VEHICLE" conf="94" state="moving" tsMs="1788022678363"/>
        <radio op="vodafone IT" rat="LTE" rsrp="-118" rsrq="-19"/>
        <radio op="I TIM" rat="LTE" q="7.20" rsrp="-113" sinr="1" rsrq="-14"/>
      </extensions>
    </trkpt>
    <trkpt lat="45.6819047" lon="10.6549673">
      <ele>124.0</ele>
      <time>2026-08-29T18:58:13.174+02:00</time>
      <extensions>
        <activity type="IN_VEHICLE" conf="96" state="moving" tsMs="1788022689017"/>
        <radio op="vodafone IT" rat="LTE" rsrp="-113" rsrq="-18"/>
        <radio op="I TIM" rat="LTE" q="8.80" rsrp="-114" sinr="3" rsrq="-13"/>
      </extensions>
    </trkpt>
    <trkpt lat="45.6805802" lon="10.6541822">
      <ele>120.0</ele>
      <time>2026-08-29T18:58:23.173+02:00</time>
      <extensions>
        <activity type="IN_VEHICLE" conf="96" state="moving" tsMs="1788022699638"/>
        <radio op="vodafone IT" rat="LTE" rsrp="-103" rsrq="-13"/>
        <radio op="I TIM" rat="LTE" q="17.10" rsrp="-116" sinr="14" rsrq="-14"/>
      </extensions>
    </trkpt>
    <trkpt lat="45.6798605" lon="10.6540309">
      <ele>122.0</ele>
      <time>2026-08-29T18:58:33.174+02:00</time>
      <extensions>
        <activity type="IN_VEHICLE" conf="96" state="moving" tsMs="1788022710333"/>
        <radio op="vodafone IT" rat="LTE" rsrp="-104" rsrq="-16"/>
        <radio op="I TIM" rat="LTE" q="27.00" rsrp="-98" sinr="5" rsrq="-13"/>
      </extensions>
    </trkpt>
    <trkpt lat="45.6792085" lon="10.653878">
      <ele>123.0</ele>
      <time>2026-08-29T18:58:43.174+02:00</time>
      <extensions>
        <activity type="IN_VEHICLE" conf="92" state="moving" tsMs="1788022721021"/>
        <radio op="vodafone IT" rat="LTE" rsrp="-107" rsrq="-15"/>
        <radio op="I TIM" rat="LTE" q="15.00" rsrp="-110" sinr="5" rsrq="-14"/>
      </extensions>
    </trkpt>
    <trkpt lat="45.6780585" lon="10.6535735">
      <ele>121.0</ele>
      <time>2026-08-29T18:58:53.174+02:00</time>
      <extensions>
        <activity type="IN_VEHICLE" conf="97" state="moving" tsMs="1788022731659"/>
        <radio op="vodafone IT" rat="LTE" rsrp="-106" rsrq="-10"/>
        <radio op="I TIM" rat="LTE" rsrp="-107" rsrq="-13"/>
      </extensions>
    </trkpt>
    <trkpt lat="45.6772172" lon="10.6530427">
      <ele>119.0</ele>
      <time>2026-08-29T18:59:04.173+02:00</time>
      <extensions>
        <activity type="IN_VEHICLE" conf="96" state="moving" tsMs="1788022742280"/>
        <radio op="vodafone IT" rat="LTE" rsrp="-110" rsrq="-14"/>
        <radio op="I TIM" rat="LTE" q="3.00" rsrp="-120" sinr="1" rsrq="-15"/>
      </extensions>
    </trkpt>
    <trkpt lat="45.6768411" lon="10.6527926">
      <ele>113.0</ele>
      <time>2026-08-29T18:59:14.174+02:00</time>
      <extensions>
        <activity type="IN_VEHICLE" conf="96" state="moving" tsMs="1788022752932"/>
        <radio op="vodafone IT" rat="LTE" q="14.00" rsrp="-105" sinr="2" rsrq="-10"/>
        <radio op="I TIM" rat="LTE" q="4.90" rsrp="-118" sinr="2" rsrq="-14"/>
      </extensions>
    </trkpt>
    <trkpt lat="45.675939" lon="10.6517286">
      <ele>117.0</ele>
      <time>2026-08-29T18:59:24.174+02:00</time>
      <extensions>
        <activity type="IN_VEHICLE" conf="96" state="moving" tsMs="1788022763623"/>
        <radio op="vodafone IT" rat="LTE" rsrp="-115" rsrq="-14"/>
        <radio op="I TIM" rat="LTE" rsrp="-125" rsrq="-16"/>
      </extensions>
    </trkpt>
    <trkpt lat="45.6749136" lon="10.6505283">
      <ele>121.0</ele>
      <time>2026-08-29T18:59:34.173+02:00</time>
      <extensions>
        <activity type="IN_VEHICLE" conf="96" state="moving" tsMs="1788022774326"/>
        <radio op="vodafone IT" rat="LTE" rsrp="-108" rsrq="-12"/>
        <radio op="I TIM" rat="LTE" rsrp="-115" rsrq="-14"/>
      </extensions>
    </trkpt>
    <trkpt lat="45.6741787" lon="10.65003">
      <ele>126.0</ele>
      <time>2026-08-29T18:59:44.174+02:00</time>
      <extensions>
        <activity type="IN_VEHICLE" conf="96" state="moving" tsMs="1788022779643"/>
        <radio op="vodafone IT" rat="LTE" rsrp="-107" rsrq="-15"/>
        <radio op="I TIM" rat="LTE" q="22.00" rsrp="-105" sinr="6" rsrq="-12"/>
      </extensions>
    </trkpt>
    <trkpt lat="45.6738411" lon="10.649484">
      <ele>129.0</ele>
      <time>2026-08-29T18:59:54.173+02:00</time>
      <extensions>
        <activity type="IN_VEHICLE" conf="95" state="moving" tsMs="1788022790314"/>
        <radio op="vodafone IT" rat="LTE" rsrp="-108" rsrq="-18"/>
        <radio op="I TIM" rat="LTE" q="27.20" rsrp="-109" sinr="12" rsrq="-12"/>
      </extensions>
    </trkpt>
    <trkpt lat="45.6733101" lon="10.6490067">
      <ele>133.0</ele>
      <time>2026-08-29T19:00:04.173+02:00</time>
      <extensions>
        <activity type="IN_VEHICLE" conf="96" state="moving" tsMs="1788022800967"/>
        <radio op="vodafone IT" rat="LTE" q="9.00" rsrp="-107" sinr="0" rsrq="-14"/>
        <radio op="I TIM" rat="LTE" q="24.00" rsrp="-110" sinr="11" rsrq="-12"/>
      </extensions>
    </trkpt>
    <trkpt lat="45.6732757" lon="10.6490733">
      <ele>134.0</ele>
      <time>2026-08-29T19:00:14.174+02:00</time>
      <extensions>
        <activity type="IN_VEHICLE" conf="96" state="moving" tsMs="1788022811650"/>
        <radio op="vodafone IT" rat="LTE" q="12.50" rsrp="-100" sinr="0" rsrq="-10"/>
        <radio op="I TIM" rat="LTE" q="31.90" rsrp="-96" sinr="6" rsrq="-12"/>
      </extensions>
    </trkpt>
    <trkpt lat="45.673416" lon="10.6491836">
      <ele>133.0</ele>
      <time>2026-08-29T19:00:24.174+02:00</time>
      <extensions>
        <activity type="IN_VEHICLE" conf="96" state="moving" tsMs="1788022822328"/>
        <radio op="vodafone IT" rat="LTE" q="16.80" rsrp="-101" sinr="2" rsrq="-11"/>
        <radio op="I TIM" rat="LTE" q="12.80" rsrp="-109" sinr="3" rsrq="-13"/>
      </extensions>
    </trkpt>
    <trkpt lat="45.6740267" lon="10.6497222">
      <ele>130.0</ele>
      <time>2026-08-29T19:00:34.174+02:00</time>
      <extensions>
        <activity type="IN_VEHICLE" conf="96" state="moving" tsMs="1788022832987"/>
        <radio op="vodafone IT" rat="LTE" rsrp="-103" rsrq="-16"/>
        <radio op="I TIM" rat="LTE" q="33.80" rsrp="-99" sinr="8" rsrq="-13"/>
      </extensions>
    </trkpt>
    <trkpt lat="45.6744146" lon="10.6504827">
      <ele>122.0</ele>
      <time>2026-08-29T19:00:45.173+02:00</time>
      <extensions>
        <activity type="IN_VEHICLE" conf="96" state="moving" tsMs="1788022843671"/>
        <radio op="vodafone IT" rat="LTE" q="7.00" rsrp="-111" sinr="0" rsrq="-12"/>
        <radio op="I TIM" rat="LTE" q="32.20" rsrp="-102" sinr="9" rsrq="-12"/>
      </extensions>
    </trkpt>
    <trkpt lat="45.6741183" lon="10.6501229">
      <ele>125.0</ele>
      <time>2026-08-29T19:00:55.173+02:00</time>
      <extensions>
        <activity type="IN_VEHICLE" conf="96" state="moving" tsMs="1788022854370"/>
        <radio op="vodafone IT" rat="LTE" rsrp="-120" rsrq="-18"/>
        <radio op="I TIM" rat="LTE" q="12.00" rsrp="-101" sinr="0" rsrq="-12"/>
      </extensions>
    </trkpt>
    <trkpt lat="45.6733008" lon="10.6497534">
      <ele>128.0</ele>
      <time>2026-08-29T19:01:05.173+02:00</time>
      <extensions>
        <activity type="IN_VEHICLE" conf="96" state="moving" tsMs="1788022864575"/>
        <radio op="vodafone IT" rat="LTE" rsrp="-111" rsrq="-17"/>
        <radio op="I TIM" rat="LTE" q="9.90" rsrp="-114" sinr="4" rsrq="-13"/>
      </extensions>
    </trkpt>
    <trkpt lat="45.6724442" lon="10.6489931">
      <ele>137.0</ele>
      <time>2026-08-29T19:01:15.174+02:00</time>
      <extensions>
        <activity type="IN_VEHICLE" conf="96" state="moving" tsMs="1788022875272"/>
        <radio op="vodafone IT" rat="LTE" rsrp="-112" rsrq="-17"/>
        <radio op="I TIM" rat="LTE" q="13.00" rsrp="-112" sinr="5" rsrq="-13"/>
      </extensions>
    </trkpt>
    <trkpt lat="45.6719859" lon="10.6483826">
      <ele>141.0</ele>
      <time>2026-08-29T19:01:25.174+02:00</time>
      <extensions>
        <activity type="IN_VEHICLE" conf="96" state="moving" tsMs="1788022880615"/>
        <radio op="vodafone IT" rat="LTE" rsrp="-105" rsrq="-12"/>
        <radio op="I TIM" rat="LTE" rsrp="-114" rsrq="-13"/>
      </extensions>
    </trkpt>
    <trkpt lat="45.6713248" lon="10.647822">
      <ele>147.0</ele>
      <time>2026-08-29T19:01:35.174+02:00</time>
      <extensions>
        <activity type="IN_VEHICLE" conf="95" state="moving" tsMs="1788022891332"/>
        <radio op="vodafone IT" rat="LTE" q="23.00" rsrp="-102" sinr="5" rsrq="-13"/>
        <radio op="I TIM" rat="LTE" rsrp="-119" rsrq="-15"/>
      </extensions>
    </trkpt>
    <trkpt lat="45.6712039" lon="10.64766">
      <ele>146.0</ele>
      <time>2026-08-29T19:01:45.173+02:00</time>
      <extensions>
        <activity type="IN_VEHICLE" conf="96" state="moving" tsMs="1788022901981"/>
        <radio op="vodafone IT" rat="LTE" rsrp="-103" rsrq="-18"/>
        <radio op="I TIM" rat="LTE" q="37.80" rsrp="-98" sinr="9" rsrq="-11"/>
      </extensions>
    </trkpt>
    <trkpt lat="45.6712389" lon="10.6475108">
      <ele>148.0</ele>
      <time>2026-08-29T19:01:55.173+02:00</time>
      <extensions>
        <activity type="IN_VEHICLE" conf="99" state="moving" tsMs="1788022912649"/>
        <radio op="vodafone IT" rat="LTE" rsrp="-105" rsrq="-13"/>
        <radio op="I TIM" rat="LTE" q="12.00" rsrp="-113" sinr="5" rsrq="-13"/>
      </extensions>
    </trkpt>
    <trkpt lat="45.6711712" lon="10.6476507">
      <ele>149.0</ele>
      <time>2026-08-29T19:02:05.174+02:00</time>
      <extensions>
        <activity type="IN_VEHICLE" conf="96" state="moving" tsMs="1788022923294"/>
        <radio op="vodafone IT" rat="LTE" rsrp="-103" rsrq="-13"/>
        <radio op="I TIM" rat="LTE" q="10.80" rsrp="-113" sinr="4" rsrq="-13"/>
      </extensions>
    </trkpt>
    <trkpt lat="45.6713791" lon="10.6474782">
      <ele>149.0</ele>
      <time>2026-08-29T19:02:15.173+02:00</time>
      <extensions>
        <activity type="IN_VEHICLE" conf="95" state="moving" tsMs="1788022933993"/>
        <radio op="vodafone IT" rat="LTE" q="17.60" rsrp="-103" sinr="3" rsrq="-14"/>
        <radio op="I TIM" rat="LTE" q="39.60" rsrp="-103" sinr="13" rsrq="-12"/>
      </extensions>
    </trkpt>
    <trkpt lat="45.6719064" lon="10.6471466">
      <ele>152.0</ele>
      <time>2026-08-29T19:02:25.174+02:00</time>
      <extensions>
        <activity type="IN_VEHICLE" conf="96" state="moving" tsMs="1788022944726"/>
        <radio op="vodafone IT" rat="LTE" rsrp="-111" rsrq="-14"/>
        <radio op="I TIM" rat="LTE" q="14.30" rsrp="-112" sinr="6" rsrq="-14"/>
      </extensions>
    </trkpt>
    <trkpt lat="45.6721145" lon="10.6469616">
      <ele>153.0</ele>
      <time>2026-08-29T19:02:36.174+02:00</time>
      <extensions>
        <activity type="IN_VEHICLE" conf="96" state="moving" tsMs="1788022955405"/>
        <radio op="vodafone IT" rat="LTE" rsrp="-113" rsrq="-16"/>
        <radio op="I TIM" rat="LTE" q="8.40" rsrp="-113" sinr="2" rsrq="-13"/>
      </extensions>
    </trkpt>
    <trkpt lat="45.6721422" lon="10.6469185">
      <ele>152.0</ele>
      <time>2026-08-29T19:02:46.174+02:00</time>
      <extensions>
        <activity type="IN_VEHICLE" conf="96" state="moving" tsMs="1788022966083"/>
        <radio op="vodafone IT" rat="LTE" rsrp="-113" rsrq="-13"/>
        <radio op="I TIM" rat="LTE" q="8.40" rsrp="-111" sinr="1" rsrq="-12"/>
      </extensions>
    </trkpt>
    <trkpt lat="45.6720961" lon="10.6469356">
      <ele>152.0</ele>
      <time>2026-08-29T19:02:56.174+02:00</time>
      <extensions>
        <activity type="IN_VEHICLE" conf="96" state="moving" tsMs="1788022971389"/>
        <radio op="vodafone IT" rat="LTE" q="12.00" rsrp="-110" sinr="3" rsrq="-12"/>
        <radio op="I TIM" rat="LTE" q="19.50" rsrp="-112" sinr="10" rsrq="-12"/>
      </extensions>
    </trkpt>
    <trkpt lat="45.6720382" lon="10.6469359">
      <ele>150.0</ele>
      <time>2026-08-29T19:03:06.173+02:00</time>
      <extensions>
        <activity type="IN_VEHICLE" conf="96" state="moving" tsMs="1788022982028"/>
        <radio op="vodafone IT" rat="LTE" rsrp="-115" rsrq="-16"/>
        <radio op="I TIM" rat="LTE" q="16.80" rsrp="-113" sinr="9" rsrq="-11"/>
      </extensions>
    </trkpt>
    <trkpt lat="45.6719918" lon="10.647069">
      <ele>152.8000030517578</ele>
      <time>2026-08-29T19:03:13.478+02:00</time>
      <extensions>
        <activity type="IN_VEHICLE" conf="94" state="moving" tsMs="1788022992493"/>
        <radio op="vodafone IT" rat="LTE" rsrp="-121" rsrq="-13"/>
        <radio op="I TIM" rat="LTE" rsrp="-122" rsrq="-15"/>
      </extensions>
    </trkpt>
    <trkpt lat="45.672001" lon="10.6471412">
      <ele>153.50001525878906</ele>
      <time>2026-08-29T19:03:36.173+02:00</time>
      <extensions>
        <activity type="UNKNOWN" conf="40" state="unknown" tsMs="1788022996492"/>
        <radio op="vodafone IT" rat="LTE" rsrp="-122" rsrq="-14"/>
        <radio op="I TIM" rat="LTE" q="4.90" rsrp="-118" sinr="2" rsrq="-12"/>
      </extensions>
    </trkpt>
    <trkpt lat="45.672001" lon="10.6471412">
      <ele>153.40000915527344</ele>
      <time>2026-08-29T19:03:56.173+02:00</time>
      <extensions>
        <activity type="UNKNOWN" conf="40" state="unknown" tsMs="1788023035929"/>
        <radio op="vodafone IT" rat="LTE" rsrp="-126" rsrq="-18"/>
        <radio op="I TIM" rat="LTE" q="4.20" rsrp="-119" sinr="2" rsrq="-14"/>
      </extensions>
    </trkpt>
    <trkpt lat="45.672001" lon="10.6471412">
      <ele>153.40000915527344</ele>
      <time>2026-08-29T19:04:06.174+02:00</time>
      <extensions>
        <activity type="UNKNOWN" conf="40" state="unknown" tsMs="1788023046131"/>
        <radio op="vodafone IT" rat="LTE" rsrp="-119" rsrq="-13"/>
        <radio op="I TIM" rat="LTE" rsrp="-119" rsrq="-14"/>
      </extensions>
    </trkpt>
    <trkpt lat="45.672001" lon="10.6471412">
      <ele>153.40000915527344</ele>
      <time>2026-08-29T19:04:16.174+02:00</time>
      <extensions>
        <activity type="UNKNOWN" conf="40" state="unknown" tsMs="1788023056230"/>
        <radio op="vodafone IT" rat="LTE" rsrp="-127" rsrq="-19"/>
        <radio op="I TIM" rat="LTE" q="6.40" rsrp="-117" sinr="3" rsrq="-14"/>
      </extensions>
    </trkpt>
    <trkpt lat="45.672001" lon="10.6471412">
      <ele>153.40000915527344</ele>
      <time>2026-08-29T19:04:27.174+02:00</time>
      <extensions>
        <activity type="UNKNOWN" conf="40" state="unknown" tsMs="1788023066693"/>
        <radio op="vodafone IT" rat="LTE" rsrp="-116" rsrq="-16"/>
        <radio op="I TIM" rat="LTE" q="10.80" rsrp="-116" sinr="7" rsrq="-13"/>
      </extensions>
    </trkpt>
    <trkpt lat="45.6719622" lon="10.6471489">
      <ele>153.40000915527344</ele>
      <time>2026-08-29T19:04:37.174+02:00</time>
      <extensions>
        <activity type="IN_VEHICLE" conf="86" state="moving" tsMs="1788023072090"/>
        <radio op="vodafone IT" rat="LTE" rsrp="-112" rsrq="-14"/>
        <radio op="I TIM" rat="LTE" q="14.00" rsrp="-111" sinr="5" rsrq="-13"/>
      </extensions>
    </trkpt>
    <trkpt lat="45.6717348" lon="10.6472091">
      <ele>153.40000915527344</ele>
      <time>2026-08-29T19:04:47.174+02:00</time>
      <extensions>
        <activity type="IN_VEHICLE" conf="96" state="moving" tsMs="1788023082818"/>
        <radio op="vodafone IT" rat="LTE" rsrp="-113" rsrq="-16"/>
        <radio op="I TIM" rat="LTE" q="17.00" rsrp="-108" sinr="5" rsrq="-12"/>
      </extensions>
    </trkpt>
    <trkpt lat="45.6717227" lon="10.6471995">
      <ele>153.40000915527344</ele>
      <time>2026-08-29T19:04:57.174+02:00</time>
      <extensions>
        <activity type="IN_VEHICLE" conf="94" state="moving" tsMs="1788023093488"/>
        <radio op="vodafone IT" rat="LTE" rsrp="-120" rsrq="-16"/>
        <radio op="I TIM" rat="LTE" q="12.10" rsrp="-114" sinr="6" rsrq="-13"/>
      </extensions>
    </trkpt>
    <trkpt lat="45.6717227" lon="10.6471995">
      <ele>152.8000030517578</ele>
      <time>2026-08-29T19:05:01.174+02:00</time>
      <extensions>
        <activity type="UNKNOWN" conf="40" state="unknown" tsMs="1788023106853"/>
        <radio op="vodafone IT" rat="LTE" rsrp="-117" rsrq="-14"/>
        <radio op="I TIM" rat="LTE" q="10.40" rsrp="-117" sinr="8" rsrq="-13"/>
      </extensions>
    </trkpt>
    <trkpt lat="45.6717506" lon="10.6472047">
      <ele>152.8000030517578</ele>
      <time>2026-08-29T19:05:37.174+02:00</time>
      <extensions>
        <activity type="UNKNOWN" conf="40" state="unknown" tsMs="1788023137726"/>
        <radio op="vodafone IT" rat="LTE" rsrp="-119" rsrq="-18"/>
        <radio op="I TIM" rat="LTE" rsrp="-117" rsrq="-13"/>
      </extensions>
    </trkpt>
    <trkpt lat="45.6717507" lon="10.6472052">
      <ele>152.8000030517578</ele>
      <time>2026-08-29T19:05:48.173+02:00</time>
      <extensions>
        <activity type="UNKNOWN" conf="40" state="unknown" tsMs="1788023137726"/>
        <radio op="vodafone IT" rat="LTE" rsrp="-118" rsrq="-16"/>
        <radio op="I TIM" rat="LTE" q="9.60" rsrp="-117" sinr="7" rsrq="-13"/>
      </extensions>
    </trkpt>
    <trkpt lat="45.6717507" lon="10.6472052">
      <ele>152.8000030517578</ele>
      <time>2026-08-29T19:05:53.173+02:00</time>
      <extensions>
        <activity type="UNKNOWN" conf="40" state="unknown" tsMs="1788023141398"/>
        <radio op="vodafone IT" rat="LTE" rsrp="-118" rsrq="-15"/>
        <radio op="I TIM" rat="LTE" q="11.20" rsrp="-117" sinr="9" rsrq="-13"/>
      </extensions>
    </trkpt>
    <trkpt lat="45.6717362" lon="10.6471554">
      <ele>152.8000030517578</ele>
      <time>2026-08-29T19:06:28.933+02:00</time>
      <extensions>
        <activity type="STILL" conf="86" state="still" tsMs="1788023187347"/>
        <radio op="vodafone IT" rat="LTE" rsrp="-119" rsrq="-16"/>
        <radio op="I TIM" rat="LTE" q="7.20" rsrp="-113" sinr="1" rsrq="-12"/>
      </extensions>
    </trkpt>
    <trkpt lat="45.6717557" lon="10.6471531">
      <ele>152.8000030517578</ele>
      <time>2026-08-29T19:07:01.033+02:00</time>
      <extensions>
        <activity type="UNKNOWN" conf="40" state="unknown" tsMs="1788023219865"/>
        <radio op="vodafone IT" rat="LTE" rsrp="-117" rsrq="-16"/>
        <radio op="I TIM" rat="LTE" q="7.00" rsrp="-115" sinr="2" rsrq="-11"/>
      </extensions>
    </trkpt>
    <trkpt lat="45.6717384" lon="10.6471559">
      <ele>152.8000030517578</ele>
      <time>2026-08-29T19:07:32.251+02:00</time>
      <extensions>
        <activity type="STILL" conf="35" state="still" tsMs="1788023246611"/>
        <radio op="vodafone IT" rat="LTE" rsrp="-120" rsrq="-18"/>
        <radio op="I TIM" rat="LTE" rsrq="-20"/>
      </extensions>
    </trkpt>
    <trkpt lat="45.6717313" lon="10.6472092">
      <ele>152.8000030517578</ele>
      <time>2026-08-29T19:07:42.174+02:00</time>
      <extensions>
        <activity type="UNKNOWN" conf="40" state="unknown" tsMs="1788023257381"/>
        <radio op="vodafone IT" rat="LTE" rsrp="-127" rsrq="-16"/>
        <radio op="I TIM" rat="LTE" rsrp="-115" rsrq="-13"/>
      </extensions>
    </trkpt>
    <trkpt lat="45.671718" lon="10.6472166">
      <ele>152.8000030517578</ele>
      <time>2026-08-29T19:07:44.174+02:00</time>
      <extensions>
        <activity type="UNKNOWN" conf="40" state="unknown" tsMs="1788023257381"/>
        <radio op="vodafone IT" rat="LTE" rsrp="-123" rsrq="-13"/>
        <radio op="I TIM" rat="LTE" rsrp="-115" rsrq="-14"/>
      </extensions>
    </trkpt>
    <trkpt lat="45.6713484" lon="10.6474644">
      <ele>152.8000030517578</ele>
      <time>2026-08-29T19:08:53.173+02:00</time>
      <extensions>
        <activity type="IN_VEHICLE" conf="96" state="moving" tsMs="1788023331411"/>
        <radio op="vodafone IT" rat="LTE" rsrp="-105" rsrq="-14"/>
        <radio op="I TIM" rat="LTE" q="43.20" rsrp="-101" sinr="13" rsrq="-11"/>
      </extensions>
    </trkpt>
    <trkpt lat="45.6714445" lon="10.6479255">
      <ele>152.8000030517578</ele>
      <time>2026-08-29T19:09:03.172+02:00</time>
      <extensions>
        <activity type="IN_VEHICLE" conf="96" state="moving" tsMs="1788023342057"/>
        <radio op="vodafone IT" rat="LTE" q="42.00" rsrp="-97" sinr="10" rsrq="-11"/>
        <radio op="I TIM" rat="LTE" rsrp="-115" rsrq="-17"/>
      </extensions>
    </trkpt>
    <trkpt lat="45.6721153" lon="10.6485569">
      <ele>152.8000030517578</ele>
      <time>2026-08-29T19:09:13.173+02:00</time>
      <extensions>
        <activity type="IN_VEHICLE" conf="96" state="moving" tsMs="1788023352764"/>
        <radio op="vodafone IT" rat="LTE" rsrp="-104" rsrq="-14"/>
        <radio op="I TIM" rat="LTE" q="11.20" rsrp="-117" sinr="9" rsrq="-15"/>
      </extensions>
    </trkpt>
    <trkpt lat="45.6727633" lon="10.6494594">
      <ele>152.8000030517578</ele>
      <time>2026-08-29T19:09:23.173+02:00</time>
      <extensions>
        <activity type="IN_VEHICLE" conf="96" state="moving" tsMs="1788023363537"/>
        <radio op="vodafone IT" rat="LTE" rsrp="-107" rsrq="-17"/>
        <radio op="I TIM" rat="LTE" rsrp="-114" rsrq="-13"/>
      </extensions>
    </trkpt>
    <trkpt lat="45.6734418" lon="10.6498101">
      <ele>152.8000030517578</ele>
      <time>2026-08-29T19:09:33.173+02:00</time>
      <extensions>
        <activity type="IN_VEHICLE" conf="96" state="moving" tsMs="1788023368891"/>
        <radio op="vodafone IT" rat="LTE" rsrp="-110" rsrq="-19"/>
        <radio op="I TIM" rat="LTE" q="8.40" rsrp="-113" sinr="2" rsrq="-13"/>
      </extensions>
    </trkpt>
    <trkpt lat="45.6740426" lon="10.6499492">
      <ele>152.8000030517578</ele>
      <time>2026-08-29T19:09:44.173+02:00</time>
      <extensions>
        <activity type="IN_VEHICLE" conf="96" state="moving" tsMs="1788023379579"/>
        <radio op="vodafone IT" rat="LTE" rsrp="-114" rsrq="-19"/>
        <radio op="I TIM" rat="LTE" q="4.80" rsrp="-117" sinr="1" rsrq="-15"/>
      </extensions>
    </trkpt>
    <trkpt lat="45.6745376" lon="10.6504415">
      <ele>152.8000030517578</ele>
      <time>2026-08-29T19:09:54.173+02:00</time>
      <extensions>
        <activity type="IN_VEHICLE" conf="96" state="moving" tsMs="1788023390239"/>
        <radio op="vodafone IT" rat="LTE" rsrp="-108" rsrq="-15"/>
        <radio op="I TIM" rat="LTE" q="25.60" rsrp="-109" sinr="11" rsrq="-13"/>
      </extensions>
    </trkpt>
    <trkpt lat="45.675414" lon="10.6510756">
      <ele>152.8000030517578</ele>
      <time>2026-08-29T19:10:04.172+02:00</time>
      <extensions>
        <activity type="IN_VEHICLE" conf="96" state="moving" tsMs="1788023400905"/>
        <radio op="vodafone IT" rat="LTE" rsrp="-120" rsrq="-18"/>
        <radio op="I TIM" rat="LTE" rsrp="-117" rsrq="-14"/>
      </extensions>
    </trkpt>
    <trkpt lat="45.6764321" lon="10.65237">
      <ele>115.0</ele>
      <time>2026-08-29T19:10:14.172+02:00</time>
      <extensions>
        <activity type="IN_VEHICLE" conf="96" state="moving" tsMs="1788023411647"/>
        <radio op="vodafone IT" rat="LTE" rsrp="-111" rsrq="-18"/>
        <radio op="I TIM" rat="LTE" rsrp="-122" rsrq="-15"/>
      </extensions>
    </trkpt>
    <trkpt lat="45.6770455" lon="10.6529555">
      <ele>111.0</ele>
      <time>2026-08-29T19:10:24.173+02:00</time>
      <extensions>
        <activity type="IN_VEHICLE" conf="97" state="moving" tsMs="1788023422361"/>
        <radio op="vodafone IT" rat="LTE" rsrp="-109" rsrq="-17"/>
        <radio op="I TIM" rat="LTE" q="1.50" rsrp="-122" sinr="0" rsrq="-16"/>
      </extensions>
    </trkpt>
    <trkpt lat="45.6770455" lon="10.6529555">
      <ele>111.0</ele>
      <time>2026-08-29T19:10:34.173+02:00</time>
      <extensions>
        <activity type="IN_VEHICLE" conf="95" state="moving" tsMs="1788023433010"/>
        <radio op="vodafone IT" rat="LTE" rsrp="-107" rsrq="-16"/>
        <radio op="I TIM" rat="LTE" rsrp="-107" rsrq="-13"/>
      </extensions>
    </trkpt>
    <trkpt lat="45.6776587" lon="10.6533861">
      <ele>110.0</ele>
      <time>2026-08-29T19:10:44.173+02:00</time>
      <extensions>
        <activity type="IN_VEHICLE" conf="92" state="moving" tsMs="1788023443666"/>
        <radio op="vodafone IT" rat="LTE" rsrp="-112" rsrq="-18"/>
        <radio op="I TIM" rat="LTE" q="4.80" rsrp="-121" sinr="7" rsrq="-17"/>
      </extensions>
    </trkpt>
    <trkpt lat="45.6786548" lon="10.6537581">
      <ele>116.0</ele>
      <time>2026-08-29T19:10:54.173+02:00</time>
      <extensions>
        <activity type="IN_VEHICLE" conf="96" state="moving" tsMs="1788023454379"/>
        <radio op="vodafone IT" rat="LTE" rsrp="-109" rsrq="-17"/>
        <radio op="I TIM" rat="LTE" q="18.20" rsrp="-112" sinr="9" rsrq="-13"/>
      </extensions>
    </trkpt>
    <trkpt lat="45.6793869" lon="10.6539488">
      <ele>115.0</ele>
      <time>2026-08-29T19:11:04.172+02:00</time>
      <extensions>
        <activity type="IN_VEHICLE" conf="96" state="moving" tsMs="1788023459712"/>
        <radio op="vodafone IT" rat="LTE" rsrp="-103" rsrq="-12"/>
        <radio op="I TIM" rat="LTE" q="6.60" rsrp="-114" sinr="1" rsrq="-13"/>
      </extensions>
    </trkpt>
    <trkpt lat="45.679781" lon="10.6540173">
      <ele>114.0</ele>
      <time>2026-08-29T19:11:14.173+02:00</time>
      <extensions>
        <activity type="IN_VEHICLE" conf="96" state="moving" tsMs="1788023470372"/>
        <radio op="vodafone IT" rat="LTE" rsrp="-109" rsrq="-16"/>
        <radio op="I TIM" rat="LTE" q="18.00" rsrp="-105" sinr="4" rsrq="-15"/>
      </extensions>
    </trkpt>
    <trkpt lat="45.6807651" lon="10.6542546">
      <ele>117.0</ele>
      <time>2026-08-29T19:11:24.172+02:00</time>
      <extensions>
        <activity type="IN_VEHICLE" conf="96" state="moving" tsMs="1788023481012"/>
        <radio op="vodafone IT" rat="LTE" rsrp="-111" rsrq="-17"/>
        <radio op="I TIM" rat="LTE" q="7.80" rsrp="-112" sinr="1" rsrq="-14"/>
      </extensions>
    </trkpt>
    <trkpt lat="45.6820509" lon="10.6552072">
      <ele>121.0</ele>
      <time>2026-08-29T19:11:35.173+02:00</time>
      <extensions>
        <activity type="IN_VEHICLE" conf="96" state="moving" tsMs="1788023491685"/>
        <radio op="vodafone IT" rat="LTE" rsrp="-116" rsrq="-14"/>
        <radio op="I TIM" rat="LTE" q="19.00" rsrp="-115" sinr="14" rsrq="-13"/>
      </extensions>
    </trkpt>
    <trkpt lat="45.6830796" lon="10.6566509">
      <ele>120.0</ele>
      <time>2026-08-29T19:11:45.172+02:00</time>
      <extensions>
        <activity type="IN_VEHICLE" conf="96" state="moving" tsMs="1788023502364"/>
        <radio op="vodafone IT" rat="LTE" rsrp="-110" rsrq="-19"/>
        <radio op="I TIM" rat="LTE" q="20.80" rsrp="-112" sinr="11" rsrq="-13"/>
      </extensions>
    </trkpt>
    <trkpt lat="45.6841003" lon="10.6579306">
      <ele>119.0</ele>
      <time>2026-08-29T19:11:55.173+02:00</time>
      <extensions>
        <activity type="IN_VEHICLE" conf="96" state="moving" tsMs="1788023512974"/>
        <radio op="vodafone IT" rat="LTE" rsrp="-97" rsrq="-14"/>
        <radio op="I TIM" rat="LTE" rsrp="-109" rsrq="-15"/>
      </extensions>
    </trkpt>
    <trkpt lat="45.6853775" lon="10.6591238">
      <ele>117.0</ele>
      <time>2026-08-29T19:12:05.173+02:00</time>
      <extensions>
        <activity type="IN_VEHICLE" conf="96" state="moving" tsMs="1788023523654"/>
        <radio op="vodafone IT" rat="LTE" q="13.00" rsrp="-99" sinr="0" rsrq="-12"/>
        <radio op="I TIM" rat="LTE" q="7.70" rsrp="-114" sinr="2" rsrq="-16"/>
      </extensions>
    </trkpt>
    <trkpt lat="45.6866349" lon="10.6602096">
      <ele>118.0</ele>
      <time>2026-08-29T19:12:15.173+02:00</time>
      <extensions>
        <activity type="IN_VEHICLE" conf="96" state="moving" tsMs="1788023534305"/>
        <radio op="vodafone IT" rat="LTE" rsrp="-85" rsrq="-14"/>
        <radio op="I TIM" rat="LTE" q="15.00" rsrp="-95" sinr="0" rsrq="-13"/>
      </extensions>
    </trkpt>
    <trkpt lat="45.688026" lon="10.6611845">
      <ele>123.0</ele>
      <time>2026-08-29T19:12:25.173+02:00</time>
      <extensions>
        <activity type="IN_VEHICLE" conf="96" state="moving" tsMs="1788023544904"/>
        <radio op="vodafone IT" rat="LTE" rsrp="-98" rsrq="-14"/>
        <radio op="I TIM" rat="LTE" q="28.80" rsrp="-101" sinr="7" rsrq="-12"/>
      </extensions>
    </trkpt>
    <trkpt lat="45.6888246" lon="10.6623959">
      <ele>131.0</ele>
      <time>2026-08-29T19:12:35.173+02:00</time>
      <extensions>
        <activity type="IN_VEHICLE" conf="96" state="moving" tsMs="1788023555619"/>
        <radio op="vodafone IT" rat="LTE" q="52.00" rsrp="-84" sinr="8" rsrq="-15"/>
        <radio op="I TIM" rat="LTE" q="29.70" rsrp="-92" sinr="4" rsrq="-12"/>
      </extensions>
    </trkpt>
    <trkpt lat="45.6886761" lon="10.6619693">
      <ele>132.0</ele>
      <time>2026-08-29T19:12:45.172+02:00</time>
      <extensions>
        <activity type="IN_VEHICLE" conf="99" state="moving" tsMs="1788023560944"/>
        <radio op="vodafone IT" rat="LTE" q="24.00" rsrp="-80" sinr="1" rsrq="-15"/>
        <radio op="I TIM" rat="LTE" q="55.80" rsrp="-94" sinr="13" rsrq="-12"/>
      </extensions>
    </trkpt>
    <trkpt lat="45.6881074" lon="10.6609565">
      <ele>141.0</ele>
      <time>2026-08-29T19:12:56.172+02:00</time>
      <extensions>
        <activity type="IN_VEHICLE" conf="96" state="moving" tsMs="1788023571700"/>
        <radio op="vodafone IT" rat="LTE" q="36.00" rsrp="-84" sinr="4" rsrq="-15"/>
        <radio op="I TIM" rat="LTE" q="12.50" rsrp="-100" sinr="0" rsrq="-15"/>
      </extensions>
    </trkpt>
    <trkpt lat="45.6878725" lon="10.660004">
      <ele>148.0</ele>
      <time>2026-08-29T19:13:06.173+02:00</time>
      <extensions>
        <activity type="IN_VEHICLE" conf="96" state="moving" tsMs="1788023582382"/>
        <radio op="vodafone IT" rat="LTE" q="52.00" rsrp="-82" sinr="8" rsrq="-11"/>
        <radio op="I TIM" rat="LTE" q="28.60" rsrp="-103" sinr="8" rsrq="-13"/>
      </extensions>
    </trkpt>
    <trkpt lat="45.6873206" lon="10.6598328">
      <ele>152.0</ele>
      <time>2026-08-29T19:13:16.173+02:00</time>
      <extensions>
        <activity type="IN_VEHICLE" conf="96" state="moving" tsMs="1788023593098"/>
        <radio op="vodafone IT" rat="LTE" q="36.00" rsrp="-95" sinr="7" rsrq="-11"/>
        <radio op="I TIM" rat="LTE" q="16.10" rsrp="-102" sinr="2" rsrq="-13"/>
      </extensions>
    </trkpt>
    <trkpt lat="45.6866426" lon="10.6591275">
      <ele>158.0</ele>
      <time>2026-08-29T19:13:26.173+02:00</time>
      <extensions>
        <activity type="IN_VEHICLE" conf="96" state="moving" tsMs="1788023603768"/>
        <radio op="vodafone IT" rat="LTE" q="10.20" rsrp="-108" sinr="1" rsrq="-12"/>
        <radio op="I TIM" rat="LTE" q="20.40" rsrp="-108" sinr="7" rsrq="-13"/>
      </extensions>
    </trkpt>
    <trkpt lat="45.6863665" lon="10.6581981">
      <ele>163.0</ele>
      <time>2026-08-29T19:13:36.173+02:00</time>
      <extensions>
        <activity type="IN_VEHICLE" conf="96" state="moving" tsMs="1788023614461"/>
        <radio op="vodafone IT" rat="LTE" q="19.20" rsrp="-109" sinr="7" rsrq="-10"/>
        <radio op="I TIM" rat="LTE" rsrp="-110" rsrq="-13"/>
      </extensions>
    </trkpt>
    <trkpt lat="45.6854984" lon="10.6576425">
      <ele>167.0</ele>
      <time>2026-08-29T19:13:46.173+02:00</time>
      <extensions>
        <activity type="IN_VEHICLE" conf="96" state="moving" tsMs="1788023625118"/>
        <radio op="vodafone IT" rat="LTE" q="11.90" rsrp="-108" sinr="2" rsrq="-10"/>
        <radio op="I TIM" rat="LTE" rsrp="-104" rsrq="-13"/>
      </extensions>
    </trkpt>
    <trkpt lat="45.6848541" lon="10.6564465">
      <ele>167.0</ele>
      <time>2026-08-29T19:13:56.173+02:00</time>
      <extensions>
        <activity type="IN_VEHICLE" conf="96" state="moving" tsMs="1788023635752"/>
        <radio op="vodafone IT" rat="LTE" q="22.00" rsrp="-105" sinr="6" rsrq="-12"/>
        <radio op="I TIM" rat="LTE" q="11.40" rsrp="-106" sinr="1" rsrq="-14"/>
      </extensions>
    </trkpt>
    <trkpt lat="45.6854018" lon="10.6556507">
      <ele>167.0</ele>
      <time>2026-08-29T19:14:06.172+02:00</time>
      <extensions>
        <activity type="IN_VEHICLE" conf="96" state="moving" tsMs="1788023646512"/>
        <radio op="vodafone IT" rat="LTE" q="7.20" rsrp="-113" sinr="1" rsrq="-12"/>
        <radio op="I TIM" rat="LTE" q="16.00" rsrp="-109" sinr="5" rsrq="-13"/>
      </extensions>
    </trkpt>
    <trkpt lat="45.6847758" lon="10.6553935">
      <ele>170.0</ele>
      <time>2026-08-29T19:14:17.173+02:00</time>
      <extensions>
        <activity type="IN_VEHICLE" conf="96" state="moving" tsMs="1788023657119"/>
        <radio op="vodafone IT" rat="LTE" q="19.50" rsrp="-110" sinr="8" rsrq="-11"/>
        <radio op="I TIM" rat="LTE" q="18.90" rsrp="-104" sinr="4" rsrq="-13"/>
      </extensions>
    </trkpt>
    <trkpt lat="45.6841628" lon="10.654637">
      <ele>174.0</ele>
      <time>2026-08-29T19:14:27.172+02:00</time>
      <extensions>
        <activity type="IN_VEHICLE" conf="96" state="moving" tsMs="1788023662442"/>
        <radio op="vodafone IT" rat="LTE" rsrp="-116" rsrq="-14"/>
        <radio op="I TIM" rat="LTE" q="20.70" rsrp="-102" sinr="4" rsrq="-13"/>
      </extensions>
    </trkpt>
    <trkpt lat="45.6837189" lon="10.653275">
      <ele>182.0</ele>
      <time>2026-08-29T19:14:37.173+02:00</time>
      <extensions>
        <activity type="IN_VEHICLE" conf="96" state="moving" tsMs="1788023673134"/>
        <radio op="vodafone IT" rat="LTE" rsrp="-104" rsrq="-14"/>
        <radio op="I TIM" rat="LTE" q="18.00" rsrp="-110" sinr="7" rsrq="-13"/>
      </extensions>
    </trkpt>
    <trkpt lat="45.683636" lon="10.651707">
      <ele>192.0</ele>
      <time>2026-08-29T19:14:47.173+02:00</time>
      <extensions>
        <activity type="IN_VEHICLE" conf="96" state="moving" tsMs="1788023683831"/>
        <radio op="vodafone IT" rat="LTE" rsrp="-119" rsrq="-18"/>
        <radio op="I TIM" rat="LTE" q="7.20" rsrp="-117" sinr="4" rsrq="-12"/>
      </extensions>
    </trkpt>
    <trkpt lat="45.6830944" lon="10.6514958">
      <ele>197.0</ele>
      <time>2026-08-29T19:14:57.173+02:00</time>
      <extensions>
        <activity type="IN_VEHICLE" conf="96" state="moving" tsMs="1788023694501"/>
        <radio op="vodafone IT" rat="LTE" rsrp="-102" rsrq="-14"/>
        <radio op="I TIM" rat="LTE" q="37.40" rsrp="-103" sinr="12" rsrq="-12"/>
      </extensions>
    </trkpt>
    <trkpt lat="45.6824071" lon="10.6510606">
      <ele>201.0</ele>
      <time>2026-08-29T19:15:07.173+02:00</time>
      <extensions>
        <activity type="IN_VEHICLE" conf="96" state="moving" tsMs="1788023705203"/>
        <radio op="vodafone IT" rat="LTE" rsrp="-103" rsrq="-16"/>
        <radio op="I TIM" rat="LTE" q="17.60" rsrp="-109" sinr="6" rsrq="-14"/>
      </extensions>
    </trkpt>
    <trkpt lat="45.6820534" lon="10.6500564">
      <ele>206.0</ele>
      <time>2026-08-29T19:15:17.173+02:00</time>
      <extensions>
        <activity type="IN_VEHICLE" conf="96" state="moving" tsMs="1788023715852"/>
        <radio op="vodafone IT" rat="LTE" q="2.10" rsrp="-122" sinr="2" rsrq="-18"/>
        <radio op="I TIM" rat="LTE" rsrp="-107" rsrq="-14"/>
      </extensions>
    </trkpt>
    <trkpt lat="45.6813947" lon="10.6502832">
      <ele>207.0</ele>
      <time>2026-08-29T19:15:27.173+02:00</time>
      <extensions>
        <activity type="IN_VEHICLE" conf="89" state="moving" tsMs="1788023726563"/>
        <radio op="vodafone IT" rat="LTE" rsrp="-109" rsrq="-21"/>
        <radio op="I TIM" rat="LTE" q="12.60" rsrp="-111" sinr="4" rsrq="-14"/>
      </extensions>
    </trkpt>
    <trkpt lat="45.6808203" lon="10.6494109">
      <ele>212.0</ele>
      <time>2026-08-29T19:15:38.173+02:00</time>
      <extensions>
        <activity type="IN_VEHICLE" conf="96" state="moving" tsMs="1788023737211"/>
        <radio op="vodafone IT" rat="LTE" rsrp="-104" rsrq="-15"/>
        <radio op="I TIM" rat="LTE" rsrp="-106" rsrq="-13"/>
      </extensions>
    </trkpt>
    <trkpt lat="45.6799267" lon="10.6485118">
      <ele>214.0</ele>
      <time>2026-08-29T19:15:48.173+02:00</time>
      <extensions>
        <activity type="IN_VEHICLE" conf="96" state="moving" tsMs="1788023747838"/>
        <radio op="vodafone IT" rat="LTE" rsrp="-106" rsrq="-17"/>
        <radio op="I TIM" rat="LTE" q="16.20" rsrp="-107" sinr="4" rsrq="-13"/>
      </extensions>
    </trkpt>
    <trkpt lat="45.679967" lon="10.6482722">
      <ele>216.0</ele>
      <time>2026-08-29T19:15:58.172+02:00</time>
      <extensions>
        <activity type="IN_VEHICLE" conf="96" state="moving" tsMs="1788023758551"/>
        <radio op="vodafone IT" rat="LTE" rsrp="-109" rsrq="-17"/>
        <radio op="I TIM" rat="LTE" rsrp="-111" rsrq="-14"/>
      </extensions>
    </trkpt>
    <trkpt lat="45.6807107" lon="10.6490071">
      <ele>223.0</ele>
      <time>2026-08-29T19:16:08.173+02:00</time>
      <extensions>
        <activity type="IN_VEHICLE" conf="96" state="moving" tsMs="1788023763904"/>
        <radio op="vodafone IT" rat="LTE" q="8.50" rsrp="-108" sinr="0" rsrq="-13"/>
        <radio op="I TIM" rat="LTE" q="45.90" rsrp="-98" sinr="12" rsrq="-13"/>
      </extensions>
    </trkpt>
    <trkpt lat="45.681537" lon="10.6493059">
      <ele>229.0</ele>
      <time>2026-08-29T19:16:18.172+02:00</time>
      <extensions>
        <activity type="IN_VEHICLE" conf="96" state="moving" tsMs="1788023774551"/>
        <radio op="vodafone IT" rat="LTE" rsrp="-108" rsrq="-14"/>
        <radio op="I TIM" rat="LTE" q="18.20" rsrp="-99" sinr="2" rsrq="-14"/>
      </extensions>
    </trkpt>
    <trkpt lat="45.6823821" lon="10.649492">
      <ele>234.0</ele>
      <time>2026-08-29T19:16:28.172+02:00</time>
      <extensions>
        <activity type="IN_VEHICLE" conf="96" state="moving" tsMs="1788023785256"/>
        <radio op="vodafone IT" rat="LTE" q="10.20" rsrp="-108" sinr="1" rsrq="-13"/>
        <radio op="I TIM" rat="LTE" rsrp="-102" rsrq="-14"/>
      </extensions>
    </trkpt>
    <trkpt lat="45.6829744" lon="10.6501155">
      <ele>239.0</ele>
      <time>2026-08-29T19:16:38.172+02:00</time>
      <extensions>
        <activity type="IN_VEHICLE" conf="99" state="moving" tsMs="1788023796023"/>
        <radio op="vodafone IT" rat="LTE" rsrp="-102" rsrq="-17"/>
        <radio op="I TIM" rat="LTE" q="30.00" rsrp="-100" sinr="7" rsrq="-14"/>
      </extensions>
    </trkpt>
    <trkpt lat="45.6838323" lon="10.6503224">
      <ele>244.0</ele>
      <time>2026-08-29T19:16:48.173+02:00</time>
      <extensions>
        <activity type="IN_VEHICLE" conf="96" state="moving" tsMs="1788023806703"/>
        <radio op="vodafone IT" rat="LTE" rsrp="-107" rsrq="-22"/>
        <radio op="I TIM" rat="LTE" rsrp="-103" rsrq="-13"/>
      </extensions>
    </trkpt>
    <trkpt lat="45.6846146" lon="10.6512581">
      <ele>252.0</ele>
      <time>2026-08-29T19:16:59.172+02:00</time>
      <extensions>
        <activity type="IN_VEHICLE" conf="96" state="moving" tsMs="1788023817381"/>
        <radio op="vodafone IT" rat="LTE" rsrp="-107" rsrq="-17"/>
        <radio op="I TIM" rat="LTE" q="13.00" rsrp="-99" sinr="0" rsrq="-12"/>
      </extensions>
    </trkpt>
    <trkpt lat="45.6853365" lon="10.6525193">
      <ele>259.0</ele>
      <time>2026-08-29T19:17:09.173+02:00</time>
      <extensions>
        <activity type="IN_VEHICLE" conf="96" state="moving" tsMs="1788023828069"/>
        <radio op="vodafone IT" rat="LTE" rsrp="-101" rsrq="-17"/>
        <radio op="I TIM" rat="LTE" q="35.70" rsrp="-104" sinr="12" rsrq="-13"/>
      </extensions>
    </trkpt>
    <trkpt lat="45.6859922" lon="10.6532729">
      <ele>266.0</ele>
      <time>2026-08-29T19:17:19.173+02:00</time>
      <extensions>
        <activity type="IN_VEHICLE" conf="96" state="moving" tsMs="1788023838752"/>
        <radio op="vodafone IT" rat="LTE" q="15.00" rsrp="-95" sinr="0" rsrq="-13"/>
        <radio op="I TIM" rat="LTE" rsrp="-102" rsrq="-15"/>
      </extensions>
    </trkpt>
    <trkpt lat="45.6867396" lon="10.6536444">
      <ele>273.0</ele>
      <time>2026-08-29T19:17:29.173+02:00</time>
      <extensions>
        <activity type="IN_VEHICLE" conf="96" state="moving" tsMs="1788023849474"/>
        <radio op="vodafone IT" rat="LTE" rsrp="-102" rsrq="-17"/>
        <radio op="I TIM" rat="LTE" q="11.00" rsrp="-103" sinr="0" rsrq="-13"/>
      </extensions>
    </trkpt>
    <trkpt lat="45.687225" lon="10.6542486">
      <ele>278.0</ele>
      <time>2026-08-29T19:17:39.172+02:00</time>
      <extensions>
        <activity type="IN_VEHICLE" conf="95" state="moving" tsMs="1788023854799"/>
        <radio op="vodafone IT" rat="LTE" rsrp="-104" rsrq="-19"/>
        <radio op="I TIM" rat="LTE" q="12.00" rsrp="-105" sinr="1" rsrq="-15"/>
      </extensions>
    </trkpt>
    <trkpt lat="45.6879191" lon="10.6547697">
      <ele>284.0</ele>
      <time>2026-08-29T19:17:49.173+02:00</time>
      <extensions>
        <activity type="IN_VEHICLE" conf="96" state="moving" tsMs="1788023865451"/>
        <radio op="vodafone IT" rat="LTE" rsrp="-108" rsrq="-21"/>
        <radio op="I TIM" rat="LTE" q="17.10" rsrp="-106" sinr="4" rsrq="-13"/>
      </extensions>
    </trkpt>
    <trkpt lat="45.6883301" lon="10.6555006">
      <ele>289.0</ele>
      <time>2026-08-29T19:17:59.173+02:00</time>
      <extensions>
        <activity type="IN_VEHICLE" conf="96" state="moving" tsMs="1788023876138"/>
        <radio op="vodafone IT" rat="LTE" rsrp="-106" rsrq="-21"/>
        <radio op="I TIM" rat="LTE" q="17.50" rsrp="-100" sinr="2" rsrq="-12"/>
      </extensions>
    </trkpt>
    <trkpt lat="45.689021" lon="10.6561214">
      <ele>292.0</ele>
      <time>2026-08-29T19:18:10.173+02:00</time>
      <extensions>
        <activity type="IN_VEHICLE" conf="93" state="moving" tsMs="1788023885645"/>
        <radio op="vodafone IT" rat="LTE" rsrp="-110" rsrq="-16"/>
        <radio op="I TIM" rat="LTE" q="28.80" rsrp="-107" sinr="11" rsrq="-13"/>
      </extensions>
    </trkpt>
    <trkpt lat="45.6897958" lon="10.6566436">
      <ele>300.0</ele>
      <time>2026-08-29T19:18:20.172+02:00</time>
      <extensions>
        <activity type="IN_VEHICLE" conf="96" state="moving" tsMs="1788023895769"/>
        <radio op="vodafone IT" rat="LTE" q="10.80" rsrp="-107" sinr="1" rsrq="-13"/>
        <radio op="I TIM" rat="LTE" q="10.20" rsrp="-108" sinr="1" rsrq="-13"/>
      </extensions>
    </trkpt>
    <trkpt lat="45.6905955" lon="10.6571141">
      <ele>307.0</ele>
      <time>2026-08-29T19:18:30.173+02:00</time>
      <extensions>
        <activity type="IN_VEHICLE" conf="96" state="moving" tsMs="1788023906480"/>
        <radio op="vodafone IT" rat="LTE" rsrp="-108" rsrq="-20"/>
        <radio op="I TIM" rat="LTE" rsrp="-108" rsrq="-12"/>
      </extensions>
    </trkpt>
    <trkpt lat="45.6908779" lon="10.6570662">
      <ele>309.0</ele>
      <time>2026-08-29T19:18:40.173+02:00</time>
      <extensions>
        <activity type="IN_VEHICLE" conf="96" state="moving" tsMs="1788023917165"/>
        <radio op="vodafone IT" rat="LTE" rsrp="-110" rsrq="-20"/>
        <radio op="I TIM" rat="LTE" q="9.00" rsrp="-110" sinr="1" rsrq="-15"/>
      </extensions>
    </trkpt>
    <trkpt lat="45.6903606" lon="10.6562199">
      <ele>318.11144016378586</ele>
      <time>2026-08-29T19:18:50.173+02:00</time>
      <extensions>
        <activity type="IN_VEHICLE" conf="96" state="moving" tsMs="1788023926139"/>
        <radio op="vodafone IT" rat="LTE" rsrp="-105" rsrq="-15"/>
        <radio op="I TIM" rat="LTE" q="16.00" rsrp="-109" sinr="5" rsrq="-13"/>
      </extensions>
    </trkpt>
    <trkpt lat="45.6898322" lon="10.6553688">
      <ele>326.0</ele>
      <time>2026-08-29T19:19:00.173+02:00</time>
      <extensions>
        <activity type="IN_VEHICLE" conf="96" state="moving" tsMs="1788023936881"/>
        <radio op="vodafone IT" rat="LTE" rsrp="-108" rsrq="-18"/>
        <radio op="I TIM" rat="LTE" q="16.20" rsrp="-107" sinr="4" rsrq="-12"/>
      </extensions>
    </trkpt>
    <trkpt lat="45.6891185" lon="10.6545491">
      <ele>332.0</ele>
      <time>2026-08-29T19:19:10.173+02:00</time>
      <extensions>
        <activity type="IN_VEHICLE" conf="96" state="moving" tsMs="1788023947543"/>
        <radio op="vodafone IT" rat="LTE" q="24.00" rsrp="-101" sinr="5" rsrq="-11"/>
        <radio op="I TIM" rat="LTE" q="19.80" rsrp="-103" sinr="4" rsrq="-13"/>
      </extensions>
    </trkpt>
    <trkpt lat="45.6883011" lon="10.6532637">
      <ele>340.0</ele>
      <time>2026-08-29T19:19:20.172+02:00</time>
      <extensions>
        <activity type="IN_VEHICLE" conf="96" state="moving" tsMs="1788023958200"/>
        <radio op="vodafone IT" rat="LTE" rsrp="-104" rsrq="-14"/>
        <radio op="I TIM" rat="LTE" q="33.60" rsrp="-104" sinr="11" rsrq="-13"/>
      </extensions>
    </trkpt>
    <trkpt lat="45.6874199" lon="10.6519593">
      <ele>347.0</ele>
      <time>2026-08-29T19:19:31.172+02:00</time>
      <extensions>
        <activity type="IN_VEHICLE" conf="96" state="moving" tsMs="1788023968920"/>
        <radio op="vodafone IT" rat="LTE" rsrp="-108" rsrq="-15"/>
        <radio op="I TIM" rat="LTE" q="14.40" rsrp="-109" sinr="4" rsrq="-13"/>
      </extensions>
    </trkpt>
    <trkpt lat="45.6864445" lon="10.6515007">
      <ele>345.0</ele>
      <time>2026-08-29T19:19:41.173+02:00</time>
      <extensions>
        <activity type="IN_VEHICLE" conf="96" state="moving" tsMs="1788023979631"/>
        <radio op="vodafone IT" rat="LTE" rsrp="-109" rsrq="-21"/>
        <radio op="I TIM" rat="LTE" q="14.00" rsrp="-105" sinr="2" rsrq="-13"/>
      </extensions>
    </trkpt>
    <trkpt lat="45.6855409" lon="10.6501186">
      <ele>354.0</ele>
      <time>2026-08-29T19:19:51.172+02:00</time>
      <extensions>
        <activity type="IN_VEHICLE" conf="96" state="moving" tsMs="1788023990281"/>
        <radio op="vodafone IT" rat="LTE" rsrp="-102" rsrq="-16"/>
        <radio op="I TIM" rat="LTE" q="20.80" rsrp="-109" sinr="8" rsrq="-14"/>
      </extensions>
    </trkpt>
    <trkpt lat="45.6850291" lon="10.6485332">
      <ele>364.0</ele>
      <time>2026-08-29T19:20:01.172+02:00</time>
      <extensions>
        <activity type="IN_VEHICLE" conf="96" state="moving" tsMs="1788024001020"/>
        <radio op="vodafone IT" rat="LTE" rsrp="-110" rsrq="-18"/>
        <radio op="I TIM" rat="LTE" q="15.40" rsrp="-111" sinr="6" rsrq="-14"/>
      </extensions>
    </trkpt>
    <trkpt lat="45.6843475" lon="10.647168">
      <ele>371.0</ele>
      <time>2026-08-29T19:20:11.173+02:00</time>
      <extensions>
        <activity type="IN_VEHICLE" conf="96" state="moving" tsMs="1788024006402"/>
        <radio op="vodafone IT" rat="LTE" rsrp="-109" rsrq="-20"/>
        <radio op="I TIM" rat="LTE" q="16.00" rsrp="-109" sinr="5" rsrq="-13"/>
      </extensions>
    </trkpt>
    <trkpt lat="45.6842658" lon="10.6461233">
      <ele>374.0</ele>
      <time>2026-08-29T19:20:21.173+02:00</time>
      <extensions>
        <activity type="IN_VEHICLE" conf="96" state="moving" tsMs="1788024017110"/>
        <radio op="vodafone IT" rat="LTE" rsrp="-114" rsrq="-22"/>
        <radio op="I TIM" rat="LTE" q="32.20" rsrp="-102" sinr="9" rsrq="-13"/>
      </extensions>
    </trkpt>
    <trkpt lat="45.6844935" lon="10.6470825">
      <ele>372.0</ele>
      <time>2026-08-29T19:20:31.173+02:00</time>
      <extensions>
        <activity type="IN_VEHICLE" conf="96" state="moving" tsMs="1788024027781"/>
        <radio op="vodafone IT" rat="LTE" rsrp="-110" rsrq="-17"/>
        <radio op="I TIM" rat="LTE" rsrp="-104" rsrq="-17"/>
      </extensions>
    </trkpt>
    <trkpt lat="45.6852511" lon="10.6481542">
      <ele>380.0</ele>
      <time>2026-08-29T19:20:41.173+02:00</time>
      <extensions>
        <activity type="IN_VEHICLE" conf="96" state="moving" tsMs="1788024038436"/>
        <radio op="vodafone IT" rat="LTE" rsrp="-113" rsrq="-15"/>
        <radio op="I TIM" rat="LTE" rsrp="-102" rsrq="-14"/>
      </extensions>
    </trkpt>
    <trkpt lat="45.685711" lon="10.6494818">
      <ele>387.0</ele>
      <time>2026-08-29T19:20:51.173+02:00</time>
      <extensions>
        <activity type="IN_VEHICLE" conf="96" state="moving" tsMs="1788024049076"/>
        <radio op="vodafone IT" rat="LTE" rsrp="-109" rsrq="-21"/>
        <radio op="I TIM" rat="LTE" rsrp="-106" rsrq="-18"/>
      </extensions>
    </trkpt>
    <trkpt lat="45.6857886" lon="10.6490412">
      <ele>392.0</ele>
      <time>2026-08-29T19:21:02.173+02:00</time>
      <extensions>
        <activity type="IN_VEHICLE" conf="90" state="moving" tsMs="1788024059760"/>
        <radio op="vodafone IT" rat="LTE" rsrp="-107" rsrq="-22"/>
        <radio op="I TIM" rat="LTE" q="21.00" rsrp="-104" sinr="5" rsrq="-17"/>
      </extensions>
    </trkpt>
    <trkpt lat="45.6855157" lon="10.6479928">
      <ele>401.0</ele>
      <time>2026-08-29T19:21:12.173+02:00</time>
      <extensions>
        <activity type="IN_VEHICLE" conf="96" state="moving" tsMs="1788024070444"/>
        <radio op="vodafone IT" rat="LTE" rsrp="-108" rsrq="-21"/>
        <radio op="I TIM" rat="LTE" q="26.00" rsrp="-105" sinr="8" rsrq="-12"/>
      </extensions>
    </trkpt>
    <trkpt lat="45.6849115" lon="10.6469504">
      <ele>410.0</ele>
      <time>2026-08-29T19:21:22.172+02:00</time>
      <extensions>
        <activity type="IN_VEHICLE" conf="96" state="moving" tsMs="1788024081143"/>
        <radio op="vodafone IT" rat="LTE" q="16.20" rsrp="-98" sinr="1" rsrq="-11"/>
        <radio op="I TIM" rat="LTE" q="10.80" rsrp="-107" sinr="1" rsrq="-16"/>
      </extensions>
    </trkpt>
    <trkpt lat="45.6847675" lon="10.6453293">
      <ele>418.0</ele>
      <time>2026-08-29T19:21:32.172+02:00</time>
      <extensions>
        <activity type="IN_VEHICLE" conf="96" state="moving" tsMs="1788024091831"/>
        <radio op="vodafone IT" rat="LTE" rsrp="-104" rsrq="-13"/>
        <radio op="I TIM" rat="LTE" rsrp="-109" rsrq="-17"/>
      </extensions>
    </trkpt>
    <trkpt lat="45.6842223" lon="10.6438821">
      <ele>428.0</ele>
      <time>2026-08-29T19:21:42.173+02:00</time>
      <extensions>
        <activity type="IN_VEHICLE" conf="96" state="moving" tsMs="1788024102505"/>
        <radio op="vodafone IT" rat="LTE" q="35.00" rsrp="-90" sinr="5" rsrq="-11"/>
        <radio op="I TIM" rat="LTE" q="16.00" rsrp="-105" sinr="3" rsrq="-13"/>
      </extensions>
    </trkpt>
    <trkpt lat="45.6844456" lon="10.643986">
      <ele>426.0</ele>
      <time>2026-08-29T19:21:52.173+02:00</time>
      <extensions>
        <activity type="IN_VEHICLE" conf="96" state="moving" tsMs="1788024107878"/>
        <radio op="vodafone IT" rat="LTE" q="22.40" rsrp="-97" sinr="3" rsrq="-10"/>
        <radio op="I TIM" rat="LTE" rsrp="-109" rsrq="-15"/>
      </extensions>
    </trkpt>
    <trkpt lat="45.6849627" lon="10.6451153">
      <ele>433.0</ele>
      <time>2026-08-29T19:22:02.173+02:00</time>
      <extensions>
        <activity type="IN_VEHICLE" conf="96" state="moving" tsMs="1788024118539"/>
        <radio op="vodafone IT" rat="LTE" q="23.40" rsrp="-99" sinr="4" rsrq="-10"/>
        <radio op="I TIM" rat="LTE" rsrp="-106" rsrq="-15"/>
      </extensions>
    </trkpt>
    <trkpt lat="45.6852934" lon="10.6465228">
      <ele>437.0</ele>
      <time>2026-08-29T19:22:12.173+02:00</time>
      <extensions>
        <activity type="IN_VEHICLE" conf="96" state="moving" tsMs="1788024129185"/>
        <radio op="vodafone IT" rat="LTE" rsrp="-95" rsrq="-10"/>
        <radio op="I TIM" rat="LTE" rsrp="-108" rsrq="-15"/>
      </extensions>
    </trkpt>
    <trkpt lat="45.6862557" lon="10.6479363">
      <ele>443.0</ele>
      <time>2026-08-29T19:22:23.173+02:00</time>
      <extensions>
        <activity type="IN_VEHICLE" conf="96" state="moving" tsMs="1788024139867"/>
        <radio op="vodafone IT" rat="LTE" rsrp="-113" rsrq="-20"/>
        <radio op="I TIM" rat="LTE" q="15.30" rsrp="-108" sinr="4" rsrq="-13"/>
      </extensions>
    </trkpt>
    <trkpt lat="45.6871725" lon="10.6487193">
      <ele>450.0</ele>
      <time>2026-08-29T19:22:33.173+02:00</time>
      <extensions>
        <activity type="IN_VEHICLE" conf="96" state="moving" tsMs="1788024150537"/>
        <radio op="vodafone IT" rat="LTE" rsrp="-102" rsrq="-17"/>
        <radio op="I TIM" rat="LTE" q="16.00" rsrp="-105" sinr="3" rsrq="-13"/>
      </extensions>
    </trkpt>
    <trkpt lat="45.6881053" lon="10.6482321">
      <ele>453.0</ele>
      <time>2026-08-29T19:22:43.173+02:00</time>
      <extensions>
        <activity type="IN_VEHICLE" conf="96" state="moving" tsMs="1788024161224"/>
        <radio op="vodafone IT" rat="LTE" rsrp="-103" rsrq="-14"/>
        <radio op="I TIM" rat="LTE" q="11.70" rsrp="-112" sinr="4" rsrq="-12"/>
      </extensions>
    </trkpt>
    <trkpt lat="45.6886407" lon="10.6481185">
      <ele>460.0</ele>
      <time>2026-08-29T19:22:53.173+02:00</time>
      <extensions>
        <activity type="IN_VEHICLE" conf="95" state="moving" tsMs="1788024171953"/>
        <radio op="vodafone IT" rat="LTE" rsrp="-105" rsrq="-12"/>
        <radio op="I TIM" rat="LTE" q="34.00" rsrp="-105" sinr="12" rsrq="-12"/>
      </extensions>
    </trkpt>
    <trkpt lat="45.687747" lon="10.6481062">
      <ele>467.0</ele>
      <time>2026-08-29T19:23:03.172+02:00</time>
      <extensions>
        <activity type="IN_VEHICLE" conf="96" state="moving" tsMs="1788024182648"/>
        <radio op="vodafone IT" rat="LTE" q="28.80" rsrp="-101" sinr="7" rsrq="-12"/>
        <radio op="I TIM" rat="LTE" q="18.00" rsrp="-107" sinr="5" rsrq="-12"/>
      </extensions>
    </trkpt>
    <trkpt lat="45.6868067" lon="10.6475993">
      <ele>473.0</ele>
      <time>2026-08-29T19:23:13.172+02:00</time>
      <extensions>
        <activity type="IN_VEHICLE" conf="96" state="moving" tsMs="1788024193362"/>
        <radio op="vodafone IT" rat="LTE" rsrp="-117" rsrq="-16"/>
        <radio op="I TIM" rat="LTE" q="11.20" rsrp="-109" sinr="2" rsrq="-13"/>
      </extensions>
    </trkpt>
    <trkpt lat="45.6861263" lon="10.6464342">
      <ele>485.0</ele>
      <time>2026-08-29T19:23:23.173+02:00</time>
      <extensions>
        <activity type="IN_VEHICLE" conf="96" state="moving" tsMs="1788024198687"/>
        <radio op="vodafone IT" rat="LTE" q="40.70" rsrp="-88" sinr="6" rsrq="-12"/>
        <radio op="I TIM" rat="LTE" q="7.00" rsrp="-111" sinr="0" rsrq="-15"/>
      </extensions>
    </trkpt>
    <trkpt lat="45.6862374" lon="10.6451142">
      <ele>494.0</ele>
      <time>2026-08-29T19:23:33.172+02:00</time>
      <extensions>
        <activity type="IN_VEHICLE" conf="96" state="moving" tsMs="1788024209315"/>
        <radio op="vodafone IT" rat="LTE" q="39.00" rsrp="-86" sinr="5" rsrq="-11"/>
        <radio op="I TIM" rat="LTE" rsrp="-113" rsrq="-16"/>
      </extensions>
    </trkpt>
    <trkpt lat="45.6864345" lon="10.6434925">
      <ele>501.0</ele>
      <time>2026-08-29T19:23:44.173+02:00</time>
      <extensions>
        <activity type="IN_VEHICLE" conf="96" state="moving" tsMs="1788024220011"/>
        <radio op="vodafone IT" rat="LTE" q="96.00" rsrp="-83" sinr="19" rsrq="-8"/>
        <radio op="I TIM" rat="LTE" rsrp="-112" rsrq="-19"/>
      </extensions>
    </trkpt>
    <trkpt lat="45.6865461" lon="10.6419202">
      <ele>512.0</ele>
      <time>2026-08-29T19:23:54.173+02:00</time>
      <extensions>
        <activity type="IN_VEHICLE" conf="96" state="moving" tsMs="1788024230683"/>
        <radio op="vodafone IT" rat="LTE" q="92.00" rsrp="-77" sinr="18" rsrq="-9"/>
        <radio op="I TIM" rat="LTE" rsrp="-110" rsrq="-17"/>
      </extensions>
    </trkpt>
    <trkpt lat="45.6862024" lon="10.6410359">
      <ele>519.0</ele>
      <time>2026-08-29T19:24:04.173+02:00</time>
      <extensions>
        <activity type="IN_VEHICLE" conf="96" state="moving" tsMs="1788024241322"/>
        <radio op="vodafone IT" rat="LTE" q="100.00" rsrp="-76" sinr="21" rsrq="-7"/>
        <radio op="I TIM" rat="LTE" rsrp="-108" rsrq="-16"/>
      </extensions>
    </trkpt>
    <trkpt lat="45.6870367" lon="10.6406099">
      <ele>523.0</ele>
      <time>2026-08-29T19:24:14.173+02:00</time>
      <extensions>
        <activity type="IN_VEHICLE" conf="96" state="moving" tsMs="1788024251984"/>
        <radio op="vodafone IT" rat="LTE" q="88.00" rsrp="-76" sinr="17" rsrq="-8"/>
        <radio op="I TIM" rat="LTE" q="14.30" rsrp="-114" sinr="8" rsrq="-14"/>
      </extensions>
    </trkpt>
    <trkpt lat="45.6872547" lon="10.639446">
      <ele>530.0</ele>
      <time>2026-08-29T19:24:24.173+02:00</time>
      <extensions>
        <activity type="IN_VEHICLE" conf="96" state="moving" tsMs="1788024262616"/>
        <radio op="vodafone IT" rat="LTE" q="88.00" rsrp="-75" sinr="17" rsrq="-9"/>
        <radio op="I TIM" rat="LTE" rsrp="-114" rsrq="-14"/>
      </extensions>
    </trkpt>
    <trkpt lat="45.6866997" lon="10.6379928">
      <ele>525.0</ele>
      <time>2026-08-29T19:24:34.173+02:00</time>
      <extensions>
        <activity type="IN_VEHICLE" conf="96" state="moving" tsMs="1788024273297"/>
        <radio op="vodafone IT" rat="LTE" q="80.00" rsrp="-72" sinr="15" rsrq="-10"/>
        <radio op="I TIM" rat="LTE" q="14.00" rsrp="-111" sinr="5" rsrq="-15"/>
      </extensions>
    </trkpt>
    <trkpt lat="45.6860472" lon="10.6370354">
      <ele>522.0</ele>
      <time>2026-08-29T19:24:44.171+02:00</time>
      <extensions>
        <activity type="IN_VEHICLE" conf="96" state="moving" tsMs="1788024283973"/>
        <radio op="vodafone IT" rat="LTE" q="44.00" rsrp="-67" sinr="6" rsrq="-10"/>
        <radio op="I TIM" rat="LTE" q="27.00" rsrp="-107" sinr="10" rsrq="-11"/>
      </extensions>
    </trkpt>
    <trkpt lat="45.685026" lon="10.6366026">
      <ele>521.0</ele>
      <time>2026-08-29T19:24:54.171+02:00</time>
      <extensions>
        <activity type="IN_VEHICLE" conf="96" state="moving" tsMs="1788024294661"/>
        <radio op="vodafone IT" rat="LTE" rsrp="-69" rsrq="-13"/>
        <radio op="I TIM" rat="LTE" q="20.00" rsrp="-74" sinr="0" rsrq="-10"/>
      </extensions>
    </trkpt>
    <trkpt lat="45.6846982" lon="10.6362998">
      <ele>525.0</ele>
      <time>2026-08-29T19:25:04.171+02:00</time>
      <extensions>
        <activity type="IN_VEHICLE" conf="96" state="moving" tsMs="1788024299976"/>
        <radio op="vodafone IT" rat="LTE" q="60.00" rsrp="-67" sinr="10" rsrq="-13"/>
        <radio op="I TIM" rat="LTE" q="100.00" rsrp="-69" sinr="23" rsrq="-8"/>
      </extensions>
    </trkpt>
    <trkpt lat="45.6847708" lon="10.636627">
      <ele>523.0</ele>
      <time>2026-08-29T19:25:15.171+02:00</time>
      <extensions>
        <activity type="IN_VEHICLE" conf="96" state="moving" tsMs="1788024310631"/>
        <radio op="vodafone IT" rat="LTE" q="28.00" rsrp="-63" sinr="2" rsrq="-12"/>
        <radio op="I TIM" rat="LTE" q="60.00" rsrp="-66" sinr="10" rsrq="-8"/>
      </extensions>
    </trkpt>
    <trkpt lat="45.6849494" lon="10.6369188">
      <ele>521.0</ele>
      <time>2026-08-29T19:25:25.171+02:00</time>
      <extensions>
        <activity type="IN_VEHICLE" conf="96" state="moving" tsMs="1788024321284"/>
        <radio op="vodafone IT" rat="LTE" q="24.00" rsrp="-64" sinr="1" rsrq="-12"/>
        <radio op="I TIM" rat="LTE" q="44.00" rsrp="-64" sinr="6" rsrq="-12"/>
      </extensions>
    </trkpt>
    <trkpt lat="45.6852096" lon="10.6372991">
      <ele>522.0</ele>
      <time>2026-08-29T19:25:35.171+02:00</time>
      <extensions>
        <activity type="IN_VEHICLE" conf="96" state="moving" tsMs="1788024331988"/>
        <radio op="vodafone IT" rat="LTE" rsrp="-74" rsrq="-14"/>
        <radio op="I TIM" rat="LTE" rsrp="-119" rsrq="-17"/>
      </extensions>
    </trkpt>
    <trkpt lat="45.6852677" lon="10.6373106">
      <ele>522.0</ele>
      <time>2026-08-29T19:25:45.172+02:00</time>
      <extensions>
        <activity type="IN_VEHICLE" conf="96" state="moving" tsMs="1788024342628"/>
        <radio op="vodafone IT" rat="LTE" q="40.00" rsrp="-68" sinr="5" rsrq="-10"/>
        <radio op="I TIM" rat="LTE" q="4.80" rsrp="-117" sinr="1" rsrq="-14"/>
      </extensions>
    </trkpt>
    <trkpt lat="45.6852677" lon="10.6373106">
      <ele>522.0</ele>
      <time>2026-08-29T19:25:55.172+02:00</time>
      <extensions>
        <activity type="UNKNOWN" conf="40" state="unknown" tsMs="1788024352567"/>
        <radio op="vodafone IT" rat="LTE" rsrp="-72" rsrq="-12"/>
        <radio op="I TIM" rat="LTE" q="3.00" rsrp="-119" sinr="0" rsrq="-15"/>
      </extensions>
    </trkpt>
    <trkpt lat="45.6852677" lon="10.6373106">
      <ele>517.027066146977</ele>
      <time>2026-08-29T19:26:02.171+02:00</time>
      <extensions>
        <activity type="UNKNOWN" conf="40" state="unknown" tsMs="1788024357651"/>
        <radio op="vodafone IT" rat="LTE" q="28.00" rsrp="-70" sinr="2" rsrq="-12"/>
        <radio op="I TIM" rat="LTE" rsrp="-121" rsrq="-15"/>
      </extensions>
    </trkpt>
    <trkpt lat="45.684711" lon="10.6363738">
      <ele>516.847624974798</ele>
      <time>2026-08-29T19:26:36.602+02:00</time>
      <extensions>
        <activity type="ON_FOOT" conf="91" state="moving" tsMs="1788024395239"/>
        <radio op="vodafone IT" rat="LTE" q="36.00" rsrp="-72" sinr="4" rsrq="-12"/>
        <radio op="I TIM" rat="LTE" q="64.00" rsrp="-70" sinr="11" rsrq="-11"/>
      </extensions>
    </trkpt>
    <trkpt lat="45.6846539" lon="10.6362467">
      <ele>516.9845834150377</ele>
      <time>2026-08-29T19:27:28.631+02:00</time>
      <extensions>
        <activity type="ON_FOOT" conf="94" state="moving" tsMs="1788024444687"/>
        <radio op="vodafone IT" rat="LTE" q="100.00" rsrp="-74" sinr="28" rsrq="-6"/>
        <radio op="I TIM" rat="LTE" q="60.00" rsrp="-70" sinr="10" rsrq="-8"/>
      </extensions>
    </trkpt>
    <trkpt lat="45.6844983" lon="10.6364672">
      <ele>526.5</ele>
      <time>2026-08-29T19:27:46.172+02:00</time>
      <extensions>
        <activity type="ON_FOOT" conf="97" state="moving" tsMs="1788024451688"/>
        <radio op="vodafone IT" rat="LTE" q="88.00" rsrp="-83" sinr="17" rsrq="-6"/>
        <radio op="I TIM" rat="LTE" q="64.00" rsrp="-70" sinr="11" rsrq="-8"/>
      </extensions>
    </trkpt>
    <trkpt lat="45.6844923" lon="10.636477">
      <ele>516.5500234799376</ele>
      <time>2026-08-29T19:28:20.12+02:00</time>
      <extensions>
        <activity type="ON_FOOT" conf="96" state="moving" tsMs="1788024497696"/>
        <radio op="vodafone IT" rat="LTE" q="100.00" rsrp="-75" sinr="21" rsrq="-6"/>
        <radio op="I TIM" rat="LTE" q="76.00" rsrp="-74" sinr="14" rsrq="-6"/>
      </extensions>
    </trkpt>
    <trkpt lat="45.6846743" lon="10.6356157">
      <ele>518.3200492810198</ele>
      <time>2026-08-29T19:28:51.92+02:00</time>
      <extensions>
        <activity type="ON_FOOT" conf="87" state="moving" tsMs="1788024531051"/>
        <radio op="vodafone IT" rat="LTE" q="68.20" rsrp="-94" sinr="17" rsrq="-9"/>
        <radio op="I TIM" rat="LTE" q="66.60" rsrp="-88" sinr="13" rsrq="-8"/>
      </extensions>
    </trkpt>
    <trkpt lat="45.6846712" lon="10.635436">
      <ele>521.3940984009364</ele>
      <time>2026-08-29T19:29:23.151+02:00</time>
      <extensions>
        <activity type="UNKNOWN" conf="40" state="unknown" tsMs="1788024557367"/>
        <radio op="vodafone IT" rat="LTE" q="69.60" rsrp="-96" sinr="19" rsrq="-8"/>
        <radio op="I TIM" rat="LTE" q="87.50" rsrp="-90" sinr="22" rsrq="-9"/>
      </extensions>
    </trkpt>
    <trkpt lat="45.6833853" lon="10.6360134">
      <ele>523.5833611500487</ele>
      <time>2026-08-29T19:30:09.171+02:00</time>
      <extensions>
        <activity type="ON_FOOT" conf="90" state="moving" tsMs="1788024605291"/>
        <radio op="vodafone IT" rat="LTE" q="79.20" rsrp="-92" sinr="19" rsrq="-5"/>
        <radio op="I TIM" rat="LTE" q="66.30" rsrp="-86" sinr="12" rsrq="-9"/>
      </extensions>
    </trkpt>
    <trkpt lat="45.6833764" lon="10.6360175">
      <ele>525.9907581432092</ele>
      <time>2026-08-29T19:30:42.077+02:00</time>
      <extensions>
        <activity type="ON_FOOT" conf="95" state="moving" tsMs="1788024636989"/>
        <radio op="vodafone IT" rat="LTE" q="62.50" rsrp="-100" sinr="21" rsrq="-6"/>
        <radio op="I TIM" rat="LTE" q="64.60" rsrp="-91" sinr="14" rsrq="-9"/>
      </extensions>
    </trkpt>
    <trkpt lat="45.6827593" lon="10.6356151">
      <ele>527.6836189507479</ele>
      <time>2026-08-29T19:31:21.173+02:00</time>
      <extensions>
        <activity type="ON_FOOT" conf="96" state="moving" tsMs="1788024674663"/>
        <radio op="vodafone IT" rat="LTE" q="75.00" rsrp="-95" sinr="20" rsrq="-7"/>
        <radio op="I TIM" rat="LTE" q="97.50" rsrp="-86" sinr="23" rsrq="-8"/>
      </extensions>
    </trkpt>
    <trkpt lat="45.6827515" lon="10.6356104">
      <ele>532.519167086004</ele>
      <time>2026-08-29T19:32:01.076+02:00</time>
      <extensions>
        <activity type="ON_FOOT" conf="96" state="moving" tsMs="1788024719971"/>
        <radio op="vodafone IT" rat="LTE" q="82.50" rsrp="-92" sinr="26" rsrq="-6"/>
        <radio op="I TIM" rat="LTE" q="100.00" rsrp="-81" sinr="24" rsrq="-9"/>
      </extensions>
    </trkpt>
    <trkpt lat="45.6823653" lon="10.6348092">
      <ele>534.7542857971459</ele>
      <time>2026-08-29T19:32:36.172+02:00</time>
      <extensions>
        <activity type="ON_FOOT" conf="88" state="moving" tsMs="1788024752204"/>
        <radio op="vodafone IT" rat="LTE" q="95.00" rsrp="-87" sinr="25" rsrq="-8"/>
        <radio op="I TIM" rat="LTE" q="100.00" rsrp="-80" sinr="20" rsrq="-11"/>
      </extensions>
    </trkpt>
    <trkpt lat="45.6823647" lon="10.634808">
      <ele>538.9364568738811</ele>
      <time>2026-08-29T19:33:07.623+02:00</time>
      <extensions>
        <activity type="UNKNOWN" conf="40" state="unknown" tsMs="1788024784473"/>
        <radio op="vodafone IT" rat="LTE" q="82.50" rsrp="-92" sinr="23" rsrq="-7"/>
        <radio op="I TIM" rat="LTE" q="100.00" rsrp="-78" sinr="22" rsrq="-8"/>
      </extensions>
    </trkpt>
    <trkpt lat="45.6820904" lon="10.6346607">
      <ele>539.7920304171513</ele>
      <time>2026-08-29T19:33:42.171+02:00</time>
      <extensions>
        <activity type="ON_FOOT" conf="83" state="moving" tsMs="1788024827371"/>
        <radio op="vodafone IT" rat="LTE" q="80.00" rsrp="-93" sinr="23" rsrq="-5"/>
        <radio op="I TIM" rat="LTE" q="58.80" rsrp="-97" sinr="16" rsrq="-9"/>
      </extensions>
    </trkpt>
    <trkpt lat="45.6820872" lon="10.634659">
      <ele>540.2702452450443</ele>
      <time>2026-08-29T19:34:21.153+02:00</time>
      <extensions>
        <activity type="UNKNOWN" conf="40" state="unknown" tsMs="1788024860680"/>
        <radio op="vodafone IT" rat="LTE" q="70.00" rsrp="-97" sinr="21" rsrq="-6"/>
        <radio op="I TIM" rat="LTE" q="63.80" rsrp="-96" sinr="17" rsrq="-10"/>
      </extensions>
    </trkpt>
    <trkpt lat="45.6823444" lon="10.6349625">
      <ele>541.3752593641034</ele>
      <time>2026-08-29T19:34:59.172+02:00</time>
      <extensions>
        <activity type="STILL" conf="49" state="still" tsMs="1788024904444"/>
        <radio op="vodafone IT" rat="LTE" q="86.40" rsrp="-89" sinr="19" rsrq="-6"/>
        <radio op="I TIM" rat="LTE" q="77.50" rsrp="-94" sinr="23" rsrq="-6"/>
      </extensions>
    </trkpt>
    <trkpt lat="45.6823449" lon="10.6349631">
      <ele>544.6109154496562</ele>
      <time>2026-08-29T19:35:38.064+02:00</time>
      <extensions>
        <activity type="UNKNOWN" conf="40" state="unknown" tsMs="1788024933274"/>
        <radio op="vodafone IT" rat="LTE" q="67.50" rsrp="-98" sinr="21" rsrq="-5"/>
        <radio op="I TIM" rat="LTE" q="63.00" rsrp="-95" sinr="16" rsrq="-10"/>
      </extensions>
    </trkpt>
    <trkpt lat="45.6822275" lon="10.6348564">
      <ele>542.2286210208126</ele>
      <time>2026-08-29T19:36:11.764+02:00</time>
      <extensions>
        <activity type="UNKNOWN" conf="40" state="unknown" tsMs="1788024965707"/>
        <radio op="vodafone IT" rat="LTE" q="67.50" rsrp="-98" sinr="22" rsrq="-9"/>
        <radio op="I TIM" rat="LTE" q="67.20" rsrp="-93" sinr="16" rsrq="-9"/>
      </extensions>
    </trkpt>
    <trkpt lat="45.6820317" lon="10.6346653">
      <ele>548.8150024151017</ele>
      <time>2026-08-29T19:36:43.978+02:00</time>
      <extensions>
        <activity type="UNKNOWN" conf="40" state="unknown" tsMs="1788024998659"/>
        <radio op="vodafone IT" rat="LTE" q="80.00" rsrp="-93" sinr="20" rsrq="-7"/>
        <radio op="I TIM" rat="LTE" q="53.20" rsrp="-97" sinr="14" rsrq="-7"/>
      </extensions>
    </trkpt>
    <trkpt lat="45.6820279" lon="10.6346671">
      <ele>542.6692644198721</ele>
      <time>2026-08-29T19:37:15.72+02:00</time>
      <extensions>
        <activity type="STILL" conf="52" state="still" tsMs="1788025031121"/>
        <radio op="vodafone IT" rat="LTE" q="92.50" rsrp="-88" sinr="29" rsrq="-5"/>
        <radio op="I TIM" rat="LTE" q="75.90" rsrp="-92" sinr="18" rsrq="-11"/>
      </extensions>
    </trkpt>
    <trkpt lat="45.6820164" lon="10.6347292">
      <ele>542.669522442483</ele>
      <time>2026-08-29T19:37:50.172+02:00</time>
      <extensions>
        <activity type="STILL" conf="98" state="still" tsMs="1788025075393"/>
        <radio op="vodafone IT" rat="LTE" q="95.00" rsrp="-87" sinr="29" rsrq="-5"/>
        <radio op="I TIM" rat="LTE" q="81.60" rsrp="-91" sinr="19" rsrq="-10"/>
      </extensions>
    </trkpt>
    <trkpt lat="45.6820162" lon="10.6347303">
      <ele>544.5494944270395</ele>
      <time>2026-08-29T19:38:26.486+02:00</time>
      <extensions>
        <activity type="STILL" conf="77" state="still" tsMs="1788025102690"/>
        <radio op="vodafone IT" rat="LTE" q="87.50" rsrp="-90" sinr="27" rsrq="-6"/>
        <radio op="I TIM" rat="LTE" q="92.50" rsrp="-88" sinr="21" rsrq="-9"/>
      </extensions>
    </trkpt>
    <trkpt lat="45.6822127" lon="10.6348638">
      <ele>536.9148720550506</ele>
      <time>2026-08-29T19:39:24.6+02:00</time>
      <extensions>
        <activity type="STILL" conf="96" state="still" tsMs="1788025157277"/>
        <radio op="vodafone IT" rat="LTE" q="77.50" rsrp="-94" sinr="20" rsrq="-5"/>
        <radio op="I TIM" rat="LTE" q="88.80" rsrp="-88" sinr="19" rsrq="-7"/>
      </extensions>
    </trkpt>
    <trkpt lat="45.6822152" lon="10.6348655">
      <ele>544.5165904882283</ele>
      <time>2026-08-29T19:40:06.293+02:00</time>
      <extensions>
        <activity type="STILL" conf="36" state="still" tsMs="1788025205294"/>
        <radio op="vodafone IT" rat="LTE" q="87.50" rsrp="-90" sinr="25" rsrq="-7"/>
        <radio op="I TIM" rat="LTE" q="92.50" rsrp="-88" sinr="21" rsrq="-9"/>
      </extensions>
    </trkpt>
    <trkpt lat="45.6821842" lon="10.6346332">
      <ele>541.9522465806106</ele>
      <time>2026-08-29T19:40:43.173+02:00</time>
      <extensions>
        <activity type="UNKNOWN" conf="40" state="unknown" tsMs="1788025237182"/>
        <radio op="vodafone IT" rat="LTE" q="55.50" rsrp="-88" sinr="10" rsrq="-4"/>
        <radio op="I TIM" rat="LTE" q="22.20" rsrp="-88" sinr="1" rsrq="-9"/>
      </extensions>
    </trkpt>
    <trkpt lat="45.6821017" lon="10.6345693">
      <ele>544.8863550898666</ele>
      <time>2026-08-29T19:41:26.379+02:00</time>
      <extensions>
        <activity type="UNKNOWN" conf="40" state="unknown" tsMs="1788025280937"/>
        <radio op="vodafone IT" rat="LTE" q="80.00" rsrp="-93" sinr="26" rsrq="-7"/>
        <radio op="I TIM" rat="LTE" q="95.00" rsrp="-87" sinr="26" rsrq="-7"/>
      </extensions>
    </trkpt>
    <trkpt lat="45.6820977" lon="10.6345778">
      <ele>542.7792029239401</ele>
      <time>2026-08-29T19:42:07.179+02:00</time>
      <extensions>
        <activity type="ON_FOOT" conf="86" state="moving" tsMs="1788025324294"/>
        <radio op="vodafone IT" rat="LTE" q="75.00" rsrp="-95" sinr="26" rsrq="-6"/>
        <radio op="I TIM" rat="LTE" q="75.00" rsrp="-95" sinr="23" rsrq="-10"/>
      </extensions>
    </trkpt>
    <trkpt lat="45.6820892" lon="10.6344583">
      <ele>542.5115850065822</ele>
      <time>2026-08-29T19:43:00.172+02:00</time>
      <extensions>
        <activity type="STILL" conf="46" state="still" tsMs="1788025375300"/>
        <radio op="vodafone IT" rat="LTE" q="95.00" rsrp="-87" sinr="24" rsrq="-5"/>
        <radio op="I TIM" rat="LTE" q="85.00" rsrp="-91" sinr="27" rsrq="-12"/>
      </extensions>
    </trkpt>
    <trkpt lat="45.6820539" lon="10.6344497">
      <ele>542.4435850593713</ele>
      <time>2026-08-29T19:43:41.38+02:00</time>
      <extensions>
        <activity type="UNKNOWN" conf="40" state="unknown" tsMs="1788025414080"/>
        <radio op="vodafone IT" rat="LTE" q="72.50" rsrp="-96" sinr="25" rsrq="-9"/>
        <radio op="I TIM" rat="LTE" q="59.40" rsrp="-98" sinr="17" rsrq="-9"/>
      </extensions>
    </trkpt>
    <trkpt lat="45.6820524" lon="10.6344503">
      <ele>542.3097026707105</ele>
      <time>2026-08-29T19:44:27.042+02:00</time>
      <extensions>
        <activity type="ON_FOOT" conf="90" state="moving" tsMs="1788025461712"/>
        <radio op="vodafone IT" rat="LTE" q="80.00" rsrp="-93" sinr="26" rsrq="-5"/>
        <radio op="I TIM" rat="LTE" q="92.50" rsrp="-88" sinr="24" rsrq="-11"/>
      </extensions>
    </trkpt>
    <trkpt lat="45.6820459" lon="10.6345074">
      <ele>542.0641113555197</ele>
      <time>2026-08-29T19:45:19.84+02:00</time>
      <extensions>
        <activity type="UNKNOWN" conf="40" state="unknown" tsMs="1788025512306"/>
        <radio op="vodafone IT" rat="LTE" q="87.50" rsrp="-90" sinr="26" rsrq="-9"/>
        <radio op="I TIM" rat="LTE" q="95.00" rsrp="-87" sinr="20" rsrq="-12"/>
      </extensions>
    </trkpt>
    <trkpt lat="45.6820457" lon="10.634509">
      <ele>541.4806013418086</ele>
      <time>2026-08-29T19:45:55.847+02:00</time>
      <extensions>
        <activity type="UNKNOWN" conf="40" state="unknown" tsMs="1788025551415"/>
        <radio op="vodafone IT" rat="LTE" q="90.00" rsrp="-89" sinr="29" rsrq="-6"/>
        <radio op="I TIM" rat="LTE" q="100.00" rsrp="-83" sinr="21" rsrq="-9"/>
      </extensions>
    </trkpt>
    <trkpt lat="45.6820526" lon="10.63428">
      <ele>541.9697175899346</ele>
      <time>2026-08-29T19:46:42.821+02:00</time>
      <extensions>
        <activity type="UNKNOWN" conf="40" state="unknown" tsMs="1788025600476"/>
        <radio op="vodafone IT" rat="LTE" q="92.50" rsrp="-88" sinr="24" rsrq="-7"/>
        <radio op="I TIM" rat="LTE" q="100.00" rsrp="-85" sinr="24" rsrq="-10"/>
      </extensions>
    </trkpt>
    <trkpt lat="45.6819553" lon="10.6342414">
      <ele>541.8446941983893</ele>
      <time>2026-08-29T19:47:34.174+02:00</time>
      <extensions>
        <activity type="STILL" conf="68" state="still" tsMs="1788025651295"/>
        <radio op="vodafone IT" rat="LTE" q="97.50" rsrp="-86" sinr="30" rsrq="-8"/>
        <radio op="I TIM" rat="LTE" q="95.00" rsrp="-87" sinr="22" rsrq="-8"/>
      </extensions>
    </trkpt>
    <trkpt lat="45.681954" lon="10.6342413">
      <ele>541.6648391740423</ele>
      <time>2026-08-29T19:48:21.248+02:00</time>
      <extensions>
        <activity type="UNKNOWN" conf="40" state="unknown" tsMs="1788025699763"/>
        <radio op="vodafone IT" rat="LTE" q="87.50" rsrp="-90" sinr="27" rsrq="-6"/>
        <radio op="I TIM" rat="LTE" q="97.50" rsrp="-86" sinr="28" rsrq="-9"/>
      </extensions>
    </trkpt>
    <trkpt lat="45.6820114" lon="10.6341684">
      <ele>547.9681917758519</ele>
      <time>2026-08-29T19:49:05.121+02:00</time>
      <extensions>
        <activity type="STILL" conf="48" state="still" tsMs="1788025738305"/>
        <radio op="vodafone IT" rat="LTE" q="92.50" rsrp="-88" sinr="29" rsrq="-4"/>
        <radio op="I TIM" rat="LTE" q="97.50" rsrp="-86" sinr="23" rsrq="-7"/>
      </extensions>
    </trkpt>
    <trkpt lat="45.6820135" lon="10.6341657">
      <ele>552.2834287126348</ele>
      <time>2026-08-29T19:49:39.217+02:00</time>
      <extensions>
        <activity type="ON_FOOT" conf="81" state="moving" tsMs="1788025777946"/>
        <radio op="vodafone IT" rat="LTE" q="100.00" rsrp="-85" sinr="23" rsrq="-6"/>
        <radio op="I TIM" rat="LTE" q="100.00" rsrp="-78" sinr="25" rsrq="-11"/>
      </extensions>
    </trkpt>
    <trkpt lat="45.6820283" lon="10.6345871">
      <ele>552.0376631282154</ele>
      <time>2026-08-29T19:50:25.68+02:00</time>
      <extensions>
        <activity type="ON_FOOT" conf="89" state="moving" tsMs="1788025836475"/>
        <radio op="vodafone IT" rat="LTE" q="95.00" rsrp="-87" sinr="27" rsrq="-4"/>
        <radio op="I TIM" rat="LTE" q="86.40" rsrp="-89" sinr="19" rsrq="-8"/>
      </extensions>
    </trkpt>
    <trkpt lat="45.6817494" lon="10.6347441">
      <ele>552.3338993001141</ele>
      <time>2026-08-29T19:51:04.027+02:00</time>
      <extensions>
        <activity type="UNKNOWN" conf="40" state="unknown" tsMs="1788025858296"/>
        <radio op="vodafone IT" rat="LTE" q="70.00" rsrp="-97" sinr="21" rsrq="-7"/>
        <radio op="I TIM" rat="LTE" q="45.00" rsrp="-95" sinr="10" rsrq="-12"/>
      </extensions>
    </trkpt>
    <trkpt lat="45.6817393" lon="10.6347485">
      <ele>547.7903333467448</ele>
      <time>2026-08-29T19:51:40.483+02:00</time>
      <extensions>
        <activity type="ON_FOOT" conf="88" state="moving" tsMs="1788025896728"/>
        <radio op="vodafone IT" rat="LTE" q="75.00" rsrp="-95" sinr="24" rsrq="-5"/>
        <radio op="I TIM" rat="LTE" q="57.60" rsrp="-93" sinr="13" rsrq="-12"/>
      </extensions>
    </trkpt>
    <trkpt lat="45.6818214" lon="10.6345327">
      <ele>547.2919317927026</ele>
      <time>2026-08-29T19:52:17.004+02:00</time>
      <extensions>
        <activity type="ON_FOOT" conf="85" state="moving" tsMs="1788025930314"/>
        <radio op="vodafone IT" rat="LTE" q="77.50" rsrp="-94" sinr="23" rsrq="-7"/>
        <radio op="I TIM" rat="LTE" q="70.40" rsrp="-93" sinr="17" rsrq="-9"/>
      </extensions>
    </trkpt>
    <trkpt lat="45.6818217" lon="10.6345318">
      <ele>550.7322747765684</ele>
      <time>2026-08-29T19:52:51.92+02:00</time>
      <extensions>
        <activity type="ON_FOOT" conf="93" state="moving" tsMs="1788025969609"/>
        <radio op="vodafone IT" rat="LTE" q="82.50" rsrp="-92" sinr="26" rsrq="-6"/>
        <radio op="I TIM" rat="LTE" q="95.00" rsrp="-87" sinr="29" rsrq="-7"/>
      </extensions>
    </trkpt>
    <trkpt lat="45.6818713" lon="10.6343541">
      <ele>550.9319596960343</ele>
      <time>2026-08-29T19:53:33.174+02:00</time>
      <extensions>
        <activity type="UNKNOWN" conf="40" state="unknown" tsMs="1788026024298"/>
        <radio op="vodafone IT" rat="LTE" q="90.00" rsrp="-89" sinr="24" rsrq="-6"/>
        <radio op="I TIM" rat="LTE" q="76.00" rsrp="-82" sinr="14" rsrq="-8"/>
      </extensions>
    </trkpt>
    <trkpt lat="45.6818794" lon="10.6343318">
      <ele>550.7081373531505</ele>
      <time>2026-08-29T19:54:08.692+02:00</time>
      <extensions>
        <activity type="UNKNOWN" conf="40" state="unknown" tsMs="1788026046316"/>
        <radio op="vodafone IT" rat="LTE" q="82.50" rsrp="-92" sinr="21" rsrq="-6"/>
        <radio op="I TIM" rat="LTE" q="100.00" rsrp="-84" sinr="23" rsrq="-11"/>
      </extensions>
    </trkpt>
    <trkpt lat="45.6818552" lon="10.6343675">
      <ele>550.694971514386</ele>
      <time>2026-08-29T19:54:40.692+02:00</time>
      <extensions>
        <activity type="STILL" conf="88" state="still" tsMs="1788026075312"/>
        <radio op="vodafone IT" rat="LTE" q="70.00" rsrp="-97" sinr="26" rsrq="-8"/>
        <radio op="I TIM" rat="LTE" q="91.20" rsrp="-87" sinr="19" rsrq="-9"/>
      </extensions>
    </trkpt>
    <trkpt lat="45.6823066" lon="10.6340429">
      <ele>550.7116618823322</ele>
      <time>2026-08-29T19:55:04.173+02:00</time>
      <extensions>
        <activity type="STILL" conf="29" state="still" tsMs="1788026097489"/>
        <radio op="vodafone IT" rat="LTE" q="100.00" rsrp="-85" sinr="21" rsrq="-6"/>
        <radio op="I TIM" rat="LTE" q="100.00" rsrp="-82" sinr="23" rsrq="-12"/>
      </extensions>
    </trkpt>
    <trkpt lat="45.6822973" lon="10.6340394">
      <ele>579.1053266026223</ele>
      <time>2026-08-29T19:55:14.174+02:00</time>
      <extensions>
        <activity type="UNKNOWN" conf="40" state="unknown" tsMs="1788026102744"/>
        <radio op="vodafone IT" rat="LTE" q="100.00" rsrp="-85" sinr="21" rsrq="-6"/>
        <radio op="I TIM" rat="LTE" q="100.00" rsrp="-82" sinr="21" rsrq="-11"/>
      </extensions>
    </trkpt>
    <trkpt lat="45.6823086" lon="10.6340295">
      <ele>576.0855774825113</ele>
      <time>2026-08-29T19:55:24.189+02:00</time>
      <extensions>
        <activity type="STILL" conf="98" state="still" tsMs="1788026118423"/>
        <radio op="vodafone IT" rat="LTE" q="100.00" rsrp="-83" sinr="22" rsrq="-7"/>
        <radio op="I TIM" rat="LTE" q="58.50" rsrp="-86" sinr="10" rsrq="-12"/>
      </extensions>
    </trkpt>
    <trkpt lat="45.6823183" lon="10.6340318">
      <ele>563.0197488261726</ele>
      <time>2026-08-29T19:55:32.348+02:00</time>
      <extensions>
        <activity type="STILL" conf="98" state="still" tsMs="1788026118423"/>
        <radio op="vodafone IT" rat="LTE" q="80.00" rsrp="-93" sinr="22" rsrq="-5"/>
        <radio op="I TIM" rat="LTE" q="100.00" rsrp="-83" sinr="26" rsrq="-9"/>
      </extensions>
    </trkpt>
    <trkpt lat="45.682317" lon="10.6340336">
      <ele>563.2545440308421</ele>
      <time>2026-08-29T19:56:15.889+02:00</time>
      <extensions>
        <activity type="STILL" conf="96" state="still" tsMs="1788026174848"/>
        <radio op="vodafone IT" rat="LTE" q="80.00" rsrp="-93" sinr="25" rsrq="-6"/>
        <radio op="I TIM" rat="LTE" q="100.00" rsrp="-83" sinr="20" rsrq="-10"/>
      </extensions>
    </trkpt>
    <trkpt lat="45.6818846" lon="10.6345232">
      <ele>563.1470202021814</ele>
      <time>2026-08-29T19:56:55.174+02:00</time>
      <extensions>
        <activity type="STILL" conf="99" state="still" tsMs="1788026224294"/>
        <radio op="vodafone IT" rat="LTE" q="70.00" rsrp="-97" sinr="23" rsrq="-7"/>
        <radio op="I TIM" rat="LTE" q="100.00" rsrp="-82" sinr="22" rsrq="-8"/>
      </extensions>
    </trkpt>
    <trkpt lat="45.6818757" lon="10.6345333">
      <ele>563.204073494874</ele>
      <time>2026-08-29T19:57:29.771+02:00</time>
      <extensions>
        <activity type="STILL" conf="98" state="still" tsMs="1788026246691"/>
        <radio op="vodafone IT" rat="LTE" q="72.50" rsrp="-96" sinr="23" rsrq="-7"/>
        <radio op="I TIM" rat="LTE" q="100.00" rsrp="-81" sinr="21" rsrq="-10"/>
      </extensions>
    </trkpt>
    <trkpt lat="45.6819572" lon="10.634262">
      <ele>563.2523496535533</ele>
      <time>2026-08-29T19:58:05.173+02:00</time>
      <extensions>
        <activity type="STILL" conf="99" state="still" tsMs="1788026290463"/>
        <radio op="vodafone IT" rat="LTE" q="75.00" rsrp="-95" sinr="25" rsrq="-6"/>
        <radio op="I TIM" rat="LTE" q="96.00" rsrp="-85" sinr="19" rsrq="-11"/>
      </extensions>
    </trkpt>
    <trkpt lat="45.6818148" lon="10.6345122">
      <ele>563.2216284303104</ele>
      <time>2026-08-29T19:59:07.321+02:00</time>
      <extensions>
        <activity type="STILL" conf="99" state="still" tsMs="1788026339600"/>
        <radio op="vodafone IT" rat="LTE" q="82.50" rsrp="-92" sinr="25" rsrq="-6"/>
        <radio op="I TIM" rat="LTE" q="80.00" rsrp="-83" sinr="15" rsrq="-8"/>
      </extensions>
    </trkpt>
    <trkpt lat="45.6817991" lon="10.6345398">
      <ele>562.8573708624767</ele>
      <time>2026-08-29T19:59:39.359+02:00</time>
      <extensions>
        <activity type="STILL" conf="97" state="still" tsMs="1788026379237"/>
        <radio op="vodafone IT" rat="LTE" q="92.50" rsrp="-88" sinr="24" rsrq="-6"/>
        <radio op="I TIM" rat="LTE" q="100.00" rsrp="-81" sinr="30" rsrq="-9"/>
      </extensions>
    </trkpt>
    <trkpt lat="45.6818277" lon="10.6341875">
      <ele>563.9407537482336</ele>
      <time>2026-08-29T20:00:17.175+02:00</time>
      <extensions>
        <activity type="STILL" conf="99" state="still" tsMs="1788026412814"/>
        <radio op="vodafone IT" rat="LTE" q="80.00" rsrp="-93" sinr="25" rsrq="-6"/>
        <radio op="I TIM" rat="LTE" q="100.00" rsrp="-82" sinr="22" rsrq="-12"/>
      </extensions>
    </trkpt>
    <trkpt lat="45.6818286" lon="10.6341761">
      <ele>563.0263317917459</ele>
      <time>2026-08-29T20:00:47.774+02:00</time>
      <extensions>
        <activity type="STILL" conf="99" state="still" tsMs="1788026442937"/>
        <radio op="vodafone IT" rat="LTE" q="90.00" rsrp="-89" sinr="28" rsrq="-5"/>
        <radio op="I TIM" rat="LTE" q="100.00" rsrp="-82" sinr="26" rsrq="-11"/>
      </extensions>
    </trkpt>
    <trkpt lat="45.681937" lon="10.6345746">
      <ele>563.9648910607934</ele>
      <time>2026-08-29T20:01:20.888+02:00</time>
      <extensions>
        <activity type="STILL" conf="99" state="still" tsMs="1788026475287"/>
        <radio op="vodafone IT" rat="LTE" q="85.00" rsrp="-91" sinr="29" rsrq="-5"/>
        <radio op="I TIM" rat="LTE" q="100.00" rsrp="-82" sinr="21" rsrq="-7"/>
      </extensions>
    </trkpt>
    <trkpt lat="45.6819549" lon="10.634318">
      <ele>563.7103555379342</ele>
      <time>2026-08-29T20:01:53.282+02:00</time>
      <extensions>
        <activity type="STILL" conf="99" state="still" tsMs="1788026507870"/>
        <radio op="vodafone IT" rat="LTE" q="80.00" rsrp="-93" sinr="26" rsrq="-6"/>
        <radio op="I TIM" rat="LTE" q="100.00" rsrp="-82" sinr="21" rsrq="-9"/>
      </extensions>
    </trkpt>
    <trkpt lat="45.6819558" lon="10.6342931">
      <ele>563.7805714814419</ele>
      <time>2026-08-29T20:02:23.844+02:00</time>
      <extensions>
        <activity type="STILL" conf="97" state="still" tsMs="1788026540078"/>
        <radio op="vodafone IT" rat="LTE" q="85.00" rsrp="-91" sinr="26" rsrq="-6"/>
        <radio op="I TIM" rat="LTE" q="80.00" rsrp="-84" sinr="15" rsrq="-11"/>
      </extensions>
    </trkpt>
    <trkpt lat="45.6820938" lon="10.634359">
      <ele>563.7652116948111</ele>
      <time>2026-08-29T20:03:01.174+02:00</time>
      <extensions>
        <activity type="STILL" conf="99" state="still" tsMs="1788026580103"/>
        <radio op="vodafone IT" rat="LTE" q="70.00" rsrp="-97" sinr="24" rsrq="-6"/>
        <radio op="I TIM" rat="LTE" q="100.00" rsrp="-84" sinr="25" rsrq="-9"/>
      </extensions>
    </trkpt>
    <trkpt lat="45.6821667" lon="10.6341195">
      <ele>563.6686650927227</ele>
      <time>2026-08-29T20:03:41.175+02:00</time>
      <extensions>
        <activity type="STILL" conf="99" state="still" tsMs="1788026626456"/>
        <radio op="vodafone IT" rat="LTE" q="70.00" rsrp="-97" sinr="26" rsrq="-6"/>
        <radio op="I TIM" rat="LTE" q="100.00" rsrp="-80" sinr="26" rsrq="-10"/>
      </extensions>
    </trkpt>
    <trkpt lat="45.6820062" lon="10.6341782">
      <ele>562.5918675373616</ele>
      <time>2026-08-29T20:04:25.175+02:00</time>
      <extensions>
        <activity type="STILL" conf="100" state="still" tsMs="1788026664354"/>
        <radio op="vodafone IT" rat="LTE" q="80.00" rsrp="-93" sinr="20" rsrq="-7"/>
        <radio op="I TIM" rat="LTE" q="88.00" rsrp="-81" sinr="17" rsrq="-9"/>
      </extensions>
    </trkpt>
    <trkpt lat="45.6819977" lon="10.634182">
      <ele>562.5523718753087</ele>
      <time>2026-08-29T20:05:04.181+02:00</time>
      <extensions>
        <activity type="STILL" conf="99" state="still" tsMs="1788026699854"/>
        <radio op="vodafone IT" rat="LTE" q="70.00" rsrp="-97" sinr="22" rsrq="-8"/>
        <radio op="I TIM" rat="LTE" q="100.00" rsrp="-78" sinr="22" rsrq="-6"/>
      </extensions>
    </trkpt>
    <trkpt lat="45.6818467" lon="10.6342253">
      <ele>563.4514392008296</ele>
      <time>2026-08-29T20:05:38.579+02:00</time>
      <extensions>
        <activity type="STILL" conf="97" state="still" tsMs="1788026743831"/>
        <radio op="vodafone IT" rat="LTE" q="80.00" rsrp="-93" sinr="23" rsrq="-6"/>
        <radio op="I TIM" rat="LTE" q="100.00" rsrp="-79" sinr="27" rsrq="-10"/>
      </extensions>
    </trkpt>
    <trkpt lat="45.6818445" lon="10.6342258">
      <ele>563.3812259445099</ele>
      <time>2026-08-29T20:06:18.378+02:00</time>
      <extensions>
        <activity type="STILL" conf="99" state="still" tsMs="1788026776221"/>
        <radio op="vodafone IT" rat="LTE" q="82.50" rsrp="-92" sinr="28" rsrq="-6"/>
        <radio op="I TIM" rat="LTE" q="100.00" rsrp="-82" sinr="22" rsrq="-10"/>
      </extensions>
    </trkpt>
    <trkpt lat="45.682098" lon="10.634182">
      <ele>566.3592837655724</ele>
      <time>2026-08-29T20:06:54.175+02:00</time>
      <extensions>
        <activity type="STILL" conf="100" state="still" tsMs="1788026812802"/>
        <radio op="vodafone IT" rat="LTE" q="49.50" rsrp="-92" sinr="10" rsrq="-8"/>
        <radio op="I TIM" rat="LTE" q="88.00" rsrp="-79" sinr="17" rsrq="-11"/>
      </extensions>
    </trkpt>
    <trkpt lat="45.6821054" lon="10.6341808">
      <ele>566.3724486873139</ele>
      <time>2026-08-29T20:07:32.73+02:00</time>
      <extensions>
        <activity type="STILL" conf="99" state="still" tsMs="1788026848247"/>
        <radio op="vodafone IT" rat="LTE" q="80.00" rsrp="-93" sinr="25" rsrq="-7"/>
        <radio op="I TIM" rat="LTE" q="96.00" rsrp="-81" sinr="19" rsrq="-11"/>
      </extensions>
    </trkpt>
    <trkpt lat="45.6820191" lon="10.6341866">
      <ele>566.3878077881502</ele>
      <time>2026-08-29T20:08:07.174+02:00</time>
      <extensions>
        <activity type="STILL" conf="99" state="still" tsMs="1788026883894"/>
        <radio op="vodafone IT" rat="LTE" q="80.00" rsrp="-93" sinr="26" rsrq="-7"/>
        <radio op="I TIM" rat="LTE" q="100.00" rsrp="-80" sinr="21" rsrq="-9"/>
      </extensions>
    </trkpt>
    <trkpt lat="45.6819579" lon="10.6340911">
      <ele>563.2210540989678</ele>
      <time>2026-08-29T20:09:58.175+02:00</time>
      <extensions>
        <activity type="STILL" conf="100" state="still" tsMs="1788026983549"/>
        <radio op="vodafone IT" rat="LTE" rsrp="-89" rsrq="-5"/>
        <radio op="I TIM" rat="LTE" q="100.00" rsrp="-81" sinr="28" rsrq="-10"/>
      </extensions>
    </trkpt>
    <trkpt lat="45.681986" lon="10.6341238">
      <ele>553.019745349894</ele>
      <time>2026-08-29T20:28:26.199+02:00</time>
      <extensions>
        <activity type="UNKNOWN" conf="40" state="unknown" tsMs="1788028088653"/>
        <radio op="vodafone IT" rat="LTE" q="87.50" rsrp="-90" sinr="25" rsrq="-7"/>
        <radio op="I TIM" rat="LTE" q="76.00" rsrp="-87" sinr="15" rsrq="-10"/>
      </extensions>
    </trkpt>
    <trkpt lat="45.6819781" lon="10.6342056">
      <ele>546.0109696752102</ele>
      <time>2026-08-29T20:28:36.181+02:00</time>
      <extensions>
        <activity type="UNKNOWN" conf="40" state="unknown" tsMs="1788028103852"/>
        <radio op="vodafone IT" rat="LTE" q="90.00" rsrp="-89" sinr="21" rsrq="-4"/>
        <radio op="I TIM" rat="LTE" q="60.00" rsrp="-85" sinr="10" rsrq="-12"/>
      </extensions>
    </trkpt>
    <trkpt lat="45.6819812" lon="10.6342202">
      <ele>543.980254599735</ele>
      <time>2026-08-29T20:28:46.221+02:00</time>
      <extensions>
        <activity type="UNKNOWN" conf="40" state="unknown" tsMs="1788028103852"/>
        <radio op="vodafone IT" rat="LTE" q="90.00" rsrp="-89" sinr="21" rsrq="-8"/>
        <radio op="I TIM" rat="LTE" q="97.50" rsrp="-86" sinr="25" rsrq="-11"/>
      </extensions>
    </trkpt>
    <trkpt lat="45.681944" lon="10.6341722">
      <ele>543.9648970975375</ele>
      <time>2026-08-29T20:28:57.183+02:00</time>
      <extensions>
        <activity type="UNKNOWN" conf="40" state="unknown" tsMs="1788028120228"/>
        <radio op="vodafone IT" rat="LTE" q="90.00" rsrp="-89" sinr="20" rsrq="-7"/>
        <radio op="I TIM" rat="LTE" q="92.50" rsrp="-88" sinr="21" rsrq="-10"/>
      </extensions>
    </trkpt>
    <trkpt lat="45.6819181" lon="10.6341495">
      <ele>543.9297943741728</ele>
      <time>2026-08-29T20:29:07.181+02:00</time>
      <extensions>
        <activity type="STILL" conf="100" state="still" tsMs="1788028136143"/>
        <radio op="vodafone IT" rat="LTE" q="100.00" rsrp="-84" sinr="20" rsrq="-7"/>
        <radio op="I TIM" rat="LTE" q="100.00" rsrp="-85" sinr="26" rsrq="-11"/>
      </extensions>
    </trkpt>
    <trkpt lat="45.6818873" lon="10.6341545">
      <ele>543.962703170891</ele>
      <time>2026-08-29T20:29:13.18+02:00</time>
      <extensions>
        <activity type="STILL" conf="100" state="still" tsMs="1788028136143"/>
        <radio op="vodafone IT" rat="LTE" q="84.00" rsrp="-83" sinr="16" rsrq="-5"/>
        <radio op="I TIM" rat="LTE" rsrp="-84" rsrq="-9"/>
      </extensions>
    </trkpt>
    <trkpt lat="45.6818836" lon="10.6341575">
      <ele>543.991224260953</ele>
      <time>2026-08-29T20:29:51.806+02:00</time>
      <extensions>
        <activity type="STILL" conf="97" state="still" tsMs="1788028188770"/>
        <radio op="vodafone IT" rat="LTE" q="77.50" rsrp="-94" sinr="25" rsrq="-5"/>
        <radio op="I TIM" rat="LTE" q="100.00" rsrp="-84" sinr="22" rsrq="-7"/>
      </extensions>
    </trkpt>
    <trkpt lat="45.6821471" lon="10.6342046">
      <ele>543.8946917224478</ele>
      <time>2026-08-29T20:30:36.179+02:00</time>
      <extensions>
        <activity type="STILL" conf="100" state="still" tsMs="1788028235226"/>
        <radio op="vodafone IT" rat="LTE" q="77.50" rsrp="-94" sinr="24" rsrq="-7"/>
        <radio op="I TIM" rat="LTE" q="48.00" rsrp="-81" sinr="7" rsrq="-9"/>
      </extensions>
    </trkpt>
    <trkpt lat="45.6821491" lon="10.634205">
      <ele>543.8222931203127</ele>
      <time>2026-08-29T20:31:15.383+02:00</time>
      <extensions>
        <activity type="STILL" conf="99" state="still" tsMs="1788028272347"/>
        <radio op="vodafone IT" rat="LTE" q="70.00" rsrp="-97" sinr="24" rsrq="-6"/>
        <radio op="I TIM" rat="LTE" q="48.00" rsrp="-82" sinr="7" rsrq="-11"/>
      </extensions>
    </trkpt>
    <trkpt lat="45.6821179" lon="10.6341302">
      <ele>543.7608643137087</ele>
      <time>2026-08-29T20:31:53.18+02:00</time>
      <extensions>
        <activity type="STILL" conf="99" state="still" tsMs="1788028319978"/>
        <radio op="vodafone IT" rat="LTE" q="77.50" rsrp="-94" sinr="25" rsrq="-5"/>
        <radio op="I TIM" rat="LTE" q="84.00" rsrp="-80" sinr="16" rsrq="-12"/>
      </extensions>
    </trkpt>
    <trkpt lat="45.6821177" lon="10.6341297">
      <ele>543.646783576776</ele>
      <time>2026-08-29T20:32:39.614+02:00</time>
      <extensions>
        <activity type="STILL" conf="99" state="still" tsMs="1788028353336"/>
        <radio op="vodafone IT" rat="LTE" q="82.50" rsrp="-92" sinr="25" rsrq="-6"/>
        <radio op="I TIM" rat="LTE" q="100.00" rsrp="-85" sinr="20" rsrq="-11"/>
      </extensions>
    </trkpt>
    <trkpt lat="45.6820451" lon="10.6344544">
      <ele>543.405464230693</ele>
      <time>2026-08-29T20:33:23.181+02:00</time>
      <extensions>
        <activity type="STILL" conf="99" state="still" tsMs="1788028398451"/>
        <radio op="vodafone IT" rat="LTE" q="100.00" rsrp="-85" sinr="22" rsrq="-7"/>
        <radio op="I TIM" rat="LTE" q="100.00" rsrp="-82" sinr="26" rsrq="-13"/>
      </extensions>
    </trkpt>
    <trkpt lat="45.6820746" lon="10.6344642">
      <ele>543.1444080045377</ele>
      <time>2026-08-29T20:33:30.45+02:00</time>
      <extensions>
        <activity type="STILL" conf="100" state="still" tsMs="1788028402316"/>
        <radio op="vodafone IT" rat="LTE" q="97.50" rsrp="-86" sinr="24" rsrq="-6"/>
        <radio op="I TIM" rat="LTE" q="100.00" rsrp="-77" sinr="27" rsrq="-10"/>
      </extensions>
    </trkpt>
    <trkpt lat="45.6818856" lon="10.6340315">
      <ele>544.0391102569835</ele>
      <time>2026-08-29T20:34:02.181+02:00</time>
      <extensions>
        <activity type="STILL" conf="80" state="still" tsMs="1788028440627"/>
        <radio op="vodafone IT" rat="LTE" q="80.00" rsrp="-93" sinr="27" rsrq="-6"/>
        <radio op="I TIM" rat="LTE" q="100.00" rsrp="-78" sinr="20" rsrq="-9"/>
      </extensions>
    </trkpt>
    <trkpt lat="45.6818856" lon="10.6340315">
      <ele>544.0215607577348</ele>
      <time>2026-08-29T20:34:38.743+02:00</time>
      <extensions>
        <activity type="STILL" conf="99" state="still" tsMs="1788028475501"/>
        <radio op="vodafone IT" rat="LTE" q="80.00" rsrp="-93" sinr="24" rsrq="-6"/>
        <radio op="I TIM" rat="LTE" q="100.00" rsrp="-78" sinr="24" rsrq="-9"/>
      </extensions>
    </trkpt>
    <trkpt lat="45.6820323" lon="10.6344057">
      <ele>543.0610467023613</ele>
      <time>2026-08-29T20:35:15.182+02:00</time>
      <extensions>
        <activity type="STILL" conf="98" state="still" tsMs="1788028520451"/>
        <radio op="vodafone IT" rat="LTE" q="70.00" rsrp="-97" sinr="24" rsrq="-8"/>
        <radio op="I TIM" rat="LTE" rsrp="-82" rsrq="-10"/>
      </extensions>
    </trkpt>
    <trkpt lat="45.682033" lon="10.6344074">
      <ele>542.8438735049363</ele>
      <time>2026-08-29T20:35:52.928+02:00</time>
      <extensions>
        <activity type="STILL" conf="96" state="still" tsMs="1788028547333"/>
        <radio op="vodafone IT" rat="LTE" q="79.80" rsrp="-87" sinr="16" rsrq="-8"/>
        <radio op="I TIM" rat="LTE" q="100.00" rsrp="-81" sinr="30" rsrq="-10"/>
      </extensions>
    </trkpt>
    <trkpt lat="45.6817907" lon="10.6342017">
      <ele>542.7890326557156</ele>
      <time>2026-08-29T20:36:44.182+02:00</time>
      <extensions>
        <activity type="STILL" conf="99" state="still" tsMs="1788028609440"/>
        <radio op="vodafone IT" rat="LTE" q="85.00" rsrp="-91" sinr="27" rsrq="-5"/>
        <radio op="I TIM" rat="LTE" q="100.00" rsrp="-78" sinr="28" rsrq="-11"/>
      </extensions>
    </trkpt>
    <trkpt lat="45.6817831" lon="10.6341953">
      <ele>542.6025763841678</ele>
      <time>2026-08-29T20:37:18.786+02:00</time>
      <extensions>
        <activity type="STILL" conf="99" state="still" tsMs="1788028637347"/>
        <radio op="vodafone IT" rat="LTE" q="87.50" rsrp="-90" sinr="27" rsrq="-7"/>
        <radio op="I TIM" rat="LTE" q="68.00" rsrp="-75" sinr="12" rsrq="-11"/>
      </extensions>
    </trkpt>
    <trkpt lat="45.6818755" lon="10.6341731">
      <ele>542.6618032323179</ele>
      <time>2026-08-29T20:38:03.182+02:00</time>
      <extensions>
        <activity type="STILL" conf="100" state="still" tsMs="1788028681408"/>
        <radio op="vodafone IT" rat="LTE" q="87.50" rsrp="-90" sinr="28" rsrq="-6"/>
        <radio op="I TIM" rat="LTE" q="68.00" rsrp="-78" sinr="12" rsrq="-12"/>
      </extensions>
    </trkpt>
    <trkpt lat="45.681986" lon="10.6342505">
      <ele>542.5608992104658</ele>
      <time>2026-08-29T20:38:43.394+02:00</time>
      <extensions>
        <activity type="STILL" conf="99" state="still" tsMs="1788028717699"/>
        <radio op="vodafone IT" rat="LTE" q="95.00" rsrp="-87" sinr="30" rsrq="-5"/>
        <radio op="I TIM" rat="LTE" q="92.00" rsrp="-79" sinr="18" rsrq="-10"/>
      </extensions>
    </trkpt>
    <trkpt lat="45.6819929" lon="10.6342559">
      <ele>542.4687698619964</ele>
      <time>2026-08-29T20:39:15.869+02:00</time>
      <extensions>
        <activity type="STILL" conf="99" state="still" tsMs="1788028750257"/>
        <radio op="vodafone IT" rat="LTE" q="82.50" rsrp="-92" sinr="26" rsrq="-6"/>
        <radio op="I TIM" rat="LTE" q="100.00" rsrp="-76" sinr="30" rsrq="-6"/>
      </extensions>
    </trkpt>
    <trkpt lat="45.6818375" lon="10.6341459">
      <ele>542.3941896837205</ele>
      <time>2026-08-29T20:40:34.182+02:00</time>
      <extensions>
        <activity type="STILL" conf="100" state="still" tsMs="1788028833588"/>
        <radio op="vodafone IT" rat="LTE" q="67.50" rsrp="-98" sinr="20" rsrq="-5"/>
        <radio op="I TIM" rat="LTE" q="100.00" rsrp="-81" sinr="25" rsrq="-8"/>
      </extensions>
    </trkpt>
    <trkpt lat="45.6818301" lon="10.6341551">
      <ele>542.3108361321958</ele>
      <time>2026-08-29T20:41:10.422+02:00</time>
      <extensions>
        <activity type="STILL" conf="98" state="still" tsMs="1788028869490"/>
        <radio op="vodafone IT" rat="LTE" q="67.50" rsrp="-98" sinr="24" rsrq="-6"/>
        <radio op="I TIM" rat="LTE" rsrp="-81" rsrq="-9"/>
      </extensions>
    </trkpt>
    <trkpt lat="45.6820625" lon="10.6339837">
      <ele>542.2910937480742</ele>
      <time>2026-08-29T20:42:04.183+02:00</time>
      <extensions>
        <activity type="STILL" conf="100" state="still" tsMs="1788028923618"/>
        <radio op="vodafone IT" rat="LTE" q="80.00" rsrp="-93" sinr="26" rsrq="-6"/>
        <radio op="I TIM" rat="LTE" q="92.00" rsrp="-82" sinr="18" rsrq="-8"/>
      </extensions>
    </trkpt>
    <trkpt lat="45.6822354" lon="10.6342104">
      <ele>574.0</ele>
      <time>2026-08-29T21:38:30.209+02:00</time>
      <extensions>
        <activity type="STILL" conf="62" state="still" tsMs="1788032324081"/>
        <radio op="vodafone IT" rat="LTE" q="85.00" rsrp="-91" sinr="23" rsrq="-7"/>
        <radio op="I TIM" rat="LTE" rsrp="-98" rsrq="-12"/>
      </extensions>
    </trkpt>
    <trkpt lat="45.6822345" lon="10.6342106">
      <ele>574.0</ele>
      <time>2026-08-29T21:39:06.073+02:00</time>
      <extensions>
        <activity type="STILL" conf="60" state="still" tsMs="1788032340791"/>
        <radio op="vodafone IT" rat="LTE" q="62.10" rsrp="-98" sinr="18" rsrq="-7"/>
        <radio op="I TIM" rat="LTE" q="67.50" rsrp="-98" sinr="20" rsrq="-12"/>
      </extensions>
    </trkpt>
    <trkpt lat="45.6822631" lon="10.6343282">
      <ele>557.0</ele>
      <time>2026-08-29T21:39:55.212+02:00</time>
      <extensions>
        <activity type="STILL" conf="99" state="still" tsMs="1788032394040"/>
        <radio op="vodafone IT" rat="LTE" q="75.00" rsrp="-95" sinr="21" rsrq="-6"/>
        <radio op="I TIM" rat="LTE" q="72.50" rsrp="-96" sinr="20" rsrq="-12"/>
      </extensions>
    </trkpt>
    <trkpt lat="45.6822635" lon="10.6343296">
      <ele>557.0</ele>
      <time>2026-08-29T21:40:36.79+02:00</time>
      <extensions>
        <activity type="STILL" conf="99" state="still" tsMs="1788032434443"/>
        <radio op="vodafone IT" rat="LTE" q="75.00" rsrp="-95" sinr="21" rsrq="-9"/>
        <radio op="I TIM" rat="LTE" q="61.60" rsrp="-97" sinr="17" rsrq="-13"/>
      </extensions>
    </trkpt>
    <trkpt lat="45.6822886" lon="10.6344102">
      <ele>558.0</ele>
      <time>2026-08-29T21:41:34.204+02:00</time>
      <extensions>
        <activity type="UNKNOWN" conf="40" state="unknown" tsMs="1788032490446"/>
        <radio op="vodafone IT" rat="LTE" q="70.00" rsrp="-97" sinr="20" rsrq="-9"/>
        <radio op="I TIM" rat="LTE" q="55.80" rsrp="-94" sinr="13" rsrq="-12"/>
      </extensions>
    </trkpt>
    <trkpt lat="45.6822334" lon="10.6344281">
      <ele>563.0</ele>
      <time>2026-08-29T21:42:42.205+02:00</time>
      <extensions>
        <activity type="STILL" conf="97" state="still" tsMs="1788032561485"/>
        <radio op="vodafone IT" rat="LTE" q="62.10" rsrp="-98" sinr="18" rsrq="-5"/>
        <radio op="I TIM" rat="LTE" q="77.50" rsrp="-94" sinr="20" rsrq="-11"/>
      </extensions>
    </trkpt>
    <trkpt lat="45.6820976" lon="10.6344592">
      <ele>557.5242032808205</ele>
      <time>2026-08-29T21:43:19.205+02:00</time>
      <extensions>
        <activity type="UNKNOWN" conf="40" state="unknown" tsMs="1788032604468"/>
        <radio op="vodafone IT" rat="LTE" q="82.50" rsrp="-92" sinr="22" rsrq="-5"/>
        <radio op="I TIM" rat="LTE" q="77.50" rsrp="-94" sinr="20" rsrq="-12"/>
      </extensions>
    </trkpt>
    <trkpt lat="45.6821108" lon="10.6345745">
      <ele>562.8465156416979</ele>
      <time>2026-08-29T21:44:06.529+02:00</time>
      <extensions>
        <activity type="UNKNOWN" conf="40" state="unknown" tsMs="1788032643316"/>
        <radio op="vodafone IT" rat="LTE" q="80.00" rsrp="-93" sinr="27" rsrq="-7"/>
        <radio op="I TIM" rat="LTE" q="66.00" rsrp="-95" sinr="17" rsrq="-11"/>
      </extensions>
    </trkpt>
    <trkpt lat="45.6821029" lon="10.6345781">
      <ele>562.848708256102</ele>
      <time>2026-08-29T21:44:46.098+02:00</time>
      <extensions>
        <activity type="STILL" conf="59" state="still" tsMs="1788032681398"/>
        <radio op="vodafone IT" rat="LTE" q="85.00" rsrp="-91" sinr="27" rsrq="-7"/>
        <radio op="I TIM" rat="LTE" q="74.40" rsrp="-94" sinr="19" rsrq="-9"/>
      </extensions>
    </trkpt>
    <trkpt lat="45.6820618" lon="10.6346098">
      <ele>562.8421304145675</ele>
      <time>2026-08-29T21:45:24.304+02:00</time>
      <extensions>
        <activity type="UNKNOWN" conf="40" state="unknown" tsMs="1788032720442"/>
        <radio op="vodafone IT" rat="LTE" q="90.00" rsrp="-89" sinr="30" rsrq="-9"/>
        <radio op="I TIM" rat="LTE" q="68.20" rsrp="-94" sinr="17" rsrq="-12"/>
      </extensions>
    </trkpt>
    <trkpt lat="45.6819966" lon="10.6346608">
      <ele>562.7829300671627</ele>
      <time>2026-08-29T21:46:05.064+02:00</time>
      <extensions>
        <activity type="UNKNOWN" conf="40" state="unknown" tsMs="1788032759274"/>
        <radio op="vodafone IT" rat="LTE" rsrp="-88" rsrq="-5"/>
        <radio op="I TIM" rat="LTE" q="39.60" rsrp="-92" sinr="7" rsrq="-9"/>
      </extensions>
    </trkpt>
    <trkpt lat="45.6818375" lon="10.6344369">
      <ele>562.7785448724569</ele>
      <time>2026-08-29T21:46:59.206+02:00</time>
      <extensions>
        <activity type="STILL" conf="99" state="still" tsMs="1788032818720"/>
        <radio op="vodafone IT" rat="LTE" q="100.00" rsrp="-85" sinr="27" rsrq="-6"/>
        <radio op="I TIM" rat="LTE" q="72.60" rsrp="-92" sinr="17" rsrq="-13"/>
      </extensions>
    </trkpt>
    <trkpt lat="45.6818268" lon="10.6344403">
      <ele>562.7631967085886</ele>
      <time>2026-08-29T21:47:30.25+02:00</time>
      <extensions>
        <activity type="STILL" conf="99" state="still" tsMs="1788032845444"/>
        <radio op="vodafone IT" rat="LTE" q="100.00" rsrp="-85" sinr="26" rsrq="-8"/>
        <radio op="I TIM" rat="LTE" q="66.00" rsrp="-92" sinr="15" rsrq="-12"/>
      </extensions>
    </trkpt>
    <trkpt lat="45.6818833" lon="10.634427">
      <ele>557.5724395371467</ele>
      <time>2026-08-29T21:48:30.206+02:00</time>
      <extensions>
        <activity type="UNKNOWN" conf="40" state="unknown" tsMs="1788032906463"/>
        <radio op="vodafone IT" rat="LTE" q="95.00" rsrp="-87" sinr="23" rsrq="-9"/>
        <radio op="I TIM" rat="LTE" q="49.50" rsrp="-92" sinr="10" rsrq="-12"/>
      </extensions>
    </trkpt>
    <trkpt lat="45.6818231" lon="10.6346039">
      <ele>557.6820683986247</ele>
      <time>2026-08-29T21:49:16.206+02:00</time>
      <extensions>
        <activity type="STILL" conf="49" state="still" tsMs="1788032951438"/>
        <radio op="vodafone IT" rat="LTE" q="92.50" rsrp="-88" sinr="22" rsrq="-7"/>
        <radio op="I TIM" rat="LTE" q="71.30" rsrp="-94" sinr="18" rsrq="-12"/>
      </extensions>
    </trkpt>
    <trkpt lat="45.681821" lon="10.6346135">
      <ele>557.7215351308666</ele>
      <time>2026-08-29T21:49:57.63+02:00</time>
      <extensions>
        <activity type="STILL" conf="96" state="still" tsMs="1788032993541"/>
        <radio op="vodafone IT" rat="LTE" q="75.00" rsrp="-95" sinr="23" rsrq="-7"/>
        <radio op="I TIM" rat="LTE" q="63.80" rsrp="-96" sinr="17" rsrq="-13"/>
      </extensions>
    </trkpt>
    <trkpt lat="45.6819374" lon="10.634563">
      <ele>562.5022821136488</ele>
      <time>2026-08-29T21:50:58.206+02:00</time>
      <extensions>
        <activity type="STILL" conf="48" state="still" tsMs="1788033054816"/>
        <radio op="vodafone IT" rat="LTE" q="92.50" rsrp="-88" sinr="24" rsrq="-7"/>
        <radio op="I TIM" rat="LTE" q="66.70" rsrp="-96" sinr="18" rsrq="-12"/>
      </extensions>
    </trkpt>
    <trkpt lat="45.681939" lon="10.6345635">
      <ele>562.5790208786823</ele>
      <time>2026-08-29T21:51:29.496+02:00</time>
      <extensions>
        <activity type="STILL" conf="50" state="still" tsMs="1788033086444"/>
        <radio op="vodafone IT" rat="LTE" q="64.80" rsrp="-98" sinr="19" rsrq="-8"/>
        <radio op="I TIM" rat="LTE" q="51.00" rsrp="-95" sinr="12" rsrq="-12"/>
      </extensions>
    </trkpt>
    <trkpt lat="45.6818361" lon="10.6346363">
      <ele>557.5965577667657</ele>
      <time>2026-08-29T21:52:06.208+02:00</time>
      <extensions>
        <activity type="STILL" conf="100" state="still" tsMs="1788033125253"/>
        <radio op="vodafone IT" rat="LTE" q="87.50" rsrp="-90" sinr="22" rsrq="-8"/>
        <radio op="I TIM" rat="LTE" q="64.40" rsrp="-97" sinr="18" rsrq="-9"/>
      </extensions>
    </trkpt>
    <trkpt lat="45.6818357" lon="10.6346369">
      <ele>557.6908387679144</ele>
      <time>2026-08-29T21:52:41.692+02:00</time>
      <extensions>
        <activity type="STILL" conf="97" state="still" tsMs="1788033155446"/>
        <radio op="vodafone IT" rat="LTE" q="75.00" rsrp="-95" sinr="23" rsrq="-6"/>
        <radio op="I TIM" rat="LTE" q="60.00" rsrp="-95" sinr="15" rsrq="-12"/>
      </extensions>
    </trkpt>
    <trkpt lat="45.6818173" lon="10.6345113">
      <ele>557.3992287843444</ele>
      <time>2026-08-29T21:53:13.889+02:00</time>
      <extensions>
        <activity type="STILL" conf="98" state="still" tsMs="1788033191452"/>
        <radio op="vodafone IT" rat="LTE" q="80.50" rsrp="-90" sinr="18" rsrq="-7"/>
        <radio op="I TIM" rat="LTE" q="70.00" rsrp="-97" sinr="22" rsrq="-8"/>
      </extensions>
    </trkpt>
    <trkpt lat="45.6818165" lon="10.6345056">
      <ele>557.3597635311846</ele>
      <time>2026-08-29T21:53:45.223+02:00</time>
      <extensions>
        <activity type="STILL" conf="68" state="still" tsMs="1788033221435"/>
        <radio op="vodafone IT" rat="LTE" q="65.00" rsrp="-99" sinr="23" rsrq="-7"/>
        <radio op="I TIM" rat="LTE" q="56.70" rsrp="-98" sinr="16" rsrq="-12"/>
      </extensions>
    </trkpt>
    <trkpt lat="45.6818134" lon="10.6345995">
      <ele>556.8004801773734</ele>
      <time>2026-08-29T21:54:51.207+02:00</time>
      <extensions>
        <activity type="STILL" conf="96" state="still" tsMs="1788033280853"/>
        <radio op="vodafone IT" rat="LTE" q="87.50" rsrp="-90" sinr="28" rsrq="-7"/>
        <radio op="I TIM" rat="LTE" q="60.00" rsrp="-95" sinr="15" rsrq="-13"/>
      </extensions>
    </trkpt>
    <trkpt lat="45.6818134" lon="10.6345997">
      <ele>556.6272744144534</ele>
      <time>2026-08-29T21:55:31.085+02:00</time>
      <extensions>
        <activity type="UNKNOWN" conf="40" state="unknown" tsMs="1788033325443"/>
        <radio op="vodafone IT" rat="LTE" q="87.50" rsrp="-90" sinr="26" rsrq="-7"/>
        <radio op="I TIM" rat="LTE" q="51.00" rsrp="-95" sinr="12" rsrq="-12"/>
      </extensions>
    </trkpt>
    <trkpt lat="45.6817237" lon="10.6345215">
      <ele>556.8289827257793</ele>
      <time>2026-08-29T21:56:03.922+02:00</time>
      <extensions>
        <activity type="UNKNOWN" conf="40" state="unknown" tsMs="1788033334251"/>
        <radio op="vodafone IT" rat="LTE" q="85.00" rsrp="-91" sinr="27" rsrq="-6"/>
        <radio op="I TIM" rat="LTE" q="67.20" rsrp="-93" sinr="16" rsrq="-12"/>
      </extensions>
    </trkpt>
    <trkpt lat="45.681959" lon="10.634775">
      <ele>556.7215505363265</ele>
      <time>2026-08-29T21:56:51.338+02:00</time>
      <extensions>
        <activity type="STILL" conf="55" state="still" tsMs="1788033408173"/>
        <radio op="vodafone IT" rat="LTE" q="90.00" rsrp="-89" sinr="26" rsrq="-5"/>
        <radio op="I TIM" rat="LTE" q="60.00" rsrp="-95" sinr="15" rsrq="-9"/>
      </extensions>
    </trkpt>
    <trkpt lat="45.6819642" lon="10.6347805">
      <ele>556.9934223496439</ele>
      <time>2026-08-29T21:57:25.976+02:00</time>
      <extensions>
        <activity type="UNKNOWN" conf="40" state="unknown" tsMs="1788033443442"/>
        <radio op="vodafone IT" rat="LTE" q="72.50" rsrp="-96" sinr="20" rsrq="-6"/>
        <radio op="I TIM" rat="LTE" q="77.50" rsrp="-94" sinr="22" rsrq="-11"/>
      </extensions>
    </trkpt>
    <trkpt lat="45.6817978" lon="10.6345728">
      <ele>556.8070576801582</ele>
      <time>2026-08-29T21:58:07.207+02:00</time>
      <extensions>
        <activity type="STILL" conf="99" state="still" tsMs="1788033487501"/>
        <radio op="vodafone IT" rat="LTE" q="92.50" rsrp="-88" sinr="29" rsrq="-6"/>
        <radio op="I TIM" rat="LTE" q="49.50" rsrp="-92" sinr="10" rsrq="-12"/>
      </extensions>
    </trkpt>
    <trkpt lat="45.6817962" lon="10.6345708">
      <ele>556.7610152663001</ele>
      <time>2026-08-29T21:58:44.038+02:00</time>
      <extensions>
        <activity type="STILL" conf="59" state="still" tsMs="1788033518451"/>
        <radio op="vodafone IT" rat="LTE" q="85.00" rsrp="-91" sinr="27" rsrq="-8"/>
        <radio op="I TIM" rat="LTE" q="69.00" rsrp="-95" sinr="18" rsrq="-13"/>
      </extensions>
    </trkpt>
    <trkpt lat="45.6816651" lon="10.6344897">
      <ele>556.693041926907</ele>
      <time>2026-08-29T21:59:37.195+02:00</time>
      <extensions>
        <activity type="UNKNOWN" conf="40" state="unknown" tsMs="1788033569844"/>
        <radio op="vodafone IT" rat="LTE" q="80.00" rsrp="-93" sinr="24" rsrq="-5"/>
        <radio op="I TIM" rat="LTE" q="68.20" rsrp="-94" sinr="17" rsrq="-11"/>
      </extensions>
    </trkpt>
    <trkpt lat="45.6816646" lon="10.6344894">
      <ele>556.9320297679653</ele>
      <time>2026-08-29T22:00:15.682+02:00</time>
      <extensions>
        <activity type="STILL" conf="96" state="still" tsMs="1788033609241"/>
        <radio op="vodafone IT" rat="LTE" q="70.00" rsrp="-97" sinr="23" rsrq="-7"/>
        <radio op="I TIM" rat="LTE" q="72.00" rsrp="-95" sinr="19" rsrq="-11"/>
      </extensions>
    </trkpt>
    <trkpt lat="45.681952" lon="10.6345235">
      <ele>557.0263112017838</ele>
      <time>2026-08-29T22:01:04.209+02:00</time>
      <extensions>
        <activity type="STILL" conf="78" state="still" tsMs="1788033669584"/>
        <radio op="vodafone IT" rat="LTE" q="87.50" rsrp="-90" sinr="26" rsrq="-6"/>
        <radio op="I TIM" rat="LTE" q="80.00" rsrp="-93" sinr="21" rsrq="-11"/>
      </extensions>
    </trkpt>
    <trkpt lat="45.6818697" lon="10.6343309">
      <ele>551.9517628582191</ele>
      <time>2026-08-29T22:01:59.208+02:00</time>
      <extensions>
        <activity type="UNKNOWN" conf="40" state="unknown" tsMs="1788033713862"/>
        <radio op="vodafone IT" rat="LTE" q="92.50" rsrp="-88" sinr="25" rsrq="-8"/>
        <radio op="I TIM" rat="LTE" q="65.10" rsrp="-94" sinr="16" rsrq="-12"/>
      </extensions>
    </trkpt>
    <trkpt lat="45.6817585" lon="10.6344223">
      <ele>551.888177463685</ele>
      <time>2026-08-29T22:02:35.208+02:00</time>
      <extensions>
        <activity type="UNKNOWN" conf="40" state="unknown" tsMs="1788033746992"/>
        <radio op="vodafone IT" rat="LTE" q="82.50" rsrp="-92" sinr="22" rsrq="-6"/>
        <radio op="I TIM" rat="LTE" q="47.60" rsrp="-91" sinr="9" rsrq="-7"/>
      </extensions>
    </trkpt>
    <trkpt lat="45.6818833" lon="10.6346107">
      <ele>545.0416589195681</ele>
      <time>2026-08-29T22:03:10.209+02:00</time>
      <extensions>
        <activity type="STILL" conf="97" state="still" tsMs="1788033790743"/>
        <radio op="vodafone IT" rat="LTE" q="80.00" rsrp="-93" sinr="24" rsrq="-9"/>
        <radio op="I TIM" rat="LTE" q="71.30" rsrp="-94" sinr="18" rsrq="-12"/>
      </extensions>
    </trkpt>
    <trkpt lat="45.6818715" lon="10.6346156">
      <ele>545.162251666415</ele>
      <time>2026-08-29T22:03:41.342+02:00</time>
      <extensions>
        <activity type="STILL" conf="84" state="still" tsMs="1788033816462"/>
        <radio op="vodafone IT" rat="LTE" q="82.50" rsrp="-92" sinr="26" rsrq="-9"/>
        <radio op="I TIM" rat="LTE" q="74.40" rsrp="-94" sinr="19" rsrq="-13"/>
      </extensions>
    </trkpt>
    <trkpt lat="45.6820967" lon="10.6346515">
      <ele>545.1578664459923</ele>
      <time>2026-08-29T22:04:29.209+02:00</time>
      <extensions>
        <activity type="STILL" conf="99" state="still" tsMs="1788033868883"/>
        <radio op="vodafone IT" rat="LTE" q="77.50" rsrp="-94" sinr="24" rsrq="-7"/>
        <radio op="I TIM" rat="LTE" q="72.00" rsrp="-95" sinr="19" rsrq="-13"/>
      </extensions>
    </trkpt>
    <trkpt lat="45.6820172" lon="10.6346856">
      <ele>545.219259735383</ele>
      <time>2026-08-29T22:05:05.209+02:00</time>
      <extensions>
        <activity type="STILL" conf="100" state="still" tsMs="1788033904725"/>
        <radio op="vodafone IT" rat="LTE" q="75.00" rsrp="-95" sinr="24" rsrq="-6"/>
        <radio op="I TIM" rat="LTE" q="80.00" rsrp="-93" sinr="20" rsrq="-12"/>
      </extensions>
    </trkpt>
    <trkpt lat="45.6817564" lon="10.6345068">
      <ele>545.1644442774635</ele>
      <time>2026-08-29T22:06:21.211+02:00</time>
      <extensions>
        <activity type="UNKNOWN" conf="40" state="unknown" tsMs="1788033965846"/>
        <radio op="vodafone IT" rat="LTE" q="85.00" rsrp="-91" sinr="26" rsrq="-6"/>
        <radio op="I TIM" rat="LTE" q="74.40" rsrp="-94" sinr="19" rsrq="-13"/>
      </extensions>
    </trkpt>
    <trkpt lat="45.6818542" lon="10.6345434">
      <ele>544.9429933844483</ele>
      <time>2026-08-29T22:07:12.232+02:00</time>
      <extensions>
        <activity type="UNKNOWN" conf="40" state="unknown" tsMs="1788034026882"/>
        <radio op="vodafone IT" rat="LTE" q="85.00" rsrp="-91" sinr="27" rsrq="-7"/>
        <radio op="I TIM" rat="LTE" q="82.50" rsrp="-92" sinr="20" rsrq="-11"/>
      </extensions>
    </trkpt>
    <trkpt lat="45.681854" lon="10.6345428">
      <ele>545.1118217665619</ele>
      <time>2026-08-29T22:07:44.879+02:00</time>
      <extensions>
        <activity type="UNKNOWN" conf="40" state="unknown" tsMs="1788034059456"/>
        <radio op="vodafone IT" rat="LTE" rsrp="-90" rsrq="-7"/>
        <radio op="I TIM" rat="LTE" q="80.00" rsrp="-93" sinr="21" rsrq="-12"/>
      </extensions>
    </trkpt>
    <trkpt lat="45.681859" lon="10.6343852">
      <ele>544.9912297268578</ele>
      <time>2026-08-29T22:08:22.211+02:00</time>
      <extensions>
        <activity type="STILL" conf="73" state="still" tsMs="1788034098210"/>
        <radio op="vodafone IT" rat="LTE" q="92.50" rsrp="-88" sinr="26" rsrq="-5"/>
        <radio op="I TIM" rat="LTE" q="54.40" rsrp="-93" sinr="12" rsrq="-11"/>
      </extensions>
    </trkpt>
    <trkpt lat="45.6818592" lon="10.6343812">
      <ele>545.0153479995204</ele>
      <time>2026-08-29T22:09:01.168+02:00</time>
      <extensions>
        <activity type="STILL" conf="96" state="still" tsMs="1788034140840"/>
        <radio op="vodafone IT" rat="LTE" q="92.50" rsrp="-88" sinr="26" rsrq="-8"/>
        <radio op="I TIM" rat="LTE" q="37.20" rsrp="-94" sinr="7" rsrq="-8"/>
      </extensions>
    </trkpt>
    <trkpt lat="45.681753" lon="10.6345268">
      <ele>544.8991423988496</ele>
      <time>2026-08-29T22:09:35.21+02:00</time>
      <extensions>
        <activity type="STILL" conf="100" state="still" tsMs="1788034175479"/>
        <radio op="vodafone IT" rat="LTE" q="77.50" rsrp="-94" sinr="20" rsrq="-7"/>
        <radio op="I TIM" rat="LTE" q="48.10" rsrp="-88" sinr="8" rsrq="-9"/>
      </extensions>
    </trkpt>
    <trkpt lat="45.6817522" lon="10.6345279">
      <ele>544.8443289812787</ele>
      <time>2026-08-29T22:10:13.947+02:00</time>
      <extensions>
        <activity type="STILL" conf="78" state="still" tsMs="1788034212487"/>
        <radio op="vodafone IT" rat="LTE" q="82.50" rsrp="-92" sinr="22" rsrq="-6"/>
        <radio op="I TIM" rat="LTE" q="70.00" rsrp="-90" sinr="15" rsrq="-11"/>
      </extensions>
    </trkpt>
    <trkpt lat="45.6817427" lon="10.6343902">
      <ele>545.0263108730903</ele>
      <time>2026-08-29T22:11:02.211+02:00</time>
      <extensions>
        <activity type="STILL" conf="42" state="still" tsMs="1788034267465"/>
        <radio op="vodafone IT" rat="LTE" q="85.00" rsrp="-91" sinr="25" rsrq="-10"/>
        <radio op="I TIM" rat="LTE" q="42.00" rsrp="-95" sinr="9" rsrq="-12"/>
      </extensions>
    </trkpt>
    <trkpt lat="45.6818927" lon="10.6345821">
      <ele>545.087703223342</ele>
      <time>2026-08-29T22:11:51.886+02:00</time>
      <extensions>
        <activity type="STILL" conf="97" state="still" tsMs="1788034305622"/>
        <radio op="vodafone IT" rat="LTE" q="92.00" rsrp="-84" sinr="18" rsrq="-8"/>
        <radio op="I TIM" rat="LTE" q="55.80" rsrp="-94" sinr="13" rsrq="-12"/>
      </extensions>
    </trkpt>
    <trkpt lat="45.6817857" lon="10.6345089">
      <ele>545.0855106318589</ele>
      <time>2026-08-29T22:12:56.21+02:00</time>
      <extensions>
        <activity type="STILL" conf="76" state="still" tsMs="1788034381495"/>
        <radio op="vodafone IT" rat="LTE" q="87.50" rsrp="-90" sinr="29" rsrq="-8"/>
        <radio op="I TIM" rat="LTE" q="72.00" rsrp="-95" sinr="19" rsrq="-12"/>
      </extensions>
    </trkpt>
    <trkpt lat="45.6817848" lon="10.6345082">
      <ele>541.2652968057869</ele>
      <time>2026-08-29T22:13:39.833+02:00</time>
      <extensions>
        <activity type="STILL" conf="97" state="still" tsMs="1788034414461"/>
        <radio op="vodafone IT" rat="LTE" q="92.50" rsrp="-88" sinr="29" rsrq="-9"/>
        <radio op="I TIM" rat="LTE" q="67.20" rsrp="-93" sinr="16" rsrq="-12"/>
      </extensions>
    </trkpt>
    <trkpt lat="45.6819034" lon="10.6346102">
      <ele>544.348617601974</ele>
      <time>2026-08-29T22:14:31.211+02:00</time>
      <extensions>
        <activity type="STILL" conf="99" state="still" tsMs="1788034464500"/>
        <radio op="vodafone IT" rat="LTE" q="87.50" rsrp="-90" sinr="28" rsrq="-7"/>
        <radio op="I TIM" rat="LTE" q="80.00" rsrp="-93" sinr="20" rsrq="-11"/>
      </extensions>
    </trkpt>
    <trkpt lat="45.6818472" lon="10.6345805">
      <ele>540.1008582182789</ele>
      <time>2026-08-29T22:15:14.212+02:00</time>
      <extensions>
        <activity type="STILL" conf="100" state="still" tsMs="1788034514719"/>
        <radio op="vodafone IT" rat="LTE" q="90.00" rsrp="-89" sinr="28" rsrq="-7"/>
        <radio op="I TIM" rat="LTE" q="72.00" rsrp="-95" sinr="19" rsrq="-11"/>
      </extensions>
    </trkpt>
    <trkpt lat="45.6818461" lon="10.6345799">
      <ele>540.2126806690655</ele>
      <time>2026-08-29T22:15:50.855+02:00</time>
      <extensions>
        <activity type="STILL" conf="96" state="still" tsMs="1788034550251"/>
        <radio op="vodafone IT" rat="LTE" q="92.50" rsrp="-88" sinr="28" rsrq="-8"/>
        <radio op="I TIM" rat="LTE" q="51.30" rsrp="-98" sinr="14" rsrq="-10"/>
      </extensions>
    </trkpt>
    <trkpt lat="45.6818861" lon="10.634594">
      <ele>541.0</ele>
      <time>2026-08-29T22:16:36.211+02:00</time>
      <extensions>
        <activity type="STILL" conf="71" state="still" tsMs="1788034590480"/>
        <radio op="vodafone IT" rat="LTE" q="82.50" rsrp="-92" sinr="27" rsrq="-9"/>
        <radio op="I TIM" rat="LTE" q="68.20" rsrp="-94" sinr="17" rsrq="-10"/>
      </extensions>
    </trkpt>
    <trkpt lat="45.6823795" lon="10.6346855">
      <ele>549.1934793995204</ele>
      <time>2026-08-29T22:23:36.214+02:00</time>
      <extensions>
        <activity type="ON_FOOT" conf="81" state="moving" tsMs="1788035037474"/>
        <radio op="vodafone IT" rat="LTE" q="90.00" rsrp="-89" sinr="30" rsrq="-5"/>
        <radio op="I TIM" rat="LTE" q="80.50" rsrp="-90" sinr="18" rsrq="-11"/>
      </extensions>
    </trkpt>
    <trkpt lat="45.6821573" lon="10.634969">
      <ele>530.5</ele>
      <time>2026-08-29T22:24:15.215+02:00</time>
      <extensions>
        <activity type="ON_FOOT" conf="90" state="moving" tsMs="1788035048251"/>
        <radio op="vodafone IT" rat="LTE" q="87.50" rsrp="-90" sinr="22" rsrq="-5"/>
        <radio op="I TIM" rat="LTE" q="74.10" rsrp="-86" sinr="14" rsrq="-10"/>
      </extensions>
    </trkpt>
    <trkpt lat="45.6821547" lon="10.6349722">
      <ele>526.1315337094786</ele>
      <time>2026-08-29T22:25:06.557+02:00</time>
      <extensions>
        <activity type="ON_FOOT" conf="88" state="moving" tsMs="1788035103922"/>
        <radio op="vodafone IT" rat="LTE" q="71.30" rsrp="-94" sinr="18" rsrq="-7"/>
        <radio op="I TIM" rat="LTE" q="66.00" rsrp="-92" sinr="15" rsrq="-12"/>
      </extensions>
    </trkpt>
    <trkpt lat="45.6822625" lon="10.6351832">
      <ele>526.1227727170078</ele>
      <time>2026-08-29T22:25:47.214+02:00</time>
      <extensions>
        <activity type="UNKNOWN" conf="40" state="unknown" tsMs="1788035143481"/>
        <radio op="vodafone IT" rat="LTE" q="72.50" rsrp="-96" sinr="21" rsrq="-7"/>
        <radio op="I TIM" rat="LTE" q="24.70" rsrp="-112" sinr="14" rsrq="-12"/>
      </extensions>
    </trkpt>
    <trkpt lat="45.6822627" lon="10.6351835">
      <ele>530.5</ele>
      <time>2026-08-29T22:26:24.167+02:00</time>
      <extensions>
        <activity type="ON_FOOT" conf="85" state="moving" tsMs="1788035179526"/>
        <radio op="vodafone IT" rat="LTE" rsrp="-86" rsrq="-7"/>
        <radio op="I TIM" rat="LTE" q="6.30" rsrp="-118" sinr="4" rsrq="-15"/>
      </extensions>
    </trkpt>
    <trkpt lat="45.6823504" lon="10.6347868">
      <ele>528.2534010411989</ele>
      <time>2026-08-29T22:26:56.993+02:00</time>
      <extensions>
        <activity type="ON_FOOT" conf="96" state="moving" tsMs="1788035211632"/>
        <radio op="vodafone IT" rat="LTE" q="100.00" rsrp="-85" sinr="27" rsrq="-7"/>
        <radio op="I TIM" rat="LTE" q="100.00" rsrp="-81" sinr="23" rsrq="-10"/>
      </extensions>
    </trkpt>
    <trkpt lat="45.6823509" lon="10.6347844">
      <ele>525.4492603994127</ele>
      <time>2026-08-29T22:27:27.757+02:00</time>
      <extensions>
        <activity type="ON_FOOT" conf="96" state="moving" tsMs="1788035243980"/>
        <radio op="vodafone IT" rat="LTE" q="100.00" rsrp="-85" sinr="30" rsrq="-6"/>
        <radio op="I TIM" rat="LTE" q="100.00" rsrp="-76" sinr="25" rsrq="-10"/>
      </extensions>
    </trkpt>
    <trkpt lat="45.6827759" lon="10.6355246">
      <ele>525.276357376631</ele>
      <time>2026-08-29T22:28:02.215+02:00</time>
      <extensions>
        <activity type="ON_FOOT" conf="95" state="moving" tsMs="1788035287516"/>
        <radio op="vodafone IT" rat="LTE" q="75.00" rsrp="-95" sinr="25" rsrq="-5"/>
        <radio op="I TIM" rat="LTE" q="85.80" rsrp="-86" sinr="17" rsrq="-10"/>
      </extensions>
    </trkpt>
    <trkpt lat="45.6827792" lon="10.6355303">
      <ele>524.744538223488</ele>
      <time>2026-08-29T22:28:42.22+02:00</time>
      <extensions>
        <activity type="ON_FOOT" conf="96" state="moving" tsMs="1788035319928"/>
        <radio op="vodafone IT" rat="LTE" q="80.00" rsrp="-93" sinr="22" rsrq="-7"/>
        <radio op="I TIM" rat="LTE" q="79.80" rsrp="-87" sinr="16" rsrq="-10"/>
      </extensions>
    </trkpt>
    <trkpt lat="45.6826099" lon="10.6353428">
      <ele>526.5832095027719</ele>
      <time>2026-08-29T22:29:27.476+02:00</time>
      <extensions>
        <activity type="ON_FOOT" conf="96" state="moving" tsMs="1788035359498"/>
        <radio op="vodafone IT" rat="LTE" q="64.60" rsrp="-91" sinr="14" rsrq="-8"/>
        <radio op="I TIM" rat="LTE" q="56.00" rsrp="-81" sinr="9" rsrq="-12"/>
      </extensions>
    </trkpt>
    <trkpt lat="45.6826081" lon="10.635341">
      <ele>525.3736697608886</ele>
      <time>2026-08-29T22:30:06.085+02:00</time>
      <extensions>
        <activity type="ON_FOOT" conf="96" state="moving" tsMs="1788035405290"/>
        <radio op="vodafone IT" rat="LTE" q="82.50" rsrp="-92" sinr="20" rsrq="-8"/>
        <radio op="I TIM" rat="LTE" q="88.00" rsrp="-84" sinr="17" rsrq="-11"/>
      </extensions>
    </trkpt>
    <trkpt lat="45.6826151" lon="10.6353586">
      <ele>521.6008586151652</ele>
      <time>2026-08-29T22:31:04.777+02:00</time>
      <extensions>
        <activity type="ON_FOOT" conf="81" state="moving" tsMs="1788035457446"/>
        <radio op="vodafone IT" rat="LTE" q="85.80" rsrp="-86" sinr="17" rsrq="-7"/>
        <radio op="I TIM" rat="LTE" q="56.00" rsrp="-81" sinr="9" rsrq="-10"/>
      </extensions>
    </trkpt>
    <trkpt lat="45.6849791" lon="10.6370939">
      <ele>522.9755789995253</ele>
      <time>2026-08-29T22:32:04.797+02:00</time>
      <extensions>
        <activity type="ON_FOOT" conf="96" state="moving" tsMs="1788035520888"/>
        <radio op="vodafone IT" rat="LTE" q="72.00" rsrp="-83" sinr="13" rsrq="-9"/>
        <radio op="I TIM" rat="LTE" rsrp="-85" rsrq="-17"/>
      </extensions>
    </trkpt>
    <trkpt lat="45.6849791" lon="10.6370939">
      <ele>523.3821361917237</ele>
      <time>2026-08-29T22:32:41.47+02:00</time>
      <extensions>
        <activity type="ON_FOOT" conf="90" state="moving" tsMs="1788035560198"/>
        <radio op="vodafone IT" rat="LTE" q="87.50" rsrp="-90" sinr="21" rsrq="-6"/>
        <radio op="I TIM" rat="LTE" q="100.00" rsrp="-79" sinr="28" rsrq="-12"/>
      </extensions>
    </trkpt>
    <trkpt lat="45.6830953" lon="10.6357679">
      <ele>522.9100070587772</ele>
      <time>2026-08-29T22:33:48.216+02:00</time>
      <extensions>
        <activity type="UNKNOWN" conf="40" state="unknown" tsMs="1788035633474"/>
        <radio op="vodafone IT" rat="LTE" q="80.00" rsrp="-93" sinr="22" rsrq="-10"/>
        <radio op="I TIM" rat="LTE" q="48.00" rsrp="-75" sinr="7" rsrq="-12"/>
      </extensions>
    </trkpt>
    <trkpt lat="45.6847056" lon="10.6362079">
      <ele>522.7045515485783</ele>
      <time>2026-08-29T22:34:27.181+02:00</time>
      <extensions>
        <activity type="IN_VEHICLE" conf="93" state="moving" tsMs="1788035666313"/>
        <radio op="vodafone IT" rat="LTE" q="81.40" rsrp="-88" sinr="17" rsrq="-7"/>
        <radio op="I TIM" rat="LTE" q="56.00" rsrp="-83" sinr="9" rsrq="-10"/>
      </extensions>
    </trkpt>
    <trkpt lat="45.6871661" lon="10.6388489">
      <ele>530.0</ele>
      <time>2026-08-29T22:35:04.228+02:00</time>
      <extensions>
        <activity type="IN_VEHICLE" conf="96" state="moving" tsMs="1788035698188"/>
        <radio op="vodafone IT" rat="LTE" q="36.00" rsrp="-107" sinr="15" rsrq="-7"/>
        <radio op="I TIM" rat="LTE" q="93.60" rsrp="-86" sinr="19" rsrq="-12"/>
      </extensions>
    </trkpt>
    <trkpt lat="45.6865576" lon="10.642014">
      <ele>517.0193157001374</ele>
      <time>2026-08-29T22:35:44.216+02:00</time>
      <extensions>
        <activity type="IN_VEHICLE" conf="91" state="moving" tsMs="1788035738486"/>
        <radio op="vodafone IT" rat="LTE" q="15.60" rsrp="-112" sinr="7" rsrq="-9"/>
        <radio op="I TIM" rat="LTE" q="31.90" rsrp="-96" sinr="6" rsrq="-11"/>
      </extensions>
    </trkpt>
    <trkpt lat="45.6869418" lon="10.6478778">
      <ele>485.5498394554004</ele>
      <time>2026-08-29T22:36:29.216+02:00</time>
      <extensions>
        <activity type="IN_VEHICLE" conf="94" state="moving" tsMs="1788035781470"/>
        <radio op="vodafone IT" rat="LTE" q="10.20" rsrp="-108" sinr="1" rsrq="-13"/>
        <radio op="I TIM" rat="LTE" q="7.00" rsrp="-115" sinr="2" rsrq="-14"/>
      </extensions>
    </trkpt>
    <trkpt lat="45.6864398" lon="10.6482831">
      <ele>455.6545068580598</ele>
      <time>2026-08-29T22:37:17.216+02:00</time>
      <extensions>
        <activity type="IN_VEHICLE" conf="87" state="moving" tsMs="1788035826411"/>
        <radio op="vodafone IT" rat="LTE" rsrp="-118" rsrq="-21"/>
        <radio op="I TIM" rat="LTE" rsrp="-115" rsrq="-14"/>
      </extensions>
    </trkpt>
    <trkpt lat="45.6843471" lon="10.6436334">
      <ele>431.9637973837634</ele>
      <time>2026-08-29T22:37:56.217+02:00</time>
      <extensions>
        <activity type="IN_VEHICLE" conf="96" state="moving" tsMs="1788035871553"/>
        <radio op="vodafone IT" rat="LTE" q="6.00" rsrp="-113" sinr="0" rsrq="-14"/>
        <radio op="I TIM" rat="LTE" rsrp="-114" rsrq="-14"/>
      </extensions>
    </trkpt>
    <trkpt lat="45.685532" lon="10.6480043">
      <ele>407.6221434366118</ele>
      <time>2026-08-29T22:38:37.217+02:00</time>
      <extensions>
        <activity type="IN_VEHICLE" conf="94" state="moving" tsMs="1788035929490"/>
        <radio op="vodafone IT" rat="LTE" rsrp="-119" rsrq="-21"/>
        <radio op="I TIM" rat="LTE" rsrp="-114" rsrq="-14"/>
      </extensions>
    </trkpt>
    <trkpt lat="45.6847623" lon="10.6476352">
      <ele>387.9095446453261</ele>
      <time>2026-08-29T22:39:18.218+02:00</time>
      <extensions>
        <activity type="IN_VEHICLE" conf="89" state="moving" tsMs="1788035951503"/>
        <radio op="vodafone IT" rat="LTE" rsrp="-117" rsrq="-21"/>
        <radio op="I TIM" rat="LTE" rsrp="-116" rsrq="-14"/>
      </extensions>
    </trkpt>
    <trkpt lat="45.6852839" lon="10.6495853">
      <ele>367.3254072919896</ele>
      <time>2026-08-29T22:40:06.217+02:00</time>
      <extensions>
        <activity type="IN_VEHICLE" conf="95" state="moving" tsMs="1788035994494"/>
        <radio op="vodafone IT" rat="LTE" rsrp="-116" rsrq="-17"/>
        <radio op="I TIM" rat="LTE" q="5.00" rsrp="-115" sinr="0" rsrq="-14"/>
      </extensions>
    </trkpt>
    <trkpt lat="45.6884061" lon="10.6535459">
      <ele>350.2152278018551</ele>
      <time>2026-08-29T22:40:47.218+02:00</time>
      <extensions>
        <activity type="IN_VEHICLE" conf="95" state="moving" tsMs="1788036039533"/>
        <radio op="vodafone IT" rat="LTE" rsrp="-115" rsrq="-18"/>
        <radio op="I TIM" rat="LTE" q="22.40" rsrp="-111" sinr="11" rsrq="-13"/>
      </extensions>
    </trkpt>
    <trkpt lat="45.6908599" lon="10.6573675">
      <ele>316.8648542993658</ele>
      <time>2026-08-29T22:41:27.218+02:00</time>
      <extensions>
        <activity type="IN_VEHICLE" conf="89" state="moving" tsMs="1788036082535"/>
        <radio op="vodafone IT" rat="LTE" rsrp="-119" rsrq="-14"/>
        <radio op="I TIM" rat="LTE" q="9.00" rsrp="-115" sinr="4" rsrq="-13"/>
      </extensions>
    </trkpt>
    <trkpt lat="45.6879325" lon="10.6547503">
      <ele>296.2987096847444</ele>
      <time>2026-08-29T22:42:10.218+02:00</time>
      <extensions>
        <activity type="IN_VEHICLE" conf="96" state="moving" tsMs="1788036125741"/>
        <radio op="vodafone IT" rat="LTE" rsrp="-117" rsrq="-20"/>
        <radio op="I TIM" rat="LTE" q="14.30" rsrp="-112" sinr="6" rsrq="-13"/>
      </extensions>
    </trkpt>
    <trkpt lat="45.6854787" lon="10.6527184">
      <ele>271.01075647345164</ele>
      <time>2026-08-29T22:42:54.217+02:00</time>
      <extensions>
        <activity type="IN_VEHICLE" conf="96" state="moving" tsMs="1788036168745"/>
        <radio op="vodafone IT" rat="LTE" rsrp="-116" rsrq="-16"/>
        <radio op="I TIM" rat="LTE" rsrp="-115" rsrq="-14"/>
      </extensions>
    </trkpt>
    <trkpt lat="45.6824151" lon="10.6498436">
      <ele>246.60756919456344</ele>
      <time>2026-08-29T22:43:36.216+02:00</time>
      <extensions>
        <activity type="IN_VEHICLE" conf="84" state="moving" tsMs="1788036211770"/>
        <radio op="vodafone IT" rat="LTE" rsrp="-116" rsrq="-15"/>
        <radio op="I TIM" rat="LTE" rsrp="-119" rsrq="-13"/>
      </extensions>
    </trkpt>
    <trkpt lat="45.6799744" lon="10.6486629">
      <ele>223.6074569346494</ele>
      <time>2026-08-29T22:44:22.216+02:00</time>
      <extensions>
        <activity type="IN_VEHICLE" conf="96" state="moving" tsMs="1788036254820"/>
        <radio op="vodafone IT" rat="LTE" rsrp="-117" rsrq="-18"/>
        <radio op="I TIM" rat="LTE" rsrp="-111" rsrq="-13"/>
      </extensions>
    </trkpt>
    <trkpt lat="45.6822812" lon="10.6510486">
      <ele>210.92148937469875</ele>
      <time>2026-08-29T22:45:03.217+02:00</time>
      <extensions>
        <activity type="IN_VEHICLE" conf="96" state="moving" tsMs="1788036299516"/>
        <radio op="vodafone IT" rat="LTE" rsrp="-119" rsrq="-18"/>
        <radio op="I TIM" rat="LTE" q="9.60" rsrp="-117" sinr="7" rsrq="-14"/>
      </extensions>
    </trkpt>
    <trkpt lat="45.6841881" lon="10.6543415">
      <ele>188.4979201522765</ele>
      <time>2026-08-29T22:45:44.218+02:00</time>
      <extensions>
        <activity type="IN_VEHICLE" conf="94" state="moving" tsMs="1788036351247"/>
        <radio op="vodafone IT" rat="LTE" q="4.00" rsrp="-117" sinr="0" rsrq="-14"/>
        <radio op="I TIM" rat="LTE" q="7.70" rsrp="-114" sinr="2" rsrq="-13"/>
      </extensions>
    </trkpt>
    <trkpt lat="45.6853181" lon="10.6574122">
      <ele>176.95529231573886</ele>
      <time>2026-08-29T22:46:27.217+02:00</time>
      <extensions>
        <activity type="IN_VEHICLE" conf="83" state="moving" tsMs="1788036394347"/>
        <radio op="vodafone IT" rat="LTE" q="36.10" rsrp="-106" sinr="14" rsrq="-12"/>
        <radio op="I TIM" rat="LTE" q="4.50" rsrp="-116" sinr="0" rsrq="-13"/>
      </extensions>
    </trkpt>
    <trkpt lat="45.6886942" lon="10.6620689">
      <ele>140.98567735563967</ele>
      <time>2026-08-29T22:47:40.229+02:00</time>
      <extensions>
        <activity type="IN_VEHICLE" conf="96" state="moving" tsMs="1788036459142"/>
        <radio op="vodafone IT" rat="LTE" q="22.10" rsrp="-108" sinr="8" rsrq="-10"/>
        <radio op="I TIM" rat="LTE" q="16.10" rsrp="-102" sinr="2" rsrq="-13"/>
      </extensions>
    </trkpt>
    <trkpt lat="45.6854857" lon="10.6592591">
      <ele>132.37597803962979</ele>
      <time>2026-08-29T22:48:30.216+02:00</time>
      <extensions>
        <activity type="IN_VEHICLE" conf="87" state="moving" tsMs="1788036523506"/>
        <radio op="vodafone IT" rat="LTE" q="4.00" rsrp="-117" sinr="0" rsrq="-15"/>
        <radio op="I TIM" rat="LTE" rsrp="-122" rsrq="-15"/>
      </extensions>
    </trkpt>
    <trkpt lat="45.6824396" lon="10.6557263">
      <ele>135.36958769025904</ele>
      <time>2026-08-29T22:49:04.217+02:00</time>
      <extensions>
        <activity type="IN_VEHICLE" conf="93" state="moving" tsMs="1788036540390"/>
        <radio op="vodafone IT" rat="LTE" rsrp="-127" rsrq="-15"/>
        <radio op="I TIM" rat="LTE" q="4.20" rsrp="-118" sinr="1" rsrq="-15"/>
      </extensions>
    </trkpt>
    <trkpt lat="45.6763614" lon="10.6522632">
      <ele>129.8000030517578</ele>
      <time>2026-08-29T22:49:59.217+02:00</time>
      <extensions>
        <activity type="IN_VEHICLE" conf="96" state="moving" tsMs="1788036595505"/>
        <radio op="vodafone IT" rat="LTE" rsrp="-128" rsrq="-16"/>
        <radio op="I TIM" rat="LTE" rsrp="-130" rsrq="-18"/>
      </extensions>
    </trkpt>
    <trkpt lat="45.6730801" lon="10.6505402">
      <ele>137.95353666115878</ele>
      <time>2026-08-29T22:51:16.678+02:00</time>
      <extensions>
        <activity type="UNKNOWN" conf="40" state="unknown" tsMs="1788036676346"/>
        <radio op="vodafone IT" rat="LTE" q="22.10" rsrp="-108" sinr="8" rsrq="-9"/>
        <radio op="I TIM" rat="LTE" q="2.50" rsrp="-120" sinr="0" rsrq="-15"/>
      </extensions>
    </trkpt>
    <trkpt lat="45.6669694" lon="10.6482032">
      <ele>151.5118723776622</ele>
      <time>2026-08-29T22:51:56.218+02:00</time>
      <extensions>
        <activity type="IN_VEHICLE" conf="96" state="moving" tsMs="1788036708887"/>
        <radio op="vodafone IT" rat="LTE" rsrp="-108" rsrq="-15"/>
        <radio op="I TIM" rat="LTE" q="11.20" rsrp="-109" sinr="2" rsrq="-13"/>
      </extensions>
    </trkpt>
    <trkpt lat="45.6600932" lon="10.6402932">
      <ele>142.57359677591955</ele>
      <time>2026-08-29T22:52:46.217+02:00</time>
      <extensions>
        <activity type="IN_VEHICLE" conf="97" state="moving" tsMs="1788036779508"/>
        <radio op="vodafone IT" rat="LTE" rsrp="-115" rsrq="-17"/>
        <radio op="I TIM" rat="LTE" rsrp="-118" rsrq="-19"/>
      </extensions>
    </trkpt>
    <trkpt lat="45.6481498" lon="10.6220572">
      <ele>123.56349945202112</ele>
      <time>2026-08-29T22:54:28.217+02:00</time>
      <extensions>
        <activity type="IN_VEHICLE" conf="96" state="moving" tsMs="1788036861143"/>
        <radio op="vodafone IT" rat="LTE" q="35.00" rsrp="-100" sinr="9" rsrq="-11"/>
        <radio op="I TIM" rat="LTE" q="18.00" rsrp="-107" sinr="5" rsrq="-12"/>
      </extensions>
    </trkpt>
    <trkpt lat="45.6420542" lon="10.6136859">
      <ele>129.1999969482422</ele>
      <time>2026-08-29T22:55:38.973+02:00</time>
      <extensions>
        <activity type="IN_VEHICLE" conf="90" state="moving" tsMs="1788036938632"/>
        <radio op="vodafone IT" rat="LTE" q="9.60" rsrp="-113" sinr="3" rsrq="-15"/>
        <radio op="I TIM" rat="LTE" q="23.40" rsrp="-107" sinr="8" rsrq="-13"/>
      </extensions>
    </trkpt>
    <trkpt lat="45.6409645" lon="10.6082804">
      <ele>127.4000015258789</ele>
      <time>2026-08-29T22:56:16.316+02:00</time>
      <extensions>
        <activity type="IN_VEHICLE" conf="91" state="moving" tsMs="1788036975880"/>
        <radio op="vodafone IT" rat="LTE" q="95.00" rsrp="-87" sinr="22" rsrq="-11"/>
        <radio op="I TIM" rat="LTE" q="14.40" rsrp="-107" sinr="3" rsrq="-13"/>
      </extensions>
    </trkpt>
    <trkpt lat="45.6373895" lon="10.6064745">
      <ele>123.83019149865684</ele>
      <time>2026-08-29T22:56:54.186+02:00</time>
      <extensions>
        <activity type="IN_VEHICLE" conf="92" state="moving" tsMs="1788037010783"/>
        <radio op="vodafone IT" rat="LTE" q="31.20" rsrp="-86" sinr="3" rsrq="-13"/>
        <radio op="I TIM" rat="LTE" rsrp="-117" rsrq="-17"/>
      </extensions>
    </trkpt>
    <trkpt lat="45.6355957" lon="10.6027339">
      <ele>119.19999694824219</ele>
      <time>2026-08-29T22:57:25.357+02:00</time>
      <extensions>
        <activity type="IN_VEHICLE" conf="87" state="moving" tsMs="1788037039888"/>
        <radio op="vodafone IT" rat="LTE" q="32.40" rsrp="-98" sinr="7" rsrq="-8"/>
        <radio op="I TIM" rat="LTE" rsrp="-122" rsrq="-18"/>
      </extensions>
    </trkpt>
    <trkpt lat="45.6356627" lon="10.5991783">
      <ele>113.58880454988687</ele>
      <time>2026-08-29T22:58:01.125+02:00</time>
      <extensions>
        <activity type="IN_VEHICLE" conf="91" state="moving" tsMs="1788037078522"/>
        <radio op="vodafone IT" rat="LTE" rsrp="-113" rsrq="-14"/>
        <radio op="I TIM" rat="LTE" rsrp="-120" rsrq="-20"/>
      </extensions>
    </trkpt>
    <trkpt lat="45.6331292" lon="10.592077">
      <ele>114.69999694824219</ele>
      <time>2026-08-29T22:58:44.218+02:00</time>
      <extensions>
        <activity type="IN_VEHICLE" conf="92" state="moving" tsMs="1788037118520"/>
        <radio op="vodafone IT" rat="LTE" rsrp="-114" rsrq="-18"/>
        <radio op="I TIM" rat="LTE" rsrp="-115" rsrq="-15"/>
      </extensions>
    </trkpt>
    <trkpt lat="45.6262215" lon="10.5833312">
      <ele>122.30000305175781</ele>
      <time>2026-08-29T22:59:59.469+02:00</time>
      <extensions>
        <activity type="IN_VEHICLE" conf="96" state="moving" tsMs="1788037197527"/>
        <radio op="vodafone IT" rat="LTE" rsrp="-110" rsrq="-14"/>
        <radio op="I TIM" rat="LTE" rsrp="-106" rsrq="-13"/>
      </extensions>
    </trkpt>
    <trkpt lat="45.6258983" lon="10.5779007">
      <ele>122.80000305175781</ele>
      <time>2026-08-29T23:00:30.681+02:00</time>
      <extensions>
        <activity type="IN_VEHICLE" conf="86" state="moving" tsMs="1788037225029"/>
        <radio op="vodafone IT" rat="LTE" q="3.00" rsrp="-120" sinr="1" rsrq="-14"/>
        <radio op="I TIM" rat="LTE" q="3.50" rsrp="-120" sinr="2" rsrq="-14"/>
      </extensions>
    </trkpt>
    <trkpt lat="45.6239577" lon="10.5724728">
      <ele>120.80000305175781</ele>
      <time>2026-08-29T23:01:04.032+02:00</time>
      <extensions>
        <activity type="IN_VEHICLE" conf="93" state="moving" tsMs="1788037261989"/>
        <radio op="vodafone IT" rat="LTE" q="9.60" rsrp="-113" sinr="3" rsrq="-14"/>
        <radio op="I TIM" rat="LTE" rsrp="-122" rsrq="-18"/>
      </extensions>
    </trkpt>
    <trkpt lat="45.6239139" lon="10.572242">
      <ele>120.80000305175781</ele>
      <time>2026-08-29T23:01:05.031+02:00</time>
      <extensions>
        <activity type="IN_VEHICLE" conf="97" state="moving" tsMs="1788037283584"/>
        <radio op="vodafone IT" rat="LTE" q="35.00" rsrp="-100" sinr="9" rsrq="-11"/>
        <radio op="I TIM" rat="LTE" q="5.50" rsrp="-114" sinr="0" rsrq="-15"/>
      </extensions>
    </trkpt>
    <trkpt lat="45.619426" lon="10.564442">
      <ele>114.43640237070264</ele>
      <time>2026-08-29T23:02:11.603+02:00</time>
      <extensions>
        <activity type="IN_VEHICLE" conf="96" state="moving" tsMs="1788037331057"/>
        <radio op="vodafone IT" rat="LTE" q="13.50" rsrp="-110" sinr="4" rsrq="-12"/>
        <radio op="I TIM" rat="LTE" q="21.60" rsrp="-107" sinr="7" rsrq="-13"/>
      </extensions>
    </trkpt>
    <trkpt lat="45.6178942" lon="10.5580241">
      <ele>120.56967139785134</ele>
      <time>2026-08-29T23:03:08.134+02:00</time>
      <extensions>
        <activity type="IN_VEHICLE" conf="89" state="moving" tsMs="1788037387602"/>
        <radio op="vodafone IT" rat="LTE" q="60.00" rsrp="-101" sinr="21" rsrq="-12"/>
        <radio op="I TIM" rat="LTE" q="48.00" rsrp="-95" sinr="11" rsrq="-13"/>
      </extensions>
    </trkpt>
    <trkpt lat="45.6173617" lon="10.5571433">
      <ele>120.58010976070551</ele>
      <time>2026-08-29T23:03:15.032+02:00</time>
      <extensions>
        <activity type="IN_VEHICLE" conf="89" state="moving" tsMs="1788037387602"/>
        <radio op="vodafone IT" rat="LTE" q="67.50" rsrp="-98" sinr="21" rsrq="-10"/>
        <radio op="I TIM" rat="LTE" q="64.80" rsrp="-98" sinr="19" rsrq="-13"/>
      </extensions>
    </trkpt>
    <trkpt lat="45.6144285" lon="10.5507427">
      <ele>122.9000015258789</ele>
      <time>2026-08-29T23:03:54.901+02:00</time>
      <extensions>
        <activity type="IN_VEHICLE" conf="74" state="moving" tsMs="1788037430555"/>
        <radio op="vodafone IT" rat="LTE" rsrp="-104" rsrq="-10"/>
        <radio op="I TIM" rat="LTE" q="17.10" rsrp="-106" sinr="4" rsrq="-14"/>
      </extensions>
    </trkpt>
    <trkpt lat="45.6094482" lon="10.5333081">
      <ele>153.778096785437</ele>
      <time>2026-08-29T23:05:43.54+02:00</time>
      <extensions>
        <activity type="IN_VEHICLE" conf="93" state="moving" tsMs="1788037572875"/>
        <radio op="vodafone IT" rat="LTE" q="28.80" rsrp="-93" sinr="4" rsrq="-10"/>
        <radio op="I TIM" rat="LTE" rsrp="-112" rsrq="-15"/>
      </extensions>
    </trkpt>
    <trkpt lat="45.6085449" lon="10.5261626">
      <ele>161.1771746306457</ele>
      <time>2026-08-29T23:06:33.033+02:00</time>
      <extensions>
        <activity type="UNKNOWN" conf="40" state="unknown" tsMs="1788037611602"/>
        <radio op="vodafone IT" rat="LTE" q="16.20" rsrp="-98" sinr="1" rsrq="-13"/>
        <radio op="I TIM" rat="LTE" rsrp="-102" rsrq="-13"/>
      </extensions>
    </trkpt>
    <trkpt lat="45.6107289" lon="10.5166747">
      <ele>157.8385196832927</ele>
      <time>2026-08-29T23:07:29.033+02:00</time>
      <extensions>
        <activity type="IN_VEHICLE" conf="93" state="moving" tsMs="1788037662028"/>
        <radio op="vodafone IT" rat="LTE" q="16.20" rsrp="-98" sinr="1" rsrq="-12"/>
        <radio op="I TIM" rat="LTE" rsrp="-111" rsrq="-12"/>
      </extensions>
    </trkpt>
    <trkpt lat="45.6117046" lon="10.5091828">
      <ele>159.2015074164134</ele>
      <time>2026-08-29T23:08:15.034+02:00</time>
      <extensions>
        <activity type="IN_VEHICLE" conf="96" state="moving" tsMs="1788037689276"/>
        <radio op="vodafone IT" rat="LTE" q="39.60" rsrp="-92" sinr="7" rsrq="-10"/>
        <radio op="I TIM" rat="LTE" rsrp="-104" rsrq="-13"/>
      </extensions>
    </trkpt>
    <trkpt lat="45.610145" lon="10.4950852">
      <ele>204.1077817642739</ele>
      <time>2026-08-29T23:09:45.032+02:00</time>
      <extensions>
        <activity type="IN_VEHICLE" conf="77" state="moving" tsMs="1788037779097"/>
        <radio op="vodafone IT" rat="LTE" q="18.70" rsrp="-108" sinr="6" rsrq="-13"/>
        <radio op="I TIM" rat="LTE" rsrp="-124" rsrq="-19"/>
      </extensions>
    </trkpt>
    <trkpt lat="45.6123565" lon="10.4891605">
      <ele>232.17134861696897</ele>
      <time>2026-08-29T23:10:19.171+02:00</time>
      <extensions>
        <activity type="UNKNOWN" conf="40" state="unknown" tsMs="1788037815014"/>
        <radio op="vodafone IT" rat="LTE" rsrp="-109" rsrq="-10"/>
        <radio op="I TIM" rat="LTE" rsrp="-115" rsrq="-15"/>
      </extensions>
    </trkpt>
    <trkpt lat="45.6123072" lon="10.4883273">
      <ele>232.17134861696897</ele>
      <time>2026-08-29T23:10:25.032+02:00</time>
      <extensions>
        <activity type="UNKNOWN" conf="40" state="unknown" tsMs="1788037830598"/>
        <radio op="vodafone IT" rat="LTE" q="11.90" rsrp="-108" sinr="2" rsrq="-9"/>
        <radio op="I TIM" rat="LTE" rsrp="-120" rsrq="-19"/>
      </extensions>
    </trkpt>
    <trkpt lat="45.6057748" lon="10.4670836">
      <ele>262.03717833567123</ele>
      <time>2026-08-29T23:12:39.034+02:00</time>
      <extensions>
        <activity type="IN_VEHICLE" conf="96" state="moving" tsMs="1788037958353"/>
        <radio op="vodafone IT" rat="LTE" q="44.10" rsrp="-104" sinr="16" rsrq="-5"/>
        <radio op="I TIM" rat="LTE" q="70.40" rsrp="-93" sinr="17" rsrq="-8"/>
      </extensions>
    </trkpt>
    <trkpt lat="45.6047437" lon="10.4638705">
      <ele>259.28078140694834</ele>
      <time>2026-08-29T23:13:17.947+02:00</time>
      <extensions>
        <activity type="IN_VEHICLE" conf="91" state="moving" tsMs="1788037996801"/>
        <radio op="vodafone IT" rat="LTE" q="100.00" rsrp="-81" sinr="26" rsrq="-4"/>
        <radio op="I TIM" rat="LTE" q="100.00" rsrp="-78" sinr="25" rsrq="-7"/>
      </extensions>
    </trkpt>
    <trkpt lat="45.6049303" lon="10.4637142">
      <ele>259.28078140694834</ele>
      <time>2026-08-29T23:13:28.033+02:00</time>
      <extensions>
        <activity type="IN_VEHICLE" conf="91" state="moving" tsMs="1788037996801"/>
        <radio op="vodafone IT" rat="LTE" q="100.00" rsrp="-82" sinr="27" rsrq="-6"/>
        <radio op="I TIM" rat="LTE" q="84.00" rsrp="-85" sinr="16" rsrq="-9"/>
      </extensions>
    </trkpt>
    <trkpt lat="45.6037532" lon="10.4585841">
      <ele>257.84245853667966</ele>
      <time>2026-08-29T23:13:59.31+02:00</time>
      <extensions>
        <activity type="UNKNOWN" conf="40" state="unknown" tsMs="1788038034525"/>
        <radio op="vodafone IT" rat="LTE" q="100.00" rsrp="-83" sinr="28" rsrq="-11"/>
        <radio op="I TIM" rat="LTE" q="90.00" rsrp="-89" sinr="24" rsrq="-10"/>
      </extensions>
    </trkpt>
    <trkpt lat="45.6022785" lon="10.4549664">
      <ele>254.10613865054592</ele>
      <time>2026-08-29T23:14:39.839+02:00</time>
      <extensions>
        <activity type="IN_VEHICLE" conf="87" state="moving" tsMs="1788038077857"/>
        <radio op="vodafone IT" rat="LTE" q="24.00" rsrp="-110" sinr="11" rsrq="-10"/>
        <radio op="I TIM" rat="LTE" rsrp="-108" rsrq="-15"/>
      </extensions>
    </trkpt>
    <trkpt lat="45.6019321" lon="10.4546025">
      <ele>254.10613865054592</ele>
      <time>2026-08-29T23:14:47.034+02:00</time>
      <extensions>
        <activity type="IN_VEHICLE" conf="87" state="moving" tsMs="1788038077857"/>
        <radio op="vodafone IT" rat="LTE" q="16.50" rsrp="-110" sinr="6" rsrq="-8"/>
        <radio op="I TIM" rat="LTE" rsrp="-107" rsrq="-14"/>
      </extensions>
    </trkpt>
    <trkpt lat="45.6027813" lon="10.453486">
      <ele>253.2265872756158</ele>
      <time>2026-08-29T23:15:17.756+02:00</time>
      <extensions>
        <activity type="IN_VEHICLE" conf="82" state="moving" tsMs="1788038112621"/>
        <radio op="vodafone IT" rat="LTE" rsrp="-112" rsrq="-14"/>
        <radio op="I TIM" rat="LTE" rsrp="-113" rsrq="-12"/>
      </extensions>
    </trkpt>
    <trkpt lat="45.6026098" lon="10.4538148">
      <ele>253.48310930800525</ele>
      <time>2026-08-29T23:16:08.034+02:00</time>
      <extensions>
        <activity type="UNKNOWN" conf="40" state="unknown" tsMs="1788038156020"/>
        <radio op="vodafone IT" rat="LTE" q="48.00" rsrp="-101" sinr="15" rsrq="-8"/>
        <radio op="I TIM" rat="LTE" q="45.60" rsrp="-101" sinr="14" rsrq="-7"/>
      </extensions>
    </trkpt>
    <trkpt lat="45.6025604" lon="10.4539252">
      <ele>253.20114749109595</ele>
      <time>2026-08-29T23:16:59.034+02:00</time>
      <extensions>
        <activity type="UNKNOWN" conf="40" state="unknown" tsMs="1788038215626"/>
        <radio op="vodafone IT" rat="LTE" q="40.80" rsrp="-101" sinr="12" rsrq="-8"/>
        <radio op="I TIM" rat="LTE" q="23.10" rsrp="-104" sinr="6" rsrq="-10"/>
      </extensions>
    </trkpt>
    <trkpt lat="45.6025971" lon="10.4537343">
      <ele>253.6357541485575</ele>
      <time>2026-08-29T23:17:43.697+02:00</time>
      <extensions>
        <activity type="UNKNOWN" conf="40" state="unknown" tsMs="1788038261285"/>
        <radio op="vodafone IT" rat="LTE" q="17.00" rsrp="-108" sinr="5" rsrq="-12"/>
        <radio op="I TIM" rat="LTE" q="22.10" rsrp="-108" sinr="8" rsrq="-12"/>
      </extensions>
    </trkpt>
    <trkpt lat="45.6025499" lon="10.4536765">
      <ele>254.51769508588222</ele>
      <time>2026-08-29T23:18:17.389+02:00</time>
      <extensions>
        <activity type="ON_FOOT" conf="83" state="moving" tsMs="1788038297043"/>
        <radio op="vodafone IT" rat="LTE" q="26.60" rsrp="-106" sinr="9" rsrq="-9"/>
        <radio op="I TIM" rat="LTE" q="30.80" rsrp="-103" sinr="9" rsrq="-11"/>
      </extensions>
    </trkpt>
    <trkpt lat="45.6025475" lon="10.4536779">
      <ele>256.6584519564656</ele>
      <time>2026-08-29T23:18:49.848+02:00</time>
      <extensions>
        <activity type="STILL" conf="49" state="still" tsMs="1788038326623"/>
        <radio op="vodafone IT" rat="LTE" q="27.60" rsrp="-102" sinr="7" rsrq="-8"/>
        <radio op="I TIM" rat="LTE" q="28.80" rsrp="-101" sinr="7" rsrq="-10"/>
      </extensions>
    </trkpt>
    <trkpt lat="45.6025559" lon="10.453689">
      <ele>258.82400204047065</ele>
      <time>2026-08-29T23:19:41.709+02:00</time>
      <extensions>
        <activity type="UNKNOWN" conf="40" state="unknown" tsMs="1788038376618"/>
        <radio op="vodafone IT" rat="LTE" rsrp="-115" rsrq="-13"/>
        <radio op="I TIM" rat="LTE" rsrp="-116" rsrq="-13"/>
      </extensions>
    </trkpt>
    <trkpt lat="45.6025633" lon="10.453839">
      <ele>261.5</ele>
      <time>2026-08-29T23:20:23.08+02:00</time>
      <extensions>
        <activity type="ON_FOOT" conf="90" state="moving" tsMs="1788038422598"/>
        <radio op="vodafone IT" rat="LTE" q="12.60" rsrp="-104" sinr="1" rsrq="-10"/>
        <radio op="I TIM" rat="LTE" q="8.40" rsrp="-113" sinr="2" rsrq="-12"/>
      </extensions>
    </trkpt>
    <trkpt lat="45.6025511" lon="10.4536728">
      <ele>261.5</ele>
      <time>2026-08-29T23:20:57.844+02:00</time>
      <extensions>
        <activity type="ON_FOOT" conf="84" state="moving" tsMs="1788038455640"/>
        <radio op="vodafone IT" rat="LTE" q="6.00" rsrp="-115" sinr="1" rsrq="-11"/>
        <radio op="I TIM" rat="LTE" q="5.40" rsrp="-116" sinr="1" rsrq="-15"/>
      </extensions>
    </trkpt>
    <trkpt lat="45.6025992" lon="10.4537323">
      <ele>261.5</ele>
      <time>2026-08-29T23:21:49.914+02:00</time>
      <extensions>
        <activity type="UNKNOWN" conf="40" state="unknown" tsMs="1788038507493"/>
        <radio op="vodafone IT" rat="LTE" rsrp="-115" rsrq="-12"/>
        <radio op="I TIM" rat="LTE" q="8.40" rsrp="-111" sinr="1" rsrq="-12"/>
      </extensions>
    </trkpt>
    <trkpt lat="45.6025519" lon="10.4536628">
      <ele>261.5</ele>
      <time>2026-08-29T23:22:25.095+02:00</time>
      <extensions>
        <activity type="UNKNOWN" conf="40" state="unknown" tsMs="1788038540938"/>
        <radio op="vodafone IT" rat="LTE" q="4.00" rsrp="-120" sinr="3" rsrq="-12"/>
        <radio op="I TIM" rat="LTE" rsrp="-117" rsrq="-14"/>
      </extensions>
    </trkpt>
    <trkpt lat="45.6025541" lon="10.4536814">
      <ele>261.5</ele>
      <time>2026-08-29T23:23:23.673+02:00</time>
      <extensions>
        <activity type="UNKNOWN" conf="40" state="unknown" tsMs="1788038602628"/>
        <radio op="vodafone IT" rat="LTE" q="9.60" rsrp="-113" sinr="3" rsrq="-14"/>
        <radio op="I TIM" rat="LTE" q="11.20" rsrp="-118" sinr="11" rsrq="-12"/>
      </extensions>
    </trkpt>
    <trkpt lat="45.6025521" lon="10.4536783">
      <ele>261.5</ele>
      <time>2026-08-29T23:24:26.077+02:00</time>
      <extensions>
        <activity type="ON_FOOT" conf="86" state="moving" tsMs="1788038665709"/>
        <radio op="vodafone IT" rat="LTE" q="2.50" rsrp="-120" sinr="0" rsrq="-12"/>
        <radio op="I TIM" rat="LTE" rsrp="-116" rsrq="-15"/>
      </extensions>
    </trkpt>
    <trkpt lat="45.6025794" lon="10.4537095">
      <ele>261.5</ele>
      <time>2026-08-29T23:25:27.302+02:00</time>
      <extensions>
        <activity type="UNKNOWN" conf="40" state="unknown" tsMs="1788038725642"/>
        <radio op="vodafone IT" rat="LTE" rsrp="-116" rsrq="-13"/>
        <radio op="I TIM" rat="LTE" rsrp="-121" rsrq="-12"/>
      </extensions>
    </trkpt>
    <trkpt lat="45.602611" lon="10.4538181">
      <ele>261.5</ele>
      <time>2026-08-29T23:26:11.034+02:00</time>
      <extensions>
        <activity type="UNKNOWN" conf="40" state="unknown" tsMs="1788038769235"/>
        <radio op="vodafone IT" rat="LTE" rsrp="-121" rsrq="-12"/>
        <radio op="I TIM" rat="LTE" q="26.40" rsrp="-103" sinr="7" rsrq="-12"/>
      </extensions>
    </trkpt>
    <trkpt lat="45.6025535" lon="10.4536911">
      <ele>261.5</ele>
      <time>2026-08-29T23:26:59.816+02:00</time>
      <extensions>
        <activity type="UNKNOWN" conf="40" state="unknown" tsMs="1788038811979"/>
        <radio op="vodafone IT" rat="LTE" q="8.00" rsrp="-115" sinr="3" rsrq="-12"/>
        <radio op="I TIM" rat="LTE" rsrp="-114" rsrq="-13"/>
      </extensions>
    </trkpt>
    <trkpt lat="45.6025528" lon="10.453686">
      <ele>261.5</ele>
      <time>2026-08-29T23:27:35.762+02:00</time>
      <extensions>
        <activity type="UNKNOWN" conf="40" state="unknown" tsMs="1788038855489"/>
        <radio op="vodafone IT" rat="LTE" q="4.80" rsrp="-117" sinr="1" rsrq="-11"/>
        <radio op="I TIM" rat="LTE" q="11.00" rsrp="-115" sinr="6" rsrq="-11"/>
      </extensions>
    </trkpt>
    <trkpt lat="45.6025647" lon="10.4537024">
      <ele>261.5</ele>
      <time>2026-08-29T23:28:20.88+02:00</time>
      <extensions>
        <activity type="STILL" conf="50" state="still" tsMs="1788038897957"/>
        <radio op="vodafone IT" rat="LTE" q="5.60" rsrp="-118" sinr="3" rsrq="-10"/>
        <radio op="I TIM" rat="LTE" rsrp="-118" rsrq="-12"/>
      </extensions>
    </trkpt>
    <trkpt lat="45.6025546" lon="10.453685">
      <ele>261.5</ele>
      <time>2026-08-29T23:29:14.905+02:00</time>
      <extensions>
        <activity type="STILL" conf="96" state="still" tsMs="1788038950986"/>
        <radio op="vodafone IT" rat="LTE" q="4.80" rsrp="-119" sinr="3" rsrq="-9"/>
        <radio op="I TIM" rat="LTE" rsrp="-117" rsrq="-16"/>
      </extensions>
    </trkpt>
    <trkpt lat="45.6025503" lon="10.4536878">
      <ele>261.5</ele>
      <time>2026-08-29T23:29:46.553+02:00</time>
      <extensions>
        <activity type="STILL" conf="94" state="still" tsMs="1788038983068"/>
        <radio op="vodafone IT" rat="LTE" rsrp="-123" rsrq="-17"/>
        <radio op="I TIM" rat="LTE" q="5.60" rsrp="-117" sinr="2" rsrq="-10"/>
      </extensions>
    </trkpt>
    <trkpt lat="45.602553" lon="10.4536804">
      <ele>261.5</ele>
      <time>2026-08-29T23:42:03.232+02:00</time>
      <extensions>
        <activity type="IN_VEHICLE" conf="71" state="moving" tsMs="1788039722671"/>
        <radio op="vodafone IT" rat="LTE" q="28.00" rsrp="-111" sinr="15" rsrq="-8"/>
        <radio op="I TIM" rat="LTE" q="9.10" rsrp="-112" sinr="2" rsrq="-14"/>
      </extensions>
    </trkpt>
    <trkpt lat="45.6025528" lon="10.45368">
      <ele>261.5</ele>
      <time>2026-08-29T23:43:04.762+02:00</time>
      <extensions>
        <activity type="STILL" conf="99" state="still" tsMs="1788039782025"/>
        <radio op="vodafone IT" rat="LTE" q="24.70" rsrp="-112" sinr="14" rsrq="-9"/>
        <radio op="I TIM" rat="LTE" q="6.50" rsrp="-112" sinr="0" rsrq="-14"/>
      </extensions>
    </trkpt>
    <trkpt lat="45.602554" lon="10.4536821">
      <ele>261.5</ele>
      <time>2026-08-29T23:43:44.351+02:00</time>
      <extensions>
        <activity type="STILL" conf="99" state="still" tsMs="1788039819335"/>
        <radio op="vodafone IT" rat="LTE" q="28.50" rsrp="-110" sinr="14" rsrq="-9"/>
        <radio op="I TIM" rat="LTE" rsrp="-112" rsrq="-14"/>
      </extensions>
    </trkpt>
    <trkpt lat="45.6025537" lon="10.4536816">
      <ele>261.5</ele>
      <time>2026-08-29T23:43:48.783+02:00</time>
      <extensions>
        <activity type="STILL" conf="99" state="still" tsMs="1788039829664"/>
        <radio op="vodafone IT" rat="LTE" q="38.40" rsrp="-109" sinr="19" rsrq="-8"/>
        <radio op="I TIM" rat="LTE" q="6.50" rsrp="-112" sinr="0" rsrq="-14"/>
      </extensions>
    </trkpt>
    <trkpt lat="45.6025528" lon="10.4536786">
      <ele>261.5</ele>
      <time>2026-08-29T23:44:26.083+02:00</time>
      <extensions>
        <activity type="STILL" conf="97" state="still" tsMs="1788039860687"/>
        <radio op="vodafone IT" rat="LTE" rsrp="-119" rsrq="-11"/>
        <radio op="I TIM" rat="LTE" rsrp="-114" rsrq="-14"/>
      </extensions>
    </trkpt>
    <trkpt lat="45.6025844" lon="10.4537169">
      <ele>261.5</ele>
      <time>2026-08-29T23:44:57.502+02:00</time>
      <extensions>
        <activity type="STILL" conf="96" state="still" tsMs="1788039893039"/>
        <radio op="vodafone IT" rat="LTE" q="8.10" rsrp="-116" sinr="4" rsrq="-10"/>
        <radio op="I TIM" rat="LTE" q="8.00" rsrp="-115" sinr="3" rsrq="-14"/>
      </extensions>
    </trkpt>
  </trkseg></trk>
</gpx>
